gap_ratio,method,detuning,current,eps_x,eps_y
1.0,FDC_L,-4.0,0.01321900678813862,1170.0,1295.0
1.0,FDC_L,-3.9897977773729276,0.013290460878885316,1177.0,1296.0
1.0,FDC_L,-3.9795955547458552,0.013290460878885316,1184.0,1296.0
1.0,FDC_L,-3.969393332118783,0.013361914969632011,1191.0,1297.0
1.0,FDC_L,-3.960648569867007,0.013433369060378706,1197.0,1298.0
1.0,FDC_L,-3.9504463472399345,0.013504823151125401,1204.0,1299.0
1.0,FDC_L,-3.940244124612862,0.013576277241872096,1211.0,1300.0
1.0,FDC_L,-3.9300419019857897,0.013647731332618792,1218.0,1301.0
1.0,FDC_L,-3.9198396793587174,0.013647731332618792,1225.0,1301.0
1.0,FDC_L,-3.909637456731645,0.013719185423365487,1232.0,1302.0
1.0,FDC_L,-3.8994352341045726,0.013790639514112184,1239.0,1303.0
1.0,FDC_L,-3.8906904718527966,0.013862093604858879,1245.0,1304.0
1.0,FDC_L,-3.880488249225724,0.013933547695605574,1252.0,1305.0
1.0,FDC_L,-3.870286026598652,0.01400500178635227,1259.0,1306.0
1.0,FDC_L,-3.8600838039715795,0.014076455877098965,1266.0,1307.0
1.0,FDC_L,-3.849881581344507,0.01414790996784566,1273.0,1308.0
1.0,FDC_L,-3.8396793587174347,0.01414790996784566,1280.0,1308.0
1.0,FDC_L,-3.8294771360903628,0.014219364058592355,1287.0,1309.0
1.0,FDC_L,-3.8192749134632904,0.01429081814933905,1294.0,1310.0
1.0,FDC_L,-3.810530151211514,0.014362272240085745,1300.0,1311.0
1.0,FDC_L,-3.8003279285844416,0.01443372633083244,1307.0,1312.0
1.0,FDC_L,-3.790125705957369,0.014505180421579136,1314.0,1313.0
1.0,FDC_L,-3.779923483330297,0.01457663451232583,1321.0,1314.0
1.0,FDC_L,-3.7697212607032244,0.014648088603072526,1328.0,1315.0
1.0,FDC_L,-3.7595190380761525,0.014719542693819221,1335.0,1316.0
1.0,FDC_L,-3.74931681544908,0.014790996784565916,1342.0,1317.0
1.0,FDC_L,-3.7405720531973037,0.014862450875312612,1348.0,1318.0
1.0,FDC_L,-3.7303698305702313,0.014933904966059307,1355.0,1319.0
1.0,FDC_L,-3.720167607943159,0.015005359056806002,1362.0,1320.0
1.0,FDC_L,-3.7099653853160866,0.015076813147552697,1369.0,1321.0
1.0,FDC_L,-3.699763162689014,0.015148267238299392,1376.0,1322.0
1.0,FDC_L,-3.6895609400619422,0.015219721329046088,1383.0,1323.0
1.0,FDC_L,-3.67935871743487,0.015291175419792783,1390.0,1324.0
1.0,FDC_L,-3.6706139551830934,0.015362629510539478,1396.0,1325.0
1.0,FDC_L,-3.660411732556021,0.015434083601286173,1403.0,1326.0
1.0,FDC_L,-3.6502095099289487,0.015505537692032868,1410.0,1327.0
1.0,FDC_L,-3.6400072873018763,0.015576991782779563,1417.0,1328.0
1.0,FDC_L,-3.6298050646748043,0.01564844587352626,1424.0,1329.0
1.0,FDC_L,-3.619602842047732,0.015719899964272956,1431.0,1330.0
1.0,FDC_L,-3.6094006194206596,0.01579135405501965,1438.0,1331.0
1.0,FDC_L,-3.600655857168883,0.015862808145766346,1444.0,1332.0
1.0,FDC_L,-3.5904536345418108,0.01593426223651304,1451.0,1333.0
1.0,FDC_L,-3.5802514119147384,0.016005716327259736,1458.0,1334.0
1.0,FDC_L,-3.5700491892876665,0.01607717041800643,1465.0,1335.0
1.0,FDC_L,-3.559846966660594,0.016148624508753127,1472.0,1336.0
1.0,FDC_L,-3.5496447440335217,0.01622007859949982,1479.0,1337.0
1.0,FDC_L,-3.5394425214064493,0.01636298678099321,1486.0,1339.0
1.0,FDC_L,-3.530697759154673,0.016434440871739908,1492.0,1340.0
1.0,FDC_L,-3.5204955365276005,0.0165058949624866,1499.0,1341.0
1.0,FDC_L,-3.5102933139005286,0.016577349053233298,1506.0,1342.0
1.0,FDC_L,-3.500091091273456,0.01664880314397999,1513.0,1343.0
1.0,FDC_L,-3.489888868646384,0.016720257234726688,1520.0,1344.0
1.0,FDC_L,-3.4796866460193114,0.01679171132547338,1527.0,1345.0
1.0,FDC_L,-3.469484423392239,0.016934619506966776,1534.0,1347.0
1.0,FDC_L,-3.4592822007651667,0.01700607359771347,1541.0,1348.0
1.0,FDC_L,-3.4505374385133907,0.017077527688460166,1547.0,1349.0
1.0,FDC_L,-3.440335215886318,0.01714898177920686,1554.0,1350.0
1.0,FDC_L,-3.430132993259246,0.017220435869953556,1561.0,1351.0
1.0,FDC_L,-3.4199307706321735,0.017363344051446947,1568.0,1353.0
1.0,FDC_L,-3.409728548005101,0.01743479814219364,1575.0,1354.0
1.0,FDC_L,-3.399526325378029,0.017506252232940337,1582.0,1355.0
1.0,FDC_L,-3.3893241027509564,0.01757770632368703,1589.0,1356.0
1.0,FDC_L,-3.38057934049918,0.017649160414433727,1595.0,1357.0
1.0,FDC_L,-3.370377117872108,0.017792068595927118,1602.0,1359.0
1.0,FDC_L,-3.3601748952450357,0.01786352268667381,1609.0,1360.0
1.0,FDC_L,-3.3499726726179633,0.017934976777420508,1616.0,1361.0
1.0,FDC_L,-3.339770449990891,0.0180778849589139,1623.0,1363.0
1.0,FDC_L,-3.3295682273638185,0.018149339049660592,1630.0,1364.0
1.0,FDC_L,-3.319366004736746,0.01822079314040729,1637.0,1365.0
1.0,FDC_L,-3.31062124248497,0.018292247231153982,1643.0,1366.0
1.0,FDC_L,-3.3004190198578978,0.018435155412647373,1650.0,1368.0
1.0,FDC_L,-3.2902167972308254,0.01850660950339407,1657.0,1369.0
1.0,FDC_L,-3.280014574603753,0.018578063594140763,1664.0,1370.0
1.0,FDC_L,-3.2698123519766806,0.018720971775634154,1671.0,1372.0
1.0,FDC_L,-3.2596101293496083,0.01879242586638085,1678.0,1373.0
1.0,FDC_L,-3.249407906722536,0.01893533404787424,1685.0,1375.0
1.0,FDC_L,-3.2406631444707594,0.019006788138620934,1691.0,1376.0
1.0,FDC_L,-3.2304609218436875,0.01907824222936763,1698.0,1377.0
1.0,FDC_L,-3.220258699216615,0.01922115041086102,1705.0,1379.0
1.0,FDC_L,-3.2100564765895427,0.01929260450160772,1712.0,1380.0
1.0,FDC_L,-3.1998542539624704,0.01943551268310111,1719.0,1382.0
1.0,FDC_L,-3.189652031335398,0.019506966773847802,1726.0,1383.0
1.0,FDC_L,-3.1794498087083256,0.0195784208645945,1733.0,1384.0
1.0,FDC_L,-3.1707050464565496,0.01972132904608789,1739.0,1386.0
1.0,FDC_L,-3.1605028238294772,0.019792783136834583,1746.0,1387.0
1.0,FDC_L,-3.150300601202405,0.019935691318327974,1753.0,1389.0
1.0,FDC_L,-3.1400983785753325,0.02000714540907467,1760.0,1390.0
1.0,FDC_L,-3.12989615594826,0.02015005359056806,1767.0,1392.0
1.0,FDC_L,-3.1196939333211877,0.020221507681314754,1774.0,1393.0
1.0,FDC_L,-3.1094917106941153,0.020364415862808145,1781.0,1395.0
1.0,FDC_L,-3.0992894880670434,0.02043586995355484,1788.0,1396.0
1.0,FDC_L,-3.090544725815267,0.020578778135048232,1794.0,1398.0
1.0,FDC_L,-3.0803425031881946,0.020721686316541622,1801.0,1400.0
1.0,FDC_L,-3.070140280561122,0.020793140407288316,1808.0,1401.0
1.0,FDC_L,-3.05993805793405,0.020936048588781706,1815.0,1403.0
1.0,FDC_L,-3.0497358353069774,0.021007502679528403,1822.0,1404.0
1.0,FDC_L,-3.0395336126799055,0.021150410861021793,1829.0,1406.0
1.0,FDC_L,-3.0293313900528327,0.021293319042515184,1836.0,1408.0
1.0,FDC_L,-3.0205866278010567,0.02136477313326188,1842.0,1409.0
1.0,FDC_L,-3.0103844051739843,0.02150768131475527,1849.0,1411.0
1.0,FDC_L,-3.000182182546912,0.02165058949624866,1856.0,1413.0
1.0,FDC_L,-2.9899799599198396,0.021722043586995355,1863.0,1414.0
1.0,FDC_L,-2.9797777372927676,0.021864951768488745,1870.0,1416.0
1.0,FDC_L,-2.9797777372927676,0.021864951768488745,1870.0,1416.0
1.0,FDC_L,-2.969575514665695,0.022007859949982136,1877.0,1418.0
1.0,FDC_L,-2.959373292038623,0.022079314040728833,1884.0,1419.0
1.0,FDC_L,-2.9506285297868464,0.022222222222222223,1890.0,1421.0
1.0,FDC_L,-2.940426307159774,0.022365130403715613,1897.0,1423.0
1.0,FDC_L,-2.9302240845327017,0.022508038585209004,1904.0,1425.0
1.0,FDC_L,-2.9200218619056297,0.022579492675955697,1911.0,1426.0
1.0,FDC_L,-2.909819639278557,0.022722400857449088,1918.0,1428.0
1.0,FDC_L,-2.899617416651485,0.022865309038942478,1925.0,1430.0
1.0,FDC_L,-2.889415194024412,0.02300821722043587,1932.0,1432.0
1.0,FDC_L,-2.880670431772636,0.02315112540192926,1938.0,1434.0
1.0,FDC_L,-2.8704682091455638,0.023294033583422653,1945.0,1436.0
1.0,FDC_L,-2.860265986518492,0.023365487674169346,1952.0,1437.0
1.0,FDC_L,-2.850063763891419,0.023508395855662736,1959.0,1439.0
1.0,FDC_L,-2.839861541264347,0.023651304037156127,1966.0,1441.0
1.0,FDC_L,-2.8296593186372743,0.023794212218649517,1973.0,1443.0
1.0,FDC_L,-2.8194570960102023,0.023937120400142908,1980.0,1445.0
1.0,FDC_L,-2.810712333758426,0.024080028581636298,1986.0,1447.0
1.0,FDC_L,-2.8005101111313535,0.02422293676312969,1993.0,1449.0
1.0,FDC_L,-2.790307888504281,0.02436584494462308,2000.0,1451.0
1.0,FDC_L,-2.780105665877209,0.02450875312611647,2007.0,1453.0
1.0,FDC_L,-2.7699034432501364,0.02465166130760986,2014.0,1455.0
1.0,FDC_L,-2.7597012206230644,0.02479456948910325,2021.0,1457.0
1.0,FDC_L,-2.749498997995992,0.02493747767059664,2028.0,1459.0
1.0,FDC_L,-2.7392967753689197,0.02508038585209003,2035.0,1461.0
1.0,FDC_L,-2.7305520131171432,0.02522329403358342,2041.0,1463.0
1.0,FDC_L,-2.7203497904900713,0.02536620221507681,2048.0,1465.0
1.0,FDC_L,-2.7101475678629985,0.0255805644873169,2055.0,1468.0
1.0,FDC_L,-2.6999453452359266,0.02572347266881029,2062.0,1470.0
1.0,FDC_L,-2.689743122608854,0.02586638085030368,2069.0,1472.0
1.0,FDC_L,-2.679540899981782,0.02600928903179707,2076.0,1474.0
1.0,FDC_L,-2.6693386773547094,0.02615219721329046,2083.0,1476.0
1.0,FDC_L,-2.6605939151029334,0.02629510539478385,2089.0,1478.0
1.0,FDC_L,-2.6503916924758606,0.026509467667023938,2096.0,1481.0
1.0,FDC_L,-2.6401894698487887,0.02665237584851733,2103.0,1483.0
1.0,FDC_L,-2.629987247221716,0.02679528403001072,2110.0,1485.0
1.0,FDC_L,-2.619785024594644,0.027009646302250803,2117.0,1488.0
1.0,FDC_L,-2.6095828019675715,0.027152554483744193,2124.0,1490.0
1.0,FDC_L,-2.599380579340499,0.027295462665237583,2131.0,1492.0
1.0,FDC_L,-2.5906358170887227,0.02750982493747767,2137.0,1495.0
1.0,FDC_L,-2.5804335944616508,0.02765273311897106,2144.0,1497.0
1.0,FDC_L,-2.570231371834578,0.02779564130046445,2151.0,1499.0
1.0,FDC_L,-2.560029149207506,0.02801000357270454,2158.0,1502.0
1.0,FDC_L,-2.5498269265804336,0.02815291175419793,2165.0,1504.0
1.0,FDC_L,-2.5396247039533613,0.028367274026438013,2172.0,1507.0
1.0,FDC_L,-2.529422481326289,0.028510182207931403,2179.0,1509.0
1.0,FDC_L,-2.520677719074513,0.02872454448017149,2185.0,1512.0
1.0,FDC_L,-2.51047549644744,0.02886745266166488,2192.0,1514.0
1.0,FDC_L,-2.500273273820368,0.029081814933904965,2199.0,1517.0
1.0,FDC_L,-2.4900710511932957,0.029224723115398355,2206.0,1519.0
1.0,FDC_L,-2.4798688285662234,0.029439085387638442,2213.0,1522.0
1.0,FDC_L,-2.469666605939151,0.02965344765987853,2220.0,1525.0
1.0,FDC_L,-2.4594643833120786,0.02979635584137192,2227.0,1527.0
1.0,FDC_L,-2.450719621060302,0.030010718113612004,2233.0,1530.0
1.0,FDC_L,-2.4405173984332302,0.03022508038585209,2240.0,1533.0
1.0,FDC_L,-2.430315175806158,0.030439442658092175,2247.0,1536.0
1.0,FDC_L,-2.4201129531790855,0.030582350839585565,2254.0,1538.0
1.0,FDC_L,-2.409910730552013,0.030796713111825653,2261.0,1541.0
1.0,FDC_L,-2.3997085079249407,0.031011075384065737,2268.0,1544.0
1.0,FDC_L,-2.389506285297869,0.031225437656305824,2275.0,1547.0
1.0,FDC_L,-2.379304062670796,0.03143979992854591,2282.0,1550.0
1.0,FDC_L,-2.37055930041902,0.03165416220078599,2288.0,1553.0
1.0,FDC_L,-2.3603570777919476,0.031797070382279385,2295.0,1555.0
1.0,FDC_L,-2.350154855164875,0.03201143265451947,2302.0,1558.0
1.0,FDC_L,-2.339952632537803,0.03222579492675956,2309.0,1561.0
1.0,FDC_L,-2.3297504099107305,0.03244015719899964,2316.0,1564.0
1.0,FDC_L,-2.319548187283658,0.03265451947123973,2323.0,1567.0
1.0,FDC_L,-2.309345964656586,0.032868881743479815,2330.0,1570.0
1.0,FDC_L,-2.3006012024048097,0.033154698106466596,2336.0,1574.0
1.0,FDC_L,-2.2903989797777373,0.03336906037870668,2343.0,1577.0
1.0,FDC_L,-2.280196757150665,0.03358342265094676,2350.0,1580.0
1.0,FDC_L,-2.2699945345235926,0.03379778492318685,2357.0,1583.0
1.0,FDC_L,-2.25979231189652,0.03401214719542694,2364.0,1586.0
1.0,FDC_L,-2.2495900892694483,0.03429796355841372,2371.0,1590.0
1.0,FDC_L,-2.2393878666423754,0.034512325830653806,2378.0,1593.0
1.0,FDC_L,-2.2306431043905994,0.03472668810289389,2384.0,1596.0
1.0,FDC_L,-2.220440881763527,0.034941050375133974,2391.0,1599.0
1.0,FDC_L,-2.2102386591364547,0.035226866738120755,2398.0,1603.0
1.0,FDC_L,-2.2000364365093823,0.03544122901036084,2405.0,1606.0
1.0,FDC_L,-2.1898342138823104,0.03572704537334762,2412.0,1610.0
1.0,FDC_L,-2.1796319912552375,0.03594140764558771,2419.0,1613.0
1.0,FDC_L,-2.1694297686281656,0.03622722400857449,2426.0,1617.0
1.0,FDC_L,-2.160685006376389,0.03644158628081458,2432.0,1620.0
1.0,FDC_L,-2.150482783749317,0.03672740264380136,2439.0,1624.0
1.0,FDC_L,-2.1402805611222444,0.036941764916041446,2446.0,1627.0
1.0,FDC_L,-2.1300783384951725,0.03722758127902823,2453.0,1631.0
1.0,FDC_L,-2.1198761158680997,0.03751339764201501,2460.0,1635.0
1.0,FDC_L,-2.1096738932410277,0.03779921400500179,2467.0,1639.0
1.0,FDC_L,-2.099471670613955,0.03801357627724187,2474.0,1642.0
1.0,FDC_L,-2.090726908362179,0.038299392640228656,2480.0,1646.0
1.0,FDC_L,-2.0805246857351065,0.03858520900321544,2487.0,1650.0
1.0,FDC_L,-2.0703224631080346,0.03887102536620222,2494.0,1654.0
1.0,FDC_L,-2.0601202404809618,0.039156841729189,2501.0,1658.0
1.0,FDC_L,-2.04991801785389,0.03944265809217578,2508.0,1662.0
1.0,FDC_L,-2.039715795226817,0.03972847445516256,2515.0,1666.0
1.0,FDC_L,-2.029513572599745,0.04001429081814934,2522.0,1670.0
1.0,FDC_L,-2.0193113499726727,0.04030010718113612,2529.0,1674.0
1.0,FDC_L,-2.0105665877208962,0.0405859235441229,2535.0,1678.0
1.0,FDC_L,-2.000364365093824,0.04087173990710968,2542.0,1682.0
1.0,FDC_L,-1.9901621424667515,0.04122901036084316,2549.0,1687.0
1.0,FDC_L,-1.9799599198396796,0.04151482672382994,2556.0,1691.0
1.0,FDC_L,-1.9697576972126072,0.04180064308681672,2563.0,1695.0
1.0,FDC_L,-1.9595554745855348,0.04215791354055019,2570.0,1700.0
1.0,FDC_L,-1.9493532519584624,0.04244372990353698,2577.0,1704.0
1.0,FDC_L,-1.940608489706686,0.04272954626652376,2583.0,1708.0
1.0,FDC_L,-1.940608489706686,0.04272954626652376,2583.0,1708.0
1.0,FDC_L,-1.9304062670796136,0.043086816720257236,2590.0,1713.0
1.0,FDC_L,-1.9202040444525412,0.04337263308324402,2597.0,1717.0
1.0,FDC_L,-1.9100018218254693,0.04372990353697749,2604.0,1722.0
1.0,FDC_L,-1.899799599198397,0.044087173990710965,2611.0,1727.0
1.0,FDC_L,-1.8895973765713245,0.044372990353697746,2618.0,1731.0
1.0,FDC_L,-1.8793951539442522,0.04473026080743123,2625.0,1736.0
1.0,FDC_L,-1.8706503916924757,0.0450875312611647,2631.0,1741.0
1.0,FDC_L,-1.8604481690654033,0.045444801714898175,2638.0,1746.0
1.0,FDC_L,-1.8502459464383314,0.045802072168631656,2645.0,1751.0
1.0,FDC_L,-1.840043723811259,0.04615934262236513,2652.0,1756.0
1.0,FDC_L,-1.8298415011841866,0.046516613076098605,2659.0,1761.0
1.0,FDC_L,-1.8196392785571143,0.046873883529832086,2666.0,1766.0
1.0,FDC_L,-1.809437055930042,0.04723115398356556,2673.0,1771.0
1.0,FDC_L,-1.8006922936782654,0.047588424437299034,2679.0,1776.0
1.0,FDC_L,-1.7904900710511935,0.04794569489103251,2686.0,1781.0
1.0,FDC_L,-1.7802878484241211,0.04837441943551268,2693.0,1787.0
1.0,FDC_L,-1.7700856257970488,0.04873168988924616,2700.0,1792.0
1.0,FDC_L,-1.7598834031699764,0.04908896034297964,2707.0,1797.0
1.0,FDC_L,-1.749681180542904,0.049517684887459806,2714.0,1803.0
1.0,FDC_L,-1.7394789579158316,0.04987495534119328,2721.0,1808.0
1.0,FDC_L,-1.7292767352887592,0.050303679885673455,2728.0,1814.0
1.0,FDC_L,-1.7205319730369832,0.05073240443015362,2734.0,1820.0
1.0,FDC_L,-1.7103297504099109,0.051089674883887104,2741.0,1825.0
1.0,FDC_L,-1.7001275277828385,0.05151839942836727,2748.0,1831.0
1.0,FDC_L,-1.689925305155766,0.051947123972847446,2755.0,1837.0
1.0,FDC_L,-1.6797230825286937,0.052375848517327614,2762.0,1843.0
1.0,FDC_L,-1.6695208599016214,0.05280457306180779,2769.0,1849.0
1.0,FDC_L,-1.659318637274549,0.05323329760628796,2776.0,1855.0
1.0,FDC_L,-1.650573875022773,0.05366202215076813,2782.0,1861.0
1.0,FDC_L,-1.6403716523957006,0.054162200785995,2789.0,1868.0
1.0,FDC_L,-1.6301694297686282,0.05459092533047517,2796.0,1874.0
1.0,FDC_L,-1.6199672071415558,0.05501964987495534,2803.0,1880.0
1.0,FDC_L,-1.6097649845144835,0.05551982851018221,2810.0,1887.0
1.0,FDC_L,-1.599562761887411,0.05594855305466238,2817.0,1893.0
1.0,FDC_L,-1.5893605392603387,0.056448731689889245,2824.0,1900.0
1.0,FDC_L,-1.5806157770085627,0.05687745623436942,2830.0,1906.0
1.0,FDC_L,-1.5704135543814903,0.05737763486959629,2837.0,1913.0
1.0,FDC_L,-1.560211331754418,0.05787781350482315,2844.0,1920.0
1.0,FDC_L,-1.5500091091273456,0.05837799214005002,2851.0,1927.0
1.0,FDC_L,-1.5398068865002732,0.058878170775276885,2858.0,1934.0
1.0,FDC_L,-1.5296046638732008,0.05937834941050375,2865.0,1941.0
1.0,FDC_L,-1.5194024412461284,0.05987852804573062,2872.0,1948.0
1.0,FDC_L,-1.5106576789943524,0.06037870668095748,2878.0,1955.0
1.0,FDC_L,-1.50045545636728,0.060950339406931044,2885.0,1963.0
1.0,FDC_L,-1.4902532337402077,0.06145051804215791,2892.0,1970.0
1.0,FDC_L,-1.4800510111131353,0.06195069667738478,2899.0,1977.0
1.0,FDC_L,-1.469848788486063,0.06252232940335835,2906.0,1985.0
1.0,FDC_L,-1.4596465658589906,0.06309396212933191,2913.0,1993.0
1.0,FDC_L,-1.4494443432319182,0.06359414076455877,2920.0,2000.0
1.0,FDC_L,-1.4406995809801422,0.06416577349053233,2926.0,2008.0
1.0,FDC_L,-1.4304973583530698,0.0647374062165059,2933.0,2016.0
1.0,FDC_L,-1.4202951357259974,0.06530903894247946,2940.0,2024.0
1.0,FDC_L,-1.410092913098925,0.06588067166845302,2947.0,2032.0
1.0,FDC_L,-1.3998906904718527,0.06652375848517328,2954.0,2041.0
1.0,FDC_L,-1.3896884678447803,0.06709539121114684,2961.0,2049.0
1.0,FDC_L,-1.3794862452177084,0.0676670239371204,2968.0,2057.0
1.0,FDC_L,-1.369284022590636,0.06831011075384066,2975.0,2066.0
1.0,FDC_L,-1.3605392603388595,0.06895319757056091,2981.0,2075.0
1.0,FDC_L,-1.3503370377117871,0.06952483029653447,2988.0,2083.0
1.0,FDC_L,-1.3401348150847148,0.07016791711325474,2995.0,2092.0
1.0,FDC_L,-1.3299325924576424,0.070811003929975,3002.0,2101.0
1.0,FDC_L,-1.31973036983057,0.07145409074669525,3009.0,2110.0
1.0,FDC_L,-1.309528147203498,0.07216863165416221,3016.0,2120.0
1.0,FDC_L,-1.2993259245764257,0.07281171847088246,3023.0,2129.0
1.0,FDC_L,-1.2905811623246493,0.07345480528760272,3029.0,2138.0
1.0,FDC_L,-1.2803789396975769,0.07416934619506967,3036.0,2148.0
1.0,FDC_L,-1.2701767170705045,0.07488388710253661,3043.0,2158.0
1.0,FDC_L,-1.2599744944434321,0.07552697391925688,3050.0,2167.0
1.0,FDC_L,-1.2497722718163602,0.07624151482672382,3057.0,2177.0
1.0,FDC_L,-1.2395700491892878,0.07695605573419079,3064.0,2187.0
1.0,FDC_L,-1.2293678265622154,0.07767059664165774,3071.0,2197.0
1.0,FDC_L,-1.220623064310439,0.07845659163987138,3077.0,2208.0
1.0,FDC_L,-1.2104208416833666,0.07917113254733833,3084.0,2218.0
1.0,FDC_L,-1.2002186190562942,0.07995712754555198,3091.0,2229.0
1.0,FDC_L,-1.1900163964292223,0.08067166845301893,3098.0,2239.0
1.0,FDC_L,-1.17981417380215,0.08145766345123258,3105.0,2250.0
1.0,FDC_L,-1.1696119511750775,0.08224365844944623,3112.0,2261.0
1.0,FDC_L,-1.1594097285480052,0.08302965344765988,3119.0,2272.0
1.0,FDC_L,-1.1506649662962287,0.08381564844587353,3125.0,2283.0
1.0,FDC_L,-1.1404627436691563,0.08467309753483387,3132.0,2295.0
1.0,FDC_L,-1.130260521042084,0.08545909253304752,3139.0,2306.0
1.0,FDC_L,-1.120058298415012,0.08631654162200786,3146.0,2318.0
1.0,FDC_L,-1.1098560757879397,0.08717399071096821,3153.0,2330.0
1.0,FDC_L,-1.0996538531608673,0.08803143979992854,3160.0,2342.0
1.0,FDC_L,-1.089451630533795,0.08888888888888889,3167.0,2354.0
1.0,FDC_L,-1.0807068682820185,0.08974633797784923,3173.0,2366.0
1.0,FDC_L,-1.070504645654946,0.09060378706680958,3180.0,2378.0
1.0,FDC_L,-1.0603024230278741,0.09153269024651661,3187.0,2391.0
1.0,FDC_L,-1.0501002004008018,0.09246159342622365,3194.0,2404.0
1.0,FDC_L,-1.0398979777737294,0.093319042515184,3201.0,2416.0
1.0,FDC_L,-1.029695755146657,0.09431939978563773,3208.0,2430.0
1.0,FDC_L,-1.0194935325195846,0.09524830296534477,3215.0,2443.0
1.0,FDC_L,-1.0092913098925123,0.0961772061450518,3222.0,2456.0
1.0,FDC_L,-1.0005465476407358,0.09717756341550554,3228.0,2470.0
1.0,FDC_L,-0.9903443250136639,0.09810646659521258,3235.0,2483.0
1.0,FDC_L,-0.9801421023865915,0.09910682386566631,3242.0,2497.0
1.0,FDC_L,-0.9699398797595191,0.10010718113612005,3249.0,2511.0
1.0,FDC_L,-0.9597376571324467,0.10110753840657377,3256.0,2525.0
1.0,FDC_L,-0.9495354345053744,0.10217934976777421,3263.0,2540.0
1.0,FDC_L,-0.939333211878302,0.10317970703822794,3270.0,2554.0
1.0,FDC_L,-0.930588449626526,0.10425151839942837,3276.0,2569.0
1.0,FDC_L,-0.9203862269994536,0.10532332976062879,3283.0,2584.0
1.0,FDC_L,-0.9101840043723812,0.10639514112182923,3290.0,2599.0
1.0,FDC_L,-0.8999817817453089,0.10746695248302965,3297.0,2614.0
1.0,FDC_L,-0.8999817817453089,0.10746695248302965,3297.0,2614.0
1.0,FDC_L,-0.8897795591182365,0.10853876384423009,3304.0,2629.0
1.0,FDC_L,-0.8795773364911641,0.10968202929617721,3311.0,2645.0
1.0,FDC_L,-0.8693751138640917,0.11082529474812433,3318.0,2661.0
1.0,FDC_L,-0.8606303516123157,0.11196856020007145,3324.0,2677.0
1.0,FDC_L,-0.8504281289852433,0.11311182565201858,3331.0,2693.0
1.0,FDC_L,-0.840225906358171,0.1142550911039657,3338.0,2709.0
1.0,FDC_L,-0.8300236837310986,0.11546981064665952,3345.0,2726.0
1.0,FDC_L,-0.8198214611040262,0.11661307609860665,3352.0,2742.0
1.0,FDC_L,-0.8096192384769538,0.11782779564130047,3359.0,2759.0
1.0,FDC_L,-0.7994170158498815,0.11904251518399428,3366.0,2776.0
1.0,FDC_L,-0.7906722535981054,0.1202572347266881,3372.0,2793.0
1.0,FDC_L,-0.7804700309710331,0.12154340836012861,3379.0,2811.0
1.0,FDC_L,-0.7702678083439607,0.12275812790282244,3386.0,2828.0
1.0,FDC_L,-0.7600655857168883,0.12404430153626295,3393.0,2846.0
1.0,FDC_L,-0.7498633630898159,0.12533047516970347,3400.0,2864.0
1.0,FDC_L,-0.7396611404627436,0.12661664880314397,3407.0,2882.0
1.0,FDC_L,-0.7294589178356712,0.12797427652733118,3414.0,2901.0
1.0,FDC_L,-0.7207141555838952,0.1292604501607717,3420.0,2919.0
1.0,FDC_L,-0.7105119329568228,0.1306180778849589,3427.0,2938.0
1.0,FDC_L,-0.7003097103297504,0.13197570560914612,3434.0,2957.0
1.0,FDC_L,-0.690107487702678,0.13333333333333333,3441.0,2976.0
1.0,FDC_L,-0.6799052650756057,0.13469096105752054,3448.0,2995.0
1.0,FDC_L,-0.6697030424485333,0.13604858878170775,3455.0,3014.0
1.0,FDC_L,-0.6595008198214609,0.13747767059664165,3462.0,3034.0
1.0,FDC_L,-0.649298597194389,0.13890675241157557,3469.0,3054.0
1.0,FDC_L,-0.6405538349426125,0.14033583422650947,3475.0,3074.0
1.0,FDC_L,-0.6303516123155402,0.14176491604144337,3482.0,3094.0
1.0,FDC_L,-0.6201493896884678,0.14319399785637726,3489.0,3114.0
1.0,FDC_L,-0.6099471670613954,0.1446230796713112,3496.0,3134.0
1.0,FDC_L,-0.599744944434323,0.14612361557699177,3503.0,3155.0
1.0,FDC_L,-0.5895427218072506,0.1475526973919257,3510.0,3175.0
1.0,FDC_L,-0.5793404991801787,0.14905323329760628,3517.0,3196.0
1.0,FDC_L,-0.5705957369284023,0.1505537692032869,3523.0,3217.0
1.0,FDC_L,-0.5603935143013299,0.15205430510896747,3530.0,3238.0
1.0,FDC_L,-0.5501912916742575,0.15355484101464809,3537.0,3259.0
1.0,FDC_L,-0.5399890690471851,0.1550553769203287,3544.0,3280.0
1.0,FDC_L,-0.5297868464201128,0.15655591282600928,3551.0,3301.0
1.0,FDC_L,-0.5195846237930408,0.1580564487316899,3558.0,3322.0
1.0,FDC_L,-0.5093824011659684,0.1596284387281172,3565.0,3344.0
1.0,FDC_L,-0.500637638914192,0.16112897463379777,3571.0,3365.0
1.0,FDC_L,-0.4904354162871196,0.16270096463022507,3578.0,3387.0
1.0,FDC_L,-0.48023319366004724,0.16420150053590568,3585.0,3408.0
1.0,FDC_L,-0.47003097103297486,0.16577349053233298,3592.0,3430.0
1.0,FDC_L,-0.45982874840590293,0.1672740264380136,3599.0,3451.0
1.0,FDC_L,-0.44962652577883055,0.16884601643444086,3606.0,3473.0
1.0,FDC_L,-0.4394243031517582,0.17034655234012147,3613.0,3494.0
1.0,FDC_L,-0.4306795408999817,0.17191854233654877,3619.0,3516.0
1.0,FDC_L,-0.42047731827290935,0.17341907824222938,3626.0,3537.0
1.0,FDC_L,-0.410275095645837,0.17499106823865665,3633.0,3559.0
1.0,FDC_L,-0.4000728730187646,0.17649160414433726,3640.0,3580.0
1.0,FDC_L,-0.38987065039169266,0.17799214005001787,3647.0,3601.0
1.0,FDC_L,-0.3796684277646203,0.17949267595569846,3654.0,3622.0
1.0,FDC_L,-0.3694662051375479,0.18099321186137907,3661.0,3643.0
1.0,FDC_L,-0.36072144288577146,0.18249374776705968,3667.0,3664.0
1.0,FDC_L,-0.3505192202586991,0.18392282958199357,3674.0,3684.0
1.0,FDC_L,-0.3403169976316267,0.18542336548767416,3681.0,3705.0
1.0,FDC_L,-0.3301147750045548,0.18685244730260808,3688.0,3725.0
1.0,FDC_L,-0.3199125523774824,0.18828152911754198,3695.0,3745.0
1.0,FDC_L,-0.30971032975041,0.18971061093247588,3702.0,3765.0
1.0,FDC_L,-0.29950810712333764,0.1910682386566631,3709.0,3784.0
1.0,FDC_L,-0.28930588449626526,0.1924258663808503,3716.0,3803.0
1.0,FDC_L,-0.2805611222444888,0.1937834941050375,3722.0,3822.0
1.0,FDC_L,-0.27035889961741644,0.19506966773847803,3729.0,3840.0
1.0,FDC_L,-0.2601566769903445,0.19635584137191855,3736.0,3858.0
1.0,FDC_L,-0.24995445436327213,0.19764201500535905,3743.0,3876.0
1.0,FDC_L,-0.23975223173619975,0.1988567345480529,3750.0,3893.0
1.0,FDC_L,-0.22955000910912737,0.2000714540907467,3757.0,3910.0
1.0,FDC_L,-0.219347786482055,0.20121471954269382,3764.0,3926.0
1.0,FDC_L,-0.21060302423027855,0.20228653090389426,3770.0,3941.0
1.0,FDC_L,-0.2004008016032066,0.20342979635584138,3777.0,3957.0
1.0,FDC_L,-0.19019857897613424,0.2044301536262951,3784.0,3971.0
1.0,FDC_L,-0.17999635634906186,0.20543051089674885,3791.0,3985.0
1.0,FDC_L,-0.16979413372198948,0.20643086816720257,3798.0,3999.0
1.0,FDC_L,-0.1595919110949171,0.20728831725616292,3805.0,4011.0
1.0,FDC_L,-0.14938968846784473,0.20814576634512325,3812.0,4023.0
1.0,FDC_L,-0.14064492621606872,0.2090032154340836,3818.0,4035.0
1.0,FDC_L,-0.13044270358899634,0.20978921043229726,3825.0,4046.0
1.0,FDC_L,-0.12024048096192397,0.2105037513397642,3832.0,4056.0
1.0,FDC_L,-0.11003825833485159,0.21114683815648447,3839.0,4065.0
1.0,FDC_L,-0.09983603570777921,0.21178992497320473,3846.0,4074.0
1.0,FDC_L,-0.08963381308070684,0.2122901036084316,3853.0,4081.0
1.0,FDC_L,-0.07943159045363446,0.21279028224365845,3860.0,4088.0
1.0,FDC_L,-0.07068682820185845,0.2132904608788853,3866.0,4095.0
1.0,FDC_L,-0.06048460557478608,0.2136477313326188,3873.0,4100.0
1.0,FDC_L,-0.0502823829477137,0.21400500178635226,3880.0,4105.0
1.0,FDC_L,-0.04008016032064132,0.21421936405859235,3887.0,4108.0
1.0,FDC_L,-0.029877937693568946,0.21443372633083244,3894.0,4111.0
1.0,FDC_L,-0.01967571506649657,0.21464808860307252,3901.0,4114.0
1.0,FDC_L,-0.009473492439424192,0.2147195426938192,3908.0,4115.0
1.0,FDC_L,0.0007287301876477414,0.2147195426938192,3915.0,4115.0
1.0,DC_L,4.0,0.01321900678813862,6659.0,1295.0
1.0,DC_L,3.989797777372928,0.013290460878885316,6652.0,1296.0
1.0,DC_L,3.9795955547458552,0.013290460878885316,6645.0,1296.0
1.0,DC_L,3.9693933321187833,0.013361914969632011,6638.0,1297.0
1.0,DC_L,3.960648569867007,0.013433369060378706,6632.0,1298.0
1.0,DC_L,3.950446347239934,0.013504823151125401,6625.0,1299.0
1.0,DC_L,3.940244124612862,0.013576277241872096,6618.0,1300.0
1.0,DC_L,3.93004190198579,0.013647731332618792,6611.0,1301.0
1.0,DC_L,3.9198396793587174,0.013647731332618792,6604.0,1301.0
1.0,DC_L,3.9096374567316454,0.013719185423365487,6597.0,1302.0
1.0,DC_L,3.8994352341045726,0.013790639514112184,6590.0,1303.0
1.0,DC_L,3.890690471852796,0.013862093604858879,6584.0,1304.0
1.0,DC_L,3.880488249225724,0.013933547695605574,6577.0,1305.0
1.0,DC_L,3.8702860265986523,0.01400500178635227,6570.0,1306.0
1.0,DC_L,3.8600838039715795,0.014076455877098965,6563.0,1307.0
1.0,DC_L,3.8498815813445075,0.01414790996784566,6556.0,1308.0
1.0,DC_L,3.8396793587174347,0.01414790996784566,6549.0,1308.0
1.0,DC_L,3.8294771360903628,0.014219364058592355,6542.0,1309.0
1.0,DC_L,3.81927491346329,0.01429081814933905,6535.0,1310.0
1.0,DC_L,3.8105301512115135,0.014362272240085745,6529.0,1311.0
1.0,DC_L,3.8003279285844416,0.01443372633083244,6522.0,1312.0
1.0,DC_L,3.7901257059573696,0.014505180421579136,6515.0,1313.0
1.0,DC_L,3.779923483330297,0.01457663451232583,6508.0,1314.0
1.0,DC_L,3.769721260703225,0.014648088603072526,6501.0,1315.0
1.0,DC_L,3.759519038076152,0.014719542693819221,6494.0,1316.0
1.0,DC_L,3.74931681544908,0.014790996784565916,6487.0,1317.0
1.0,DC_L,3.7405720531973037,0.014862450875312612,6481.0,1318.0
1.0,DC_L,3.7303698305702317,0.014933904966059307,6474.0,1319.0
1.0,DC_L,3.720167607943159,0.015005359056806002,6467.0,1320.0
1.0,DC_L,3.709965385316087,0.015076813147552697,6460.0,1321.0
1.0,DC_L,3.699763162689014,0.015148267238299392,6453.0,1322.0
1.0,DC_L,3.6895609400619422,0.015219721329046088,6446.0,1323.0
1.0,DC_L,3.6793587174348694,0.015291175419792783,6439.0,1324.0
1.0,DC_L,3.670613955183094,0.015362629510539478,6433.0,1325.0
1.0,DC_L,3.660411732556021,0.015434083601286173,6426.0,1326.0
1.0,DC_L,3.650209509928949,0.015505537692032868,6419.0,1327.0
1.0,DC_L,3.6400072873018763,0.015576991782779563,6412.0,1328.0
1.0,DC_L,3.6298050646748043,0.01564844587352626,6405.0,1329.0
1.0,DC_L,3.6196028420477315,0.015719899964272956,6398.0,1330.0
1.0,DC_L,3.6094006194206596,0.01579135405501965,6391.0,1331.0
1.0,DC_L,3.600655857168883,0.015862808145766346,6385.0,1332.0
1.0,DC_L,3.590453634541811,0.01593426223651304,6378.0,1333.0
1.0,DC_L,3.5802514119147384,0.016005716327259736,6371.0,1334.0
1.0,DC_L,3.5700491892876665,0.01607717041800643,6364.0,1335.0
1.0,DC_L,3.5598469666605936,0.016148624508753127,6357.0,1336.0
1.0,DC_L,3.5496447440335217,0.01622007859949982,6350.0,1337.0
1.0,DC_L,3.539442521406449,0.01636298678099321,6343.0,1339.0
1.0,DC_L,3.5306977591546733,0.016434440871739908,6337.0,1340.0
1.0,DC_L,3.5204955365276005,0.0165058949624866,6330.0,1341.0
1.0,DC_L,3.5102933139005286,0.016577349053233298,6323.0,1342.0
1.0,DC_L,3.5000910912734557,0.01664880314397999,6316.0,1343.0
1.0,DC_L,3.489888868646384,0.016720257234726688,6309.0,1344.0
1.0,DC_L,3.479686646019311,0.01679171132547338,6302.0,1345.0
1.0,DC_L,3.469484423392239,0.016934619506966776,6295.0,1347.0
1.0,DC_L,3.459282200765167,0.01700607359771347,6288.0,1348.0
1.0,DC_L,3.4505374385133907,0.017077527688460166,6282.0,1349.0
1.0,DC_L,3.440335215886318,0.01714898177920686,6275.0,1350.0
1.0,DC_L,3.430132993259246,0.017220435869953556,6268.0,1351.0
1.0,DC_L,3.419930770632173,0.017363344051446947,6261.0,1353.0
1.0,DC_L,3.409728548005101,0.01743479814219364,6254.0,1354.0
1.0,DC_L,3.3995263253780283,0.017506252232940337,6247.0,1355.0
1.0,DC_L,3.3893241027509564,0.01757770632368703,6240.0,1356.0
1.0,DC_L,3.38057934049918,0.017649160414433727,6234.0,1357.0
1.0,DC_L,3.370377117872108,0.017792068595927118,6227.0,1359.0
1.0,DC_L,3.360174895245035,0.01786352268667381,6220.0,1360.0
1.0,DC_L,3.3499726726179633,0.017934976777420508,6213.0,1361.0
1.0,DC_L,3.3397704499908905,0.0180778849589139,6206.0,1363.0
1.0,DC_L,3.3295682273638185,0.018149339049660592,6199.0,1364.0
1.0,DC_L,3.3193660047367466,0.01822079314040729,6192.0,1365.0
1.0,DC_L,3.31062124248497,0.018292247231153982,6186.0,1366.0
1.0,DC_L,3.3004190198578973,0.018435155412647373,6179.0,1368.0
1.0,DC_L,3.2902167972308254,0.01850660950339407,6172.0,1369.0
1.0,DC_L,3.2800145746037526,0.018578063594140763,6165.0,1370.0
1.0,DC_L,3.2698123519766806,0.018720971775634154,6158.0,1372.0
1.0,DC_L,3.2596101293496087,0.01879242586638085,6151.0,1373.0
1.0,DC_L,3.249407906722536,0.01893533404787424,6144.0,1375.0
1.0,DC_L,3.2406631444707594,0.019006788138620934,6138.0,1376.0
1.0,DC_L,3.2304609218436875,0.01907824222936763,6131.0,1377.0
1.0,DC_L,3.2202586992166147,0.01922115041086102,6124.0,1379.0
1.0,DC_L,3.2100564765895427,0.01929260450160772,6117.0,1380.0
1.0,DC_L,3.199854253962471,0.01943551268310111,6110.0,1382.0
1.0,DC_L,3.189652031335398,0.019506966773847802,6103.0,1383.0
1.0,DC_L,3.179449808708326,0.0195784208645945,6096.0,1384.0
1.0,DC_L,3.1707050464565496,0.01972132904608789,6090.0,1386.0
1.0,DC_L,3.160502823829477,0.019792783136834583,6083.0,1387.0
1.0,DC_L,3.150300601202405,0.019935691318327974,6076.0,1389.0
1.0,DC_L,3.140098378575333,0.02000714540907467,6069.0,1390.0
1.0,DC_L,3.12989615594826,0.02015005359056806,6062.0,1392.0
1.0,DC_L,3.119693933321188,0.020221507681314754,6055.0,1393.0
1.0,DC_L,3.1094917106941153,0.020364415862808145,6048.0,1395.0
1.0,DC_L,3.0992894880670434,0.02043586995355484,6041.0,1396.0
1.0,DC_L,3.090544725815267,0.020578778135048232,6035.0,1398.0
1.0,DC_L,3.080342503188194,0.020721686316541622,6028.0,1400.0
1.0,DC_L,3.070140280561122,0.020793140407288316,6021.0,1401.0
1.0,DC_L,3.0599380579340503,0.020936048588781706,6014.0,1403.0
1.0,DC_L,3.0497358353069774,0.021007502679528403,6007.0,1404.0
1.0,DC_L,3.0395336126799055,0.021150410861021793,6000.0,1406.0
1.0,DC_L,3.0293313900528327,0.021293319042515184,5993.0,1408.0
1.0,DC_L,3.0205866278010562,0.02136477313326188,5987.0,1409.0
1.0,DC_L,3.0103844051739843,0.02150768131475527,5980.0,1411.0
1.0,DC_L,3.0001821825469124,0.02165058949624866,5973.0,1413.0
1.0,DC_L,2.9899799599198396,0.021722043586995355,5966.0,1414.0
1.0,DC_L,2.9797777372927676,0.021864951768488745,5959.0,1416.0
1.0,DC_L,2.969575514665695,0.022007859949982136,5952.0,1418.0
1.0,DC_L,2.959373292038623,0.022079314040728833,5945.0,1419.0
1.0,DC_L,2.959373292038623,0.022079314040728833,5945.0,1419.0
1.0,DC_L,2.9506285297868464,0.022222222222222223,5939.0,1421.0
1.0,DC_L,2.9404263071597745,0.022365130403715613,5932.0,1423.0
1.0,DC_L,2.9302240845327017,0.022508038585209004,5925.0,1425.0
1.0,DC_L,2.9200218619056297,0.022579492675955697,5918.0,1426.0
1.0,DC_L,2.909819639278557,0.022722400857449088,5911.0,1428.0
1.0,DC_L,2.899617416651485,0.022865309038942478,5904.0,1430.0
1.0,DC_L,2.889415194024412,0.02300821722043587,5897.0,1432.0
1.0,DC_L,2.8806704317726366,0.02315112540192926,5891.0,1434.0
1.0,DC_L,2.8704682091455638,0.023294033583422653,5884.0,1436.0
1.0,DC_L,2.860265986518492,0.023365487674169346,5877.0,1437.0
1.0,DC_L,2.850063763891419,0.023508395855662736,5870.0,1439.0
1.0,DC_L,2.839861541264347,0.023651304037156127,5863.0,1441.0
1.0,DC_L,2.8296593186372743,0.023794212218649517,5856.0,1443.0
1.0,DC_L,2.8194570960102023,0.023937120400142908,5849.0,1445.0
1.0,DC_L,2.810712333758426,0.024080028581636298,5843.0,1447.0
1.0,DC_L,2.800510111131354,0.02422293676312969,5836.0,1449.0
1.0,DC_L,2.790307888504281,0.02436584494462308,5829.0,1451.0
1.0,DC_L,2.780105665877209,0.02450875312611647,5822.0,1453.0
1.0,DC_L,2.7699034432501364,0.02465166130760986,5815.0,1455.0
1.0,DC_L,2.7597012206230644,0.02479456948910325,5808.0,1457.0
1.0,DC_L,2.7494989979959916,0.02493747767059664,5801.0,1459.0
1.0,DC_L,2.7392967753689197,0.02508038585209003,5794.0,1461.0
1.0,DC_L,2.7305520131171432,0.02522329403358342,5788.0,1463.0
1.0,DC_L,2.7203497904900713,0.02536620221507681,5781.0,1465.0
1.0,DC_L,2.7101475678629985,0.0255805644873169,5774.0,1468.0
1.0,DC_L,2.6999453452359266,0.02572347266881029,5767.0,1470.0
1.0,DC_L,2.6897431226088537,0.02586638085030368,5760.0,1472.0
1.0,DC_L,2.679540899981782,0.02600928903179707,5753.0,1474.0
1.0,DC_L,2.669338677354709,0.02615219721329046,5746.0,1476.0
1.0,DC_L,2.6605939151029334,0.02629510539478385,5740.0,1478.0
1.0,DC_L,2.6503916924758606,0.026509467667023938,5733.0,1481.0
1.0,DC_L,2.6401894698487887,0.02665237584851733,5726.0,1483.0
1.0,DC_L,2.629987247221716,0.02679528403001072,5719.0,1485.0
1.0,DC_L,2.619785024594644,0.027009646302250803,5712.0,1488.0
1.0,DC_L,2.609582801967571,0.027152554483744193,5705.0,1490.0
1.0,DC_L,2.599380579340499,0.027295462665237583,5698.0,1492.0
1.0,DC_L,2.5906358170887227,0.02750982493747767,5692.0,1495.0
1.0,DC_L,2.5804335944616508,0.02765273311897106,5685.0,1497.0
1.0,DC_L,2.570231371834578,0.02779564130046445,5678.0,1499.0
1.0,DC_L,2.560029149207506,0.02801000357270454,5671.0,1502.0
1.0,DC_L,2.549826926580433,0.02815291175419793,5664.0,1504.0
1.0,DC_L,2.5396247039533613,0.028367274026438013,5657.0,1507.0
1.0,DC_L,2.5294224813262893,0.028510182207931403,5650.0,1509.0
1.0,DC_L,2.520677719074513,0.02872454448017149,5644.0,1512.0
1.0,DC_L,2.51047549644744,0.02886745266166488,5637.0,1514.0
1.0,DC_L,2.500273273820368,0.029081814933904965,5630.0,1517.0
1.0,DC_L,2.4900710511932953,0.029296177206145052,5623.0,1520.0
1.0,DC_L,2.4798688285662234,0.029439085387638442,5616.0,1522.0
1.0,DC_L,2.4696666059391514,0.02965344765987853,5609.0,1525.0
1.0,DC_L,2.4594643833120786,0.02979635584137192,5602.0,1527.0
1.0,DC_L,2.450719621060302,0.030010718113612004,5596.0,1530.0
1.0,DC_L,2.4405173984332302,0.03022508038585209,5589.0,1533.0
1.0,DC_L,2.4303151758061574,0.030439442658092175,5582.0,1536.0
1.0,DC_L,2.4201129531790855,0.030582350839585565,5575.0,1538.0
1.0,DC_L,2.4099107305520135,0.030796713111825653,5568.0,1541.0
1.0,DC_L,2.3997085079249407,0.031011075384065737,5561.0,1544.0
1.0,DC_L,2.389506285297869,0.031225437656305824,5554.0,1547.0
1.0,DC_L,2.379304062670796,0.03143979992854591,5547.0,1550.0
1.0,DC_L,2.3705593004190195,0.03165416220078599,5541.0,1553.0
1.0,DC_L,2.3603570777919476,0.031797070382279385,5534.0,1555.0
1.0,DC_L,2.3501548551648748,0.03201143265451947,5527.0,1558.0
1.0,DC_L,2.339952632537803,0.03222579492675956,5520.0,1561.0
1.0,DC_L,2.329750409910731,0.03244015719899964,5513.0,1564.0
1.0,DC_L,2.319548187283658,0.03265451947123973,5506.0,1567.0
1.0,DC_L,2.309345964656586,0.03294033583422651,5499.0,1571.0
1.0,DC_L,2.3006012024048097,0.033154698106466596,5493.0,1574.0
1.0,DC_L,2.290398979777737,0.03336906037870668,5486.0,1577.0
1.0,DC_L,2.280196757150665,0.03358342265094676,5479.0,1580.0
1.0,DC_L,2.269994534523593,0.03379778492318685,5472.0,1583.0
1.0,DC_L,2.25979231189652,0.03401214719542694,5465.0,1586.0
1.0,DC_L,2.2495900892694483,0.03429796355841372,5458.0,1590.0
1.0,DC_L,2.2393878666423754,0.034512325830653806,5451.0,1593.0
1.0,DC_L,2.230643104390599,0.03472668810289389,5445.0,1596.0
1.0,DC_L,2.220440881763527,0.034941050375133974,5438.0,1599.0
1.0,DC_L,2.210238659136455,0.035226866738120755,5431.0,1603.0
1.0,DC_L,2.2000364365093823,0.03544122901036084,5424.0,1606.0
1.0,DC_L,2.1898342138823104,0.03572704537334762,5417.0,1610.0
1.0,DC_L,2.1796319912552375,0.03594140764558771,5410.0,1613.0
1.0,DC_L,2.1694297686281656,0.03622722400857449,5403.0,1617.0
1.0,DC_L,2.160685006376389,0.03644158628081458,5397.0,1620.0
1.0,DC_L,2.1504827837493172,0.03672740264380136,5390.0,1624.0
1.0,DC_L,2.1402805611222444,0.03701321900678814,5383.0,1628.0
1.0,DC_L,2.1300783384951725,0.03722758127902823,5376.0,1631.0
1.0,DC_L,2.1198761158680997,0.03751339764201501,5369.0,1635.0
1.0,DC_L,2.1096738932410277,0.03779921400500179,5362.0,1639.0
1.0,DC_L,2.099471670613955,0.03801357627724187,5355.0,1642.0
1.0,DC_L,2.0907269083621793,0.038299392640228656,5349.0,1646.0
1.0,DC_L,2.0805246857351065,0.03858520900321544,5342.0,1650.0
1.0,DC_L,2.0703224631080346,0.03887102536620222,5335.0,1654.0
1.0,DC_L,2.0601202404809618,0.039156841729189,5328.0,1658.0
1.0,DC_L,2.04991801785389,0.03944265809217578,5321.0,1662.0
1.0,DC_L,2.039715795226817,0.03972847445516256,5314.0,1666.0
1.0,DC_L,2.029513572599745,0.04001429081814934,5307.0,1670.0
1.0,DC_L,2.0193113499726723,0.04030010718113612,5300.0,1674.0
1.0,DC_L,2.0105665877208967,0.0405859235441229,5294.0,1678.0
1.0,DC_L,2.000364365093824,0.04087173990710968,5287.0,1682.0
1.0,DC_L,1.990162142466752,0.04122901036084316,5280.0,1687.0
1.0,DC_L,1.9799599198396791,0.04151482672382994,5273.0,1691.0
1.0,DC_L,1.9697576972126072,0.04180064308681672,5266.0,1695.0
1.0,DC_L,1.9595554745855344,0.04215791354055019,5259.0,1700.0
1.0,DC_L,1.9493532519584624,0.04244372990353698,5252.0,1704.0
1.0,DC_L,1.940608489706686,0.04272954626652376,5246.0,1708.0
1.0,DC_L,1.930406267079614,0.043086816720257236,5239.0,1713.0
1.0,DC_L,1.9202040444525412,0.04337263308324402,5232.0,1717.0
1.0,DC_L,1.9202040444525412,0.04337263308324402,5232.0,1717.0
1.0,DC_L,1.9100018218254693,0.04372990353697749,5225.0,1722.0
1.0,DC_L,1.8997995991983965,0.044087173990710965,5218.0,1727.0
1.0,DC_L,1.8895973765713245,0.044372990353697746,5211.0,1731.0
1.0,DC_L,1.8793951539442517,0.04473026080743123,5204.0,1736.0
1.0,DC_L,1.8706503916924762,0.0450875312611647,5198.0,1741.0
1.0,DC_L,1.8604481690654033,0.045444801714898175,5191.0,1746.0
1.0,DC_L,1.8502459464383314,0.045802072168631656,5184.0,1751.0
1.0,DC_L,1.8400437238112586,0.04615934262236513,5177.0,1756.0
1.0,DC_L,1.8298415011841866,0.046516613076098605,5170.0,1761.0
1.0,DC_L,1.8196392785571138,0.046873883529832086,5163.0,1766.0
1.0,DC_L,1.809437055930042,0.04723115398356556,5156.0,1771.0
1.0,DC_L,1.8006922936782654,0.047588424437299034,5150.0,1776.0
1.0,DC_L,1.7904900710511935,0.04794569489103251,5143.0,1781.0
1.0,DC_L,1.7802878484241207,0.04837441943551268,5136.0,1787.0
1.0,DC_L,1.7700856257970488,0.04873168988924616,5129.0,1792.0
1.0,DC_L,1.759883403169976,0.04908896034297964,5122.0,1797.0
1.0,DC_L,1.749681180542904,0.049517684887459806,5115.0,1803.0
1.0,DC_L,1.739478957915832,0.04994640943193998,5108.0,1809.0
1.0,DC_L,1.7292767352887592,0.050303679885673455,5101.0,1814.0
1.0,DC_L,1.7205319730369828,0.05073240443015362,5095.0,1820.0
1.0,DC_L,1.7103297504099109,0.0511611289746338,5088.0,1826.0
1.0,DC_L,1.700127527782838,0.05151839942836727,5081.0,1831.0
1.0,DC_L,1.689925305155766,0.051947123972847446,5074.0,1837.0
1.0,DC_L,1.6797230825286942,0.052375848517327614,5067.0,1843.0
1.0,DC_L,1.6695208599016214,0.05280457306180779,5060.0,1849.0
1.0,DC_L,1.6593186372745494,0.05323329760628796,5053.0,1855.0
1.0,DC_L,1.650573875022773,0.05366202215076813,5047.0,1861.0
1.0,DC_L,1.6403716523957002,0.054162200785995,5040.0,1868.0
1.0,DC_L,1.6301694297686282,0.05459092533047517,5033.0,1874.0
1.0,DC_L,1.6199672071415554,0.05501964987495534,5026.0,1880.0
1.0,DC_L,1.6097649845144835,0.05551982851018221,5019.0,1887.0
1.0,DC_L,1.5995627618874115,0.05594855305466238,5012.0,1893.0
1.0,DC_L,1.5893605392603387,0.056448731689889245,5005.0,1900.0
1.0,DC_L,1.5806157770085623,0.05687745623436942,4999.0,1906.0
1.0,DC_L,1.5704135543814903,0.05737763486959629,4992.0,1913.0
1.0,DC_L,1.5602113317544175,0.05787781350482315,4985.0,1920.0
1.0,DC_L,1.5500091091273456,0.05837799214005002,4978.0,1927.0
1.0,DC_L,1.5398068865002736,0.058878170775276885,4971.0,1934.0
1.0,DC_L,1.5296046638732008,0.05937834941050375,4964.0,1941.0
1.0,DC_L,1.5194024412461289,0.05987852804573062,4957.0,1948.0
1.0,DC_L,1.5106576789943524,0.06037870668095748,4951.0,1955.0
1.0,DC_L,1.5004554563672796,0.060950339406931044,4944.0,1963.0
1.0,DC_L,1.4902532337402077,0.06145051804215791,4937.0,1970.0
1.0,DC_L,1.4800510111131358,0.06195069667738478,4930.0,1977.0
1.0,DC_L,1.469848788486063,0.06252232940335835,4923.0,1985.0
1.0,DC_L,1.459646565858991,0.06309396212933191,4916.0,1993.0
1.0,DC_L,1.4494443432319182,0.06359414076455877,4909.0,2000.0
1.0,DC_L,1.4406995809801417,0.06416577349053233,4903.0,2008.0
1.0,DC_L,1.4304973583530698,0.0647374062165059,4896.0,2016.0
1.0,DC_L,1.4202951357259979,0.06530903894247946,4889.0,2024.0
1.0,DC_L,1.410092913098925,0.06588067166845302,4882.0,2032.0
1.0,DC_L,1.399890690471853,0.06652375848517328,4875.0,2041.0
1.0,DC_L,1.3896884678447803,0.06709539121114684,4868.0,2049.0
1.0,DC_L,1.3794862452177084,0.0677384780278671,4861.0,2058.0
1.0,DC_L,1.3692840225906355,0.06831011075384066,4854.0,2066.0
1.0,DC_L,1.36053926033886,0.06895319757056091,4848.0,2075.0
1.0,DC_L,1.3503370377117871,0.06959628438728117,4841.0,2084.0
1.0,DC_L,1.3401348150847152,0.07016791711325474,4834.0,2092.0
1.0,DC_L,1.3299325924576424,0.070811003929975,4827.0,2101.0
1.0,DC_L,1.3197303698305705,0.07145409074669525,4820.0,2110.0
1.0,DC_L,1.3095281472034976,0.07216863165416221,4813.0,2120.0
1.0,DC_L,1.2993259245764257,0.07281171847088246,4806.0,2129.0
1.0,DC_L,1.2905811623246493,0.07345480528760272,4800.0,2138.0
1.0,DC_L,1.2803789396975773,0.07416934619506967,4793.0,2148.0
1.0,DC_L,1.2701767170705045,0.07488388710253661,4786.0,2158.0
1.0,DC_L,1.2599744944434326,0.07552697391925688,4779.0,2167.0
1.0,DC_L,1.2497722718163597,0.07624151482672382,4772.0,2177.0
1.0,DC_L,1.2395700491892878,0.07695605573419079,4765.0,2187.0
1.0,DC_L,1.229367826562215,0.07774205073240444,4758.0,2198.0
1.0,DC_L,1.2206230643104394,0.07845659163987138,4752.0,2208.0
1.0,DC_L,1.2104208416833666,0.07917113254733833,4745.0,2218.0
1.0,DC_L,1.2002186190562947,0.07995712754555198,4738.0,2229.0
1.0,DC_L,1.1900163964292219,0.08067166845301893,4731.0,2239.0
1.0,DC_L,1.17981417380215,0.08145766345123258,4724.0,2250.0
1.0,DC_L,1.169611951175077,0.08224365844944623,4717.0,2261.0
1.0,DC_L,1.1594097285480052,0.08302965344765988,4710.0,2272.0
1.0,DC_L,1.1506649662962287,0.08388710253662023,4704.0,2284.0
1.0,DC_L,1.1404627436691568,0.08467309753483387,4697.0,2295.0
1.0,DC_L,1.130260521042084,0.08545909253304752,4690.0,2306.0
1.0,DC_L,1.120058298415012,0.08631654162200786,4683.0,2318.0
1.0,DC_L,1.1098560757879392,0.08717399071096821,4676.0,2330.0
1.0,DC_L,1.0996538531608673,0.08803143979992854,4669.0,2342.0
1.0,DC_L,1.0894516305337945,0.08888888888888889,4662.0,2354.0
1.0,DC_L,1.080706868282019,0.08974633797784923,4656.0,2366.0
1.0,DC_L,1.070504645654946,0.09060378706680958,4649.0,2378.0
1.0,DC_L,1.0603024230278741,0.09153269024651661,4642.0,2391.0
1.0,DC_L,1.0501002004008013,0.09246159342622365,4635.0,2404.0
1.0,DC_L,1.0398979777737294,0.09339049660593068,4628.0,2417.0
1.0,DC_L,1.0296957551466566,0.09431939978563773,4621.0,2430.0
1.0,DC_L,1.0194935325195846,0.09524830296534477,4614.0,2443.0
1.0,DC_L,1.0092913098925127,0.0961772061450518,4607.0,2456.0
1.0,DC_L,1.0005465476407363,0.09717756341550554,4601.0,2470.0
1.0,DC_L,0.9903443250136634,0.09810646659521258,4594.0,2483.0
1.0,DC_L,0.9801421023865915,0.09910682386566631,4587.0,2497.0
1.0,DC_L,0.9699398797595187,0.10010718113612005,4580.0,2511.0
1.0,DC_L,0.9597376571324467,0.10110753840657377,4573.0,2525.0
1.0,DC_L,0.9495354345053748,0.10217934976777421,4566.0,2540.0
1.0,DC_L,0.939333211878302,0.10317970703822794,4559.0,2554.0
1.0,DC_L,0.9305884496265255,0.10425151839942837,4553.0,2569.0
1.0,DC_L,0.9203862269994536,0.10532332976062879,4546.0,2584.0
1.0,DC_L,0.9101840043723808,0.10639514112182923,4539.0,2599.0
1.0,DC_L,0.8999817817453089,0.10746695248302965,4532.0,2614.0
1.0,DC_L,0.889779559118236,0.10853876384423009,4525.0,2629.0
1.0,DC_L,0.8795773364911641,0.10968202929617721,4518.0,2645.0
1.0,DC_L,0.8795773364911641,0.10968202929617721,4518.0,2645.0
1.0,DC_L,0.8693751138640922,0.11082529474812433,4511.0,2661.0
1.0,DC_L,0.8606303516123157,0.11196856020007145,4505.0,2677.0
1.0,DC_L,0.8504281289852429,0.11311182565201858,4498.0,2693.0
1.0,DC_L,0.840225906358171,0.1142550911039657,4491.0,2709.0
1.0,DC_L,0.8300236837310981,0.11546981064665952,4484.0,2726.0
1.0,DC_L,0.8198214611040262,0.11661307609860665,4477.0,2742.0
1.0,DC_L,0.8096192384769543,0.11782779564130047,4470.0,2759.0
1.0,DC_L,0.7994170158498815,0.11904251518399428,4463.0,2776.0
1.0,DC_L,0.790672253598105,0.1203286888174348,4457.0,2794.0
1.0,DC_L,0.7804700309710331,0.12154340836012861,4450.0,2811.0
1.0,DC_L,0.7702678083439602,0.12282958199356914,4443.0,2829.0
1.0,DC_L,0.7600655857168883,0.12404430153626295,4436.0,2846.0
1.0,DC_L,0.7498633630898164,0.12533047516970347,4429.0,2864.0
1.0,DC_L,0.7396611404627436,0.12668810289389068,4422.0,2883.0
1.0,DC_L,0.7294589178356716,0.12797427652733118,4415.0,2901.0
1.0,DC_L,0.7207141555838952,0.1292604501607717,4409.0,2919.0
1.0,DC_L,0.7105119329568224,0.1306180778849589,4402.0,2938.0
1.0,DC_L,0.7003097103297504,0.13197570560914612,4395.0,2957.0
1.0,DC_L,0.6901074877026785,0.13333333333333333,4388.0,2976.0
1.0,DC_L,0.6799052650756057,0.13469096105752054,4381.0,2995.0
1.0,DC_L,0.6697030424485337,0.13612004287245444,4374.0,3015.0
1.0,DC_L,0.6595008198214609,0.13747767059664165,4367.0,3034.0
1.0,DC_L,0.649298597194389,0.13890675241157557,4360.0,3054.0
1.0,DC_L,0.6405538349426125,0.14033583422650947,4354.0,3074.0
1.0,DC_L,0.6303516123155406,0.14176491604144337,4347.0,3094.0
1.0,DC_L,0.6201493896884678,0.14319399785637726,4340.0,3114.0
1.0,DC_L,0.6099471670613958,0.1446230796713112,4333.0,3134.0
1.0,DC_L,0.599744944434323,0.14612361557699177,4326.0,3155.0
1.0,DC_L,0.5895427218072511,0.1475526973919257,4319.0,3175.0
1.0,DC_L,0.5793404991801783,0.14905323329760628,4312.0,3196.0
1.0,DC_L,0.5705957369284018,0.1505537692032869,4306.0,3217.0
1.0,DC_L,0.5603935143013299,0.15205430510896747,4299.0,3238.0
1.0,DC_L,0.550191291674258,0.15355484101464809,4292.0,3259.0
1.0,DC_L,0.5399890690471851,0.1550553769203287,4285.0,3280.0
1.0,DC_L,0.5297868464201132,0.15655591282600928,4278.0,3301.0
1.0,DC_L,0.5195846237930404,0.15812790282243658,4271.0,3323.0
1.0,DC_L,0.5093824011659684,0.1596284387281172,4264.0,3344.0
1.0,DC_L,0.500637638914192,0.16112897463379777,4258.0,3365.0
1.0,DC_L,0.49043541628712006,0.16270096463022507,4251.0,3387.0
1.0,DC_L,0.48023319366004724,0.16420150053590568,4244.0,3408.0
1.0,DC_L,0.4700309710329753,0.16577349053233298,4237.0,3430.0
1.0,DC_L,0.4598287484059025,0.16734548052876028,4230.0,3452.0
1.0,DC_L,0.44962652577883055,0.16884601643444086,4223.0,3473.0
1.0,DC_L,0.43942430315175773,0.17041800643086816,4216.0,3495.0
1.0,DC_L,0.43067954089998217,0.17191854233654877,4210.0,3516.0
1.0,DC_L,0.42047731827290935,0.17349053233297607,4203.0,3538.0
1.0,DC_L,0.4102750956458374,0.17499106823865665,4196.0,3559.0
1.0,DC_L,0.4000728730187646,0.17649160414433726,4189.0,3580.0
1.0,DC_L,0.38987065039169266,0.17799214005001787,4182.0,3601.0
1.0,DC_L,0.37966842776461984,0.17956413004644517,4175.0,3623.0
1.0,DC_L,0.3694662051375479,0.18099321186137907,4168.0,3643.0
1.0,DC_L,0.36072144288577146,0.18249374776705968,4162.0,3664.0
1.0,DC_L,0.3505192202586995,0.18399428367274026,4155.0,3685.0
1.0,DC_L,0.3403169976316267,0.18542336548767416,4148.0,3705.0
1.0,DC_L,0.3301147750045548,0.18685244730260808,4141.0,3725.0
1.0,DC_L,0.31991255237748195,0.18828152911754198,4134.0,3745.0
1.0,DC_L,0.30971032975041,0.18971061093247588,4127.0,3765.0
1.0,DC_L,0.2995081071233372,0.1910682386566631,4120.0,3784.0
1.0,DC_L,0.28930588449626526,0.1924258663808503,4113.0,3803.0
1.0,DC_L,0.2805611222444888,0.1937834941050375,4107.0,3822.0
1.0,DC_L,0.2703588996174169,0.19506966773847803,4100.0,3840.0
1.0,DC_L,0.26015667699034406,0.19635584137191855,4093.0,3858.0
1.0,DC_L,0.24995445436327213,0.19764201500535905,4086.0,3876.0
1.0,DC_L,0.2397522317361993,0.1988567345480529,4079.0,3893.0
1.0,DC_L,0.22955000910912737,0.2000714540907467,4072.0,3910.0
1.0,DC_L,0.21934778648205544,0.20121471954269382,4065.0,3926.0
1.0,DC_L,0.210603024230279,0.20235798499464094,4059.0,3942.0
1.0,DC_L,0.20040080160320617,0.20342979635584138,4052.0,3957.0
1.0,DC_L,0.19019857897613424,0.2044301536262951,4045.0,3971.0
1.0,DC_L,0.17999635634906141,0.20543051089674885,4038.0,3985.0
1.0,DC_L,0.16979413372198948,0.20643086816720257,4031.0,3999.0
1.0,DC_L,0.15959191109491755,0.2073597713469096,4024.0,4012.0
1.0,DC_L,0.14938968846784473,0.20821722043586996,4017.0,4024.0
1.0,DC_L,0.14064492621606828,0.2090032154340836,4011.0,4035.0
1.0,DC_L,0.13044270358899634,0.20978921043229726,4004.0,4046.0
1.0,DC_L,0.12024048096192352,0.2105037513397642,3997.0,4056.0
1.0,DC_L,0.11003825833485159,0.21114683815648447,3990.0,4065.0
1.0,DC_L,0.09983603570777877,0.21178992497320473,3983.0,4074.0
1.0,DC_L,0.08963381308070684,0.21236155769917828,3976.0,4082.0
1.0,DC_L,0.0794315904536349,0.21286173633440514,3969.0,4089.0
1.0,DC_L,0.07068682820185845,0.2132904608788853,3963.0,4095.0
1.0,DC_L,0.06048460557478563,0.2136477313326188,3956.0,4100.0
1.0,DC_L,0.0502823829477137,0.21400500178635226,3949.0,4105.0
1.0,DC_L,0.04008016032064088,0.21429081814933906,3942.0,4109.0
1.0,DC_L,0.029877937693568946,0.21450518042157912,3935.0,4112.0
1.0,DC_L,0.019675715066497013,0.21464808860307252,3928.0,4114.0
1.0,DC_L,0.009473492439424192,0.2147195426938192,3921.0,4115.0
1.0,DC_L,0.0007287301876477414,0.2147195426938192,3915.0,4115.0
1.0,DC_minus_R,4.0,0.01321900678813862,6659.0,1295.0
1.0,DC_minus_R,3.989797777372928,0.013290460878885316,6652.0,1296.0
1.0,DC_minus_R,3.9795955547458552,0.013290460878885316,6645.0,1296.0
1.0,DC_minus_R,3.9693933321187833,0.013361914969632011,6638.0,1297.0
1.0,DC_minus_R,3.960648569867007,0.013433369060378706,6632.0,1298.0
1.0,DC_minus_R,3.950446347239934,0.013504823151125401,6625.0,1299.0
1.0,DC_minus_R,3.940244124612862,0.013576277241872096,6618.0,1300.0
1.0,DC_minus_R,3.93004190198579,0.013647731332618792,6611.0,1301.0
1.0,DC_minus_R,3.9198396793587174,0.013647731332618792,6604.0,1301.0
1.0,DC_minus_R,3.9096374567316454,0.013719185423365487,6597.0,1302.0
1.0,DC_minus_R,3.8994352341045726,0.013790639514112184,6590.0,1303.0
1.0,DC_minus_R,3.890690471852796,0.013862093604858879,6584.0,1304.0
1.0,DC_minus_R,3.880488249225724,0.013933547695605574,6577.0,1305.0
1.0,DC_minus_R,3.8702860265986523,0.01400500178635227,6570.0,1306.0
1.0,DC_minus_R,3.8600838039715795,0.014076455877098965,6563.0,1307.0
1.0,DC_minus_R,3.8498815813445075,0.01414790996784566,6556.0,1308.0
1.0,DC_minus_R,3.8396793587174347,0.01414790996784566,6549.0,1308.0
1.0,DC_minus_R,3.8294771360903628,0.014219364058592355,6542.0,1309.0
1.0,DC_minus_R,3.81927491346329,0.01429081814933905,6535.0,1310.0
1.0,DC_minus_R,3.8105301512115135,0.014362272240085745,6529.0,1311.0
1.0,DC_minus_R,3.8003279285844416,0.01443372633083244,6522.0,1312.0
1.0,DC_minus_R,3.7901257059573696,0.014505180421579136,6515.0,1313.0
1.0,DC_minus_R,3.779923483330297,0.01457663451232583,6508.0,1314.0
1.0,DC_minus_R,3.769721260703225,0.014648088603072526,6501.0,1315.0
1.0,DC_minus_R,3.759519038076152,0.014719542693819221,6494.0,1316.0
1.0,DC_minus_R,3.74931681544908,0.014790996784565916,6487.0,1317.0
1.0,DC_minus_R,3.7405720531973037,0.014862450875312612,6481.0,1318.0
1.0,DC_minus_R,3.7303698305702317,0.014933904966059307,6474.0,1319.0
1.0,DC_minus_R,3.720167607943159,0.015005359056806002,6467.0,1320.0
1.0,DC_minus_R,3.709965385316087,0.015076813147552697,6460.0,1321.0
1.0,DC_minus_R,3.699763162689014,0.015148267238299392,6453.0,1322.0
1.0,DC_minus_R,3.6895609400619422,0.015219721329046088,6446.0,1323.0
1.0,DC_minus_R,3.6793587174348694,0.015291175419792783,6439.0,1324.0
1.0,DC_minus_R,3.670613955183094,0.015362629510539478,6433.0,1325.0
1.0,DC_minus_R,3.660411732556021,0.015434083601286173,6426.0,1326.0
1.0,DC_minus_R,3.650209509928949,0.015505537692032868,6419.0,1327.0
1.0,DC_minus_R,3.6400072873018763,0.015576991782779563,6412.0,1328.0
1.0,DC_minus_R,3.6298050646748043,0.01564844587352626,6405.0,1329.0
1.0,DC_minus_R,3.6196028420477315,0.015719899964272956,6398.0,1330.0
1.0,DC_minus_R,3.6094006194206596,0.01579135405501965,6391.0,1331.0
1.0,DC_minus_R,3.600655857168883,0.015862808145766346,6385.0,1332.0
1.0,DC_minus_R,3.590453634541811,0.01593426223651304,6378.0,1333.0
1.0,DC_minus_R,3.5802514119147384,0.016005716327259736,6371.0,1334.0
1.0,DC_minus_R,3.5700491892876665,0.01607717041800643,6364.0,1335.0
1.0,DC_minus_R,3.5598469666605936,0.016148624508753127,6357.0,1336.0
1.0,DC_minus_R,3.5496447440335217,0.01622007859949982,6350.0,1337.0
1.0,DC_minus_R,3.539442521406449,0.01636298678099321,6343.0,1339.0
1.0,DC_minus_R,3.5306977591546733,0.016434440871739908,6337.0,1340.0
1.0,DC_minus_R,3.5204955365276005,0.0165058949624866,6330.0,1341.0
1.0,DC_minus_R,3.5102933139005286,0.016577349053233298,6323.0,1342.0
1.0,DC_minus_R,3.5000910912734557,0.01664880314397999,6316.0,1343.0
1.0,DC_minus_R,3.489888868646384,0.016720257234726688,6309.0,1344.0
1.0,DC_minus_R,3.479686646019311,0.01679171132547338,6302.0,1345.0
1.0,DC_minus_R,3.469484423392239,0.016934619506966776,6295.0,1347.0
1.0,DC_minus_R,3.459282200765167,0.01700607359771347,6288.0,1348.0
1.0,DC_minus_R,3.4505374385133907,0.017077527688460166,6282.0,1349.0
1.0,DC_minus_R,3.440335215886318,0.01714898177920686,6275.0,1350.0
1.0,DC_minus_R,3.430132993259246,0.017220435869953556,6268.0,1351.0
1.0,DC_minus_R,3.419930770632173,0.017363344051446947,6261.0,1353.0
1.0,DC_minus_R,3.409728548005101,0.01743479814219364,6254.0,1354.0
1.0,DC_minus_R,3.3995263253780283,0.017506252232940337,6247.0,1355.0
1.0,DC_minus_R,3.3893241027509564,0.01757770632368703,6240.0,1356.0
1.0,DC_minus_R,3.38057934049918,0.017649160414433727,6234.0,1357.0
1.0,DC_minus_R,3.370377117872108,0.017792068595927118,6227.0,1359.0
1.0,DC_minus_R,3.360174895245035,0.01786352268667381,6220.0,1360.0
1.0,DC_minus_R,3.3499726726179633,0.017934976777420508,6213.0,1361.0
1.0,DC_minus_R,3.3397704499908905,0.0180778849589139,6206.0,1363.0
1.0,DC_minus_R,3.3295682273638185,0.018149339049660592,6199.0,1364.0
1.0,DC_minus_R,3.3193660047367466,0.01822079314040729,6192.0,1365.0
1.0,DC_minus_R,3.31062124248497,0.018292247231153982,6186.0,1366.0
1.0,DC_minus_R,3.3004190198578973,0.018435155412647373,6179.0,1368.0
1.0,DC_minus_R,3.2902167972308254,0.01850660950339407,6172.0,1369.0
1.0,DC_minus_R,3.2800145746037526,0.018578063594140763,6165.0,1370.0
1.0,DC_minus_R,3.2698123519766806,0.018720971775634154,6158.0,1372.0
1.0,DC_minus_R,3.2596101293496087,0.01879242586638085,6151.0,1373.0
1.0,DC_minus_R,3.249407906722536,0.01893533404787424,6144.0,1375.0
1.0,DC_minus_R,3.2406631444707594,0.019006788138620934,6138.0,1376.0
1.0,DC_minus_R,3.2304609218436875,0.01907824222936763,6131.0,1377.0
1.0,DC_minus_R,3.2202586992166147,0.01922115041086102,6124.0,1379.0
1.0,DC_minus_R,3.2100564765895427,0.01929260450160772,6117.0,1380.0
1.0,DC_minus_R,3.199854253962471,0.01943551268310111,6110.0,1382.0
1.0,DC_minus_R,3.189652031335398,0.019506966773847802,6103.0,1383.0
1.0,DC_minus_R,3.179449808708326,0.0195784208645945,6096.0,1384.0
1.0,DC_minus_R,3.1707050464565496,0.01972132904608789,6090.0,1386.0
1.0,DC_minus_R,3.160502823829477,0.019792783136834583,6083.0,1387.0
1.0,DC_minus_R,3.150300601202405,0.019935691318327974,6076.0,1389.0
1.0,DC_minus_R,3.140098378575333,0.02000714540907467,6069.0,1390.0
1.0,DC_minus_R,3.12989615594826,0.02015005359056806,6062.0,1392.0
1.0,DC_minus_R,3.119693933321188,0.020221507681314754,6055.0,1393.0
1.0,DC_minus_R,3.1094917106941153,0.020364415862808145,6048.0,1395.0
1.0,DC_minus_R,3.0992894880670434,0.02043586995355484,6041.0,1396.0
1.0,DC_minus_R,3.090544725815267,0.020578778135048232,6035.0,1398.0
1.0,DC_minus_R,3.080342503188194,0.020721686316541622,6028.0,1400.0
1.0,DC_minus_R,3.070140280561122,0.020793140407288316,6021.0,1401.0
1.0,DC_minus_R,3.0599380579340503,0.020936048588781706,6014.0,1403.0
1.0,DC_minus_R,3.0497358353069774,0.021007502679528403,6007.0,1404.0
1.0,DC_minus_R,3.0395336126799055,0.021150410861021793,6000.0,1406.0
1.0,DC_minus_R,3.0293313900528327,0.021293319042515184,5993.0,1408.0
1.0,DC_minus_R,3.0205866278010562,0.02136477313326188,5987.0,1409.0
1.0,DC_minus_R,3.0103844051739843,0.02150768131475527,5980.0,1411.0
1.0,DC_minus_R,3.0001821825469124,0.02165058949624866,5973.0,1413.0
1.0,DC_minus_R,2.9899799599198396,0.021722043586995355,5966.0,1414.0
1.0,DC_minus_R,2.9797777372927676,0.021864951768488745,5959.0,1416.0
1.0,DC_minus_R,2.969575514665695,0.022007859949982136,5952.0,1418.0
1.0,DC_minus_R,2.959373292038623,0.022079314040728833,5945.0,1419.0
1.0,DC_minus_R,2.959373292038623,0.022079314040728833,5945.0,1419.0
1.0,DC_minus_R,2.9506285297868464,0.022222222222222223,5939.0,1421.0
1.0,DC_minus_R,2.9404263071597745,0.022365130403715613,5932.0,1423.0
1.0,DC_minus_R,2.9302240845327017,0.022508038585209004,5925.0,1425.0
1.0,DC_minus_R,2.9200218619056297,0.022579492675955697,5918.0,1426.0
1.0,DC_minus_R,2.909819639278557,0.022722400857449088,5911.0,1428.0
1.0,DC_minus_R,2.899617416651485,0.022865309038942478,5904.0,1430.0
1.0,DC_minus_R,2.889415194024412,0.02300821722043587,5897.0,1432.0
1.0,DC_minus_R,2.8806704317726366,0.02315112540192926,5891.0,1434.0
1.0,DC_minus_R,2.8704682091455638,0.023294033583422653,5884.0,1436.0
1.0,DC_minus_R,2.860265986518492,0.023365487674169346,5877.0,1437.0
1.0,DC_minus_R,2.850063763891419,0.023508395855662736,5870.0,1439.0
1.0,DC_minus_R,2.839861541264347,0.023651304037156127,5863.0,1441.0
1.0,DC_minus_R,2.8296593186372743,0.023794212218649517,5856.0,1443.0
1.0,DC_minus_R,2.8194570960102023,0.023937120400142908,5849.0,1445.0
1.0,DC_minus_R,2.810712333758426,0.024080028581636298,5843.0,1447.0
1.0,DC_minus_R,2.800510111131354,0.02422293676312969,5836.0,1449.0
1.0,DC_minus_R,2.790307888504281,0.02436584494462308,5829.0,1451.0
1.0,DC_minus_R,2.780105665877209,0.02450875312611647,5822.0,1453.0
1.0,DC_minus_R,2.7699034432501364,0.02465166130760986,5815.0,1455.0
1.0,DC_minus_R,2.7597012206230644,0.02479456948910325,5808.0,1457.0
1.0,DC_minus_R,2.7494989979959916,0.02493747767059664,5801.0,1459.0
1.0,DC_minus_R,2.7392967753689197,0.02508038585209003,5794.0,1461.0
1.0,DC_minus_R,2.7305520131171432,0.02522329403358342,5788.0,1463.0
1.0,DC_minus_R,2.7203497904900713,0.02536620221507681,5781.0,1465.0
1.0,DC_minus_R,2.7101475678629985,0.0255805644873169,5774.0,1468.0
1.0,DC_minus_R,2.6999453452359266,0.02572347266881029,5767.0,1470.0
1.0,DC_minus_R,2.6897431226088537,0.02586638085030368,5760.0,1472.0
1.0,DC_minus_R,2.679540899981782,0.02600928903179707,5753.0,1474.0
1.0,DC_minus_R,2.669338677354709,0.02615219721329046,5746.0,1476.0
1.0,DC_minus_R,2.6605939151029334,0.02629510539478385,5740.0,1478.0
1.0,DC_minus_R,2.6503916924758606,0.026509467667023938,5733.0,1481.0
1.0,DC_minus_R,2.6401894698487887,0.02665237584851733,5726.0,1483.0
1.0,DC_minus_R,2.629987247221716,0.02679528403001072,5719.0,1485.0
1.0,DC_minus_R,2.619785024594644,0.027009646302250803,5712.0,1488.0
1.0,DC_minus_R,2.609582801967571,0.027152554483744193,5705.0,1490.0
1.0,DC_minus_R,2.599380579340499,0.027295462665237583,5698.0,1492.0
1.0,DC_minus_R,2.5906358170887227,0.02750982493747767,5692.0,1495.0
1.0,DC_minus_R,2.5804335944616508,0.02765273311897106,5685.0,1497.0
1.0,DC_minus_R,2.570231371834578,0.02779564130046445,5678.0,1499.0
1.0,DC_minus_R,2.560029149207506,0.02801000357270454,5671.0,1502.0
1.0,DC_minus_R,2.549826926580433,0.02815291175419793,5664.0,1504.0
1.0,DC_minus_R,2.5396247039533613,0.028367274026438013,5657.0,1507.0
1.0,DC_minus_R,2.5294224813262893,0.028510182207931403,5650.0,1509.0
1.0,DC_minus_R,2.520677719074513,0.02872454448017149,5644.0,1512.0
1.0,DC_minus_R,2.51047549644744,0.02886745266166488,5637.0,1514.0
1.0,DC_minus_R,2.500273273820368,0.029081814933904965,5630.0,1517.0
1.0,DC_minus_R,2.4900710511932953,0.029296177206145052,5623.0,1520.0
1.0,DC_minus_R,2.4798688285662234,0.029439085387638442,5616.0,1522.0
1.0,DC_minus_R,2.4696666059391514,0.02965344765987853,5609.0,1525.0
1.0,DC_minus_R,2.4594643833120786,0.02979635584137192,5602.0,1527.0
1.0,DC_minus_R,2.450719621060302,0.030010718113612004,5596.0,1530.0
1.0,DC_minus_R,2.4405173984332302,0.03022508038585209,5589.0,1533.0
1.0,DC_minus_R,2.4303151758061574,0.030439442658092175,5582.0,1536.0
1.0,DC_minus_R,2.4201129531790855,0.030582350839585565,5575.0,1538.0
1.0,DC_minus_R,2.4099107305520135,0.030796713111825653,5568.0,1541.0
1.0,DC_minus_R,2.3997085079249407,0.031011075384065737,5561.0,1544.0
1.0,DC_minus_R,2.389506285297869,0.031225437656305824,5554.0,1547.0
1.0,DC_minus_R,2.379304062670796,0.03143979992854591,5547.0,1550.0
1.0,DC_minus_R,2.3705593004190195,0.03165416220078599,5541.0,1553.0
1.0,DC_minus_R,2.3603570777919476,0.031797070382279385,5534.0,1555.0
1.0,DC_minus_R,2.3501548551648748,0.03201143265451947,5527.0,1558.0
1.0,DC_minus_R,2.339952632537803,0.03222579492675956,5520.0,1561.0
1.0,DC_minus_R,2.329750409910731,0.03244015719899964,5513.0,1564.0
1.0,DC_minus_R,2.319548187283658,0.03265451947123973,5506.0,1567.0
1.0,DC_minus_R,2.309345964656586,0.03294033583422651,5499.0,1571.0
1.0,DC_minus_R,2.3006012024048097,0.033154698106466596,5493.0,1574.0
1.0,DC_minus_R,2.290398979777737,0.03336906037870668,5486.0,1577.0
1.0,DC_minus_R,2.280196757150665,0.03358342265094676,5479.0,1580.0
1.0,DC_minus_R,2.269994534523593,0.03379778492318685,5472.0,1583.0
1.0,DC_minus_R,2.25979231189652,0.03401214719542694,5465.0,1586.0
1.0,DC_minus_R,2.2495900892694483,0.03429796355841372,5458.0,1590.0
1.0,DC_minus_R,2.2393878666423754,0.034512325830653806,5451.0,1593.0
1.0,DC_minus_R,2.230643104390599,0.03472668810289389,5445.0,1596.0
1.0,DC_minus_R,2.220440881763527,0.034941050375133974,5438.0,1599.0
1.0,DC_minus_R,2.210238659136455,0.035226866738120755,5431.0,1603.0
1.0,DC_minus_R,2.2000364365093823,0.03544122901036084,5424.0,1606.0
1.0,DC_minus_R,2.1898342138823104,0.03572704537334762,5417.0,1610.0
1.0,DC_minus_R,2.1796319912552375,0.03594140764558771,5410.0,1613.0
1.0,DC_minus_R,2.1694297686281656,0.03622722400857449,5403.0,1617.0
1.0,DC_minus_R,2.160685006376389,0.03644158628081458,5397.0,1620.0
1.0,DC_minus_R,2.1504827837493172,0.03672740264380136,5390.0,1624.0
1.0,DC_minus_R,2.1402805611222444,0.03701321900678814,5383.0,1628.0
1.0,DC_minus_R,2.1300783384951725,0.03722758127902823,5376.0,1631.0
1.0,DC_minus_R,2.1198761158680997,0.03751339764201501,5369.0,1635.0
1.0,DC_minus_R,2.1096738932410277,0.03779921400500179,5362.0,1639.0
1.0,DC_minus_R,2.099471670613955,0.03801357627724187,5355.0,1642.0
1.0,DC_minus_R,2.0907269083621793,0.038299392640228656,5349.0,1646.0
1.0,DC_minus_R,2.0805246857351065,0.03858520900321544,5342.0,1650.0
1.0,DC_minus_R,2.0703224631080346,0.03887102536620222,5335.0,1654.0
1.0,DC_minus_R,2.0601202404809618,0.039156841729189,5328.0,1658.0
1.0,DC_minus_R,2.04991801785389,0.03944265809217578,5321.0,1662.0
1.0,DC_minus_R,2.039715795226817,0.03972847445516256,5314.0,1666.0
1.0,DC_minus_R,2.029513572599745,0.04001429081814934,5307.0,1670.0
1.0,DC_minus_R,2.0193113499726723,0.04030010718113612,5300.0,1674.0
1.0,DC_minus_R,2.0105665877208967,0.0405859235441229,5294.0,1678.0
1.0,DC_minus_R,2.000364365093824,0.04087173990710968,5287.0,1682.0
1.0,DC_minus_R,1.990162142466752,0.04122901036084316,5280.0,1687.0
1.0,DC_minus_R,1.9799599198396791,0.04151482672382994,5273.0,1691.0
1.0,DC_minus_R,1.9697576972126072,0.04180064308681672,5266.0,1695.0
1.0,DC_minus_R,1.9595554745855344,0.04215791354055019,5259.0,1700.0
1.0,DC_minus_R,1.9493532519584624,0.04244372990353698,5252.0,1704.0
1.0,DC_minus_R,1.940608489706686,0.04272954626652376,5246.0,1708.0
1.0,DC_minus_R,1.930406267079614,0.043086816720257236,5239.0,1713.0
1.0,DC_minus_R,1.9202040444525412,0.04337263308324402,5232.0,1717.0
1.0,DC_minus_R,1.9202040444525412,0.04337263308324402,5232.0,1717.0
1.0,DC_minus_R,1.9100018218254693,0.04372990353697749,5225.0,1722.0
1.0,DC_minus_R,1.8997995991983965,0.044087173990710965,5218.0,1727.0
1.0,DC_minus_R,1.8895973765713245,0.044372990353697746,5211.0,1731.0
1.0,DC_minus_R,1.8793951539442517,0.04473026080743123,5204.0,1736.0
1.0,DC_minus_R,1.8706503916924762,0.0450875312611647,5198.0,1741.0
1.0,DC_minus_R,1.8604481690654033,0.045444801714898175,5191.0,1746.0
1.0,DC_minus_R,1.8502459464383314,0.045802072168631656,5184.0,1751.0
1.0,DC_minus_R,1.8400437238112586,0.04615934262236513,5177.0,1756.0
1.0,DC_minus_R,1.8298415011841866,0.046516613076098605,5170.0,1761.0
1.0,DC_minus_R,1.8196392785571138,0.046873883529832086,5163.0,1766.0
1.0,DC_minus_R,1.809437055930042,0.04723115398356556,5156.0,1771.0
1.0,DC_minus_R,1.8006922936782654,0.047588424437299034,5150.0,1776.0
1.0,DC_minus_R,1.7904900710511935,0.04794569489103251,5143.0,1781.0
1.0,DC_minus_R,1.7802878484241207,0.04837441943551268,5136.0,1787.0
1.0,DC_minus_R,1.7700856257970488,0.04873168988924616,5129.0,1792.0
1.0,DC_minus_R,1.759883403169976,0.04908896034297964,5122.0,1797.0
1.0,DC_minus_R,1.749681180542904,0.049517684887459806,5115.0,1803.0
1.0,DC_minus_R,1.739478957915832,0.04994640943193998,5108.0,1809.0
1.0,DC_minus_R,1.7292767352887592,0.050303679885673455,5101.0,1814.0
1.0,DC_minus_R,1.7205319730369828,0.05073240443015362,5095.0,1820.0
1.0,DC_minus_R,1.7103297504099109,0.0511611289746338,5088.0,1826.0
1.0,DC_minus_R,1.700127527782838,0.05151839942836727,5081.0,1831.0
1.0,DC_minus_R,1.689925305155766,0.051947123972847446,5074.0,1837.0
1.0,DC_minus_R,1.6797230825286942,0.052375848517327614,5067.0,1843.0
1.0,DC_minus_R,1.6695208599016214,0.05280457306180779,5060.0,1849.0
1.0,DC_minus_R,1.6593186372745494,0.05323329760628796,5053.0,1855.0
1.0,DC_minus_R,1.650573875022773,0.05366202215076813,5047.0,1861.0
1.0,DC_minus_R,1.6403716523957002,0.054162200785995,5040.0,1868.0
1.0,DC_minus_R,1.6301694297686282,0.05459092533047517,5033.0,1874.0
1.0,DC_minus_R,1.6199672071415554,0.05501964987495534,5026.0,1880.0
1.0,DC_minus_R,1.6097649845144835,0.05551982851018221,5019.0,1887.0
1.0,DC_minus_R,1.5995627618874115,0.05594855305466238,5012.0,1893.0
1.0,DC_minus_R,1.5893605392603387,0.056448731689889245,5005.0,1900.0
1.0,DC_minus_R,1.5806157770085623,0.05687745623436942,4999.0,1906.0
1.0,DC_minus_R,1.5704135543814903,0.05737763486959629,4992.0,1913.0
1.0,DC_minus_R,1.5602113317544175,0.05787781350482315,4985.0,1920.0
1.0,DC_minus_R,1.5500091091273456,0.05837799214005002,4978.0,1927.0
1.0,DC_minus_R,1.5398068865002736,0.058878170775276885,4971.0,1934.0
1.0,DC_minus_R,1.5296046638732008,0.05937834941050375,4964.0,1941.0
1.0,DC_minus_R,1.5194024412461289,0.05987852804573062,4957.0,1948.0
1.0,DC_minus_R,1.5106576789943524,0.06037870668095748,4951.0,1955.0
1.0,DC_minus_R,1.5004554563672796,0.060950339406931044,4944.0,1963.0
1.0,DC_minus_R,1.4902532337402077,0.06145051804215791,4937.0,1970.0
1.0,DC_minus_R,1.4800510111131358,0.06195069667738478,4930.0,1977.0
1.0,DC_minus_R,1.469848788486063,0.06252232940335835,4923.0,1985.0
1.0,DC_minus_R,1.459646565858991,0.06309396212933191,4916.0,1993.0
1.0,DC_minus_R,1.4494443432319182,0.06359414076455877,4909.0,2000.0
1.0,DC_minus_R,1.4406995809801417,0.06416577349053233,4903.0,2008.0
1.0,DC_minus_R,1.4304973583530698,0.0647374062165059,4896.0,2016.0
1.0,DC_minus_R,1.4202951357259979,0.06530903894247946,4889.0,2024.0
1.0,DC_minus_R,1.410092913098925,0.06588067166845302,4882.0,2032.0
1.0,DC_minus_R,1.399890690471853,0.06652375848517328,4875.0,2041.0
1.0,DC_minus_R,1.3896884678447803,0.06709539121114684,4868.0,2049.0
1.0,DC_minus_R,1.3794862452177084,0.0677384780278671,4861.0,2058.0
1.0,DC_minus_R,1.3692840225906355,0.06831011075384066,4854.0,2066.0
1.0,DC_minus_R,1.36053926033886,0.06895319757056091,4848.0,2075.0
1.0,DC_minus_R,1.3503370377117871,0.06959628438728117,4841.0,2084.0
1.0,DC_minus_R,1.3401348150847152,0.07016791711325474,4834.0,2092.0
1.0,DC_minus_R,1.3299325924576424,0.070811003929975,4827.0,2101.0
1.0,DC_minus_R,1.3197303698305705,0.07145409074669525,4820.0,2110.0
1.0,DC_minus_R,1.3095281472034976,0.07216863165416221,4813.0,2120.0
1.0,DC_minus_R,1.2993259245764257,0.07281171847088246,4806.0,2129.0
1.0,DC_minus_R,1.2905811623246493,0.07345480528760272,4800.0,2138.0
1.0,DC_minus_R,1.2803789396975773,0.07416934619506967,4793.0,2148.0
1.0,DC_minus_R,1.2701767170705045,0.07488388710253661,4786.0,2158.0
1.0,DC_minus_R,1.2599744944434326,0.07552697391925688,4779.0,2167.0
1.0,DC_minus_R,1.2497722718163597,0.07624151482672382,4772.0,2177.0
1.0,DC_minus_R,1.2395700491892878,0.07695605573419079,4765.0,2187.0
1.0,DC_minus_R,1.229367826562215,0.07774205073240444,4758.0,2198.0
1.0,DC_minus_R,1.2206230643104394,0.07845659163987138,4752.0,2208.0
1.0,DC_minus_R,1.2104208416833666,0.07917113254733833,4745.0,2218.0
1.0,DC_minus_R,1.2002186190562947,0.07995712754555198,4738.0,2229.0
1.0,DC_minus_R,1.1900163964292219,0.08067166845301893,4731.0,2239.0
1.0,DC_minus_R,1.17981417380215,0.08145766345123258,4724.0,2250.0
1.0,DC_minus_R,1.169611951175077,0.08224365844944623,4717.0,2261.0
1.0,DC_minus_R,1.1594097285480052,0.08302965344765988,4710.0,2272.0
1.0,DC_minus_R,1.1506649662962287,0.08388710253662023,4704.0,2284.0
1.0,DC_minus_R,1.1404627436691568,0.08467309753483387,4697.0,2295.0
1.0,DC_minus_R,1.130260521042084,0.08545909253304752,4690.0,2306.0
1.0,DC_minus_R,1.120058298415012,0.08631654162200786,4683.0,2318.0
1.0,DC_minus_R,1.1098560757879392,0.08717399071096821,4676.0,2330.0
1.0,DC_minus_R,1.0996538531608673,0.08803143979992854,4669.0,2342.0
1.0,DC_minus_R,1.0894516305337945,0.08888888888888889,4662.0,2354.0
1.0,DC_minus_R,1.080706868282019,0.08974633797784923,4656.0,2366.0
1.0,DC_minus_R,1.070504645654946,0.09060378706680958,4649.0,2378.0
1.0,DC_minus_R,1.0603024230278741,0.09153269024651661,4642.0,2391.0
1.0,DC_minus_R,1.0501002004008013,0.09246159342622365,4635.0,2404.0
1.0,DC_minus_R,1.0398979777737294,0.09339049660593068,4628.0,2417.0
1.0,DC_minus_R,1.0296957551466566,0.09431939978563773,4621.0,2430.0
1.0,DC_minus_R,1.0194935325195846,0.09524830296534477,4614.0,2443.0
1.0,DC_minus_R,1.0092913098925127,0.0961772061450518,4607.0,2456.0
1.0,DC_minus_R,1.0005465476407363,0.09717756341550554,4601.0,2470.0
1.0,DC_minus_R,0.9903443250136634,0.09810646659521258,4594.0,2483.0
1.0,DC_minus_R,0.9801421023865915,0.09910682386566631,4587.0,2497.0
1.0,DC_minus_R,0.9699398797595187,0.10010718113612005,4580.0,2511.0
1.0,DC_minus_R,0.9597376571324467,0.10110753840657377,4573.0,2525.0
1.0,DC_minus_R,0.9495354345053748,0.10217934976777421,4566.0,2540.0
1.0,DC_minus_R,0.939333211878302,0.10317970703822794,4559.0,2554.0
1.0,DC_minus_R,0.9305884496265255,0.10425151839942837,4553.0,2569.0
1.0,DC_minus_R,0.9203862269994536,0.10532332976062879,4546.0,2584.0
1.0,DC_minus_R,0.9101840043723808,0.10639514112182923,4539.0,2599.0
1.0,DC_minus_R,0.8999817817453089,0.10746695248302965,4532.0,2614.0
1.0,DC_minus_R,0.889779559118236,0.10853876384423009,4525.0,2629.0
1.0,DC_minus_R,0.8795773364911641,0.10968202929617721,4518.0,2645.0
1.0,DC_minus_R,0.8795773364911641,0.10968202929617721,4518.0,2645.0
1.0,DC_minus_R,0.8693751138640922,0.11082529474812433,4511.0,2661.0
1.0,DC_minus_R,0.8606303516123157,0.11196856020007145,4505.0,2677.0
1.0,DC_minus_R,0.8504281289852429,0.11311182565201858,4498.0,2693.0
1.0,DC_minus_R,0.840225906358171,0.1142550911039657,4491.0,2709.0
1.0,DC_minus_R,0.8300236837310981,0.11546981064665952,4484.0,2726.0
1.0,DC_minus_R,0.8198214611040262,0.11661307609860665,4477.0,2742.0
1.0,DC_minus_R,0.8096192384769543,0.11782779564130047,4470.0,2759.0
1.0,DC_minus_R,0.7994170158498815,0.11904251518399428,4463.0,2776.0
1.0,DC_minus_R,0.790672253598105,0.1203286888174348,4457.0,2794.0
1.0,DC_minus_R,0.7804700309710331,0.12154340836012861,4450.0,2811.0
1.0,DC_minus_R,0.7702678083439602,0.12282958199356914,4443.0,2829.0
1.0,DC_minus_R,0.7600655857168883,0.12404430153626295,4436.0,2846.0
1.0,DC_minus_R,0.7498633630898164,0.12533047516970347,4429.0,2864.0
1.0,DC_minus_R,0.7396611404627436,0.12668810289389068,4422.0,2883.0
1.0,DC_minus_R,0.7294589178356716,0.12797427652733118,4415.0,2901.0
1.0,DC_minus_R,0.7207141555838952,0.1292604501607717,4409.0,2919.0
1.0,DC_minus_R,0.7105119329568224,0.1306180778849589,4402.0,2938.0
1.0,DC_minus_R,0.7003097103297504,0.13197570560914612,4395.0,2957.0
1.0,DC_minus_R,0.6901074877026785,0.13333333333333333,4388.0,2976.0
1.0,DC_minus_R,0.6799052650756057,0.13469096105752054,4381.0,2995.0
1.0,DC_minus_R,0.6697030424485337,0.13612004287245444,4374.0,3015.0
1.0,DC_minus_R,0.6595008198214609,0.13747767059664165,4367.0,3034.0
1.0,DC_minus_R,0.649298597194389,0.13890675241157557,4360.0,3054.0
1.0,DC_minus_R,0.6405538349426125,0.14033583422650947,4354.0,3074.0
1.0,DC_minus_R,0.6303516123155406,0.14176491604144337,4347.0,3094.0
1.0,DC_minus_R,0.6201493896884678,0.14319399785637726,4340.0,3114.0
1.0,DC_minus_R,0.6099471670613958,0.1446230796713112,4333.0,3134.0
1.0,DC_minus_R,0.599744944434323,0.14612361557699177,4326.0,3155.0
1.0,DC_minus_R,0.5895427218072511,0.1475526973919257,4319.0,3175.0
1.0,DC_minus_R,0.5793404991801783,0.14905323329760628,4312.0,3196.0
1.0,DC_minus_R,0.5705957369284018,0.1505537692032869,4306.0,3217.0
1.0,DC_minus_R,0.5603935143013299,0.15205430510896747,4299.0,3238.0
1.0,DC_minus_R,0.550191291674258,0.15355484101464809,4292.0,3259.0
1.0,DC_minus_R,0.5399890690471851,0.1550553769203287,4285.0,3280.0
1.0,DC_minus_R,0.5297868464201132,0.15655591282600928,4278.0,3301.0
1.0,DC_minus_R,0.5195846237930404,0.15812790282243658,4271.0,3323.0
1.0,DC_minus_R,0.5093824011659684,0.1596284387281172,4264.0,3344.0
1.0,DC_minus_R,0.500637638914192,0.16112897463379777,4258.0,3365.0
1.0,DC_minus_R,0.49043541628712006,0.16270096463022507,4251.0,3387.0
1.0,DC_minus_R,0.48023319366004724,0.16420150053590568,4244.0,3408.0
1.0,DC_minus_R,0.4700309710329753,0.16577349053233298,4237.0,3430.0
1.0,DC_minus_R,0.4598287484059025,0.16734548052876028,4230.0,3452.0
1.0,DC_minus_R,0.44962652577883055,0.16884601643444086,4223.0,3473.0
1.0,DC_minus_R,0.43942430315175773,0.17041800643086816,4216.0,3495.0
1.0,DC_minus_R,0.43067954089998217,0.17191854233654877,4210.0,3516.0
1.0,DC_minus_R,0.42047731827290935,0.17349053233297607,4203.0,3538.0
1.0,DC_minus_R,0.4102750956458374,0.17499106823865665,4196.0,3559.0
1.0,DC_minus_R,0.4000728730187646,0.17649160414433726,4189.0,3580.0
1.0,DC_minus_R,0.38987065039169266,0.17799214005001787,4182.0,3601.0
1.0,DC_minus_R,0.37966842776461984,0.17956413004644517,4175.0,3623.0
1.0,DC_minus_R,0.3694662051375479,0.18099321186137907,4168.0,3643.0
1.0,DC_minus_R,0.36072144288577146,0.18249374776705968,4162.0,3664.0
1.0,DC_minus_R,0.3505192202586995,0.18399428367274026,4155.0,3685.0
1.0,DC_minus_R,0.3403169976316267,0.18542336548767416,4148.0,3705.0
1.0,DC_minus_R,0.3301147750045548,0.18685244730260808,4141.0,3725.0
1.0,DC_minus_R,0.31991255237748195,0.18828152911754198,4134.0,3745.0
1.0,DC_minus_R,0.30971032975041,0.18971061093247588,4127.0,3765.0
1.0,DC_minus_R,0.2995081071233372,0.1910682386566631,4120.0,3784.0
1.0,DC_minus_R,0.28930588449626526,0.1924258663808503,4113.0,3803.0
1.0,DC_minus_R,0.2805611222444888,0.1937834941050375,4107.0,3822.0
1.0,DC_minus_R,0.2703588996174169,0.19506966773847803,4100.0,3840.0
1.0,DC_minus_R,0.26015667699034406,0.19635584137191855,4093.0,3858.0
1.0,DC_minus_R,0.24995445436327213,0.19764201500535905,4086.0,3876.0
1.0,DC_minus_R,0.2397522317361993,0.1988567345480529,4079.0,3893.0
1.0,DC_minus_R,0.22955000910912737,0.2000714540907467,4072.0,3910.0
1.0,DC_minus_R,0.21934778648205544,0.20121471954269382,4065.0,3926.0
1.0,DC_minus_R,0.210603024230279,0.20235798499464094,4059.0,3942.0
1.0,DC_minus_R,0.20040080160320617,0.20342979635584138,4052.0,3957.0
1.0,DC_minus_R,0.19019857897613424,0.2044301536262951,4045.0,3971.0
1.0,DC_minus_R,0.17999635634906141,0.20543051089674885,4038.0,3985.0
1.0,DC_minus_R,0.16979413372198948,0.20643086816720257,4031.0,3999.0
1.0,DC_minus_R,0.15959191109491755,0.2073597713469096,4024.0,4012.0
1.0,DC_minus_R,0.14938968846784473,0.20821722043586996,4017.0,4024.0
1.0,DC_minus_R,0.14064492621606828,0.2090032154340836,4011.0,4035.0
1.0,DC_minus_R,0.13044270358899634,0.20978921043229726,4004.0,4046.0
1.0,DC_minus_R,0.12024048096192352,0.2105037513397642,3997.0,4056.0
1.0,DC_minus_R,0.11003825833485159,0.21114683815648447,3990.0,4065.0
1.0,DC_minus_R,0.09983603570777877,0.21178992497320473,3983.0,4074.0
1.0,DC_minus_R,0.08963381308070684,0.21236155769917828,3976.0,4082.0
1.0,DC_minus_R,0.0794315904536349,0.21286173633440514,3969.0,4089.0
1.0,DC_minus_R,0.07068682820185845,0.2132904608788853,3963.0,4095.0
1.0,DC_minus_R,0.06048460557478563,0.2136477313326188,3956.0,4100.0
1.0,DC_minus_R,0.0502823829477137,0.21400500178635226,3949.0,4105.0
1.0,DC_minus_R,0.04008016032064088,0.21429081814933906,3942.0,4109.0
1.0,DC_minus_R,0.029877937693568946,0.21450518042157912,3935.0,4112.0
1.0,DC_minus_R,0.019675715066497013,0.21464808860307252,3928.0,4114.0
1.0,DC_minus_R,0.009473492439424192,0.2147195426938192,3921.0,4115.0
1.0,DC_minus_R,0.0007287301876477414,0.2147195426938192,3915.0,4115.0
0.5,FDC_L,-4.0,0.00978921043229725,1170.0,1247.0
0.5,FDC_L,-3.9897977773729276,0.009860664523043945,1177.0,1248.0
0.5,FDC_L,-3.9795955547458552,0.009860664523043945,1184.0,1248.0
0.5,FDC_L,-3.969393332118783,0.00993211861379064,1191.0,1249.0
0.5,FDC_L,-3.960648569867007,0.00993211861379064,1197.0,1249.0
0.5,FDC_L,-3.9504463472399345,0.010003572704537335,1204.0,1250.0
0.5,FDC_L,-3.940244124612862,0.01007502679528403,1211.0,1251.0
0.5,FDC_L,-3.9300419019857897,0.01007502679528403,1218.0,1251.0
0.5,FDC_L,-3.9198396793587174,0.010146480886030726,1225.0,1252.0
0.5,FDC_L,-3.909637456731645,0.01021793497677742,1232.0,1253.0
0.5,FDC_L,-3.8994352341045726,0.01021793497677742,1239.0,1253.0
0.5,FDC_L,-3.8906904718527966,0.010289389067524116,1245.0,1254.0
0.5,FDC_L,-3.880488249225724,0.010360843158270811,1252.0,1255.0
0.5,FDC_L,-3.870286026598652,0.010360843158270811,1259.0,1255.0
0.5,FDC_L,-3.8600838039715795,0.010432297249017506,1266.0,1256.0
0.5,FDC_L,-3.849881581344507,0.010503751339764202,1273.0,1257.0
0.5,FDC_L,-3.8396793587174347,0.010575205430510897,1280.0,1258.0
0.5,FDC_L,-3.8294771360903628,0.010575205430510897,1287.0,1258.0
0.5,FDC_L,-3.8192749134632904,0.010646659521257592,1294.0,1259.0
0.5,FDC_L,-3.810530151211514,0.010718113612004287,1300.0,1260.0
0.5,FDC_L,-3.8003279285844416,0.010718113612004287,1307.0,1260.0
0.5,FDC_L,-3.790125705957369,0.010789567702750982,1314.0,1261.0
0.5,FDC_L,-3.779923483330297,0.010861021793497678,1321.0,1262.0
0.5,FDC_L,-3.7697212607032244,0.010932475884244373,1328.0,1263.0
0.5,FDC_L,-3.7595190380761525,0.010932475884244373,1335.0,1263.0
0.5,FDC_L,-3.74931681544908,0.011003929974991068,1342.0,1264.0
0.5,FDC_L,-3.7405720531973037,0.011075384065737763,1348.0,1265.0
0.5,FDC_L,-3.7303698305702313,0.011075384065737763,1355.0,1265.0
0.5,FDC_L,-3.720167607943159,0.011146838156484458,1362.0,1266.0
0.5,FDC_L,-3.7099653853160866,0.011218292247231153,1369.0,1267.0
0.5,FDC_L,-3.699763162689014,0.011289746337977849,1376.0,1268.0
0.5,FDC_L,-3.6895609400619422,0.011361200428724544,1383.0,1269.0
0.5,FDC_L,-3.67935871743487,0.011361200428724544,1390.0,1269.0
0.5,FDC_L,-3.6706139551830934,0.011432654519471239,1396.0,1270.0
0.5,FDC_L,-3.660411732556021,0.011504108610217934,1403.0,1271.0
0.5,FDC_L,-3.6502095099289487,0.01157556270096463,1410.0,1272.0
0.5,FDC_L,-3.6400072873018763,0.011647016791711326,1417.0,1273.0
0.5,FDC_L,-3.6298050646748043,0.011647016791711326,1424.0,1273.0
0.5,FDC_L,-3.619602842047732,0.011718470882458022,1431.0,1274.0
0.5,FDC_L,-3.6094006194206596,0.011789924973204717,1438.0,1275.0
0.5,FDC_L,-3.600655857168883,0.011861379063951412,1444.0,1276.0
0.5,FDC_L,-3.5904536345418108,0.011932833154698107,1451.0,1277.0
0.5,FDC_L,-3.5802514119147384,0.011932833154698107,1458.0,1277.0
0.5,FDC_L,-3.5700491892876665,0.012004287245444802,1465.0,1278.0
0.5,FDC_L,-3.559846966660594,0.012075741336191497,1472.0,1279.0
0.5,FDC_L,-3.5496447440335217,0.012147195426938193,1479.0,1280.0
0.5,FDC_L,-3.5394425214064493,0.012218649517684888,1486.0,1281.0
0.5,FDC_L,-3.530697759154673,0.012290103608431583,1492.0,1282.0
0.5,FDC_L,-3.5204955365276005,0.012361557699178278,1499.0,1283.0
0.5,FDC_L,-3.5102933139005286,0.012361557699178278,1506.0,1283.0
0.5,FDC_L,-3.500091091273456,0.012433011789924973,1513.0,1284.0
0.5,FDC_L,-3.489888868646384,0.012504465880671669,1520.0,1285.0
0.5,FDC_L,-3.4796866460193114,0.012575919971418364,1527.0,1286.0
0.5,FDC_L,-3.469484423392239,0.012647374062165059,1534.0,1287.0
0.5,FDC_L,-3.4592822007651667,0.012718828152911754,1541.0,1288.0
0.5,FDC_L,-3.4505374385133907,0.01279028224365845,1547.0,1289.0
0.5,FDC_L,-3.440335215886318,0.012861736334405145,1554.0,1290.0
0.5,FDC_L,-3.430132993259246,0.01293319042515184,1561.0,1291.0
0.5,FDC_L,-3.4199307706321735,0.013004644515898535,1568.0,1292.0
0.5,FDC_L,-3.409728548005101,0.01307609860664523,1575.0,1293.0
0.5,FDC_L,-3.399526325378029,0.013147552697391925,1582.0,1294.0
0.5,FDC_L,-3.3893241027509564,0.01321900678813862,1589.0,1295.0
0.5,FDC_L,-3.38057934049918,0.013290460878885316,1595.0,1296.0
0.5,FDC_L,-3.370377117872108,0.013361914969632011,1602.0,1297.0
0.5,FDC_L,-3.3601748952450357,0.013433369060378706,1609.0,1298.0
0.5,FDC_L,-3.3499726726179633,0.013504823151125401,1616.0,1299.0
0.5,FDC_L,-3.339770449990891,0.013576277241872096,1623.0,1300.0
0.5,FDC_L,-3.3295682273638185,0.013647731332618792,1630.0,1301.0
0.5,FDC_L,-3.319366004736746,0.013719185423365487,1637.0,1302.0
0.5,FDC_L,-3.31062124248497,0.013790639514112184,1643.0,1303.0
0.5,FDC_L,-3.3004190198578978,0.013862093604858879,1650.0,1304.0
0.5,FDC_L,-3.2902167972308254,0.013933547695605574,1657.0,1305.0
0.5,FDC_L,-3.280014574603753,0.01400500178635227,1664.0,1306.0
0.5,FDC_L,-3.2698123519766806,0.014076455877098965,1671.0,1307.0
0.5,FDC_L,-3.2596101293496083,0.01414790996784566,1678.0,1308.0
0.5,FDC_L,-3.249407906722536,0.014219364058592355,1685.0,1309.0
0.5,FDC_L,-3.2406631444707594,0.01429081814933905,1691.0,1310.0
0.5,FDC_L,-3.2304609218436875,0.014362272240085745,1698.0,1311.0
0.5,FDC_L,-3.220258699216615,0.01443372633083244,1705.0,1312.0
0.5,FDC_L,-3.2100564765895427,0.014505180421579136,1712.0,1313.0
0.5,FDC_L,-3.1998542539624704,0.01457663451232583,1719.0,1314.0
0.5,FDC_L,-3.189652031335398,0.014719542693819221,1726.0,1316.0
0.5,FDC_L,-3.1794498087083256,0.014790996784565916,1733.0,1317.0
0.5,FDC_L,-3.1707050464565496,0.014862450875312612,1739.0,1318.0
0.5,FDC_L,-3.1605028238294772,0.014933904966059307,1746.0,1319.0
0.5,FDC_L,-3.150300601202405,0.015005359056806002,1753.0,1320.0
0.5,FDC_L,-3.1400983785753325,0.015076813147552697,1760.0,1321.0
0.5,FDC_L,-3.12989615594826,0.015219721329046088,1767.0,1323.0
0.5,FDC_L,-3.1196939333211877,0.015291175419792783,1774.0,1324.0
0.5,FDC_L,-3.1094917106941153,0.015362629510539478,1781.0,1325.0
0.5,FDC_L,-3.0992894880670434,0.015434083601286173,1788.0,1326.0
0.5,FDC_L,-3.090544725815267,0.015505537692032868,1794.0,1327.0
0.5,FDC_L,-3.0803425031881946,0.01564844587352626,1801.0,1329.0
0.5,FDC_L,-3.070140280561122,0.015719899964272956,1808.0,1330.0
0.5,FDC_L,-3.05993805793405,0.01579135405501965,1815.0,1331.0
0.5,FDC_L,-3.0497358353069774,0.015862808145766346,1822.0,1332.0
0.5,FDC_L,-3.0395336126799055,0.016005716327259736,1829.0,1334.0
0.5,FDC_L,-3.0293313900528327,0.01607717041800643,1836.0,1335.0
0.5,FDC_L,-3.0205866278010567,0.016148624508753127,1842.0,1336.0
0.5,FDC_L,-3.0103844051739843,0.016291532690246517,1849.0,1338.0
0.5,FDC_L,-3.000182182546912,0.01636298678099321,1856.0,1339.0
0.5,FDC_L,-2.9899799599198396,0.016434440871739908,1863.0,1340.0
0.5,FDC_L,-2.9797777372927676,0.016577349053233298,1870.0,1342.0
0.5,FDC_L,-2.969575514665695,0.01664880314397999,1877.0,1343.0
0.5,FDC_L,-2.959373292038623,0.016720257234726688,1884.0,1344.0
0.5,FDC_L,-2.959373292038623,0.016720257234726688,1884.0,1344.0
0.5,FDC_L,-2.9506285297868464,0.01686316541622008,1890.0,1346.0
0.5,FDC_L,-2.940426307159774,0.016934619506966776,1897.0,1347.0
0.5,FDC_L,-2.9302240845327017,0.017077527688460166,1904.0,1349.0
0.5,FDC_L,-2.9200218619056297,0.01714898177920686,1911.0,1350.0
0.5,FDC_L,-2.909819639278557,0.017220435869953556,1918.0,1351.0
0.5,FDC_L,-2.899617416651485,0.017363344051446947,1925.0,1353.0
0.5,FDC_L,-2.889415194024412,0.01743479814219364,1932.0,1354.0
0.5,FDC_L,-2.880670431772636,0.01757770632368703,1938.0,1356.0
0.5,FDC_L,-2.8704682091455638,0.017649160414433727,1945.0,1357.0
0.5,FDC_L,-2.860265986518492,0.017792068595927118,1952.0,1359.0
0.5,FDC_L,-2.850063763891419,0.01786352268667381,1959.0,1360.0
0.5,FDC_L,-2.839861541264347,0.0180064308681672,1966.0,1362.0
0.5,FDC_L,-2.8296593186372743,0.0180778849589139,1973.0,1363.0
0.5,FDC_L,-2.8194570960102023,0.01822079314040729,1980.0,1365.0
0.5,FDC_L,-2.810712333758426,0.018292247231153982,1986.0,1366.0
0.5,FDC_L,-2.8005101111313535,0.018435155412647373,1993.0,1368.0
0.5,FDC_L,-2.790307888504281,0.01850660950339407,2000.0,1369.0
0.5,FDC_L,-2.780105665877209,0.01864951768488746,2007.0,1371.0
0.5,FDC_L,-2.7699034432501364,0.01879242586638085,2014.0,1373.0
0.5,FDC_L,-2.7597012206230644,0.018863879957127544,2021.0,1374.0
0.5,FDC_L,-2.749498997995992,0.019006788138620934,2028.0,1376.0
0.5,FDC_L,-2.7392967753689197,0.019149696320114328,2035.0,1378.0
0.5,FDC_L,-2.7305520131171432,0.01922115041086102,2041.0,1379.0
0.5,FDC_L,-2.7203497904900713,0.019364058592354412,2048.0,1381.0
0.5,FDC_L,-2.7101475678629985,0.019506966773847802,2055.0,1383.0
0.5,FDC_L,-2.6999453452359266,0.0195784208645945,2062.0,1384.0
0.5,FDC_L,-2.689743122608854,0.01972132904608789,2069.0,1386.0
0.5,FDC_L,-2.679540899981782,0.01986423722758128,2076.0,1388.0
0.5,FDC_L,-2.6693386773547094,0.02000714540907467,2083.0,1390.0
0.5,FDC_L,-2.6605939151029334,0.020078599499821364,2089.0,1391.0
0.5,FDC_L,-2.6503916924758606,0.020221507681314754,2096.0,1393.0
0.5,FDC_L,-2.6401894698487887,0.020364415862808145,2103.0,1395.0
0.5,FDC_L,-2.629987247221716,0.020507324044301535,2110.0,1397.0
0.5,FDC_L,-2.619785024594644,0.020650232225794925,2117.0,1399.0
0.5,FDC_L,-2.6095828019675715,0.020793140407288316,2124.0,1401.0
0.5,FDC_L,-2.599380579340499,0.020864594498035013,2131.0,1402.0
0.5,FDC_L,-2.5906358170887227,0.021007502679528403,2137.0,1404.0
0.5,FDC_L,-2.5804335944616508,0.021150410861021793,2144.0,1406.0
0.5,FDC_L,-2.570231371834578,0.021293319042515184,2151.0,1408.0
0.5,FDC_L,-2.560029149207506,0.021436227224008574,2158.0,1410.0
0.5,FDC_L,-2.5498269265804336,0.021579135405501965,2165.0,1412.0
0.5,FDC_L,-2.5396247039533613,0.021722043586995355,2172.0,1414.0
0.5,FDC_L,-2.529422481326289,0.021864951768488745,2179.0,1416.0
0.5,FDC_L,-2.520677719074513,0.022007859949982136,2185.0,1418.0
0.5,FDC_L,-2.51047549644744,0.022150768131475526,2192.0,1420.0
0.5,FDC_L,-2.500273273820368,0.022293676312968917,2199.0,1422.0
0.5,FDC_L,-2.4900710511932957,0.022436584494462307,2206.0,1424.0
0.5,FDC_L,-2.4798688285662234,0.022650946766702394,2213.0,1427.0
0.5,FDC_L,-2.469666605939151,0.022793854948195785,2220.0,1429.0
0.5,FDC_L,-2.4594643833120786,0.022936763129689175,2227.0,1431.0
0.5,FDC_L,-2.450719621060302,0.023079671311182565,2233.0,1433.0
0.5,FDC_L,-2.4405173984332302,0.023222579492675956,2240.0,1435.0
0.5,FDC_L,-2.430315175806158,0.023365487674169346,2247.0,1437.0
0.5,FDC_L,-2.4201129531790855,0.023579849946409433,2254.0,1440.0
0.5,FDC_L,-2.409910730552013,0.023722758127902824,2261.0,1442.0
0.5,FDC_L,-2.3997085079249407,0.023865666309396214,2268.0,1444.0
0.5,FDC_L,-2.389506285297869,0.024008574490889605,2275.0,1446.0
0.5,FDC_L,-2.379304062670796,0.02422293676312969,2282.0,1449.0
0.5,FDC_L,-2.37055930041902,0.02436584494462308,2288.0,1451.0
0.5,FDC_L,-2.3603570777919476,0.02450875312611647,2295.0,1453.0
0.5,FDC_L,-2.350154855164875,0.024723115398356556,2302.0,1456.0
0.5,FDC_L,-2.339952632537803,0.024866023579849947,2309.0,1458.0
0.5,FDC_L,-2.3297504099107305,0.02508038585209003,2316.0,1461.0
0.5,FDC_L,-2.319548187283658,0.02522329403358342,2323.0,1463.0
0.5,FDC_L,-2.309345964656586,0.02543765630582351,2330.0,1466.0
0.5,FDC_L,-2.3006012024048097,0.0255805644873169,2336.0,1468.0
0.5,FDC_L,-2.2903989797777373,0.025794926759556986,2343.0,1471.0
0.5,FDC_L,-2.280196757150665,0.025937834941050376,2350.0,1473.0
0.5,FDC_L,-2.2699945345235926,0.02615219721329046,2357.0,1476.0
0.5,FDC_L,-2.25979231189652,0.026366559485530548,2364.0,1479.0
0.5,FDC_L,-2.2495900892694483,0.026509467667023938,2371.0,1481.0
0.5,FDC_L,-2.2393878666423754,0.026723829939264022,2378.0,1484.0
0.5,FDC_L,-2.2306431043905994,0.02693819221150411,2384.0,1487.0
0.5,FDC_L,-2.220440881763527,0.0270811003929975,2391.0,1489.0
0.5,FDC_L,-2.2102386591364547,0.027295462665237583,2398.0,1492.0
0.5,FDC_L,-2.2000364365093823,0.02750982493747767,2405.0,1495.0
0.5,FDC_L,-2.1898342138823104,0.027724187209717758,2412.0,1498.0
0.5,FDC_L,-2.1796319912552375,0.027867095391211148,2419.0,1500.0
0.5,FDC_L,-2.1694297686281656,0.028081457663451232,2426.0,1503.0
0.5,FDC_L,-2.160685006376389,0.02829581993569132,2432.0,1506.0
0.5,FDC_L,-2.150482783749317,0.028510182207931403,2439.0,1509.0
0.5,FDC_L,-2.1402805611222444,0.02872454448017149,2446.0,1512.0
0.5,FDC_L,-2.1300783384951725,0.028938906752411574,2453.0,1515.0
0.5,FDC_L,-2.1198761158680997,0.02915326902465166,2460.0,1518.0
0.5,FDC_L,-2.1096738932410277,0.029367631296891746,2467.0,1521.0
0.5,FDC_L,-2.099471670613955,0.029581993569131833,2474.0,1524.0
0.5,FDC_L,-2.090726908362179,0.029867809932118614,2480.0,1528.0
0.5,FDC_L,-2.0805246857351065,0.0300821722043587,2487.0,1531.0
0.5,FDC_L,-2.0703224631080346,0.030296534476598785,2494.0,1534.0
0.5,FDC_L,-2.0601202404809618,0.030510896748838872,2501.0,1537.0
0.5,FDC_L,-2.04991801785389,0.030725259021078956,2508.0,1540.0
0.5,FDC_L,-2.039715795226817,0.031011075384065737,2515.0,1544.0
0.5,FDC_L,-2.029513572599745,0.031225437656305824,2522.0,1547.0
0.5,FDC_L,-2.0193113499726727,0.03143979992854591,2529.0,1550.0
0.5,FDC_L,-2.0105665877208962,0.03172561629153269,2535.0,1554.0
0.5,FDC_L,-2.000364365093824,0.03193997856377278,2542.0,1557.0
0.5,FDC_L,-1.9901621424667515,0.03222579492675956,2549.0,1561.0
0.5,FDC_L,-1.9799599198396796,0.03244015719899964,2556.0,1564.0
0.5,FDC_L,-1.9697576972126072,0.03272597356198642,2563.0,1568.0
0.5,FDC_L,-1.9595554745855348,0.03294033583422651,2570.0,1571.0
0.5,FDC_L,-1.9493532519584624,0.03322615219721329,2577.0,1575.0
0.5,FDC_L,-1.940608489706686,0.03351196856020007,2583.0,1579.0
0.5,FDC_L,-1.9304062670796136,0.03372633083244016,2590.0,1582.0
0.5,FDC_L,-1.9202040444525412,0.03401214719542694,2597.0,1586.0
0.5,FDC_L,-1.9202040444525412,0.03401214719542694,2597.0,1586.0
0.5,FDC_L,-1.9100018218254693,0.03429796355841372,2604.0,1590.0
0.5,FDC_L,-1.899799599198397,0.0345837799214005,2611.0,1594.0
0.5,FDC_L,-1.8895973765713245,0.03486959628438728,2618.0,1598.0
0.5,FDC_L,-1.8793951539442522,0.03515541264737406,2625.0,1602.0
0.5,FDC_L,-1.8706503916924757,0.03544122901036084,2631.0,1606.0
0.5,FDC_L,-1.8604481690654033,0.03572704537334762,2638.0,1610.0
0.5,FDC_L,-1.8502459464383314,0.0360128617363344,2645.0,1614.0
0.5,FDC_L,-1.840043723811259,0.036298678099321184,2652.0,1618.0
0.5,FDC_L,-1.8298415011841866,0.036584494462307965,2659.0,1622.0
0.5,FDC_L,-1.8196392785571143,0.036870310825294746,2666.0,1626.0
0.5,FDC_L,-1.809437055930042,0.03722758127902823,2673.0,1631.0
0.5,FDC_L,-1.8006922936782654,0.03751339764201501,2679.0,1635.0
0.5,FDC_L,-1.7904900710511935,0.03779921400500179,2686.0,1639.0
0.5,FDC_L,-1.7802878484241211,0.03815648445873526,2693.0,1644.0
0.5,FDC_L,-1.7700856257970488,0.03844230082172204,2700.0,1648.0
0.5,FDC_L,-1.7598834031699764,0.03879957127545552,2707.0,1653.0
0.5,FDC_L,-1.749681180542904,0.0390853876384423,2714.0,1657.0
0.5,FDC_L,-1.7394789579158316,0.03944265809217578,2721.0,1662.0
0.5,FDC_L,-1.7292767352887592,0.039799928545909254,2728.0,1667.0
0.5,FDC_L,-1.7205319730369832,0.040085744908896034,2734.0,1671.0
0.5,FDC_L,-1.7103297504099109,0.04044301536262951,2741.0,1676.0
0.5,FDC_L,-1.7001275277828385,0.04080028581636299,2748.0,1681.0
0.5,FDC_L,-1.689925305155766,0.041157556270096464,2755.0,1686.0
0.5,FDC_L,-1.6797230825286937,0.04151482672382994,2762.0,1691.0
0.5,FDC_L,-1.6695208599016214,0.04187209717756341,2769.0,1696.0
0.5,FDC_L,-1.659318637274549,0.042229367631296894,2776.0,1701.0
0.5,FDC_L,-1.650573875022773,0.04258663808503037,2782.0,1706.0
0.5,FDC_L,-1.6403716523957006,0.04294390853876384,2789.0,1711.0
0.5,FDC_L,-1.6301694297686282,0.04337263308324402,2796.0,1717.0
0.5,FDC_L,-1.6199672071415558,0.04372990353697749,2803.0,1722.0
0.5,FDC_L,-1.6097649845144835,0.044087173990710965,2810.0,1727.0
0.5,FDC_L,-1.599562761887411,0.04451589853519114,2817.0,1733.0
0.5,FDC_L,-1.5893605392603387,0.044873168988924614,2824.0,1738.0
0.5,FDC_L,-1.5806157770085627,0.04530189353340479,2830.0,1744.0
0.5,FDC_L,-1.5704135543814903,0.045730618077884956,2837.0,1750.0
0.5,FDC_L,-1.560211331754418,0.04608788853161844,2844.0,1755.0
0.5,FDC_L,-1.5500091091273456,0.046516613076098605,2851.0,1761.0
0.5,FDC_L,-1.5398068865002732,0.04694533762057878,2858.0,1767.0
0.5,FDC_L,-1.5296046638732008,0.04737406216505895,2865.0,1773.0
0.5,FDC_L,-1.5194024412461284,0.04780278670953912,2872.0,1779.0
0.5,FDC_L,-1.5106576789943524,0.04823151125401929,2878.0,1785.0
0.5,FDC_L,-1.50045545636728,0.048660235798499464,2885.0,1791.0
0.5,FDC_L,-1.4902532337402077,0.04916041443372633,2892.0,1798.0
0.5,FDC_L,-1.4800510111131353,0.0495891389782065,2899.0,1804.0
0.5,FDC_L,-1.469848788486063,0.050017863522686674,2906.0,1810.0
0.5,FDC_L,-1.4596465658589906,0.05051804215791354,2913.0,1817.0
0.5,FDC_L,-1.4494443432319182,0.05094676670239371,2920.0,1823.0
0.5,FDC_L,-1.4406995809801422,0.05144694533762058,2926.0,1830.0
0.5,FDC_L,-1.4304973583530698,0.051947123972847446,2933.0,1837.0
0.5,FDC_L,-1.4202951357259974,0.052447302608074314,2940.0,1844.0
0.5,FDC_L,-1.410092913098925,0.05294748124330118,2947.0,1851.0
0.5,FDC_L,-1.3998906904718527,0.053447659878528044,2954.0,1858.0
0.5,FDC_L,-1.3896884678447803,0.05394783851375491,2961.0,1865.0
0.5,FDC_L,-1.3794862452177084,0.05444801714898178,2968.0,1872.0
0.5,FDC_L,-1.369284022590636,0.05494819578420865,2975.0,1879.0
0.5,FDC_L,-1.3605392603388595,0.05551982851018221,2981.0,1887.0
0.5,FDC_L,-1.3503370377117871,0.05602000714540908,2988.0,1894.0
0.5,FDC_L,-1.3401348150847148,0.05659163987138264,2995.0,1902.0
0.5,FDC_L,-1.3299325924576424,0.05709181850660951,3002.0,1909.0
0.5,FDC_L,-1.31973036983057,0.05766345123258307,3009.0,1917.0
0.5,FDC_L,-1.309528147203498,0.05823508395855663,3016.0,1925.0
0.5,FDC_L,-1.2993259245764257,0.05880671668453019,3023.0,1933.0
0.5,FDC_L,-1.2905811623246493,0.05937834941050375,3029.0,1941.0
0.5,FDC_L,-1.2803789396975769,0.059949982136477314,3036.0,1949.0
0.5,FDC_L,-1.2701767170705045,0.060521614862450876,3043.0,1957.0
0.5,FDC_L,-1.2599744944434321,0.06116470167917113,3050.0,1966.0
0.5,FDC_L,-1.2497722718163602,0.06173633440514469,3057.0,1974.0
0.5,FDC_L,-1.2395700491892878,0.062379421221864954,3064.0,1983.0
0.5,FDC_L,-1.2293678265622154,0.06295105394783851,3071.0,1991.0
0.5,FDC_L,-1.220623064310439,0.06359414076455877,3077.0,2000.0
0.5,FDC_L,-1.2104208416833666,0.06423722758127903,3084.0,2009.0
0.5,FDC_L,-1.2002186190562942,0.06488031439799928,3091.0,2018.0
0.5,FDC_L,-1.1900163964292223,0.06552340121471954,3098.0,2027.0
0.5,FDC_L,-1.17981417380215,0.06623794212218649,3105.0,2037.0
0.5,FDC_L,-1.1696119511750775,0.06688102893890675,3112.0,2046.0
0.5,FDC_L,-1.1594097285480052,0.0675955698463737,3119.0,2056.0
0.5,FDC_L,-1.1506649662962287,0.06823865666309396,3125.0,2065.0
0.5,FDC_L,-1.1404627436691563,0.06895319757056091,3132.0,2075.0
0.5,FDC_L,-1.130260521042084,0.06966773847802786,3139.0,2085.0
0.5,FDC_L,-1.120058298415012,0.07038227938549482,3146.0,2095.0
0.5,FDC_L,-1.1098560757879397,0.07109682029296177,3153.0,2105.0
0.5,FDC_L,-1.0996538531608673,0.07181136120042872,3160.0,2115.0
0.5,FDC_L,-1.089451630533795,0.07259735619864237,3167.0,2126.0
0.5,FDC_L,-1.0807068682820185,0.07331189710610933,3173.0,2136.0
0.5,FDC_L,-1.070504645654946,0.07409789210432298,3180.0,2147.0
0.5,FDC_L,-1.0603024230278741,0.07488388710253661,3187.0,2158.0
0.5,FDC_L,-1.0501002004008018,0.07566988210075026,3194.0,2169.0
0.5,FDC_L,-1.0398979777737294,0.07645587709896391,3201.0,2180.0
0.5,FDC_L,-1.029695755146657,0.07724187209717756,3208.0,2191.0
0.5,FDC_L,-1.0194935325195846,0.07802786709539121,3215.0,2202.0
0.5,FDC_L,-1.0092913098925123,0.07888531618435156,3222.0,2214.0
0.5,FDC_L,-1.0005465476407358,0.0797427652733119,3228.0,2226.0
0.5,FDC_L,-0.9903443250136639,0.08060021436227224,3235.0,2238.0
0.5,FDC_L,-0.9801421023865915,0.08145766345123258,3242.0,2250.0
0.5,FDC_L,-0.9699398797595191,0.08231511254019293,3249.0,2262.0
0.5,FDC_L,-0.9597376571324467,0.08317256162915326,3256.0,2274.0
0.5,FDC_L,-0.9495354345053744,0.08403001071811361,3263.0,2286.0
0.5,FDC_L,-0.939333211878302,0.08495891389782065,3270.0,2299.0
0.5,FDC_L,-0.930588449626526,0.08588781707752768,3276.0,2312.0
0.5,FDC_L,-0.9203862269994536,0.08681672025723473,3283.0,2325.0
0.5,FDC_L,-0.9101840043723812,0.08774562343694177,3290.0,2338.0
0.5,FDC_L,-0.8999817817453089,0.0886745266166488,3297.0,2351.0
0.5,FDC_L,-0.8897795591182365,0.08960342979635584,3304.0,2364.0
0.5,FDC_L,-0.8795773364911641,0.09060378706680958,3311.0,2378.0
0.5,FDC_L,-0.8795773364911641,0.09060378706680958,3311.0,2378.0
0.5,FDC_L,-0.8693751138640917,0.09160414433726331,3318.0,2392.0
0.5,FDC_L,-0.8606303516123157,0.09253304751697035,3324.0,2405.0
0.5,FDC_L,-0.8504281289852433,0.09353340478742408,3331.0,2419.0
0.5,FDC_L,-0.840225906358171,0.09460521614862451,3338.0,2434.0
0.5,FDC_L,-0.8300236837310986,0.09560557341907824,3345.0,2448.0
0.5,FDC_L,-0.8198214611040262,0.09667738478027867,3352.0,2463.0
0.5,FDC_L,-0.8096192384769538,0.0976777420507324,3359.0,2477.0
0.5,FDC_L,-0.7994170158498815,0.09874955341193284,3366.0,2492.0
0.5,FDC_L,-0.7906722535981054,0.09982136477313326,3372.0,2507.0
0.5,FDC_L,-0.7804700309710331,0.10089317613433368,3379.0,2522.0
0.5,FDC_L,-0.7702678083439607,0.10203644158628082,3386.0,2538.0
0.5,FDC_L,-0.7600655857168883,0.10310825294748124,3393.0,2553.0
0.5,FDC_L,-0.7498633630898159,0.10425151839942837,3400.0,2569.0
0.5,FDC_L,-0.7396611404627436,0.10539478385137549,3407.0,2585.0
0.5,FDC_L,-0.7294589178356712,0.10653804930332261,3414.0,2601.0
0.5,FDC_L,-0.7207141555838952,0.10768131475526974,3420.0,2617.0
0.5,FDC_L,-0.7105119329568228,0.10882458020721686,3427.0,2633.0
0.5,FDC_L,-0.7003097103297504,0.11003929974991068,3434.0,2650.0
0.5,FDC_L,-0.690107487702678,0.1111825652018578,3441.0,2666.0
0.5,FDC_L,-0.6799052650756057,0.11239728474455163,3448.0,2683.0
0.5,FDC_L,-0.6697030424485333,0.11361200428724544,3455.0,2700.0
0.5,FDC_L,-0.6595008198214609,0.11482672382993926,3462.0,2717.0
0.5,FDC_L,-0.649298597194389,0.11604144337263309,3469.0,2734.0
0.5,FDC_L,-0.6405538349426125,0.11725616291532691,3475.0,2751.0
0.5,FDC_L,-0.6303516123155402,0.11854233654876742,3482.0,2769.0
0.5,FDC_L,-0.6201493896884678,0.11982851018220793,3489.0,2787.0
0.5,FDC_L,-0.6099471670613954,0.12104322972490175,3496.0,2804.0
0.5,FDC_L,-0.599744944434323,0.12232940335834226,3503.0,2822.0
0.5,FDC_L,-0.5895427218072506,0.12361557699178279,3510.0,2840.0
0.5,FDC_L,-0.5793404991801787,0.1249017506252233,3517.0,2858.0
0.5,FDC_L,-0.5705957369284023,0.12618792425866382,3523.0,2876.0
0.5,FDC_L,-0.5603935143013299,0.12754555198285103,3530.0,2895.0
0.5,FDC_L,-0.5501912916742575,0.12883172561629153,3537.0,2913.0
0.5,FDC_L,-0.5399890690471851,0.13018935334047874,3544.0,2932.0
0.5,FDC_L,-0.5297868464201128,0.13147552697391926,3551.0,2950.0
0.5,FDC_L,-0.5195846237930408,0.13283315469810647,3558.0,2969.0
0.5,FDC_L,-0.5093824011659684,0.134119328331547,3565.0,2987.0
0.5,FDC_L,-0.500637638914192,0.1354769560557342,3571.0,3006.0
0.5,FDC_L,-0.4904354162871196,0.1368345837799214,3578.0,3025.0
0.5,FDC_L,-0.48023319366004724,0.1381922115041086,3585.0,3044.0
0.5,FDC_L,-0.47003097103297486,0.13947838513754912,3592.0,3062.0
0.5,FDC_L,-0.45982874840590293,0.14083601286173633,3599.0,3081.0
0.5,FDC_L,-0.44962652577883055,0.14219364058592354,3606.0,3100.0
0.5,FDC_L,-0.4394243031517582,0.14355126831011075,3613.0,3119.0
0.5,FDC_L,-0.4306795408999817,0.14490889603429796,3619.0,3138.0
0.5,FDC_L,-0.42047731827290935,0.1461950696677385,3626.0,3156.0
0.5,FDC_L,-0.410275095645837,0.1475526973919257,3633.0,3175.0
0.5,FDC_L,-0.4000728730187646,0.1489103251161129,3640.0,3194.0
0.5,FDC_L,-0.38987065039169266,0.1501964987495534,3647.0,3212.0
0.5,FDC_L,-0.3796684277646203,0.15148267238299393,3654.0,3230.0
0.5,FDC_L,-0.3694662051375479,0.15284030010718114,3661.0,3249.0
0.5,FDC_L,-0.36072144288577146,0.15412647374062166,3667.0,3267.0
0.5,FDC_L,-0.3505192202586991,0.15541264737406216,3674.0,3285.0
0.5,FDC_L,-0.3403169976316267,0.15669882100750268,3681.0,3303.0
0.5,FDC_L,-0.3301147750045548,0.1579135405501965,3688.0,3320.0
0.5,FDC_L,-0.3199125523774824,0.15912826009289033,3695.0,3337.0
0.5,FDC_L,-0.30971032975041,0.16041443372633082,3702.0,3355.0
0.5,FDC_L,-0.29950810712333764,0.16155769917827795,3709.0,3371.0
0.5,FDC_L,-0.28930588449626526,0.16277241872097178,3716.0,3388.0
0.5,FDC_L,-0.2805611222444888,0.1639156841729189,3722.0,3404.0
0.5,FDC_L,-0.27035889961741644,0.16505894962486603,3729.0,3420.0
0.5,FDC_L,-0.2601566769903445,0.16620221507681315,3736.0,3436.0
0.5,FDC_L,-0.24995445436327213,0.1672740264380136,3743.0,3451.0
0.5,FDC_L,-0.23975223173619975,0.168345837799214,3750.0,3466.0
0.5,FDC_L,-0.22955000910912737,0.16941764916041444,3757.0,3481.0
0.5,FDC_L,-0.219347786482055,0.17041800643086816,3764.0,3495.0
0.5,FDC_L,-0.21060302423027855,0.1713469096105752,3770.0,3508.0
0.5,FDC_L,-0.2004008016032066,0.17227581279028226,3777.0,3521.0
0.5,FDC_L,-0.19019857897613424,0.1732047159699893,3784.0,3534.0
0.5,FDC_L,-0.17999635634906186,0.17406216505894961,3791.0,3546.0
0.5,FDC_L,-0.16979413372198948,0.17491961414790996,3798.0,3558.0
0.5,FDC_L,-0.1595919110949171,0.17570560914612363,3805.0,3569.0
0.5,FDC_L,-0.14938968846784473,0.17649160414433726,3812.0,3580.0
0.5,FDC_L,-0.14064492621606872,0.17713469096105752,3818.0,3589.0
0.5,FDC_L,-0.13044270358899634,0.17784923186852447,3825.0,3599.0
0.5,FDC_L,-0.12024048096192397,0.17849231868524473,3832.0,3608.0
0.5,FDC_L,-0.11003825833485159,0.17906395141121828,3839.0,3616.0
0.5,FDC_L,-0.09983603570777921,0.17956413004644517,3846.0,3623.0
0.5,FDC_L,-0.08963381308070684,0.18006430868167203,3853.0,3630.0
0.5,FDC_L,-0.07943159045363446,0.1804930332261522,3860.0,3636.0
0.5,FDC_L,-0.07068682820185845,0.18085030367988567,3866.0,3641.0
0.5,FDC_L,-0.06048460557478608,0.18120757413361915,3873.0,3646.0
0.5,FDC_L,-0.0502823829477137,0.18149339049660593,3880.0,3650.0
0.5,FDC_L,-0.04008016032064132,0.18170775276884601,3887.0,3653.0
0.5,FDC_L,-0.029877937693568946,0.1819221150410861,3894.0,3656.0
0.5,FDC_L,-0.01967571506649657,0.1820650232225795,3901.0,3658.0
0.5,FDC_L,-0.009473492439424192,0.1821364773133262,3908.0,3659.0
0.5,FDC_L,0.0007287301876477414,0.1821364773133262,3915.0,3659.0
0.5,DC_L,4.0,0.00978921043229725,6659.0,1247.0
0.5,DC_L,3.989797777372928,0.009860664523043945,6652.0,1248.0
0.5,DC_L,3.9795955547458552,0.009860664523043945,6645.0,1248.0
0.5,DC_L,3.9693933321187833,0.00993211861379064,6638.0,1249.0
0.5,DC_L,3.960648569867007,0.00993211861379064,6632.0,1249.0
0.5,DC_L,3.950446347239934,0.010003572704537335,6625.0,1250.0
0.5,DC_L,3.940244124612862,0.01007502679528403,6618.0,1251.0
0.5,DC_L,3.93004190198579,0.01007502679528403,6611.0,1251.0
0.5,DC_L,3.9198396793587174,0.010146480886030726,6604.0,1252.0
0.5,DC_L,3.9096374567316454,0.01021793497677742,6597.0,1253.0
0.5,DC_L,3.8994352341045726,0.01021793497677742,6590.0,1253.0
0.5,DC_L,3.890690471852796,0.010289389067524116,6584.0,1254.0
0.5,DC_L,3.880488249225724,0.010360843158270811,6577.0,1255.0
0.5,DC_L,3.8702860265986523,0.010360843158270811,6570.0,1255.0
0.5,DC_L,3.8600838039715795,0.010432297249017506,6563.0,1256.0
0.5,DC_L,3.8498815813445075,0.010503751339764202,6556.0,1257.0
0.5,DC_L,3.8396793587174347,0.010575205430510897,6549.0,1258.0
0.5,DC_L,3.8294771360903628,0.010575205430510897,6542.0,1258.0
0.5,DC_L,3.81927491346329,0.010646659521257592,6535.0,1259.0
0.5,DC_L,3.8105301512115135,0.010718113612004287,6529.0,1260.0
0.5,DC_L,3.8003279285844416,0.010718113612004287,6522.0,1260.0
0.5,DC_L,3.7901257059573696,0.010789567702750982,6515.0,1261.0
0.5,DC_L,3.779923483330297,0.010861021793497678,6508.0,1262.0
0.5,DC_L,3.769721260703225,0.010932475884244373,6501.0,1263.0
0.5,DC_L,3.759519038076152,0.010932475884244373,6494.0,1263.0
0.5,DC_L,3.74931681544908,0.011003929974991068,6487.0,1264.0
0.5,DC_L,3.7405720531973037,0.011075384065737763,6481.0,1265.0
0.5,DC_L,3.7303698305702317,0.011146838156484458,6474.0,1266.0
0.5,DC_L,3.720167607943159,0.011146838156484458,6467.0,1266.0
0.5,DC_L,3.709965385316087,0.011218292247231153,6460.0,1267.0
0.5,DC_L,3.699763162689014,0.011289746337977849,6453.0,1268.0
0.5,DC_L,3.6895609400619422,0.011361200428724544,6446.0,1269.0
0.5,DC_L,3.6793587174348694,0.011361200428724544,6439.0,1269.0
0.5,DC_L,3.670613955183094,0.011432654519471239,6433.0,1270.0
0.5,DC_L,3.660411732556021,0.011504108610217934,6426.0,1271.0
0.5,DC_L,3.650209509928949,0.01157556270096463,6419.0,1272.0
0.5,DC_L,3.6400072873018763,0.011647016791711326,6412.0,1273.0
0.5,DC_L,3.6298050646748043,0.011647016791711326,6405.0,1273.0
0.5,DC_L,3.6196028420477315,0.011718470882458022,6398.0,1274.0
0.5,DC_L,3.6094006194206596,0.011789924973204717,6391.0,1275.0
0.5,DC_L,3.600655857168883,0.011861379063951412,6385.0,1276.0
0.5,DC_L,3.590453634541811,0.011932833154698107,6378.0,1277.0
0.5,DC_L,3.5802514119147384,0.011932833154698107,6371.0,1277.0
0.5,DC_L,3.5700491892876665,0.012004287245444802,6364.0,1278.0
0.5,DC_L,3.5598469666605936,0.012075741336191497,6357.0,1279.0
0.5,DC_L,3.5496447440335217,0.012147195426938193,6350.0,1280.0
0.5,DC_L,3.539442521406449,0.012218649517684888,6343.0,1281.0
0.5,DC_L,3.5306977591546733,0.012290103608431583,6337.0,1282.0
0.5,DC_L,3.5204955365276005,0.012361557699178278,6330.0,1283.0
0.5,DC_L,3.5102933139005286,0.012433011789924973,6323.0,1284.0
0.5,DC_L,3.5000910912734557,0.012433011789924973,6316.0,1284.0
0.5,DC_L,3.489888868646384,0.012504465880671669,6309.0,1285.0
0.5,DC_L,3.479686646019311,0.012575919971418364,6302.0,1286.0
0.5,DC_L,3.469484423392239,0.012647374062165059,6295.0,1287.0
0.5,DC_L,3.459282200765167,0.012718828152911754,6288.0,1288.0
0.5,DC_L,3.4505374385133907,0.01279028224365845,6282.0,1289.0
0.5,DC_L,3.440335215886318,0.012861736334405145,6275.0,1290.0
0.5,DC_L,3.430132993259246,0.01293319042515184,6268.0,1291.0
0.5,DC_L,3.419930770632173,0.013004644515898535,6261.0,1292.0
0.5,DC_L,3.409728548005101,0.01307609860664523,6254.0,1293.0
0.5,DC_L,3.3995263253780283,0.013147552697391925,6247.0,1294.0
0.5,DC_L,3.3893241027509564,0.01321900678813862,6240.0,1295.0
0.5,DC_L,3.38057934049918,0.013290460878885316,6234.0,1296.0
0.5,DC_L,3.370377117872108,0.013361914969632011,6227.0,1297.0
0.5,DC_L,3.360174895245035,0.013433369060378706,6220.0,1298.0
0.5,DC_L,3.3499726726179633,0.013504823151125401,6213.0,1299.0
0.5,DC_L,3.3397704499908905,0.013576277241872096,6206.0,1300.0
0.5,DC_L,3.3295682273638185,0.013647731332618792,6199.0,1301.0
0.5,DC_L,3.3193660047367466,0.013719185423365487,6192.0,1302.0
0.5,DC_L,3.31062124248497,0.013790639514112184,6186.0,1303.0
0.5,DC_L,3.3004190198578973,0.013862093604858879,6179.0,1304.0
0.5,DC_L,3.2902167972308254,0.013933547695605574,6172.0,1305.0
0.5,DC_L,3.2800145746037526,0.01400500178635227,6165.0,1306.0
0.5,DC_L,3.2698123519766806,0.014076455877098965,6158.0,1307.0
0.5,DC_L,3.2596101293496087,0.01414790996784566,6151.0,1308.0
0.5,DC_L,3.249407906722536,0.014219364058592355,6144.0,1309.0
0.5,DC_L,3.2406631444707594,0.01429081814933905,6138.0,1310.0
0.5,DC_L,3.2304609218436875,0.014362272240085745,6131.0,1311.0
0.5,DC_L,3.2202586992166147,0.01443372633083244,6124.0,1312.0
0.5,DC_L,3.2100564765895427,0.014505180421579136,6117.0,1313.0
0.5,DC_L,3.199854253962471,0.014648088603072526,6110.0,1315.0
0.5,DC_L,3.189652031335398,0.014719542693819221,6103.0,1316.0
0.5,DC_L,3.179449808708326,0.014790996784565916,6096.0,1317.0
0.5,DC_L,3.1707050464565496,0.014862450875312612,6090.0,1318.0
0.5,DC_L,3.160502823829477,0.014933904966059307,6083.0,1319.0
0.5,DC_L,3.150300601202405,0.015005359056806002,6076.0,1320.0
0.5,DC_L,3.140098378575333,0.015076813147552697,6069.0,1321.0
0.5,DC_L,3.12989615594826,0.015219721329046088,6062.0,1323.0
0.5,DC_L,3.119693933321188,0.015291175419792783,6055.0,1324.0
0.5,DC_L,3.1094917106941153,0.015362629510539478,6048.0,1325.0
0.5,DC_L,3.0992894880670434,0.015434083601286173,6041.0,1326.0
0.5,DC_L,3.090544725815267,0.015505537692032868,6035.0,1327.0
0.5,DC_L,3.080342503188194,0.01564844587352626,6028.0,1329.0
0.5,DC_L,3.070140280561122,0.015719899964272956,6021.0,1330.0
0.5,DC_L,3.0599380579340503,0.01579135405501965,6014.0,1331.0
0.5,DC_L,3.0497358353069774,0.015862808145766346,6007.0,1332.0
0.5,DC_L,3.0395336126799055,0.016005716327259736,6000.0,1334.0
0.5,DC_L,3.0293313900528327,0.01607717041800643,5993.0,1335.0
0.5,DC_L,3.0205866278010562,0.016148624508753127,5987.0,1336.0
0.5,DC_L,3.0103844051739843,0.016291532690246517,5980.0,1338.0
0.5,DC_L,3.0001821825469124,0.01636298678099321,5973.0,1339.0
0.5,DC_L,2.9899799599198396,0.016434440871739908,5966.0,1340.0
0.5,DC_L,2.9797777372927676,0.016577349053233298,5959.0,1342.0
0.5,DC_L,2.969575514665695,0.01664880314397999,5952.0,1343.0
0.5,DC_L,2.959373292038623,0.016720257234726688,5945.0,1344.0
0.5,DC_L,2.959373292038623,0.016720257234726688,5945.0,1344.0
0.5,DC_L,2.9506285297868464,0.01686316541622008,5939.0,1346.0
0.5,DC_L,2.9404263071597745,0.016934619506966776,5932.0,1347.0
0.5,DC_L,2.9302240845327017,0.017077527688460166,5925.0,1349.0
0.5,DC_L,2.9200218619056297,0.01714898177920686,5918.0,1350.0
0.5,DC_L,2.909819639278557,0.017220435869953556,5911.0,1351.0
0.5,DC_L,2.899617416651485,0.017363344051446947,5904.0,1353.0
0.5,DC_L,2.889415194024412,0.01743479814219364,5897.0,1354.0
0.5,DC_L,2.8806704317726366,0.01757770632368703,5891.0,1356.0
0.5,DC_L,2.8704682091455638,0.017649160414433727,5884.0,1357.0
0.5,DC_L,2.860265986518492,0.017792068595927118,5877.0,1359.0
0.5,DC_L,2.850063763891419,0.01786352268667381,5870.0,1360.0
0.5,DC_L,2.839861541264347,0.0180064308681672,5863.0,1362.0
0.5,DC_L,2.8296593186372743,0.0180778849589139,5856.0,1363.0
0.5,DC_L,2.8194570960102023,0.01822079314040729,5849.0,1365.0
0.5,DC_L,2.810712333758426,0.018292247231153982,5843.0,1366.0
0.5,DC_L,2.800510111131354,0.018435155412647373,5836.0,1368.0
0.5,DC_L,2.790307888504281,0.018578063594140763,5829.0,1370.0
0.5,DC_L,2.780105665877209,0.01864951768488746,5822.0,1371.0
0.5,DC_L,2.7699034432501364,0.01879242586638085,5815.0,1373.0
0.5,DC_L,2.7597012206230644,0.018863879957127544,5808.0,1374.0
0.5,DC_L,2.7494989979959916,0.019006788138620934,5801.0,1376.0
0.5,DC_L,2.7392967753689197,0.019149696320114328,5794.0,1378.0
0.5,DC_L,2.7305520131171432,0.01922115041086102,5788.0,1379.0
0.5,DC_L,2.7203497904900713,0.019364058592354412,5781.0,1381.0
0.5,DC_L,2.7101475678629985,0.019506966773847802,5774.0,1383.0
0.5,DC_L,2.6999453452359266,0.0195784208645945,5767.0,1384.0
0.5,DC_L,2.6897431226088537,0.01972132904608789,5760.0,1386.0
0.5,DC_L,2.679540899981782,0.01986423722758128,5753.0,1388.0
0.5,DC_L,2.669338677354709,0.02000714540907467,5746.0,1390.0
0.5,DC_L,2.6605939151029334,0.020078599499821364,5740.0,1391.0
0.5,DC_L,2.6503916924758606,0.020221507681314754,5733.0,1393.0
0.5,DC_L,2.6401894698487887,0.020364415862808145,5726.0,1395.0
0.5,DC_L,2.629987247221716,0.020507324044301535,5719.0,1397.0
0.5,DC_L,2.619785024594644,0.020650232225794925,5712.0,1399.0
0.5,DC_L,2.609582801967571,0.020793140407288316,5705.0,1401.0
0.5,DC_L,2.599380579340499,0.020864594498035013,5698.0,1402.0
0.5,DC_L,2.5906358170887227,0.021007502679528403,5692.0,1404.0
0.5,DC_L,2.5804335944616508,0.021150410861021793,5685.0,1406.0
0.5,DC_L,2.570231371834578,0.021293319042515184,5678.0,1408.0
0.5,DC_L,2.560029149207506,0.021436227224008574,5671.0,1410.0
0.5,DC_L,2.549826926580433,0.021579135405501965,5664.0,1412.0
0.5,DC_L,2.5396247039533613,0.021722043586995355,5657.0,1414.0
0.5,DC_L,2.5294224813262893,0.021864951768488745,5650.0,1416.0
0.5,DC_L,2.520677719074513,0.022007859949982136,5644.0,1418.0
0.5,DC_L,2.51047549644744,0.022150768131475526,5637.0,1420.0
0.5,DC_L,2.500273273820368,0.022293676312968917,5630.0,1422.0
0.5,DC_L,2.4900710511932953,0.022436584494462307,5623.0,1424.0
0.5,DC_L,2.4798688285662234,0.022650946766702394,5616.0,1427.0
0.5,DC_L,2.4696666059391514,0.022793854948195785,5609.0,1429.0
0.5,DC_L,2.4594643833120786,0.022936763129689175,5602.0,1431.0
0.5,DC_L,2.450719621060302,0.023079671311182565,5596.0,1433.0
0.5,DC_L,2.4405173984332302,0.023222579492675956,5589.0,1435.0
0.5,DC_L,2.4303151758061574,0.023365487674169346,5582.0,1437.0
0.5,DC_L,2.4201129531790855,0.023579849946409433,5575.0,1440.0
0.5,DC_L,2.4099107305520135,0.023722758127902824,5568.0,1442.0
0.5,DC_L,2.3997085079249407,0.023865666309396214,5561.0,1444.0
0.5,DC_L,2.389506285297869,0.024008574490889605,5554.0,1446.0
0.5,DC_L,2.379304062670796,0.02422293676312969,5547.0,1449.0
0.5,DC_L,2.3705593004190195,0.02436584494462308,5541.0,1451.0
0.5,DC_L,2.3603570777919476,0.02450875312611647,5534.0,1453.0
0.5,DC_L,2.3501548551648748,0.024723115398356556,5527.0,1456.0
0.5,DC_L,2.339952632537803,0.024866023579849947,5520.0,1458.0
0.5,DC_L,2.329750409910731,0.02508038585209003,5513.0,1461.0
0.5,DC_L,2.319548187283658,0.02522329403358342,5506.0,1463.0
0.5,DC_L,2.309345964656586,0.02543765630582351,5499.0,1466.0
0.5,DC_L,2.3006012024048097,0.0255805644873169,5493.0,1468.0
0.5,DC_L,2.290398979777737,0.025794926759556986,5486.0,1471.0
0.5,DC_L,2.280196757150665,0.025937834941050376,5479.0,1473.0
0.5,DC_L,2.269994534523593,0.02615219721329046,5472.0,1476.0
0.5,DC_L,2.25979231189652,0.026366559485530548,5465.0,1479.0
0.5,DC_L,2.2495900892694483,0.026509467667023938,5458.0,1481.0
0.5,DC_L,2.2393878666423754,0.026723829939264022,5451.0,1484.0
0.5,DC_L,2.230643104390599,0.02693819221150411,5445.0,1487.0
0.5,DC_L,2.220440881763527,0.0270811003929975,5438.0,1489.0
0.5,DC_L,2.210238659136455,0.027295462665237583,5431.0,1492.0
0.5,DC_L,2.2000364365093823,0.02750982493747767,5424.0,1495.0
0.5,DC_L,2.1898342138823104,0.027724187209717758,5417.0,1498.0
0.5,DC_L,2.1796319912552375,0.02793854948195784,5410.0,1501.0
0.5,DC_L,2.1694297686281656,0.028081457663451232,5403.0,1503.0
0.5,DC_L,2.160685006376389,0.02829581993569132,5397.0,1506.0
0.5,DC_L,2.1504827837493172,0.028510182207931403,5390.0,1509.0
0.5,DC_L,2.1402805611222444,0.02872454448017149,5383.0,1512.0
0.5,DC_L,2.1300783384951725,0.028938906752411574,5376.0,1515.0
0.5,DC_L,2.1198761158680997,0.02915326902465166,5369.0,1518.0
0.5,DC_L,2.1096738932410277,0.029367631296891746,5362.0,1521.0
0.5,DC_L,2.099471670613955,0.029581993569131833,5355.0,1524.0
0.5,DC_L,2.0907269083621793,0.029867809932118614,5349.0,1528.0
0.5,DC_L,2.0805246857351065,0.0300821722043587,5342.0,1531.0
0.5,DC_L,2.0703224631080346,0.030296534476598785,5335.0,1534.0
0.5,DC_L,2.0601202404809618,0.030510896748838872,5328.0,1537.0
0.5,DC_L,2.04991801785389,0.030725259021078956,5321.0,1540.0
0.5,DC_L,2.039715795226817,0.031011075384065737,5314.0,1544.0
0.5,DC_L,2.029513572599745,0.031225437656305824,5307.0,1547.0
0.5,DC_L,2.0193113499726723,0.03143979992854591,5300.0,1550.0
0.5,DC_L,2.0105665877208967,0.03172561629153269,5294.0,1554.0
0.5,DC_L,2.000364365093824,0.03193997856377278,5287.0,1557.0
0.5,DC_L,1.990162142466752,0.03222579492675956,5280.0,1561.0
0.5,DC_L,1.9799599198396791,0.03244015719899964,5273.0,1564.0
0.5,DC_L,1.9697576972126072,0.03272597356198642,5266.0,1568.0
0.5,DC_L,1.9595554745855344,0.03294033583422651,5259.0,1571.0
0.5,DC_L,1.9493532519584624,0.03322615219721329,5252.0,1575.0
0.5,DC_L,1.940608489706686,0.03351196856020007,5246.0,1579.0
0.5,DC_L,1.930406267079614,0.03379778492318685,5239.0,1583.0
0.5,DC_L,1.9202040444525412,0.03401214719542694,5232.0,1586.0
0.5,DC_L,1.9202040444525412,0.03401214719542694,5232.0,1586.0
0.5,DC_L,1.9100018218254693,0.03429796355841372,5225.0,1590.0
0.5,DC_L,1.8997995991983965,0.0345837799214005,5218.0,1594.0
0.5,DC_L,1.8895973765713245,0.03486959628438728,5211.0,1598.0
0.5,DC_L,1.8793951539442517,0.03515541264737406,5204.0,1602.0
0.5,DC_L,1.8706503916924762,0.03544122901036084,5198.0,1606.0
0.5,DC_L,1.8604481690654033,0.03572704537334762,5191.0,1610.0
0.5,DC_L,1.8502459464383314,0.0360128617363344,5184.0,1614.0
0.5,DC_L,1.8400437238112586,0.036298678099321184,5177.0,1618.0
0.5,DC_L,1.8298415011841866,0.036584494462307965,5170.0,1622.0
0.5,DC_L,1.8196392785571138,0.036870310825294746,5163.0,1626.0
0.5,DC_L,1.809437055930042,0.03722758127902823,5156.0,1631.0
0.5,DC_L,1.8006922936782654,0.03751339764201501,5150.0,1635.0
0.5,DC_L,1.7904900710511935,0.03779921400500179,5143.0,1639.0
0.5,DC_L,1.7802878484241207,0.03815648445873526,5136.0,1644.0
0.5,DC_L,1.7700856257970488,0.03844230082172204,5129.0,1648.0
0.5,DC_L,1.759883403169976,0.03879957127545552,5122.0,1653.0
0.5,DC_L,1.749681180542904,0.0390853876384423,5115.0,1657.0
0.5,DC_L,1.739478957915832,0.03944265809217578,5108.0,1662.0
0.5,DC_L,1.7292767352887592,0.039799928545909254,5101.0,1667.0
0.5,DC_L,1.7205319730369828,0.040085744908896034,5095.0,1671.0
0.5,DC_L,1.7103297504099109,0.04044301536262951,5088.0,1676.0
0.5,DC_L,1.700127527782838,0.04080028581636299,5081.0,1681.0
0.5,DC_L,1.689925305155766,0.041157556270096464,5074.0,1686.0
0.5,DC_L,1.6797230825286942,0.04151482672382994,5067.0,1691.0
0.5,DC_L,1.6695208599016214,0.04187209717756341,5060.0,1696.0
0.5,DC_L,1.6593186372745494,0.042229367631296894,5053.0,1701.0
0.5,DC_L,1.650573875022773,0.04258663808503037,5047.0,1706.0
0.5,DC_L,1.6403716523957002,0.04294390853876384,5040.0,1711.0
0.5,DC_L,1.6301694297686282,0.04337263308324402,5033.0,1717.0
0.5,DC_L,1.6199672071415554,0.04372990353697749,5026.0,1722.0
0.5,DC_L,1.6097649845144835,0.044087173990710965,5019.0,1727.0
0.5,DC_L,1.5995627618874115,0.04451589853519114,5012.0,1733.0
0.5,DC_L,1.5893605392603387,0.044873168988924614,5005.0,1738.0
0.5,DC_L,1.5806157770085623,0.04530189353340479,4999.0,1744.0
0.5,DC_L,1.5704135543814903,0.045730618077884956,4992.0,1750.0
0.5,DC_L,1.5602113317544175,0.04608788853161844,4985.0,1755.0
0.5,DC_L,1.5500091091273456,0.046516613076098605,4978.0,1761.0
0.5,DC_L,1.5398068865002736,0.04694533762057878,4971.0,1767.0
0.5,DC_L,1.5296046638732008,0.04737406216505895,4964.0,1773.0
0.5,DC_L,1.5194024412461289,0.04780278670953912,4957.0,1779.0
0.5,DC_L,1.5106576789943524,0.04823151125401929,4951.0,1785.0
0.5,DC_L,1.5004554563672796,0.048660235798499464,4944.0,1791.0
0.5,DC_L,1.4902532337402077,0.04916041443372633,4937.0,1798.0
0.5,DC_L,1.4800510111131358,0.0495891389782065,4930.0,1804.0
0.5,DC_L,1.469848788486063,0.050017863522686674,4923.0,1810.0
0.5,DC_L,1.459646565858991,0.05051804215791354,4916.0,1817.0
0.5,DC_L,1.4494443432319182,0.05094676670239371,4909.0,1823.0
0.5,DC_L,1.4406995809801417,0.05144694533762058,4903.0,1830.0
0.5,DC_L,1.4304973583530698,0.051947123972847446,4896.0,1837.0
0.5,DC_L,1.4202951357259979,0.052447302608074314,4889.0,1844.0
0.5,DC_L,1.410092913098925,0.05294748124330118,4882.0,1851.0
0.5,DC_L,1.399890690471853,0.053447659878528044,4875.0,1858.0
0.5,DC_L,1.3896884678447803,0.05394783851375491,4868.0,1865.0
0.5,DC_L,1.3794862452177084,0.05444801714898178,4861.0,1872.0
0.5,DC_L,1.3692840225906355,0.05494819578420865,4854.0,1879.0
0.5,DC_L,1.36053926033886,0.05551982851018221,4848.0,1887.0
0.5,DC_L,1.3503370377117871,0.05602000714540908,4841.0,1894.0
0.5,DC_L,1.3401348150847152,0.05659163987138264,4834.0,1902.0
0.5,DC_L,1.3299325924576424,0.05709181850660951,4827.0,1909.0
0.5,DC_L,1.3197303698305705,0.05766345123258307,4820.0,1917.0
0.5,DC_L,1.3095281472034976,0.05823508395855663,4813.0,1925.0
0.5,DC_L,1.2993259245764257,0.05880671668453019,4806.0,1933.0
0.5,DC_L,1.2905811623246493,0.05937834941050375,4800.0,1941.0
0.5,DC_L,1.2803789396975773,0.059949982136477314,4793.0,1949.0
0.5,DC_L,1.2701767170705045,0.060521614862450876,4786.0,1957.0
0.5,DC_L,1.2599744944434326,0.06116470167917113,4779.0,1966.0
0.5,DC_L,1.2497722718163597,0.06173633440514469,4772.0,1974.0
0.5,DC_L,1.2395700491892878,0.062379421221864954,4765.0,1983.0
0.5,DC_L,1.229367826562215,0.06295105394783851,4758.0,1991.0
0.5,DC_L,1.2206230643104394,0.06359414076455877,4752.0,2000.0
0.5,DC_L,1.2104208416833666,0.06423722758127903,4745.0,2009.0
0.5,DC_L,1.2002186190562947,0.06488031439799928,4738.0,2018.0
0.5,DC_L,1.1900163964292219,0.06552340121471954,4731.0,2027.0
0.5,DC_L,1.17981417380215,0.06623794212218649,4724.0,2037.0
0.5,DC_L,1.169611951175077,0.06688102893890675,4717.0,2046.0
0.5,DC_L,1.1594097285480052,0.0675955698463737,4710.0,2056.0
0.5,DC_L,1.1506649662962287,0.06823865666309396,4704.0,2065.0
0.5,DC_L,1.1404627436691568,0.06895319757056091,4697.0,2075.0
0.5,DC_L,1.130260521042084,0.06966773847802786,4690.0,2085.0
0.5,DC_L,1.120058298415012,0.07038227938549482,4683.0,2095.0
0.5,DC_L,1.1098560757879392,0.07109682029296177,4676.0,2105.0
0.5,DC_L,1.0996538531608673,0.07181136120042872,4669.0,2115.0
0.5,DC_L,1.0894516305337945,0.07259735619864237,4662.0,2126.0
0.5,DC_L,1.080706868282019,0.07331189710610933,4656.0,2136.0
0.5,DC_L,1.070504645654946,0.07409789210432298,4649.0,2147.0
0.5,DC_L,1.0603024230278741,0.07488388710253661,4642.0,2158.0
0.5,DC_L,1.0501002004008013,0.07566988210075026,4635.0,2169.0
0.5,DC_L,1.0398979777737294,0.07645587709896391,4628.0,2180.0
0.5,DC_L,1.0296957551466566,0.07724187209717756,4621.0,2191.0
0.5,DC_L,1.0194935325195846,0.07809932118613791,4614.0,2203.0
0.5,DC_L,1.0092913098925127,0.07888531618435156,4607.0,2214.0
0.5,DC_L,1.0005465476407363,0.0797427652733119,4601.0,2226.0
0.5,DC_L,0.9903443250136634,0.08060021436227224,4594.0,2238.0
0.5,DC_L,0.9801421023865915,0.08145766345123258,4587.0,2250.0
0.5,DC_L,0.9699398797595187,0.08231511254019293,4580.0,2262.0
0.5,DC_L,0.9597376571324467,0.08317256162915326,4573.0,2274.0
0.5,DC_L,0.9495354345053748,0.08410146480886031,4566.0,2287.0
0.5,DC_L,0.939333211878302,0.08495891389782065,4559.0,2299.0
0.5,DC_L,0.9305884496265255,0.08588781707752768,4553.0,2312.0
0.5,DC_L,0.9203862269994536,0.08681672025723473,4546.0,2325.0
0.5,DC_L,0.9101840043723808,0.08774562343694177,4539.0,2338.0
0.5,DC_L,0.8999817817453089,0.0886745266166488,4532.0,2351.0
0.5,DC_L,0.889779559118236,0.08967488388710254,4525.0,2365.0
0.5,DC_L,0.8795773364911641,0.09060378706680958,4518.0,2378.0
0.5,DC_L,0.8795773364911641,0.09060378706680958,4518.0,2378.0
0.5,DC_L,0.8693751138640922,0.09160414433726331,4511.0,2392.0
0.5,DC_L,0.8606303516123157,0.09260450160771704,4505.0,2406.0
0.5,DC_L,0.8504281289852429,0.09360485887817077,4498.0,2420.0
0.5,DC_L,0.840225906358171,0.09460521614862451,4491.0,2434.0
0.5,DC_L,0.8300236837310981,0.09560557341907824,4484.0,2448.0
0.5,DC_L,0.8198214611040262,0.09667738478027867,4477.0,2463.0
0.5,DC_L,0.8096192384769543,0.0977491961414791,4470.0,2478.0
0.5,DC_L,0.7994170158498815,0.09874955341193284,4463.0,2492.0
0.5,DC_L,0.790672253598105,0.09982136477313326,4457.0,2507.0
0.5,DC_L,0.7804700309710331,0.10096463022508038,4450.0,2523.0
0.5,DC_L,0.7702678083439602,0.10203644158628082,4443.0,2538.0
0.5,DC_L,0.7600655857168883,0.10310825294748124,4436.0,2553.0
0.5,DC_L,0.7498633630898164,0.10425151839942837,4429.0,2569.0
0.5,DC_L,0.7396611404627436,0.10539478385137549,4422.0,2585.0
0.5,DC_L,0.7294589178356716,0.10653804930332261,4415.0,2601.0
0.5,DC_L,0.7207141555838952,0.10768131475526974,4409.0,2617.0
0.5,DC_L,0.7105119329568224,0.10882458020721686,4402.0,2633.0
0.5,DC_L,0.7003097103297504,0.11003929974991068,4395.0,2650.0
0.5,DC_L,0.6901074877026785,0.1112540192926045,4388.0,2667.0
0.5,DC_L,0.6799052650756057,0.11239728474455163,4381.0,2683.0
0.5,DC_L,0.6697030424485337,0.11361200428724544,4374.0,2700.0
0.5,DC_L,0.6595008198214609,0.11482672382993926,4367.0,2717.0
0.5,DC_L,0.649298597194389,0.11611289746337977,4360.0,2735.0
0.5,DC_L,0.6405538349426125,0.1173276170060736,4354.0,2752.0
0.5,DC_L,0.6303516123155406,0.11854233654876742,4347.0,2769.0
0.5,DC_L,0.6201493896884678,0.11982851018220793,4340.0,2787.0
0.5,DC_L,0.6099471670613958,0.12111468381564845,4333.0,2805.0
0.5,DC_L,0.599744944434323,0.12240085744908896,4326.0,2823.0
0.5,DC_L,0.5895427218072511,0.12368703108252947,4319.0,2841.0
0.5,DC_L,0.5793404991801783,0.12497320471597,4312.0,2859.0
0.5,DC_L,0.5705957369284018,0.1262593783494105,4306.0,2877.0
0.5,DC_L,0.5603935143013299,0.12754555198285103,4299.0,2895.0
0.5,DC_L,0.550191291674258,0.12890317970703824,4292.0,2914.0
0.5,DC_L,0.5399890690471851,0.13018935334047874,4285.0,2932.0
0.5,DC_L,0.5297868464201132,0.13154698106466595,4278.0,2951.0
0.5,DC_L,0.5195846237930404,0.13283315469810647,4271.0,2969.0
0.5,DC_L,0.5093824011659684,0.13419078242229368,4264.0,2988.0
0.5,DC_L,0.500637638914192,0.1355484101464809,4258.0,3007.0
0.5,DC_L,0.49043541628712006,0.1369060378706681,4251.0,3026.0
0.5,DC_L,0.48023319366004724,0.1381922115041086,4244.0,3044.0
0.5,DC_L,0.4700309710329753,0.1395498392282958,4237.0,3063.0
0.5,DC_L,0.4598287484059025,0.14090746695248302,4230.0,3082.0
0.5,DC_L,0.44962652577883055,0.14226509467667023,4223.0,3101.0
0.5,DC_L,0.43942430315175773,0.14362272240085744,4216.0,3120.0
0.5,DC_L,0.43067954089998217,0.14498035012504465,4210.0,3139.0
0.5,DC_L,0.42047731827290935,0.14626652375848517,4203.0,3157.0
0.5,DC_L,0.4102750956458374,0.14762415148267238,4196.0,3176.0
0.5,DC_L,0.4000728730187646,0.1489817792068596,4189.0,3195.0
0.5,DC_L,0.38987065039169266,0.15026795284030012,4182.0,3213.0
0.5,DC_L,0.37966842776461984,0.1515541264737406,4175.0,3231.0
0.5,DC_L,0.3694662051375479,0.15291175419792782,4168.0,3250.0
0.5,DC_L,0.36072144288577146,0.15419792783136835,4162.0,3268.0
0.5,DC_L,0.3505192202586995,0.15548410146480887,4155.0,3286.0
0.5,DC_L,0.3403169976316267,0.15677027509824937,4148.0,3304.0
0.5,DC_L,0.3301147750045548,0.1579849946409432,4141.0,3321.0
0.5,DC_L,0.31991255237748195,0.1592711682743837,4134.0,3339.0
0.5,DC_L,0.30971032975041,0.16048588781707754,4127.0,3356.0
0.5,DC_L,0.2995081071233372,0.16170060735977135,4120.0,3373.0
0.5,DC_L,0.28930588449626526,0.16284387281171847,4113.0,3389.0
0.5,DC_L,0.2805611222444888,0.1639871382636656,4107.0,3405.0
0.5,DC_L,0.2703588996174169,0.16513040371561272,4100.0,3421.0
0.5,DC_L,0.26015667699034406,0.16627366916755984,4093.0,3437.0
0.5,DC_L,0.24995445436327213,0.16734548052876028,4086.0,3452.0
0.5,DC_L,0.2397522317361993,0.1684172918899607,4079.0,3467.0
0.5,DC_L,0.22955000910912737,0.16948910325116112,4072.0,3482.0
0.5,DC_L,0.21934778648205544,0.17048946052161487,4065.0,3496.0
0.5,DC_L,0.210603024230279,0.1714898177920686,4059.0,3510.0
0.5,DC_L,0.20040080160320617,0.17241872097177563,4052.0,3523.0
0.5,DC_L,0.19019857897613424,0.17327617006073598,4045.0,3535.0
0.5,DC_L,0.17999635634906141,0.17420507324044301,4038.0,3548.0
0.5,DC_L,0.16979413372198948,0.17499106823865665,4031.0,3559.0
0.5,DC_L,0.15959191109491755,0.1757770632368703,4024.0,3570.0
0.5,DC_L,0.14938968846784473,0.17656305823508395,4017.0,3581.0
0.5,DC_L,0.14064492621606828,0.17727759914255092,4011.0,3591.0
0.5,DC_L,0.13044270358899634,0.17792068595927116,4004.0,3600.0
0.5,DC_L,0.12024048096192352,0.17856377277599142,3997.0,3609.0
0.5,DC_L,0.11003825833485159,0.179135405501965,3990.0,3617.0
0.5,DC_L,0.09983603570777877,0.17963558413719186,3983.0,3624.0
0.5,DC_L,0.08963381308070684,0.18013576277241872,3976.0,3631.0
0.5,DC_L,0.0794315904536349,0.1805644873168989,3969.0,3637.0
0.5,DC_L,0.07068682820185845,0.18099321186137907,3963.0,3643.0
0.5,DC_L,0.06048460557478563,0.18127902822436584,3956.0,3647.0
0.5,DC_L,0.0502823829477137,0.18156484458735261,3949.0,3651.0
0.5,DC_L,0.04008016032064088,0.18185066095033942,3942.0,3655.0
0.5,DC_L,0.029877937693568946,0.1819935691318328,3935.0,3657.0
0.5,DC_L,0.019675715066497013,0.1821364773133262,3928.0,3659.0
0.5,DC_L,0.009473492439424192,0.18220793140407288,3921.0,3660.0
0.5,DC_L,0.0007287301876477414,0.18220793140407288,3915.0,3660.0
0.5,DC_L,-0.009473492439424192,0.18220793140407288,3908.0,3660.0
0.5,DC_minus_R,4.0,0.00978921043229725,6659.0,1247.0
0.5,DC_minus_R,3.989797777372928,0.009860664523043945,6652.0,1248.0
0.5,DC_minus_R,3.9795955547458552,0.009860664523043945,6645.0,1248.0
0.5,DC_minus_R,3.9693933321187833,0.00993211861379064,6638.0,1249.0
0.5,DC_minus_R,3.960648569867007,0.00993211861379064,6632.0,1249.0
0.5,DC_minus_R,3.950446347239934,0.010003572704537335,6625.0,1250.0
0.5,DC_minus_R,3.940244124612862,0.01007502679528403,6618.0,1251.0
0.5,DC_minus_R,3.93004190198579,0.01007502679528403,6611.0,1251.0
0.5,DC_minus_R,3.9198396793587174,0.010146480886030726,6604.0,1252.0
0.5,DC_minus_R,3.9096374567316454,0.01021793497677742,6597.0,1253.0
0.5,DC_minus_R,3.8994352341045726,0.01021793497677742,6590.0,1253.0
0.5,DC_minus_R,3.890690471852796,0.010289389067524116,6584.0,1254.0
0.5,DC_minus_R,3.880488249225724,0.010360843158270811,6577.0,1255.0
0.5,DC_minus_R,3.8702860265986523,0.010360843158270811,6570.0,1255.0
0.5,DC_minus_R,3.8600838039715795,0.010432297249017506,6563.0,1256.0
0.5,DC_minus_R,3.8498815813445075,0.010503751339764202,6556.0,1257.0
0.5,DC_minus_R,3.8396793587174347,0.010575205430510897,6549.0,1258.0
0.5,DC_minus_R,3.8294771360903628,0.010575205430510897,6542.0,1258.0
0.5,DC_minus_R,3.81927491346329,0.010646659521257592,6535.0,1259.0
0.5,DC_minus_R,3.8105301512115135,0.010718113612004287,6529.0,1260.0
0.5,DC_minus_R,3.8003279285844416,0.010718113612004287,6522.0,1260.0
0.5,DC_minus_R,3.7901257059573696,0.010789567702750982,6515.0,1261.0
0.5,DC_minus_R,3.779923483330297,0.010861021793497678,6508.0,1262.0
0.5,DC_minus_R,3.769721260703225,0.010932475884244373,6501.0,1263.0
0.5,DC_minus_R,3.759519038076152,0.010932475884244373,6494.0,1263.0
0.5,DC_minus_R,3.74931681544908,0.011003929974991068,6487.0,1264.0
0.5,DC_minus_R,3.7405720531973037,0.011075384065737763,6481.0,1265.0
0.5,DC_minus_R,3.7303698305702317,0.011146838156484458,6474.0,1266.0
0.5,DC_minus_R,3.720167607943159,0.011146838156484458,6467.0,1266.0
0.5,DC_minus_R,3.709965385316087,0.011218292247231153,6460.0,1267.0
0.5,DC_minus_R,3.699763162689014,0.011289746337977849,6453.0,1268.0
0.5,DC_minus_R,3.6895609400619422,0.011361200428724544,6446.0,1269.0
0.5,DC_minus_R,3.6793587174348694,0.011361200428724544,6439.0,1269.0
0.5,DC_minus_R,3.670613955183094,0.011432654519471239,6433.0,1270.0
0.5,DC_minus_R,3.660411732556021,0.011504108610217934,6426.0,1271.0
0.5,DC_minus_R,3.650209509928949,0.01157556270096463,6419.0,1272.0
0.5,DC_minus_R,3.6400072873018763,0.011647016791711326,6412.0,1273.0
0.5,DC_minus_R,3.6298050646748043,0.011647016791711326,6405.0,1273.0
0.5,DC_minus_R,3.6196028420477315,0.011718470882458022,6398.0,1274.0
0.5,DC_minus_R,3.6094006194206596,0.011789924973204717,6391.0,1275.0
0.5,DC_minus_R,3.600655857168883,0.011861379063951412,6385.0,1276.0
0.5,DC_minus_R,3.590453634541811,0.011932833154698107,6378.0,1277.0
0.5,DC_minus_R,3.5802514119147384,0.011932833154698107,6371.0,1277.0
0.5,DC_minus_R,3.5700491892876665,0.012004287245444802,6364.0,1278.0
0.5,DC_minus_R,3.5598469666605936,0.012075741336191497,6357.0,1279.0
0.5,DC_minus_R,3.5496447440335217,0.012147195426938193,6350.0,1280.0
0.5,DC_minus_R,3.539442521406449,0.012218649517684888,6343.0,1281.0
0.5,DC_minus_R,3.5306977591546733,0.012290103608431583,6337.0,1282.0
0.5,DC_minus_R,3.5204955365276005,0.012361557699178278,6330.0,1283.0
0.5,DC_minus_R,3.5102933139005286,0.012433011789924973,6323.0,1284.0
0.5,DC_minus_R,3.5000910912734557,0.012433011789924973,6316.0,1284.0
0.5,DC_minus_R,3.489888868646384,0.012504465880671669,6309.0,1285.0
0.5,DC_minus_R,3.479686646019311,0.012575919971418364,6302.0,1286.0
0.5,DC_minus_R,3.469484423392239,0.012647374062165059,6295.0,1287.0
0.5,DC_minus_R,3.459282200765167,0.012718828152911754,6288.0,1288.0
0.5,DC_minus_R,3.4505374385133907,0.01279028224365845,6282.0,1289.0
0.5,DC_minus_R,3.440335215886318,0.012861736334405145,6275.0,1290.0
0.5,DC_minus_R,3.430132993259246,0.01293319042515184,6268.0,1291.0
0.5,DC_minus_R,3.419930770632173,0.013004644515898535,6261.0,1292.0
0.5,DC_minus_R,3.409728548005101,0.01307609860664523,6254.0,1293.0
0.5,DC_minus_R,3.3995263253780283,0.013147552697391925,6247.0,1294.0
0.5,DC_minus_R,3.3893241027509564,0.01321900678813862,6240.0,1295.0
0.5,DC_minus_R,3.38057934049918,0.013290460878885316,6234.0,1296.0
0.5,DC_minus_R,3.370377117872108,0.013361914969632011,6227.0,1297.0
0.5,DC_minus_R,3.360174895245035,0.013433369060378706,6220.0,1298.0
0.5,DC_minus_R,3.3499726726179633,0.013504823151125401,6213.0,1299.0
0.5,DC_minus_R,3.3397704499908905,0.013576277241872096,6206.0,1300.0
0.5,DC_minus_R,3.3295682273638185,0.013647731332618792,6199.0,1301.0
0.5,DC_minus_R,3.3193660047367466,0.013719185423365487,6192.0,1302.0
0.5,DC_minus_R,3.31062124248497,0.013790639514112184,6186.0,1303.0
0.5,DC_minus_R,3.3004190198578973,0.013862093604858879,6179.0,1304.0
0.5,DC_minus_R,3.2902167972308254,0.013933547695605574,6172.0,1305.0
0.5,DC_minus_R,3.2800145746037526,0.01400500178635227,6165.0,1306.0
0.5,DC_minus_R,3.2698123519766806,0.014076455877098965,6158.0,1307.0
0.5,DC_minus_R,3.2596101293496087,0.01414790996784566,6151.0,1308.0
0.5,DC_minus_R,3.249407906722536,0.014219364058592355,6144.0,1309.0
0.5,DC_minus_R,3.2406631444707594,0.01429081814933905,6138.0,1310.0
0.5,DC_minus_R,3.2304609218436875,0.014362272240085745,6131.0,1311.0
0.5,DC_minus_R,3.2202586992166147,0.01443372633083244,6124.0,1312.0
0.5,DC_minus_R,3.2100564765895427,0.014505180421579136,6117.0,1313.0
0.5,DC_minus_R,3.199854253962471,0.014648088603072526,6110.0,1315.0
0.5,DC_minus_R,3.189652031335398,0.014719542693819221,6103.0,1316.0
0.5,DC_minus_R,3.179449808708326,0.014790996784565916,6096.0,1317.0
0.5,DC_minus_R,3.1707050464565496,0.014862450875312612,6090.0,1318.0
0.5,DC_minus_R,3.160502823829477,0.014933904966059307,6083.0,1319.0
0.5,DC_minus_R,3.150300601202405,0.015005359056806002,6076.0,1320.0
0.5,DC_minus_R,3.140098378575333,0.015076813147552697,6069.0,1321.0
0.5,DC_minus_R,3.12989615594826,0.015219721329046088,6062.0,1323.0
0.5,DC_minus_R,3.119693933321188,0.015291175419792783,6055.0,1324.0
0.5,DC_minus_R,3.1094917106941153,0.015362629510539478,6048.0,1325.0
0.5,DC_minus_R,3.0992894880670434,0.015434083601286173,6041.0,1326.0
0.5,DC_minus_R,3.090544725815267,0.015505537692032868,6035.0,1327.0
0.5,DC_minus_R,3.080342503188194,0.01564844587352626,6028.0,1329.0
0.5,DC_minus_R,3.070140280561122,0.015719899964272956,6021.0,1330.0
0.5,DC_minus_R,3.0599380579340503,0.01579135405501965,6014.0,1331.0
0.5,DC_minus_R,3.0497358353069774,0.015862808145766346,6007.0,1332.0
0.5,DC_minus_R,3.0395336126799055,0.016005716327259736,6000.0,1334.0
0.5,DC_minus_R,3.0293313900528327,0.01607717041800643,5993.0,1335.0
0.5,DC_minus_R,3.0205866278010562,0.016148624508753127,5987.0,1336.0
0.5,DC_minus_R,3.0103844051739843,0.016291532690246517,5980.0,1338.0
0.5,DC_minus_R,3.0001821825469124,0.01636298678099321,5973.0,1339.0
0.5,DC_minus_R,2.9899799599198396,0.016434440871739908,5966.0,1340.0
0.5,DC_minus_R,2.9797777372927676,0.016577349053233298,5959.0,1342.0
0.5,DC_minus_R,2.969575514665695,0.01664880314397999,5952.0,1343.0
0.5,DC_minus_R,2.959373292038623,0.016720257234726688,5945.0,1344.0
0.5,DC_minus_R,2.959373292038623,0.016720257234726688,5945.0,1344.0
0.5,DC_minus_R,2.9506285297868464,0.01686316541622008,5939.0,1346.0
0.5,DC_minus_R,2.9404263071597745,0.016934619506966776,5932.0,1347.0
0.5,DC_minus_R,2.9302240845327017,0.017077527688460166,5925.0,1349.0
0.5,DC_minus_R,2.9200218619056297,0.01714898177920686,5918.0,1350.0
0.5,DC_minus_R,2.909819639278557,0.017220435869953556,5911.0,1351.0
0.5,DC_minus_R,2.899617416651485,0.017363344051446947,5904.0,1353.0
0.5,DC_minus_R,2.889415194024412,0.01743479814219364,5897.0,1354.0
0.5,DC_minus_R,2.8806704317726366,0.01757770632368703,5891.0,1356.0
0.5,DC_minus_R,2.8704682091455638,0.017649160414433727,5884.0,1357.0
0.5,DC_minus_R,2.860265986518492,0.017792068595927118,5877.0,1359.0
0.5,DC_minus_R,2.850063763891419,0.01786352268667381,5870.0,1360.0
0.5,DC_minus_R,2.839861541264347,0.0180064308681672,5863.0,1362.0
0.5,DC_minus_R,2.8296593186372743,0.0180778849589139,5856.0,1363.0
0.5,DC_minus_R,2.8194570960102023,0.01822079314040729,5849.0,1365.0
0.5,DC_minus_R,2.810712333758426,0.018292247231153982,5843.0,1366.0
0.5,DC_minus_R,2.800510111131354,0.018435155412647373,5836.0,1368.0
0.5,DC_minus_R,2.790307888504281,0.018578063594140763,5829.0,1370.0
0.5,DC_minus_R,2.780105665877209,0.01864951768488746,5822.0,1371.0
0.5,DC_minus_R,2.7699034432501364,0.01879242586638085,5815.0,1373.0
0.5,DC_minus_R,2.7597012206230644,0.018863879957127544,5808.0,1374.0
0.5,DC_minus_R,2.7494989979959916,0.019006788138620934,5801.0,1376.0
0.5,DC_minus_R,2.7392967753689197,0.019149696320114328,5794.0,1378.0
0.5,DC_minus_R,2.7305520131171432,0.01922115041086102,5788.0,1379.0
0.5,DC_minus_R,2.7203497904900713,0.019364058592354412,5781.0,1381.0
0.5,DC_minus_R,2.7101475678629985,0.019506966773847802,5774.0,1383.0
0.5,DC_minus_R,2.6999453452359266,0.0195784208645945,5767.0,1384.0
0.5,DC_minus_R,2.6897431226088537,0.01972132904608789,5760.0,1386.0
0.5,DC_minus_R,2.679540899981782,0.01986423722758128,5753.0,1388.0
0.5,DC_minus_R,2.669338677354709,0.02000714540907467,5746.0,1390.0
0.5,DC_minus_R,2.6605939151029334,0.020078599499821364,5740.0,1391.0
0.5,DC_minus_R,2.6503916924758606,0.020221507681314754,5733.0,1393.0
0.5,DC_minus_R,2.6401894698487887,0.020364415862808145,5726.0,1395.0
0.5,DC_minus_R,2.629987247221716,0.020507324044301535,5719.0,1397.0
0.5,DC_minus_R,2.619785024594644,0.020650232225794925,5712.0,1399.0
0.5,DC_minus_R,2.609582801967571,0.020793140407288316,5705.0,1401.0
0.5,DC_minus_R,2.599380579340499,0.020864594498035013,5698.0,1402.0
0.5,DC_minus_R,2.5906358170887227,0.021007502679528403,5692.0,1404.0
0.5,DC_minus_R,2.5804335944616508,0.021150410861021793,5685.0,1406.0
0.5,DC_minus_R,2.570231371834578,0.021293319042515184,5678.0,1408.0
0.5,DC_minus_R,2.560029149207506,0.021436227224008574,5671.0,1410.0
0.5,DC_minus_R,2.549826926580433,0.021579135405501965,5664.0,1412.0
0.5,DC_minus_R,2.5396247039533613,0.021722043586995355,5657.0,1414.0
0.5,DC_minus_R,2.5294224813262893,0.021864951768488745,5650.0,1416.0
0.5,DC_minus_R,2.520677719074513,0.022007859949982136,5644.0,1418.0
0.5,DC_minus_R,2.51047549644744,0.022150768131475526,5637.0,1420.0
0.5,DC_minus_R,2.500273273820368,0.022293676312968917,5630.0,1422.0
0.5,DC_minus_R,2.4900710511932953,0.022436584494462307,5623.0,1424.0
0.5,DC_minus_R,2.4798688285662234,0.022650946766702394,5616.0,1427.0
0.5,DC_minus_R,2.4696666059391514,0.022793854948195785,5609.0,1429.0
0.5,DC_minus_R,2.4594643833120786,0.022936763129689175,5602.0,1431.0
0.5,DC_minus_R,2.450719621060302,0.023079671311182565,5596.0,1433.0
0.5,DC_minus_R,2.4405173984332302,0.023222579492675956,5589.0,1435.0
0.5,DC_minus_R,2.4303151758061574,0.023365487674169346,5582.0,1437.0
0.5,DC_minus_R,2.4201129531790855,0.023579849946409433,5575.0,1440.0
0.5,DC_minus_R,2.4099107305520135,0.023722758127902824,5568.0,1442.0
0.5,DC_minus_R,2.3997085079249407,0.023865666309396214,5561.0,1444.0
0.5,DC_minus_R,2.389506285297869,0.024008574490889605,5554.0,1446.0
0.5,DC_minus_R,2.379304062670796,0.02422293676312969,5547.0,1449.0
0.5,DC_minus_R,2.3705593004190195,0.02436584494462308,5541.0,1451.0
0.5,DC_minus_R,2.3603570777919476,0.02450875312611647,5534.0,1453.0
0.5,DC_minus_R,2.3501548551648748,0.024723115398356556,5527.0,1456.0
0.5,DC_minus_R,2.339952632537803,0.024866023579849947,5520.0,1458.0
0.5,DC_minus_R,2.329750409910731,0.02508038585209003,5513.0,1461.0
0.5,DC_minus_R,2.319548187283658,0.02522329403358342,5506.0,1463.0
0.5,DC_minus_R,2.309345964656586,0.02543765630582351,5499.0,1466.0
0.5,DC_minus_R,2.3006012024048097,0.0255805644873169,5493.0,1468.0
0.5,DC_minus_R,2.290398979777737,0.025794926759556986,5486.0,1471.0
0.5,DC_minus_R,2.280196757150665,0.025937834941050376,5479.0,1473.0
0.5,DC_minus_R,2.269994534523593,0.02615219721329046,5472.0,1476.0
0.5,DC_minus_R,2.25979231189652,0.026366559485530548,5465.0,1479.0
0.5,DC_minus_R,2.2495900892694483,0.026509467667023938,5458.0,1481.0
0.5,DC_minus_R,2.2393878666423754,0.026723829939264022,5451.0,1484.0
0.5,DC_minus_R,2.230643104390599,0.02693819221150411,5445.0,1487.0
0.5,DC_minus_R,2.220440881763527,0.0270811003929975,5438.0,1489.0
0.5,DC_minus_R,2.210238659136455,0.027295462665237583,5431.0,1492.0
0.5,DC_minus_R,2.2000364365093823,0.02750982493747767,5424.0,1495.0
0.5,DC_minus_R,2.1898342138823104,0.027724187209717758,5417.0,1498.0
0.5,DC_minus_R,2.1796319912552375,0.02793854948195784,5410.0,1501.0
0.5,DC_minus_R,2.1694297686281656,0.028081457663451232,5403.0,1503.0
0.5,DC_minus_R,2.160685006376389,0.02829581993569132,5397.0,1506.0
0.5,DC_minus_R,2.1504827837493172,0.028510182207931403,5390.0,1509.0
0.5,DC_minus_R,2.1402805611222444,0.02872454448017149,5383.0,1512.0
0.5,DC_minus_R,2.1300783384951725,0.028938906752411574,5376.0,1515.0
0.5,DC_minus_R,2.1198761158680997,0.02915326902465166,5369.0,1518.0
0.5,DC_minus_R,2.1096738932410277,0.029367631296891746,5362.0,1521.0
0.5,DC_minus_R,2.099471670613955,0.029581993569131833,5355.0,1524.0
0.5,DC_minus_R,2.0907269083621793,0.029867809932118614,5349.0,1528.0
0.5,DC_minus_R,2.0805246857351065,0.0300821722043587,5342.0,1531.0
0.5,DC_minus_R,2.0703224631080346,0.030296534476598785,5335.0,1534.0
0.5,DC_minus_R,2.0601202404809618,0.030510896748838872,5328.0,1537.0
0.5,DC_minus_R,2.04991801785389,0.030725259021078956,5321.0,1540.0
0.5,DC_minus_R,2.039715795226817,0.031011075384065737,5314.0,1544.0
0.5,DC_minus_R,2.029513572599745,0.031225437656305824,5307.0,1547.0
0.5,DC_minus_R,2.0193113499726723,0.03143979992854591,5300.0,1550.0
0.5,DC_minus_R,2.0105665877208967,0.03172561629153269,5294.0,1554.0
0.5,DC_minus_R,2.000364365093824,0.03193997856377278,5287.0,1557.0
0.5,DC_minus_R,1.990162142466752,0.03222579492675956,5280.0,1561.0
0.5,DC_minus_R,1.9799599198396791,0.03244015719899964,5273.0,1564.0
0.5,DC_minus_R,1.9697576972126072,0.03272597356198642,5266.0,1568.0
0.5,DC_minus_R,1.9595554745855344,0.03294033583422651,5259.0,1571.0
0.5,DC_minus_R,1.9493532519584624,0.03322615219721329,5252.0,1575.0
0.5,DC_minus_R,1.940608489706686,0.03351196856020007,5246.0,1579.0
0.5,DC_minus_R,1.930406267079614,0.03379778492318685,5239.0,1583.0
0.5,DC_minus_R,1.9202040444525412,0.03401214719542694,5232.0,1586.0
0.5,DC_minus_R,1.9202040444525412,0.03401214719542694,5232.0,1586.0
0.5,DC_minus_R,1.9100018218254693,0.03429796355841372,5225.0,1590.0
0.5,DC_minus_R,1.8997995991983965,0.0345837799214005,5218.0,1594.0
0.5,DC_minus_R,1.8895973765713245,0.03486959628438728,5211.0,1598.0
0.5,DC_minus_R,1.8793951539442517,0.03515541264737406,5204.0,1602.0
0.5,DC_minus_R,1.8706503916924762,0.03544122901036084,5198.0,1606.0
0.5,DC_minus_R,1.8604481690654033,0.03572704537334762,5191.0,1610.0
0.5,DC_minus_R,1.8502459464383314,0.0360128617363344,5184.0,1614.0
0.5,DC_minus_R,1.8400437238112586,0.036298678099321184,5177.0,1618.0
0.5,DC_minus_R,1.8298415011841866,0.036584494462307965,5170.0,1622.0
0.5,DC_minus_R,1.8196392785571138,0.036870310825294746,5163.0,1626.0
0.5,DC_minus_R,1.809437055930042,0.03722758127902823,5156.0,1631.0
0.5,DC_minus_R,1.8006922936782654,0.03751339764201501,5150.0,1635.0
0.5,DC_minus_R,1.7904900710511935,0.03779921400500179,5143.0,1639.0
0.5,DC_minus_R,1.7802878484241207,0.03815648445873526,5136.0,1644.0
0.5,DC_minus_R,1.7700856257970488,0.03844230082172204,5129.0,1648.0
0.5,DC_minus_R,1.759883403169976,0.03879957127545552,5122.0,1653.0
0.5,DC_minus_R,1.749681180542904,0.0390853876384423,5115.0,1657.0
0.5,DC_minus_R,1.739478957915832,0.03944265809217578,5108.0,1662.0
0.5,DC_minus_R,1.7292767352887592,0.039799928545909254,5101.0,1667.0
0.5,DC_minus_R,1.7205319730369828,0.040085744908896034,5095.0,1671.0
0.5,DC_minus_R,1.7103297504099109,0.04044301536262951,5088.0,1676.0
0.5,DC_minus_R,1.700127527782838,0.04080028581636299,5081.0,1681.0
0.5,DC_minus_R,1.689925305155766,0.041157556270096464,5074.0,1686.0
0.5,DC_minus_R,1.6797230825286942,0.04151482672382994,5067.0,1691.0
0.5,DC_minus_R,1.6695208599016214,0.04187209717756341,5060.0,1696.0
0.5,DC_minus_R,1.6593186372745494,0.042229367631296894,5053.0,1701.0
0.5,DC_minus_R,1.650573875022773,0.04258663808503037,5047.0,1706.0
0.5,DC_minus_R,1.6403716523957002,0.04294390853876384,5040.0,1711.0
0.5,DC_minus_R,1.6301694297686282,0.04337263308324402,5033.0,1717.0
0.5,DC_minus_R,1.6199672071415554,0.04372990353697749,5026.0,1722.0
0.5,DC_minus_R,1.6097649845144835,0.044087173990710965,5019.0,1727.0
0.5,DC_minus_R,1.5995627618874115,0.04451589853519114,5012.0,1733.0
0.5,DC_minus_R,1.5893605392603387,0.044873168988924614,5005.0,1738.0
0.5,DC_minus_R,1.5806157770085623,0.04530189353340479,4999.0,1744.0
0.5,DC_minus_R,1.5704135543814903,0.045730618077884956,4992.0,1750.0
0.5,DC_minus_R,1.5602113317544175,0.04608788853161844,4985.0,1755.0
0.5,DC_minus_R,1.5500091091273456,0.046516613076098605,4978.0,1761.0
0.5,DC_minus_R,1.5398068865002736,0.04694533762057878,4971.0,1767.0
0.5,DC_minus_R,1.5296046638732008,0.04737406216505895,4964.0,1773.0
0.5,DC_minus_R,1.5194024412461289,0.04780278670953912,4957.0,1779.0
0.5,DC_minus_R,1.5106576789943524,0.04823151125401929,4951.0,1785.0
0.5,DC_minus_R,1.5004554563672796,0.048660235798499464,4944.0,1791.0
0.5,DC_minus_R,1.4902532337402077,0.04916041443372633,4937.0,1798.0
0.5,DC_minus_R,1.4800510111131358,0.0495891389782065,4930.0,1804.0
0.5,DC_minus_R,1.469848788486063,0.050017863522686674,4923.0,1810.0
0.5,DC_minus_R,1.459646565858991,0.05051804215791354,4916.0,1817.0
0.5,DC_minus_R,1.4494443432319182,0.05094676670239371,4909.0,1823.0
0.5,DC_minus_R,1.4406995809801417,0.05144694533762058,4903.0,1830.0
0.5,DC_minus_R,1.4304973583530698,0.051947123972847446,4896.0,1837.0
0.5,DC_minus_R,1.4202951357259979,0.052447302608074314,4889.0,1844.0
0.5,DC_minus_R,1.410092913098925,0.05294748124330118,4882.0,1851.0
0.5,DC_minus_R,1.399890690471853,0.053447659878528044,4875.0,1858.0
0.5,DC_minus_R,1.3896884678447803,0.05394783851375491,4868.0,1865.0
0.5,DC_minus_R,1.3794862452177084,0.05444801714898178,4861.0,1872.0
0.5,DC_minus_R,1.3692840225906355,0.05494819578420865,4854.0,1879.0
0.5,DC_minus_R,1.36053926033886,0.05551982851018221,4848.0,1887.0
0.5,DC_minus_R,1.3503370377117871,0.05602000714540908,4841.0,1894.0
0.5,DC_minus_R,1.3401348150847152,0.05659163987138264,4834.0,1902.0
0.5,DC_minus_R,1.3299325924576424,0.05709181850660951,4827.0,1909.0
0.5,DC_minus_R,1.3197303698305705,0.05766345123258307,4820.0,1917.0
0.5,DC_minus_R,1.3095281472034976,0.05823508395855663,4813.0,1925.0
0.5,DC_minus_R,1.2993259245764257,0.05880671668453019,4806.0,1933.0
0.5,DC_minus_R,1.2905811623246493,0.05937834941050375,4800.0,1941.0
0.5,DC_minus_R,1.2803789396975773,0.059949982136477314,4793.0,1949.0
0.5,DC_minus_R,1.2701767170705045,0.060521614862450876,4786.0,1957.0
0.5,DC_minus_R,1.2599744944434326,0.06116470167917113,4779.0,1966.0
0.5,DC_minus_R,1.2497722718163597,0.06173633440514469,4772.0,1974.0
0.5,DC_minus_R,1.2395700491892878,0.062379421221864954,4765.0,1983.0
0.5,DC_minus_R,1.229367826562215,0.06295105394783851,4758.0,1991.0
0.5,DC_minus_R,1.2206230643104394,0.06359414076455877,4752.0,2000.0
0.5,DC_minus_R,1.2104208416833666,0.06423722758127903,4745.0,2009.0
0.5,DC_minus_R,1.2002186190562947,0.06488031439799928,4738.0,2018.0
0.5,DC_minus_R,1.1900163964292219,0.06552340121471954,4731.0,2027.0
0.5,DC_minus_R,1.17981417380215,0.06623794212218649,4724.0,2037.0
0.5,DC_minus_R,1.169611951175077,0.06688102893890675,4717.0,2046.0
0.5,DC_minus_R,1.1594097285480052,0.0675955698463737,4710.0,2056.0
0.5,DC_minus_R,1.1506649662962287,0.06823865666309396,4704.0,2065.0
0.5,DC_minus_R,1.1404627436691568,0.06895319757056091,4697.0,2075.0
0.5,DC_minus_R,1.130260521042084,0.06966773847802786,4690.0,2085.0
0.5,DC_minus_R,1.120058298415012,0.07038227938549482,4683.0,2095.0
0.5,DC_minus_R,1.1098560757879392,0.07109682029296177,4676.0,2105.0
0.5,DC_minus_R,1.0996538531608673,0.07181136120042872,4669.0,2115.0
0.5,DC_minus_R,1.0894516305337945,0.07259735619864237,4662.0,2126.0
0.5,DC_minus_R,1.080706868282019,0.07331189710610933,4656.0,2136.0
0.5,DC_minus_R,1.070504645654946,0.07409789210432298,4649.0,2147.0
0.5,DC_minus_R,1.0603024230278741,0.07488388710253661,4642.0,2158.0
0.5,DC_minus_R,1.0501002004008013,0.07566988210075026,4635.0,2169.0
0.5,DC_minus_R,1.0398979777737294,0.07645587709896391,4628.0,2180.0
0.5,DC_minus_R,1.0296957551466566,0.07724187209717756,4621.0,2191.0
0.5,DC_minus_R,1.0194935325195846,0.07809932118613791,4614.0,2203.0
0.5,DC_minus_R,1.0092913098925127,0.07888531618435156,4607.0,2214.0
0.5,DC_minus_R,1.0005465476407363,0.0797427652733119,4601.0,2226.0
0.5,DC_minus_R,0.9903443250136634,0.08060021436227224,4594.0,2238.0
0.5,DC_minus_R,0.9801421023865915,0.08145766345123258,4587.0,2250.0
0.5,DC_minus_R,0.9699398797595187,0.08231511254019293,4580.0,2262.0
0.5,DC_minus_R,0.9597376571324467,0.08317256162915326,4573.0,2274.0
0.5,DC_minus_R,0.9495354345053748,0.08403001071811361,4566.0,2286.0
0.5,DC_minus_R,0.939333211878302,0.08495891389782065,4559.0,2299.0
0.5,DC_minus_R,0.9305884496265255,0.08588781707752768,4553.0,2312.0
0.5,DC_minus_R,0.9203862269994536,0.08681672025723473,4546.0,2325.0
0.5,DC_minus_R,0.9101840043723808,0.08774562343694177,4539.0,2338.0
0.5,DC_minus_R,0.8999817817453089,0.0886745266166488,4532.0,2351.0
0.5,DC_minus_R,0.889779559118236,0.08960342979635584,4525.0,2364.0
0.5,DC_minus_R,0.8795773364911641,0.09060378706680958,4518.0,2378.0
0.5,DC_minus_R,0.8795773364911641,0.09060378706680958,4518.0,2378.0
0.5,DC_minus_R,0.8693751138640922,0.09160414433726331,4511.0,2392.0
0.5,DC_minus_R,0.8606303516123157,0.09260450160771704,4505.0,2406.0
0.5,DC_minus_R,0.8504281289852429,0.09360485887817077,4498.0,2420.0
0.5,DC_minus_R,0.840225906358171,0.09460521614862451,4491.0,2434.0
0.5,DC_minus_R,0.8300236837310981,0.09560557341907824,4484.0,2448.0
0.5,DC_minus_R,0.8198214611040262,0.09667738478027867,4477.0,2463.0
0.5,DC_minus_R,0.8096192384769543,0.0976777420507324,4470.0,2477.0
0.5,DC_minus_R,0.7994170158498815,0.09874955341193284,4463.0,2492.0
0.5,DC_minus_R,0.790672253598105,0.09982136477313326,4457.0,2507.0
0.5,DC_minus_R,0.7804700309710331,0.10089317613433368,4450.0,2522.0
0.5,DC_minus_R,0.7702678083439602,0.10203644158628082,4443.0,2538.0
0.5,DC_minus_R,0.7600655857168883,0.10310825294748124,4436.0,2553.0
0.5,DC_minus_R,0.7498633630898164,0.10425151839942837,4429.0,2569.0
0.5,DC_minus_R,0.7396611404627436,0.10539478385137549,4422.0,2585.0
0.5,DC_minus_R,0.7294589178356716,0.10653804930332261,4415.0,2601.0
0.5,DC_minus_R,0.7207141555838952,0.10768131475526974,4409.0,2617.0
0.5,DC_minus_R,0.7105119329568224,0.10882458020721686,4402.0,2633.0
0.5,DC_minus_R,0.7003097103297504,0.11003929974991068,4395.0,2650.0
0.5,DC_minus_R,0.6901074877026785,0.1111825652018578,4388.0,2666.0
0.5,DC_minus_R,0.6799052650756057,0.11239728474455163,4381.0,2683.0
0.5,DC_minus_R,0.6697030424485337,0.11361200428724544,4374.0,2700.0
0.5,DC_minus_R,0.6595008198214609,0.11482672382993926,4367.0,2717.0
0.5,DC_minus_R,0.649298597194389,0.11604144337263309,4360.0,2734.0
0.5,DC_minus_R,0.6405538349426125,0.1173276170060736,4354.0,2752.0
0.5,DC_minus_R,0.6303516123155406,0.11854233654876742,4347.0,2769.0
0.5,DC_minus_R,0.6201493896884678,0.11982851018220793,4340.0,2787.0
0.5,DC_minus_R,0.6099471670613958,0.12111468381564845,4333.0,2805.0
0.5,DC_minus_R,0.599744944434323,0.12232940335834226,4326.0,2822.0
0.5,DC_minus_R,0.5895427218072511,0.12361557699178279,4319.0,2840.0
0.5,DC_minus_R,0.5793404991801783,0.1249017506252233,4312.0,2858.0
0.5,DC_minus_R,0.5705957369284018,0.1262593783494105,4306.0,2877.0
0.5,DC_minus_R,0.5603935143013299,0.12754555198285103,4299.0,2895.0
0.5,DC_minus_R,0.550191291674258,0.12883172561629153,4292.0,2913.0
0.5,DC_minus_R,0.5399890690471851,0.13018935334047874,4285.0,2932.0
0.5,DC_minus_R,0.5297868464201132,0.13147552697391926,4278.0,2950.0
0.5,DC_minus_R,0.5195846237930404,0.13283315469810647,4271.0,2969.0
0.5,DC_minus_R,0.5093824011659684,0.13419078242229368,4264.0,2988.0
0.5,DC_minus_R,0.500637638914192,0.1354769560557342,4258.0,3006.0
0.5,DC_minus_R,0.49043541628712006,0.1368345837799214,4251.0,3025.0
0.5,DC_minus_R,0.48023319366004724,0.1381922115041086,4244.0,3044.0
0.5,DC_minus_R,0.4700309710329753,0.1395498392282958,4237.0,3063.0
0.5,DC_minus_R,0.4598287484059025,0.14090746695248302,4230.0,3082.0
0.5,DC_minus_R,0.44962652577883055,0.14219364058592354,4223.0,3100.0
0.5,DC_minus_R,0.43942430315175773,0.14355126831011075,4216.0,3119.0
0.5,DC_minus_R,0.43067954089998217,0.14490889603429796,4210.0,3138.0
0.5,DC_minus_R,0.42047731827290935,0.14626652375848517,4203.0,3157.0
0.5,DC_minus_R,0.4102750956458374,0.1475526973919257,4196.0,3175.0
0.5,DC_minus_R,0.4000728730187646,0.1489103251161129,4189.0,3194.0
0.5,DC_minus_R,0.38987065039169266,0.1501964987495534,4182.0,3212.0
0.5,DC_minus_R,0.37966842776461984,0.1515541264737406,4175.0,3231.0
0.5,DC_minus_R,0.3694662051375479,0.15284030010718114,4168.0,3249.0
0.5,DC_minus_R,0.36072144288577146,0.15412647374062166,4162.0,3267.0
0.5,DC_minus_R,0.3505192202586995,0.15541264737406216,4155.0,3285.0
0.5,DC_minus_R,0.3403169976316267,0.15669882100750268,4148.0,3303.0
0.5,DC_minus_R,0.3301147750045548,0.1579135405501965,4141.0,3320.0
0.5,DC_minus_R,0.31991255237748195,0.15919971418363701,4134.0,3338.0
0.5,DC_minus_R,0.30971032975041,0.16041443372633082,4127.0,3355.0
0.5,DC_minus_R,0.2995081071233372,0.16162915326902466,4120.0,3372.0
0.5,DC_minus_R,0.28930588449626526,0.16277241872097178,4113.0,3388.0
0.5,DC_minus_R,0.2805611222444888,0.1639871382636656,4107.0,3405.0
0.5,DC_minus_R,0.2703588996174169,0.16505894962486603,4100.0,3420.0
0.5,DC_minus_R,0.26015667699034406,0.16620221507681315,4093.0,3436.0
0.5,DC_minus_R,0.24995445436327213,0.1672740264380136,4086.0,3451.0
0.5,DC_minus_R,0.2397522317361993,0.168345837799214,4079.0,3466.0
0.5,DC_minus_R,0.22955000910912737,0.16941764916041444,4072.0,3481.0
0.5,DC_minus_R,0.21934778648205544,0.17041800643086816,4065.0,3495.0
0.5,DC_minus_R,0.210603024230279,0.1713469096105752,4059.0,3508.0
0.5,DC_minus_R,0.20040080160320617,0.17234726688102894,4052.0,3522.0
0.5,DC_minus_R,0.19019857897613424,0.1732047159699893,4045.0,3534.0
0.5,DC_minus_R,0.17999635634906141,0.17406216505894961,4038.0,3546.0
0.5,DC_minus_R,0.16979413372198948,0.17491961414790996,4031.0,3558.0
0.5,DC_minus_R,0.15959191109491755,0.17570560914612363,4024.0,3569.0
0.5,DC_minus_R,0.14938968846784473,0.17649160414433726,4017.0,3580.0
0.5,DC_minus_R,0.14064492621606828,0.17713469096105752,4011.0,3589.0
0.5,DC_minus_R,0.13044270358899634,0.17784923186852447,4004.0,3599.0
0.5,DC_minus_R,0.12024048096192352,0.17849231868524473,3997.0,3608.0
0.5,DC_minus_R,0.11003825833485159,0.17906395141121828,3990.0,3616.0
0.5,DC_minus_R,0.09983603570777877,0.17956413004644517,3983.0,3623.0
0.5,DC_minus_R,0.08963381308070684,0.18006430868167203,3976.0,3630.0
0.5,DC_minus_R,0.0794315904536349,0.1804930332261522,3969.0,3636.0
0.5,DC_minus_R,0.07068682820185845,0.18085030367988567,3963.0,3641.0
0.5,DC_minus_R,0.06048460557478563,0.18120757413361915,3956.0,3646.0
0.5,DC_minus_R,0.0502823829477137,0.18149339049660593,3949.0,3650.0
0.5,DC_minus_R,0.04008016032064088,0.18170775276884601,3942.0,3653.0
0.5,DC_minus_R,0.029877937693568946,0.1819221150410861,3935.0,3656.0
0.5,DC_minus_R,0.019675715066497013,0.1820650232225795,3928.0,3658.0
0.5,DC_minus_R,0.009473492439424192,0.1821364773133262,3921.0,3659.0
0.5,DC_minus_R,0.0007287301876477414,0.1821364773133262,3915.0,3659.0
0.5,DC_minus_R,-0.009473492439424192,0.1821364773133262,3908.0,3659.0
0.25,FDC_L,-4.0,0.006716684530189353,1170.0,1204.0
0.25,FDC_L,-3.9897977773729276,0.006716684530189353,1177.0,1204.0
0.25,FDC_L,-3.9795955547458552,0.006788138620936048,1184.0,1205.0
0.25,FDC_L,-3.969393332118783,0.006788138620936048,1191.0,1205.0
0.25,FDC_L,-3.960648569867007,0.006859592711682743,1197.0,1206.0
0.25,FDC_L,-3.9504463472399345,0.006859592711682743,1204.0,1206.0
0.25,FDC_L,-3.940244124612862,0.0069310468024294395,1211.0,1207.0
0.25,FDC_L,-3.9300419019857897,0.0069310468024294395,1218.0,1207.0
0.25,FDC_L,-3.9198396793587174,0.007002500893176135,1225.0,1208.0
0.25,FDC_L,-3.909637456731645,0.007002500893176135,1232.0,1208.0
0.25,FDC_L,-3.8994352341045726,0.00707395498392283,1239.0,1209.0
0.25,FDC_L,-3.8906904718527966,0.00707395498392283,1245.0,1209.0
0.25,FDC_L,-3.880488249225724,0.00707395498392283,1252.0,1209.0
0.25,FDC_L,-3.870286026598652,0.007145409074669525,1259.0,1210.0
0.25,FDC_L,-3.8600838039715795,0.007145409074669525,1266.0,1210.0
0.25,FDC_L,-3.849881581344507,0.00721686316541622,1273.0,1211.0
0.25,FDC_L,-3.8396793587174347,0.00721686316541622,1280.0,1211.0
0.25,FDC_L,-3.8294771360903628,0.007288317256162915,1287.0,1212.0
0.25,FDC_L,-3.8192749134632904,0.007288317256162915,1294.0,1212.0
0.25,FDC_L,-3.810530151211514,0.007359771346909611,1300.0,1213.0
0.25,FDC_L,-3.8003279285844416,0.007359771346909611,1307.0,1213.0
0.25,FDC_L,-3.790125705957369,0.007431225437656306,1314.0,1214.0
0.25,FDC_L,-3.779923483330297,0.007431225437656306,1321.0,1214.0
0.25,FDC_L,-3.7697212607032244,0.007502679528403001,1328.0,1215.0
0.25,FDC_L,-3.7595190380761525,0.007574133619149696,1335.0,1216.0
0.25,FDC_L,-3.74931681544908,0.007574133619149696,1342.0,1216.0
0.25,FDC_L,-3.7405720531973037,0.007645587709896391,1348.0,1217.0
0.25,FDC_L,-3.7303698305702313,0.007645587709896391,1355.0,1217.0
0.25,FDC_L,-3.720167607943159,0.0077170418006430866,1362.0,1218.0
0.25,FDC_L,-3.7099653853160866,0.0077170418006430866,1369.0,1218.0
0.25,FDC_L,-3.699763162689014,0.007788495891389782,1376.0,1219.0
0.25,FDC_L,-3.6895609400619422,0.007788495891389782,1383.0,1219.0
0.25,FDC_L,-3.67935871743487,0.007859949982136478,1390.0,1220.0
0.25,FDC_L,-3.6706139551830934,0.007859949982136478,1396.0,1220.0
0.25,FDC_L,-3.660411732556021,0.007931404072883173,1403.0,1221.0
0.25,FDC_L,-3.6502095099289487,0.008002858163629868,1410.0,1222.0
0.25,FDC_L,-3.6400072873018763,0.008002858163629868,1417.0,1222.0
0.25,FDC_L,-3.6298050646748043,0.008074312254376563,1424.0,1223.0
0.25,FDC_L,-3.619602842047732,0.008074312254376563,1431.0,1223.0
0.25,FDC_L,-3.6094006194206596,0.008145766345123259,1438.0,1224.0
0.25,FDC_L,-3.600655857168883,0.008145766345123259,1444.0,1224.0
0.25,FDC_L,-3.5904536345418108,0.008217220435869954,1451.0,1225.0
0.25,FDC_L,-3.5802514119147384,0.008288674526616649,1458.0,1226.0
0.25,FDC_L,-3.5700491892876665,0.008288674526616649,1465.0,1226.0
0.25,FDC_L,-3.559846966660594,0.008360128617363344,1472.0,1227.0
0.25,FDC_L,-3.5496447440335217,0.008360128617363344,1479.0,1227.0
0.25,FDC_L,-3.5394425214064493,0.00843158270811004,1486.0,1228.0
0.25,FDC_L,-3.530697759154673,0.008503036798856735,1492.0,1229.0
0.25,FDC_L,-3.5204955365276005,0.008503036798856735,1499.0,1229.0
0.25,FDC_L,-3.5102933139005286,0.00857449088960343,1506.0,1230.0
0.25,FDC_L,-3.500091091273456,0.008645944980350125,1513.0,1231.0
0.25,FDC_L,-3.489888868646384,0.008645944980350125,1520.0,1231.0
0.25,FDC_L,-3.4796866460193114,0.00871739907109682,1527.0,1232.0
0.25,FDC_L,-3.469484423392239,0.00871739907109682,1534.0,1232.0
0.25,FDC_L,-3.4592822007651667,0.008788853161843515,1541.0,1233.0
0.25,FDC_L,-3.4505374385133907,0.00886030725259021,1547.0,1234.0
0.25,FDC_L,-3.440335215886318,0.00886030725259021,1554.0,1234.0
0.25,FDC_L,-3.430132993259246,0.008931761343336906,1561.0,1235.0
0.25,FDC_L,-3.4199307706321735,0.0090032154340836,1568.0,1236.0
0.25,FDC_L,-3.409728548005101,0.0090032154340836,1575.0,1236.0
0.25,FDC_L,-3.399526325378029,0.009074669524830296,1582.0,1237.0
0.25,FDC_L,-3.3893241027509564,0.009146123615576991,1589.0,1238.0
0.25,FDC_L,-3.38057934049918,0.009217577706323686,1595.0,1239.0
0.25,FDC_L,-3.370377117872108,0.009217577706323686,1602.0,1239.0
0.25,FDC_L,-3.3601748952450357,0.009289031797070382,1609.0,1240.0
0.25,FDC_L,-3.3499726726179633,0.009360485887817077,1616.0,1241.0
0.25,FDC_L,-3.339770449990891,0.009360485887817077,1623.0,1241.0
0.25,FDC_L,-3.3295682273638185,0.009431939978563772,1630.0,1242.0
0.25,FDC_L,-3.319366004736746,0.009503394069310467,1637.0,1243.0
0.25,FDC_L,-3.31062124248497,0.009574848160057164,1643.0,1244.0
0.25,FDC_L,-3.3004190198578978,0.009574848160057164,1650.0,1244.0
0.25,FDC_L,-3.2902167972308254,0.00964630225080386,1657.0,1245.0
0.25,FDC_L,-3.280014574603753,0.009717756341550554,1664.0,1246.0
0.25,FDC_L,-3.2698123519766806,0.00978921043229725,1671.0,1247.0
0.25,FDC_L,-3.2596101293496083,0.00978921043229725,1678.0,1247.0
0.25,FDC_L,-3.249407906722536,0.009860664523043945,1685.0,1248.0
0.25,FDC_L,-3.2406631444707594,0.00993211861379064,1691.0,1249.0
0.25,FDC_L,-3.2304609218436875,0.010003572704537335,1698.0,1250.0
0.25,FDC_L,-3.220258699216615,0.01007502679528403,1705.0,1251.0
0.25,FDC_L,-3.2100564765895427,0.01007502679528403,1712.0,1251.0
0.25,FDC_L,-3.1998542539624704,0.010146480886030726,1719.0,1252.0
0.25,FDC_L,-3.189652031335398,0.01021793497677742,1726.0,1253.0
0.25,FDC_L,-3.1794498087083256,0.010289389067524116,1733.0,1254.0
0.25,FDC_L,-3.1707050464565496,0.010360843158270811,1739.0,1255.0
0.25,FDC_L,-3.1605028238294772,0.010360843158270811,1746.0,1255.0
0.25,FDC_L,-3.150300601202405,0.010432297249017506,1753.0,1256.0
0.25,FDC_L,-3.1400983785753325,0.010503751339764202,1760.0,1257.0
0.25,FDC_L,-3.12989615594826,0.010575205430510897,1767.0,1258.0
0.25,FDC_L,-3.1196939333211877,0.010646659521257592,1774.0,1259.0
0.25,FDC_L,-3.1094917106941153,0.010718113612004287,1781.0,1260.0
0.25,FDC_L,-3.0992894880670434,0.010789567702750982,1788.0,1261.0
0.25,FDC_L,-3.090544725815267,0.010789567702750982,1794.0,1261.0
0.25,FDC_L,-3.0803425031881946,0.010861021793497678,1801.0,1262.0
0.25,FDC_L,-3.070140280561122,0.010932475884244373,1808.0,1263.0
0.25,FDC_L,-3.05993805793405,0.011003929974991068,1815.0,1264.0
0.25,FDC_L,-3.0497358353069774,0.011075384065737763,1822.0,1265.0
0.25,FDC_L,-3.0395336126799055,0.011146838156484458,1829.0,1266.0
0.25,FDC_L,-3.0293313900528327,0.011218292247231153,1836.0,1267.0
0.25,FDC_L,-3.0205866278010567,0.011289746337977849,1842.0,1268.0
0.25,FDC_L,-3.0103844051739843,0.011361200428724544,1849.0,1269.0
0.25,FDC_L,-3.000182182546912,0.011432654519471239,1856.0,1270.0
0.25,FDC_L,-2.9899799599198396,0.011504108610217934,1863.0,1271.0
0.25,FDC_L,-2.9797777372927676,0.01157556270096463,1870.0,1272.0
0.25,FDC_L,-2.969575514665695,0.011647016791711326,1877.0,1273.0
0.25,FDC_L,-2.959373292038623,0.011718470882458022,1884.0,1274.0
0.25,FDC_L,-2.959373292038623,0.011718470882458022,1884.0,1274.0
0.25,FDC_L,-2.9506285297868464,0.011789924973204717,1890.0,1275.0
0.25,FDC_L,-2.940426307159774,0.011861379063951412,1897.0,1276.0
0.25,FDC_L,-2.9302240845327017,0.011932833154698107,1904.0,1277.0
0.25,FDC_L,-2.9200218619056297,0.012004287245444802,1911.0,1278.0
0.25,FDC_L,-2.909819639278557,0.012075741336191497,1918.0,1279.0
0.25,FDC_L,-2.899617416651485,0.012147195426938193,1925.0,1280.0
0.25,FDC_L,-2.889415194024412,0.012218649517684888,1932.0,1281.0
0.25,FDC_L,-2.880670431772636,0.012290103608431583,1938.0,1282.0
0.25,FDC_L,-2.8704682091455638,0.012361557699178278,1945.0,1283.0
0.25,FDC_L,-2.860265986518492,0.012433011789924973,1952.0,1284.0
0.25,FDC_L,-2.850063763891419,0.012504465880671669,1959.0,1285.0
0.25,FDC_L,-2.839861541264347,0.012575919971418364,1966.0,1286.0
0.25,FDC_L,-2.8296593186372743,0.012647374062165059,1973.0,1287.0
0.25,FDC_L,-2.8194570960102023,0.01279028224365845,1980.0,1289.0
0.25,FDC_L,-2.810712333758426,0.012861736334405145,1986.0,1290.0
0.25,FDC_L,-2.8005101111313535,0.01293319042515184,1993.0,1291.0
0.25,FDC_L,-2.790307888504281,0.013004644515898535,2000.0,1292.0
0.25,FDC_L,-2.780105665877209,0.01307609860664523,2007.0,1293.0
0.25,FDC_L,-2.7699034432501364,0.013147552697391925,2014.0,1294.0
0.25,FDC_L,-2.7597012206230644,0.013290460878885316,2021.0,1296.0
0.25,FDC_L,-2.749498997995992,0.013361914969632011,2028.0,1297.0
0.25,FDC_L,-2.7392967753689197,0.013433369060378706,2035.0,1298.0
0.25,FDC_L,-2.7305520131171432,0.013504823151125401,2041.0,1299.0
0.25,FDC_L,-2.7203497904900713,0.013576277241872096,2048.0,1300.0
0.25,FDC_L,-2.7101475678629985,0.013719185423365487,2055.0,1302.0
0.25,FDC_L,-2.6999453452359266,0.013790639514112184,2062.0,1303.0
0.25,FDC_L,-2.689743122608854,0.013862093604858879,2069.0,1304.0
0.25,FDC_L,-2.679540899981782,0.013933547695605574,2076.0,1305.0
0.25,FDC_L,-2.6693386773547094,0.014076455877098965,2083.0,1307.0
0.25,FDC_L,-2.6605939151029334,0.01414790996784566,2089.0,1308.0
0.25,FDC_L,-2.6503916924758606,0.014219364058592355,2096.0,1309.0
0.25,FDC_L,-2.6401894698487887,0.014362272240085745,2103.0,1311.0
0.25,FDC_L,-2.629987247221716,0.01443372633083244,2110.0,1312.0
0.25,FDC_L,-2.619785024594644,0.014505180421579136,2117.0,1313.0
0.25,FDC_L,-2.6095828019675715,0.014648088603072526,2124.0,1315.0
0.25,FDC_L,-2.599380579340499,0.014719542693819221,2131.0,1316.0
0.25,FDC_L,-2.5906358170887227,0.014862450875312612,2137.0,1318.0
0.25,FDC_L,-2.5804335944616508,0.014933904966059307,2144.0,1319.0
0.25,FDC_L,-2.570231371834578,0.015005359056806002,2151.0,1320.0
0.25,FDC_L,-2.560029149207506,0.015148267238299392,2158.0,1322.0
0.25,FDC_L,-2.5498269265804336,0.015219721329046088,2165.0,1323.0
0.25,FDC_L,-2.5396247039533613,0.015362629510539478,2172.0,1325.0
0.25,FDC_L,-2.529422481326289,0.015434083601286173,2179.0,1326.0
0.25,FDC_L,-2.520677719074513,0.015576991782779563,2185.0,1328.0
0.25,FDC_L,-2.51047549644744,0.01564844587352626,2192.0,1329.0
0.25,FDC_L,-2.500273273820368,0.01579135405501965,2199.0,1331.0
0.25,FDC_L,-2.4900710511932957,0.015862808145766346,2206.0,1332.0
0.25,FDC_L,-2.4798688285662234,0.016005716327259736,2213.0,1334.0
0.25,FDC_L,-2.469666605939151,0.01607717041800643,2220.0,1335.0
0.25,FDC_L,-2.4594643833120786,0.01622007859949982,2227.0,1337.0
0.25,FDC_L,-2.450719621060302,0.01636298678099321,2233.0,1339.0
0.25,FDC_L,-2.4405173984332302,0.016434440871739908,2240.0,1340.0
0.25,FDC_L,-2.430315175806158,0.016577349053233298,2247.0,1342.0
0.25,FDC_L,-2.4201129531790855,0.016720257234726688,2254.0,1344.0
0.25,FDC_L,-2.409910730552013,0.01679171132547338,2261.0,1345.0
0.25,FDC_L,-2.3997085079249407,0.016934619506966776,2268.0,1347.0
0.25,FDC_L,-2.389506285297869,0.017077527688460166,2275.0,1349.0
0.25,FDC_L,-2.379304062670796,0.01714898177920686,2282.0,1350.0
0.25,FDC_L,-2.37055930041902,0.01729188996070025,2288.0,1352.0
0.25,FDC_L,-2.3603570777919476,0.01743479814219364,2295.0,1354.0
0.25,FDC_L,-2.350154855164875,0.01757770632368703,2302.0,1356.0
0.25,FDC_L,-2.339952632537803,0.017649160414433727,2309.0,1357.0
0.25,FDC_L,-2.3297504099107305,0.017792068595927118,2316.0,1359.0
0.25,FDC_L,-2.319548187283658,0.017934976777420508,2323.0,1361.0
0.25,FDC_L,-2.309345964656586,0.0180778849589139,2330.0,1363.0
0.25,FDC_L,-2.3006012024048097,0.01822079314040729,2336.0,1365.0
0.25,FDC_L,-2.2903989797777373,0.01836370132190068,2343.0,1367.0
0.25,FDC_L,-2.280196757150665,0.01850660950339407,2350.0,1369.0
0.25,FDC_L,-2.2699945345235926,0.018578063594140763,2357.0,1370.0
0.25,FDC_L,-2.25979231189652,0.018720971775634154,2364.0,1372.0
0.25,FDC_L,-2.2495900892694483,0.018863879957127544,2371.0,1374.0
0.25,FDC_L,-2.2393878666423754,0.019006788138620934,2378.0,1376.0
0.25,FDC_L,-2.2306431043905994,0.019149696320114328,2384.0,1378.0
0.25,FDC_L,-2.220440881763527,0.01929260450160772,2391.0,1380.0
0.25,FDC_L,-2.2102386591364547,0.019506966773847802,2398.0,1383.0
0.25,FDC_L,-2.2000364365093823,0.019649874955341193,2405.0,1385.0
0.25,FDC_L,-2.1898342138823104,0.019792783136834583,2412.0,1387.0
0.25,FDC_L,-2.1796319912552375,0.019935691318327974,2419.0,1389.0
0.25,FDC_L,-2.1694297686281656,0.020078599499821364,2426.0,1391.0
0.25,FDC_L,-2.160685006376389,0.020221507681314754,2432.0,1393.0
0.25,FDC_L,-2.150482783749317,0.020364415862808145,2439.0,1395.0
0.25,FDC_L,-2.1402805611222444,0.020578778135048232,2446.0,1398.0
0.25,FDC_L,-2.1300783384951725,0.020721686316541622,2453.0,1400.0
0.25,FDC_L,-2.1198761158680997,0.020864594498035013,2460.0,1402.0
0.25,FDC_L,-2.1096738932410277,0.021007502679528403,2467.0,1404.0
0.25,FDC_L,-2.099471670613955,0.02122186495176849,2474.0,1407.0
0.25,FDC_L,-2.090726908362179,0.02136477313326188,2480.0,1409.0
0.25,FDC_L,-2.0805246857351065,0.02150768131475527,2487.0,1411.0
0.25,FDC_L,-2.0703224631080346,0.021722043586995355,2494.0,1414.0
0.25,FDC_L,-2.0601202404809618,0.021864951768488745,2501.0,1416.0
0.25,FDC_L,-2.04991801785389,0.022079314040728833,2508.0,1419.0
0.25,FDC_L,-2.039715795226817,0.022222222222222223,2515.0,1421.0
0.25,FDC_L,-2.029513572599745,0.022436584494462307,2522.0,1424.0
0.25,FDC_L,-2.0193113499726727,0.022579492675955697,2529.0,1426.0
0.25,FDC_L,-2.0105665877208962,0.022793854948195785,2535.0,1429.0
0.25,FDC_L,-2.000364365093824,0.022936763129689175,2542.0,1431.0
0.25,FDC_L,-1.9901621424667515,0.02315112540192926,2549.0,1434.0
0.25,FDC_L,-1.9799599198396796,0.023365487674169346,2556.0,1437.0
0.25,FDC_L,-1.9697576972126072,0.023508395855662736,2563.0,1439.0
0.25,FDC_L,-1.9595554745855348,0.023722758127902824,2570.0,1442.0
0.25,FDC_L,-1.9493532519584624,0.023937120400142908,2577.0,1445.0
0.25,FDC_L,-1.940608489706686,0.024151482672382995,2583.0,1448.0
0.25,FDC_L,-1.9304062670796136,0.02436584494462308,2590.0,1451.0
0.25,FDC_L,-1.9202040444525412,0.02450875312611647,2597.0,1453.0
0.25,FDC_L,-1.9202040444525412,0.02450875312611647,2597.0,1453.0
0.25,FDC_L,-1.9100018218254693,0.024723115398356556,2604.0,1456.0
0.25,FDC_L,-1.899799599198397,0.02493747767059664,2611.0,1459.0
0.25,FDC_L,-1.8895973765713245,0.025151839942836728,2618.0,1462.0
0.25,FDC_L,-1.8793951539442522,0.02536620221507681,2625.0,1465.0
0.25,FDC_L,-1.8706503916924757,0.0255805644873169,2631.0,1468.0
0.25,FDC_L,-1.8604481690654033,0.025794926759556986,2638.0,1471.0
0.25,FDC_L,-1.8502459464383314,0.02600928903179707,2645.0,1474.0
0.25,FDC_L,-1.840043723811259,0.026223651304037157,2652.0,1477.0
0.25,FDC_L,-1.8298415011841866,0.026509467667023938,2659.0,1481.0
0.25,FDC_L,-1.8196392785571143,0.026723829939264022,2666.0,1484.0
0.25,FDC_L,-1.809437055930042,0.02693819221150411,2673.0,1487.0
0.25,FDC_L,-1.8006922936782654,0.027152554483744193,2679.0,1490.0
0.25,FDC_L,-1.7904900710511935,0.027438370846730974,2686.0,1494.0
0.25,FDC_L,-1.7802878484241211,0.02765273311897106,2693.0,1497.0
0.25,FDC_L,-1.7700856257970488,0.02793854948195784,2700.0,1501.0
0.25,FDC_L,-1.7598834031699764,0.02815291175419793,2707.0,1504.0
0.25,FDC_L,-1.749681180542904,0.028367274026438013,2714.0,1507.0
0.25,FDC_L,-1.7394789579158316,0.028653090389424794,2721.0,1511.0
0.25,FDC_L,-1.7292767352887592,0.028938906752411574,2728.0,1515.0
0.25,FDC_L,-1.7205319730369832,0.02915326902465166,2734.0,1518.0
0.25,FDC_L,-1.7103297504099109,0.029439085387638442,2741.0,1522.0
0.25,FDC_L,-1.7001275277828385,0.029724901750625223,2748.0,1526.0
0.25,FDC_L,-1.689925305155766,0.02993926402286531,2755.0,1529.0
0.25,FDC_L,-1.6797230825286937,0.03022508038585209,2762.0,1533.0
0.25,FDC_L,-1.6695208599016214,0.030510896748838872,2769.0,1537.0
0.25,FDC_L,-1.659318637274549,0.030796713111825653,2776.0,1541.0
0.25,FDC_L,-1.650573875022773,0.031082529474812434,2782.0,1545.0
0.25,FDC_L,-1.6403716523957006,0.03136834583779921,2789.0,1549.0
0.25,FDC_L,-1.6301694297686282,0.03165416220078599,2796.0,1553.0
0.25,FDC_L,-1.6199672071415558,0.03193997856377278,2803.0,1557.0
0.25,FDC_L,-1.6097649845144835,0.03222579492675956,2810.0,1561.0
0.25,FDC_L,-1.599562761887411,0.03251161128974634,2817.0,1565.0
0.25,FDC_L,-1.5893605392603387,0.032868881743479815,2824.0,1570.0
0.25,FDC_L,-1.5806157770085627,0.033154698106466596,2830.0,1574.0
0.25,FDC_L,-1.5704135543814903,0.033440514469453377,2837.0,1578.0
0.25,FDC_L,-1.560211331754418,0.03379778492318685,2844.0,1583.0
0.25,FDC_L,-1.5500091091273456,0.03408360128617363,2851.0,1587.0
0.25,FDC_L,-1.5398068865002732,0.03444087173990711,2858.0,1592.0
0.25,FDC_L,-1.5296046638732008,0.03479814219364059,2865.0,1597.0
0.25,FDC_L,-1.5194024412461284,0.03508395855662737,2872.0,1601.0
0.25,FDC_L,-1.5106576789943524,0.03544122901036084,2878.0,1606.0
0.25,FDC_L,-1.50045545636728,0.035798499464094316,2885.0,1611.0
0.25,FDC_L,-1.4902532337402077,0.0361557699178278,2892.0,1616.0
0.25,FDC_L,-1.4800510111131353,0.03651304037156127,2899.0,1621.0
0.25,FDC_L,-1.469848788486063,0.036870310825294746,2906.0,1626.0
0.25,FDC_L,-1.4596465658589906,0.03722758127902823,2913.0,1631.0
0.25,FDC_L,-1.4494443432319182,0.0375848517327617,2920.0,1636.0
0.25,FDC_L,-1.4406995809801422,0.037942122186495175,2926.0,1641.0
0.25,FDC_L,-1.4304973583530698,0.038299392640228656,2933.0,1646.0
0.25,FDC_L,-1.4202951357259974,0.03865666309396213,2940.0,1651.0
0.25,FDC_L,-1.410092913098925,0.0390853876384423,2947.0,1657.0
0.25,FDC_L,-1.3998906904718527,0.03944265809217578,2954.0,1662.0
0.25,FDC_L,-1.3896884678447803,0.03987138263665595,2961.0,1668.0
0.25,FDC_L,-1.3794862452177084,0.04022865309038943,2968.0,1673.0
0.25,FDC_L,-1.369284022590636,0.040657377634869596,2975.0,1679.0
0.25,FDC_L,-1.3605392603388595,0.04108610217934977,2981.0,1685.0
0.25,FDC_L,-1.3503370377117871,0.04151482672382994,2988.0,1691.0
0.25,FDC_L,-1.3401348150847148,0.04194355126831011,2995.0,1697.0
0.25,FDC_L,-1.3299325924576424,0.04237227581279028,3002.0,1703.0
0.25,FDC_L,-1.31973036983057,0.042801000357270455,3009.0,1709.0
0.25,FDC_L,-1.309528147203498,0.04322972490175062,3016.0,1715.0
0.25,FDC_L,-1.2993259245764257,0.0436584494462308,3023.0,1721.0
0.25,FDC_L,-1.2905811623246493,0.044087173990710965,3029.0,1727.0
0.25,FDC_L,-1.2803789396975769,0.04458735262593783,3036.0,1734.0
0.25,FDC_L,-1.2701767170705045,0.04501607717041801,3043.0,1740.0
0.25,FDC_L,-1.2599744944434321,0.045516255805644876,3050.0,1747.0
0.25,FDC_L,-1.2497722718163602,0.04601643444087174,3057.0,1754.0
0.25,FDC_L,-1.2395700491892878,0.04644515898535191,3064.0,1760.0
0.25,FDC_L,-1.2293678265622154,0.04694533762057878,3071.0,1767.0
0.25,FDC_L,-1.220623064310439,0.04744551625580565,3077.0,1774.0
0.25,FDC_L,-1.2104208416833666,0.04794569489103251,3084.0,1781.0
0.25,FDC_L,-1.2002186190562942,0.04844587352625938,3091.0,1788.0
0.25,FDC_L,-1.1900163964292223,0.04901750625223294,3098.0,1796.0
0.25,FDC_L,-1.17981417380215,0.049517684887459806,3105.0,1803.0
0.25,FDC_L,-1.1696119511750775,0.050017863522686674,3112.0,1810.0
0.25,FDC_L,-1.1594097285480052,0.050589496248660236,3119.0,1818.0
0.25,FDC_L,-1.1506649662962287,0.051089674883887104,3125.0,1825.0
0.25,FDC_L,-1.1404627436691563,0.051661307609860666,3132.0,1833.0
0.25,FDC_L,-1.130260521042084,0.05223294033583423,3139.0,1841.0
0.25,FDC_L,-1.120058298415012,0.05280457306180779,3146.0,1849.0
0.25,FDC_L,-1.1098560757879397,0.05337620578778135,3153.0,1857.0
0.25,FDC_L,-1.0996538531608673,0.05394783851375491,3160.0,1865.0
0.25,FDC_L,-1.089451630533795,0.05451947123972847,3167.0,1873.0
0.25,FDC_L,-1.0807068682820185,0.055162558056448735,3173.0,1882.0
0.25,FDC_L,-1.070504645654946,0.055734190782422297,3180.0,1890.0
0.25,FDC_L,-1.0603024230278741,0.05637727759914255,3187.0,1899.0
0.25,FDC_L,-1.0501002004008018,0.057020364415862806,3194.0,1908.0
0.25,FDC_L,-1.0398979777737294,0.05759199714183637,3201.0,1916.0
0.25,FDC_L,-1.029695755146657,0.05823508395855663,3208.0,1925.0
0.25,FDC_L,-1.0194935325195846,0.05894962486602358,3215.0,1935.0
0.25,FDC_L,-1.0092913098925123,0.05959271168274384,3222.0,1944.0
0.25,FDC_L,-1.0005465476407358,0.060235798499464095,3228.0,1953.0
0.25,FDC_L,-0.9903443250136639,0.06087888531618435,3235.0,1962.0
0.25,FDC_L,-0.9801421023865915,0.061593426223651306,3242.0,1972.0
0.25,FDC_L,-0.9699398797595191,0.062307967131118254,3249.0,1982.0
0.25,FDC_L,-0.9597376571324467,0.06295105394783851,3256.0,1991.0
0.25,FDC_L,-0.9495354345053744,0.06366559485530547,3263.0,2001.0
0.25,FDC_L,-0.939333211878302,0.06438013576277242,3270.0,2011.0
0.25,FDC_L,-0.930588449626526,0.06516613076098607,3276.0,2022.0
0.25,FDC_L,-0.9203862269994536,0.06588067166845302,3283.0,2032.0
0.25,FDC_L,-0.9101840043723812,0.06659521257591997,3290.0,2042.0
0.25,FDC_L,-0.8999817817453089,0.06738120757413361,3297.0,2053.0
0.25,FDC_L,-0.8897795591182365,0.06816720257234726,3304.0,2064.0
0.25,FDC_L,-0.8795773364911641,0.06895319757056091,3311.0,2075.0
0.25,FDC_L,-0.8795773364911641,0.06895319757056091,3311.0,2075.0
0.25,FDC_L,-0.8693751138640917,0.06966773847802786,3318.0,2085.0
0.25,FDC_L,-0.8606303516123157,0.07052518756698821,3324.0,2097.0
0.25,FDC_L,-0.8504281289852433,0.07131118256520186,3331.0,2108.0
0.25,FDC_L,-0.840225906358171,0.07209717756341551,3338.0,2119.0
0.25,FDC_L,-0.8300236837310986,0.07295462665237584,3345.0,2131.0
0.25,FDC_L,-0.8198214611040262,0.07374062165058949,3352.0,2142.0
0.25,FDC_L,-0.8096192384769538,0.07459807073954984,3359.0,2154.0
0.25,FDC_L,-0.7994170158498815,0.07545551982851018,3366.0,2166.0
0.25,FDC_L,-0.7906722535981054,0.07631296891747053,3372.0,2178.0
0.25,FDC_L,-0.7804700309710331,0.07717041800643087,3379.0,2190.0
0.25,FDC_L,-0.7702678083439607,0.07809932118613791,3386.0,2203.0
0.25,FDC_L,-0.7600655857168883,0.07895677027509825,3393.0,2215.0
0.25,FDC_L,-0.7498633630898159,0.07988567345480528,3400.0,2228.0
0.25,FDC_L,-0.7396611404627436,0.08074312254376563,3407.0,2240.0
0.25,FDC_L,-0.7294589178356712,0.08167202572347267,3414.0,2253.0
0.25,FDC_L,-0.7207141555838952,0.0826009289031797,3420.0,2266.0
0.25,FDC_L,-0.7105119329568228,0.08352983208288675,3427.0,2279.0
0.25,FDC_L,-0.7003097103297504,0.08445873526259379,3434.0,2292.0
0.25,FDC_L,-0.690107487702678,0.08545909253304752,3441.0,2306.0
0.25,FDC_L,-0.6799052650756057,0.08638799571275456,3448.0,2319.0
0.25,FDC_L,-0.6697030424485333,0.0873883529832083,3455.0,2333.0
0.25,FDC_L,-0.6595008198214609,0.08831725616291533,3462.0,2346.0
0.25,FDC_L,-0.649298597194389,0.08931761343336907,3469.0,2360.0
0.25,FDC_L,-0.6405538349426125,0.09031797070382279,3475.0,2374.0
0.25,FDC_L,-0.6303516123155402,0.09131832797427653,3482.0,2388.0
0.25,FDC_L,-0.6201493896884678,0.09231868524473026,3489.0,2402.0
0.25,FDC_L,-0.6099471670613954,0.093319042515184,3496.0,2416.0
0.25,FDC_L,-0.599744944434323,0.09439085387638442,3503.0,2431.0
0.25,FDC_L,-0.5895427218072506,0.09539121114683816,3510.0,2445.0
0.25,FDC_L,-0.5793404991801787,0.09646302250803858,3517.0,2460.0
0.25,FDC_L,-0.5705957369284023,0.09746337977849232,3523.0,2474.0
0.25,FDC_L,-0.5603935143013299,0.09853519113969275,3530.0,2489.0
0.25,FDC_L,-0.5501912916742575,0.09960700250089317,3537.0,2504.0
0.25,FDC_L,-0.5399890690471851,0.10060735977134691,3544.0,2518.0
0.25,FDC_L,-0.5297868464201128,0.10167917113254733,3551.0,2533.0
0.25,FDC_L,-0.5195846237930408,0.10275098249374777,3558.0,2548.0
0.25,FDC_L,-0.5093824011659684,0.10382279385494819,3565.0,2563.0
0.25,FDC_L,-0.500637638914192,0.10489460521614863,3571.0,2578.0
0.25,FDC_L,-0.4904354162871196,0.10596641657734905,3578.0,2593.0
0.25,FDC_L,-0.48023319366004724,0.10703822793854949,3585.0,2608.0
0.25,FDC_L,-0.47003097103297486,0.10811003929974991,3592.0,2623.0
0.25,FDC_L,-0.45982874840590293,0.10918185066095033,3599.0,2638.0
0.25,FDC_L,-0.44962652577883055,0.11025366202215077,3606.0,2653.0
0.25,FDC_L,-0.4394243031517582,0.11132547338335119,3613.0,2668.0
0.25,FDC_L,-0.4306795408999817,0.11239728474455163,3619.0,2683.0
0.25,FDC_L,-0.42047731827290935,0.11346909610575205,3626.0,2698.0
0.25,FDC_L,-0.410275095645837,0.11446945337620579,3633.0,2712.0
0.25,FDC_L,-0.4000728730187646,0.11554126473740621,3640.0,2727.0
0.25,FDC_L,-0.38987065039169266,0.11661307609860665,3647.0,2742.0
0.25,FDC_L,-0.3796684277646203,0.11761343336906038,3654.0,2756.0
0.25,FDC_L,-0.3694662051375479,0.1186852447302608,3661.0,2771.0
0.25,FDC_L,-0.36072144288577146,0.11968560200071454,3667.0,2785.0
0.25,FDC_L,-0.3505192202586991,0.12068595927116828,3674.0,2799.0
0.25,FDC_L,-0.3403169976316267,0.12168631654162201,3681.0,2813.0
0.25,FDC_L,-0.3301147750045548,0.12268667381207574,3688.0,2827.0
0.25,FDC_L,-0.3199125523774824,0.12368703108252947,3695.0,2841.0
0.25,FDC_L,-0.30971032975041,0.12468738835298321,3702.0,2855.0
0.25,FDC_L,-0.29950810712333764,0.12561629153269024,3709.0,2868.0
0.25,FDC_L,-0.28930588449626526,0.12654519471239728,3716.0,2881.0
0.25,FDC_L,-0.2805611222444888,0.12747409789210432,3722.0,2894.0
0.25,FDC_L,-0.27035889961741644,0.12833154698106466,3729.0,2906.0
0.25,FDC_L,-0.2601566769903445,0.1292604501607717,3736.0,2919.0
0.25,FDC_L,-0.24995445436327213,0.13011789924973205,3743.0,2931.0
0.25,FDC_L,-0.23975223173619975,0.13090389424794568,3750.0,2942.0
0.25,FDC_L,-0.22955000910912737,0.13176134333690603,3757.0,2954.0
0.25,FDC_L,-0.219347786482055,0.1325473383351197,3764.0,2965.0
0.25,FDC_L,-0.21060302423027855,0.13333333333333333,3770.0,2976.0
0.25,FDC_L,-0.2004008016032066,0.13404787424080028,3777.0,2986.0
0.25,FDC_L,-0.19019857897613424,0.13476241514826723,3784.0,2996.0
0.25,FDC_L,-0.17999635634906186,0.1354055019649875,3791.0,3005.0
0.25,FDC_L,-0.16979413372198948,0.13604858878170775,3798.0,3014.0
0.25,FDC_L,-0.1595919110949171,0.13669167559842801,3805.0,3023.0
0.25,FDC_L,-0.14938968846784473,0.13726330832440156,3812.0,3031.0
0.25,FDC_L,-0.14064492621606872,0.13783494105037514,3818.0,3039.0
0.25,FDC_L,-0.13044270358899634,0.138335119685602,3825.0,3046.0
0.25,FDC_L,-0.12024048096192397,0.13883529832082886,3832.0,3053.0
0.25,FDC_L,-0.11003825833485159,0.13926402286530903,3839.0,3059.0
0.25,FDC_L,-0.09983603570777921,0.1396927474097892,3846.0,3065.0
0.25,FDC_L,-0.08963381308070684,0.14012147195426938,3853.0,3071.0
0.25,FDC_L,-0.07943159045363446,0.14040728831725616,3860.0,3075.0
0.25,FDC_L,-0.07068682820185845,0.14069310468024293,3866.0,3079.0
0.25,FDC_L,-0.06048460557478608,0.14097892104322973,3873.0,3083.0
0.25,FDC_L,-0.0502823829477137,0.14119328331546982,3880.0,3086.0
0.25,FDC_L,-0.04008016032064132,0.1414076455877099,3887.0,3089.0
0.25,FDC_L,-0.029877937693568946,0.14155055376920328,3894.0,3091.0
0.25,FDC_L,-0.01967571506649657,0.14162200785995,3901.0,3092.0
0.25,FDC_L,-0.009473492439424192,0.14169346195069668,3908.0,3093.0
0.25,FDC_L,0.0007287301876477414,0.14169346195069668,3915.0,3093.0
0.25,DC_L,4.0,0.006716684530189353,6659.0,1204.0
0.25,DC_L,3.989797777372928,0.006716684530189353,6652.0,1204.0
0.25,DC_L,3.9795955547458552,0.006788138620936048,6645.0,1205.0
0.25,DC_L,3.9693933321187833,0.006788138620936048,6638.0,1205.0
0.25,DC_L,3.960648569867007,0.006859592711682743,6632.0,1206.0
0.25,DC_L,3.950446347239934,0.006859592711682743,6625.0,1206.0
0.25,DC_L,3.940244124612862,0.0069310468024294395,6618.0,1207.0
0.25,DC_L,3.93004190198579,0.0069310468024294395,6611.0,1207.0
0.25,DC_L,3.9198396793587174,0.007002500893176135,6604.0,1208.0
0.25,DC_L,3.9096374567316454,0.007002500893176135,6597.0,1208.0
0.25,DC_L,3.8994352341045726,0.00707395498392283,6590.0,1209.0
0.25,DC_L,3.890690471852796,0.00707395498392283,6584.0,1209.0
0.25,DC_L,3.880488249225724,0.00707395498392283,6577.0,1209.0
0.25,DC_L,3.8702860265986523,0.007145409074669525,6570.0,1210.0
0.25,DC_L,3.8600838039715795,0.007145409074669525,6563.0,1210.0
0.25,DC_L,3.8498815813445075,0.00721686316541622,6556.0,1211.0
0.25,DC_L,3.8396793587174347,0.00721686316541622,6549.0,1211.0
0.25,DC_L,3.8294771360903628,0.007288317256162915,6542.0,1212.0
0.25,DC_L,3.81927491346329,0.007288317256162915,6535.0,1212.0
0.25,DC_L,3.8105301512115135,0.007359771346909611,6529.0,1213.0
0.25,DC_L,3.8003279285844416,0.007359771346909611,6522.0,1213.0
0.25,DC_L,3.7901257059573696,0.007431225437656306,6515.0,1214.0
0.25,DC_L,3.779923483330297,0.007431225437656306,6508.0,1214.0
0.25,DC_L,3.769721260703225,0.007502679528403001,6501.0,1215.0
0.25,DC_L,3.759519038076152,0.007574133619149696,6494.0,1216.0
0.25,DC_L,3.74931681544908,0.007574133619149696,6487.0,1216.0
0.25,DC_L,3.7405720531973037,0.007645587709896391,6481.0,1217.0
0.25,DC_L,3.7303698305702317,0.007645587709896391,6474.0,1217.0
0.25,DC_L,3.720167607943159,0.0077170418006430866,6467.0,1218.0
0.25,DC_L,3.709965385316087,0.0077170418006430866,6460.0,1218.0
0.25,DC_L,3.699763162689014,0.007788495891389782,6453.0,1219.0
0.25,DC_L,3.6895609400619422,0.007788495891389782,6446.0,1219.0
0.25,DC_L,3.6793587174348694,0.007859949982136478,6439.0,1220.0
0.25,DC_L,3.670613955183094,0.007859949982136478,6433.0,1220.0
0.25,DC_L,3.660411732556021,0.007931404072883173,6426.0,1221.0
0.25,DC_L,3.650209509928949,0.008002858163629868,6419.0,1222.0
0.25,DC_L,3.6400072873018763,0.008002858163629868,6412.0,1222.0
0.25,DC_L,3.6298050646748043,0.008074312254376563,6405.0,1223.0
0.25,DC_L,3.6196028420477315,0.008074312254376563,6398.0,1223.0
0.25,DC_L,3.6094006194206596,0.008145766345123259,6391.0,1224.0
0.25,DC_L,3.600655857168883,0.008145766345123259,6385.0,1224.0
0.25,DC_L,3.590453634541811,0.008217220435869954,6378.0,1225.0
0.25,DC_L,3.5802514119147384,0.008288674526616649,6371.0,1226.0
0.25,DC_L,3.5700491892876665,0.008288674526616649,6364.0,1226.0
0.25,DC_L,3.5598469666605936,0.008360128617363344,6357.0,1227.0
0.25,DC_L,3.5496447440335217,0.008360128617363344,6350.0,1227.0
0.25,DC_L,3.539442521406449,0.00843158270811004,6343.0,1228.0
0.25,DC_L,3.5306977591546733,0.008503036798856735,6337.0,1229.0
0.25,DC_L,3.5204955365276005,0.008503036798856735,6330.0,1229.0
0.25,DC_L,3.5102933139005286,0.00857449088960343,6323.0,1230.0
0.25,DC_L,3.5000910912734557,0.008645944980350125,6316.0,1231.0
0.25,DC_L,3.489888868646384,0.008645944980350125,6309.0,1231.0
0.25,DC_L,3.479686646019311,0.00871739907109682,6302.0,1232.0
0.25,DC_L,3.469484423392239,0.00871739907109682,6295.0,1232.0
0.25,DC_L,3.459282200765167,0.008788853161843515,6288.0,1233.0
0.25,DC_L,3.4505374385133907,0.00886030725259021,6282.0,1234.0
0.25,DC_L,3.440335215886318,0.00886030725259021,6275.0,1234.0
0.25,DC_L,3.430132993259246,0.008931761343336906,6268.0,1235.0
0.25,DC_L,3.419930770632173,0.0090032154340836,6261.0,1236.0
0.25,DC_L,3.409728548005101,0.009074669524830296,6254.0,1237.0
0.25,DC_L,3.3995263253780283,0.009074669524830296,6247.0,1237.0
0.25,DC_L,3.3893241027509564,0.009146123615576991,6240.0,1238.0
0.25,DC_L,3.38057934049918,0.009217577706323686,6234.0,1239.0
0.25,DC_L,3.370377117872108,0.009217577706323686,6227.0,1239.0
0.25,DC_L,3.360174895245035,0.009289031797070382,6220.0,1240.0
0.25,DC_L,3.3499726726179633,0.009360485887817077,6213.0,1241.0
0.25,DC_L,3.3397704499908905,0.009360485887817077,6206.0,1241.0
0.25,DC_L,3.3295682273638185,0.009431939978563772,6199.0,1242.0
0.25,DC_L,3.3193660047367466,0.009503394069310467,6192.0,1243.0
0.25,DC_L,3.31062124248497,0.009574848160057164,6186.0,1244.0
0.25,DC_L,3.3004190198578973,0.009574848160057164,6179.0,1244.0
0.25,DC_L,3.2902167972308254,0.00964630225080386,6172.0,1245.0
0.25,DC_L,3.2800145746037526,0.009717756341550554,6165.0,1246.0
0.25,DC_L,3.2698123519766806,0.00978921043229725,6158.0,1247.0
0.25,DC_L,3.2596101293496087,0.00978921043229725,6151.0,1247.0
0.25,DC_L,3.249407906722536,0.009860664523043945,6144.0,1248.0
0.25,DC_L,3.2406631444707594,0.00993211861379064,6138.0,1249.0
0.25,DC_L,3.2304609218436875,0.010003572704537335,6131.0,1250.0
0.25,DC_L,3.2202586992166147,0.01007502679528403,6124.0,1251.0
0.25,DC_L,3.2100564765895427,0.01007502679528403,6117.0,1251.0
0.25,DC_L,3.199854253962471,0.010146480886030726,6110.0,1252.0
0.25,DC_L,3.189652031335398,0.01021793497677742,6103.0,1253.0
0.25,DC_L,3.179449808708326,0.010289389067524116,6096.0,1254.0
0.25,DC_L,3.1707050464565496,0.010360843158270811,6090.0,1255.0
0.25,DC_L,3.160502823829477,0.010360843158270811,6083.0,1255.0
0.25,DC_L,3.150300601202405,0.010432297249017506,6076.0,1256.0
0.25,DC_L,3.140098378575333,0.010503751339764202,6069.0,1257.0
0.25,DC_L,3.12989615594826,0.010575205430510897,6062.0,1258.0
0.25,DC_L,3.119693933321188,0.010646659521257592,6055.0,1259.0
0.25,DC_L,3.1094917106941153,0.010718113612004287,6048.0,1260.0
0.25,DC_L,3.0992894880670434,0.010789567702750982,6041.0,1261.0
0.25,DC_L,3.090544725815267,0.010789567702750982,6035.0,1261.0
0.25,DC_L,3.080342503188194,0.010861021793497678,6028.0,1262.0
0.25,DC_L,3.070140280561122,0.010932475884244373,6021.0,1263.0
0.25,DC_L,3.0599380579340503,0.011003929974991068,6014.0,1264.0
0.25,DC_L,3.0497358353069774,0.011075384065737763,6007.0,1265.0
0.25,DC_L,3.0395336126799055,0.011146838156484458,6000.0,1266.0
0.25,DC_L,3.0293313900528327,0.011218292247231153,5993.0,1267.0
0.25,DC_L,3.0205866278010562,0.011289746337977849,5987.0,1268.0
0.25,DC_L,3.0103844051739843,0.011361200428724544,5980.0,1269.0
0.25,DC_L,3.0001821825469124,0.011432654519471239,5973.0,1270.0
0.25,DC_L,2.9899799599198396,0.011504108610217934,5966.0,1271.0
0.25,DC_L,2.9797777372927676,0.01157556270096463,5959.0,1272.0
0.25,DC_L,2.969575514665695,0.011647016791711326,5952.0,1273.0
0.25,DC_L,2.959373292038623,0.011718470882458022,5945.0,1274.0
0.25,DC_L,2.959373292038623,0.011718470882458022,5945.0,1274.0
0.25,DC_L,2.9506285297868464,0.011789924973204717,5939.0,1275.0
0.25,DC_L,2.9404263071597745,0.011861379063951412,5932.0,1276.0
0.25,DC_L,2.9302240845327017,0.011932833154698107,5925.0,1277.0
0.25,DC_L,2.9200218619056297,0.012004287245444802,5918.0,1278.0
0.25,DC_L,2.909819639278557,0.012075741336191497,5911.0,1279.0
0.25,DC_L,2.899617416651485,0.012147195426938193,5904.0,1280.0
0.25,DC_L,2.889415194024412,0.012218649517684888,5897.0,1281.0
0.25,DC_L,2.8806704317726366,0.012290103608431583,5891.0,1282.0
0.25,DC_L,2.8704682091455638,0.012361557699178278,5884.0,1283.0
0.25,DC_L,2.860265986518492,0.012433011789924973,5877.0,1284.0
0.25,DC_L,2.850063763891419,0.012504465880671669,5870.0,1285.0
0.25,DC_L,2.839861541264347,0.012575919971418364,5863.0,1286.0
0.25,DC_L,2.8296593186372743,0.012647374062165059,5856.0,1287.0
0.25,DC_L,2.8194570960102023,0.01279028224365845,5849.0,1289.0
0.25,DC_L,2.810712333758426,0.012861736334405145,5843.0,1290.0
0.25,DC_L,2.800510111131354,0.01293319042515184,5836.0,1291.0
0.25,DC_L,2.790307888504281,0.013004644515898535,5829.0,1292.0
0.25,DC_L,2.780105665877209,0.01307609860664523,5822.0,1293.0
0.25,DC_L,2.7699034432501364,0.013147552697391925,5815.0,1294.0
0.25,DC_L,2.7597012206230644,0.013290460878885316,5808.0,1296.0
0.25,DC_L,2.7494989979959916,0.013361914969632011,5801.0,1297.0
0.25,DC_L,2.7392967753689197,0.013433369060378706,5794.0,1298.0
0.25,DC_L,2.7305520131171432,0.013504823151125401,5788.0,1299.0
0.25,DC_L,2.7203497904900713,0.013576277241872096,5781.0,1300.0
0.25,DC_L,2.7101475678629985,0.013719185423365487,5774.0,1302.0
0.25,DC_L,2.6999453452359266,0.013790639514112184,5767.0,1303.0
0.25,DC_L,2.6897431226088537,0.013862093604858879,5760.0,1304.0
0.25,DC_L,2.679540899981782,0.013933547695605574,5753.0,1305.0
0.25,DC_L,2.669338677354709,0.014076455877098965,5746.0,1307.0
0.25,DC_L,2.6605939151029334,0.01414790996784566,5740.0,1308.0
0.25,DC_L,2.6503916924758606,0.014219364058592355,5733.0,1309.0
0.25,DC_L,2.6401894698487887,0.014362272240085745,5726.0,1311.0
0.25,DC_L,2.629987247221716,0.01443372633083244,5719.0,1312.0
0.25,DC_L,2.619785024594644,0.014505180421579136,5712.0,1313.0
0.25,DC_L,2.609582801967571,0.014648088603072526,5705.0,1315.0
0.25,DC_L,2.599380579340499,0.014719542693819221,5698.0,1316.0
0.25,DC_L,2.5906358170887227,0.014862450875312612,5692.0,1318.0
0.25,DC_L,2.5804335944616508,0.014933904966059307,5685.0,1319.0
0.25,DC_L,2.570231371834578,0.015005359056806002,5678.0,1320.0
0.25,DC_L,2.560029149207506,0.015148267238299392,5671.0,1322.0
0.25,DC_L,2.549826926580433,0.015219721329046088,5664.0,1323.0
0.25,DC_L,2.5396247039533613,0.015362629510539478,5657.0,1325.0
0.25,DC_L,2.5294224813262893,0.015434083601286173,5650.0,1326.0
0.25,DC_L,2.520677719074513,0.015576991782779563,5644.0,1328.0
0.25,DC_L,2.51047549644744,0.01564844587352626,5637.0,1329.0
0.25,DC_L,2.500273273820368,0.01579135405501965,5630.0,1331.0
0.25,DC_L,2.4900710511932953,0.015862808145766346,5623.0,1332.0
0.25,DC_L,2.4798688285662234,0.016005716327259736,5616.0,1334.0
0.25,DC_L,2.4696666059391514,0.01607717041800643,5609.0,1335.0
0.25,DC_L,2.4594643833120786,0.01622007859949982,5602.0,1337.0
0.25,DC_L,2.450719621060302,0.01636298678099321,5596.0,1339.0
0.25,DC_L,2.4405173984332302,0.016434440871739908,5589.0,1340.0
0.25,DC_L,2.4303151758061574,0.016577349053233298,5582.0,1342.0
0.25,DC_L,2.4201129531790855,0.016720257234726688,5575.0,1344.0
0.25,DC_L,2.4099107305520135,0.01679171132547338,5568.0,1345.0
0.25,DC_L,2.3997085079249407,0.016934619506966776,5561.0,1347.0
0.25,DC_L,2.389506285297869,0.017077527688460166,5554.0,1349.0
0.25,DC_L,2.379304062670796,0.01714898177920686,5547.0,1350.0
0.25,DC_L,2.3705593004190195,0.01729188996070025,5541.0,1352.0
0.25,DC_L,2.3603570777919476,0.01743479814219364,5534.0,1354.0
0.25,DC_L,2.3501548551648748,0.01757770632368703,5527.0,1356.0
0.25,DC_L,2.339952632537803,0.017649160414433727,5520.0,1357.0
0.25,DC_L,2.329750409910731,0.017792068595927118,5513.0,1359.0
0.25,DC_L,2.319548187283658,0.017934976777420508,5506.0,1361.0
0.25,DC_L,2.309345964656586,0.0180778849589139,5499.0,1363.0
0.25,DC_L,2.3006012024048097,0.01822079314040729,5493.0,1365.0
0.25,DC_L,2.290398979777737,0.01836370132190068,5486.0,1367.0
0.25,DC_L,2.280196757150665,0.01850660950339407,5479.0,1369.0
0.25,DC_L,2.269994534523593,0.018578063594140763,5472.0,1370.0
0.25,DC_L,2.25979231189652,0.018720971775634154,5465.0,1372.0
0.25,DC_L,2.2495900892694483,0.018863879957127544,5458.0,1374.0
0.25,DC_L,2.2393878666423754,0.019006788138620934,5451.0,1376.0
0.25,DC_L,2.230643104390599,0.019149696320114328,5445.0,1378.0
0.25,DC_L,2.220440881763527,0.01929260450160772,5438.0,1380.0
0.25,DC_L,2.210238659136455,0.019506966773847802,5431.0,1383.0
0.25,DC_L,2.2000364365093823,0.019649874955341193,5424.0,1385.0
0.25,DC_L,2.1898342138823104,0.019792783136834583,5417.0,1387.0
0.25,DC_L,2.1796319912552375,0.019935691318327974,5410.0,1389.0
0.25,DC_L,2.1694297686281656,0.020078599499821364,5403.0,1391.0
0.25,DC_L,2.160685006376389,0.020221507681314754,5397.0,1393.0
0.25,DC_L,2.1504827837493172,0.020364415862808145,5390.0,1395.0
0.25,DC_L,2.1402805611222444,0.020578778135048232,5383.0,1398.0
0.25,DC_L,2.1300783384951725,0.020721686316541622,5376.0,1400.0
0.25,DC_L,2.1198761158680997,0.020864594498035013,5369.0,1402.0
0.25,DC_L,2.1096738932410277,0.021007502679528403,5362.0,1404.0
0.25,DC_L,2.099471670613955,0.02122186495176849,5355.0,1407.0
0.25,DC_L,2.0907269083621793,0.02136477313326188,5349.0,1409.0
0.25,DC_L,2.0805246857351065,0.02150768131475527,5342.0,1411.0
0.25,DC_L,2.0703224631080346,0.021722043586995355,5335.0,1414.0
0.25,DC_L,2.0601202404809618,0.021864951768488745,5328.0,1416.0
0.25,DC_L,2.04991801785389,0.022079314040728833,5321.0,1419.0
0.25,DC_L,2.039715795226817,0.022222222222222223,5314.0,1421.0
0.25,DC_L,2.029513572599745,0.022436584494462307,5307.0,1424.0
0.25,DC_L,2.0193113499726723,0.022579492675955697,5300.0,1426.0
0.25,DC_L,2.0105665877208967,0.022793854948195785,5294.0,1429.0
0.25,DC_L,2.000364365093824,0.022936763129689175,5287.0,1431.0
0.25,DC_L,1.990162142466752,0.02315112540192926,5280.0,1434.0
0.25,DC_L,1.9799599198396791,0.023365487674169346,5273.0,1437.0
0.25,DC_L,1.9697576972126072,0.023508395855662736,5266.0,1439.0
0.25,DC_L,1.9595554745855344,0.023722758127902824,5259.0,1442.0
0.25,DC_L,1.9493532519584624,0.023937120400142908,5252.0,1445.0
0.25,DC_L,1.940608489706686,0.024151482672382995,5246.0,1448.0
0.25,DC_L,1.930406267079614,0.02436584494462308,5239.0,1451.0
0.25,DC_L,1.9202040444525412,0.02450875312611647,5232.0,1453.0
0.25,DC_L,1.9202040444525412,0.02450875312611647,5232.0,1453.0
0.25,DC_L,1.9100018218254693,0.024723115398356556,5225.0,1456.0
0.25,DC_L,1.8997995991983965,0.02493747767059664,5218.0,1459.0
0.25,DC_L,1.8895973765713245,0.025151839942836728,5211.0,1462.0
0.25,DC_L,1.8793951539442517,0.02536620221507681,5204.0,1465.0
0.25,DC_L,1.8706503916924762,0.0255805644873169,5198.0,1468.0
0.25,DC_L,1.8604481690654033,0.025794926759556986,5191.0,1471.0
0.25,DC_L,1.8502459464383314,0.02600928903179707,5184.0,1474.0
0.25,DC_L,1.8400437238112586,0.026223651304037157,5177.0,1477.0
0.25,DC_L,1.8298415011841866,0.026509467667023938,5170.0,1481.0
0.25,DC_L,1.8196392785571138,0.026723829939264022,5163.0,1484.0
0.25,DC_L,1.809437055930042,0.02693819221150411,5156.0,1487.0
0.25,DC_L,1.8006922936782654,0.027152554483744193,5150.0,1490.0
0.25,DC_L,1.7904900710511935,0.027438370846730974,5143.0,1494.0
0.25,DC_L,1.7802878484241207,0.02765273311897106,5136.0,1497.0
0.25,DC_L,1.7700856257970488,0.02793854948195784,5129.0,1501.0
0.25,DC_L,1.759883403169976,0.02815291175419793,5122.0,1504.0
0.25,DC_L,1.749681180542904,0.028367274026438013,5115.0,1507.0
0.25,DC_L,1.739478957915832,0.028653090389424794,5108.0,1511.0
0.25,DC_L,1.7292767352887592,0.028938906752411574,5101.0,1515.0
0.25,DC_L,1.7205319730369828,0.02915326902465166,5095.0,1518.0
0.25,DC_L,1.7103297504099109,0.029439085387638442,5088.0,1522.0
0.25,DC_L,1.700127527782838,0.029724901750625223,5081.0,1526.0
0.25,DC_L,1.689925305155766,0.02993926402286531,5074.0,1529.0
0.25,DC_L,1.6797230825286942,0.03022508038585209,5067.0,1533.0
0.25,DC_L,1.6695208599016214,0.030510896748838872,5060.0,1537.0
0.25,DC_L,1.6593186372745494,0.030796713111825653,5053.0,1541.0
0.25,DC_L,1.650573875022773,0.031082529474812434,5047.0,1545.0
0.25,DC_L,1.6403716523957002,0.03136834583779921,5040.0,1549.0
0.25,DC_L,1.6301694297686282,0.03165416220078599,5033.0,1553.0
0.25,DC_L,1.6199672071415554,0.03193997856377278,5026.0,1557.0
0.25,DC_L,1.6097649845144835,0.03222579492675956,5019.0,1561.0
0.25,DC_L,1.5995627618874115,0.032583065380493034,5012.0,1566.0
0.25,DC_L,1.5893605392603387,0.032868881743479815,5005.0,1570.0
0.25,DC_L,1.5806157770085623,0.033154698106466596,4999.0,1574.0
0.25,DC_L,1.5704135543814903,0.033440514469453377,4992.0,1578.0
0.25,DC_L,1.5602113317544175,0.03379778492318685,4985.0,1583.0
0.25,DC_L,1.5500091091273456,0.03408360128617363,4978.0,1587.0
0.25,DC_L,1.5398068865002736,0.03444087173990711,4971.0,1592.0
0.25,DC_L,1.5296046638732008,0.03479814219364059,4964.0,1597.0
0.25,DC_L,1.5194024412461289,0.03508395855662737,4957.0,1601.0
0.25,DC_L,1.5106576789943524,0.03544122901036084,4951.0,1606.0
0.25,DC_L,1.5004554563672796,0.035798499464094316,4944.0,1611.0
0.25,DC_L,1.4902532337402077,0.0361557699178278,4937.0,1616.0
0.25,DC_L,1.4800510111131358,0.03651304037156127,4930.0,1621.0
0.25,DC_L,1.469848788486063,0.036870310825294746,4923.0,1626.0
0.25,DC_L,1.459646565858991,0.03722758127902823,4916.0,1631.0
0.25,DC_L,1.4494443432319182,0.0375848517327617,4909.0,1636.0
0.25,DC_L,1.4406995809801417,0.037942122186495175,4903.0,1641.0
0.25,DC_L,1.4304973583530698,0.038299392640228656,4896.0,1646.0
0.25,DC_L,1.4202951357259979,0.03865666309396213,4889.0,1651.0
0.25,DC_L,1.410092913098925,0.0390853876384423,4882.0,1657.0
0.25,DC_L,1.399890690471853,0.03944265809217578,4875.0,1662.0
0.25,DC_L,1.3896884678447803,0.03987138263665595,4868.0,1668.0
0.25,DC_L,1.3794862452177084,0.04022865309038943,4861.0,1673.0
0.25,DC_L,1.3692840225906355,0.040657377634869596,4854.0,1679.0
0.25,DC_L,1.36053926033886,0.04108610217934977,4848.0,1685.0
0.25,DC_L,1.3503370377117871,0.04151482672382994,4841.0,1691.0
0.25,DC_L,1.3401348150847152,0.04194355126831011,4834.0,1697.0
0.25,DC_L,1.3299325924576424,0.04237227581279028,4827.0,1703.0
0.25,DC_L,1.3197303698305705,0.042801000357270455,4820.0,1709.0
0.25,DC_L,1.3095281472034976,0.04322972490175062,4813.0,1715.0
0.25,DC_L,1.2993259245764257,0.0436584494462308,4806.0,1721.0
0.25,DC_L,1.2905811623246493,0.044087173990710965,4800.0,1727.0
0.25,DC_L,1.2803789396975773,0.04458735262593783,4793.0,1734.0
0.25,DC_L,1.2701767170705045,0.04501607717041801,4786.0,1740.0
0.25,DC_L,1.2599744944434326,0.045516255805644876,4779.0,1747.0
0.25,DC_L,1.2497722718163597,0.04601643444087174,4772.0,1754.0
0.25,DC_L,1.2395700491892878,0.04644515898535191,4765.0,1760.0
0.25,DC_L,1.229367826562215,0.04694533762057878,4758.0,1767.0
0.25,DC_L,1.2206230643104394,0.04744551625580565,4752.0,1774.0
0.25,DC_L,1.2104208416833666,0.04794569489103251,4745.0,1781.0
0.25,DC_L,1.2002186190562947,0.04844587352625938,4738.0,1788.0
0.25,DC_L,1.1900163964292219,0.04901750625223294,4731.0,1796.0
0.25,DC_L,1.17981417380215,0.049517684887459806,4724.0,1803.0
0.25,DC_L,1.169611951175077,0.050017863522686674,4717.0,1810.0
0.25,DC_L,1.1594097285480052,0.050589496248660236,4710.0,1818.0
0.25,DC_L,1.1506649662962287,0.0511611289746338,4704.0,1826.0
0.25,DC_L,1.1404627436691568,0.051661307609860666,4697.0,1833.0
0.25,DC_L,1.130260521042084,0.05223294033583423,4690.0,1841.0
0.25,DC_L,1.120058298415012,0.05280457306180779,4683.0,1849.0
0.25,DC_L,1.1098560757879392,0.05337620578778135,4676.0,1857.0
0.25,DC_L,1.0996538531608673,0.05394783851375491,4669.0,1865.0
0.25,DC_L,1.0894516305337945,0.05459092533047517,4662.0,1874.0
0.25,DC_L,1.080706868282019,0.055162558056448735,4656.0,1882.0
0.25,DC_L,1.070504645654946,0.055734190782422297,4649.0,1890.0
0.25,DC_L,1.0603024230278741,0.05637727759914255,4642.0,1899.0
0.25,DC_L,1.0501002004008013,0.057020364415862806,4635.0,1908.0
0.25,DC_L,1.0398979777737294,0.05766345123258307,4628.0,1917.0
0.25,DC_L,1.0296957551466566,0.05830653804930332,4621.0,1926.0
0.25,DC_L,1.0194935325195846,0.05894962486602358,4614.0,1935.0
0.25,DC_L,1.0092913098925127,0.05959271168274384,4607.0,1944.0
0.25,DC_L,1.0005465476407363,0.060235798499464095,4601.0,1953.0
0.25,DC_L,0.9903443250136634,0.060950339406931044,4594.0,1963.0
0.25,DC_L,0.9801421023865915,0.061593426223651306,4587.0,1972.0
0.25,DC_L,0.9699398797595187,0.062307967131118254,4580.0,1982.0
0.25,DC_L,0.9597376571324467,0.06302250803858521,4573.0,1992.0
0.25,DC_L,0.9495354345053748,0.06373704894605216,4566.0,2002.0
0.25,DC_L,0.939333211878302,0.06445158985351912,4559.0,2012.0
0.25,DC_L,0.9305884496265255,0.06516613076098607,4553.0,2022.0
0.25,DC_L,0.9203862269994536,0.06588067166845302,4546.0,2032.0
0.25,DC_L,0.9101840043723808,0.06666666666666667,4539.0,2043.0
0.25,DC_L,0.8999817817453089,0.06738120757413361,4532.0,2053.0
0.25,DC_L,0.889779559118236,0.06816720257234726,4525.0,2064.0
0.25,DC_L,0.8795773364911641,0.06895319757056091,4518.0,2075.0
0.25,DC_L,0.8795773364911641,0.06895319757056091,4518.0,2075.0
0.25,DC_L,0.8693751138640922,0.06973919256877456,4511.0,2086.0
0.25,DC_L,0.8606303516123157,0.07052518756698821,4505.0,2097.0
0.25,DC_L,0.8504281289852429,0.07131118256520186,4498.0,2108.0
0.25,DC_L,0.840225906358171,0.07216863165416221,4491.0,2120.0
0.25,DC_L,0.8300236837310981,0.07295462665237584,4484.0,2131.0
0.25,DC_L,0.8198214611040262,0.07381207574133619,4477.0,2143.0
0.25,DC_L,0.8096192384769543,0.07459807073954984,4470.0,2154.0
0.25,DC_L,0.7994170158498815,0.07545551982851018,4463.0,2166.0
0.25,DC_L,0.790672253598105,0.07631296891747053,4457.0,2178.0
0.25,DC_L,0.7804700309710331,0.07724187209717756,4450.0,2191.0
0.25,DC_L,0.7702678083439602,0.07809932118613791,4443.0,2203.0
0.25,DC_L,0.7600655857168883,0.07895677027509825,4436.0,2215.0
0.25,DC_L,0.7498633630898164,0.07988567345480528,4429.0,2228.0
0.25,DC_L,0.7396611404627436,0.08081457663451233,4422.0,2241.0
0.25,DC_L,0.7294589178356716,0.08174347981421937,4415.0,2254.0
0.25,DC_L,0.7207141555838952,0.0826723829939264,4409.0,2267.0
0.25,DC_L,0.7105119329568224,0.08360128617363344,4402.0,2280.0
0.25,DC_L,0.7003097103297504,0.08453018935334047,4395.0,2293.0
0.25,DC_L,0.6901074877026785,0.08545909253304752,4388.0,2306.0
0.25,DC_L,0.6799052650756057,0.08645944980350125,4381.0,2320.0
0.25,DC_L,0.6697030424485337,0.0873883529832083,4374.0,2333.0
0.25,DC_L,0.6595008198214609,0.08838871025366202,4367.0,2347.0
0.25,DC_L,0.649298597194389,0.08938906752411575,4360.0,2361.0
0.25,DC_L,0.6405538349426125,0.09038942479456949,4354.0,2375.0
0.25,DC_L,0.6303516123155406,0.09138978206502323,4347.0,2389.0
0.25,DC_L,0.6201493896884678,0.09239013933547696,4340.0,2403.0
0.25,DC_L,0.6099471670613958,0.09339049660593068,4333.0,2417.0
0.25,DC_L,0.599744944434323,0.09446230796713112,4326.0,2432.0
0.25,DC_L,0.5895427218072511,0.09546266523758486,4319.0,2446.0
0.25,DC_L,0.5793404991801783,0.09653447659878528,4312.0,2461.0
0.25,DC_L,0.5705957369284018,0.09753483386923902,4306.0,2475.0
0.25,DC_L,0.5603935143013299,0.09860664523043944,4299.0,2490.0
0.25,DC_L,0.550191291674258,0.09967845659163987,4292.0,2505.0
0.25,DC_L,0.5399890690471851,0.10067881386209361,4285.0,2519.0
0.25,DC_L,0.5297868464201132,0.10175062522329403,4278.0,2534.0
0.25,DC_L,0.5195846237930404,0.10282243658449446,4271.0,2549.0
0.25,DC_L,0.5093824011659684,0.10389424794569489,4264.0,2564.0
0.25,DC_L,0.500637638914192,0.10496605930689532,4258.0,2579.0
0.25,DC_L,0.49043541628712006,0.10603787066809575,4251.0,2594.0
0.25,DC_L,0.48023319366004724,0.10710968202929617,4244.0,2609.0
0.25,DC_L,0.4700309710329753,0.10818149339049661,4237.0,2624.0
0.25,DC_L,0.4598287484059025,0.10925330475169703,4230.0,2639.0
0.25,DC_L,0.44962652577883055,0.11032511611289747,4223.0,2654.0
0.25,DC_L,0.43942430315175773,0.11139692747409789,4216.0,2669.0
0.25,DC_L,0.43067954089998217,0.11246873883529832,4210.0,2684.0
0.25,DC_L,0.42047731827290935,0.11354055019649875,4203.0,2699.0
0.25,DC_L,0.4102750956458374,0.11461236155769917,4196.0,2714.0
0.25,DC_L,0.4000728730187646,0.11568417291889961,4189.0,2729.0
0.25,DC_L,0.38987065039169266,0.11675598428010003,4182.0,2744.0
0.25,DC_L,0.37966842776461984,0.11775634155055377,4175.0,2758.0
0.25,DC_L,0.3694662051375479,0.11882815291175419,4168.0,2773.0
0.25,DC_L,0.36072144288577146,0.11982851018220793,4162.0,2787.0
0.25,DC_L,0.3505192202586995,0.12082886745266166,4155.0,2801.0
0.25,DC_L,0.3403169976316267,0.1218292247231154,4148.0,2815.0
0.25,DC_L,0.3301147750045548,0.12282958199356914,4141.0,2829.0
0.25,DC_L,0.31991255237748195,0.12382993926402286,4134.0,2843.0
0.25,DC_L,0.30971032975041,0.1248302965344766,4127.0,2857.0
0.25,DC_L,0.2995081071233372,0.12575919971418364,4120.0,2870.0
0.25,DC_L,0.28930588449626526,0.12668810289389068,4113.0,2883.0
0.25,DC_L,0.2805611222444888,0.12761700607359772,4107.0,2896.0
0.25,DC_L,0.2703588996174169,0.12854590925330475,4100.0,2909.0
0.25,DC_L,0.26015667699034406,0.1294033583422651,4093.0,2921.0
0.25,DC_L,0.24995445436327213,0.13026080743122545,4086.0,2933.0
0.25,DC_L,0.2397522317361993,0.13111825652018577,4079.0,2945.0
0.25,DC_L,0.22955000910912737,0.13190425151839943,4072.0,2956.0
0.25,DC_L,0.21934778648205544,0.13269024651661307,4065.0,2967.0
0.25,DC_L,0.210603024230279,0.13347624151482673,4059.0,2978.0
0.25,DC_L,0.20040080160320617,0.13419078242229368,4052.0,2988.0
0.25,DC_L,0.19019857897613424,0.13490532332976063,4045.0,2998.0
0.25,DC_L,0.17999635634906141,0.13561986423722758,4038.0,3008.0
0.25,DC_L,0.16979413372198948,0.13626295105394784,4031.0,3017.0
0.25,DC_L,0.15959191109491755,0.1369060378706681,4024.0,3026.0
0.25,DC_L,0.14938968846784473,0.13747767059664165,4017.0,3034.0
0.25,DC_L,0.14064492621606828,0.13804930332261522,4011.0,3042.0
0.25,DC_L,0.13044270358899634,0.13854948195784209,4004.0,3049.0
0.25,DC_L,0.12024048096192352,0.13904966059306895,3997.0,3056.0
0.25,DC_L,0.11003825833485159,0.13947838513754912,3990.0,3062.0
0.25,DC_L,0.09983603570777877,0.1399071096820293,3983.0,3068.0
0.25,DC_L,0.08963381308070684,0.14026438013576278,3976.0,3073.0
0.25,DC_L,0.0794315904536349,0.14062165058949624,3969.0,3078.0
0.25,DC_L,0.07068682820185845,0.14090746695248302,3963.0,3082.0
0.25,DC_L,0.06048460557478563,0.14119328331546982,3956.0,3086.0
0.25,DC_L,0.0502823829477137,0.1414076455877099,3949.0,3089.0
0.25,DC_L,0.04008016032064088,0.14162200785995,3942.0,3092.0
0.25,DC_L,0.029877937693568946,0.14176491604144337,3935.0,3094.0
0.25,DC_L,0.019675715066497013,0.14183637013219008,3928.0,3095.0
0.25,DC_L,0.009473492439424192,0.14190782422293677,3921.0,3096.0
0.25,DC_L,0.0007287301876477414,0.14190782422293677,3915.0,3096.0
0.25,DC_minus_R,4.0,0.006716684530189353,6659.0,1204.0
0.25,DC_minus_R,3.989797777372928,0.006716684530189353,6652.0,1204.0
0.25,DC_minus_R,3.9795955547458552,0.006788138620936048,6645.0,1205.0
0.25,DC_minus_R,3.9693933321187833,0.006788138620936048,6638.0,1205.0
0.25,DC_minus_R,3.960648569867007,0.006859592711682743,6632.0,1206.0
0.25,DC_minus_R,3.950446347239934,0.006859592711682743,6625.0,1206.0
0.25,DC_minus_R,3.940244124612862,0.0069310468024294395,6618.0,1207.0
0.25,DC_minus_R,3.93004190198579,0.0069310468024294395,6611.0,1207.0
0.25,DC_minus_R,3.9198396793587174,0.007002500893176135,6604.0,1208.0
0.25,DC_minus_R,3.9096374567316454,0.007002500893176135,6597.0,1208.0
0.25,DC_minus_R,3.8994352341045726,0.00707395498392283,6590.0,1209.0
0.25,DC_minus_R,3.890690471852796,0.00707395498392283,6584.0,1209.0
0.25,DC_minus_R,3.880488249225724,0.00707395498392283,6577.0,1209.0
0.25,DC_minus_R,3.8702860265986523,0.007145409074669525,6570.0,1210.0
0.25,DC_minus_R,3.8600838039715795,0.007145409074669525,6563.0,1210.0
0.25,DC_minus_R,3.8498815813445075,0.00721686316541622,6556.0,1211.0
0.25,DC_minus_R,3.8396793587174347,0.00721686316541622,6549.0,1211.0
0.25,DC_minus_R,3.8294771360903628,0.007288317256162915,6542.0,1212.0
0.25,DC_minus_R,3.81927491346329,0.007288317256162915,6535.0,1212.0
0.25,DC_minus_R,3.8105301512115135,0.007359771346909611,6529.0,1213.0
0.25,DC_minus_R,3.8003279285844416,0.007359771346909611,6522.0,1213.0
0.25,DC_minus_R,3.7901257059573696,0.007431225437656306,6515.0,1214.0
0.25,DC_minus_R,3.779923483330297,0.007431225437656306,6508.0,1214.0
0.25,DC_minus_R,3.769721260703225,0.007502679528403001,6501.0,1215.0
0.25,DC_minus_R,3.759519038076152,0.007574133619149696,6494.0,1216.0
0.25,DC_minus_R,3.74931681544908,0.007574133619149696,6487.0,1216.0
0.25,DC_minus_R,3.7405720531973037,0.007645587709896391,6481.0,1217.0
0.25,DC_minus_R,3.7303698305702317,0.007645587709896391,6474.0,1217.0
0.25,DC_minus_R,3.720167607943159,0.0077170418006430866,6467.0,1218.0
0.25,DC_minus_R,3.709965385316087,0.0077170418006430866,6460.0,1218.0
0.25,DC_minus_R,3.699763162689014,0.007788495891389782,6453.0,1219.0
0.25,DC_minus_R,3.6895609400619422,0.007788495891389782,6446.0,1219.0
0.25,DC_minus_R,3.6793587174348694,0.007859949982136478,6439.0,1220.0
0.25,DC_minus_R,3.670613955183094,0.007859949982136478,6433.0,1220.0
0.25,DC_minus_R,3.660411732556021,0.007931404072883173,6426.0,1221.0
0.25,DC_minus_R,3.650209509928949,0.008002858163629868,6419.0,1222.0
0.25,DC_minus_R,3.6400072873018763,0.008002858163629868,6412.0,1222.0
0.25,DC_minus_R,3.6298050646748043,0.008074312254376563,6405.0,1223.0
0.25,DC_minus_R,3.6196028420477315,0.008074312254376563,6398.0,1223.0
0.25,DC_minus_R,3.6094006194206596,0.008145766345123259,6391.0,1224.0
0.25,DC_minus_R,3.600655857168883,0.008145766345123259,6385.0,1224.0
0.25,DC_minus_R,3.590453634541811,0.008217220435869954,6378.0,1225.0
0.25,DC_minus_R,3.5802514119147384,0.008288674526616649,6371.0,1226.0
0.25,DC_minus_R,3.5700491892876665,0.008288674526616649,6364.0,1226.0
0.25,DC_minus_R,3.5598469666605936,0.008360128617363344,6357.0,1227.0
0.25,DC_minus_R,3.5496447440335217,0.008360128617363344,6350.0,1227.0
0.25,DC_minus_R,3.539442521406449,0.00843158270811004,6343.0,1228.0
0.25,DC_minus_R,3.5306977591546733,0.008503036798856735,6337.0,1229.0
0.25,DC_minus_R,3.5204955365276005,0.008503036798856735,6330.0,1229.0
0.25,DC_minus_R,3.5102933139005286,0.00857449088960343,6323.0,1230.0
0.25,DC_minus_R,3.5000910912734557,0.008645944980350125,6316.0,1231.0
0.25,DC_minus_R,3.489888868646384,0.008645944980350125,6309.0,1231.0
0.25,DC_minus_R,3.479686646019311,0.00871739907109682,6302.0,1232.0
0.25,DC_minus_R,3.469484423392239,0.00871739907109682,6295.0,1232.0
0.25,DC_minus_R,3.459282200765167,0.008788853161843515,6288.0,1233.0
0.25,DC_minus_R,3.4505374385133907,0.00886030725259021,6282.0,1234.0
0.25,DC_minus_R,3.440335215886318,0.00886030725259021,6275.0,1234.0
0.25,DC_minus_R,3.430132993259246,0.008931761343336906,6268.0,1235.0
0.25,DC_minus_R,3.419930770632173,0.0090032154340836,6261.0,1236.0
0.25,DC_minus_R,3.409728548005101,0.009074669524830296,6254.0,1237.0
0.25,DC_minus_R,3.3995263253780283,0.009074669524830296,6247.0,1237.0
0.25,DC_minus_R,3.3893241027509564,0.009146123615576991,6240.0,1238.0
0.25,DC_minus_R,3.38057934049918,0.009217577706323686,6234.0,1239.0
0.25,DC_minus_R,3.370377117872108,0.009217577706323686,6227.0,1239.0
0.25,DC_minus_R,3.360174895245035,0.009289031797070382,6220.0,1240.0
0.25,DC_minus_R,3.3499726726179633,0.009360485887817077,6213.0,1241.0
0.25,DC_minus_R,3.3397704499908905,0.009360485887817077,6206.0,1241.0
0.25,DC_minus_R,3.3295682273638185,0.009431939978563772,6199.0,1242.0
0.25,DC_minus_R,3.3193660047367466,0.009503394069310467,6192.0,1243.0
0.25,DC_minus_R,3.31062124248497,0.009574848160057164,6186.0,1244.0
0.25,DC_minus_R,3.3004190198578973,0.009574848160057164,6179.0,1244.0
0.25,DC_minus_R,3.2902167972308254,0.00964630225080386,6172.0,1245.0
0.25,DC_minus_R,3.2800145746037526,0.009717756341550554,6165.0,1246.0
0.25,DC_minus_R,3.2698123519766806,0.00978921043229725,6158.0,1247.0
0.25,DC_minus_R,3.2596101293496087,0.00978921043229725,6151.0,1247.0
0.25,DC_minus_R,3.249407906722536,0.009860664523043945,6144.0,1248.0
0.25,DC_minus_R,3.2406631444707594,0.00993211861379064,6138.0,1249.0
0.25,DC_minus_R,3.2304609218436875,0.010003572704537335,6131.0,1250.0
0.25,DC_minus_R,3.2202586992166147,0.01007502679528403,6124.0,1251.0
0.25,DC_minus_R,3.2100564765895427,0.01007502679528403,6117.0,1251.0
0.25,DC_minus_R,3.199854253962471,0.010146480886030726,6110.0,1252.0
0.25,DC_minus_R,3.189652031335398,0.01021793497677742,6103.0,1253.0
0.25,DC_minus_R,3.179449808708326,0.010289389067524116,6096.0,1254.0
0.25,DC_minus_R,3.1707050464565496,0.010360843158270811,6090.0,1255.0
0.25,DC_minus_R,3.160502823829477,0.010360843158270811,6083.0,1255.0
0.25,DC_minus_R,3.150300601202405,0.010432297249017506,6076.0,1256.0
0.25,DC_minus_R,3.140098378575333,0.010503751339764202,6069.0,1257.0
0.25,DC_minus_R,3.12989615594826,0.010575205430510897,6062.0,1258.0
0.25,DC_minus_R,3.119693933321188,0.010646659521257592,6055.0,1259.0
0.25,DC_minus_R,3.1094917106941153,0.010718113612004287,6048.0,1260.0
0.25,DC_minus_R,3.0992894880670434,0.010789567702750982,6041.0,1261.0
0.25,DC_minus_R,3.090544725815267,0.010789567702750982,6035.0,1261.0
0.25,DC_minus_R,3.080342503188194,0.010861021793497678,6028.0,1262.0
0.25,DC_minus_R,3.070140280561122,0.010932475884244373,6021.0,1263.0
0.25,DC_minus_R,3.0599380579340503,0.011003929974991068,6014.0,1264.0
0.25,DC_minus_R,3.0497358353069774,0.011075384065737763,6007.0,1265.0
0.25,DC_minus_R,3.0395336126799055,0.011146838156484458,6000.0,1266.0
0.25,DC_minus_R,3.0293313900528327,0.011218292247231153,5993.0,1267.0
0.25,DC_minus_R,3.0205866278010562,0.011289746337977849,5987.0,1268.0
0.25,DC_minus_R,3.0103844051739843,0.011361200428724544,5980.0,1269.0
0.25,DC_minus_R,3.0001821825469124,0.011432654519471239,5973.0,1270.0
0.25,DC_minus_R,2.9899799599198396,0.011504108610217934,5966.0,1271.0
0.25,DC_minus_R,2.9797777372927676,0.01157556270096463,5959.0,1272.0
0.25,DC_minus_R,2.969575514665695,0.011647016791711326,5952.0,1273.0
0.25,DC_minus_R,2.959373292038623,0.011718470882458022,5945.0,1274.0
0.25,DC_minus_R,2.959373292038623,0.011718470882458022,5945.0,1274.0
0.25,DC_minus_R,2.9506285297868464,0.011789924973204717,5939.0,1275.0
0.25,DC_minus_R,2.9404263071597745,0.011861379063951412,5932.0,1276.0
0.25,DC_minus_R,2.9302240845327017,0.011932833154698107,5925.0,1277.0
0.25,DC_minus_R,2.9200218619056297,0.012004287245444802,5918.0,1278.0
0.25,DC_minus_R,2.909819639278557,0.012075741336191497,5911.0,1279.0
0.25,DC_minus_R,2.899617416651485,0.012147195426938193,5904.0,1280.0
0.25,DC_minus_R,2.889415194024412,0.012218649517684888,5897.0,1281.0
0.25,DC_minus_R,2.8806704317726366,0.012290103608431583,5891.0,1282.0
0.25,DC_minus_R,2.8704682091455638,0.012361557699178278,5884.0,1283.0
0.25,DC_minus_R,2.860265986518492,0.012433011789924973,5877.0,1284.0
0.25,DC_minus_R,2.850063763891419,0.012504465880671669,5870.0,1285.0
0.25,DC_minus_R,2.839861541264347,0.012575919971418364,5863.0,1286.0
0.25,DC_minus_R,2.8296593186372743,0.012647374062165059,5856.0,1287.0
0.25,DC_minus_R,2.8194570960102023,0.01279028224365845,5849.0,1289.0
0.25,DC_minus_R,2.810712333758426,0.012861736334405145,5843.0,1290.0
0.25,DC_minus_R,2.800510111131354,0.01293319042515184,5836.0,1291.0
0.25,DC_minus_R,2.790307888504281,0.013004644515898535,5829.0,1292.0
0.25,DC_minus_R,2.780105665877209,0.01307609860664523,5822.0,1293.0
0.25,DC_minus_R,2.7699034432501364,0.013147552697391925,5815.0,1294.0
0.25,DC_minus_R,2.7597012206230644,0.013290460878885316,5808.0,1296.0
0.25,DC_minus_R,2.7494989979959916,0.013361914969632011,5801.0,1297.0
0.25,DC_minus_R,2.7392967753689197,0.013433369060378706,5794.0,1298.0
0.25,DC_minus_R,2.7305520131171432,0.013504823151125401,5788.0,1299.0
0.25,DC_minus_R,2.7203497904900713,0.013576277241872096,5781.0,1300.0
0.25,DC_minus_R,2.7101475678629985,0.013719185423365487,5774.0,1302.0
0.25,DC_minus_R,2.6999453452359266,0.013790639514112184,5767.0,1303.0
0.25,DC_minus_R,2.6897431226088537,0.013862093604858879,5760.0,1304.0
0.25,DC_minus_R,2.679540899981782,0.013933547695605574,5753.0,1305.0
0.25,DC_minus_R,2.669338677354709,0.014076455877098965,5746.0,1307.0
0.25,DC_minus_R,2.6605939151029334,0.01414790996784566,5740.0,1308.0
0.25,DC_minus_R,2.6503916924758606,0.014219364058592355,5733.0,1309.0
0.25,DC_minus_R,2.6401894698487887,0.014362272240085745,5726.0,1311.0
0.25,DC_minus_R,2.629987247221716,0.01443372633083244,5719.0,1312.0
0.25,DC_minus_R,2.619785024594644,0.014505180421579136,5712.0,1313.0
0.25,DC_minus_R,2.609582801967571,0.014648088603072526,5705.0,1315.0
0.25,DC_minus_R,2.599380579340499,0.014719542693819221,5698.0,1316.0
0.25,DC_minus_R,2.5906358170887227,0.014862450875312612,5692.0,1318.0
0.25,DC_minus_R,2.5804335944616508,0.014933904966059307,5685.0,1319.0
0.25,DC_minus_R,2.570231371834578,0.015005359056806002,5678.0,1320.0
0.25,DC_minus_R,2.560029149207506,0.015148267238299392,5671.0,1322.0
0.25,DC_minus_R,2.549826926580433,0.015219721329046088,5664.0,1323.0
0.25,DC_minus_R,2.5396247039533613,0.015362629510539478,5657.0,1325.0
0.25,DC_minus_R,2.5294224813262893,0.015434083601286173,5650.0,1326.0
0.25,DC_minus_R,2.520677719074513,0.015576991782779563,5644.0,1328.0
0.25,DC_minus_R,2.51047549644744,0.01564844587352626,5637.0,1329.0
0.25,DC_minus_R,2.500273273820368,0.01579135405501965,5630.0,1331.0
0.25,DC_minus_R,2.4900710511932953,0.015862808145766346,5623.0,1332.0
0.25,DC_minus_R,2.4798688285662234,0.016005716327259736,5616.0,1334.0
0.25,DC_minus_R,2.4696666059391514,0.01607717041800643,5609.0,1335.0
0.25,DC_minus_R,2.4594643833120786,0.01622007859949982,5602.0,1337.0
0.25,DC_minus_R,2.450719621060302,0.01636298678099321,5596.0,1339.0
0.25,DC_minus_R,2.4405173984332302,0.016434440871739908,5589.0,1340.0
0.25,DC_minus_R,2.4303151758061574,0.016577349053233298,5582.0,1342.0
0.25,DC_minus_R,2.4201129531790855,0.016720257234726688,5575.0,1344.0
0.25,DC_minus_R,2.4099107305520135,0.01679171132547338,5568.0,1345.0
0.25,DC_minus_R,2.3997085079249407,0.016934619506966776,5561.0,1347.0
0.25,DC_minus_R,2.389506285297869,0.017077527688460166,5554.0,1349.0
0.25,DC_minus_R,2.379304062670796,0.01714898177920686,5547.0,1350.0
0.25,DC_minus_R,2.3705593004190195,0.01729188996070025,5541.0,1352.0
0.25,DC_minus_R,2.3603570777919476,0.01743479814219364,5534.0,1354.0
0.25,DC_minus_R,2.3501548551648748,0.01757770632368703,5527.0,1356.0
0.25,DC_minus_R,2.339952632537803,0.017649160414433727,5520.0,1357.0
0.25,DC_minus_R,2.329750409910731,0.017792068595927118,5513.0,1359.0
0.25,DC_minus_R,2.319548187283658,0.017934976777420508,5506.0,1361.0
0.25,DC_minus_R,2.309345964656586,0.0180778849589139,5499.0,1363.0
0.25,DC_minus_R,2.3006012024048097,0.01822079314040729,5493.0,1365.0
0.25,DC_minus_R,2.290398979777737,0.01836370132190068,5486.0,1367.0
0.25,DC_minus_R,2.280196757150665,0.01850660950339407,5479.0,1369.0
0.25,DC_minus_R,2.269994534523593,0.018578063594140763,5472.0,1370.0
0.25,DC_minus_R,2.25979231189652,0.018720971775634154,5465.0,1372.0
0.25,DC_minus_R,2.2495900892694483,0.018863879957127544,5458.0,1374.0
0.25,DC_minus_R,2.2393878666423754,0.019006788138620934,5451.0,1376.0
0.25,DC_minus_R,2.230643104390599,0.019149696320114328,5445.0,1378.0
0.25,DC_minus_R,2.220440881763527,0.01929260450160772,5438.0,1380.0
0.25,DC_minus_R,2.210238659136455,0.019506966773847802,5431.0,1383.0
0.25,DC_minus_R,2.2000364365093823,0.019649874955341193,5424.0,1385.0
0.25,DC_minus_R,2.1898342138823104,0.019792783136834583,5417.0,1387.0
0.25,DC_minus_R,2.1796319912552375,0.019935691318327974,5410.0,1389.0
0.25,DC_minus_R,2.1694297686281656,0.020078599499821364,5403.0,1391.0
0.25,DC_minus_R,2.160685006376389,0.020221507681314754,5397.0,1393.0
0.25,DC_minus_R,2.1504827837493172,0.020364415862808145,5390.0,1395.0
0.25,DC_minus_R,2.1402805611222444,0.020578778135048232,5383.0,1398.0
0.25,DC_minus_R,2.1300783384951725,0.020721686316541622,5376.0,1400.0
0.25,DC_minus_R,2.1198761158680997,0.020864594498035013,5369.0,1402.0
0.25,DC_minus_R,2.1096738932410277,0.021007502679528403,5362.0,1404.0
0.25,DC_minus_R,2.099471670613955,0.02122186495176849,5355.0,1407.0
0.25,DC_minus_R,2.0907269083621793,0.02136477313326188,5349.0,1409.0
0.25,DC_minus_R,2.0805246857351065,0.02150768131475527,5342.0,1411.0
0.25,DC_minus_R,2.0703224631080346,0.021722043586995355,5335.0,1414.0
0.25,DC_minus_R,2.0601202404809618,0.021864951768488745,5328.0,1416.0
0.25,DC_minus_R,2.04991801785389,0.022079314040728833,5321.0,1419.0
0.25,DC_minus_R,2.039715795226817,0.022222222222222223,5314.0,1421.0
0.25,DC_minus_R,2.029513572599745,0.022436584494462307,5307.0,1424.0
0.25,DC_minus_R,2.0193113499726723,0.022579492675955697,5300.0,1426.0
0.25,DC_minus_R,2.0105665877208967,0.022793854948195785,5294.0,1429.0
0.25,DC_minus_R,2.000364365093824,0.022936763129689175,5287.0,1431.0
0.25,DC_minus_R,1.990162142466752,0.02315112540192926,5280.0,1434.0
0.25,DC_minus_R,1.9799599198396791,0.023365487674169346,5273.0,1437.0
0.25,DC_minus_R,1.9697576972126072,0.023508395855662736,5266.0,1439.0
0.25,DC_minus_R,1.9595554745855344,0.023722758127902824,5259.0,1442.0
0.25,DC_minus_R,1.9493532519584624,0.023937120400142908,5252.0,1445.0
0.25,DC_minus_R,1.940608489706686,0.024151482672382995,5246.0,1448.0
0.25,DC_minus_R,1.930406267079614,0.02436584494462308,5239.0,1451.0
0.25,DC_minus_R,1.9202040444525412,0.02450875312611647,5232.0,1453.0
0.25,DC_minus_R,1.9202040444525412,0.02450875312611647,5232.0,1453.0
0.25,DC_minus_R,1.9100018218254693,0.024723115398356556,5225.0,1456.0
0.25,DC_minus_R,1.8997995991983965,0.02493747767059664,5218.0,1459.0
0.25,DC_minus_R,1.8895973765713245,0.025151839942836728,5211.0,1462.0
0.25,DC_minus_R,1.8793951539442517,0.02536620221507681,5204.0,1465.0
0.25,DC_minus_R,1.8706503916924762,0.0255805644873169,5198.0,1468.0
0.25,DC_minus_R,1.8604481690654033,0.025794926759556986,5191.0,1471.0
0.25,DC_minus_R,1.8502459464383314,0.02600928903179707,5184.0,1474.0
0.25,DC_minus_R,1.8400437238112586,0.026223651304037157,5177.0,1477.0
0.25,DC_minus_R,1.8298415011841866,0.026509467667023938,5170.0,1481.0
0.25,DC_minus_R,1.8196392785571138,0.026723829939264022,5163.0,1484.0
0.25,DC_minus_R,1.809437055930042,0.02693819221150411,5156.0,1487.0
0.25,DC_minus_R,1.8006922936782654,0.027152554483744193,5150.0,1490.0
0.25,DC_minus_R,1.7904900710511935,0.027438370846730974,5143.0,1494.0
0.25,DC_minus_R,1.7802878484241207,0.02765273311897106,5136.0,1497.0
0.25,DC_minus_R,1.7700856257970488,0.02793854948195784,5129.0,1501.0
0.25,DC_minus_R,1.759883403169976,0.02815291175419793,5122.0,1504.0
0.25,DC_minus_R,1.749681180542904,0.028367274026438013,5115.0,1507.0
0.25,DC_minus_R,1.739478957915832,0.028653090389424794,5108.0,1511.0
0.25,DC_minus_R,1.7292767352887592,0.028938906752411574,5101.0,1515.0
0.25,DC_minus_R,1.7205319730369828,0.02915326902465166,5095.0,1518.0
0.25,DC_minus_R,1.7103297504099109,0.029439085387638442,5088.0,1522.0
0.25,DC_minus_R,1.700127527782838,0.029724901750625223,5081.0,1526.0
0.25,DC_minus_R,1.689925305155766,0.02993926402286531,5074.0,1529.0
0.25,DC_minus_R,1.6797230825286942,0.03022508038585209,5067.0,1533.0
0.25,DC_minus_R,1.6695208599016214,0.030510896748838872,5060.0,1537.0
0.25,DC_minus_R,1.6593186372745494,0.030796713111825653,5053.0,1541.0
0.25,DC_minus_R,1.650573875022773,0.031082529474812434,5047.0,1545.0
0.25,DC_minus_R,1.6403716523957002,0.03136834583779921,5040.0,1549.0
0.25,DC_minus_R,1.6301694297686282,0.03165416220078599,5033.0,1553.0
0.25,DC_minus_R,1.6199672071415554,0.03193997856377278,5026.0,1557.0
0.25,DC_minus_R,1.6097649845144835,0.03222579492675956,5019.0,1561.0
0.25,DC_minus_R,1.5995627618874115,0.032583065380493034,5012.0,1566.0
0.25,DC_minus_R,1.5893605392603387,0.032868881743479815,5005.0,1570.0
0.25,DC_minus_R,1.5806157770085623,0.033154698106466596,4999.0,1574.0
0.25,DC_minus_R,1.5704135543814903,0.033440514469453377,4992.0,1578.0
0.25,DC_minus_R,1.5602113317544175,0.03379778492318685,4985.0,1583.0
0.25,DC_minus_R,1.5500091091273456,0.03408360128617363,4978.0,1587.0
0.25,DC_minus_R,1.5398068865002736,0.03444087173990711,4971.0,1592.0
0.25,DC_minus_R,1.5296046638732008,0.03479814219364059,4964.0,1597.0
0.25,DC_minus_R,1.5194024412461289,0.03508395855662737,4957.0,1601.0
0.25,DC_minus_R,1.5106576789943524,0.03544122901036084,4951.0,1606.0
0.25,DC_minus_R,1.5004554563672796,0.035798499464094316,4944.0,1611.0
0.25,DC_minus_R,1.4902532337402077,0.0361557699178278,4937.0,1616.0
0.25,DC_minus_R,1.4800510111131358,0.03651304037156127,4930.0,1621.0
0.25,DC_minus_R,1.469848788486063,0.036870310825294746,4923.0,1626.0
0.25,DC_minus_R,1.459646565858991,0.03722758127902823,4916.0,1631.0
0.25,DC_minus_R,1.4494443432319182,0.0375848517327617,4909.0,1636.0
0.25,DC_minus_R,1.4406995809801417,0.037942122186495175,4903.0,1641.0
0.25,DC_minus_R,1.4304973583530698,0.038299392640228656,4896.0,1646.0
0.25,DC_minus_R,1.4202951357259979,0.03865666309396213,4889.0,1651.0
0.25,DC_minus_R,1.410092913098925,0.0390853876384423,4882.0,1657.0
0.25,DC_minus_R,1.399890690471853,0.03944265809217578,4875.0,1662.0
0.25,DC_minus_R,1.3896884678447803,0.03987138263665595,4868.0,1668.0
0.25,DC_minus_R,1.3794862452177084,0.04022865309038943,4861.0,1673.0
0.25,DC_minus_R,1.3692840225906355,0.040657377634869596,4854.0,1679.0
0.25,DC_minus_R,1.36053926033886,0.04108610217934977,4848.0,1685.0
0.25,DC_minus_R,1.3503370377117871,0.04151482672382994,4841.0,1691.0
0.25,DC_minus_R,1.3401348150847152,0.04194355126831011,4834.0,1697.0
0.25,DC_minus_R,1.3299325924576424,0.04237227581279028,4827.0,1703.0
0.25,DC_minus_R,1.3197303698305705,0.042801000357270455,4820.0,1709.0
0.25,DC_minus_R,1.3095281472034976,0.04322972490175062,4813.0,1715.0
0.25,DC_minus_R,1.2993259245764257,0.0436584494462308,4806.0,1721.0
0.25,DC_minus_R,1.2905811623246493,0.044087173990710965,4800.0,1727.0
0.25,DC_minus_R,1.2803789396975773,0.04458735262593783,4793.0,1734.0
0.25,DC_minus_R,1.2701767170705045,0.04501607717041801,4786.0,1740.0
0.25,DC_minus_R,1.2599744944434326,0.045516255805644876,4779.0,1747.0
0.25,DC_minus_R,1.2497722718163597,0.04601643444087174,4772.0,1754.0
0.25,DC_minus_R,1.2395700491892878,0.04644515898535191,4765.0,1760.0
0.25,DC_minus_R,1.229367826562215,0.04694533762057878,4758.0,1767.0
0.25,DC_minus_R,1.2206230643104394,0.04744551625580565,4752.0,1774.0
0.25,DC_minus_R,1.2104208416833666,0.04794569489103251,4745.0,1781.0
0.25,DC_minus_R,1.2002186190562947,0.04844587352625938,4738.0,1788.0
0.25,DC_minus_R,1.1900163964292219,0.04901750625223294,4731.0,1796.0
0.25,DC_minus_R,1.17981417380215,0.049517684887459806,4724.0,1803.0
0.25,DC_minus_R,1.169611951175077,0.050017863522686674,4717.0,1810.0
0.25,DC_minus_R,1.1594097285480052,0.050589496248660236,4710.0,1818.0
0.25,DC_minus_R,1.1506649662962287,0.0511611289746338,4704.0,1826.0
0.25,DC_minus_R,1.1404627436691568,0.051661307609860666,4697.0,1833.0
0.25,DC_minus_R,1.130260521042084,0.05223294033583423,4690.0,1841.0
0.25,DC_minus_R,1.120058298415012,0.05280457306180779,4683.0,1849.0
0.25,DC_minus_R,1.1098560757879392,0.05337620578778135,4676.0,1857.0
0.25,DC_minus_R,1.0996538531608673,0.05394783851375491,4669.0,1865.0
0.25,DC_minus_R,1.0894516305337945,0.05459092533047517,4662.0,1874.0
0.25,DC_minus_R,1.080706868282019,0.055162558056448735,4656.0,1882.0
0.25,DC_minus_R,1.070504645654946,0.055734190782422297,4649.0,1890.0
0.25,DC_minus_R,1.0603024230278741,0.05637727759914255,4642.0,1899.0
0.25,DC_minus_R,1.0501002004008013,0.057020364415862806,4635.0,1908.0
0.25,DC_minus_R,1.0398979777737294,0.05766345123258307,4628.0,1917.0
0.25,DC_minus_R,1.0296957551466566,0.05823508395855663,4621.0,1925.0
0.25,DC_minus_R,1.0194935325195846,0.05894962486602358,4614.0,1935.0
0.25,DC_minus_R,1.0092913098925127,0.05959271168274384,4607.0,1944.0
0.25,DC_minus_R,1.0005465476407363,0.060235798499464095,4601.0,1953.0
0.25,DC_minus_R,0.9903443250136634,0.060950339406931044,4594.0,1963.0
0.25,DC_minus_R,0.9801421023865915,0.061593426223651306,4587.0,1972.0
0.25,DC_minus_R,0.9699398797595187,0.062307967131118254,4580.0,1982.0
0.25,DC_minus_R,0.9597376571324467,0.06302250803858521,4573.0,1992.0
0.25,DC_minus_R,0.9495354345053748,0.06366559485530547,4566.0,2001.0
0.25,DC_minus_R,0.939333211878302,0.06445158985351912,4559.0,2012.0
0.25,DC_minus_R,0.9305884496265255,0.06516613076098607,4553.0,2022.0
0.25,DC_minus_R,0.9203862269994536,0.06588067166845302,4546.0,2032.0
0.25,DC_minus_R,0.9101840043723808,0.06659521257591997,4539.0,2042.0
0.25,DC_minus_R,0.8999817817453089,0.06738120757413361,4532.0,2053.0
0.25,DC_minus_R,0.889779559118236,0.06816720257234726,4525.0,2064.0
0.25,DC_minus_R,0.8795773364911641,0.06895319757056091,4518.0,2075.0
0.25,DC_minus_R,0.8795773364911641,0.06895319757056091,4518.0,2075.0
0.25,DC_minus_R,0.8693751138640922,0.06973919256877456,4511.0,2086.0
0.25,DC_minus_R,0.8606303516123157,0.07052518756698821,4505.0,2097.0
0.25,DC_minus_R,0.8504281289852429,0.07131118256520186,4498.0,2108.0
0.25,DC_minus_R,0.840225906358171,0.07209717756341551,4491.0,2119.0
0.25,DC_minus_R,0.8300236837310981,0.07295462665237584,4484.0,2131.0
0.25,DC_minus_R,0.8198214611040262,0.07374062165058949,4477.0,2142.0
0.25,DC_minus_R,0.8096192384769543,0.07459807073954984,4470.0,2154.0
0.25,DC_minus_R,0.7994170158498815,0.07545551982851018,4463.0,2166.0
0.25,DC_minus_R,0.790672253598105,0.07631296891747053,4457.0,2178.0
0.25,DC_minus_R,0.7804700309710331,0.07717041800643087,4450.0,2190.0
0.25,DC_minus_R,0.7702678083439602,0.07809932118613791,4443.0,2203.0
0.25,DC_minus_R,0.7600655857168883,0.07895677027509825,4436.0,2215.0
0.25,DC_minus_R,0.7498633630898164,0.07988567345480528,4429.0,2228.0
0.25,DC_minus_R,0.7396611404627436,0.08074312254376563,4422.0,2240.0
0.25,DC_minus_R,0.7294589178356716,0.08167202572347267,4415.0,2253.0
0.25,DC_minus_R,0.7207141555838952,0.0826009289031797,4409.0,2266.0
0.25,DC_minus_R,0.7105119329568224,0.08352983208288675,4402.0,2279.0
0.25,DC_minus_R,0.7003097103297504,0.08445873526259379,4395.0,2292.0
0.25,DC_minus_R,0.6901074877026785,0.08545909253304752,4388.0,2306.0
0.25,DC_minus_R,0.6799052650756057,0.08638799571275456,4381.0,2319.0
0.25,DC_minus_R,0.6697030424485337,0.0873883529832083,4374.0,2333.0
0.25,DC_minus_R,0.6595008198214609,0.08838871025366202,4367.0,2347.0
0.25,DC_minus_R,0.649298597194389,0.08931761343336907,4360.0,2360.0
0.25,DC_minus_R,0.6405538349426125,0.09031797070382279,4354.0,2374.0
0.25,DC_minus_R,0.6303516123155406,0.09131832797427653,4347.0,2388.0
0.25,DC_minus_R,0.6201493896884678,0.09231868524473026,4340.0,2402.0
0.25,DC_minus_R,0.6099471670613958,0.09339049660593068,4333.0,2417.0
0.25,DC_minus_R,0.599744944434323,0.09439085387638442,4326.0,2431.0
0.25,DC_minus_R,0.5895427218072511,0.09539121114683816,4319.0,2445.0
0.25,DC_minus_R,0.5793404991801783,0.09646302250803858,4312.0,2460.0
0.25,DC_minus_R,0.5705957369284018,0.09746337977849232,4306.0,2474.0
0.25,DC_minus_R,0.5603935143013299,0.09853519113969275,4299.0,2489.0
0.25,DC_minus_R,0.550191291674258,0.09960700250089317,4292.0,2504.0
0.25,DC_minus_R,0.5399890690471851,0.10067881386209361,4285.0,2519.0
0.25,DC_minus_R,0.5297868464201132,0.10167917113254733,4278.0,2533.0
0.25,DC_minus_R,0.5195846237930404,0.10275098249374777,4271.0,2548.0
0.25,DC_minus_R,0.5093824011659684,0.10382279385494819,4264.0,2563.0
0.25,DC_minus_R,0.500637638914192,0.10489460521614863,4258.0,2578.0
0.25,DC_minus_R,0.49043541628712006,0.10596641657734905,4251.0,2593.0
0.25,DC_minus_R,0.48023319366004724,0.10703822793854949,4244.0,2608.0
0.25,DC_minus_R,0.4700309710329753,0.10811003929974991,4237.0,2623.0
0.25,DC_minus_R,0.4598287484059025,0.10918185066095033,4230.0,2638.0
0.25,DC_minus_R,0.44962652577883055,0.11025366202215077,4223.0,2653.0
0.25,DC_minus_R,0.43942430315175773,0.11132547338335119,4216.0,2668.0
0.25,DC_minus_R,0.43067954089998217,0.11239728474455163,4210.0,2683.0
0.25,DC_minus_R,0.42047731827290935,0.11346909610575205,4203.0,2698.0
0.25,DC_minus_R,0.4102750956458374,0.11454090746695249,4196.0,2713.0
0.25,DC_minus_R,0.4000728730187646,0.11554126473740621,4189.0,2727.0
0.25,DC_minus_R,0.38987065039169266,0.11661307609860665,4182.0,2742.0
0.25,DC_minus_R,0.37966842776461984,0.11768488745980707,4175.0,2757.0
0.25,DC_minus_R,0.3694662051375479,0.1186852447302608,4168.0,2771.0
0.25,DC_minus_R,0.36072144288577146,0.11968560200071454,4162.0,2785.0
0.25,DC_minus_R,0.3505192202586995,0.12075741336191496,4155.0,2800.0
0.25,DC_minus_R,0.3403169976316267,0.1217577706323687,4148.0,2814.0
0.25,DC_minus_R,0.3301147750045548,0.12275812790282244,4141.0,2828.0
0.25,DC_minus_R,0.31991255237748195,0.12368703108252947,4134.0,2841.0
0.25,DC_minus_R,0.30971032975041,0.12468738835298321,4127.0,2855.0
0.25,DC_minus_R,0.2995081071233372,0.12561629153269024,4120.0,2868.0
0.25,DC_minus_R,0.28930588449626526,0.12654519471239728,4113.0,2881.0
0.25,DC_minus_R,0.2805611222444888,0.12747409789210432,4107.0,2894.0
0.25,DC_minus_R,0.2703588996174169,0.12840300107181135,4100.0,2907.0
0.25,DC_minus_R,0.26015667699034406,0.1292604501607717,4093.0,2919.0
0.25,DC_minus_R,0.24995445436327213,0.13011789924973205,4086.0,2931.0
0.25,DC_minus_R,0.2397522317361993,0.1309753483386924,4079.0,2943.0
0.25,DC_minus_R,0.22955000910912737,0.13176134333690603,4072.0,2954.0
0.25,DC_minus_R,0.21934778648205544,0.1325473383351197,4065.0,2965.0
0.25,DC_minus_R,0.210603024230279,0.13333333333333333,4059.0,2976.0
0.25,DC_minus_R,0.20040080160320617,0.13404787424080028,4052.0,2986.0
0.25,DC_minus_R,0.19019857897613424,0.13476241514826723,4045.0,2996.0
0.25,DC_minus_R,0.17999635634906141,0.1354055019649875,4038.0,3005.0
0.25,DC_minus_R,0.16979413372198948,0.13604858878170775,4031.0,3014.0
0.25,DC_minus_R,0.15959191109491755,0.13669167559842801,4024.0,3023.0
0.25,DC_minus_R,0.14938968846784473,0.13726330832440156,4017.0,3031.0
0.25,DC_minus_R,0.14064492621606828,0.13783494105037514,4011.0,3039.0
0.25,DC_minus_R,0.13044270358899634,0.138335119685602,4004.0,3046.0
0.25,DC_minus_R,0.12024048096192352,0.13883529832082886,3997.0,3053.0
0.25,DC_minus_R,0.11003825833485159,0.13926402286530903,3990.0,3059.0
0.25,DC_minus_R,0.09983603570777877,0.1396927474097892,3983.0,3065.0
0.25,DC_minus_R,0.08963381308070684,0.1400500178635227,3976.0,3070.0
0.25,DC_minus_R,0.0794315904536349,0.14040728831725616,3969.0,3075.0
0.25,DC_minus_R,0.07068682820185845,0.14069310468024293,3963.0,3079.0
0.25,DC_minus_R,0.06048460557478563,0.14097892104322973,3956.0,3083.0
0.25,DC_minus_R,0.0502823829477137,0.14119328331546982,3949.0,3086.0
0.25,DC_minus_R,0.04008016032064088,0.1414076455877099,3942.0,3089.0
0.25,DC_minus_R,0.029877937693568946,0.14155055376920328,3935.0,3091.0
0.25,DC_minus_R,0.019675715066497013,0.14162200785995,3928.0,3092.0
0.25,DC_minus_R,0.009473492439424192,0.14169346195069668,3921.0,3093.0
0.25,DC_minus_R,0.0007287301876477414,0.14169346195069668,3915.0,3093.0
0.5,NRG,-4.0,0.009717756341550554,1170.0,1246.0
0.5,NRG,-3.500091091273456,0.012504465880671669,1513.0,1285.0
0.5,NRG,-3.000182182546912,0.016434440871739908,1856.0,1340.0
0.5,NRG,-2.500273273820368,0.022293676312968917,2199.0,1422.0
0.5,NRG,-2.000364365093824,0.03215434083601286,2542.0,1560.0
0.5,NRG,-1.50045545636728,0.04880314397999286,2885.0,1793.0
0.5,NRG,-1.2002186190562942,0.06488031439799928,3091.0,2018.0
0.5,NRG,-1.0005465476407358,0.0798142193640586,3228.0,2227.0
0.5,NRG,-0.7994170158498815,0.09874955341193284,3366.0,2492.0
0.5,NRG,-0.599744944434323,0.12225794926759558,3503.0,2821.0
0.5,NRG,-0.4000728730187646,0.14905323329760628,3640.0,3196.0
0.5,NRG,-0.2004008016032066,0.1728474455162558,3777.0,3529.0
0.5,NRG,0.0007287301876477414,0.18256520185780636,3915.0,3665.0
0.5,NRG,4.0,0.009717756341550554,6659.0,1246.0
0.5,NRG,3.5000910912734557,0.012504465880671669,6316.0,1285.0
0.5,NRG,3.0001821825469124,0.016434440871739908,5973.0,1340.0
0.5,NRG,2.500273273820368,0.022293676312968917,5630.0,1422.0
0.5,NRG,2.000364365093824,0.03215434083601286,5287.0,1560.0
0.5,NRG,1.5004554563672796,0.04880314397999286,4944.0,1793.0
0.5,NRG,1.2002186190562947,0.06488031439799928,4738.0,2018.0
0.5,NRG,1.0005465476407363,0.0798142193640586,4601.0,2227.0
0.5,NRG,0.7994170158498815,0.09874955341193284,4463.0,2492.0
0.5,NRG,0.599744944434323,0.12225794926759558,4326.0,2821.0
0.5,NRG,0.4000728730187646,0.14905323329760628,4189.0,3196.0
0.5,NRG,0.20040080160320617,0.1728474455162558,4052.0,3529.0
0.5,NRG,0.0007287301876477414,0.18256520185780636,3915.0,3665.0
