bath_key,family,levels,bandwidth,study,case,backend,cutoff,chi,restriction,converged,double_occupancy_0_1,energy_1,impurity_charge_1,impurity_spin_z_1,kappa,phase_derivative_1,rho_ws_derivative_1,max_residual,max_dimension,construction_seconds,cold_total_seconds,peak_process_rss_bytes,model_seconds,reused_bath_total_seconds,solve_seconds,solver_basis_seconds,solver_diagonalization_seconds,solver_hamiltonian_seconds,solver_observables_and_residuals_seconds,solver_total_seconds,reused_q25,reused_q75,solver_preparation_seconds,double_occupancy_0_0,energy_0,impurity_charge_0,impurity_spin_z_0,signed_gap,ground_current,phase_derivative_0,rho_ws_derivative_0,double_occupancy_1_0,double_occupancy_1_1
f94a819b6582240ce1d4,cosh-grid,2,100.0,knight,g0.01-p0,qp,,,dark-vacuum,True,0.0008170616185272874,-0.019807799575677142,1.0000000000000002,0.49918103921801377,0.0016379215639724665,0.0,0.0,8.860734479255183e-15,15,5.695922300219536e-05,0.003532250877469778,84000768,0.0020514577627182007,0.0034752916544675827,0.0013715000823140144,2.1249987185001373e-05,0.0008830409497022629,8.37906263768673e-05,6.645824760198593e-05,0.0010788748040795326,0.0033551459200680256,0.0035003123339265585,,,,,,,,,,,
5782649bf18d979ca3a1,cosh-grid,4,100.0,knight,g0.01-p0,qp,,,dark-vacuum,True,0.0005131925718111606,-0.01889821293012681,1.0000000000000009,0.4994855181615752,0.0010289636768495702,0.0,0.0,4.1692245180788564e-14,210,6.679212674498558e-05,0.0067309169098734856,84328448,0.003474957775324583,0.0066641247831285,0.003219291102141142,5.304161459207535e-05,0.0023331250995397568,0.0001627500168979168,0.0001954999752342701,0.002784790936857462,0.006653500022366643,0.006823728792369366,,,,,,,,,,,
9227f6f8c91545f6aeea,cosh-grid,6,100.0,knight,g0.01-p0,qp,,,dark-vacuum,True,0.0005797940299024195,-0.019186182545058127,1.000000000000001,0.4994191095118266,0.0011617809763467823,0.0,0.0,1.3968639108674106e-13,3003,7.254071533679962e-05,0.029749748297035694,93487104,0.005440999753773212,0.029677207581698895,0.024236207827925682,0.00015950016677379608,0.019650500267744064,0.0013499162159860134,0.002343833912163973,0.02365987468510866,0.0295801036991179,0.030270374612882733,,,,,,,,,,,
e17ca542f481b9c29178,cosh-grid,8,100.0,knight,g0.01-p0,qp,,,dark-vacuum,True,0.0005693906541716551,-0.019143474030745036,0.9999999999999999,0.4994293966722901,0.0011412066554198352,0.0,0.0,7.109776459459407e-13,43758,8.020829409360886e-05,0.5631937915459275,209272832,0.007821834180504084,0.5631135832518339,0.5553059582598507,0.0011144168674945831,0.49307950027287006,0.022502291947603226,0.037267041858285666,0.5540532916784286,0.5628659375943244,0.5631636667530984,,,,,,,,,,,
4ddb7a8efe2d045bb28a,cosh-grid,10,100.0,knight,g0.01-p0,qp,,,dark-vacuum,True,0.0005708481032461474,-0.019150509466884864,0.9999999999999962,0.4994279610509691,0.0011440778980618127,0.0,0.0,2.794466948801889e-12,646646,8.629076182842255e-05,11.72334420774132,1177239552,0.010400000028312206,11.723257916979492,11.71285791695118,0.015916124917566776,10.477362124715,0.49696404160931706,0.718972833827138,11.709584292024374,11.694070833502337,11.757973853964359,,,,,,,,,,,
914abae19ca1af3e100c,surrogate,2,100.0,knight,g0.01-p0,qp,,,dark-vacuum,True,0.0003516545229725573,-0.004798334797721613,1.0000000000000002,0.4996471336223478,0.0007057327553043891,0.0,0.0,3.902769290402315e-15,15,0.0057945409789681435,0.009197166189551353,84410368,0.002014374826103449,0.00340262521058321,0.0013882503844797611,2.258317545056343e-05,0.0008622081950306892,8.408259600400925e-05,6.89169391989708e-05,0.0010655829682946205,0.003342458512634039,0.003411375219002366,,,,,,,,,,,
137d88f15512da0e119f,surrogate,4,100.0,knight,g0.01-p0,qp,,,dark-vacuum,True,0.0005650901954599514,-0.012810386240014248,1.0000000000000013,0.49943371677782733,0.0011325664443453398,0.0,0.0,1.8874025921615837e-14,210,0.019268000032752752,0.026068250183016062,86032384,0.0034900419414043427,0.0068002501502633095,0.003310208208858967,5.537504330277443e-05,0.002338042017072439,0.00018129218369722366,0.0001933341845870018,0.002838249783962965,0.006671604234725237,0.007007937645539641,,,,,,,,,,,
89ecefc51ba27397f7e9,surrogate,6,100.0,knight,g0.01-p0,qp,,,dark-vacuum,True,0.0005699700831811308,-0.017141829738893992,0.9999999999999994,0.4994288383311474,0.0011423233377052533,0.0,0.0,6.067769307300499e-14,3003,0.023436499759554863,0.05172312492504716,90931200,0.005613249726593494,0.028286625165492296,0.022638792172074318,0.00016254186630249023,0.01788129098713398,0.0013660001568496227,0.0024722502566874027,0.02200749982148409,0.028073854511603713,0.028566854540258646,,,,,,,,,,,
7379d686042cdc2fd78a,surrogate,8,100.0,knight,g0.01-p0,qp,,,dark-vacuum,True,0.0005706004516322133,-0.01852977501449251,1.0000000000000047,0.4994282080570262,0.0011435838859475966,0.0,0.0,4.85845834129146e-13,43758,0.032932916190475225,0.5093209580518305,213499904,0.007846124935895205,0.4763880418613553,0.46857912512496114,0.001146750058978796,0.40445725014433265,0.023061708081513643,0.0380735001526773,0.4672104576602578,0.47450866643339396,0.48117695841938257,,,,,,,,,,,
600c6408aff37f4032ae,surrogate,10,100.0,knight,g0.01-p0,qp,,,dark-vacuum,True,0.0005706562259768865,-0.018938311889294887,0.9999999999999976,0.4994281522604474,0.0011436954791052,0.0,0.0,2.7355536417639517e-12,646646,0.06596649996936321,9.017861334141344,1207648256,0.0103772496804595,8.95189483417198,8.941568708978593,0.015457166824489832,7.734007500112057,0.48004070809111,0.7104775002226233,8.938471207860857,8.932975521078333,9.025335541926324,,,,,,,,,,,
6a5e215ce86f18081913,linear-gl,2,100.0,knight,g0.01-p0,qp,,,dark-vacuum,True,8.083767434485774e-05,-0.010146051837694042,1.0000000000000007,0.499919154611495,0.000161690777010004,0.0,0.0,3.2084781230932345e-14,15,4.291720688343048e-05,0.003633917309343815,86507520,0.002136582974344492,0.0035910001024603844,0.0014903750270605087,2.4834182113409042e-05,0.0009547919034957886,8.920906111598015e-05,7.38748349249363e-05,0.001173749566078186,0.00357495853677392,0.0036150626838207245,,,,,,,,,,,
235ada07f486a6d26673,linear-gl,4,100.0,knight,g0.01-p0,qp,,,dark-vacuum,True,0.0001496675222808126,-0.013071633915703394,1.0,0.4998503035751011,0.00029939284979785263,0.0,0.0,2.7219844941047044e-13,210,4.108436405658722e-05,0.006654668599367142,86654976,0.0036383341066539288,0.0066135842353105545,0.0029752501286566257,5.4915901273489e-05,0.001998959109187126,0.00019054114818572998,0.00020654220134019852,0.002516750246286392,0.00641029211692512,0.00763899995945394,,,,,,,,,,,
4f006f81088493414af4,linear-gl,6,100.0,knight,g0.01-p0,qp,,,dark-vacuum,True,0.00020678390699181194,-0.014651855775521586,1.000000000000001,0.4997931563007439,0.00041368739851221914,0.0,0.0,5.332524109295872e-13,3003,4.1832681745290756e-05,0.023278624285012484,96813056,0.005664499942213297,0.023236791603267193,0.017465874552726746,0.00016241706907749176,0.012616083957254887,0.0014071250334382057,0.002481082919985056,0.016835874877870083,0.023105978732928634,0.023421437246724963,,,,,,,,,,,
4730f40c4fbb9e109b26,linear-gl,8,100.0,knight,g0.01-p0,qp,,,dark-vacuum,True,0.0002543863491090758,-0.015658237846899382,0.9999999999999994,0.4997455162476723,0.0005089675046554554,0.0,0.0,1.7842706633807909e-12,43758,4.650000482797623e-05,0.3583090421743691,231325696,0.007948667276650667,0.3582625421695411,0.350232417229563,0.0011286670342087746,0.2849029996432364,0.023783875163644552,0.03844525013118982,0.3490709578618407,0.3534823132213205,0.3593210626859218,,,,,,,,,,,
b18d2a77143d8b3605a5,linear-gl,10,100.0,knight,g0.01-p0,qp,,,dark-vacuum,True,0.0002943303058507899,-0.016355178787722063,1.0000000000000007,0.49970553015683616,0.0005889396863276719,0.0,0.0,1.105901816057737e-11,646646,4.550023004412651e-05,6.301319209393114,1226293248,0.010616749990731478,6.30127370916307,6.290401250123978,0.015392499975860119,5.023011542391032,0.5021487497724593,0.7359949997626245,6.287445374764502,6.265146916965023,6.315372271696106,,,,,,,,,,,
f94a819b6582240ce1d4,cosh-grid,2,100.0,knight,g0.01-p0.5,qp,,,dark-vacuum,True,0.0008170951966422558,-0.01980820786031203,0.9999999999999997,0.4991809864579283,0.0016380270841434008,-4.082845779343289e-07,0.0032895552327882062,7.739065080972743e-15,15,5.695922300219536e-05,0.003623291850090027,83230720,0.0020613325759768486,0.0035663326270878315,0.001505000051110983,2.333289012312889e-05,0.0009112907573580742,8.370913565158844e-05,8.704187348484993e-05,0.0011243750341236591,0.00352824991568923,0.003641999326646328,,,,,,,,,,,
5782649bf18d979ca3a1,cosh-grid,4,100.0,knight,g0.01-p0.5,qp,,,dark-vacuum,True,0.0005134173579163416,-0.018899731171217484,0.9999999999999999,0.49948501477453683,0.001029970450926343,-1.5182390003676055e-06,0.005817088108573028,6.612285361356382e-14,210,6.679212674498558e-05,0.0069565842859447,83656704,0.0035452921874821186,0.006889792159199715,0.003344499971717596,5.291588604450226e-05,0.0022395839914679527,0.00014641601592302322,0.0002949582412838936,0.002786667086184025,0.006871874909847975,0.0069728337693959475,,,,,,,,,,,
9227f6f8c91545f6aeea,cosh-grid,6,100.0,knight,g0.01-p0.5,qp,,,dark-vacuum,True,0.0005799770110054928,-0.019187417096750085,0.9999999999999992,0.49941868609466006,0.0011626278106798837,-1.2345500467455866e-06,0.005089356230646684,1.2696015982426374e-13,3003,7.254071533679962e-05,0.03391766548156738,96894976,0.00602012500166893,0.03384512476623058,0.028140166774392128,0.00016812467947602272,0.02025475027039647,0.0014169998466968536,0.005023374687880278,0.02721945894882083,0.03361375001259148,0.034582395339384675,,,,,,,,,,,
e17ca542f481b9c29178,cosh-grid,8,100.0,knight,g0.01-p0.5,qp,,,dark-vacuum,True,0.0005695700268095521,-0.019144708831571322,0.999999999999998,0.4994289986521435,0.0011420026957129625,-1.2347992669605e-06,0.0051183055761495795,6.737372832748715e-13,43758,8.020829409360886e-05,0.6201293752528727,211304448,0.008361083921045065,0.6200491669587791,0.6118006249889731,0.0011482909321784973,0.48919316614046693,0.02271112520247698,0.09627966629341245,0.6100982502102852,0.619523853994906,0.6201054379343987,,,,,,,,,,,
4ddb7a8efe2d045bb28a,cosh-grid,10,100.0,knight,g0.01-p0.5,qp,,,dark-vacuum,True,0.0005710290957117901,-0.01915174854409095,0.9999999999999871,0.4994275575474569,0.0011448849050862409,-1.2390753543598195e-06,0.005120939100739661,3.067125066132241e-12,646646,8.629076182842255e-05,13.334438706748188,1175879680,0.011456250213086605,13.33435241598636,13.32310783257708,0.015757542103528976,10.50610674964264,0.5153242908418179,2.3638404170051217,13.319120792206377,13.329415082931519,13.46034629107453,,,,,,,,,,,
914abae19ca1af3e100c,surrogate,2,100.0,knight,g0.01-p0.5,qp,,,dark-vacuum,True,0.00035186303996144616,-0.004799759316418083,1.0000000000000002,0.49964666403455316,0.0007066719308936875,-1.4245169044736994e-06,0.005161819666155672,2.5942792368931906e-15,15,0.0057945409789681435,0.009297749027609825,82296832,0.0020252917893230915,0.0035032080486416817,0.0014891247265040874,2.2625084966421127e-05,0.0008987081237137318,8.400017395615578e-05,8.483277633786201e-05,0.0011150422506034374,0.0034854584373533726,0.003586624516174197,,,,,,,,,,,
137d88f15512da0e119f,surrogate,4,100.0,knight,g0.01-p0.5,qp,,,dark-vacuum,True,0.0005652717607948757,-0.012811627009295029,1.0000000000000002,0.49943330902189254,0.0011333819562149294,-1.2407677313882725e-06,0.005130608428374138,1.715712143359498e-14,210,0.019268000032752752,0.025832916144281626,80904192,0.0036194580607116222,0.0065649161115288734,0.002945458050817251,5.1250215619802475e-05,0.001811124850064516,0.0001572081819176674,0.0002931668423116207,0.0023726671934127808,0.006507436977699399,0.006600311957299709,,,,,,,,,,,
89ecefc51ba27397f7e9,surrogate,6,100.0,knight,g0.01-p0.5,qp,,,dark-vacuum,True,0.0005701509072134744,-0.017143068897494652,1.000000000000001,0.49942843471395426,0.0011431305720914775,-1.2391571199611045e-06,0.005121918855364602,7.803687082184868e-14,3003,0.023436499759554863,0.053598749451339245,88915968,0.005731457844376564,0.030162249691784382,0.024430791847407818,0.0001576659269630909,0.017099875025451183,0.001333750318735838,0.0048773339949548244,0.023559833876788616,0.030059416312724352,0.030299062374979258,,,,,,,,,,,
7379d686042cdc2fd78a,surrogate,8,100.0,knight,g0.01-p0.5,qp,,,dark-vacuum,True,0.0005707812400720397,-0.018531013559493433,0.9999999999999982,0.49942780475960674,0.0011443904807865168,-1.2385435230300677e-06,0.005120716684091834,2.855459105764088e-13,43758,0.032932916190475225,0.5634924569167197,200769536,0.008232790976762772,0.5305595407262444,0.5223267497494817,0.0011230832897126675,0.40144695760682225,0.022607041988521814,0.09566825022920966,0.5208954997360706,0.5305498118977994,0.5311305827926844,,,,,,,,,,,
600c6408aff37f4032ae,surrogate,10,100.0,knight,g0.01-p0.5,qp,,,dark-vacuum,True,0.0005708369998216902,-0.018939550364339947,0.9999999999999979,0.4994277490126173,0.001144501974765455,-1.238473451232162e-06,0.005120565707128126,2.0635881883960186e-12,646646,0.06596649996936321,11.355844791978598,1198669824,0.011169834062457085,11.289878292009234,11.278708457946777,0.015436416957527399,8.408644458279014,0.4876154172234237,2.3634468750096858,11.275077958125621,11.263415917055681,11.482872979482636,,,,,,,,,,,
6a5e215ce86f18081913,linear-gl,2,100.0,knight,g0.01-p0.5,qp,,,dark-vacuum,True,8.083767753785797e-05,-0.010146052038098034,1.0000000000000004,0.4999191546071447,0.0001616907857105998,-2.0043172837424465e-10,1.0116579528583714e-05,1.7418913695298613e-14,15,4.291720688343048e-05,0.004457501228898764,85852160,0.0025558751076459885,0.004414584022015333,0.0018119998276233673,3.062514588236809e-05,0.0011104163713753223,0.00012008333578705788,0.00010941596701741219,0.0014014588668942451,0.0042197920847684145,0.00452593807131052,,,,,,,,,,,
235ada07f486a6d26673,linear-gl,4,100.0,knight,g0.01-p0.5,qp,,,dark-vacuum,True,0.00014966755298182589,-0.0130716351356477,0.9999999999999994,0.4998503035330862,0.00029939293382763577,-1.2202007216555192e-09,3.9028799021062333e-05,2.2151997087801735e-13,210,4.108436405658722e-05,0.007402500137686729,86114304,0.0039056669920682907,0.007361415773630142,0.0034279581159353256,5.966704338788986e-05,0.002107542008161545,0.00020633405074477196,0.0003393334336578846,0.002770541701465845,0.007347520440816879,0.007557790959253907,,,,,,,,,,,
4f006f81088493414af4,linear-gl,6,100.0,knight,g0.01-p0.5,qp,,,dark-vacuum,True,0.0002067840250371533,-0.01465185927651909,1.0000000000000009,0.4997931561380645,0.0004136877238709591,-3.5006333584788668e-09,8.320827602627875e-05,4.041137394604662e-13,3003,4.1832681745290756e-05,0.02820274978876114,97878016,0.00601591682061553,0.028160917107015848,0.021942291874438524,0.00017645768821239471,0.013857750222086906,0.0014362498186528683,0.0052025411278009415,0.0209752912633121,0.027477771043777466,0.028763229493051767,,,,,,,,,,,
4730f40c4fbb9e109b26,linear-gl,8,100.0,knight,g0.01-p0.5,qp,,,dark-vacuum,True,0.00025438665154081577,-0.015658245135282182,1.0000000000000022,0.49974551582712223,0.0005089683457555338,-7.288025910347168e-09,0.00013964147154836494,8.805286201771647e-13,43758,4.650000482797623e-05,0.40679570799693465,219774976,0.008537875022739172,0.4067492079921067,0.3982113329693675,0.0012317500077188015,0.2754345000721514,0.023216709028929472,0.09732612501829863,0.39662454184144735,0.4056300208903849,0.4097587501164526,,,,,,,,,,,
b18d2a77143d8b3605a5,linear-gl,10,100.0,knight,g0.01-p0.5,qp,,,dark-vacuum,True,0.0002943309223241941,-0.0163551914878505,1.0000000000000027,0.4997055292909101,0.0005889414181797781,-1.2699336265538928e-08,0.00020594786087508774,5.9641636389826e-12,646646,4.550023004412651e-05,8.450519458390772,1211875328,0.01177341677248478,8.450473958160728,8.439077542163432,0.01652337471023202,5.209947792347521,0.5597515408881009,2.6633872906677425,8.434787416830659,8.41478225006722,8.498120771022514,,,,,,,,,,,
f94a819b6582240ce1d4,cosh-grid,2,100.0,knight,g0.01-p1,qp,,,dark-vacuum,True,0.0008171287747385515,-0.019808616144845068,0.9999999999999999,0.4991809336978725,0.0016381326042550493,-1.770893750282805e-18,-7.422782924974077e-17,1.2474066757899192e-14,15,5.695922300219536e-05,0.003940876107662916,83263488,0.002191666979342699,0.003883916884660721,0.0017181658186018467,3.708433359861374e-05,0.0010368749499320984,0.00010683340951800346,0.0001004580408334732,0.0013198340311646461,0.003867895808070898,0.003960978938266635,,,,,,,,,,,
5782649bf18d979ca3a1,cosh-grid,4,100.0,knight,g0.01-p1,qp,,,dark-vacuum,True,0.0005136421426778897,-0.018901249408134348,1.0,0.49948451139067834,0.0010309772186433142,1.7171205736434813e-18,-1.1073027068510998e-15,4.7610428659759164e-14,210,6.679212674498558e-05,0.007132082711905241,84639744,0.0038101249374449253,0.007065290585160255,0.003243790939450264,5.570799112319946e-05,0.002021665684878826,0.00017683394253253937,0.00032741669565439224,0.0026527498848736286,0.006939999759197235,0.007082603871822357,,,,,,,,,,,
9227f6f8c91545f6aeea,cosh-grid,6,100.0,knight,g0.01-p1,qp,,,dark-vacuum,True,0.0005801599910478752,-0.019188651645165554,1.0,0.49941826268019407,0.0011634746396118612,-5.2583805365546965e-18,-2.4366359624439227e-15,1.4236796294490668e-13,3003,7.254071533679962e-05,0.03440095763653517,91471872,0.005887208040803671,0.03432841692119837,0.028263292275369167,0.0001682080328464508,0.02071145875379443,0.0014137080870568752,0.004972290713340044,0.027295582927763462,0.034173125168308616,0.034347666427493095,,,,,,,,,,,
e17ca542f481b9c29178,cosh-grid,8,100.0,knight,g0.01-p1,qp,,,dark-vacuum,True,0.0005697493984880225,-0.019145943629279096,0.9999999999999974,0.49942860063434824,0.0011427987313035182,2.5072175238727286e-18,-5.749307280256133e-15,7.514456058311932e-13,43758,8.020829409360886e-05,0.6515913335606456,235995136,0.00880566705018282,0.651511125266552,0.6424751249141991,0.0011426247656345367,0.5127048748545349,0.02501045912504196,0.1012964160181582,0.6407200410030782,0.6503728539682925,0.6529565211385489,,,,,,,,,,,
4ddb7a8efe2d045bb28a,cosh-grid,10,100.0,knight,g0.01-p1,qp,,,dark-vacuum,True,0.0005712100872059595,-0.019152987617601994,1.0000000000000047,0.49942715404632926,0.001145691907341484,8.370379584766987e-18,-2.0325538127585745e-14,3.1843013221674194e-12,646646,8.629076182842255e-05,13.865507248789072,1211777024,0.011426750104874372,13.865420958027244,13.854115082882345,0.015851750038564205,10.72010500030592,0.5308599583804607,2.6471501658670604,13.85005108313635,13.829460770823061,14.04336466663517,,,,,,,,,,,
914abae19ca1af3e100c,surrogate,2,100.0,knight,g0.01-p1,qp,,,dark-vacuum,True,0.0003520715558307099,-0.00480118383152781,0.9999999999999999,0.49964619444939834,0.0007076111012033204,1.1872076281094852e-19,-6.844481881467368e-19,1.798115504672366e-15,15,0.0057945409789681435,0.009270916227251291,85393408,0.002032875083386898,0.003476375248283148,0.0014435001648962498,2.4166889488697052e-05,0.0008734171278774738,8.187536150217056e-05,7.570814341306686e-05,0.0010832501575350761,0.003418562700971961,0.0035371456760913134,,,,,,,,,,,
137d88f15512da0e119f,surrogate,4,100.0,knight,g0.01-p1,qp,,,dark-vacuum,True,0.0005654533251440012,-0.012812867775489829,0.9999999999999992,0.49943290126836065,0.0011341974632786966,-2.3436154380314007e-18,-1.3662642581001017e-15,2.0180579246661295e-14,210,0.019268000032752752,0.026480333879590034,84590592,0.003872459288686514,0.007212333846837282,0.0032936246134340763,5.7291239500045776e-05,0.0019976659677922726,0.0001905839890241623,0.00033783307299017906,0.0026417081244289875,0.007095979293808341,0.0072364588268101215,,,,,,,,,,,
89ecefc51ba27397f7e9,surrogate,6,100.0,knight,g0.01-p1,qp,,,dark-vacuum,True,0.0005703317302687979,-0.017144308053141967,0.9999999999999976,0.4994280310991505,0.0011439378016989687,-9.269928574751063e-18,-1.8539857149502126e-15,5.722045750078076e-14,3003,0.023436499759554863,0.05227612471207976,93274112,0.006098750047385693,0.0288396249525249,0.022716833744198084,0.00018445821478962898,0.01509145786985755,0.0014536245726048946,0.00507258391007781,0.021774915978312492,0.02872802084311843,0.028924708487465978,,,,,,,,,,,
7379d686042cdc2fd78a,surrogate,8,100.0,knight,g0.01-p1,qp,,,dark-vacuum,True,0.0005709620275373467,-0.01853225210145058,1.0000000000000029,0.4994274014645776,0.0011451970708448167,-3.2268567158599826e-17,6.908753083512131e-15,3.035012182881347e-13,43758,0.032932916190475225,0.5364037500694394,230932480,0.008630792144685984,0.5034708338789642,0.49495708383619785,0.0011552078649401665,0.3678900832310319,0.02395741594955325,0.09963737521320581,0.4933378752321005,0.5021816045045853,0.5043040420860052,,,,,,,,,,,
600c6408aff37f4032ae,surrogate,10,100.0,knight,g0.01-p1,qp,,,dark-vacuum,True,0.0005710177726922811,-0.018940788836218202,1.0000000000000027,0.49942734576717346,0.0011453084656530832,-1.7020618855306813e-16,1.0195403549184677e-14,2.6267562288039313e-12,646646,0.06596649996936321,11.067694207653403,1206042624,0.011452749837189913,11.00172770768404,10.989839874673635,0.016038042027503252,7.883391665760428,0.5477310423739254,2.598913417197764,10.985850166995078,10.997734353877604,11.096461874898523,,,,,,,,,,,
6a5e215ce86f18081913,linear-gl,2,100.0,knight,g0.01-p1,qp,,,dark-vacuum,True,8.083768073085757e-05,-0.010146052238590456,0.9999999999999993,0.499919154602794,0.00016169079441197276,2.9242327405679507e-19,1.2679193894950476e-18,5.878783209210039e-14,15,4.291720688343048e-05,0.003588375635445118,84000768,0.002036833204329014,0.0035454584285616875,0.0015086252242326736,2.4999957531690598e-05,0.0009080423042178154,9.041605517268181e-05,8.579203858971596e-05,0.001150249969214201,0.0034959791228175163,0.003613666631281376,,,,,,,,,,,
235ada07f486a6d26673,linear-gl,4,100.0,knight,g0.01-p1,qp,,,dark-vacuum,True,0.00014966758368284774,-0.013071636356042166,0.9999999999999998,0.4998503034910718,0.0002993930178564197,1.9423879442333417e-18,2.649519081168045e-16,1.9793311494063666e-13,210,4.108436405658722e-05,0.006785293575376272,83148800,0.0037222919054329395,0.006744209211319685,0.0030219173058867455,5.4916832596063614e-05,0.0018678749911487103,0.00017449958249926567,0.00030016712844371796,0.0024589579552412033,0.006629562471061945,0.0069414793979376554,,,,,,,,,,,
4f006f81088493414af4,linear-gl,6,100.0,knight,g0.01-p1,qp,,,dark-vacuum,True,0.00020678414308249163,-0.014651862776912387,1.0000000000000009,0.4997931559753856,0.00041368804922881086,-1.1045309632196076e-18,3.2786273695961654e-16,3.5073355572508846e-13,3003,4.1832681745290756e-05,0.025722290854901075,93388800,0.005818500183522701,0.025680458173155785,0.019756542053073645,0.00016783317551016808,0.012325665913522243,0.0014142091386020184,0.004908290691673756,0.018884042277932167,0.02557229157537222,0.025732812471687794,,,,,,,,,,,
4730f40c4fbb9e109b26,linear-gl,8,100.0,knight,g0.01-p1,qp,,,dark-vacuum,True,0.000254386953972556,-0.01565825242297867,0.9999999999999987,0.4997455154065688,0.0005089691868623847,2.611826092858635e-18,-6.051474425727844e-16,1.3356099246968619e-12,43758,4.650000482797623e-05,0.37398595828562975,203210752,0.00868683261796832,0.3739394582808018,0.365082333330065,0.0011308342218399048,0.2369781667366624,0.024201250169426203,0.09958858415484428,0.36353854089975357,0.3689697915688157,0.3753620204515755,,,,,,,,,,,
b18d2a77143d8b3605a5,linear-gl,10,100.0,knight,g0.01-p1,qp,,,dark-vacuum,True,0.0002943315387975426,-0.016355204186318556,0.99999999999999,0.4997055284249766,0.0005889431500467612,-1.623592753297043e-17,1.5651542562000742e-15,4.650093442525146e-12,646646,4.550023004412651e-05,8.254881042521447,1190756352,0.011754417326301336,8.254835542291403,8.243081124965101,0.016026374883949757,5.151386125013232,0.5416795830242336,2.5844789589755237,8.239280541893095,8.227733792038634,8.301557875005528,,,,,,,,,,,
f94a819b6582240ce1d4,cosh-grid,2,100.0,knight,g1-p0,qp,,,dark-vacuum,True,0.07251484262567563,-2.0357037353039975,0.9999999999999998,0.41223763308943406,0.17552473382113187,0.0,0.0,1.7915152383067993e-14,15,5.695922300219536e-05,0.0034933756105601788,84721664,0.0020062080584466457,0.0034364163875579834,0.0014302083291113377,2.4042092263698578e-05,0.0009241253137588501,8.929101750254631e-05,7.037492468953133e-05,0.001131999772042036,0.003390583209693432,0.0035517707001417875,,,,,,,,,,,
5782649bf18d979ca3a1,cosh-grid,4,100.0,knight,g1-p0,qp,,,dark-vacuum,True,0.05176648344093264,-1.920593821762578,1.0000000000000002,0.43359419276357675,0.1328116144728465,0.0,0.0,6.382474205462954e-14,210,6.679212674498558e-05,0.00694775115698576,84557824,0.0034865420311689377,0.006880959030240774,0.0033057499676942825,5.708402022719383e-05,0.002360791899263859,0.00017154216766357422,0.00020579202100634575,0.0028781252913177013,0.006831396138295531,0.006919792154803872,,,,,,,,,,,
9227f6f8c91545f6aeea,cosh-grid,6,100.0,knight,g1-p0,qp,,,dark-vacuum,True,0.05528299313864658,-1.9485084000881823,1.0000000000000022,0.4339428991790616,0.13211420164187682,0.0,0.0,1.3348395984857228e-13,3003,7.254071533679962e-05,0.03320837486535311,91455488,0.005542416125535965,0.03313583415001631,0.02747458405792713,0.00016083382070064545,0.022746459115296602,0.0013292916119098663,0.0024330001324415207,0.026818083133548498,0.03290614625439048,0.033136979676783085,,,,,,,,,,,
e17ca542f481b9c29178,cosh-grid,8,100.0,knight,g1-p0,qp,,,dark-vacuum,True,0.05530754727099729,-1.9476646484380906,0.9999999999999982,0.4325934219378732,0.1348131561242536,0.0,0.0,1.1033595729517584e-12,43758,8.020829409360886e-05,0.56625433312729,235274240,0.008042334113270044,0.5661741248331964,0.5582254170440137,0.0011472920887172222,0.4941898752003908,0.023907624650746584,0.03779462492093444,0.556848875246942,0.5659336459357291,0.5667366874404252,,,,,,,,,,,
4ddb7a8efe2d045bb28a,cosh-grid,10,100.0,knight,g1-p0,qp,,,dark-vacuum,True,0.05530720573908925,-1.9476614051691712,0.9999999999999848,0.43263069248948194,0.13473861502103612,0.0,0.0,3.1902293886164885e-12,646646,8.629076182842255e-05,11.35327470768243,1219969024,0.011053374968469143,11.353188416920602,11.34222612529993,0.016233916860073805,10.012570499908179,0.5552761252038181,0.7691283747553825,11.338999750092626,11.304909291444346,11.398421646095812,,,,,,,,,,,
914abae19ca1af3e100c,surrogate,2,100.0,knight,g1-p0,qp,,,dark-vacuum,True,0.037506370725052994,-0.5153126269857461,0.9999999999999993,0.44853421644073704,0.10293156711852591,0.0,0.0,3.3430980006813776e-15,15,0.0057945409789681435,0.009176791179925203,82132992,0.001991125289350748,0.00338225020095706,0.0013911249116063118,2.3084226995706558e-05,0.0008763340301811695,8.150003850460052e-05,6.733275949954987e-05,0.0010669580660760403,0.0033501458819955587,0.0034381665755063295,,,,,,,,,,,
137d88f15512da0e119f,surrogate,4,100.0,knight,g1-p0,qp,,,dark-vacuum,True,0.054537329278657794,-1.318578287348346,0.9999999999999987,0.4332926008707742,0.1334147982584516,0.0,0.0,1.6014236734053362e-14,210,0.019268000032752752,0.02646445808932185,85213184,0.0036156661808490753,0.007196458056569099,0.003553749993443489,5.920790135860443e-05,0.0025153332389891148,0.00019974960014224052,0.00022254232317209244,0.0030687078833580017,0.007105437107384205,0.007240124512463808,,,,,,,,,,,
89ecefc51ba27397f7e9,surrogate,6,100.0,knight,g1-p0,qp,,,dark-vacuum,True,0.05523522945758265,-1.7472614124038206,0.9999999999999981,0.43274647071105127,0.13450705857789746,0.0,0.0,9.249264745013751e-14,3003,0.023436499759554863,0.05197429144755006,93192192,0.005591041874140501,0.028537791687995195,0.022897292394191027,0.0001605423167347908,0.018022249918431044,0.001382666639983654,0.0024195839650928974,0.022236540913581848,0.028031583409756422,0.028540208470076323,,,,,,,,,,,
7379d686042cdc2fd78a,surrogate,8,100.0,knight,g1-p0,qp,,,dark-vacuum,True,0.05528587706138802,-1.8857221593789224,0.9999999999999969,0.4326985881709114,0.13460282365817722,0.0,0.0,1.136812812377416e-12,43758,0.032932916190475225,0.46876258309930563,226246656,0.007933208253234625,0.4358296669088304,0.42810750007629395,0.0011219172738492489,0.3633160423487425,0.023260333109647036,0.03800754202529788,0.4268170837312937,0.43468806240707636,0.4359351876191795,,,,,,,,,,,
600c6408aff37f4032ae,surrogate,10,100.0,knight,g1-p0,qp,,,dark-vacuum,True,0.05529261341582127,-1.926514824836936,0.9999999999999873,0.4326912662676089,0.1346174674647822,0.0,0.0,3.2865922464320902e-12,646646,0.06596649996936321,9.273978082928807,1215528960,0.010575749911367893,9.208011582959443,9.197435833048075,0.01598025020211935,7.850580375175923,0.5295167909935117,0.7770616253837943,9.193932790774852,9.15942014544271,9.220242958515882,,,,,,,,,,,
6a5e215ce86f18081913,linear-gl,2,100.0,knight,g1-p0,qp,,,dark-vacuum,True,0.00790935174677582,-1.0115983707941372,0.9999999999999994,0.49201578682965114,0.015968426340697728,0.0,0.0,3.7376611306701053e-14,15,4.291720688343048e-05,0.0033906251192092896,84951040,0.0019686250016093254,0.003347707912325859,0.0013892501592636108,2.3792032152414322e-05,0.0008919998072087765,8.083321154117584e-05,6.579188629984856e-05,0.0010889158584177494,0.0033463123254477978,0.0034948328975588083,,,,,,,,,,,
235ada07f486a6d26673,linear-gl,4,100.0,knight,g1-p0,qp,,,dark-vacuum,True,0.014410009894412682,-1.301586973138529,1.0,0.48531591816129455,0.029368163677410908,0.0,0.0,1.5115490841582112e-13,210,4.108436405658722e-05,0.0063096266239881516,81641472,0.0035126670263707638,0.006268542259931564,0.0027558752335608006,5.2167102694511414e-05,0.0018802918493747711,0.00015524961054325104,0.00018537510186433792,0.002330416813492775,0.006263187620788813,0.006279228953644633,,,,,,,,,,,
4f006f81088493414af4,linear-gl,6,100.0,knight,g1-p0,qp,,,dark-vacuum,True,0.01968563550765723,-1.4586145007685545,0.9999999999999996,0.4797569639561766,0.04048607208764676,0.0,0.0,4.5210288300766233e-13,3003,4.1832681745290756e-05,0.022514499723911285,93061120,0.005499542225152254,0.022472667042165995,0.016977458726614714,0.00017062528058886528,0.012346750125288963,0.0013581248931586742,0.0023805839009582996,0.016370167024433613,0.02235939586535096,0.0227960420306772,,,,,,,,,,,
4730f40c4fbb9e109b26,linear-gl,8,100.0,knight,g1-p0,qp,,,dark-vacuum,True,0.024030582951173263,-1.559454608570989,1.0000000000000044,0.47507259342381725,0.04985481315236551,0.0,0.0,8.659442903842416e-13,43758,4.650000482797623e-05,0.3012394169345498,204144640,0.007809249684214592,0.30119291692972183,0.29338366724550724,0.0011398750357329845,0.23024779092520475,0.023929749615490437,0.0370597499422729,0.2922738748602569,0.30104445829056203,0.3018173333257437,,,,,,,,,,,
b18d2a77143d8b3605a5,linear-gl,10,100.0,knight,g1-p0,qp,,,dark-vacuum,True,0.027661745079773675,-1.630166395952856,0.9999999999999947,0.47106481831098834,0.057870363378023315,0.0,0.0,1.7111857271288844e-11,646646,4.550023004412651e-05,6.565589000470936,1231241216,0.010607250034809113,6.565543500240892,6.554589417297393,0.016347084194421768,5.193772125057876,0.5606426671147346,0.7953814580105245,6.551295624580234,6.558179167099297,6.648835687432438,,,,,,,,,,,
f94a819b6582240ce1d4,cosh-grid,2,100.0,knight,g1-p0.5,qp,,,dark-vacuum,True,0.0726528443727116,-2.038500142189004,0.9999999999999998,0.4119757481841144,0.17604850363177116,-0.0027940858497955195,0.2505898277046175,1.3785244700360946e-14,15,5.695922300219536e-05,0.003511291928589344,83705856,0.0020309998653829098,0.0034543327055871487,0.0014267079532146454,2.350006252527237e-05,0.0008707921952009201,8.300039917230606e-05,7.520802319049835e-05,0.0010764999315142632,0.0034394997637718916,0.0036591868847608566,,,,,,,,,,,
5782649bf18d979ca3a1,cosh-grid,4,100.0,knight,g1-p0.5,qp,,,dark-vacuum,True,0.053438747429341245,-1.9350196057026618,1.0000000000000016,0.4291246660494668,0.14175066790106639,-0.014216653918958936,0.5664657334402162,1.8396180901492353e-13,210,6.679212674498558e-05,0.007457875180989504,84426752,0.003789291251450777,0.007391083054244518,0.0035087079741060734,5.724979564547539e-05,0.0023379577323794365,0.00016787508502602577,0.0003036670386791229,0.002925042062997818,0.007298437645658851,0.007419520523399115,,,,,,,,,,,
9227f6f8c91545f6aeea,cosh-grid,6,100.0,knight,g1-p0.5,qp,,,dark-vacuum,True,0.056970272815449585,-1.961602258616427,1.0000000000000007,0.4291125049414769,0.1417749901170462,-0.012873351535074356,0.5083131346545212,2.0639999483976896e-13,3003,7.254071533679962e-05,0.03974858298897743,94257152,0.0066193751990795135,0.03967604227364063,0.032482709269970655,0.00017295917496085167,0.024634999688714743,0.0014549167826771736,0.00512758269906044,0.03147216700017452,0.03924825065769255,0.040581417037174106,,,,,,,,,,,
e17ca542f481b9c29178,cosh-grid,8,100.0,knight,g1-p0.5,qp,,,dark-vacuum,True,0.056856868978032674,-1.9602144085262032,1.0,0.4282761224807731,0.14344775503845375,-0.012357594877863972,0.5019863907896405,8.255638847111441e-13,43758,8.020829409360886e-05,0.6859210412949324,219299840,0.00849195895716548,0.6858408330008388,0.6774190408177674,0.0011905408464372158,0.5481000407598913,0.023965416941791773,0.1024138331413269,0.6759526673704386,0.6826356665696949,0.6943285623565316,,,,,,,,,,,
4ddb7a8efe2d045bb28a,cosh-grid,10,100.0,knight,g1-p0.5,qp,,,dark-vacuum,True,0.05686137458711718,-1.9602761567659728,0.9999999999999946,0.4283217660256992,0.14335646794860157,-0.012424471577736303,0.5033419398993046,2.611300355991656e-12,646646,8.629076182842255e-05,13.37506974907592,1189773312,0.011470791883766651,13.374983458314091,13.363152042031288,0.016269417013972998,10.191294166259468,0.5385558344423771,2.6170161250047386,13.359110624995083,13.311891979072243,13.492853770731017,,,,,,,,,,,
914abae19ca1af3e100c,surrogate,2,100.0,knight,g1-p0.5,qp,,,dark-vacuum,True,0.03903484026400108,-0.5283876199184084,0.9999999999999993,0.44450253801846107,0.11099492396307786,-0.012913942794862078,0.5018978990792048,6.355927962133775e-15,15,0.0057945409789681435,0.009612498804926872,85114880,0.002190124709159136,0.003817957825958729,0.001627833116799593,2.5999732315540314e-05,0.001000208780169487,9.66247171163559e-05,8.725002408027649e-05,0.0012364168651401997,0.0037065413780510426,0.003844207851216197,,,,,,,,,,,
137d88f15512da0e119f,surrogate,4,100.0,knight,g1-p0.5,qp,,,dark-vacuum,True,0.05609828978418995,-1.3312738507516395,1.0000000000000004,0.42897151100143827,0.14205697799712347,-0.012506265769065272,0.5050314371404923,1.8911094970340083e-14,210,0.019268000032752752,0.02649779198691249,85442560,0.0036866250447928905,0.007229791954159737,0.00358091713860631,5.4667238146066666e-05,0.0023687495850026608,0.0001620831899344921,0.00030949991196393967,0.0029652495868504047,0.00717635452747345,0.007263083476573229,,,,,,,,,,,
89ecefc51ba27397f7e9,surrogate,6,100.0,knight,g1-p0.5,qp,,,dark-vacuum,True,0.05679599111066104,-1.7598998126940752,1.0,0.42841032950074476,0.14317934099851048,-0.012446457098161409,0.5036684855467515,7.696393480650696e-14,3003,0.023436499759554863,0.0541153340600431,89735168,0.005691083148121834,0.030678834300488234,0.024996499996632338,0.00015912530943751335,0.01758704101666808,0.0013308748602867126,0.004891583230346441,0.02409475017338991,0.030608792323619127,0.030838104663416743,,,,,,,,,,,
7379d686042cdc2fd78a,surrogate,8,100.0,knight,g1-p0.5,qp,,,dark-vacuum,True,0.056845606864897036,-1.8983513416779643,0.9999999999999969,0.428363737374334,0.14327252525133205,-0.012437127001543074,0.5034789606377255,1.533081348245422e-12,43758,0.032932916190475225,0.5370889999903738,217907200,0.008670624811202288,0.5041560837998986,0.49548545898869634,0.0011858749203383923,0.3687093327753246,0.024484083987772465,0.09963770816102624,0.4936330420896411,0.5036006465088576,0.5074230001773685,,,,,,,,,,,
600c6408aff37f4032ae,surrogate,10,100.0,knight,g1-p0.5,qp,,,dark-vacuum,True,0.05685210326662865,-1.9391425521385017,0.9999999999999893,0.4283571717385167,0.14328565652296665,-0.012435705593017267,0.5034511706937588,2.052432044977545e-12,646646,0.06596649996936321,11.33979674987495,1198112768,0.011764540802687407,11.273830249905586,11.262234666850418,0.01668008416891098,8.00398216675967,0.564264917280525,2.668631291948259,11.257825083099306,11.186332208337262,11.302488249959424,,,,,,,,,,,
6a5e215ce86f18081913,linear-gl,2,100.0,knight,g1-p0.5,qp,,,dark-vacuum,True,0.007909381110728936,-1.0116002986793882,0.9999999999999996,0.4920157462515171,0.015968507496965767,-1.9278850764701836e-06,0.000981278802596494,3.394128924890824e-14,15,4.291720688343048e-05,0.0035095843486487865,84656128,0.0020361249335110188,0.003466667141765356,0.0014305422082543373,2.4124979972839355e-05,0.0008702077902853489,8.066603913903236e-05,7.83340074121952e-05,0.001079790759831667,0.0033943962771445513,0.003542916616424918,,,,,,,,,,,
235ada07f486a6d26673,linear-gl,4,100.0,knight,g1-p0.5,qp,,,dark-vacuum,True,0.014410273489955959,-1.3015983450209097,0.9999999999999996,0.48531554751868233,0.029368904962635334,-1.137187227149637e-05,0.003695219375727824,1.7415838555501246e-13,210,4.108436405658722e-05,0.006998209282755852,84361216,0.0036814999766647816,0.0069571249186992645,0.003275624942034483,5.737505853176117e-05,0.001986874733120203,0.00018670782446861267,0.00033454177901148796,0.0026226667687296867,0.006851354613900185,0.007135395891964436,,,,,,,,,,,
4f006f81088493414af4,linear-gl,6,100.0,knight,g1-p0.5,qp,,,dark-vacuum,True,0.019686595075447323,-1.4586463292474767,0.9999999999999994,0.47975558954086944,0.040488820918261115,-3.182837175464944e-05,0.0077330361686503216,5.728847828678223e-13,3003,4.1832681745290756e-05,0.025991874746978283,93683712,0.005743667017668486,0.025950042065232992,0.02002245793119073,0.00016812467947602272,0.012557957787066698,0.0013737501576542854,0.004896459169685841,0.019098875112831593,0.025644396198913455,0.025969750015065074,,,,,,,,,,,
4730f40c4fbb9e109b26,linear-gl,8,100.0,knight,g1-p0.5,qp,,,dark-vacuum,True,0.024032935904513594,-1.559519605883355,1.0000000000000027,0.47506915740784667,0.04986168518430667,-6.499674885125997e-05,0.012793516817886203,1.948186232941803e-12,43758,4.650000482797623e-05,0.37254508305341005,210894848,0.008536749985069036,0.3724985830485821,0.3642197917215526,0.0011608749628067017,0.23549650004133582,0.023770209401845932,0.10350870806723833,0.3626499166712165,0.3721164788585156,0.37682585418224335,,,,,,,,,,,
b18d2a77143d8b3605a5,linear-gl,10,100.0,knight,g1-p0.5,qp,,,dark-vacuum,True,0.027666374612234063,-1.6302779584360265,1.0000000000000004,0.47105792503577354,0.05788414992845292,-0.00011156049446398031,0.01866181120151776,6.480983377087712e-12,646646,4.550023004412651e-05,8.342052958440036,1181089792,0.011384166777133942,8.342007458209991,8.33080070791766,0.015990249812602997,5.164208000060171,0.5405768337659538,2.593143417034298,8.326435583177954,8.283583875047043,8.352743812603876,,,,,,,,,,,
f94a819b6582240ce1d4,cosh-grid,2,100.0,knight,g1-p1,qp,,,dark-vacuum,True,0.07279033364100101,-2.041291913264503,0.9999999999999996,0.4117148477711815,0.176570304457637,1.5177004095481705e-17,3.1125253068579156e-16,1.953399766915344e-14,15,5.695922300219536e-05,0.0034753764048218727,83181568,0.0020067081786692142,0.0034184171818196774,0.001411709003150463,2.2875145077705383e-05,0.0008606249466538429,8.04997980594635e-05,7.924996316432953e-05,0.00106795784085989,0.003369396086782217,0.0034934794530272484,,,,,,,,,,,
5782649bf18d979ca3a1,cosh-grid,4,100.0,knight,g1-p1,qp,,,dark-vacuum,True,0.05500976099937599,-1.9490367703086957,1.0000000000000009,0.4249440493381028,0.15011190132379437,1.2277478643002434e-16,-5.1384838928369315e-15,9.826392887454183e-14,210,6.679212674498558e-05,0.006789457984268665,84099072,0.003665790893137455,0.00672266585752368,0.0030568749643862247,5.429098382592201e-05,0.0018758336082100868,0.00017179222777485847,0.0003048330545425415,0.0024814167991280556,0.006680103950202465,0.006737436866387725,,,,,,,,,,,
9227f6f8c91545f6aeea,cosh-grid,6,100.0,knight,g1-p1,qp,,,dark-vacuum,True,0.05853489628907467,-1.9742671025628922,0.9999999999999981,0.42466294353490885,0.1506741129301823,-8.37083144212772e-17,-1.3001777612106713e-15,1.455976324613848e-13,3003,7.254071533679962e-05,0.032822915352880955,91586560,0.005698582623153925,0.032750374637544155,0.027090749703347683,0.00016445806249976158,0.01977104088291526,0.001285250298678875,0.004873208701610565,0.02620195783674717,0.032738103764131665,0.03293020837008953,,,,,,,,,,,
e17ca542f481b9c29178,cosh-grid,8,100.0,knight,g1-p1,qp,,,dark-vacuum,True,0.05830091319289364,-1.9723897671086572,1.0000000000000009,0.4242821804110654,0.15143563917786917,6.071532165918825e-17,4.1466829969749597e-14,1.2846442115804588e-12,43758,8.020829409360886e-05,0.5922170006670058,196100096,0.008322750218212605,0.5921367923729122,0.5840515000745654,0.0011766250245273113,0.45814170874655247,0.022976874839514494,0.09968679212033749,0.5822278331033885,0.589658229611814,0.5961372503079474,,,,,,,,,,,
4ddb7a8efe2d045bb28a,cosh-grid,10,100.0,knight,g1-p1,qp,,,dark-vacuum,True,0.0583126602814392,-1.9725199180677755,0.9999999999999883,0.4243253014577964,0.1513493970844072,-1.0414846068895756e-15,3.883005028626485e-14,3.0169385302125394e-12,646646,8.629076182842255e-05,12.251265248749405,1188642816,0.011453124694526196,12.251178957987577,12.23972583329305,0.016314999666064978,9.154455167241395,0.5295579168014228,2.5007435833103955,12.235271707642823,12.233957124873996,12.26149681257084,,,,,,,,,,,
914abae19ca1af3e100c,surrogate,2,100.0,knight,g1-p1,qp,,,dark-vacuum,True,0.04048491822495719,-0.5411468423815622,0.9999999999999994,0.44069093332116965,0.1186181333576607,5.76140987325003e-17,6.162338014642948e-16,4.27614253594534e-15,15,0.0057945409789681435,0.009323248639702797,84393984,0.0020677908323705196,0.0035287076607346535,0.0014609168283641338,2.3250002413988113e-05,0.000886374618858099,8.175009861588478e-05,8.04578885436058e-05,0.0010958751663565636,0.00349068664945662,0.0035864163655787706,,,,,,,,,,,
137d88f15512da0e119f,surrogate,4,100.0,knight,g1-p1,qp,,,dark-vacuum,True,0.057558806997923956,-1.3435999226747795,0.9999999999999991,0.42495012328130666,0.15009975343738668,-5.398702060541232e-17,3.2110444780938535e-15,1.7047885766858994e-14,210,0.019268000032752752,0.026109749916940928,84262912,0.003615249879658222,0.006841749884188175,0.0030921250581741333,5.583278834819794e-05,0.0019060419872403145,0.00016916636377573013,0.00030462490394711494,0.002507207915186882,0.006655457895249128,0.006846520816907287,,,,,,,,,,,
89ecefc51ba27397f7e9,surrogate,6,100.0,knight,g1-p1,qp,,,dark-vacuum,True,0.05825299301927435,-1.772163941173388,0.9999999999999999,0.42438861912230214,0.15122276175539573,-2.979910092098276e-16,-3.2984451674530853e-17,8.893276734059254e-14,3003,0.023436499759554863,0.05241537466645241,91488256,0.005995499901473522,0.028978874906897545,0.022937083151191473,0.00016479101032018661,0.015251709148287773,0.0013921665959060192,0.005060292314738035,0.02200058288872242,0.0289556875359267,0.029112458461895585,,,,,,,,,,,
7379d686042cdc2fd78a,surrogate,8,100.0,knight,g1-p1,qp,,,dark-vacuum,True,0.05830121409342688,-1.9106061177486426,0.9999999999999996,0.424345584258429,0.151308831483142,2.2638141361497333e-16,1.3045120539345591e-15,3.677296449561484e-13,43758,0.032932916190475225,0.5244062491692603,231211008,0.008371583186089993,0.49147333297878504,0.48309145774692297,0.0010742917656898499,0.3597717499360442,0.022969665937125683,0.09682041686028242,0.4815701670013368,0.49107549991458654,0.492113541578874,,,,,,,,,,,
600c6408aff37f4032ae,surrogate,10,100.0,knight,g1-p1,qp,,,dark-vacuum,True,0.05830745410247011,-1.9513959519346336,0.9999999999999919,0.4243399928465518,0.15132001430689646,4.900593819634479e-16,1.1074474670635941e-14,2.412577137075422e-12,646646,0.06596649996936321,10.291567333973944,1218248704,0.011513374745845795,10.225600834004581,10.214136249851435,0.01658554095774889,7.156690707895905,0.5269541251473129,2.535633666906506,10.209842166863382,10.209009646438062,10.285868396051228,,,,,,,,,,,
6a5e215ce86f18081913,linear-gl,2,100.0,knight,g1-p1,qp,,,dark-vacuum,True,0.007909410474669622,-1.0116022265643385,1.0000000000000007,0.49201570567340047,0.015968588653199056,7.782367325579146e-19,-1.3720304114994629e-17,2.281501530871405e-14,15,4.291720688343048e-05,0.0036139581352472305,83197952,0.0020912080071866512,0.0035710409283638,0.001486167311668396,2.474989742040634e-05,0.0009005418978631496,8.899997919797897e-05,8.645793423056602e-05,0.0011204159818589687,0.003534166608005762,0.0036788329016417265,,,,,,,,,,,
235ada07f486a6d26673,linear-gl,4,100.0,knight,g1-p1,qp,,,dark-vacuum,True,0.014410537084429086,-1.3016097168830836,1.0000000000000007,0.48531517687755726,0.029369646244885472,-9.468336651867647e-18,3.536693858959652e-16,1.6709070459902787e-13,210,4.108436405658722e-05,0.006718667224049568,84033536,0.0036238329485058784,0.006677582859992981,0.003117749933153391,5.475012585520744e-05,0.001981167122721672,0.000176125206053257,0.00030408380553126335,0.0025450410321354866,0.006666041444987059,0.006974353920668364,,,,,,,,,,,
4f006f81088493414af4,linear-gl,6,100.0,knight,g1-p1,qp,,,dark-vacuum,True,0.019687554628262372,-1.4586781575120826,0.999999999999998,0.479754215146802,0.040491569706396,-3.8163916471489756e-17,-5.689893001203943e-16,4.955293759879723e-13,3003,4.1832681745290756e-05,0.0229803747497499,90570752,0.005662291776388884,0.022938542068004608,0.017276250291615725,0.0001577497459948063,0.00971287488937378,0.001328874845057726,0.004954082891345024,0.016365957912057638,0.02281195856630802,0.02325262501835823,,,,,,,,,,,
4730f40c4fbb9e109b26,linear-gl,8,100.0,knight,g1-p1,qp,,,dark-vacuum,True,0.02403528876343147,-1.5595846020686701,0.9999999999999969,0.4750657215287464,0.04986855694250725,-9.104587743447023e-17,-6.5416422279085396e-15,2.4099870668950172e-12,43758,4.650000482797623e-05,0.37609983375295997,220856320,0.008401666767895222,0.376053333748132,0.36765166698023677,0.0011255419813096523,0.23921750020235777,0.024241209030151367,0.10110462503507733,0.3657628330402076,0.3741441457532346,0.37687208340503275,,,,,,,,,,,
b18d2a77143d8b3605a5,linear-gl,10,100.0,knight,g1-p1,qp,,,dark-vacuum,True,0.02767100376324736,-1.6303895169425902,0.9999999999999959,0.47105103232567097,0.05789793534865806,-1.0061396160665482e-16,1.776356839400249e-15,5.952124191116796e-12,646646,4.550023004412651e-05,7.560079166200012,1191837696,0.011575332842767239,7.560033665969968,7.548384582623839,0.01632916694507003,4.421157625038177,0.5363802500069141,2.5502801658585668,7.544028959237039,7.507555124582723,7.587891311850399,,,,,,,,,,,
f94a819b6582240ce1d4,cosh-grid,2,100.0,knight,g2-p0,qp,,,dark-vacuum,True,0.12292780333787762,-4.092603637895081,0.9999999999999996,0.3315095479612226,0.33698090407755477,0.0,0.0,7.376711437325558e-15,15,5.695922300219536e-05,0.0035671256482601166,84541440,0.0020261253230273724,0.0035101664252579212,0.0014840411022305489,2.358434721827507e-05,0.0009529171511530876,9.44589264690876e-05,7.050018757581711e-05,0.0011675828136503696,0.003479729173704982,0.003548583248630166,,,,,,,,,,,
5782649bf18d979ca3a1,cosh-grid,4,100.0,knight,g2-p0,qp,,,dark-vacuum,True,0.10165793002262466,-3.9035036983481475,1.0000000000000007,0.3395372985785476,0.32092540284290483,0.0,0.0,7.048997981705161e-14,210,6.679212674498558e-05,0.0072286673821508884,83329024,0.0036588748916983604,0.007161875255405903,0.003426542039960623,5.737505853176117e-05,0.002438040915876627,0.00018616672605276108,0.00021637463942170143,0.002962667029350996,0.007086458150297403,0.007199687650427222,,,,,,,,,,,
9227f6f8c91545f6aeea,cosh-grid,6,100.0,knight,g2-p0,qp,,,dark-vacuum,True,0.10270911152592528,-3.935834129192947,0.9999999999999992,0.35612519891016486,0.28774960217967027,0.0,0.0,1.552514823648653e-13,3003,7.254071533679962e-05,0.03372641559690237,93569024,0.005616249982267618,0.03365387488156557,0.02807358279824257,0.00016404222697019577,0.023255291860550642,0.001393292099237442,0.0025005419738590717,0.02743933303281665,0.03357587498612702,0.034144708421081305,,,,,,,,,,,
e17ca542f481b9c29178,cosh-grid,8,100.0,knight,g2-p0,qp,,,dark-vacuum,True,0.10342288751543272,-3.942150563938263,0.9999999999999958,0.3523614635918824,0.29527707281623516,0.0,0.0,2.2585436595991486e-12,43758,8.020829409360886e-05,0.5627086251042783,191987712,0.007912584114819765,0.5626284168101847,0.554715832695365,0.001128041185438633,0.4908462092280388,0.023756457958370447,0.03739095805212855,0.5533823752775788,0.5611663544550538,0.5709883959498256,,,,,,,,,,,
4ddb7a8efe2d045bb28a,cosh-grid,10,100.0,knight,g2-p0,qp,,,dark-vacuum,True,0.1036991334512815,-3.94243619057481,0.9999999999999722,0.3510894239261411,0.29782115214771776,0.0,0.0,3.654013870509366e-12,646646,8.629076182842255e-05,11.48944258177653,1183449088,0.010818584356456995,11.489356291014701,11.47849024971947,0.016084874980151653,10.141065665986389,0.5553792091086507,0.8016240410506725,11.475381875410676,11.483378604054451,11.581896333023906,,,,,,,,,,,
914abae19ca1af3e100c,surrogate,2,100.0,knight,g2-p0,qp,,,dark-vacuum,True,0.07760216443214704,-1.1084026450345532,0.9999999999999996,0.3655915638659212,0.26881687226815765,0.0,0.0,6.261079859020686e-15,15,0.0057945409789681435,0.009365998674184084,82673664,0.002074040938168764,0.0035714576952159405,0.0014974167570471764,2.5875400751829147e-05,0.0009494996629655361,9.099999442696571e-05,7.033394649624825e-05,0.0011653746478259563,0.0034115833695977926,0.0036075208336114883,,,,,,,,,,,
137d88f15512da0e119f,surrogate,4,100.0,knight,g2-p0,qp,,,dark-vacuum,True,0.1025045838848093,-2.6942689879063533,0.9999999999999989,0.3501220641109922,0.29975587177801555,0.0,0.0,1.7558199134819357e-14,210,0.019268000032752752,0.026308542117476463,84344832,0.003681750036776066,0.007040542084723711,0.003357458859682083,5.566701292991638e-05,0.0023775831796228886,0.0001787911169230938,0.00020183436572551727,0.002884166780859232,0.0068951251450926065,0.007056812522932887,,,,,,,,,,,
89ecefc51ba27397f7e9,surrogate,6,100.0,knight,g2-p0,qp,,,dark-vacuum,True,0.10362345069568281,-3.5424893199453957,0.9999999999999614,0.3509431732788684,0.29811365344226315,0.0,0.0,2.9363694089485913e-12,3003,0.023436499759554863,0.04894741578027606,94322688,0.005437834188342094,0.025510916020721197,0.019575332757085562,0.00016295863315463066,0.014919208828359842,0.0013235416263341904,0.0023986659944057465,0.018952167127281427,0.025140416575595737,0.025571083184331656,,,,,,,,,,,
7379d686042cdc2fd78a,surrogate,8,100.0,knight,g2-p0,qp,,,dark-vacuum,True,0.10363076136861278,-3.818489132944367,0.999999999999992,0.3512913573872784,0.2974172852254432,0.0,0.0,2.7312189483499584e-12,43758,0.032932916190475225,0.4724913742393255,207912960,0.007892500143498182,0.4395584580488503,0.4315057913772762,0.0011534583754837513,0.3670709999278188,0.024008375126868486,0.03772204089909792,0.43034425005316734,0.4392300620675087,0.44055868755094707,,,,,,,,,,,
600c6408aff37f4032ae,surrogate,10,100.0,knight,g2-p0,qp,,,dark-vacuum,True,0.10362593377590937,-3.899916197811658,0.9999999999999789,0.3513724915549735,0.29725501689005296,0.0,0.0,2.6387726038111995e-12,646646,0.06596649996936321,9.466745750047266,1186824192,0.011513208970427513,9.400779250077903,9.390020583290607,0.017374292016029358,8.012147665955126,0.5633794581517577,0.8149432921782136,9.386193374637514,9.375097166979685,9.409307020483539,,,,,,,,,,,
6a5e215ce86f18081913,linear-gl,2,100.0,knight,g2-p0,qp,,,dark-vacuum,True,0.015478009265545644,-2.0171371821242614,0.9999999999999999,0.484231402388554,0.031537195222892,0.0,0.0,4.595694689899549e-14,15,4.291720688343048e-05,0.003629957791417837,85278720,0.00212087482213974,0.0035870405845344067,0.0014661657623946667,3.041699528694153e-05,0.000924999825656414,9.88333486020565e-05,7.587531581521034e-05,0.0011613750830292702,0.003482936881482601,0.0036668742541223764,,,,,,,,,,,
235ada07f486a6d26673,linear-gl,4,100.0,knight,g2-p0,qp,,,dark-vacuum,True,0.02775208816987712,-2.5917305957658177,0.9999999999999983,0.47120837523554904,0.057583249528901925,0.0,0.0,1.1499503425146577e-13,210,4.108436405658722e-05,0.006625834386795759,84770816,0.003554374910891056,0.006584750022739172,0.00286349980160594,5.5208802223205566e-05,0.0019229580648243427,0.00018254201859235764,0.00023129209876060486,0.0024211248382925987,0.006484624929726124,0.007090521045029163,,,,,,,,,,,
4f006f81088493414af4,linear-gl,6,100.0,knight,g2-p0,qp,,,dark-vacuum,True,0.037478043347793935,-2.9031823299102295,0.9999999999999992,0.4604445680070265,0.07911086398594702,0.0,0.0,4.0260868187239256e-13,3003,4.1832681745290756e-05,0.023008249700069427,91209728,0.005554416682571173,0.022966417018324137,0.017348625231534243,0.00016537494957447052,0.012596707791090012,0.0013304580934345722,0.0024838331155478954,0.016691625118255615,0.02268131310120225,0.023212374886497855,,,,,,,,,,,
4730f40c4fbb9e109b26,linear-gl,8,100.0,knight,g2-p0,qp,,,dark-vacuum,True,0.045367035532140346,-3.104299181409865,0.9999999999999952,0.4513355652947225,0.09732886941055496,0.0,0.0,2.8500836817886547e-12,43758,4.650000482797623e-05,0.3053431250154972,227524608,0.00801320793107152,0.30529662501066923,0.2972834170795977,0.0010891249403357506,0.23344087461009622,0.02363200020045042,0.038209292106330395,0.29602208407595754,0.30521714594215155,0.30541487503796816,,,,,,,,,,,
b18d2a77143d8b3605a5,linear-gl,10,100.0,knight,g2-p0,qp,,,dark-vacuum,True,0.05189965982150819,-3.2465242233470386,0.9999999999999974,0.4434676933110906,0.11306461337781881,0.0,0.0,1.0001154387001183e-11,646646,4.550023004412651e-05,5.923472083173692,1160101888,0.010755083989351988,5.923426582943648,5.912878167349845,0.01608070870861411,4.490514749661088,0.5609962078742683,0.8201751671731472,5.908981749787927,5.8928262705449015,5.92729283333756,,,,,,,,,,,
f94a819b6582240ce1d4,cosh-grid,2,100.0,knight,g2-p0.5,qp,,,dark-vacuum,True,0.12312016016445083,-4.099864514705408,0.9999999999999993,0.3310914133580605,0.33781717328387895,-0.007246156181648505,0.35792853907028427,9.796531359605932e-15,15,5.695922300219536e-05,0.0038656676188111305,85311488,0.002231291029602289,0.003808708395808935,0.001577417366206646,2.904096618294716e-05,0.0009580417536199093,0.00010262476280331612,8.633313700556755e-05,0.0012074997648596764,0.003779604099690914,0.003840291639789939,,,,,,,,,,,
5782649bf18d979ca3a1,cosh-grid,4,100.0,knight,g2-p0.5,qp,,,dark-vacuum,True,0.10472444793613786,-3.9487895991207376,0.9999999999999993,0.33042992881435723,0.33914014237128554,-0.043205484520663605,0.9108155150673528,4.261175012468059e-14,210,6.679212674498558e-05,0.007697959430515766,85524480,0.0038326671347022057,0.0076311673037707806,0.003798500169068575,6.079208105802536e-05,0.0025077499449253082,0.00020674988627433777,0.00034283287823200226,0.0031692907214164734,0.007559396093711257,0.007691833656281233,,,,,,,,,,,
9227f6f8c91545f6aeea,cosh-grid,6,100.0,knight,g2-p0.5,qp,,,dark-vacuum,True,0.10749652834539183,-3.9854228356658834,0.9999999999999799,0.3397066347216242,0.3205867305567516,-0.045986456388917414,0.8920199412726828,3.657517939757114e-12,3003,7.254071533679962e-05,0.03684187447652221,93978624,0.006265250034630299,0.03676933376118541,0.03029520809650421,0.00018816674128174782,0.022028875071555376,0.0015827496536076069,0.00550529221072793,0.029307249933481216,0.03663993743248284,0.0379528752528131,,,,,,,,,,,
e17ca542f481b9c29178,cosh-grid,8,100.0,knight,g2-p0.5,qp,,,dark-vacuum,True,0.10771096945918103,-3.988055712733219,1.0,0.3376553971776166,0.3246892056447668,-0.042783091653979255,0.8590113102821431,3.5929219597858216e-12,43758,8.020829409360886e-05,0.6459827912040055,236044288,0.008728459011763334,0.6459025829099119,0.6370921661145985,0.001118458341807127,0.5086672496981919,0.024561166763305664,0.10174312489107251,0.6353234578855336,0.6455532915424556,0.6489948334638029,,,,,,,,,,,
4ddb7a8efe2d045bb28a,cosh-grid,10,100.0,knight,g2-p0.5,qp,,,dark-vacuum,True,0.10781167179799978,-3.987968458176079,0.999999999999988,0.3372072666714085,0.325585466657183,-0.04259613210292708,0.8590257232571294,3.243636032453528e-12,646646,8.629076182842255e-05,13.36900437483564,1201356800,0.011643459089100361,13.368918084073812,13.357274624984711,0.01613004133105278,10.109361875336617,0.5518932077102363,2.621286999899894,13.353190666995943,13.225224958499894,13.380314854439348,,,,,,,,,,,
914abae19ca1af3e100c,surrogate,2,100.0,knight,g2-p0.5,qp,,,dark-vacuum,True,0.08054626175753703,-1.1491628917513521,0.9999999999999994,0.3571636716024368,0.28567265679512643,-0.039209976376044654,0.8200171588507802,3.067490533893536e-15,15,0.0057945409789681435,0.009439582005143166,86966272,0.002150916028767824,0.003645041026175022,0.00149441696703434,2.5624874979257584e-05,0.000893833115696907,9.416602551937103e-05,8.404115214943886e-05,0.001122291199862957,0.0036083750892430544,0.0036628744564950466,,,,,,,,,,,
137d88f15512da0e119f,surrogate,4,100.0,knight,g2-p0.5,qp,,,dark-vacuum,True,0.10632628270404461,-2.739292677774779,0.9999999999999992,0.33760863628090565,0.3247827274381887,-0.04239172255108314,0.8588735742842644,2.093142596349009e-14,210,0.019268000032752752,0.027488666120916605,87031808,0.004117333330214024,0.008220666088163853,0.004081707913428545,6.149988621473312e-05,0.0026952908374369144,0.0002177078276872635,0.0003642919473350048,0.0033898749388754368,0.00814120820723474,0.008296374464407563,,,,,,,,,,,
89ecefc51ba27397f7e9,surrogate,6,100.0,knight,g2-p0.5,qp,,,dark-vacuum,True,0.10769496821779802,-3.5880822672766692,0.9999999999999929,0.33730261914609583,0.32539476170780834,-0.04270223958454605,0.8603029487308729,1.5933063749887421e-12,3003,0.023436499759554863,0.05256987502798438,96862208,0.005994958803057671,0.029133375268429518,0.023173500318080187,0.00017258292064070702,0.015251417178660631,0.0013717920519411564,0.005036124959588051,0.022168083116412163,0.029074854217469692,0.029421000042930245,,,,,,,,,,,
7379d686042cdc2fd78a,surrogate,8,100.0,knight,g2-p0.5,qp,,,dark-vacuum,True,0.10776360108205446,-3.864200355581815,1.0000000000000044,0.33735085775840357,0.32529828448319287,-0.04275480492224634,0.860473011038604,1.4721764820561379e-12,43758,0.032932916190475225,0.5747542912140489,245989376,0.008816500194370747,0.5418213750235736,0.5326832076534629,0.0013098749332129955,0.3896703328937292,0.02898099971935153,0.11799141624942422,0.530782958958298,0.5360352708958089,0.5684450624976307,,,,,,,,,,,
600c6408aff37f4032ae,surrogate,10,100.0,knight,g2-p0.5,qp,,,dark-vacuum,True,0.1077731012711148,-3.9456502949844414,0.9999999999999845,0.337360077472557,0.32527984505488605,-0.04276267478353507,0.8604911038624541,1.9475502951821833e-12,646646,0.06596649996936321,14.463991167023778,1197457408,0.011864333879202604,14.398024667054415,14.386160333175212,0.017518083099275827,10.21119441697374,0.6915481667965651,3.4530953750945628,14.381354541983455,14.366014667088166,15.17765587545,,,,,,,,,,,
6a5e215ce86f18081913,linear-gl,2,100.0,knight,g2-p0.5,qp,,,dark-vacuum,True,0.015478117266865741,-2.017144599734927,0.9999999999999997,0.4842312510227641,0.031537497954471805,-7.417608039434405e-06,0.0019035852320968094,5.5192573353390393e-14,15,4.291720688343048e-05,0.004429792519658804,85852160,0.002371791750192642,0.0043868753127753735,0.001986708026379347,3.041699528694153e-05,0.001220082864165306,0.00013625016435980797,0.0001231660135090351,0.0015395828522741795,0.004372687544673681,0.004512937506660819,,,,,,,,,,,
235ada07f486a6d26673,linear-gl,4,100.0,knight,g2-p0.5,qp,,,dark-vacuum,True,0.027752993298426884,-2.5917729979246804,0.9999999999999977,0.4712070684369248,0.05758586312615044,-4.240202169783176e-05,0.00699715558846742,1.6431242783103794e-13,210,4.108436405658722e-05,0.007148043252527714,86278144,0.003847834188491106,0.0071069588884711266,0.0032070837914943695,5.7499855756759644e-05,0.0019940421916544437,0.0001839171163737774,0.0003170003183186054,0.0026064999401569366,0.006977604236453772,0.007123875431716442,,,,,,,,,,,
4f006f81088493414af4,linear-gl,6,100.0,knight,g2-p0.5,qp,,,dark-vacuum,True,0.03748115926992031,-2.9032980813798885,1.0000000000000022,0.46043993615295614,0.07912012769408772,-0.00011575006935251545,0.014366741445483847,4.3433607314178813e-13,3003,4.1832681745290756e-05,0.03028324991464615,93323264,0.006975958123803139,0.030241417232900858,0.023039875086396933,0.00018291594460606575,0.014320958871394396,0.0016566673293709755,0.005445082671940327,0.02190787484869361,0.02930291648954153,0.030858437763527036,,,,,,,,,,,
4730f40c4fbb9e109b26,linear-gl,8,100.0,knight,g2-p0.5,qp,,,dark-vacuum,True,0.04537432889097777,-3.1045308240905576,0.9999999999999988,0.45132440758532133,0.09735118482935734,-0.00023163561261776435,0.02340559155389046,1.3870239330975688e-12,43758,4.650000482797623e-05,0.47276591695845127,230752256,0.009266417007893324,0.4727194169536233,0.46345299994572997,0.0012791668996214867,0.29320291662588716,0.03022929187864065,0.12558108381927013,0.4599069580435753,0.4621979375369847,0.47392681264318526,,,,,,,,,,,
b18d2a77143d8b3605a5,linear-gl,10,100.0,knight,g2-p0.5,qp,,,dark-vacuum,True,0.051913453560704675,-3.2469152372465273,1.0000000000000127,0.4434459965256129,0.11310800694877421,-0.0003909897635594149,0.03371086821552033,8.57593663720129e-12,646646,4.550023004412651e-05,10.091348791029304,1177747456,0.012989125214517117,10.09130329079926,10.07798458263278,0.01800054218620062,6.139909707941115,0.7058334168978035,3.2381212078034878,10.07344370894134,9.853841957869008,10.597251416416839,,,,,,,,,,,
f94a819b6582240ce1d4,cosh-grid,2,100.0,knight,g2-p1,qp,,,dark-vacuum,True,0.12331080095845952,-4.10709604731619,1.0,0.33067712043187736,0.3386457591362453,1.3375530199729832e-16,6.691245853113858e-16,1.1485124892151952e-14,15,5.695922300219536e-05,0.003662292379885912,84869120,0.0020652497187256813,0.0036053331568837166,0.0015232921577990055,2.5082845240831375e-05,0.0009323339909315109,9.533297270536423e-05,8.179107680916786e-05,0.0011604996398091316,0.00359164597466588,0.0036229791585355997,,,,,,,,,,,
5782649bf18d979ca3a1,cosh-grid,4,100.0,knight,g2-p1,qp,,,dark-vacuum,True,0.10725338830662362,-3.990200705635931,0.9999999999999993,0.3230690351567739,0.35386192968645225,3.4937426105793497e-16,2.1239767426176594e-15,4.4264863468239795e-14,210,6.679212674498558e-05,0.007549125235527754,86196224,0.0039026658050715923,0.007482333108782768,0.0035903332754969597,5.9250276535749435e-05,0.002176916226744652,0.00020141713321208954,0.00036183279007673264,0.002846708055585623,0.0074604582041502,0.007633874425664544,,,,,,,,,,,
9227f6f8c91545f6aeea,cosh-grid,6,100.0,knight,g2-p1,qp,,,dark-vacuum,True,0.11095191606925998,-4.028559787692092,1.0000000000000013,0.3281960325428851,0.3436079349142298,-5.71767152398507e-15,9.654238600785262e-14,1.9469774320117285e-12,3003,7.254071533679962e-05,0.03152824891731143,95174656,0.005871541332453489,0.03145570820197463,0.02558416686952114,0.00016741594299674034,0.017812957987189293,0.001387542113661766,0.00505325011909008,0.02460854174569249,0.031370041659101844,0.03199795796535909,,,,,,,,,,,
e17ca542f481b9c29178,cosh-grid,8,100.0,knight,g2-p1,qp,,,dark-vacuum,True,0.1108154572018065,-4.028362475448174,0.9999999999999992,0.32738406566735007,0.34523186866529987,-1.1102230246251565e-16,4.940492459582457e-15,1.0040325724915675e-12,43758,8.020829409360886e-05,0.6383123332634568,226410496,0.008492541965097189,0.6382321249693632,0.629405708052218,0.0012223748490214348,0.48703683400526643,0.0301212090998888,0.11057295836508274,0.6272882083430886,0.6343113335315138,0.6394071250688285,,,,,,,,,,,
4ddb7a8efe2d045bb28a,cosh-grid,10,100.0,knight,g2-p1,qp,,,dark-vacuum,True,0.11084757810883522,-4.028209318979947,0.9999999999999716,0.3273094839819718,0.3453810320360564,-3.9170056087556304e-15,-1.3195000647669985e-13,4.909398054840331e-12,646646,8.629076182842255e-05,13.843325707595795,1182810112,0.011708457954227924,13.843239416833967,13.830896833911538,0.017779665999114513,10.124078541062772,0.6277961246669292,3.0210914579220116,13.826827000360936,13.40779066644609,13.852121791336685,,,,,,,,,,,
914abae19ca1af3e100c,surrogate,2,100.0,knight,g2-p1,qp,,,dark-vacuum,True,0.08306277699668153,-1.1870018776193978,0.9999999999999996,0.35007784919047397,0.29984430161905207,2.2048329502333916e-17,-5.068197541225841e-16,5.326001892456157e-15,15,0.0057945409789681435,0.009966373909264803,86360064,0.0021716253831982613,0.0041718329302966595,0.0016981661319732666,2.4500302970409393e-05,0.001026540994644165,9.674998000264168e-05,9.424984455108643e-05,0.0012915418483316898,0.00398395792581141,0.004407333675771952,,,,,,,,,,,
137d88f15512da0e119f,surrogate,4,100.0,knight,g2-p1,qp,,,dark-vacuum,True,0.109270095573016,-2.7795060291759865,1.0,0.3281935812490935,0.34361283750181304,-3.291154906856786e-17,3.965997397753247e-16,1.3577601834318693e-14,210,0.019268000032752752,0.026390000246465206,84541440,0.0038620000705122948,0.007122000213712454,0.0032676663249731064,5.7625118643045425e-05,0.0020248331129550934,0.00020279176533222198,0.00032691704109311104,0.002660292200744152,0.007069750223308802,0.007236208533868194,,,,,,,,,,,
89ecefc51ba27397f7e9,surrogate,6,100.0,knight,g2-p1,qp,,,dark-vacuum,True,0.11073616650712464,-3.628441651529222,0.9999999999999991,0.3274095262779305,0.34518094744413896,6.368884956877512e-17,4.884108776194102e-15,5.4445180208371286e-14,3003,0.023436499759554863,0.06082087475806475,96862208,0.006344291847199202,0.037384374998509884,0.029480500146746635,0.00017412472516298294,0.01986979180946946,0.0013774172402918339,0.00504725007340312,0.028491000179201365,0.03531558346003294,0.038684708531945944,,,,,,,,,,,
7379d686042cdc2fd78a,surrogate,8,100.0,knight,g2-p1,qp,,,dark-vacuum,True,0.11082148645529924,-3.904576304842646,0.9999999999999982,0.32736343196679313,0.34527313606641374,5.204170427930042e-18,-7.216449660060368e-16,4.800352722401659e-13,43758,0.032932916190475225,0.6046684570610523,248922112,0.009109874721616507,0.5717355408705771,0.5624399576336145,0.001262832898646593,0.42077854136005044,0.026078542228788137,0.11274300003424287,0.5608814167790115,0.5422736452892423,0.577668291516602,,,,,,,,,,,
600c6408aff37f4032ae,surrogate,10,100.0,knight,g2-p1,qp,,,dark-vacuum,True,0.110833793129122,-3.9860271889110663,0.9999999999999888,0.327356170000908,0.345287659998184,-1.8821749714348362e-16,1.165734175856416e-15,2.5518104917711007e-12,646646,0.06596649996936321,15.681535374838859,1215332352,0.012104250025004148,15.615568874869496,15.60342229064554,0.01930279191583395,11.518054708372802,0.6137078329920769,3.3129618749953806,15.59920254116878,13.868534271139652,15.667963624931872,,,,,,,,,,,
6a5e215ce86f18081913,linear-gl,2,100.0,knight,g2-p1,qp,,,dark-vacuum,True,0.015478225268010822,-2.0171520173403303,1.0000000000000004,0.48423109965721645,0.03153780068556711,4.6707191370942834e-17,5.909487418400073e-17,5.350568540790643e-14,15,4.291720688343048e-05,0.003908583894371986,84803584,0.0021286667324602604,0.003865666687488556,0.0017369999550282955,2.9249582439661026e-05,0.0010595843195915222,0.00010029179975390434,0.00011074962094426155,0.0013334169052541256,0.0037495207507163286,0.004021958447992802,,,,,,,,,,,
235ada07f486a6d26673,linear-gl,4,100.0,knight,g2-p1,qp,,,dark-vacuum,True,0.027753898413414888,-2.5918153998093443,0.9999999999999983,0.4712057616576559,0.05758847668468825,2.2593789181464747e-18,-3.936666694341699e-16,1.5304585523910544e-13,210,4.108436405658722e-05,0.007231667172163725,86458368,0.0039037922397255898,0.007190582808107138,0.003278542309999466,5.66248781979084e-05,0.0020216251723468304,0.0001805000938475132,0.0003483337350189686,0.002661333419382572,0.007101395865902305,0.007339895470067859,,,,,,,,,,,
4f006f81088493414af4,linear-gl,6,100.0,knight,g2-p1,qp,,,dark-vacuum,True,0.03748427501718326,-2.9034138300490886,0.9999999999999979,0.46043530455662224,0.07912939088675552,7.459310946700342e-17,1.38777878077224e-16,4.551340859886406e-13,3003,4.1832681745290756e-05,0.02414283249527216,92143616,0.006334334146231413,0.02410099981352687,0.01778966700658202,0.00016683433204889297,0.010152500122785568,0.0015130001120269299,0.00516487518325448,0.016912583727389574,0.02390233357436955,0.02529795840382576,,,,,,,,,,,
4730f40c4fbb9e109b26,linear-gl,8,100.0,knight,g2-p1,qp,,,dark-vacuum,True,0.045381621218154415,-3.104762452636128,1.0000000000000033,0.45131325144554046,0.09737349710891907,3.258027528318941e-16,7.53563877964325e-15,1.6402768229403628e-12,43758,4.650000482797623e-05,0.41092987498268485,212172800,0.008952333126217127,0.4108833749778569,0.401762958150357,0.0012524998746812344,0.25751983281224966,0.03211920754984021,0.1059145419858396,0.3998703327961266,0.4065509580541402,0.42356445803306997,,,,,,,,,,,
b18d2a77143d8b3605a5,linear-gl,10,100.0,knight,g2-p1,qp,,,dark-vacuum,True,0.051927243355873495,-3.2473062028794004,1.0,0.44342430592776516,0.11315138814446968,-9.488937413593135e-16,-2.4924506902834764e-14,7.418288172424408e-12,646646,4.550023004412651e-05,9.623369958251715,1232191488,0.012114792130887508,9.62332445802167,9.610704124905169,0.017830540891736746,5.73663775017485,0.6564046666026115,3.2031882917508483,9.605603666976094,9.494693521177396,9.711224916391075,,,,,,,,,,,
c585ebffe5f4b2ee19e1,cosh-grid,12,100.0,knight-refinement,g1-p0.5,qp,4,,dark-vacuum,True,0.056834501875347124,-1.9601454522783006,0.9999999999999984,0.428423115307991,0.14315376938401803,-0.01240297989929055,0.5022305960657989,3.6671644238261657e-13,8815,9.291712194681168e-05,0.14091045781970024,121618432,0.015913333278149366,0.14081754069775343,0.12454270804300904,0.00027354108169674873,0.10708970809355378,0.0027374173514544964,0.011604375205934048,0.12223283434286714,0.13517591590061784,0.1424966244958341,,,,,,,,,,,
c585ebffe5f4b2ee19e1,cosh-grid,12,100.0,knight-refinement,g1-p0.5,qp,6,,dark-vacuum,True,0.05685300283206064,-1.9602344473829976,0.9999999999999982,0.428359876135199,0.14328024772960202,-0.012438102191546221,0.5034878973729489,1.847320956394601e-12,118925,9.291712194681168e-05,2.241859834175557,345882624,0.016059416346251965,2.24176691705361,2.2256001667119563,0.0027032499201595783,1.929029167164117,0.05263158259913325,0.2411655830219388,2.221722957678139,2.228128250455484,2.2818030416965485,,,,,,,,,,,
c585ebffe5f4b2ee19e1,cosh-grid,12,100.0,knight-refinement,g1-p0.5,dmrg,,64,dark-vacuum,False,0.056852994156158757,-1.960234352118768,1.0000000000000004,0.4283598981334766,0.14328020373304684,-0.01243810280409196,0.5034820517948303,0.003552572755025577,0,9.291712194681168e-05,28.960062167141587,332709888,0.01676070922985673,28.95996925001964,28.943072917405516,,28.293288209009916,,0.43357287533581257,28.940411458257586,27.829339104471728,29.328813625033945,0.14162237476557493,,,,,,,,,,
c585ebffe5f4b2ee19e1,cosh-grid,12,100.0,knight-refinement,g1-p0.5,dmrg,,128,dark-vacuum,False,0.05685301050330504,-1.960234475025331,1.000000000000025,0.42835984892970225,0.1432803021405955,-0.012438119294059122,0.5034881558960097,0.00030161272274691173,0,9.291712194681168e-05,41.280841417144984,566018048,0.016492292284965515,41.28074850002304,41.263841750100255,,40.12618654081598,,0.8535776659846306,41.260979084298015,41.196437708335,41.34104372910224,0.12555945897474885,,,,,,,,,,
549fddca29a8d639b2ad,cosh-grid,16,100.0,knight-refinement,g1-p0.5,qp,4,,dark-vacuum,True,0.05683590441647815,-1.9601532758366993,0.9999999999999959,0.4284179001712081,0.14316419965758376,-0.012400234360133591,0.5021894958190796,8.756893750175856e-13,27609,0.0001065409742295742,0.4024451239965856,155303936,0.025593499653041363,0.40233858302235603,0.37756608333438635,0.0006840829737484455,0.3180554579012096,0.010160082951188087,0.04625162482261658,0.37416737526655197,0.39956122916191816,0.40625722892582417,,,,,,,,,,,
549fddca29a8d639b2ad,cosh-grid,16,100.0,knight-refinement,g1-p0.5,qp,6,,dark-vacuum,True,0.05685438379952859,-1.9602423366974007,0.9999999999999749,0.42835486712914195,0.1432902657417161,-0.012435355965689513,0.5034455340326444,3.5529511925448506e-12,694009,0.0001065409742295742,17.62097566574812,1179795456,0.025731333065778017,17.62086912477389,17.595930374693125,0.018329500220716,14.387682457920164,0.45519566582515836,2.72753645805642,17.589903666637838,16.810847291490063,19.132757999934256,,,,,,,,,,,
549fddca29a8d639b2ad,cosh-grid,16,100.0,knight-refinement,g1-p0.5,dmrg,,64,dark-vacuum,False,0.05685435870781502,-1.9602421615738173,1.0000000000001221,0.42835494054887235,0.1432901189022553,-0.012435331568714451,0.5034477866658312,0.004408742298544185,0,0.0001065409742295742,35.29410699894652,344096768,0.02474675001576543,35.29400045797229,35.26932845823467,,34.22251549968496,,0.7100087078288198,35.26559662492946,35.08598027052358,35.34244910418056,0.162322208750993,,,,,,,,,,
549fddca29a8d639b2ad,cosh-grid,16,100.0,knight-refinement,g1-p0.5,dmrg,,128,dark-vacuum,False,0.05685439118982223,-1.9602423629155041,0.9999999999999971,0.42835484097571846,0.14329031804856307,-0.012435372557557986,0.503445820106215,0.0004696965624108449,0,0.0001065409742295742,62.94190516602248,692207616,0.025237041991204023,62.94179862504825,62.91518749995157,,61.2528960830532,,1.4012154997326434,62.91064262529835,62.667990687536076,63.09001014591195,0.1536657502874732,,,,,,,,,,
f4411423c300b690a130,surrogate,12,100.0,knight-refinement,g1-p0.5,qp,4,,dark-vacuum,True,0.056835301625316886,-1.9524559410979714,0.9999999999999997,0.4284183416811954,0.14316331663760917,-0.012400537266761338,0.5021975974942118,2.849352672599635e-13,8815,0.17488583317026496,0.2877982910722494,110641152,0.014910792000591755,0.11291245790198445,0.0980016659013927,0.00027283327654004097,0.08226641686633229,0.002776749897748232,0.010627542156726122,0.09600700018927455,0.11241335375234485,0.11343281203880906,,,,,,,,,,,
f4411423c300b690a130,surrogate,12,100.0,knight-refinement,g1-p0.5,qp,6,,dark-vacuum,True,0.05685367755843796,-1.9525444539150951,1.000000000000002,0.42835565908364115,0.1432886818327177,-0.012435472607452662,0.5034470549001245,8.683863629576054e-13,118925,0.17488583317026496,1.856838958337903,375603200,0.014829458203166723,1.681953125167638,1.6669728332199156,0.002483832649886608,1.3948983331210911,0.04525237483903766,0.21061529172584414,1.6639377078972757,1.6747974168974906,1.683461187640205,,,,,,,,,,,
f4411423c300b690a130,surrogate,12,100.0,knight-refinement,g1-p0.5,dmrg,,64,dark-vacuum,False,0.056853670558582606,-1.9525443818371777,0.9999999999999998,0.42835567828176263,0.14328864343647474,-0.012435464915988039,0.503444184031007,0.003054693734552403,0,0.17488583317026496,20.625706248916686,341016576,0.014784166123718023,20.45082041574642,20.43612854089588,,19.87289195880294,,0.366970291826874,20.43355045793578,20.345999249489978,20.510611416539177,0.11043862532824278,,,,,,,,,,
f4411423c300b690a130,surrogate,12,100.0,knight-refinement,g1-p0.5,dmrg,,128,dark-vacuum,False,0.056853685087269464,-1.9525444812851405,0.9999999999983532,0.42835563248236475,0.1432887350352705,-0.012435489471091979,0.5034473652407803,0.0002404014769093579,0,0.17488583317026496,31.942775333300233,531529728,0.01479491638019681,31.767889500129968,31.75309458374977,,30.740977542009205,,0.8060742500238121,31.750348625238985,31.649602562654763,31.916367708472535,0.11647362494841218,,,,,,,,,,
3e666f8d64d7206ab376,surrogate,16,100.0,knight-refinement,g1-p0.5,qp,4,,dark-vacuum,True,0.05683581715386608,-1.9590359515226343,0.9999999999999992,0.428418090269564,0.14316381946087198,-0.012400337764333691,0.5021913572364696,7.177454411893467e-13,27609,2.1135801249183714,2.466711957938969,154927104,0.023743958212435246,0.3531318330205977,0.3294651252217591,0.0006449171341955662,0.2723600836470723,0.009597708005458117,0.04338645935058594,0.3261619168333709,0.3528140627313405,0.35368093755096197,,,,,,,,,,,
3e666f8d64d7206ab376,surrogate,16,100.0,knight-refinement,g1-p0.5,qp,6,,dark-vacuum,True,0.056854280614460385,-1.9591249281531098,0.999999999999988,0.4283551083179012,0.14328978336419762,-0.012435432576901804,0.5034464855193711,2.8705393441051644e-12,694009,2.1135801249183714,13.087408875115216,1146257408,0.023590500000864267,10.973828750196844,10.950291708111763,0.014779250137507915,8.801142709329724,0.3613864593207836,1.741702958010137,10.944876958150417,10.893024228978902,10.982879708521068,,,,,,,,,,,
3e666f8d64d7206ab376,surrogate,16,100.0,knight-refinement,g1-p0.5,dmrg,,64,dark-vacuum,False,0.05685426246197943,-1.9591248007604223,1.0000000000000002,0.42835515738035335,0.1432896852392933,-0.012435414415386689,0.5034487128395041,0.003848064380298942,0,2.1135801249183714,31.48586337501183,345866240,0.023577332962304354,29.37228325009346,29.348705917131156,,28.42210333282128,,0.6690819589421153,29.344564917031676,29.303725687554106,29.52637152094394,0.1438842499628663,,,,,,,,,,
3e666f8d64d7206ab376,surrogate,16,100.0,knight-refinement,g1-p0.5,dmrg,,128,dark-vacuum,False,0.05685428805050803,-1.9591249549009742,1.0000000000000095,0.42835508190850624,0.14328983618298752,-0.012435449340615617,0.5034468354713995,0.0003902867861221348,0,2.1135801249183714,58.59978437470272,710508544,0.024772209115326405,56.48620424978435,56.46174087515101,,54.72487183427438,,1.493014625273645,56.456701166927814,56.27367331227288,56.86831304198131,0.15410483302548528,,,,,,,,,,
ef1a2cec9b8f0a611f0f,cosh-grid,2,10.0,spectrum,g0.5,qp,,,none,True,0.01213983982963533,-0.23630076542479386,0.9999999999999998,0.48579636221707473,0.028407275565850543,,,9.649984430573125e-15,20,5.191611126065254e-05,0.0032117082737386227,81952768,0.000888375099748373,0.00315979216247797,0.002271417062729597,3.524869680404663e-05,0.001536292489618063,0.00014516711235046387,0.00010349974036216736,0.0018738335929811,0.0031108539551496506,0.00316272908821702,,0.05482441845534448,1.4494126430695702,0.9999999999999998,5.401028952724286e-16,-1.6857134084943641,,,,,
1b20c1359794dd974817,cosh-grid,4,10.0,spectrum,g0.5,qp,,,none,True,0.01176183661454853,-0.2706820842396969,0.9999999999999994,0.48708269256989706,0.025834614860205884,,,1.7520714881674365e-14,252,6.720796227455139e-05,0.006990415975451469,80314368,0.0012781661935150623,0.006923208013176918,0.005645041819661856,9.504193440079689e-05,0.004093625117093325,0.00041070766746997833,0.00037008244544267654,0.0050860000774264336,0.006859333487227559,0.007042208686470985,,0.028357450956875363,0.6997302099074383,0.9999999999999999,8.827140437150246e-15,-0.9704122941471351,,,,,
e386939b991078e0f8ba,cosh-grid,6,10.0,spectrum,g0.5,qp,,,none,True,0.011753758924099595,-0.2695386107645376,1.0,0.4869532618518497,0.026093476296300655,,,3.101930722920398e-14,3432,7.133278995752335e-05,0.04804649902507663,99418112,0.0018103751353919506,0.047975166235119104,0.046171583235263824,0.0003586672246456146,0.034119708463549614,0.005201999098062515,0.005462083965539932,0.04534408450126648,0.04791616671718657,0.04816389549523592,,0.02321421757718956,0.6451769911563251,1.0,-1.6653345367541094e-16,-0.9147156019208627,,,,,
7197041c673afd2ce476,cosh-grid,8,10.0,spectrum,g0.5,qp,,,none,True,0.011758436491793681,-0.2695719700467001,0.9999999999999988,0.48695807870828733,0.026083842583425332,,,1.2838326193124274e-13,48620,8.27917829155922e-05,0.8735445011407137,319602688,0.0022490001283586025,0.8734617093577981,0.8710866249166429,0.002649292815476656,0.6889563747681677,0.08955695852637291,0.08923550043255091,0.8693061675876379,0.8709429381415248,0.878494709264487,,0.021678713132127516,0.6454821068319964,0.9999999999999964,-2.8907432003677513e-14,-0.9150540768786964,,,,,
0cac2ffaa5efee12d0b7,cosh-grid,10,10.0,spectrum,g0.5,qp,,,none,True,0.011758016600995704,-0.26957203167468097,0.999999999999994,0.48695859013301523,0.02608281973396953,,,5.264876499087389e-13,705432,8.954200893640518e-05,16.830449166707695,1737129984,0.0026735826395452023,16.830359624698758,16.827686042059213,0.0327118756249547,13.170593917369843,1.9131676657125354,1.7001304998993874,16.819142417050898,16.815378541359678,17.03718449990265,,0.021468030221539317,0.6489715612673079,0.9999999999999841,-1.9675233664528946e-14,-0.918543592941989,,,,,
7f84769c6d5e38135811,surrogate,2,10.0,spectrum,g0.5,qp,,,none,True,0.007850247863610415,-0.14215826187951353,1.0000000000000004,0.4909307983967781,0.018138403206443776,,,4.782907739536876e-15,20,0.0052537089213728905,0.008871791884303093,85622784,0.0010438747704029083,0.0036180829629302025,0.002574208192527294,4.183454439043999e-05,0.001709500327706337,0.0001916671171784401,0.00012279115617275238,0.002136250026524067,0.0034945416264235973,0.003646520432084799,,0.034911642289637286,1.0906771096033674,1.0000000000000002,1.391855111214685e-15,-1.232835371482881,,,,,
0e89b46d223723f271af,surrogate,4,10.0,spectrum,g0.5,qp,,,none,True,0.011525798061156502,-0.250536985893869,0.9999999999999991,0.487184450026472,0.025631099947056035,,,1.2918763997230773e-14,252,0.012852916028350592,0.02011287398636341,83607552,0.0013494999147951603,0.007259957958012819,0.005882082972675562,0.00011483300477266312,0.004178125876933336,0.0004360415041446686,0.00038354191929101944,0.0052770827896893024,0.007183562498539686,0.007260874379426241,,0.027867244169917968,0.7560682478649104,0.9999999999999993,3.646822462528687e-15,-1.0066052337587794,,,,,
97655a34bdb6f4801fe0,surrogate,6,10.0,spectrum,g0.5,qp,,,none,True,0.011749970923099269,-0.2677944262470106,1.0000000000000002,0.4869664326488008,0.02606713470239841,,,4.145410991552584e-14,3432,0.02299270872026682,0.06565687479451299,92536832,0.001733291894197464,0.04266416607424617,0.04092499986290932,0.0003209579735994339,0.029692125972360373,0.004860416520386934,0.005145582836121321,0.04013608302921057,0.04262666590511799,0.04282602039165795,,0.024979133397461162,0.6848621089322662,1.0000000000000013,-1.2739809207555821e-14,-0.9526565351792768,,,,,
5cdd8fd87638223a88af,surrogate,8,10.0,spectrum,g0.5,qp,,,none,True,0.011757724562944619,-0.26942577215136193,0.9999999999999951,0.4869588187963862,0.02608236240722761,,,3.066557782627816e-13,48620,0.11054395791143179,0.9381713327020407,346816512,0.0022317501716315746,0.8276273747906089,0.8253260836936533,0.002362499013543129,0.6441027093678713,0.09064116608351469,0.08558350009843707,0.8231529165059328,0.8133511459454894,0.8449410414323211,,0.023555059843530023,0.6644261872672771,0.9999999999999988,-1.3475331961387838e-14,-0.933851959418639,,,,,
ec7f6b150f649684fe3d,surrogate,10,10.0,spectrum,g0.5,qp,,,none,True,0.011758021990995505,-0.26956049616075667,1.0000000000000024,0.48695852480322643,0.026082950393547133,,,6.322366400005482e-13,705432,0.6220549582503736,16.520016917027533,1756282880,0.0026932498440146446,15.89796195877716,15.895268708933145,0.03234320832416415,12.23448820784688,1.947045790962875,1.7053081672638655,15.88669570768252,15.884677459020168,16.04717320855707,,0.022789282452191695,0.6566191698497293,0.9999999999999807,7.114968336718874e-15,-0.926179666010486,,,,,
fc8972b596bf21fc94d8,linear-gl,2,10.0,spectrum,g0.5,qp,,,none,True,0.00895901356922879,-0.24102863663140983,1.0000000000000004,0.4906406990022451,0.018718601995509787,,,9.265790152889915e-15,20,4.045804962515831e-05,0.0031364159658551216,82575360,0.0008715000003576279,0.0030959579162299633,0.0022244579158723354,3.4040771424770355e-05,0.001512706745415926,0.0001388750970363617,0.0001027919352054596,0.0018401667475700378,0.0030728119891136885,0.0031374164391309023,,0.14174173671269602,4.335204288489206,0.999999999999998,-7.004019731351138e-16,-4.576232925120616,,,,,
1d16033e80a0755671d1,linear-gl,4,10.0,spectrum,g0.5,qp,,,none,True,0.010828022039595868,-0.2614728400862667,1.0000000000000002,0.4883202213772503,0.02335955724549943,,,2.955352440516135e-14,252,4.141731187701225e-05,0.006785417441278696,81149952,0.0012732502073049545,0.006744000129401684,0.00545537518337369,9.44589264690876e-05,0.003949916921555996,0.0003870846703648567,0.0003593745641410351,0.004913540557026863,0.00669866637326777,0.006817562505602837,,0.06593508157380204,2.6064717593464977,0.9999999999999989,-2.1684052288637525e-18,-2.8679445994327644,,,,,
982ca6fc1f2583884c24,linear-gl,6,10.0,spectrum,g0.5,qp,,,none,True,0.011416886530930124,-0.26684258226568586,0.9999999999999992,0.4874533681505929,0.02509326369881415,,,1.3725669543646115e-13,3432,4.570884630084038e-05,0.03702533384785056,86540288,0.00170179083943367,0.03697962500154972,0.03529129130765796,0.00030904123559594154,0.023882582783699036,0.0048519582487642765,0.005232208874076605,0.03452133294194937,0.03695691633038223,0.037179771112278104,,0.047921599792441386,1.8328957659586247,0.9999999999999976,1.5681900222830336e-15,-2.0997383482243106,,,,,
905b040555a9771e8b88,linear-gl,8,10.0,spectrum,g0.5,qp,,,none,True,0.011636576480801332,-0.2686803798752312,1.0000000000000024,0.4870914480980688,0.025817103803862373,,,2.6070651058878356e-13,48620,4.329206421971321e-05,0.7031150422990322,244318208,0.002161541022360325,0.7030717502348125,0.7009102092124522,0.0024246666580438614,0.5255694170482457,0.08562433300539851,0.08535933308303356,0.6989992493763566,0.7017471459694207,0.7036259165033698,,0.04032760075880214,1.4256179413700436,1.0000000000000022,2.8629876247521224e-14,-1.6942983212452747,,,,,
dea852bf7a83d83d7f41,linear-gl,10,10.0,spectrum,g0.5,qp,,,none,True,0.01172228483940084,-0.2693530771628598,0.9999999999999983,0.4869463083823078,0.026107383235384418,,,9.84284332624265e-13,705432,4.574982449412346e-05,13.611782999709249,1699512320,0.002672709058970213,13.611737249884754,13.60910795815289,0.03275662427768111,9.898698958102614,1.9301395411603153,1.699621125124395,13.600583042018116,13.58494735439308,13.656631874851882,,0.03609325392342339,1.185766501162962,0.9999999999999899,6.599538623919266e-16,-1.4551195783258217,,,,,
ef1a2cec9b8f0a611f0f,cosh-grid,2,10.0,spectrum,g2,qp,,,none,True,0.054384647265564065,-1.0558598744648862,1.0000000000000002,0.40919683515999083,0.18160632968001833,,,7.341986204757908e-15,20,5.191611126065254e-05,0.003190999384969473,83345408,0.0008761659264564514,0.0031390832737088203,0.002262917347252369,3.454182296991348e-05,0.0015300004743039608,0.00014754151925444603,0.00010354164987802505,0.0018677078187465668,0.003105604089796543,0.003144958522170782,,0.11758068451125808,-0.5770608328702347,0.9999999999999997,-2.681474986407886e-16,-0.4787990415946515,,,,,
1b20c1359794dd974817,cosh-grid,4,10.0,spectrum,g2,qp,,,none,True,0.049197004558034295,-1.1494830985855986,1.0000000000000002,0.4299101966087119,0.14017960678257624,,,8.27038795989578e-15,252,6.720796227455139e-05,0.007298625074326992,83165184,0.0012811659835278988,0.007231417112052441,0.005949709098786116,9.474996477365494e-05,0.004408250097185373,0.0003964169882237911,0.00036391615867614746,0.005374625325202942,0.007193063152953982,0.0072401040233671665,,0.09617676418779823,-0.883878078542879,0.9999999999999997,6.071475146389236e-17,-0.2656050200427196,,,,,
e386939b991078e0f8ba,cosh-grid,6,10.0,spectrum,g2,qp,,,none,True,0.04980355551143789,-1.1509404821897113,1.0000000000000002,0.42721388980294533,0.14557222039410933,,,3.9214075050316826e-14,3432,7.133278995752335e-05,0.04313687374815345,91619328,0.0016826670616865158,0.043065540958195925,0.041358415968716145,0.0003137909807264805,0.029816208872944117,0.004935374949127436,0.005295040551573038,0.04058074997738004,0.04299908294342458,0.043158270651474595,,0.09635558467246584,-0.8593477828459601,0.9999999999999971,1.5265721232220373e-16,-0.2915926993437512,,,,,
7197041c673afd2ce476,cosh-grid,8,10.0,spectrum,g2,qp,,,none,True,0.04980751636086185,-1.1508019377309044,0.9999999999999996,0.42713877426344304,0.1457224514731139,,,1.955707604888346e-13,48620,8.27917829155922e-05,0.8044186248444021,279625728,0.002173040993511677,0.8043358330614865,0.8020461658015847,0.002530124969780445,0.6239476664923131,0.08775833388790488,0.085550082847476,0.7998804990202188,0.8041743540670723,0.8048537080176175,,0.09693313482255447,-0.8573350136060333,0.9999999999999959,-1.915134717478395e-15,-0.2934669241248712,,,,,
0cac2ffaa5efee12d0b7,cosh-grid,10,10.0,spectrum,g2,qp,,,none,True,0.04979898028213395,-1.1507765618720616,0.9999999999999802,0.42719455630314207,0.14561088739371586,,,6.269319413132474e-13,705432,8.954200893640518e-05,15.222352375742048,1717108736,0.002639124635607004,15.222262833733112,15.219623709097505,0.034770207945257425,11.539729208219796,1.9306959160603583,1.705667917151004,15.211463583167642,15.175229062326252,15.41781814652495,,0.09688066147985087,-0.8579044332940687,0.9999999999999827,-7.424616477180735e-16,-0.29287212857799283,,,,,
7f84769c6d5e38135811,surrogate,2,10.0,spectrum,g2,qp,,,none,True,0.03565702866271064,-0.6221053296636686,0.9999999999999996,0.4395941548939962,0.12081169021200755,,,3.898208056241555e-15,20,0.0052537089213728905,0.008475667331367731,83017728,0.0009028753265738487,0.0032219584099948406,0.002319083083420992,3.649899736046791e-05,0.0015604998916387558,0.00015120813623070717,0.00010695913806557655,0.001906832680106163,0.003156354185193777,0.003359396243467927,,0.08957418831508876,-0.28575347237979964,0.9999999999999994,-2.2346255254021827e-16,-0.33635185728386896,,,,,
0e89b46d223723f271af,surrogate,4,10.0,spectrum,g2,qp,,,none,True,0.048991171430108844,-1.0751462887285692,1.0000000000000024,0.4278181627060649,0.14436367458787025,,,6.510257739302616e-13,252,0.012852916028350592,0.01972641609609127,83116032,0.0013086250983178616,0.006873500067740679,0.005564874969422817,9.516673162579536e-05,0.0040064165368676186,0.00040241749957203865,0.0003675827756524086,0.004985665902495384,0.006820458685979247,0.007030958076938987,,0.09693059560630711,-0.7793302505817319,0.9999999999999998,-2.879629965932779e-16,-0.2958160381468373,,,,,
97655a34bdb6f4801fe0,surrogate,6,10.0,spectrum,g2,qp,,,none,True,0.049767897891175125,-1.143711604617155,1.0000000000000016,0.4272159365063456,0.1455681269873088,,,3.651562155936839e-13,3432,0.02299270872026682,0.06336675072088838,102219776,0.0017560836859047413,0.04037404200062156,0.03865449968725443,0.00031975144520401955,0.026823875028640032,0.004985834006220102,0.0052055842243134975,0.03767962520942092,0.04031785437837243,0.04046347946859896,,0.09695810377868365,-0.8505232016748998,1.000000000000001,2.85882568216264e-15,-0.2931884029422551,,,,,
5cdd8fd87638223a88af,surrogate,8,10.0,spectrum,g2,qp,,,none,True,0.049798417545339146,-1.1501969482085483,0.9999999999999987,0.4271912224604519,0.14561755507909624,,,2.319352009013828e-13,48620,0.11054395791143179,0.8626616238616407,307331072,0.002175167202949524,0.7521176659502089,0.7498487499542534,0.002314124722033739,0.5728115830570459,0.08668770734220743,0.08470500027760863,0.7480882909148932,0.7486727915238589,0.7524120830930769,,0.09688255841876134,-0.8572925294769123,0.999999999999994,1.0685896612017132e-15,-0.2929044187316361,,,,,
ec7f6b150f649684fe3d,surrogate,10,10.0,spectrum,g2,qp,,,none,True,0.04979967742467294,-1.1507342270792322,0.9999999999999791,0.4271900802453682,0.1456198395092636,,,6.432429053761389e-13,705432,0.6220549582503736,14.883835623972118,1725202432,0.002724417019635439,14.261780665721744,14.259135040920228,0.03324012365192175,10.641332083381712,1.882968083024025,1.7027830835431814,14.25042379181832,14.253884353907779,14.379038916435093,,0.09686872351930925,-0.8578635304812546,0.9999999999999691,1.2281842209915794e-15,-0.2928706965979776,,,,,
fc8972b596bf21fc94d8,linear-gl,2,10.0,spectrum,g2,qp,,,none,True,0.035861733284486066,-0.9947754786468183,0.9999999999999999,0.45792920947338783,0.08414158105322433,,,1.1597223884218524e-14,20,4.045804962515831e-05,0.003308457788079977,80183296,0.0009020841680467129,0.0032679997384548187,0.002373166847974062,3.7665944546461105e-05,0.0016428753733634949,0.00015120813623070717,0.00010508252307772636,0.001980667468160391,0.0032658125273883343,0.0033427707385271788,,0.1784750061162931,1.9317646112186924,1.0000000000000004,-3.478172936457423e-16,-2.9265400898655107,,,,,
1d16033e80a0755671d1,linear-gl,4,10.0,spectrum,g2,qp,,,none,True,0.04475142200203023,-1.1038658215476107,1.000000000000001,0.44152808550835176,0.11694382898329647,,,2.0764598404375152e-14,252,4.141731187701225e-05,0.007038750220090151,84049920,0.0013126661069691181,0.006997332908213139,0.0056846668012440205,9.833276271820068e-05,0.004099040757864714,0.0004132497124373913,0.00037233438342809677,0.005104375071823597,0.006975437514483929,0.007032895926386118,,0.1325448459403258,0.477649903262328,0.9999999999999983,9.237412336399142e-17,-1.5815157248099387,,,,,
982ca6fc1f2583884c24,linear-gl,6,10.0,spectrum,g2,qp,,,none,True,0.04813688280263073,-1.138345333332036,0.9999999999999991,0.43289657737317555,0.1342068452536489,,,6.6453458039936e-14,3432,4.570884630084038e-05,0.036701043136417866,88489984,0.0017116251401603222,0.036655334290117025,0.03496320778504014,0.00030975136905908585,0.023683208040893078,0.004863542504608631,0.005142292007803917,0.03424341697245836,0.036648563109338284,0.03680354217067361,,0.11749313059953212,-0.11651212116409239,0.9999999999999984,4.440892098525737e-16,-1.0218332121679434,,,,,
905b040555a9771e8b88,linear-gl,8,10.0,spectrum,g2,qp,,,none,True,0.04955301815289341,-1.1509052245312748,0.9999999999999946,0.428355823366625,0.14328835326675005,,,2.5555658035683433e-13,48620,4.329206421971321e-05,0.714421333745122,315113472,0.002238625194877386,0.7143780416809022,0.712250541895628,0.0023265830241143703,0.5300084594637156,0.08832716569304466,0.08617641590535641,0.7097433339804411,0.7081461041234434,0.7187314163893461,,0.11032711926163939,-0.4146445581880149,0.999999999999992,-2.373101715136272e-15,-0.7362606663432598,,,,,
dea852bf7a83d83d7f41,linear-gl,10,10.0,spectrum,g2,qp,,,none,True,0.050107497541856734,-1.1550126776324756,0.9999999999999895,0.42620629701814094,0.1475874059637181,,,1.5762533654976688e-12,705432,4.574982449412346e-05,13.027424708008766,1725431808,0.0026753339916467667,13.027378958184272,13.024683291092515,0.03416991652920842,9.227110791020095,1.9603458340279758,1.7417958341538906,13.015978583600372,12.983406791696325,13.093307458562776,,0.10619480729209832,-0.5813293493339063,0.999999999999973,-5.054116847258427e-15,-0.5736833282985693,,,,,
ef1a2cec9b8f0a611f0f,cosh-grid,2,10.0,spectrum,g3,qp,,,none,True,0.08317144872056378,-1.6870341221462772,0.9999999999999997,0.33962628633068515,0.3207474273386297,,,4.782107521267668e-15,20,5.191611126065254e-05,0.0031820829026401043,80052224,0.000888667069375515,0.0031301667913794518,0.0022414997220039368,3.429083153605461e-05,0.0015291250310838223,0.00014516664668917656,0.00010041659697890282,0.001858999952673912,0.003107666503638029,0.0031667083967477083,,0.13646133987166895,-1.655594063286073,1.0000000000000002,6.242113859327286e-18,-0.03144005886020418,,,,,
1b20c1359794dd974817,cosh-grid,4,10.0,spectrum,g3,qp,,,none,True,0.07501157514678346,-1.7903673785231045,1.0,0.37493604897233623,0.25012790205532753,,,1.1530416013562993e-14,252,6.720796227455139e-05,0.007208541035652161,80805888,0.001265041995793581,0.007141333073377609,0.005861042067408562,9.391689673066139e-05,0.004364999011158943,0.0003920416347682476,0.00035783369094133377,0.005312624853104353,0.007129083387553692,0.007285854080691934,,0.12361987289801506,-1.9004262672960452,1.0000000000000009,4.163686073298123e-17,0.11005888877294079,,,,,
e386939b991078e0f8ba,cosh-grid,6,10.0,spectrum,g3,qp,,,none,True,0.07584138265256951,-1.797288945906413,0.9999999999999989,0.3719126706680709,0.25617465866385825,,,1.1720984146534868e-13,3432,7.133278995752335e-05,0.03953758301213384,86228992,0.0016942089423537254,0.03946625022217631,0.037793292198330164,0.00030675018206238747,0.026492998469620943,0.004873249214142561,0.005135708022862673,0.037045542150735855,0.03941360465250909,0.03955445881001651,,0.12481187386098719,-1.8808502043595425,0.9999999999999982,9.29828917145443e-16,0.08356125845312956,,,,,
7197041c673afd2ce476,cosh-grid,8,10.0,spectrum,g3,qp,,,none,True,0.07599812441391576,-1.7975136724129692,0.9999999999999957,0.3708561808324754,0.2582876383350492,,,2.6426955788554634e-13,48620,8.27917829155922e-05,0.7558742500841618,327548928,0.002222999930381775,0.7557914583012462,0.7535684583708644,0.002416999079287052,0.5747827077284455,0.088513792026788,0.08707224950194359,0.7515723337419331,0.7519331462681293,0.7679792086128145,,0.12492892616409561,-1.8812329053206411,0.9999999999999952,-2.498001805406602e-16,0.08371923290767191,,,,,
0cac2ffaa5efee12d0b7,cosh-grid,10,10.0,spectrum,g3,qp,,,none,True,0.07596457844024482,-1.7973401935547515,0.9999999999999775,0.3710534475285626,0.25789310494287476,,,1.6426960499403689e-12,705432,8.954200893640518e-05,13.575967042241246,1742684160,0.002702374942600727,13.575877500232309,13.573175125289708,0.03251150017604232,9.848368875216693,1.9537850841879845,1.7140224175527692,13.563481790944934,13.557330270763487,13.587720666546375,,0.12489131491672725,-1.8814128987714105,0.99999999999997,7.636252741249905e-15,0.084072705216659,,,,,
7f84769c6d5e38135811,surrogate,2,10.0,spectrum,g3,qp,,,none,True,0.05780655005687555,-0.9974517941683324,1.0000000000000007,0.38154018608618384,0.23691962782763232,,,7.573423638027138e-15,20,0.0052537089213728905,0.008510501123964787,81117184,0.0008973749354481697,0.003256792202591896,0.0023594172671437263,3.6040786653757095e-05,0.0015961253084242344,0.0001494172029197216,0.00010683294385671616,0.0019393740221858025,0.0031728961039334536,0.003407708602026105,,0.10926621817233348,-1.0515977896388895,1.0000000000000004,5.772135506683869e-17,0.054145995470557096,,,,,
0e89b46d223723f271af,surrogate,4,10.0,spectrum,g3,qp,,,none,True,0.07500643747819219,-1.6847657765118886,1.0000000000000038,0.37080759252960677,0.25838481494078647,,,7.084441646216796e-13,252,0.012852916028350592,0.019683666061609983,82313216,0.0012824996374547482,0.006830750033259392,0.005548250395804644,9.362539276480675e-05,0.004026167094707489,0.0003904998302459717,0.00036116689443588257,0.004976833239197731,0.006810229038819671,0.007007166976109147,,0.12396220238295634,-1.768093827598875,0.9999999999999996,7.632734259994335e-17,0.08332805108698627,,,,,
97655a34bdb6f4801fe0,surrogate,6,10.0,spectrum,g3,qp,,,none,True,0.07593402675670989,-1.786820012067319,0.9999999999999998,0.3709787470317495,0.258042505936501,,,2.5962297074074295e-14,3432,0.02299270872026682,0.06534100044518709,102809600,0.0018634581938385963,0.04234829172492027,0.04037833260372281,0.000348750501871109,0.027963832952082157,0.005344500299543142,0.005376291926950216,0.0395189574919641,0.0420432707760483,0.04235972883179784,,0.12485464248473069,-1.8708492727824904,0.9999999999999986,-1.3862007852911552e-17,0.08402926071517136,,,,,
5cdd8fd87638223a88af,surrogate,8,10.0,spectrum,g3,qp,,,none,True,0.0759638238032734,-1.7964794836557338,1.0000000000000004,0.3710493708743843,0.25790125825123145,,,2.0702483273390368e-13,48620,0.11054395791143179,0.8565278328023851,255541248,0.0021724579855799675,0.7459838748909533,0.7437955420464277,0.0024816240184009075,0.5672870427370071,0.0859393747523427,0.08565733442083001,0.7422843342646956,0.7438522079028189,0.7483337086159736,,0.12489139575994591,-1.880524986094292,0.9999999999999946,-3.0531133177191805e-16,0.08404550243855824,,,,,
ec7f6b150f649684fe3d,surrogate,10,10.0,spectrum,g3,qp,,,none,True,0.07596432042966998,-1.7972812055892864,0.9999999999999688,0.3710578271809518,0.25788434563809637,,,1.0793171396878045e-12,705432,0.6220549582503736,14.214579000137746,1705984000,0.002699791919440031,13.592524041887373,13.589835541788489,0.03998529212549329,9.884479000233114,1.9840517910197377,1.6981847085990012,13.581541041843593,13.549080124823377,13.630773437442258,,0.12489287755976627,-1.8813277693945452,0.9999999999999514,-5.435929484320923e-14,0.08404656380525877,,,,,
fc8972b596bf21fc94d8,linear-gl,2,10.0,spectrum,g3,qp,,,none,True,0.05323168525455449,-1.5189645077352785,1.0000000000000002,0.4333321619306495,0.133335676138701,,,1.2848052802514427e-14,20,4.045804962515831e-05,0.0033089579083025455,84770816,0.0008987910114228725,0.0032684998586773872,0.0023702909238636494,3.72081995010376e-05,0.001627833116799593,0.0001487499102950096,0.00011141737923026085,0.0019728341139853,0.0032639787532389164,0.003341520903632045,,0.18579366917567772,0.7502375183604852,1.0000000000000016,-2.9817675434078704e-16,-2.2692020260957637,,,,,
1d16033e80a0755671d1,linear-gl,4,10.0,spectrum,g3,qp,,,none,True,0.06706493908848263,-1.7073326345110589,1.0000000000000004,0.40324532896603404,0.1935093420679319,,,3.729939653508095e-13,252,4.141731187701225e-05,0.006839042063802481,84377600,0.001321708783507347,0.0067976247519254684,0.0054413327015936375,0.00010020891204476357,0.003817708697170019,0.0004444168880581856,0.0003869161009788513,0.00486962404102087,0.006567333359271288,0.006934604374691844,,0.15067461906425778,-0.6703376979035861,0.999999999999998,-7.026097804682522e-17,-1.0369949366074729,,,,,
982ca6fc1f2583884c24,linear-gl,6,10.0,spectrum,g3,qp,,,none,True,0.07273389403824596,-1.772595158325325,0.9999999999999988,0.3857876379736054,0.22842472405278924,,,5.525545175095984e-14,3432,4.570884630084038e-05,0.037817333824932575,93749248,0.0017520412802696228,0.037771624978631735,0.03589204093441367,0.00031966716051101685,0.02430358435958624,0.004887541756033897,0.005164207890629768,0.03497891640290618,0.037545145489275455,0.0377726664301008,,0.13920057882222994,-1.2271753879633711,0.9999999999999988,6.106226635891399e-16,-0.5454197703619539,,,,,
905b040555a9771e8b88,linear-gl,8,10.0,spectrum,g3,qp,,,none,True,0.07532952904566928,-1.7983100796055336,1.0000000000000004,0.37563985597556837,0.24872028804886326,,,2.313282836186249e-13,48620,4.329206421971321e-05,0.6520300828851759,316145664,0.002260249573737383,0.6519867908209562,0.6497265412472188,0.0026606260798871517,0.4724935828708112,0.08635229105129838,0.08581370767205954,0.6474209581501782,0.6513973118271679,0.6636624992825091,,0.1338122868781358,-1.5002122965974733,0.9999999999999962,3.4139358007223564e-15,-0.2980977830080602,,,,,
dea852bf7a83d83d7f41,linear-gl,10,10.0,spectrum,g3,qp,,,none,True,0.07648585582867692,-1.8075310197436494,0.9999999999999891,0.37014116847780854,0.25971766304438293,,,1.065800414914581e-12,705432,4.574982449412346e-05,12.804873832967132,1710325760,0.0026825000531971455,12.804828083142638,12.802136375103146,0.03268041694536805,9.102726290933788,1.9716566251590848,1.719038417097181,12.793947041966021,12.777174208080396,12.937356041744351,,0.13078231015593872,-1.649742204502707,0.9999999999999718,1.2524703496552547e-15,-0.15778881524094235,,,,,
ef1a2cec9b8f0a611f0f,cosh-grid,2,10.0,spectrum,g10,qp,,,none,True,0.17276170377262903,-6.261538079590706,1.0000000000000002,0.09330637581890745,0.8133872483621851,,,1.5407169775187058e-14,20,5.191611126065254e-05,0.0032416661269962788,82755584,0.0008750413544476032,0.0031897500157356262,0.002322500105947256,3.437558189034462e-05,0.0015894579701125622,0.00015970831736922264,0.000106041319668293,0.0019263336434960365,0.0031837080605328083,0.0032968330197036266,,0.18283125021494898,-7.0411724352347225,1.0000000000000002,-1.1476433721653316e-16,0.7796343556440162,,,,,
1b20c1359794dd974817,cosh-grid,4,10.0,spectrum,g10,qp,,,none,True,0.17957503315476717,-6.745273530537049,1.0000000000000016,0.0608768977937894,0.8782462044124212,,,5.9256655660267265e-12,252,6.720796227455139e-05,0.0070550828240811825,82853888,0.001280750147998333,0.006987874861806631,0.005707124713808298,9.674998000264168e-05,0.004105542786419392,0.0004092510789632797,0.00038499990478157997,0.005110916681587696,0.006850916426628828,0.007190958363935351,,0.18609786159290587,-7.632652338820404,1.000000000000054,-1.7882468604998807e-13,0.8873788082833549,,,,,
e386939b991078e0f8ba,cosh-grid,6,10.0,spectrum,g10,qp,,,none,True,0.17901516155522024,-6.7070820677399015,1.0000000000000018,0.06279640067371182,0.8744071986525763,,,7.36968237471868e-12,3432,7.133278995752335e-05,0.038827499840408564,93339648,0.0018044579774141312,0.03875616705045104,0.0368586671538651,0.0003260425291955471,0.024741250090301037,0.005254750140011311,0.005400791764259338,0.03603450022637844,0.038660500198602676,0.0388844374101609,,0.18584254188996532,-7.618180730622955,0.9999999999999738,-1.43326216131323e-14,0.9110986628830533,,,,,
7197041c673afd2ce476,cosh-grid,8,10.0,spectrum,g10,qp,,,none,True,0.17805146021145554,-6.708355054265168,0.9999999999999981,0.07182061697179112,0.8563587660564178,,,1.6199166361427559e-12,48620,8.27917829155922e-05,0.7569995834492147,371867648,0.0022116247564554214,0.7569167916662991,0.7547051669098437,0.002451833803206682,0.5741572491824627,0.08894333429634571,0.08752937521785498,0.7522119162604213,0.755555666750297,0.7738191247917712,,0.18585347835555946,-7.618601185463422,1.0000000000000067,6.938893903907231e-16,0.9102461311982539,,,,,
0cac2ffaa5efee12d0b7,cosh-grid,10,10.0,spectrum,g10,qp,,,none,True,0.17797932043768955,-6.712216479447585,0.999999999999956,0.07255825659039347,0.854883486819213,,,8.996823200023929e-13,705432,8.954200893640518e-05,14.261969876009971,1690615808,0.0026436252519488335,14.261880334001034,14.259132292121649,0.0333262924104929,10.518438333645463,1.9507063757628202,1.719580290839076,14.25084566604346,14.19517435436137,14.268568938132375,,0.18585355176047963,-7.618601814646328,0.9999999999999556,-9.402201239794296e-16,0.9063853351987428,,,,,
7f84769c6d5e38135811,surrogate,2,10.0,spectrum,g10,qp,,,none,True,0.15361102632478021,-4.16667496378374,0.9999999999999998,0.08920452436758049,0.821590951264839,,,1.2884537607003635e-14,20,0.0052537089213728905,0.008616833947598934,84459520,0.0009180409833788872,0.0033631250262260437,0.0024464172311127186,3.837514668703079e-05,0.0016609164886176586,0.00015891576185822487,0.00011095870286226273,0.0020216256380081177,0.003359687514603138,0.0034132294822484255,,0.1631319292927945,-4.992771424221066,0.9999999999999989,6.738869597134877e-17,0.8260964604373253,,,,,
0e89b46d223723f271af,surrogate,4,10.0,spectrum,g10,qp,,,none,True,0.176625595214078,-6.381316734475124,1.000000000000001,0.0682288365809233,0.8635423268381535,,,2.244753317509954e-12,252,0.012852916028350592,0.019980499055236578,83329024,0.0013108751736581326,0.007127583026885986,0.005762665998190641,0.00010066572576761246,0.004145207814872265,0.0004236656241118908,0.00037404242902994156,0.005160083528608084,0.007073020562529564,0.007163687376305461,,0.18396444356010774,-7.252502416554583,0.9999999999999984,5.133738727606435e-14,0.8711856820794583,,,,,
97655a34bdb6f4801fe0,surrogate,6,10.0,spectrum,g10,qp,,,none,True,0.1786753938518496,-6.6954876594904125,0.9999999999999993,0.0654143012322828,0.8691713975354344,,,1.688989214028986e-12,3432,0.02299270872026682,0.05972545873373747,93847552,0.0017196671105921268,0.03673275001347065,0.03504966711625457,0.00031012482941150665,0.023718290962278843,0.004872999619692564,0.005162958987057209,0.034250457771122456,0.03673183359205723,0.03681272896938026,,0.18574073594329807,-7.58406664906565,0.9999999999999906,-2.0425219214749617e-14,0.8885789895752376,,,,,
5cdd8fd87638223a88af,surrogate,8,10.0,spectrum,g10,qp,,,none,True,0.17872414942000778,-6.718653504703853,0.9999999999999963,0.06580085942027655,0.8683982811594468,,,1.657862520954956e-13,48620,0.11054395791143179,0.8720555831678212,292356096,0.002159290947020054,0.7615116252563894,0.7593565830029547,0.0024229581467807293,0.5755691244266927,0.08978745946660638,0.0871435422450304,0.7573683331720531,0.7518068749923259,0.7632350625935942,,0.1858475343776926,-7.615729057752988,0.9999999999999973,3.191891195797325e-16,0.8970755530491354,,,,,
ec7f6b150f649684fe3d,surrogate,10,10.0,spectrum,g10,qp,,,none,True,0.17858554307914404,-6.716998185340169,0.9999999999999558,0.06705728903096492,0.8658854219380702,,,9.986804778750973e-13,705432,0.6220549582503736,14.04366337414831,1692041216,0.002668333239853382,13.421608415897936,13.418940082658082,0.033627291675657034,9.754272499121726,1.9534863750450313,1.6947677917778492,13.410409333184361,13.41986733302474,13.53681758302264,,0.18585322073625268,-7.618374335821893,0.9999999999999692,-2.8935187579293146e-15,0.9013761504817239,,,,,
fc8972b596bf21fc94d8,linear-gl,2,10.0,spectrum,g10,qp,,,none,True,0.1406793946505963,-5.36551655087919,1.0000000000000002,0.27008276489689903,0.45983447020620194,,,3.4285719545388086e-14,20,4.045804962515831e-05,0.003172083292156458,80609280,0.0008491254411637783,0.0031316252425312996,0.002269499935209751,3.441609442234039e-05,0.0015475843101739883,0.00014645792543888092,0.00010183313861489296,0.0018828739412128925,0.003101021284237504,0.003138812491670251,,0.20385978300995283,-5.077604479564737,0.9999999999999979,7.808017071414273e-17,-0.2879120713144525,,,,,
1d16033e80a0755671d1,linear-gl,4,10.0,spectrum,g10,qp,,,none,True,0.16250545741857902,-6.170205445253104,1.0000000000000002,0.18556118427409618,0.6288776314518076,,,2.0527438661407037e-14,252,4.141731187701225e-05,0.006289334036409855,81395712,0.0012622089125216007,0.006247916724532843,0.004985707812011242,9.370874613523483e-05,0.0034872088581323624,0.00038695894181728363,0.00035720784217119217,0.004433624912053347,0.0062391038518399,0.006296999752521515,,0.1922766568989613,-6.553216643243019,1.0,-3.4694453361123765e-17,0.3830111979899149,,,,,
982ca6fc1f2583884c24,linear-gl,6,10.0,spectrum,g10,qp,,,none,True,0.16965793059322465,-6.475632514064424,1.0000000000000004,0.14421195875749274,0.7115760824850146,,,5.651332501755652e-14,3432,4.570884630084038e-05,0.03407033393159509,92897280,0.001678291242569685,0.03402462508529425,0.03234633384272456,0.00031074974685907364,0.021011875942349434,0.004844916984438896,0.005181250162422657,0.031558708753436804,0.03393518761731684,0.03429943765513599,,0.1890014640371049,-7.071592355698516,0.9999999999999999,1.1102235456248766e-16,0.5959598416340919,,,,,
905b040555a9771e8b88,linear-gl,8,10.0,spectrum,g10,qp,,,none,True,0.17294303155685567,-6.617078499117426,0.9999999999999987,0.1202297012779365,0.7595405974441269,,,4.2366735996063755e-13,48620,4.329206421971321e-05,0.6076712501235306,271990784,0.0021583749912679195,0.6076279580593109,0.605469583068043,0.002455375622957945,0.42560920771211386,0.0887766657397151,0.08649987494572997,0.6037366250529885,0.6015665626619011,0.6151461666449904,,0.18761006465714014,-7.312288639522668,0.9999999999999927,2.095545958979983e-15,0.6952101404052424,,,,,
dea852bf7a83d83d7f41,linear-gl,10,10.0,spectrum,g10,qp,,,none,True,0.1747673871047648,-6.68743252905122,0.999999999999976,0.10485508003757699,0.790289839924846,,,9.200430901766674e-13,705432,4.574982449412346e-05,12.192812582943588,1739145216,0.002805916126817465,12.192766833119094,12.189960916992277,0.034081332851201296,8.387297458946705,1.9553156672045588,1.7208682084456086,12.181474750861526,12.086027187062427,12.25856531248428,,0.18689926324849387,-7.438910802616299,0.9999999999999768,-2.3566218421144924e-15,0.7514782735650787,,,,,
ef1a2cec9b8f0a611f0f,cosh-grid,2,10.0,spectrum,g20,qp,,,none,True,0.19873070264655307,-11.38839755306715,1.0,0.03866733070698905,0.922665338586022,,,1.867618214796932e-14,20,5.191611126065254e-05,0.0035613738000392914,82919424,0.0009517921134829521,0.003509457688778639,0.0025576655752956867,4.0667131543159485e-05,0.001754792407155037,0.00016691721975803375,0.00011675013229250908,0.002134416252374649,0.0033955834805965424,0.003593708388507366,,0.20164095966420056,-12.301016108427644,0.9999999999999996,-5.754994907334494e-17,0.9126185553604937,,,,,
1b20c1359794dd974817,cosh-grid,4,10.0,spectrum,g20,qp,,,none,True,0.2050369693209963,-12.60334945611574,1.0000000000000002,0.017548002354770297,0.9649039952904594,,,2.2764420537650092e-14,252,6.720796227455139e-05,0.007760792039334774,85229568,0.0013694996014237404,0.007693584077060223,0.006299792323261499,0.00010337494313716888,0.004631000105291605,0.00044837454333901405,0.00038845697417855263,0.005702333524823189,0.007631291868165135,0.0077024169731885195,,0.20638643728279824,-13.56641218572084,1.0000000000000002,-4.8572218489740447e-17,0.9630627296050989,,,,,
e386939b991078e0f8ba,cosh-grid,6,10.0,spectrum,g20,qp,,,none,True,0.20520280162583898,-12.562388790702984,0.9999999999999971,0.012025807530625147,0.9759483849387497,,,5.127915754328032e-14,3432,7.133278995752335e-05,0.042820457834750414,90275840,0.001710082869976759,0.04274912504479289,0.04106000019237399,0.00031120888888835907,0.02938433177769184,0.005052709020674229,0.005200874991714954,0.0403144177980721,0.04263647901825607,0.04279539594426751,,0.20613033052387478,-13.54024930832382,0.999999999999998,-7.237042446683722e-17,0.9778605176208348,,,,,
7197041c673afd2ce476,cosh-grid,8,10.0,spectrum,g20,qp,,,none,True,0.2053083171571892,-12.556939781526014,1.0000000000000027,0.010647930219748837,0.9787041395605023,,,6.727269874031804e-12,48620,8.27917829155922e-05,0.7464430006220937,280051712,0.0022792923264205456,0.7463602088391781,0.7440671669319272,0.0024741673842072487,0.5636889166198671,0.08970254193991423,0.0855866251513362,0.7419117488898337,0.743773250374943,0.7567740003578365,,0.20613032656397465,-13.540410988428812,0.9999999999999988,-4.510281037539689e-17,0.9834712069027987,,,,,
0cac2ffaa5efee12d0b7,cosh-grid,10,10.0,spectrum,g20,qp,,,none,True,0.20525888135530582,-12.555057026839094,0.999999999999966,0.011293902110360144,0.9774121957792797,,,2.8642466369252877e-12,705432,8.954200893640518e-05,14.194405667018145,1685078016,0.0027170423418283463,14.194316125009209,14.19159908266738,0.03288166597485542,10.556647290941328,1.9368051253259182,1.6923272502608597,14.183025250211358,14.165325250010937,14.295579625060782,,0.20613104567057863,-13.540449806433873,0.9999999999999593,-1.7173762412170394e-15,0.985392779594779,,,,,
7f84769c6d5e38135811,surrogate,2,10.0,spectrum,g20,qp,,,none,True,0.18423380526814542,-7.96962929886142,1.0,0.03204288877236454,0.9359142224552709,,,1.3680767987927691e-14,20,0.0052537089213728905,0.008581249974668026,81346560,0.0008995411917567253,0.0033275410532951355,0.00243920786306262,3.7124380469322205e-05,0.001643334049731493,0.00015579164028167725,0.00011304114013910294,0.0020033330656588078,0.003302187193185091,0.0034197079949080944,,0.18672031978505285,-8.905026154350145,0.9999999999999999,-9.687336193159526e-17,0.9353968554887242,,,,,
0e89b46d223723f271af,surrogate,4,10.0,spectrum,g20,qp,,,none,True,0.20256022454959902,-11.895993796412325,1.0000000000000002,0.020525964404053427,0.9589480711918932,,,1.9514431828305374e-14,252,0.012852916028350592,0.020746791269630194,85114880,0.001371708232909441,0.007893875241279602,0.006520249880850315,0.00010024895891547203,0.004812625236809254,0.0004321252927184105,0.0003892923705279827,0.005912416148930788,0.0076599582098424435,0.00793087505735457,,0.204136227156485,-12.85306725731354,1.0000000000000004,-6.243345750286531e-17,0.9570734609012153,,,,,
97655a34bdb6f4801fe0,surrogate,6,10.0,spectrum,g20,qp,,,none,True,0.20469069807468207,-12.50692391112873,1.0000000000000056,0.016768604396898295,0.9664627912062034,,,7.973964162251383e-12,3432,0.02299270872026682,0.06047070864588022,98648064,0.0017909579910337925,0.0374779999256134,0.03568704193457961,0.0003176671452820301,0.02398879174143076,0.00519704120233655,0.005186416674405336,0.03491370799019933,0.037222146056592464,0.03787229140289128,,0.20598133489206297,-13.473411497021873,0.9999999999999827,2.1046759783830382e-14,0.9664875858931428,,,,,
5cdd8fd87638223a88af,surrogate,8,10.0,spectrum,g20,qp,,,none,True,0.20498103360914885,-12.562899857229745,0.9999999999999976,0.014804032124914816,0.9703919357501704,,,2.3323989644274685e-13,48620,0.11054395791143179,0.8528962079435587,233324544,0.0022394591942429543,0.7423522500321269,0.7401867089793086,0.0022131670266389847,0.5629839166067541,0.08717229124158621,0.08585758414119482,0.7385665830224752,0.7423363330308348,0.743109458591789,,0.20612161014972524,-13.534796138115095,1.0000000000000013,-2.289834988289384e-16,0.9718962808853497,,,,,
ec7f6b150f649684fe3d,surrogate,10,10.0,spectrum,g20,qp,,,none,True,0.20507832971936418,-12.564646913929176,0.9999999999999412,0.013647921310784777,0.9727041573784304,,,1.0431784931534026e-11,705432,0.6220549582503736,14.118469041306525,1775828992,0.002754082903265953,13.496414083056152,13.493756707757711,0.03300904110074043,9.811800542287529,1.9426864171400666,1.6968972501344979,13.485086833592504,13.485659895464778,13.522337312577292,,0.20613046657169432,-13.539998785300345,0.999999999999958,3.0461744238152733e-15,0.9753518713711689,,,,,
fc8972b596bf21fc94d8,linear-gl,2,10.0,spectrum,g20,qp,,,none,True,0.18772722811014497,-10.475279798498457,1.0000000000000007,0.15231219632284612,0.6953756073543078,,,3.7514250567438246e-14,20,4.045804962515831e-05,0.0032606669701635838,81575936,0.0008779587224125862,0.0032202089205384254,0.0023201671428978443,3.66666354238987e-05,0.0015893327072262764,0.00014941580593585968,0.00010683247819542885,0.0019343341700732708,0.003185104578733444,0.0032246459741145372,,0.2134795131100652,-10.898685210288924,1.0000000000000002,4.5679413757042073e-17,0.4234054117904673,,,,,
1d16033e80a0755671d1,linear-gl,4,10.0,spectrum,g20,qp,,,none,True,0.1986400025275557,-11.728567585472376,0.9999999999999996,0.08762156290794886,0.8247568741841023,,,3.873540434853514e-14,252,4.141731187701225e-05,0.006327542010694742,82264064,0.0012619579210877419,0.00628612469881773,0.005024166777729988,9.429175406694412e-05,0.003523666877299547,0.0003877920098602772,0.0003625419922173023,0.0044787488877773285,0.0062614374328404665,0.006482667056843638,,0.2085474341858588,-12.476206108267654,1.0000000000000018,-7.459203250903623e-17,0.7476385227952775,,,,,
982ca6fc1f2583884c24,linear-gl,6,10.0,spectrum,g20,qp,,,none,True,0.2013791277521168,-12.162755860685731,1.0,0.06218554928037397,0.8756289014392521,,,6.477679662473776e-14,3432,4.570884630084038e-05,0.03535962477326393,98975744,0.0017270841635763645,0.03531391592696309,0.03360099997371435,0.00034950021654367447,0.0216619991697371,0.005040707532316446,0.0052600824274122715,0.03261970868334174,0.03473512502387166,0.035623874980956316,,0.20726614095516915,-13.002698156425854,0.9999999999999998,6.245112335395245e-17,0.8399422957401228,,,,,
905b040555a9771e8b88,linear-gl,8,10.0,spectrum,g20,qp,,,none,True,0.2025334632047211,-12.360145676227898,0.9999999999999981,0.048671413119160505,0.902657173761679,,,2.1483247054234197e-13,48620,4.329206421971321e-05,0.597792667336762,266403840,0.002163708209991455,0.5977493752725422,0.5955781252123415,0.002488334197551012,0.4201652919873595,0.08557433309033513,0.08479183353483677,0.5936897499486804,0.5965502501931041,0.5993359999265522,,0.20674487147250858,-13.242101596582708,0.9999999999999957,-6.938893903907227e-17,0.8819559203548106,,,,,
dea852bf7a83d83d7f41,linear-gl,10,10.0,spectrum,g20,qp,,,none,True,0.20316531460150378,-12.460796311648028,0.9999999999999634,0.0403176561357185,0.9193646877285631,,,1.84422067628674e-12,705432,4.574982449412346e-05,11.983090583235025,1705639936,0.002643624786287546,11.983044833410531,11.980405875016004,0.03240279108285904,8.321577708236873,1.916994500439614,1.6990935830399394,11.970859999768436,11.924358312273398,12.019168270751834,,0.20648718704258473,-13.366557977421646,0.9999999999999598,9.75781955236954e-16,0.9057616657736176,,,,,
cbe4835b727b2600a6e7,surrogate,1,10.0,spectrum-odd,g0.5,qp,,,none,True,0.0032630296509619586,-0.05620509969369659,0.9999999999999996,0.4967369703490378,0.006526059301924403,,,2.2069828105022793e-15,6,0.002933249808847904,0.005456000100821257,81395712,0.0006802906282246113,0.0025227502919733524,0.0018277503550052643,2.129189670085907e-05,0.001230959314852953,0.00012483308091759682,8.962443098425865e-05,0.0015007080510258675,0.0024762710090726614,0.0025318749248981476,,0.016277572881892764,0.7476683581431974,0.9999999999999998,4.713558433117477e-16,-0.803873457836894,,,,,
34663020eef42b5037a5,surrogate,3,10.0,spectrum-odd,g0.5,qp,,,none,True,0.010668978448230136,-0.21508661753521466,0.9999999999999992,0.4880007907332511,0.023998418533497823,,,4.582288133245272e-14,70,0.012321833055466413,0.016959582921117544,82296832,0.0010739592835307121,0.004637749865651131,0.00358791695907712,5.7666096836328506e-05,0.0026176259852945805,0.0001982920803129673,0.00014787493273615837,0.0030894577503204346,0.0046373335644602776,0.00470699998550117,,0.021026919068748522,0.6539330870347276,1.0000000000000002,-6.459941180018804e-15,-0.8690197045699423,,,,,
a2941b38c018b093cc8c,surrogate,5,10.0,spectrum-odd,g0.5,qp,,,none,True,0.011714574980917197,-0.2636002527098995,0.9999999999999978,0.48699991313824453,0.026000173723510933,,,2.792434171739941e-14,924,0.02032366581261158,0.03450495796278119,81346560,0.0015030419453978539,0.014181292150169611,0.012683292385190725,0.0001648743636906147,0.009074625093489885,0.0012137079611420631,0.0013369587250053883,0.011976417154073715,0.014171750517562032,0.01420383364893496,,0.021157331949196185,0.6303189738851583,1.0,-5.1625370645394545e-15,-0.8939192265950578,,,,,
584ab3176ecc911c66f5,surrogate,7,10.0,spectrum-odd,g0.5,qp,,,none,True,0.01175649841899879,-0.26905791175341204,0.9999999999999963,0.4869599888086686,0.026080022382662826,,,7.711354222306003e-14,12870,0.058984624687582254,0.24133787490427494,115392512,0.0019963751547038555,0.18235325021669269,0.18038508296012878,0.0007566665299236774,0.1361338752321899,0.02129575051367283,0.020725249778479338,0.17928916588425636,0.18219037516973913,0.18236735416576266,,0.020979779088725257,0.6370565848103013,0.9999999999999973,1.6930901125533637e-14,-0.9061144965637133,,,,,
f6f15d8de6fc70cafa84,surrogate,9,10.0,spectrum-odd,g0.5,qp,,,none,True,0.011757970872545345,-0.269530856013996,0.9999999999999909,0.4869585736702096,0.02608285265958077,,,2.438693130509197e-13,184756,0.23625225014984608,3.784401916898787,601440256,0.002540749963372946,3.548149666748941,3.545513709075749,0.008218749891966581,2.8034229585900903,0.37682441622018814,0.3610949576832354,3.5422714999876916,3.5366940209642053,3.5606441874988377,,0.021049913305739777,0.6429709921348766,0.9999999999999926,6.716849298982197e-15,-0.9125018481488727,,,,,
cbe4835b727b2600a6e7,surrogate,1,10.0,spectrum-odd,g20,qp,,,none,True,0.07602665822017653,-1.8572575207796758,1.0000000000000002,0.4239733417798236,0.1520533164403528,,,3.8266474299528865e-15,6,0.002933249808847904,0.005462166853249073,83263488,0.0006903749890625477,0.002528917044401169,0.0018154578283429146,2.075033262372017e-05,0.0012228330597281456,0.0001227501779794693,9.129149839282036e-05,0.0014902492985129356,0.0024962294846773148,0.0025398333091288805,,0.1531582547877019,-4.812609584015655,0.9999999999999999,8.055194848355306e-18,2.9553520632359787,,,,,
34663020eef42b5037a5,surrogate,3,10.0,spectrum-odd,g20,qp,,,none,True,0.19523979824727017,-10.35690786688625,0.9999999999999974,0.054175303927722115,0.8916493921445557,,,9.017457877900818e-13,70,0.012321833055466413,0.01659608306363225,82198528,0.0010533337481319904,0.004274250008165836,0.003220916260033846,5.587516352534294e-05,0.0022677090018987656,0.00019729090854525566,0.00014633312821388245,0.002740249503403902,0.004267458105459809,0.004428791347891092,,0.19964247843929128,-11.60037537745647,1.0000000000000036,8.10189543690866e-15,1.2434675105702198,,,,,
a2941b38c018b093cc8c,surrogate,5,10.0,spectrum-odd,g20,qp,,,none,True,0.20284766034978202,-12.230060870170524,0.9999999999999992,0.03460056860131458,0.9307988627973709,,,4.8168703900424244e-14,924,0.02032366581261158,0.03457837412133813,87015424,0.0015400419943034649,0.01425470830872655,0.012713625095784664,0.00016908207908272743,0.009083124808967113,0.0012385002337396145,0.0013538752682507038,0.012028540950268507,0.014233729103580117,0.014275166671723127,,0.20556732202526584,-13.319542895659696,1.0000000000000004,2.636779897925815e-16,1.089482025489172,,,,,
584ab3176ecc911c66f5,surrogate,7,10.0,spectrum-odd,g20,qp,,,none,True,0.2039752882418276,-12.483375798358267,1.0000000000000013,0.0271805127224597,0.9456389745550806,,,1.1687926167977805e-12,12870,0.058984624687582254,0.22589033376425505,143556608,0.0019117500633001328,0.1669057090766728,0.16492887493222952,0.0007690009661018848,0.12120558321475983,0.021039457991719246,0.020332415588200092,0.1637132498435676,0.16672856314107776,0.16696247947402298,,0.20609298075593155,-13.52077133171301,0.9999999999999997,-1.817990198356596e-15,1.0373955333547435,,,,,
f6f15d8de6fc70cafa84,surrogate,9,10.0,spectrum-odd,g20,qp,,,none,True,0.20433725682022252,-12.524494177194276,0.9999999999999819,0.023083643870446164,0.9538327122591077,,,1.217817019173489e-11,184756,0.23625225014984608,3.189463709015399,673136640,0.0024116248823702335,2.953211458865553,2.950799833983183,0.008008749689906836,2.207916165702045,0.37588958349078894,0.3580915406346321,2.9469433738850057,2.935794750461355,2.9599261668045074,,0.20612873083312255,-13.538846701207198,0.9999999999999885,-3.018418848199645e-16,1.0143525240129225,,,,,
81a4955732b57cc62f3a,cosh-grid,12,10.0,spectrum-refinement,g0.5,dmrg,,64,none,False,0.011758036900402141,-0.26957196935820416,0.9999999999999292,0.48695850499666155,0.02608299000667691,,,0.0002155396149752987,0,9.170779958367348e-05,22.382595208007842,360857600,0.003189250361174345,22.38250350020826,22.379314249847084,,21.619407332967967,,0.33354570902884007,22.377063250169158,22.338398104067892,22.634597583208233,0.23254279186949134,0.02165005188281003,0.6502525663078298,0.9999999998661986,-6.559372767167559e-10,-0.919824535666034,,,,,
81a4955732b57cc62f3a,cosh-grid,12,10.0,spectrum-refinement,g0.5,dmrg,,128,none,False,0.01175803690138643,-0.2695719693628801,1.0000000000000024,0.4869585049931209,0.026082990013758245,,,1.0519525520811643e-05,0,9.170779958367348e-05,44.50780558306724,657293312,0.0031428327783942223,44.507713875267655,44.50458870828152,,43.02132416609675,,1.0906200418248773,44.50169820850715,44.342217416502535,44.52004445856437,0.22458375012502074,0.02165005170271353,0.6502525638647971,0.9999999999512842,-2.9684050217859692e-08,-0.9198245332276772,,,,,
0ccd6a7ebad9f4a5dc65,cosh-grid,16,10.0,spectrum-refinement,g0.5,dmrg,,64,none,False,0.011758036416108108,-0.26957197269004923,0.9999999999999808,0.4869585105627239,0.026082978874552243,,,0.00023905909433452813,0,0.00010629091411828995,33.33034558268264,401670144,0.00431266613304615,33.33023929176852,33.32604966685176,,32.301603958941996,,0.49734470900148153,33.32332858256996,33.033295166445896,33.48491081222892,0.2847560001537204,0.02176926281270387,0.6501469095784629,0.9999999998600848,-1.9241411242099105e-09,-0.9197188822685121,,,,,
0ccd6a7ebad9f4a5dc65,cosh-grid,16,10.0,spectrum-refinement,g0.5,dmrg,,128,none,False,0.011758036417771225,-0.2695719726977308,1.0000000000000022,0.4869585105569778,0.026082978886044383,,,1.29788699263004e-05,0,0.00010629091411828995,76.9823417076841,889782272,0.004533166065812111,76.98223541676998,76.97785012470558,,74.49181445827708,,1.9420357490889728,76.97436254192144,75.98928664601408,77.74784272885881,0.29596849996596575,0.02176926311415258,0.6501469064760392,1.000000000023386,-4.19846574173377e-10,-0.91971887917377,,,,,
0370c8627e9055ac9fcc,surrogate,12,10.0,spectrum-refinement,g0.5,dmrg,,64,none,False,0.011758035673810431,-0.2695710920944472,0.9999999999999192,0.4869585112829567,0.026082977434086607,,,0.00017817732507448915,0,2.638988417107612,23.464152374770492,337002496,0.003218832891434431,20.82516395766288,20.821945124771446,,20.075195665936917,,0.3344250009395182,20.819739708211273,20.776941645424813,20.85294612427242,0.2258168738335371,0.02235329687181063,0.6531990574867361,0.9999999998316819,-3.1017161061797083e-10,-0.9227701495811833,,,,,
0370c8627e9055ac9fcc,surrogate,12,10.0,spectrum-refinement,g0.5,dmrg,,128,none,False,0.011758035674534028,-0.26957109209818264,1.000000000000003,0.4869585112803712,0.026082977439257582,,,6.971534521405297e-06,0,2.638988417107612,46.07462491700426,579125248,0.003172874916344881,43.435636499896646,43.4324636249803,,41.920597082935274,,1.1046796664595604,43.42754645831883,43.3463709584903,43.80782708362676,0.21824916638433933,0.022353297089124365,0.6531990559060197,1.0000000000089155,-3.7154568865993554e-09,-0.9227701480042023,,,,,
81a4955732b57cc62f3a,cosh-grid,12,10.0,spectrum-refinement,g20,dmrg,,64,none,False,0.2051462157972962,-12.554927406516416,0.9999969389480292,0.012728499584330505,0.9745430008313389,,,0.04009161149372896,0,9.170779958367348e-05,132.38736145803705,360005632,0.003192999865859747,132.38726975023746,132.38410758320242,,131.6243740832433,,0.33573954179883003,132.38144108373672,132.16332402057014,132.45340779144317,0.22791962465271354,0.20613083231249754,-13.540441416892138,0.9999996734882,-1.6335683777901622e-08,0.9855140103757218,,,,,
81a4955732b57cc62f3a,cosh-grid,12,10.0,spectrum-refinement,g20,dmrg,,128,none,False,0.20514881370882454,-12.554984912982752,0.9999999654216236,0.012718414902850111,0.9745631701942998,,,0.0044033072436751135,0,9.170779958367348e-05,189.52659454056993,620199936,0.0033338326029479504,189.52650283277035,189.5231690001674,,187.98710441682488,,1.112894625402987,189.52008508285508,188.075897103874,190.22460168693215,0.23016850044950843,0.2061310161193486,-13.540447908885104,0.9999999976378978,-3.7192471324942744e-15,0.9854629959023526,,,,,
0ccd6a7ebad9f4a5dc65,cosh-grid,16,10.0,spectrum-refinement,g20,dmrg,,64,none,False,0.20508361544359022,-12.555963232863403,0.9999970774339106,0.01354124723020056,0.9729175055395989,,,0.043734058088732736,0,0.00010629091411828995,192.80819804081693,386908160,0.004464208148419857,192.80809174990281,192.80354920914397,,191.76190683292225,,0.5079055419191718,192.80007304158062,192.66656479146332,193.40210814587772,0.2887020418420434,0.20613080680415843,-13.540440158299687,0.9999996350246443,-2.6143286868673954e-08,0.9844769254362831,,,,,
0ccd6a7ebad9f4a5dc65,cosh-grid,16,10.0,spectrum-refinement,g20,dmrg,,128,none,False,0.2050866835373957,-12.556039666307763,0.999999951230679,0.013525277208873865,0.9729494455822523,,,0.005524311783883409,0,0.00010629091411828995,416.1184324156493,839958528,0.0042795417830348015,416.1183261247352,416.11404658295214,,413.65128187602386,,1.9281247928738594,416.1088251667097,411.66651602089405,418.6036559373606,0.2916705831885338,0.20613101562160516,-13.540447920781236,0.9999999973152699,8.242276305914231e-11,0.9844082544734736,,,,,
0370c8627e9055ac9fcc,surrogate,12,10.0,spectrum-refinement,g20,dmrg,,64,none,False,0.2051312997419215,-12.562681196285567,0.999998693958103,0.012951315000075764,0.9740973699998485,,,0.02792409083842397,0,2.638988417107612,83.84565466688946,369524736,0.003175833262503147,81.20666624978185,81.20342262461782,,80.48004850000143,,0.3242422924377024,81.20104629220441,81.19570108270273,82.54116349993274,0.21707983314990997,0.20613079630130574,-13.540407387684018,0.999999677283042,1.600664656375983e-08,0.9777261913984514,,,,,
0370c8627e9055ac9fcc,surrogate,12,10.0,spectrum-refinement,g20,dmrg,,128,none,False,0.20513228372046055,-12.562708817065422,0.9999999903699983,0.012949463779812098,0.9741010724403758,,,0.002575402904151358,0,2.638988417107612,149.65883729234338,699187200,0.003173333127051592,147.01984887523577,147.01667554210871,,145.51847858261317,,1.0820515411905944,147.01263291668147,144.6980533124879,149.95987791661173,0.22656933404505253,0.20613098491126658,-13.540413251369545,0.9999999987671521,6.201428259799968e-13,0.9777044343041226,,,,,
d00d475ecc52f36f9fef,cosh-grid,2,2000.0,wide-band,p1.50,qp,,,dark-vacuum,True,0.062105590767612566,-4.883557387350842,1.0000000000000002,0.4330886294484551,0.13382274110308978,-0.00021090996632445173,0.06155838829993229,4.6456120036747334e-14,20,5.4541975259780884e-05,0.004594000056385994,81543168,0.0019845827482640743,0.004539458081126213,0.0025412500835955143,3.587547689676285e-05,0.0015345839783549309,0.00013395864516496658,0.0001431657001376152,0.0018958747386932373,0.004532645456492901,0.00455608288757503,,0.427852534987028,-3.8901743160030713,0.9999999999998294,5.821608179955681e-19,-0.9933830713477705,-0.00021090996632445173,0.04997453202550795,-3.6744280454654135e-16,,
9d11804875be109707f1,cosh-grid,4,2000.0,wide-band,p1.50,qp,,,dark-vacuum,True,0.13407360759242837,-4.35457581424167,1.0000000000000013,0.3210682990008862,0.35786340199822764,-0.01772318214656925,0.6949595821309661,1.1917584235994595e-12,252,6.741704419255257e-05,0.011362917255610228,83640320,0.00354616716504097,0.011295500211417675,0.007749333046376705,9.741727262735367e-05,0.005409623961895704,0.00032229209318757057,0.000670792069286108,0.006610500160604715,0.011155333137139678,0.011310000205412507,,0.267370639172751,-4.297790501629615,1.0000000000002347,-2.1024848760285868e-15,-0.056785312612054994,-0.01772318214656925,0.14718635983774703,4.107841145780125e-14,,
c41c0d51a4734962f001,cosh-grid,6,2000.0,wide-band,p1.50,qp,,,dark-vacuum,True,0.1211177064867985,-4.403962524466136,0.9999999999999365,0.3374988980542314,0.3250022038915372,-0.03743351882632537,0.8969664280681945,3.4293775043239314e-12,3432,7.304176688194275e-05,0.11457404214888811,94650368,0.005803542211651802,0.11450100038200617,0.10869745817035437,0.00032012490555644035,0.09292374970391393,0.002905499655753374,0.010622833389788866,0.10691687371581793,0.114182083401829,0.1151693956926465,,0.23490504908567233,-4.445137180549614,1.0000000000000095,-1.3688702922070989e-13,0.041174656083478034,0.14188361577299818,0.14188361577299818,1.0985694988422868e-12,,
dc3866e03ecb98b7cd17,cosh-grid,8,2000.0,wide-band,p1.50,qp,,,dark-vacuum,True,0.11994556098127578,-4.418156280579329,0.9999999999999807,0.3450443252199515,0.309911349560097,-0.03673433803678274,0.8487447971977229,1.0314458183203952e-11,48620,7.929233834147453e-05,4.156440542079508,289456128,0.008428041823208332,4.156361249741167,4.1479981248266995,0.002469167113304138,3.8765979991294444,0.05037654098123312,0.21166600100696087,4.144599751103669,4.153488978743553,4.252458666451275,,0.23677096300246814,-4.43283793506773,1.000000000000021,-9.783840404509192e-15,0.014681654488400753,0.13549649179693668,0.13549649179693668,1.4088730182493224e-13,,
007ac0f970bc3e48a53f,cosh-grid,10,2000.0,wide-band,p1.50,qp,,,dark-vacuum,True,0.12102680528119134,-4.420543506877661,1.0000000000000946,0.343065315030584,0.31386936993883197,-0.03394552608102623,0.8201469488355826,5.721915517858368e-11,705432,8.733384311199188e-05,96.28594570886344,1370849280,0.011463915929198265,96.28585837502033,96.27439445909113,0.032852666918188334,90.23071100004017,1.0507866679690778,4.957891292404383,96.26583325024694,96.12971970858052,96.3908193539828,,0.23961152537487418,-4.423759877361665,0.9999999999999629,9.148497931432686e-14,0.0032163704840035834,0.13614148830855347,0.13614148830855347,-6.852296507986466e-13,,
0d8a7a4282f53a6d0ad4,surrogate,2,2000.0,wide-band,p1.50,qp,,,dark-vacuum,True,0.11561566545816092,-1.0304974253320835,0.9999999999999996,0.34169246859572894,0.3166150628085421,-0.029905958086140882,0.7886083533173501,6.17859157916106e-15,20,0.006096374709159136,0.010704999789595604,84656128,0.0020308340899646282,0.004608625080436468,0.00257779099047184,3.654230386018753e-05,0.001540458295494318,0.0001338333822786808,0.00014179246500134468,0.001899499911814928,0.00454556243494153,0.004708917113021016,,0.23680457396997398,-1.031729684126063,0.9999999999999997,5.641136339242965e-18,0.0012322587939794793,0.14320975897079774,0.14320975897079774,2.13308499807891e-16,,
36f29589f939ea761639,surrogate,4,2000.0,wide-band,p1.50,qp,,,dark-vacuum,True,0.12141857826176533,-2.0804369454082043,0.999999999999998,0.34119044097037426,0.31761911805925147,-0.032935561301993044,0.8151218726010323,1.0852511849563243e-13,252,0.020082667004317045,0.030500041786581278,82067456,0.003572249785065651,0.010417374782264233,0.006865500006824732,9.795883670449257e-05,0.004537917207926512,0.0002932497300207615,0.0006646257825195789,0.005700457841157913,0.01036674971692264,0.010460416553542018,,0.2405655188567943,-2.0839119537173127,0.9999999999999963,3.946393892692434e-16,0.003475008309108407,0.13805001824607396,0.13805001824607396,-1.3558549320293221e-14,,
cec57c0959c46b929834,surrogate,6,2000.0,wide-band,p1.50,qp,,,dark-vacuum,True,0.12130060744004033,-2.8162900231594947,0.999999999999997,0.3420197766682772,0.3159604466634456,-0.03350856555744215,0.8188566754709438,7.970385359352207e-13,3432,0.02194891730323434,0.08742308337241411,103432192,0.00590949971228838,0.06547416606917977,0.059584541246294975,0.0003395006060600281,0.04342033341526985,0.003037624526768923,0.01090066647157073,0.05783816613256931,0.06535535352304578,0.06661462504416704,,0.24010585757075156,-2.8202491352061325,0.99999999999999,-1.0276083469040852e-14,0.003959112046637792,0.13718359594007648,0.13718359594007648,9.534733587223232e-14,,
24ef0b14d86265788ee7,surrogate,8,2000.0,wide-band,p1.50,qp,,,dark-vacuum,True,0.12122983474941051,-3.171775894441822,0.9999999999999885,0.34226088267204124,0.3154782346559175,-0.03365270955776263,0.8197198432953099,7.574043984028788e-13,48620,0.02583162486553192,1.3910432076081634,213647360,0.008340667001903057,1.3652115827426314,1.356876791920513,0.0026719998568296432,1.0909574590623379,0.0507618747651577,0.2098934594541788,1.3530347933992743,1.362275728955865,1.3692044992931187,,0.23995177992720373,-3.175840624155744,1.000000000000008,-2.3592239273284473e-16,0.0040647297139218,0.13696216502678216,0.13696216502678216,6.9944050551331464e-15,,
4e8c6256de2ed3f35d05,surrogate,10,2000.0,wide-band,p1.50,qp,,,dark-vacuum,True,0.12121475581486035,-3.3682106383650434,0.9999999999999852,0.3423151087568472,0.31536978248630565,-0.033685041750859165,0.8199096986506018,3.798627907812497e-12,705432,0.04860387463122606,29.605367082636803,1396375552,0.011357250157743692,29.556763208005577,29.545583500061184,0.03365562530234456,23.613529041875154,1.0694985003210604,4.910311917308718,29.537429417017847,29.494293374940753,29.69986691651866,,0.2399180320296073,-3.372295320768093,0.9999999999999936,-6.87297441182011e-15,0.004084682403049378,0.1369108816746592,0.1369108816746592,5.340172748447003e-14,,
d00d475ecc52f36f9fef,cosh-grid,2,2000.0,wide-band,p1.53,qp,,,dark-vacuum,True,0.06210571738772447,-4.88356372042743,0.9999999999999993,0.4330884365862681,0.13382312682746378,-0.00021126347198416865,0.06166157178402299,5.615631593565004e-14,20,5.4541975259780884e-05,0.004980250261723995,85245952,0.002098250202834606,0.004925708286464214,0.002827458083629608,3.7375837564468384e-05,0.0017039580270648003,0.0001399167813360691,0.0001637497916817665,0.0021083340980112553,0.004850583150982857,0.004971666727215052,,0.42786730723335104,-3.888663014722873,1.0000000000000602,-5.460142586277215e-18,-0.9949007057045574,-0.00021126347198416865,0.05077702505438695,-7.821187228464918e-17,,
9d11804875be109707f1,cosh-grid,4,2000.0,wide-band,p1.53,qp,,,dark-vacuum,True,0.13410779125121683,-4.355107799059409,1.0000000000000078,0.32099549451631854,0.35800901096736293,-0.017739805381498157,0.695654537065845,1.2349836445414046e-12,252,6.741704419255257e-05,0.010956958401948214,84803584,0.003538916353136301,0.010889541357755661,0.00735062500461936,9.6083153039217e-05,0.005104708485305309,0.0002865423448383808,0.0006313752382993698,0.006211999803781509,0.010861437302082777,0.010993062285706401,,0.2673774479234813,-4.29333608890595,1.000000000000123,-3.3189596592042597e-15,-0.06177171015345895,-0.017739805381498157,0.14977089934868867,6.800124634322779e-14,,
c41c0d51a4734962f001,cosh-grid,6,2000.0,wide-band,p1.53,qp,,,dark-vacuum,True,0.12126430248677764,-4.405084795837754,1.0000000000000473,0.3371679620901337,0.32566407581973256,-0.03737901355879425,0.8959872568031116,2.715113271184918e-12,3432,7.304176688194275e-05,0.11399195902049541,84967424,0.0057788752019405365,0.11391891725361347,0.10823995806276798,0.00031279074028134346,0.09267029212787747,0.002791999839246273,0.010595874860882759,0.10653291782364249,0.11384491715580225,0.1141070001758635,,0.23482664277448997,-4.440841242283183,0.9999999999999746,1.4571503753534286e-13,0.0357564464454283,0.14451013338807447,0.14451013338807447,-1.3345951932356486e-12,,
dc3866e03ecb98b7cd17,cosh-grid,8,2000.0,wide-band,p1.53,qp,,,dark-vacuum,True,0.12013036434767194,-4.4192571077596465,0.9999999999999969,0.3446232349390242,0.3107535301219516,-0.036648756085241985,0.8474517612000466,1.0774098508587469e-11,48620,7.929233834147453e-05,4.153662834316492,288866304,0.00843337457627058,4.153583541978151,4.14515016740188,0.002363998908549547,3.877033082768321,0.04937958298251033,0.21072629187256098,4.141877457965165,4.148787041893229,4.155064749997109,,0.23665432554070892,-4.428735543590363,0.9999999999998973,-7.958911307781591e-15,0.009478435830716059,0.13799419388249146,0.13799419388249146,3.6193270602780113e-13,,
007ac0f970bc3e48a53f,cosh-grid,10,2000.0,wide-band,p1.53,qp,,,dark-vacuum,True,0.12119332987992448,-4.421560850900581,1.0000000000000662,0.3426846930867792,0.31463061382644164,-0.03387242737047851,0.8191508400857453,4.447867671881217e-11,705432,8.733384311199188e-05,96.61883520893753,1389608960,0.01148645905777812,96.61874787509441,96.60748520912603,0.03263500100001693,90.44266729196534,1.0532639580778778,5.054607376456261,96.59923516679555,96.60471814591438,96.66248564608395,,0.2394946545203514,-4.419638339074284,0.9999999999997902,4.6448955792754987e-14,-0.0019225118262964358,-0.03387242737047851,0.13862539143615377,-9.939826739469027e-13,,
0d8a7a4282f53a6d0ad4,surrogate,2,2000.0,wide-band,p1.53,qp,,,dark-vacuum,True,0.1157127284916117,-1.031394543996919,0.9999999999999998,0.34147764757068433,0.31704470485863134,-0.02989746520756457,0.7884990688702227,3.994811618858566e-15,20,0.006096374709159136,0.010785374324768782,81264640,0.002053875010460615,0.004688999615609646,0.0026351246051490307,3.708433359861374e-05,0.0015731658786535263,0.0001339172013103962,0.0001460420899093151,0.0019424171186983585,0.004638374783098698,0.004704645834863186,,0.23676331040308185,-1.0273940625280535,0.9999999999999988,-3.7521627043725145e-17,-0.004000481468865447,-0.02989746520756457,0.14582918456586683,6.717589652526197e-16,,
36f29589f939ea761639,surrogate,4,2000.0,wide-band,p1.53,qp,,,dark-vacuum,True,0.12156051161522499,-2.081424402944711,0.9999999999999993,0.34087291358705757,0.31825417282588486,-0.032890045968348686,0.8144384544751652,1.052810219437289e-13,252,0.020082667004317045,0.030652042012661695,82182144,0.0035490416921675205,0.01056937500834465,0.006999167148023844,0.00010020891204476357,0.004605748690664768,0.0003174156881868839,0.0006671245209872723,0.005811626091599464,0.010558791924268007,0.010617332998663187,,0.24047758932116356,-2.079732412358088,0.9999999999999983,6.528982971117736e-16,-0.00169199058662306,-0.032890045968348686,0.1405838147971127,-1.2476621837410048e-14,,
cec57c0959c46b929834,surrogate,6,2000.0,wide-band,p1.53,qp,,,dark-vacuum,True,0.12145385651453691,-2.817294486222512,1.0,0.34167344781316855,0.3166531043736629,-0.03345068347527374,0.8180242845545299,8.171819698467688e-13,3432,0.02194891730323434,0.08511262526735663,84279296,0.005651665851473808,0.0631637079641223,0.05751204211264849,0.00031404057517647743,0.04167266748845577,0.0028525828383862972,0.010547084268182516,0.055786500219255686,0.06301437434740365,0.06325108301825821,,0.240005096059293,-2.8160959034877107,0.9999999999999893,-7.923779897101637e-15,-0.0011985827348013345,-0.03345068347527374,0.13969624009185908,9.398259522620137e-14,,
24ef0b14d86265788ee7,surrogate,8,2000.0,wide-band,p1.53,qp,,,dark-vacuum,True,0.12138664273403117,-3.1727846178589245,1.000000000000004,0.34190523222105756,0.31618953555788487,-0.03359055352122818,0.818842943755614,8.665713010390206e-13,48620,0.02583162486553192,1.3946260837838054,251396096,0.008643375243991613,1.3687944589182734,1.3601892087608576,0.002640708349645138,1.0921516246162355,0.050839375238865614,0.2144445409066975,1.3568062488920987,1.368289271602407,1.3959192920010537,,0.23984659281283743,-3.1716941413889144,0.9999999999999947,-1.665334536937728e-16,-0.0010904764700101488,-0.03359055352122818,0.13946771669041508,-2.4424906541796535e-15,,
4e8c6256de2ed3f35d05,surrogate,10,2000.0,wide-band,p1.53,qp,,,dark-vacuum,True,0.12137253224820235,-3.3692203133890484,0.9999999999999967,0.3419568786578496,0.31608624268430086,-0.0336216613839246,0.8190213212832402,4.720709639528183e-12,705432,0.04860387463122606,29.091603124514222,1420836864,0.011293459217995405,29.042999249882996,29.031705790665,0.033522709272801876,22.970357208047062,1.05276233330369,4.924675541929901,29.02317454200238,29.02118429192342,29.11529539595358,,0.23981154530621882,-3.3681504070576866,0.9999999999999627,-3.509345591901081e-15,-0.0010699063313617252,-0.0336216613839246,0.1394143852573592,6.056266599330229e-14,,
d00d475ecc52f36f9fef,cosh-grid,2,2000.0,wide-band,p1.56,qp,,,dark-vacuum,True,0.0621058441626868,-4.883570061257839,0.999999999999999,0.43308824348821373,0.13382351302357254,-0.0002114268539563142,0.061709263795993785,4.2211952453755026e-14,20,5.4541975259780884e-05,0.004678001161664724,81559552,0.0019742087461054325,0.0046234591864049435,0.002625582739710808,3.629177808761597e-05,0.0015794988721609116,0.00013320893049240112,0.00014479225501418114,0.0019520409405231476,0.0045636671129614115,0.004665917018428445,,0.4278823155012601,-3.8871278070933344,0.9999999999999724,5.305759824322327e-20,-0.996442254164505,-0.0002114268539563142,0.051568258808831466,9.77117525648683e-17,,
9d11804875be109707f1,cosh-grid,4,2000.0,wide-band,p1.56,qp,,,dark-vacuum,True,0.1341419601819628,-4.355640042669473,1.000000000000002,0.32092272394215265,0.3581545521156947,-0.017740439588766636,0.6957225563740768,1.0650396908648868e-12,252,6.741704419255257e-05,0.011010417249053717,83476480,0.0035350420512259007,0.010943000204861164,0.007390084210783243,9.495764970779419e-05,0.005138874053955078,0.00028362497687339783,0.0006319568492472172,0.0062573752366006374,0.01092995866201818,0.010944521054625511,,0.26738441433245363,-4.288804465345178,1.000000000000114,-6.002143498675596e-16,-0.06683557732429435,-0.017740439588766636,0.15233367115920737,1.6320520203991868e-14,,
c41c0d51a4734962f001,cosh-grid,6,2000.0,wide-band,p1.56,qp,,,dark-vacuum,True,0.12141004367035096,-4.40620493358316,1.0000000000000417,0.33683904345582716,0.3263219130883457,-0.037291339478290594,0.8942112704127099,2.793609362423333e-12,3432,7.304176688194275e-05,0.11440949980169535,94502912,0.005714042112231255,0.1143364580348134,0.10847325017675757,0.0003315419889986515,0.09272262500599027,0.0028909998945891857,0.010557998903095722,0.1067315828986466,0.11390362493693829,0.1148524375166744,,0.23474659408545226,-4.436466702141439,0.9999999999999745,-7.953273427966587e-14,0.030261768558278668,0.14712369137702772,0.14712369137702772,8.412754898193668e-13,,
dc3866e03ecb98b7cd17,cosh-grid,8,2000.0,wide-band,p1.56,qp,,,dark-vacuum,True,0.12031364910269458,-4.420354885220452,1.0000000000000164,0.34420573907167795,0.3115885218566441,-0.03653110242308266,0.8454119491862853,1.29875436287416e-11,48620,7.929233834147453e-05,4.125801917631179,267304960,0.008594749961048365,4.125722625292838,4.117127875331789,0.0025959997437894344,3.856148542370647,0.04924820922315121,0.20444662449881434,4.113767042290419,4.096913396148011,4.1341091461945325,,0.2365352120205313,-4.424558409449942,0.9999999999996676,-2.857089564933801e-14,0.0042035242294895525,0.14047929447950025,0.14047929447950025,1.0480505352461488e-13,,
007ac0f970bc3e48a53f,cosh-grid,10,2000.0,wide-band,p1.56,qp,,,dark-vacuum,True,0.1213584626278672,-4.422575555695737,1.0000000000000269,0.3423073946466688,0.31538521070666237,-0.033769646862832584,0.8174309401442753,5.0983480576503974e-11,705432,8.733384311199188e-05,96.95881324959919,1377288192,0.011282040737569332,96.95872591575608,96.94744387501851,0.033043000381439924,90.81655950006098,1.0701220002956688,5.090567167382687,96.93908833246678,96.93634949950501,97.05003337445669,,0.23937519443466745,-4.415442495611265,1.0000000000000613,-9.719221955029056e-15,-0.00713306008447212,-0.033769646862832584,0.14109512069377847,2.508548924140541e-13,,
0d8a7a4282f53a6d0ad4,surrogate,2,2000.0,wide-band,p1.56,qp,,,dark-vacuum,True,0.11580948875802863,-1.032291004847218,0.9999999999999993,0.3412635276707803,0.31747294465843945,-0.02986213335202688,0.7876816952386071,5.310950035327795e-15,20,0.006096374709159136,0.010799208655953407,81854464,0.001977291889488697,0.0047028339467942715,0.0025750421918928623,3.691576421260834e-05,0.001510624773800373,0.0001426665112376213,0.00014604069292545319,0.0018857489340007305,0.00459991698153317,0.004724875325337052,,0.23672117898294448,-1.0229800846182342,0.9999999999999997,-9.163376214402365e-18,-0.009310920228983832,-0.02986213335202688,0.14843345341942243,-9.116301878897067e-16,,
36f29589f939ea761639,surrogate,4,2000.0,wide-band,p1.56,qp,,,dark-vacuum,True,0.1217016065464366,-2.082410056040962,0.9999999999999989,0.34055733649759423,0.31888532700481154,-0.03281531881860906,0.813029484176362,1.3847639463375107e-13,252,0.020082667004317045,0.030615208204835653,83083264,0.0035979580134153366,0.010532541200518608,0.0069345831871032715,0.00010195886716246605,0.0045431251637637615,0.0003292495384812355,0.0006685005500912666,0.005753416568040848,0.010317750042304397,0.010621207999065518,,0.24038783926651833,-2.075477061729976,1.0000000000000069,6.10176841186194e-16,-0.006932994310985929,-0.03281531881860906,0.14310392124478682,-2.027485761072085e-14,,
cec57c0959c46b929834,surrogate,6,2000.0,wide-band,p1.56,qp,,,dark-vacuum,True,0.12160603676074076,-2.818296768665058,1.0000000000000004,0.34132963724438203,0.31734072551123593,-0.03336325177518407,0.8164656610145358,8.354771552185311e-13,3432,0.02194891730323434,0.08490708423778415,85016576,0.005637833848595619,0.06295816693454981,0.05732033308595419,0.00032399874180555344,0.04153724992647767,0.0028455830179154873,0.01054754201322794,0.055594916455447674,0.06283979187719524,0.06296952092088759,,0.23990218760948193,-2.8118674989160453,0.9999999999999882,-7.320076776837454e-15,-0.0064292697490127,-0.03336325177518407,0.14219507267592943,1.0033396433588684e-13,,
24ef0b14d86265788ee7,surrogate,8,2000.0,wide-band,p1.56,qp,,,dark-vacuum,True,0.12154228609933608,-3.173791031649337,1.000000000000003,0.34155234314476024,0.3168953137104795,-0.0334987977727951,0.8172401071025994,7.534635240823655e-13,48620,0.02583162486553192,1.389004707802087,276545536,0.008489500265568495,1.3631730829365551,1.3547844169661403,0.0023909583687782288,1.0912374574691057,0.05088704079389572,0.20930083328858018,1.3513149577192962,1.3608891665935516,1.3748905204702169,,0.2397391203185821,-3.167472700727907,1.0000000000000049,-2.0816681711720773e-17,-0.006318330921430082,-0.0334987977727951,0.1419593109727591,1.4543921622584196e-14,,
4e8c6256de2ed3f35d05,surrogate,10,2000.0,wide-band,p1.56,qp,,,dark-vacuum,True,0.12152911168355401,-3.3702276420405495,0.9999999999999878,0.34160149373130894,0.3167970125373821,-0.03352868091502886,0.8174071866097665,4.574031607590739e-12,705432,0.04860387463122606,28.972266499884427,1390182400,0.011364916805177927,28.9236626252532,28.912432208191603,0.0335637079551816,22.823384082876146,1.0660250834189355,5.076868998352438,28.90395199880004,28.923464854247868,29.028133708518,,0.23970272409753107,-3.3639305978957705,0.9999999999999649,-3.1953606427492787e-15,-0.0062970441447789405,-0.03352868091502886,0.14190386450132236,6.605826996519679e-15,,
f94a819b6582240ce1d4,cosh-grid,2,100.0,double-dot,weak-p0.5,qp,,,none,True,0.21455622411156788,-4.6039598547973535,2.0000000000000067,0.373651407549215,0.25269718490157,-0.020456813059209836,,6.765329869259664e-14,924,5.695922300219536e-05,0.02841445943340659,85983232,0.002008874900639057,0.028357500210404396,0.026344916317611933,0.0001593753695487976,0.021200125105679035,0.001249208115041256,0.00244937464594841,0.025374167133122683,0.027763750171288848,0.028364354046061635,,0.10637956839231598,-5.133062142302467,2.0000000000000027,1.0434090657457373e-16,0.5291022875051139,0.0007821117689084481,0.0007821117689084481,,0.10637956839231617,0.21455622411154263
5782649bf18d979ca3a1,cosh-grid,4,100.0,double-dot,weak-p0.5,qp,,,none,True,0.1636291024693532,-4.806297950784515,1.9999999999998552,0.3590808206113104,0.28183835877737917,-0.015481447063782409,,3.4743012547418587e-13,184756,6.679212674498558e-05,13.604705249890685,646610944,0.0030639157630503178,13.60463845776394,13.601528333034366,0.008601123932749033,12.540757542010397,0.37539541721343994,0.6673403750173748,13.59680291870609,13.59325824980624,13.621920332778245,,0.20593611522711913,-4.842868058772625,1.9999999999998446,-6.592382889580861e-15,0.03657010798811022,0.015055871954338926,0.015055871954338926,,0.2059361152271208,0.16362910246934884
914abae19ca1af3e100c,surrogate,2,100.0,double-dot,weak-p0.5,qp,,,none,True,0.15580916220532195,-1.8028922509641179,2.0,0.3702866930914156,0.2594266138171688,-0.015685441015849642,,1.277530770880628e-14,924,0.0057945409789681435,0.03493141569197178,92274688,0.002207040786743164,0.029136874713003635,0.026905749924480915,0.00018479162827134132,0.02181245945394039,0.0013136672787368298,0.0025082509964704514,0.025869667064398527,0.02904045837931335,0.030390937346965075,,0.16832012081725678,-1.8196900117839596,1.9999999999999987,-2.2551405187698492e-17,0.016797760819841745,0.02157697774661555,0.02157697774661555,,0.1683201208172567,0.15580916220532712
137d88f15512da0e119f,surrogate,4,100.0,double-dot,weak-p0.5,qp,,,none,True,0.16190119108022513,-3.5748335823550224,1.9999999999998632,0.36896631860929463,0.26206736278141074,-0.015512239844859438,,5.08330904761578e-13,184756,0.019268000032752752,8.745298292022198,628031488,0.003052791114896536,8.726030291989446,8.722981582861394,0.008378458674997091,7.6545655420050025,0.3815912497229874,0.6562070827931166,8.718365749809891,8.70589168742299,8.735945770982653,,0.17766887312694263,-3.5922094119150385,1.9999999999998963,1.693523793422358e-15,0.017375829560016154,0.020951487851793182,0.020951487851793182,,0.17766887312694518,0.16190119108024464
6a5e215ce86f18081913,linear-gl,2,100.0,double-dot,weak-p0.5,qp,,,none,True,0.24932102631233882,-0.30966910852919205,1.999999999997668,0.4912218653916423,0.01755626921671538,-0.005963625948384371,,1.5555393016351303e-13,924,4.291720688343048e-05,0.027641333639621735,90112000,0.002033459022641182,0.027598416432738304,0.0255490830168128,0.00016041705384850502,0.020516833756119013,0.0012912913225591183,0.0023914589546620846,0.02459037583321333,0.027158874785527587,0.027717604069039226,,0.009933105939819886,-2.1326793020558954,1.9999999999999978,5.455390473918696e-17,1.8230101935267033,4.984995162354844e-07,4.984995162354844e-07,,0.00993310593981996,0.24932102631235253
235ada07f486a6d26673,linear-gl,4,100.0,double-dot,weak-p0.5,qp,,,none,True,0.2478982951541303,-1.063205772012541,1.9999999999996612,0.4830620068738853,0.03387598625222943,-0.010532074923161938,,3.8181176431593693e-13,184756,4.108436405658722e-05,8.189181376248598,633159680,0.0031032501719892025,8.189140291884542,8.18594929203391,0.008440458215773106,7.138347499538213,0.3759494172409177,0.658389332704246,8.181132457684726,8.18024935387075,8.196638124994934,,0.017846504243292097,-2.798793343176039,1.999999999999968,9.419599296530898e-17,1.735587571163498,2.212634990325646e-06,2.212634990325646e-06,,0.017846504243292625,0.24789829515346398
f94a819b6582240ce1d4,cosh-grid,2,100.0,double-dot,weak-p0.9,qp,,,none,True,0.2146302917053899,-4.619875908633967,2.0,0.373499128023668,0.25300174395266395,-0.004351515031887757,,3.9328669027846e-14,924,5.695922300219536e-05,0.02750983415171504,84066304,0.001966749783605337,0.027452874928712845,0.025508124846965075,0.0001576668582856655,0.020560999866575003,0.0012780409306287766,0.0024041254073381424,0.024491125717759132,0.027425874955952168,0.02768877102062106,,0.10608478000384854,-5.132317293274928,1.9999999999999978,1.196959198423997e-16,0.5124413846409617,0.00024234716975507958,0.00024234716975507958,,0.1060847800038485,0.21463029170537556
5782649bf18d979ca3a1,cosh-grid,4,100.0,double-dot,weak-p0.9,qp,,,none,True,0.16400320367846555,-4.81847464895902,1.9999999999998594,0.3583116039153941,0.28337679216921186,-0.003364533504725497,,1.2983539689105622e-12,184756,6.679212674498558e-05,13.599377834238112,647692288,0.003163000103086233,13.599311042111367,13.596102375071496,0.008390790782868862,12.535334959160537,0.38171833381056786,0.665055375546217,13.590815333649516,13.590881417039782,13.618956437567249,,0.2195423183649894,-4.826101569852254,1.9999999999998501,-7.221220149622454e-15,0.007626920893233802,0.0065426559080292435,0.0065426559080292435,,0.21954231836498145,0.16400320367847196
914abae19ca1af3e100c,surrogate,2,100.0,double-dot,weak-p0.9,qp,,,none,True,0.15619699855740582,-1.8152244992834121,2.000000000000001,0.3694831868885047,0.26103362622299064,-0.003406188472197827,,2.6378078780798052e-14,924,0.0057945409789681435,0.03446191595867276,90816512,0.002063166815787554,0.02866737497970462,0.026571167167276144,0.00016970932483673096,0.021400708705186844,0.0013469159603118896,0.002482375130057335,0.025512542109936476,0.02836577035486698,0.028847145847976208,,0.19300085454819524,-1.7868332530187285,1.9999999999999976,-2.757939276260002e-16,-0.02839124626468359,-0.003406188472197827,0.025126461976040092,,0.19300085454819424,0.1561969985574143
137d88f15512da0e119f,surrogate,4,100.0,double-dot,weak-p0.9,qp,,,none,True,0.16240661124615757,-3.5870376677137474,1.9999999999998612,0.3678550266898972,0.26428994662020555,-0.0033729397767035194,,3.481692961097131e-12,184756,0.019268000032752752,8.749215291813016,656637952,0.003075000364333391,8.729947291780263,8.726865832693875,0.009916042443364859,7.654947625473142,0.3756655426695943,0.6632956238463521,8.722132332623005,8.712450562277809,8.739592416910455,,0.20482286899473104,-3.561345468841545,1.999999999999893,-1.4733678686817964e-13,-0.025692198872202532,-0.0033729397767035194,0.0211796796510156,,0.20482286899474833,0.162406611246152
6a5e215ce86f18081913,linear-gl,2,100.0,double-dot,weak-p0.9,qp,,,none,True,0.2493044930397576,-0.314306396030799,2.0000000000041784,0.49122170072261556,0.017556598554768876,-0.0012671662027574984,,1.8066245083527073e-13,924,4.291720688343048e-05,0.027172208297997713,87752704,0.0019856663420796394,0.027129291091114283,0.025191583205014467,0.00015808455646038055,0.020255832467228174,0.0012567909434437752,0.0023535420186817646,0.024171916767954826,0.0270624787081033,0.027183145517483354,,0.009932932867826812,-2.1326788279545243,1.9999999999999993,2.6982022776548924e-17,1.8183724319237253,1.5404493614035175e-07,1.5404493614035175e-07,,0.009932932867826882,0.24930449303969618
235ada07f486a6d26673,linear-gl,4,100.0,double-dot,weak-p0.9,qp,,,none,True,0.24786064019685547,-1.0713058790980199,1.9999999999986546,0.48306096787298436,0.03387806425403128,-0.0021903885768056325,,9.794543458494754e-13,184756,4.108436405658722e-05,8.204138959292322,645038080,0.003118291962891817,8.204097874928266,8.201010500080884,0.008486791979521513,7.13907208153978,0.3817735407501459,0.6602382082492113,8.196199667174369,8.186785312369466,8.211081749992445,,0.01784574288825013,-2.798791238831546,1.9999999999999678,7.458887430226643e-17,1.7274853597335262,6.837441509088826e-07,6.837441509088826e-07,,0.017845742888250804,0.24786064019668563
f94a819b6582240ce1d4,cosh-grid,2,100.0,double-dot,strong-p0.5,qp,,,none,True,0.22010127998097237,-7.338899648098341,2.0000000000000133,0.3280228094280444,0.3439543811439112,-0.0938867105898175,,1.9676699599090254e-12,924,5.695922300219536e-05,0.02484175143763423,90030080,0.0020639579743146896,0.024784792214632034,0.022720834240317345,0.00016345875337719917,0.017776875756680965,0.0013336250558495522,0.0024314578622579575,0.021791458129882812,0.024735812563449144,0.025474749971181154,,0.18272801861310897,-7.840151775670104,2.0000000000000004,6.559423143537302e-18,0.501252127571763,0.041002894463301735,0.041002894463301735,,0.18272801861310767,0.22010127998097226
5782649bf18d979ca3a1,cosh-grid,4,100.0,double-dot,strong-p0.5,qp,,,none,True,0.18919643814665937,-7.377142549966125,1.9999999999998057,0.27102410597721555,0.4579517880455689,-0.09691471532349652,,3.118128112655192e-12,184756,6.679212674498558e-05,11.624866249971092,636436480,0.003074666950851679,11.624799457844347,11.621601082850248,0.008628207724541426,10.570987624581903,0.377746915910393,0.6574850832112134,11.616768542211503,11.608307353919372,11.630585291422904,,0.20384854540296815,-7.615940835911631,1.9999999999998348,5.327552635159272e-15,0.23879828594550556,0.12631414604296837,0.12631414604296837,,0.20384854540297212,0.18919643814665388
914abae19ca1af3e100c,surrogate,2,100.0,double-dot,strong-p0.5,qp,,,none,True,0.18056347996224265,-3.233595823355564,2.0000000000000013,0.28217636391982426,0.4356472721603515,-0.0974449059640117,,2.08408669667654e-12,924,0.0057945409789681435,0.027342916000634432,84099072,0.0019755419343709946,0.02154837502166629,0.01955270767211914,0.0001572081819176674,0.01467691594734788,0.0012534582056105137,0.0023482502438127995,0.01855583256110549,0.02150320797227323,0.021638041827827692,,0.19203522642602405,-3.4693191322211065,2.0000000000000013,-5.412337245047638e-16,0.2357233088655426,0.1263698887576175,0.1263698887576175,,0.19203522642602214,0.18056347996224603
137d88f15512da0e119f,surrogate,4,100.0,double-dot,strong-p0.5,qp,,,none,True,0.1902145351016423,-5.667222193640907,1.9999999999997966,0.2737080456121184,0.45258390877576316,-0.0993518563890674,,5.378567911897016e-12,184756,0.019268000032752752,7.358350499998778,652247040,0.003249208442866802,7.339082499966025,7.335987291764468,0.008580749854445457,6.226517249830067,0.402664499823004,0.6780288759618998,7.331168374046683,7.2523435414768755,7.3526473545935005,,0.20178212987707167,-5.9042763209685205,1.999999999999913,9.003160630211005e-14,0.23705412732761388,0.12518492478678805,0.12518492478678805,,0.20178212987710525,0.19021453510162717
6a5e215ce86f18081913,linear-gl,2,100.0,double-dot,strong-p0.5,qp,,,none,True,0.2491154039174009,-2.063845575758784,1.999999999999424,0.48773907130172767,0.024521857396544666,-0.009317292894788984,,9.456770359014678e-13,924,4.291720688343048e-05,0.025632959324866533,88014848,0.0020504589192569256,0.025590042117983103,0.023547375109046698,0.00016241660341620445,0.018526874482631683,0.001272666733711958,0.0024830419570207596,0.022534791845828295,0.025582833448424935,0.025740375043824315,,0.08375364977634572,-3.7898737642594833,2.0000000000000036,-1.0020611524255187e-17,1.7260281885006994,4.711006254205785e-05,4.711006254205785e-05,,0.08375364977634575,0.24911540391740772
235ada07f486a6d26673,linear-gl,4,100.0,double-dot,strong-p0.5,qp,,,none,True,0.2474055009514338,-3.0845912316449096,1.999999999999799,0.4763282886033185,0.04734342279336301,-0.018369220008264915,,5.313637629239794e-13,184756,4.108436405658722e-05,7.258384584449232,643350528,0.0031110411509871483,7.258343500085175,7.255232458934188,0.008053665980696678,6.182352917268872,0.3805616251192987,0.6556239589117467,7.250780750066042,7.223166291601956,7.261720437556505,,0.09302452637653066,-4.711382892635821,1.9999999999999445,-1.9200881661539382e-16,1.6267916609909112,0.00020510366880541198,0.00020510366880541198,,0.09302452637652935,0.24740550095143976
f94a819b6582240ce1d4,cosh-grid,2,100.0,double-dot,strong-p0.9,qp,,,none,True,0.22001058225414066,-7.410697136244776,1.9999999999999867,0.32793874720839633,0.34412250558320734,-0.019312752451430784,,9.066754606299289e-13,924,5.695922300219536e-05,0.024567626416683197,83607552,0.0019602500833570957,0.024510667193681,0.022509874776005745,0.00015691714361310005,0.017640624660998583,0.0012452923692762852,0.0023346669040620327,0.02155741723254323,0.024412271101027727,0.0245297709479928,,0.1760700976062239,-7.798781238165902,1.9999999999999991,-2.5478751053409354e-18,0.38808410192112586,0.014296149334443528,0.014296149334443528,,0.1760700976062263,0.22001058225414744
5782649bf18d979ca3a1,cosh-grid,4,100.0,double-dot,strong-p0.9,qp,,,none,True,0.18958610206944745,-7.451603542010881,1.9999999999998705,0.2737626971290928,0.4524746057418144,-0.020121142538147917,,1.5184765268725223e-12,184756,6.679212674498558e-05,12.238607209175825,605405184,0.0030927080661058426,12.23854041704908,12.235266792122275,0.008434250485152006,11.145530458074063,0.37747841607779264,0.6841934588737786,12.230700958985835,12.197159749921411,12.24347083340399,,0.2053221718848059,-7.402230709592522,1.999999999999849,-1.0169816377914032e-15,-0.0493728324183591,-0.020121142538147917,0.20629753810486332,,0.20532217188482188,0.18958610206944856
914abae19ca1af3e100c,surrogate,2,100.0,double-dot,strong-p0.9,qp,,,none,True,0.18100568505335668,-3.3084236995653082,1.9999999999999902,0.28457900857617646,0.4308419828476471,-0.020210331607101516,,2.7528758601781584e-13,924,0.0057945409789681435,0.03122458280995488,89866240,0.0021236250177025795,0.025430041830986738,0.02330641681328416,0.0001783338375389576,0.018266540952026844,0.0013082087971270084,0.0024203741922974586,0.022314459085464478,0.02525631245225668,0.025858792010694742,,0.18200484879423576,-3.2561812105733976,2.0000000000000004,9.020562075079397e-17,-0.05224248899191064,-0.020210331607101516,0.20300845555131025,,0.18200484879423587,0.18100568505335937
137d88f15512da0e119f,surrogate,4,100.0,double-dot,strong-p0.9,qp,,,none,True,0.19088225363978428,-5.743433896564985,1.999999999999904,0.2760858959015881,0.4478282081968238,-0.02055854405815715,,1.9896236968668986e-12,184756,0.019268000032752752,7.733982167206705,578994176,0.003043999895453453,7.714714167173952,7.711670167278498,0.008260708302259445,6.662992666941136,0.3777037924155593,0.6519524585455656,7.706707749981433,7.702284041559324,7.732609875733033,,0.19336223873813774,-5.6919073971325735,1.9999999999998948,-1.8318571486097834e-14,-0.05152649943241183,-0.02055854405815715,0.20646906077703406,,0.1933622387381388,0.19088225363978287
6a5e215ce86f18081913,linear-gl,2,100.0,double-dot,strong-p0.9,qp,,,none,True,0.2490867353103262,-2.071212467696622,2.0000000000017977,0.4877371469307642,0.024525706138471604,-0.0020460865335279466,,1.0275592811564427e-12,924,4.291720688343048e-05,0.025332292076200247,89112576,0.0020678332075476646,0.025289374869316816,0.023247958160936832,0.00016445806249976158,0.018212915863841772,0.0012989169918000698,0.0024345419369637966,0.022259625140577555,0.02508541662245989,0.025378333404660225,,0.08374343087300493,-3.7898289586835747,2.0000000000000013,-5.116079001415974e-19,1.7186164909869528,1.4558618326776518e-05,1.4558618326776518e-05,,0.08374343087300454,0.24908673531033754
235ada07f486a6d26673,linear-gl,4,100.0,double-dot,strong-p0.9,qp,,,none,True,0.24732430856092685,-3.099062781113401,2.00000000000042,0.4763192633604034,0.047361473279193156,-0.004004992162008586,,5.573629303532756e-13,184756,4.108436405658722e-05,7.2254961263388395,708935680,0.003217207733541727,7.225455041974783,7.222184916958213,0.008520875126123428,6.1752302488312125,0.3879423341713846,0.6444422909989953,7.216697541996837,7.209868917008862,7.249133333330974,,0.09298138907133117,-4.71118780269223,1.999999999999966,-2.4691942148704835e-16,1.6121250215788288,6.339661285598153e-05,6.339661285598153e-05,,0.09298138907133298,0.24732430856091694
ef1a2cec9b8f0a611f0f,cosh-grid,2,10.0,coordinates,isolated,qp,2,,none,True,0.05892484664557026,-0.7563783612318123,1.0042880700688344,0.43732122771947274,0.12535754456105452,0.019689957403237632,0.23750139990872654,6.133636163960199e-15,42,5.191611126065254e-05,0.008302499074488878,81575936,0.002772292122244835,0.008250582963228226,0.0055233752354979515,4.6791043132543564e-05,0.003378666006028652,0.00023633195087313652,0.00031841685995459557,0.004051873926073313,0.008230207953602076,0.008319458458572626,,0.3294282143902735,-0.41522175590557,1.010055566590144,4.643497004620605e-17,-0.34115660532624237,0.019689957403237632,0.042651502787233356,-7.475884821999575e-16,,
ef1a2cec9b8f0a611f0f,cosh-grid,2,10.0,coordinates,isolated,qp,4,,none,True,0.06890789617564351,-0.8090511530175488,1.0090908116733543,0.4277400940903719,0.14451981181925622,0.02239804611775321,0.2570615362426914,1.7040157354378542e-14,162,5.191611126065254e-05,0.011621000245213509,81985536,0.002770374994724989,0.011569084133952856,0.008754041977226734,7.541617378592491e-05,0.0060639590956270695,0.0004160418175160885,0.0006697080098092556,0.0073476252146065235,0.01141316699795425,0.01160181313753128,,0.3342474434465894,-0.5042851750488231,1.0394173886144171,4.502962672875421e-16,-0.30476597796872573,0.02239804611775321,0.04921237625777579,1.0756836040426515e-15,,
ef1a2cec9b8f0a611f0f,cosh-grid,2,10.0,coordinates,isolated,qp,,,none,True,0.06924364043803866,-0.810073424901564,1.0093505184936153,0.42745967010436076,0.1450806597912785,0.022438772607818153,0.25697073270612486,1.0289005546441543e-14,252,5.191611126065254e-05,0.01436358317732811,82362368,0.0026550828479230404,0.014311667066067457,0.011656584218144417,9.633274748921394e-05,0.008088666945695877,0.000670167151838541,0.001213375013321638,0.010197291616350412,0.014293958432972431,0.0143306665122509,,0.33513558779071484,-0.5053775941981881,1.0412623545230943,1.792384788003677e-17,-0.3046958307033759,0.022438772607818153,0.049244814404562104,-1.0951083937978202e-15,,
ef1a2cec9b8f0a611f0f,cosh-grid,2,10.0,coordinates,isolated,dmrg,,32,none,True,0.06924364043802361,-0.8100734249015558,1.0093505184936002,0.4274596701043704,0.14508065979125917,0.022438772607825428,0.25697073270607806,1.043527805615386e-10,0,5.191611126065254e-05,1.9941215412691236,135413760,0.0028643328696489334,1.994069625157863,1.9912351672537625,,1.6555457911454141,,0.12740149907767773,1.9893097500316799,1.9893108124379069,2.0002898334059864,0.08653433434665203,0.33513558788146497,-0.5053775941981835,1.0412623546931135,-2.4424906541753444e-15,-0.30469583070337225,0.022438772607825428,0.04924481441354394,-2.653433028854124e-14,,
ef1a2cec9b8f0a611f0f,cosh-grid,2,10.0,coordinates,isolated,dmrg,,64,none,True,0.06924364043803795,-0.8100734249015556,1.0093505184936151,0.42745967010436137,0.14508065979127727,0.022438772607818225,0.2569707327061184,2.1627040337065038e-14,0,5.191611126065254e-05,2.054921750444919,150929408,0.0028578750789165497,2.054869834333658,2.0520119592547417,,1.7102652080357075,,0.13161699892953038,2.050021916627884,2.0540484383236617,2.056335646659136,0.09180300077423453,0.33513558779070995,-0.5053775941981833,1.041262354523086,9.853229343548264e-16,-0.30469583070337236,0.022438772607818225,0.04924481440456162,-1.504352198367087e-14,,
1b20c1359794dd974817,cosh-grid,4,10.0,coordinates,isolated,qp,2,,none,True,0.049069603853149193,-0.7874167538028349,0.9975913280881388,0.4458635937066988,0.10827281258660237,0.018536012972538086,0.25462499138337047,4.9668985101411e-15,146,6.720796227455139e-05,0.019318958278745413,82804736,0.0067542921751737595,0.01925175031647086,0.01248954189941287,8.133426308631897e-05,0.00699641602113843,0.0004685409367084503,0.0007532499730587006,0.008485207799822092,0.01921195862814784,0.01935902121476829,,0.31919537018072286,-0.4913734569237321,1.0523759781957984,1.4972906008483256e-16,-0.29604329687910286,0.018536012972538086,0.041479603832647045,-1.2952094709502375e-15,,
1b20c1359794dd974817,cosh-grid,4,10.0,coordinates,isolated,qp,4,,none,True,0.057840565805155786,-0.8368991999897312,0.9993224202741262,0.4360618873920724,0.12787622521585518,0.020193918043064724,0.30833792773554536,8.908966924926542e-15,2162,6.720796227455139e-05,0.07286049984395504,87949312,0.006736875046044588,0.07279329188168049,0.0662173330783844,0.0002087922766804695,0.04801466688513756,0.0047684162855148315,0.008854374289512634,0.06209141714498401,0.0725065004080534,0.07303077098913491,,0.3007287944891649,-0.6260116882739147,1.0687280510543484,4.7826868333766814e-17,-0.21088751171581643,0.020193918043064724,0.045471637265137047,1.1895376493039894e-15,,
1b20c1359794dd974817,cosh-grid,4,10.0,coordinates,isolated,qp,,,none,True,0.05813105402479848,-0.8377551105681117,0.99948942446833,0.4357675529811022,0.1284648940377956,0.020201336455211927,0.3093482812410264,4.032240707420711e-14,48620,6.720796227455139e-05,2.543103998992592,423706624,0.006982749793678522,2.5430367910303175,2.536054041236639,0.002408958040177822,1.7246841667219996,0.2843376658856869,0.51721345866099,2.529317791108042,2.5377823535818607,2.54946052050218,,0.30051817845696543,-0.6286603446415482,1.069571034469437,-9.097506492520363e-16,-0.2090947659265635,0.020201336455211927,0.045593011489669474,3.330668928563976e-16,,
1b20c1359794dd974817,cosh-grid,4,10.0,coordinates,isolated,dmrg,,32,none,False,0.0580924550017696,-0.8376121284478242,0.999475355615411,0.435841152234804,0.12831769553039196,0.02020823387045194,0.309248661012859,0.09325980866622126,0,6.720796227455139e-05,42.21651874994859,360529920,0.006796666886657476,42.216451541986316,42.20954745821655,,41.05658570909873,,0.6651840000413358,42.20479845907539,42.21572058345191,42.53818133356981,0.15453854063525796,0.30056446868058667,-0.6281633811141012,1.069379046536855,2.0220880308507994e-05,-0.20944874733372298,0.02020823387045194,0.04561729739807484,-7.627582860647575e-05,,
1b20c1359794dd974817,cosh-grid,4,10.0,coordinates,isolated,dmrg,,64,none,False,0.058129751864782864,-0.8377524190435136,0.9994885872723328,0.4357694917550216,0.12846101648995678,0.02020152730525273,0.30934999914963696,0.013456475958932087,0,6.720796227455139e-05,63.919664416927844,749076480,0.006704709026962519,63.91959720896557,63.91289249993861,,62.002395666670054,,1.4083160418085754,63.90795424999669,63.62907385453582,64.14569222950377,0.15039070788770914,0.30051517190438354,-0.6286507619601347,1.069561782792357,-1.0631004294936464e-07,-0.2091016570833789,0.02020152730525273,0.045593449806745893,3.511719980919814e-07,,
7f84769c6d5e38135811,surrogate,2,10.0,coordinates,isolated,qp,2,,none,True,0.05212852953065797,-0.49412970992777616,0.9963177237891004,0.44049194728712204,0.11901610542575591,0.016916524049220363,0.27227913884660726,4.060553979219773e-15,42,0.0052537089213728905,0.013323001097887754,82739200,0.0028137504123151302,0.008069292176514864,0.005269666668027639,4.541641101241112e-05,0.003224166575819254,0.00022199982777237892,0.00029229093343019485,0.00386208388954401,0.008000833448022604,0.008206875761970878,,0.31230859046586024,-0.2332650832042474,1.0503736940247899,6.403536133954126e-17,-0.2608646267235287,0.016916524049220363,0.04001607161671729,-1.6333804597629216e-17,,
7f84769c6d5e38135811,surrogate,2,10.0,coordinates,isolated,qp,4,,none,True,0.05817194604271844,-0.5187193082677652,0.9986034315011892,0.43390481823008903,0.13219036353982194,0.01931648712205652,0.29860814152160164,1.044500742927945e-14,162,0.0052537089213728905,0.016850499901920557,83443712,0.0027350829914212227,0.011596790980547667,0.008817249909043312,7.708277553319931e-05,0.0060967919416725636,0.0004177084192633629,0.0006601661443710327,0.007367207668721676,0.011571166571229696,0.011630000080913305,,0.3134219540845731,-0.28621516795781393,1.06548164433626,-1.723068302622588e-16,-0.2325041403099513,0.01931648712205652,0.04619716473825658,1.5634254890327585e-16,,
7f84769c6d5e38135811,surrogate,2,10.0,coordinates,isolated,qp,,,none,True,0.05831065577197125,-0.5189997251576933,0.9987136376026065,0.43377496549293,0.13245006901414003,0.019345536854068136,0.2986277184275082,7.150322321640858e-15,252,0.0052537089213728905,0.019510083831846714,82378752,0.002755583729594946,0.014256374910473824,0.011497790925204754,9.608268737792969e-05,0.007941666059195995,0.0006635840982198715,0.0012074173428118229,0.010036625899374485,0.014208749867975712,0.014308166923001409,,0.3137347684463692,-0.2865500842672059,1.0661193393874384,-7.086434276390166e-17,-0.23244964089048742,0.019345536854068136,0.046213645091330566,3.513626044853858e-16,,
7f84769c6d5e38135811,surrogate,2,10.0,coordinates,isolated,dmrg,,32,none,True,0.05831065577196842,-0.5189997251576887,0.9987136376026051,0.43377496549293265,0.1324500690141347,0.019345536854068892,0.2986277184275025,3.861062355073597e-12,0,0.0052537089213728905,2.025025875773281,137084928,0.0027717920020222664,2.019772166851908,2.0170003748498857,,1.6809559999965131,,0.1317097907885909,2.0151154580526054,2.0183417084626853,2.042097958503291,0.08636895846575499,0.31373476844842346,-0.28655008426720346,1.0661193393911645,-3.7470027081099033e-16,-0.2324496408904852,0.019345536854068892,0.046213645091601516,1.3988810110276972e-14,,
7f84769c6d5e38135811,surrogate,2,10.0,coordinates,isolated,dmrg,,64,none,True,0.05831065577197147,-0.5189997251576886,0.9987136376026073,0.43377496549293015,0.1324500690141397,0.01934553685406814,0.29862771842750246,2.478267698637209e-14,0,0.0052537089213728905,1.9518768759444356,147783680,0.0027517080307006836,1.9466231670230627,1.9438028750009835,,1.6111622075550258,,0.13057524990290403,1.9419435411691666,1.936582792084664,1.9472032501362264,0.08421024959534407,0.31373476844636816,-0.2865500842672033,1.0661193393874377,7.91033905045424e-16,-0.23244964089048525,0.01934553685406814,0.0462136450913304,-1.0436096431476471e-14,,
0e89b46d223723f271af,surrogate,4,10.0,coordinates,isolated,qp,2,,none,True,0.05095596433763509,-0.7460038230494885,0.9985992578163307,0.4440692939830738,0.11186141203385236,0.018428677356008578,0.2515974587249522,5.407668367952821e-14,146,0.012852916028350592,0.03160199895501137,87097344,0.007003958337008953,0.018749082926660776,0.012017541099339724,8.908286690711975e-05,0.006231375504285097,0.0005074166692793369,0.0008029569871723652,0.00790650025010109,0.01874274993315339,0.018945062533020973,,0.3184815364987393,-0.4477529625953063,1.0470123911256277,-2.5419761709530578e-18,-0.29825086045418225,0.018428677356008578,0.04113821558484659,-4.838786467081903e-16,,
0e89b46d223723f271af,surrogate,4,10.0,coordinates,isolated,qp,4,,none,True,0.05937603020845631,-0.7921421053670553,1.0007949017212763,0.43491687250289734,0.1301662549942053,0.020283242720181255,0.29612103592080247,5.934490604199254e-13,2162,0.012852916028350592,0.07322899904102087,94240768,0.006681415718048811,0.06037608301267028,0.05368349980562925,0.00020958296954631805,0.0357225826010108,0.004601499065756798,0.008784583304077387,0.04964133398607373,0.06031822902150452,0.060398499481379986,,0.30479361748973466,-0.5655387228346692,1.065353524385072,-4.207124557585595e-15,-0.2266033825323861,0.020283242720181255,0.04585885443530114,-1.6670146445427046e-14,,
0e89b46d223723f271af,surrogate,4,10.0,coordinates,isolated,qp,,,none,True,0.05964257275209948,-0.792910804387764,1.000962689652437,0.4346573334733115,0.13068533305337704,0.020293494246377032,0.29679288316532704,3.937535977930134e-13,48620,0.012852916028350592,2.2585531659424305,431587328,0.006821792107075453,2.24570024991408,2.239015332888812,0.0023814579471945763,1.438829000107944,0.28140724916011095,0.509441209025681,2.232495792210102,2.2331933539826423,2.2631049170158803,,0.30472736659917415,-0.5676766782831476,1.0662748708766254,-9.244022918181255e-15,-0.22523412610461635,0.020293494246377032,0.04596211093630337,1.0741407760960661e-14,,
0e89b46d223723f271af,surrogate,4,10.0,coordinates,isolated,dmrg,,32,none,False,0.0596168094533626,-0.7928186152678804,1.0009519401626934,0.43470322357670266,0.13059355284659468,0.02029926760335718,0.2967470417097478,0.07439550985431499,0,0.012852916028350592,37.85930470796302,389840896,0.0067283338867127895,37.84645179193467,37.83977499976754,,36.677962416782975,,0.6620285422541201,37.83503608359024,37.771698229480535,38.09851018758491,0.15035491716116667,0.30475364155346046,-0.5673024510770229,1.0661028321039663,1.671777740670788e-05,-0.22551616419085752,0.02029926760335718,0.045979097860193406,-4.899772288513571e-05,,
0e89b46d223723f271af,surrogate,4,10.0,coordinates,isolated,dmrg,,64,none,False,0.059641641683048016,-0.7929092213088883,1.0009620029638027,0.434658574908227,0.13068285018354597,0.020293613878308657,0.2967939672063002,0.010466425426420954,0,0.012852916028350592,57.13401349913329,823296000,0.006854459177702665,57.12116058310494,57.1143236248754,,55.154478083364666,,1.4315365827642381,57.107979957945645,56.97237589559518,57.735166833736,0.1596387499012053,0.3047256112606266,-0.5676699218914266,1.0662687363572796,-2.5226009522927306e-07,-0.22523929941746168,0.020293613878308657,0.045962443942305364,7.844327490347247e-07,,
ef1a2cec9b8f0a611f0f,cosh-grid,2,10.0,coordinates,coupled,qp,2,,none,True,0.06790315058230897,-0.8064702338180123,1.0085831181978213,0.4294284418589689,0.14114311628206222,0.022985869293361483,0.2350102378791567,3.847811227272655e-15,42,5.191611126065254e-05,0.009845498949289322,82493440,0.0038048340938985348,0.00979358283802867,0.006036499980837107,4.6875327825546265e-05,0.003458332736045122,0.00018954183906316757,0.00037074973806738853,0.0041387081146240234,0.009754249593243003,0.00984254153445363,,0.3404725644132963,-0.4954238653653946,1.0476121378666017,-4.466912950640278e-17,-0.3110463684526177,0.022985869293361483,0.0487589381228437,1.3322544129365194e-15,,
ef1a2cec9b8f0a611f0f,cosh-grid,2,10.0,coordinates,coupled,qp,4,,none,True,0.06924363790901691,-0.8100734199080839,1.009350517684777,0.4274596745191004,0.14508065096179923,0.022438568558703208,0.25697240907149327,1.2422668511280255e-14,162,5.191611126065254e-05,0.013008041307330132,82427904,0.0038918331265449524,0.012956125196069479,0.009064292069524527,7.512513548135757e-05,0.005958124995231628,0.00028800126165151596,0.0007223333232104778,0.007151917088776827,0.012873437721282244,0.012974687619134784,,0.3351356173183648,-0.5053775596681598,1.041262384368212,-4.0332320816460765e-17,-0.3046958602399241,0.022438568558703208,0.049243039033508865,2.1218787678703977e-15,,
ef1a2cec9b8f0a611f0f,cosh-grid,2,10.0,coordinates,coupled,qp,,,none,True,0.06924364043803874,-0.810073424901556,1.0093505184936162,0.4274596701043612,0.1450806597912776,0.022438772607818406,0.2569707327061233,9.109687301091794e-15,252,5.191611126065254e-05,0.015713791362941265,83443712,0.0038014170713722706,0.015661875251680613,0.011872667353600264,9.837513789534569e-05,0.007941876072436571,0.00039575016126036644,0.0013566655106842518,0.009924875106662512,0.015601542079821229,0.01571989618241787,,0.33513558779071395,-0.5053775941981793,1.0412623545230921,1.249121112176141e-16,-0.3046958307033767,0.022438772607818406,0.049244814404562166,-2.5310462578779735e-15,,
ef1a2cec9b8f0a611f0f,cosh-grid,2,10.0,coordinates,coupled,dmrg,,32,none,True,0.06924364043803886,-0.8100734249015542,1.0093505184936156,0.42745967010436053,0.14508065979127893,0.022438772607818114,0.25697073270614357,2.6048528712281744e-14,0,5.191611126065254e-05,1.6445814580656588,131465216,0.00391262536868453,1.6445295419543982,1.6404495830647647,,1.351766707841307,,0.13312058243900537,1.6381330001167953,1.63691835408099,1.6456539374776185,0.0846010004170239,0.3351355877907312,-0.5053775941981823,1.0412623545231239,2.498001805406602e-16,-0.3046958307033719,0.022438772607818114,0.04924481440456472,-8.568219642610159e-16,,
ef1a2cec9b8f0a611f0f,cosh-grid,2,10.0,coordinates,coupled,dmrg,,64,none,True,0.06924364043803877,-0.8100734249015545,1.0093505184936156,0.42745967010436065,0.1450806597912787,0.02243877260781802,0.25697073270614246,2.5320258607599517e-14,0,5.191611126065254e-05,1.651957250200212,138395648,0.003879124764353037,1.6519053340889513,1.64807258406654,,1.3614554172381759,,0.1348057920113206,1.6457126657478511,1.650928687537089,1.6772966254502535,0.08301195921376348,0.3351355877907173,-0.5053775941981824,1.0412623545230986,-2.914335439641036e-16,-0.30469583070337214,0.02243877260781802,0.04924481440456264,1.474646387451814e-15,,
1b20c1359794dd974817,cosh-grid,4,10.0,coordinates,coupled,qp,2,,none,True,0.05690545347378477,-0.8349467877562385,0.999016223721656,0.43780161308084464,0.12439677383831071,0.021032251099208327,0.2672687884361119,5.331078922391687e-15,146,6.720796227455139e-05,0.025660082697868347,84918272,0.010949999559670687,0.025592874735593796,0.014642875175923109,8.245790377259254e-05,0.007083999924361706,0.0003187088295817375,0.0010186666622757912,0.008640790823847055,0.025519145419821143,0.025749603984877467,,0.30507901250163455,-0.6129795042969148,1.0726134531341522,1.457167719820518e-16,-0.2219672834593237,0.021032251099208327,0.046438568318699275,-3.3565424932619413e-15,,
1b20c1359794dd974817,cosh-grid,4,10.0,coordinates,coupled,qp,4,,none,True,0.058130369520866046,-0.8377540111808892,0.9994892299013812,0.4357688720567157,0.12846225588656857,0.02020167105648287,0.3093175791911795,1.2862209293139996e-14,2162,6.720796227455139e-05,0.07259733276441693,88801280,0.010712292045354843,0.07253012480214238,0.06181783275678754,0.00021008402109146118,0.04343104176223278,0.0018915841355919838,0.009932623710483313,0.05582199990749359,0.07249824982136488,0.07255095848813653,,0.30052053832069603,-0.6286543128815341,1.0695728328662095,-1.0495077029659683e-16,-0.20909969829935515,0.02020167105648287,0.04559194859443886,-1.2984354053713414e-15,,
1b20c1359794dd974817,cosh-grid,4,10.0,coordinates,coupled,qp,,,none,True,0.05813105402479836,-0.8377551105680818,0.9994894244683329,0.43576755298110104,0.12846489403779793,0.020201336455211803,0.30934828124102376,3.4951179487641255e-14,48620,6.720796227455139e-05,2.0948538747616112,312295424,0.010558582842350006,2.0947866667993367,2.0843256670050323,0.002623416017740965,1.3910177508369088,0.0860117501579225,0.601885334122926,2.07676108321175,2.0925320624373853,2.1039947082754225,,0.300518178456968,-0.6286603446415242,1.0695710344694411,1.0408340855860869e-17,-0.20909476592655762,0.020201336455211803,0.04559301148966888,1.6653345369377348e-16,,
1b20c1359794dd974817,cosh-grid,4,10.0,coordinates,coupled,dmrg,,32,none,False,0.058131053210877755,-0.8377551075143841,0.999489424754342,0.43576755514691135,0.1284648897061773,0.02020156361431856,0.3093470947694893,0.002201657140791088,0,6.720796227455139e-05,9.595560666173697,163495936,0.01068383315578103,9.595493458211422,9.584809625055641,,8.889947499614209,,0.4098447500728071,9.578140625264496,9.574565937742591,9.600588729139417,0.14985874854028225,0.3005181155484654,-0.6286600287118229,1.0695708764867007,-8.326672684688674e-17,-0.20909507880256117,0.02020156361431856,0.04559334972844006,-2.3035215027798103e-15,,
1b20c1359794dd974817,cosh-grid,4,10.0,coordinates,coupled,dmrg,,64,none,False,0.05813105402459846,-0.8377551105677679,0.9994894244682176,0.43576755298150016,0.12846489403699968,0.020201336490708953,0.30934828140129633,8.68087825006258e-06,0,6.720796227455139e-05,7.96584999980405,268222464,0.01073170779272914,7.965782791841775,7.954567749984562,,7.19347458332777,,0.4722797074355185,7.948059249669313,7.943133937427774,7.9762308958452195,0.154554374050349,0.3005181784568859,-0.6286603446370681,1.0695710344666838,-5.2860493759965266e-14,-0.20909476593069976,0.020201336490708953,0.04559301229892228,-2.4758944703042786e-11,,
7f84769c6d5e38135811,surrogate,2,10.0,coordinates,coupled,qp,2,,none,True,0.057102254870145024,-0.5164551805987524,0.9980857742374204,0.43571628872775936,0.12856742254448128,0.01994241128790232,0.270551322135757,4.029061789559334e-15,42,0.0052537089213728905,0.014899625908583403,82001920,0.003788874950259924,0.009645916987210512,0.005872333887964487,4.433281719684601e-05,0.0032752924598753452,0.00016795890405774117,0.0003566667437553406,0.003914874047040939,0.009605458471924067,0.009782812558114529,,0.31638238607258673,-0.2791872549679703,1.068581730429672,-4.705437428587089e-17,-0.23726792563078208,0.01994241128790232,0.047451181656295874,4.0398876485730907e-16,,
7f84769c6d5e38135811,surrogate,2,10.0,coordinates,coupled,qp,4,,none,True,0.05831065325853392,-0.5189997208933106,0.9987136372997627,0.43377497073499965,0.1324500585300007,0.0193453878585672,0.29862882428612314,9.462173061717934e-15,162,0.0052537089213728905,0.017952625639736652,81821696,0.0038066250272095203,0.012698916718363762,0.008842708077281713,7.412489503622055e-05,0.005755166988819838,0.0002694581635296345,0.0007015839219093323,0.006893958896398544,0.012664645910263062,0.012705812929198146,,0.31373478637002106,-0.28655005715796006,1.0661193531892859,-6.505213034913027e-17,-0.23244966373535053,0.0193453878585672,0.04621252555715205,-6.702569596798482e-16,,
7f84769c6d5e38135811,surrogate,2,10.0,coordinates,coupled,qp,,,none,True,0.058310655771971136,-0.518999725157695,0.9987136376026065,0.43377496549293004,0.13245006901413992,0.0193455368540683,0.2986277184275091,6.8276410765139255e-15,252,0.0052537089213728905,0.021269293036311865,84508672,0.003910041879862547,0.016015584114938974,0.012097207829356194,0.00010062474757432938,0.008093374781310558,0.0004020417109131813,0.0013749180361628532,0.010082708671689034,0.01577075058594346,0.01604085462167859,,0.31373476844637,-0.2865500842672086,1.0661193393874406,5.64295240718823e-17,-0.23244964089048636,0.0193455368540683,0.04621364509133085,1.2829771524621419e-15,,
7f84769c6d5e38135811,surrogate,2,10.0,coordinates,coupled,dmrg,,32,none,True,0.05831065577197141,-0.5189997251576933,0.9987136376026076,0.43377496549293043,0.13245006901413914,0.01934553685406904,0.29862771842751,2.327760365856112e-14,0,0.0052537089213728905,1.6156983338296413,133136384,0.003935708198696375,1.6104446249082685,1.6065225000493228,,1.3191345413215458,,0.1330799157731235,1.604179416783154,1.6075743539258838,1.634718146175146,0.08391783386468887,0.3137347684463813,-0.28655008426720735,1.0661193393874604,4.163336342344337e-17,-0.23244964089048598,0.01934553685406904,0.04621364509133246,1.8356652342206065e-14,,
7f84769c6d5e38135811,surrogate,2,10.0,coordinates,coupled,dmrg,,64,none,True,0.05831065577197154,-0.5189997251576928,0.9987136376026067,0.4337749654929297,0.13245006901414058,0.019345536854067383,0.2986277184275235,2.3534303398054183e-14,0,0.0052537089213728905,1.6805968340486288,139821056,0.0038374997675418854,1.675343125127256,1.671505625359714,,1.3738821670413017,,0.13591583259403706,1.6690273745916784,1.6565056045074016,1.675912062637508,0.08955491706728935,0.31373476844637277,-0.28655008426720735,1.0661193393874453,-3.3306690738754696e-16,-0.23244964089048542,0.019345536854067383,0.046213645091331926,1.9411364215599964e-14,,
0e89b46d223723f271af,surrogate,4,10.0,coordinates,coupled,qp,2,,none,True,0.058444167487357965,-0.7900700712416833,1.0004861785871877,0.43662593863008403,0.12674812273983194,0.02103343249417605,0.25977387145417136,4.20596092086742e-13,146,0.012852916028350592,0.036793624982237816,84672512,0.01053699990734458,0.023940708953887224,0.01336170919239521,8.095800876617432e-05,0.005837290547788143,0.0002943328581750393,0.0009699170477688313,0.007306334096938372,0.023690812522545457,0.0241372708696872,,0.30929072698625637,-0.5531256207742506,1.0693138648840803,-8.673617379884035e-17,-0.23694445046743262,0.02103343249417605,0.04664783972010067,-5.594059184171832e-15,,
0e89b46d223723f271af,surrogate,4,10.0,coordinates,coupled,qp,4,,none,True,0.059642035398367536,-0.7929098935251709,1.0009625775597433,0.4346584104737533,0.13068317905249338,0.020293710424312477,0.29677040133499966,5.977311199876044e-13,2162,0.012852916028350592,0.07454641629010439,85704704,0.010530165862292051,0.0616935002617538,0.051163334399461746,0.00020841741934418678,0.0327107491903007,0.0019275830127298832,0.010072832927107811,0.04511545831337571,0.061525187687948346,0.06171512510627508,,0.304729573444287,-0.5676713150742828,1.0662763874872516,1.0495077029659683e-15,-0.22523857845088813,0.020293710424312477,0.04596074803575168,-1.5655572383869838e-14,,
0e89b46d223723f271af,surrogate,4,10.0,coordinates,coupled,qp,,,none,True,0.05964257275209957,-0.7929108043877615,1.000962689652439,0.43465733347331015,0.1306853330533797,0.02029349424637696,0.2967928831653164,6.704280363657238e-14,48620,0.012852916028350592,2.0044346251524985,310116352,0.010670084040611982,1.991581709124148,1.980911625083536,0.0024121669121086597,1.2772977082058787,0.08524870872497559,0.6083002081140876,1.9734593336470425,1.990882521495223,1.998846417060122,,0.30472736659920435,-0.5676766782831536,1.0662748708767003,4.397524011601206e-16,-0.2252341261046079,0.02029349424637696,0.045962110936304125,-8.885253643953206e-15,,
0e89b46d223723f271af,surrogate,4,10.0,coordinates,coupled,dmrg,,32,none,False,0.05964257179565145,-0.792910801331153,1.0009626898691328,0.4346573361307366,0.1306853277385268,0.02029360001577692,0.2967923582364614,0.0019107764495630028,0,0.012852916028350592,9.240406291093677,165904384,0.010639416985213757,9.227553375065327,9.217035292182118,,8.519409209024161,,0.41069449996575713,9.210124250035733,9.218701312551275,9.230147312628105,0.15311991702765226,0.3047273158795579,-0.5676764093765426,1.0662747457569008,-2.7755575615628914e-17,-0.22523439195461037,0.02029360001577692,0.045962466270210195,-1.0147698705544666e-14,,
0e89b46d223723f271af,surrogate,4,10.0,coordinates,coupled,dmrg,,64,none,False,0.05964257275185515,-0.7929108043874111,1.0009626896523391,0.43465733347371405,0.1306853330525719,0.020293494271190933,0.29679288336166487,7.979305857122824e-06,0,0.012852916028350592,7.878064624033868,280887296,0.010673999786376953,7.865211708005518,7.854537708219141,,7.086971875280142,,0.4784456258639693,7.847711209207773,7.795063020428643,7.86834756238386,0.15148437628522515,0.30472736660074706,-0.5676766782785884,1.0662748708761467,-1.6187051699034782e-13,-0.22523412610882276,0.020293494271190933,0.04596211171589575,6.616930310953185e-11,,
