bath_key,family,levels,bandwidth,delta,detuning,gamma,phi,charge_error,current_error,excitation_error,charge_continuum,charge_quadrature_error_continuum,current_continuum,current_quadrature_error_continuum,excitation_continuum,charge_finite,charge_quadrature_error_finite,current_finite,current_quadrature_error_finite,excitation_finite,construction_seconds
ef1a2cec9b8f0a611f0f,cosh-grid,2,10.0,1.0,0.0,0.3,0.8,0.0,0.0017912576520156334,0.024387522467729322,1.0,0.0,0.03646660898081374,1.29429498690461e-14,0.20568302247521383,1.0,0.0,0.03467535132879811,8.122258947272737e-14,0.1812955000074845,5.191611126065254e-05
ef1a2cec9b8f0a611f0f,cosh-grid,2,10.0,1.0,0.6,2.0,1.7,0.006204724994518629,0.0027885743460731305,0.018811069908495404,0.7232649312960897,8.231913942409993e-15,0.17421033254017804,1.1165138690405331e-12,0.48971567097358437,0.7170602063015711,1.2966107755292904e-14,0.1714217581941049,1.5356830679747482e-14,0.47090460106508897,5.191611126065254e-05
ef1a2cec9b8f0a611f0f,cosh-grid,2,10.0,1.0,0.0,10.0,0.2,0.0,0.0006059738930178429,0.07130625905464949,1.0,0.0,0.037152728533145225,3.0830315915380044e-11,0.97170073350295,1.0,0.0,0.03775870242616307,2.9906072890233355e-12,0.9003944744483006,5.191611126065254e-05
1b20c1359794dd974817,cosh-grid,4,10.0,1.0,0.0,0.3,0.8,0.0,0.0005523319644669539,0.005796924093579542,1.0,0.0,0.03646660898081374,1.29429498690461e-14,0.20568302247521383,1.0,0.0,0.037018940945280694,5.634808949033461e-15,0.21147994656879338,6.720796227455139e-05
1b20c1359794dd974817,cosh-grid,4,10.0,1.0,0.6,2.0,1.7,0.0025744085384544757,0.0012047029193706649,0.0032862371243711497,0.7232649312960897,8.231913942409993e-15,0.17421033254017804,1.1165138690405331e-12,0.48971567097358437,0.7258393398345442,8.839820275627467e-13,0.1754150354595487,1.56922166701674e-13,0.4930019080979555,6.720796227455139e-05
1b20c1359794dd974817,cosh-grid,4,10.0,1.0,0.0,10.0,0.2,0.0,8.999110678589023e-05,0.01848994814100302,1.0,0.0,0.037152728533145225,3.0830315915380044e-11,0.97170073350295,1.0,0.0,0.037062737426359335,6.564636407767143e-12,0.953210785361947,6.720796227455139e-05
e386939b991078e0f8ba,cosh-grid,6,10.0,1.0,0.0,0.3,0.8,0.0,4.1659107552043106e-05,2.9288262083843053e-05,1.0,0.0,0.03646660898081374,1.29429498690461e-14,0.20568302247521383,1.0,0.0,0.0364249498732617,6.5763391068159444e-15,0.20571231073729768,7.133278995752335e-05
e386939b991078e0f8ba,cosh-grid,6,10.0,1.0,0.6,2.0,1.7,0.0001734878764347858,9.938137676332448e-05,0.0004853235000885636,0.7232649312960897,8.231913942409993e-15,0.17421033254017804,1.1165138690405331e-12,0.48971567097358437,0.7230914434196549,1.0331895243754256e-12,0.1741109511634147,5.65496145146395e-13,0.49020099447367294,7.133278995752335e-05
e386939b991078e0f8ba,cosh-grid,6,10.0,1.0,0.0,10.0,0.2,0.0,6.104201412948651e-06,0.003570144638913919,1.0,0.0,0.037152728533145225,3.0830315915380044e-11,0.97170073350295,1.0,0.0,0.037158832734558174,5.816713838069505e-11,0.9681305888640361,7.133278995752335e-05
7197041c673afd2ce476,cosh-grid,8,10.0,1.0,0.0,0.3,0.8,0.0,6.850229760518856e-08,8.979616164589421e-05,1.0,0.0,0.03646660898081374,1.29429498690461e-14,0.20568302247521383,1.0,0.0,0.036466540478516135,1.2981172795760454e-14,0.20559322631356794,8.27917829155922e-05
7197041c673afd2ce476,cosh-grid,8,10.0,1.0,0.6,2.0,1.7,8.097455706956858e-06,2.427379164393617e-06,8.730450648730681e-05,0.7232649312960897,8.231913942409993e-15,0.17421033254017804,1.1165138690405331e-12,0.48971567097358437,0.7232568338403828,8.303111984383888e-15,0.17421275991934243,1.336950681401093e-12,0.48962836646709706,8.27917829155922e-05
7197041c673afd2ce476,cosh-grid,8,10.0,1.0,0.0,10.0,0.2,0.0,1.500056659442528e-07,0.001039481642552853,1.0,0.0,0.037152728533145225,3.0830315915380044e-11,0.97170073350295,1.0,0.0,0.03715257852747928,3.8712557922491514e-11,0.9727402151455029,8.27917829155922e-05
0cac2ffaa5efee12d0b7,cosh-grid,10,10.0,1.0,0.0,0.3,0.8,0.0,3.46243610456487e-07,3.2799147652584626e-06,1.0,0.0,0.03646660898081374,1.29429498690461e-14,0.20568302247521383,1.0,0.0,0.0364669552244242,1.472503341306525e-14,0.2056863023899791,8.954200893640518e-05
0cac2ffaa5efee12d0b7,cosh-grid,10,10.0,1.0,0.6,2.0,1.7,1.8711911633495504e-06,2.3698854612064224e-07,1.5268914534294353e-05,0.7232649312960897,8.231913942409993e-15,0.17421033254017804,1.1165138690405331e-12,0.48971567097358437,0.7232668024872531,9.558912870633537e-15,0.17421056952872416,1.3259600205685591e-12,0.4897004020590501,8.954200893640518e-05
0cac2ffaa5efee12d0b7,cosh-grid,10,10.0,1.0,0.0,10.0,0.2,0.0,1.220004703511579e-08,0.0015228541571458143,1.0,0.0,0.037152728533145225,3.0830315915380044e-11,0.97170073350295,1.0,0.0,0.03715271633309819,3.123012707735558e-11,0.9732235876600959,8.954200893640518e-05
81a4955732b57cc62f3a,cosh-grid,12,10.0,1.0,0.0,0.3,0.8,0.0,4.4221743433769944e-08,1.312139539993984e-06,1.0,0.0,0.03646660898081374,1.29429498690461e-14,0.20568302247521383,1.0,0.0,0.03646656475907031,1.3596665348033357e-14,0.20568433461475383,9.170779958367348e-05
81a4955732b57cc62f3a,cosh-grid,12,10.0,1.0,0.6,2.0,1.7,8.627821879159114e-08,3.54341397335034e-08,2.5811923863305886e-06,0.7232649312960897,8.231913942409993e-15,0.17421033254017804,1.1165138690405331e-12,0.48971567097358437,0.7232648450178709,1.476473688561041e-14,0.1742102971060383,1.1606720731278838e-12,0.4897182521659707,9.170779958367348e-05
81a4955732b57cc62f3a,cosh-grid,12,10.0,1.0,0.0,10.0,0.2,0.0,1.427530135766908e-09,0.0007384758899732224,1.0,0.0,0.037152728533145225,3.0830315915380044e-11,0.97170073350295,1.0,0.0,0.03715272996067536,3.060984046286446e-11,0.9724392093929233,9.170779958367348e-05
0ccd6a7ebad9f4a5dc65,cosh-grid,16,10.0,1.0,0.0,0.3,0.8,0.0,3.4138435828223734e-10,1.812983035920368e-08,1.0,0.0,0.03646660898081374,1.29429498690461e-14,0.20568302247521383,1.0,0.0,0.0364666093221981,1.2883448302303599e-14,0.20568300434538347,0.00010629091411828995
0ccd6a7ebad9f4a5dc65,cosh-grid,16,10.0,1.0,0.6,2.0,1.7,1.0484195733795332e-09,2.5367763445416358e-11,7.723344247478892e-08,0.7232649312960897,8.231913942409993e-15,0.17421033254017804,1.1165138690405331e-12,0.48971567097358437,0.7232649323445093,1.0291805163741592e-14,0.17421033251481027,1.1115470915567494e-12,0.4897155937401419,0.00010629091411828995
0ccd6a7ebad9f4a5dc65,cosh-grid,16,10.0,1.0,0.0,10.0,0.2,0.0,1.0254297411194102e-13,5.6567199118395806e-05,1.0,0.0,0.037152728533145225,3.0830315915380044e-11,0.97170073350295,1.0,0.0,0.03715272853324777,3.080609341155982e-11,0.9716441663038317,0.00010629091411828995
2479680ede57077b0426,cosh-grid,24,10.0,1.0,0.0,0.3,0.8,0.0,8.717332411478651e-14,1.4842294060457561e-12,1.0,0.0,0.03646660898081374,1.29429498690461e-14,0.20568302247521383,1.0,0.0,0.03646660898072657,1.294283906727713e-14,0.2056830224737296,0.00014020781964063644
2479680ede57077b0426,cosh-grid,24,10.0,1.0,0.6,2.0,1.7,9.658940314238862e-15,1.1213252548714081e-14,6.795281004556841e-11,0.7232649312960897,8.231913942409993e-15,0.17421033254017804,1.1165138690405331e-12,0.48971567097358437,0.72326493129608,8.23235574493692e-15,0.17421033254016682,1.1165022757677573e-12,0.48971567090563156,0.00014020781964063644
2479680ede57077b0426,cosh-grid,24,10.0,1.0,0.0,10.0,0.2,0.0,2.0816681711721685e-17,2.3354373941408824e-06,1.0,0.0,0.037152728533145225,3.0830315915380044e-11,0.97170073350295,1.0,0.0,0.037152728533145246,3.0830365288433727e-11,0.9717030689403442,0.00014020781964063644
6580a1782ef52e07f9c4,cosh-grid,32,10.0,1.0,0.0,0.3,0.8,0.0,6.938893903907228e-18,1.1657341758564144e-15,1.0,0.0,0.03646660898081374,1.29429498690461e-14,0.20568302247521383,1.0,0.0,0.03646660898081373,1.2942972432302373e-14,0.205683022475215,0.00015733297914266586
6580a1782ef52e07f9c4,cosh-grid,32,10.0,1.0,0.6,2.0,1.7,1.1102230246251565e-16,2.7755575615628914e-17,5.92303983637521e-14,0.7232649312960897,8.231913942409993e-15,0.17421033254017804,1.1165138690405331e-12,0.48971567097358437,0.7232649312960898,8.231959318631938e-15,0.174210332540178,1.116513837917848e-12,0.48971567097352514,0.00015733297914266586
6580a1782ef52e07f9c4,cosh-grid,32,10.0,1.0,0.0,10.0,0.2,0.0,0.0,9.53917123069914e-08,1.0,0.0,0.037152728533145225,3.0830315915380044e-11,0.97170073350295,1.0,0.0,0.037152728533145225,3.08303136766552e-11,0.9717006381112377,0.00015733297914266586
288c70ddb47e6160e7b0,cosh-grid,48,10.0,1.0,0.0,0.3,0.8,0.0,0.0,0.0,1.0,0.0,0.03646660898081374,1.29429498690461e-14,0.20568302247521383,1.0,0.0,0.03646660898081374,1.2943037495924328e-14,0.20568302247521383,0.00022120820358395576
288c70ddb47e6160e7b0,cosh-grid,48,10.0,1.0,0.6,2.0,1.7,0.0,2.7755575615628914e-17,0.0,0.7232649312960897,8.231913942409993e-15,0.17421033254017804,1.1165138690405331e-12,0.48971567097358437,0.7232649312960897,8.232165132915041e-15,0.174210332540178,1.116512951568342e-12,0.48971567097358437,0.00022120820358395576
288c70ddb47e6160e7b0,cosh-grid,48,10.0,1.0,0.0,10.0,0.2,0.0,0.0,1.556735851337976e-10,1.0,0.0,0.037152728533145225,3.0830315915380044e-11,0.97170073350295,1.0,0.0,0.037152728533145225,3.0830315807036425e-11,0.9717007333472765,0.00022120820358395576
bb9ac5099df6bc4513d7,cosh-grid,64,10.0,1.0,0.0,0.3,0.8,0.0,6.938893903907228e-18,1.3877787807814457e-16,1.0,0.0,0.03646660898081374,1.29429498690461e-14,0.20568302247521383,1.0,0.0,0.03646660898081375,1.2943081778219738e-14,0.20568302247521397,0.0002776249311864376
bb9ac5099df6bc4513d7,cosh-grid,64,10.0,1.0,0.6,2.0,1.7,0.0,2.7755575615628914e-17,1.1102230246251565e-16,0.7232649312960897,8.231913942409993e-15,0.17421033254017804,1.1165138690405331e-12,0.48971567097358437,0.7232649312960897,8.232517642267921e-15,0.174210332540178,1.1165138585639516e-12,0.4897156709735845,0.0002776249311864376
bb9ac5099df6bc4513d7,cosh-grid,64,10.0,1.0,0.0,10.0,0.2,0.0,0.0,2.5057733665789783e-13,1.0,0.0,0.037152728533145225,3.0830315915380044e-11,0.97170073350295,1.0,0.0,0.037152728533145225,3.083031586055959e-11,0.9717007335026995,0.0002776249311864376
cbe4835b727b2600a6e7,surrogate,1,10.0,1.0,0.0,0.3,0.8,0.0,0.001646343523241986,0.008157781490118643,1.0,0.0,0.03646660898081374,1.29429498690461e-14,0.20568302247521383,1.0,0.0,0.034820265457571754,4.480400071916006e-15,0.21384080396533248,0.002933249808847904
cbe4835b727b2600a6e7,surrogate,1,10.0,1.0,0.6,2.0,1.7,0.06828870804458576,0.01626009794006053,0.014565955365227423,0.7232649312960897,8.231913942409993e-15,0.17421033254017804,1.1165138690405331e-12,0.48971567097358437,0.654976223251504,2.146685711458541e-14,0.1579502346001175,1.9876647492855836e-14,0.5042816263388118,0.002933249808847904
cbe4835b727b2600a6e7,surrogate,1,10.0,1.0,0.0,10.0,0.2,0.0,0.0041833982544525125,0.02200740985932237,1.0,0.0,0.037152728533145225,3.0830315915380044e-11,0.97170073350295,1.0,0.0,0.03296933027869271,1.3855930047739662e-11,0.9937081433622724,0.002933249808847904
7f84769c6d5e38135811,surrogate,2,10.0,1.0,0.0,0.3,0.8,0.0,0.00037108090409287975,0.002190730586156542,1.0,0.0,0.03646660898081374,1.29429498690461e-14,0.20568302247521383,1.0,0.0,0.03683768988490662,7.57157801827718e-15,0.2034922918890573,0.0052537089213728905
7f84769c6d5e38135811,surrogate,2,10.0,1.0,0.6,2.0,1.7,0.0060235992793786775,0.0009764437397404846,0.0049357084623539715,0.7232649312960897,8.231913942409993e-15,0.17421033254017804,1.1165138690405331e-12,0.48971567097358437,0.717241332016711,5.566208727230169e-13,0.17518677627991852,1.5778985818357916e-14,0.4847799625112304,0.0052537089213728905
7f84769c6d5e38135811,surrogate,2,10.0,1.0,0.0,10.0,0.2,0.0,0.0006962039769848744,0.04485670461899638,1.0,0.0,0.037152728533145225,3.0830315915380044e-11,0.97170073350295,1.0,0.0,0.03645652455616035,4.915869085655666e-12,0.9268440288839537,0.0052537089213728905
34663020eef42b5037a5,surrogate,3,10.0,1.0,0.0,0.3,0.8,0.0,9.494399182091717e-05,0.000724428364672125,1.0,0.0,0.03646660898081374,1.29429498690461e-14,0.20568302247521383,1.0,0.0,0.03637166498899282,2.388148111748151e-13,0.20640745083988596,0.012321833055466413
34663020eef42b5037a5,surrogate,3,10.0,1.0,0.6,2.0,1.7,0.0015261900599901068,0.0002461726286892285,0.002236755794640388,0.7232649312960897,8.231913942409993e-15,0.17421033254017804,1.1165138690405331e-12,0.48971567097358437,0.7217387412360996,2.778046826576487e-14,0.1739641599114888,8.800996895116759e-12,0.49195242676822476,0.012321833055466413
34663020eef42b5037a5,surrogate,3,10.0,1.0,0.0,10.0,0.2,0.0,7.28090915649432e-05,0.02024292156872709,1.0,0.0,0.037152728533145225,3.0830315915380044e-11,0.97170073350295,1.0,0.0,0.03707991944158028,1.2033770325031252e-11,0.9919436550716771,0.012321833055466413
0e89b46d223723f271af,surrogate,4,10.0,1.0,0.0,0.3,0.8,0.0,2.2689229850242354e-05,0.00023529677737205157,1.0,0.0,0.03646660898081374,1.29429498690461e-14,0.20568302247521383,1.0,0.0,0.03648929821066398,6.182624719384866e-15,0.20544772569784178,0.012852916028350592
0e89b46d223723f271af,surrogate,4,10.0,1.0,0.6,2.0,1.7,4.226584478916884e-05,5.019768037692329e-05,0.0009136331481304216,0.7232649312960897,8.231913942409993e-15,0.17421033254017804,1.1165138690405331e-12,0.48971567097358437,0.7232226654513005,1.1655007363190737e-13,0.17426053022055496,4.945177501962884e-14,0.48880203782545395,0.012852916028350592
0e89b46d223723f271af,surrogate,4,10.0,1.0,0.0,10.0,0.2,0.0,6.494815363772277e-06,0.02488028081826066,1.0,0.0,0.037152728533145225,3.0830315915380044e-11,0.97170073350295,1.0,0.0,0.03714623371778145,2.8082729205926937e-11,0.9468204526846894,0.012852916028350592
a2941b38c018b093cc8c,surrogate,5,10.0,1.0,0.0,0.3,0.8,0.0,5.3368248035673416e-06,7.732586888548054e-05,1.0,0.0,0.03646660898081374,1.29429498690461e-14,0.20568302247521383,1.0,0.0,0.03646127215601017,6.906324084778446e-15,0.20576034834409931,0.02032366581261158
a2941b38c018b093cc8c,surrogate,5,10.0,1.0,0.6,2.0,1.7,4.735407902112243e-05,9.613877044067909e-06,0.00038427001852670006,0.7232649312960897,8.231913942409993e-15,0.17421033254017804,1.1165138690405331e-12,0.48971567097358437,0.7232175772170686,7.997676574058269e-13,0.17420071866313397,1.2026702097327259e-13,0.49009994099211107,0.02032366581261158
a2941b38c018b093cc8c,surrogate,5,10.0,1.0,0.0,10.0,0.2,0.0,1.7409790803446512e-08,0.01776486935259347,1.0,0.0,0.037152728533145225,3.0830315915380044e-11,0.97170073350295,1.0,0.0,0.03715271112335442,1.0682081634813927e-11,0.9894656028555435,0.02032366581261158
97655a34bdb6f4801fe0,surrogate,6,10.0,1.0,0.0,0.3,0.8,0.0,1.2267080247707618e-06,2.51435623798979e-05,1.0,0.0,0.03646660898081374,1.29429498690461e-14,0.20568302247521383,1.0,0.0,0.03646783568883851,6.93823542037606e-15,0.20565787891283394,0.02299270872026682
97655a34bdb6f4801fe0,surrogate,6,10.0,1.0,0.6,2.0,1.7,7.394065560939467e-07,2.0127647842316243e-06,0.00015753954163405526,0.7232649312960897,8.231913942409993e-15,0.17421033254017804,1.1165138690405331e-12,0.48971567097358437,0.7232656707026458,4.2199429631974457e-13,0.17421234530496227,5.1814180791669156e-14,0.4895581314319503,0.02299270872026682
97655a34bdb6f4801fe0,surrogate,6,10.0,1.0,0.0,10.0,0.2,0.0,7.081197297281738e-08,0.015287662124496282,1.0,0.0,0.037152728533145225,3.0830315915380044e-11,0.97170073350295,1.0,0.0,0.0371527993451182,7.406345739506647e-12,0.9564130713784538,0.02299270872026682
584ab3176ecc911c66f5,surrogate,7,10.0,1.0,0.0,0.3,0.8,0.0,2.772577849669e-07,8.1397493653379e-06,1.0,0.0,0.03646660898081374,1.29429498690461e-14,0.20568302247521383,1.0,0.0,0.03646633172302877,6.644858477359428e-15,0.20569116222457917,0.058984624687582254
584ab3176ecc911c66f5,surrogate,7,10.0,1.0,0.6,2.0,1.7,2.022456811801021e-06,4.0416225505213177e-07,6.479615619409129e-05,0.7232649312960897,8.231913942409993e-15,0.17421033254017804,1.1165138690405331e-12,0.48971567097358437,0.7232629088392779,1.0231368087795811e-12,0.17420992837792298,4.973883987685632e-13,0.48978046712977846,0.058984624687582254
584ab3176ecc911c66f5,surrogate,7,10.0,1.0,0.0,10.0,0.2,0.0,2.5702234937585722e-08,0.014298659702279393,1.0,0.0,0.037152728533145225,3.0830315915380044e-11,0.97170073350295,1.0,0.0,0.03715275423538016,5.850490083238323e-11,0.9859993932052294,0.058984624687582254
5cdd8fd87638223a88af,surrogate,8,10.0,1.0,0.0,0.3,0.8,0.0,6.181973161156762e-08,2.6190063363851213e-06,1.0,0.0,0.03646660898081374,1.29429498690461e-14,0.20568302247521383,1.0,0.0,0.03646667080054535,9.696869422066047e-15,0.20568040346887745,0.11054395791143179
5cdd8fd87638223a88af,surrogate,8,10.0,1.0,0.6,2.0,1.7,7.480161212658487e-08,8.686000693702844e-08,2.6474125701614337e-05,0.7232649312960897,8.231913942409993e-15,0.17421033254017804,1.1165138690405331e-12,0.48971567097358437,0.7232650060977018,4.90250881970664e-12,0.17421041940018497,9.751390325837375e-13,0.48968919684788276,0.11054395791143179
5cdd8fd87638223a88af,surrogate,8,10.0,1.0,0.0,10.0,0.2,0.0,4.5291815922721135e-09,0.009879841835225056,1.0,0.0,0.037152728533145225,3.0830315915380044e-11,0.97170073350295,1.0,0.0,0.03715273306232682,4.710901813628905e-11,0.961820891667725,0.11054395791143179
f6f15d8de6fc70cafa84,surrogate,9,10.0,1.0,0.0,0.3,0.8,0.0,1.3602335910412044e-08,8.388543904225276e-07,1.0,0.0,0.03646660898081374,1.29429498690461e-14,0.20568302247521383,1.0,0.0,0.03646659537847783,1.2469052846887773e-14,0.20568386132960426,0.23625225014984608
f6f15d8de6fc70cafa84,surrogate,9,10.0,1.0,0.6,2.0,1.7,9.742986450955726e-08,1.8422409153728836e-08,1.081141178732592e-05,0.7232649312960897,8.231913942409993e-15,0.17421033254017804,1.1165138690405331e-12,0.48971567097358437,0.7232648338662252,1.4569573506039878e-14,0.17421031411776888,1.2338142724457022e-12,0.4897264823853717,0.23625225014984608
f6f15d8de6fc70cafa84,surrogate,9,10.0,1.0,0.0,10.0,0.2,0.0,9.585885418772477e-10,0.010389747990414033,1.0,0.0,0.037152728533145225,3.0830315915380044e-11,0.97170073350295,1.0,0.0,0.03715272949173377,3.9206208372955364e-11,0.9820904814933641,0.23625225014984608
ec7f6b150f649684fe3d,surrogate,10,10.0,1.0,0.0,0.3,0.8,0.0,2.9587027480793004e-09,2.676048872218839e-07,1.0,0.0,0.03646660898081374,1.29429498690461e-14,0.20568302247521383,1.0,0.0,0.03646661193951649,1.384228136358307e-14,0.2056827548703266,0.6220549582503736
ec7f6b150f649684fe3d,surrogate,10,10.0,1.0,0.6,2.0,1.7,4.374773210358285e-09,4.101696648994846e-09,4.405786231842512e-06,0.7232649312960897,8.231913942409993e-15,0.17421033254017804,1.1165138690405331e-12,0.48971567097358437,0.7232649356708629,8.258641234707192e-15,0.17421033664187469,1.2993539930210923e-12,0.48971126518735253,0.6220549582503736
ec7f6b150f649684fe3d,surrogate,10,10.0,1.0,0.0,10.0,0.2,0.0,1.482039629907561e-10,0.006554416234767935,1.0,0.0,0.037152728533145225,3.0830315915380044e-11,0.97170073350295,1.0,0.0,0.03715272868134919,3.493473910397863e-11,0.9651463172681821,0.6220549582503736
f8a963cb1bf36ba2aa49,surrogate,11,10.0,1.0,0.0,0.3,0.8,0.0,6.356122086992322e-10,8.50949732067452e-08,1.0,0.0,0.03646660898081374,1.29429498690461e-14,0.20568302247521383,1.0,0.0,0.03646660834520153,1.4095453487670264e-14,0.20568310757018704,1.2426631669513881
f8a963cb1bf36ba2aa49,surrogate,11,10.0,1.0,0.6,2.0,1.7,5.008590431287985e-09,9.120126043260512e-10,1.7941185948000538e-06,0.7232649312960897,8.231913942409993e-15,0.17421033254017804,1.1165138690405331e-12,0.48971567097358437,0.7232649262874993,1.279851384922371e-14,0.17421033162816543,1.2641051270807922e-12,0.48971746509217917,1.2426631669513881
f8a963cb1bf36ba2aa49,surrogate,11,10.0,1.0,0.0,10.0,0.2,0.0,3.027381123565931e-11,0.007021477531833797,1.0,0.0,0.037152728533145225,3.0830315915380044e-11,0.97170073350295,1.0,0.0,0.03715272856341904,3.235538554049512e-11,0.9787222110347839,1.2426631669513881
0370c8627e9055ac9fcc,surrogate,12,10.0,1.0,0.0,0.3,0.8,0.0,1.3488499206459892e-10,2.6987167139891355e-08,1.0,0.0,0.03646660898081374,1.29429498690461e-14,0.20568302247521383,1.0,0.0,0.03646660911569873,1.3787186126420104e-14,0.2056829954880467,2.638988417107612
0370c8627e9055ac9fcc,surrogate,12,10.0,1.0,0.6,2.0,1.7,2.3131474513604644e-10,2.098788920434913e-10,7.299424130691179e-07,0.7232649312960897,8.231913942409993e-15,0.17421033254017804,1.1165138690405331e-12,0.48971567097358437,0.7232649315274045,8.22526347121523e-15,0.17421033275005693,1.20459205537298e-12,0.4897149410311713,2.638988417107612
0370c8627e9055ac9fcc,surrogate,12,10.0,1.0,0.0,10.0,0.2,0.0,4.593533886598777e-12,0.004405901338112139,1.0,0.0,0.037152728533145225,3.0830315915380044e-11,0.97170073350295,1.0,0.0,0.03715272853773876,3.132914877747666e-11,0.9672948321648379,2.638988417107612
fc8972b596bf21fc94d8,linear-gl,2,10.0,1.0,0.0,0.3,0.8,0.0,0.02632839296762975,0.1571439409952974,1.0,0.0,0.03646660898081374,1.29429498690461e-14,0.20568302247521383,1.0,0.0,0.01013821601318399,1.3382774381931085e-14,0.04853908147991642,4.045804962515831e-05
fc8972b596bf21fc94d8,linear-gl,2,10.0,1.0,0.6,2.0,1.7,0.43364058126398575,0.13948524047785027,0.01740851602835497,0.7232649312960897,8.231913942409993e-15,0.17421033254017804,1.1165138690405331e-12,0.48971567097358437,0.28962435003210396,1.3542305367124193e-12,0.034725092062327774,2.644368389813171e-14,0.4723071549452294,4.045804962515831e-05
fc8972b596bf21fc94d8,linear-gl,2,10.0,1.0,0.0,10.0,0.2,0.0,0.007537673487943441,0.3225111836661769,1.0,0.0,0.037152728533145225,3.0830315915380044e-11,0.97170073350295,1.0,0.0,0.029615055045201785,1.608769702462236e-11,0.6491895498367731,4.045804962515831e-05
1d16033e80a0755671d1,linear-gl,4,10.0,1.0,0.0,0.3,0.8,0.0,0.018112191103528356,0.11584519720271128,1.0,0.0,0.03646660898081374,1.29429498690461e-14,0.20568302247521383,1.0,0.0,0.018354417877285385,2.060166245736655e-14,0.08983782527250256,4.141731187701225e-05
1d16033e80a0755671d1,linear-gl,4,10.0,1.0,0.6,2.0,1.7,0.24331323679153916,0.08849845814665781,0.04493718322216089,0.7232649312960897,8.231913942409993e-15,0.17421033254017804,1.1165138690405331e-12,0.48971567097358437,0.47995169450455055,1.1531785311700372e-14,0.08571187439352022,1.4722697835773642e-12,0.4447784877514235,4.141731187701225e-05
1d16033e80a0755671d1,linear-gl,4,10.0,1.0,0.0,10.0,0.2,0.0,0.0028085464901651466,0.1851079587541663,1.0,0.0,0.037152728533145225,3.0830315915380044e-11,0.97170073350295,1.0,0.0,0.03434418204298008,4.4906888197277745e-11,0.7865927747487838,4.141731187701225e-05
982ca6fc1f2583884c24,linear-gl,6,10.0,1.0,0.0,0.3,0.8,0.0,0.012140672842950617,0.0835067650929334,1.0,0.0,0.03646660898081374,1.29429498690461e-14,0.20568302247521383,1.0,0.0,0.024325936137863123,1.5144111422859028e-14,0.12217625738228044,4.570884630084038e-05
982ca6fc1f2583884c24,linear-gl,6,10.0,1.0,0.6,2.0,1.7,0.13751157934833913,0.053344067330141035,0.0426900061413073,0.7232649312960897,8.231913942409993e-15,0.17421033254017804,1.1165138690405331e-12,0.48971567097358437,0.5857533519477506,2.1345238874639006e-14,0.120866265210037,1.048898207404614e-12,0.44702566483227707,4.570884630084038e-05
982ca6fc1f2583884c24,linear-gl,6,10.0,1.0,0.0,10.0,0.2,0.0,0.0012829388705880643,0.1268135948520862,1.0,0.0,0.037152728533145225,3.0830315915380044e-11,0.97170073350295,1.0,0.0,0.03586978966255716,2.464755818156924e-11,0.8448871386508638,4.570884630084038e-05
905b040555a9771e8b88,linear-gl,8,10.0,1.0,0.0,0.3,0.8,0.0,0.008021344528874725,0.059212370673261294,1.0,0.0,0.03646660898081374,1.29429498690461e-14,0.20568302247521383,1.0,0.0,0.028445264451939015,4.224635234652041e-13,0.14647065180195254,4.329206421971321e-05
905b040555a9771e8b88,linear-gl,8,10.0,1.0,0.6,2.0,1.7,0.08028498597105249,0.03230195972019878,0.034168542087583686,0.7232649312960897,8.231913942409993e-15,0.17421033254017804,1.1165138690405331e-12,0.48971567097358437,0.6429799453250372,7.57155696486336e-15,0.14190837281997926,1.1134817372882127e-12,0.4555471288860007,4.329206421971321e-05
905b040555a9771e8b88,linear-gl,8,10.0,1.0,0.0,10.0,0.2,0.0,0.0006480898948556732,0.09472316237053768,1.0,0.0,0.037152728533145225,3.0830315915380044e-11,0.97170073350295,1.0,0.0,0.03650463863828955,2.2970753932597616e-11,0.8769775711324124,4.329206421971321e-05
dea852bf7a83d83d7f41,linear-gl,10,10.0,1.0,0.0,0.3,0.8,0.0,0.005260589947366012,0.04147178651696212,1.0,0.0,0.03646660898081374,1.29429498690461e-14,0.20568302247521383,1.0,0.0,0.03120601903344773,1.3232760401673746e-13,0.1642112359582517,4.574982449412346e-05
dea852bf7a83d83d7f41,linear-gl,10,10.0,1.0,0.6,2.0,1.7,0.04836109013437517,0.01986453325230375,0.02576136490679337,0.7232649312960897,8.231913942409993e-15,0.17421033254017804,1.1165138690405331e-12,0.48971567097358437,0.6749038411617145,2.0524809903407594e-14,0.15434579928787429,1.1112298484040217e-12,0.463954306066791,4.574982449412346e-05
dea852bf7a83d83d7f41,linear-gl,10,10.0,1.0,0.0,10.0,0.2,0.0,0.00034736156720995004,0.0744582595053278,1.0,0.0,0.037152728533145225,3.0830315915380044e-11,0.97170073350295,1.0,0.0,0.036805366965935275,2.4998935609018195e-11,0.8972424739976222,4.574982449412346e-05
28035b60748045bfe161,linear-gl,12,10.0,1.0,0.0,0.3,0.8,0.0,0.0034384915413758,0.028779201674192567,1.0,0.0,0.03646660898081374,1.29429498690461e-14,0.20568302247521383,1.0,0.0,0.03302811743943794,4.488570744239617e-14,0.17690382080102127,4.616612568497658e-05
28035b60748045bfe161,linear-gl,12,10.0,1.0,0.6,2.0,1.7,0.02984454041373097,0.012397202028765791,0.01891241464043536,0.7232649312960897,8.231913942409993e-15,0.17421033254017804,1.1165138690405331e-12,0.48971567097358437,0.6934203908823587,1.0352591017956636e-14,0.16181313051141225,1.1133250252912997e-12,0.470803256333149,4.616612568497658e-05
28035b60748045bfe161,linear-gl,12,10.0,1.0,0.0,10.0,0.2,0.0,0.00019349368175991533,0.06052589770562333,1.0,0.0,0.037152728533145225,3.0830315915380044e-11,0.97170073350295,1.0,0.0,0.03695923485138531,2.6327095068752223e-11,0.9111748357973267,4.616612568497658e-05
a5f77eedad5b8611e5ad,linear-gl,16,10.0,1.0,0.0,0.3,0.8,0.0,0.0014658027284491018,0.013598715669681127,1.0,0.0,0.03646660898081374,1.29429498690461e-14,0.20568302247521383,1.0,0.0,0.03500080625236464,1.7956938299361293e-14,0.1920843068055327,4.937499761581421e-05
a5f77eedad5b8611e5ad,linear-gl,16,10.0,1.0,0.6,2.0,1.7,0.011923525799202972,0.0049892728180059576,0.009835192327056319,0.7232649312960897,8.231913942409993e-15,0.17421033254017804,1.1165138690405331e-12,0.48971567097358437,0.7113414054968867,1.3479720014143252e-14,0.16922105972217208,1.1155946004682015e-12,0.47988047864652805,4.937499761581421e-05
a5f77eedad5b8611e5ad,linear-gl,16,10.0,1.0,0.0,10.0,0.2,0.0,6.460427791619983e-05,0.04266964881872781,1.0,0.0,0.037152728533145225,3.0830315915380044e-11,0.97170073350295,1.0,0.0,0.037088124255229026,2.7634987788209167e-11,0.9290310846842222,4.937499761581421e-05
491879ddbf5d9fdecff5,linear-gl,24,10.0,1.0,0.0,0.3,0.8,0.0,0.0002684454662438551,0.0029200374728405865,1.0,0.0,0.03646660898081374,1.29429498690461e-14,0.20568302247521383,1.0,0.0,0.036198163514569885,1.3495736429114837e-14,0.20276298500237325,5.629099905490875e-05
491879ddbf5d9fdecff5,linear-gl,24,10.0,1.0,0.6,2.0,1.7,0.002092274492227597,0.0008690632298284928,0.002521996583643382,0.7232649312960897,8.231913942409993e-15,0.17421033254017804,1.1165138690405331e-12,0.48971567097358437,0.7211726568038621,8.565740926002048e-15,0.17334126931034954,1.1163399118415214e-12,0.487193674389941,5.629099905490875e-05
491879ddbf5d9fdecff5,linear-gl,24,10.0,1.0,0.0,10.0,0.2,0.0,8.457226633729054e-06,0.02448595566273848,1.0,0.0,0.037152728533145225,3.0830315915380044e-11,0.97170073350295,1.0,0.0,0.037144271306511496,2.8868671805057588e-11,0.9472147778402116,5.629099905490875e-05
479fc2757a17499833b1,linear-gl,32,10.0,1.0,0.0,0.3,0.8,0.0,4.982997437183445e-05,0.0006154480533460682,1.0,0.0,0.03646660898081374,1.29429498690461e-14,0.20568302247521383,1.0,0.0,0.036416779006441906,1.3066102012313162e-14,0.20506757442186777,6.412528455257416e-05
479fc2757a17499833b1,linear-gl,32,10.0,1.0,0.6,2.0,1.7,0.0003858896091001318,0.00015821339842572724,0.0006320678048189476,0.7232649312960897,8.231913942409993e-15,0.17421033254017804,1.1165138690405331e-12,0.48971567097358437,0.7228790416869896,8.540818923907455e-15,0.1740521191417523,1.1164417666479229e-12,0.4890836031687654,6.412528455257416e-05
479fc2757a17499833b1,linear-gl,32,10.0,1.0,0.0,10.0,0.2,0.0,1.236866664457159e-06,0.015472816587444704,1.0,0.0,0.037152728533145225,3.0830315915380044e-11,0.97170073350295,1.0,0.0,0.03715149166648077,3.004684153183468e-11,0.9562279169155053,6.412528455257416e-05
b48e44199e0a23546558,linear-gl,64,10.0,1.0,0.0,0.3,0.8,0.0,6.40531113149656e-08,1.1869554012444716e-06,1.0,0.0,0.03646660898081374,1.29429498690461e-14,0.20568302247521383,1.0,0.0,0.036466544927702425,1.2942981890238066e-14,0.2056818355198126,0.00014062458649277687
b48e44199e0a23546558,linear-gl,64,10.0,1.0,0.6,2.0,1.7,5.12189644252814e-07,2.0151753687969176e-07,2.411110152145124e-06,0.7232649312960897,8.231913942409993e-15,0.17421033254017804,1.1165138690405331e-12,0.48971567097358437,0.7232644191064455,8.232486327505012e-15,0.17421013102264116,1.1165146110803764e-12,0.4897132598634322,0.00014062458649277687
b48e44199e0a23546558,linear-gl,64,10.0,1.0,0.0,10.0,0.2,0.0,8.902472162231057e-10,0.0033320900350449767,1.0,0.0,0.037152728533145225,3.0830315915380044e-11,0.97170073350295,1.0,0.0,0.03715272764289801,3.0834996875580715e-11,0.9683686434679051,0.00014062458649277687
29378947fe287ea81036,linear-gl,128,10.0,1.0,0.0,0.3,0.8,0.0,1.2551765182777785e-13,4.3967329776961606e-12,1.0,0.0,0.03646660898081374,1.29429498690461e-14,0.20568302247521383,1.0,0.0,0.03646660898068822,1.2943023177504569e-14,0.2056830224708171,0.00041233375668525696
29378947fe287ea81036,linear-gl,128,10.0,1.0,0.6,2.0,1.7,1.1080025785759062e-12,4.176659018639839e-13,3.4806324489267126e-11,0.7232649312960897,8.231913942409993e-15,0.17421033254017804,1.1165138690405331e-12,0.48971567097358437,0.7232649312949817,8.232001813950433e-15,0.17421033253976037,1.116513581192512e-12,0.48971567093877805,0.00041233375668525696
29378947fe287ea81036,linear-gl,128,10.0,1.0,0.0,10.0,0.2,0.0,1.0200174038743626e-15,0.00017610161144121506,1.0,0.0,0.037152728533145225,3.0830315915380044e-11,0.97170073350295,1.0,0.0,0.037152728533144205,3.083031580027802e-11,0.9715246318915088,0.00041233375668525696
4dcd074dc8dfd7ee8e5d,linear-gl,256,10.0,1.0,0.0,0.3,0.8,0.0,7.494005416219807e-16,5.10702591327572e-15,1.0,0.0,0.03646660898081374,1.29429498690461e-14,0.20568302247521383,1.0,0.0,0.03646660898081449,1.2942940598343539e-14,0.20568302247521894,0.0015219170600175858
4dcd074dc8dfd7ee8e5d,linear-gl,256,10.0,1.0,0.6,2.0,1.7,7.549516567451064e-15,2.9976021664879227e-15,2.7200464103316335e-15,0.7232649312960897,8.231913942409993e-15,0.17421033254017804,1.1165138690405331e-12,0.48971567097358437,0.7232649312960973,8.232655260032165e-15,0.17421033254018103,1.1165147963062549e-12,0.4897156709735871,0.0015219170600175858
4dcd074dc8dfd7ee8e5d,linear-gl,256,10.0,1.0,0.0,10.0,0.2,0.0,1.5959455978986625e-16,4.226997764034124e-07,1.0,0.0,0.037152728533145225,3.0830315915380044e-11,0.97170073350295,1.0,0.0,0.037152728533145385,3.08303147070704e-11,0.9717003108031737,0.0015219170600175858
7d988e925217a05202c2,linear-gl,512,10.0,1.0,0.0,0.3,0.8,0.0,4.718447854656915e-16,3.164135620181696e-15,1.0,0.0,0.03646660898081374,1.29429498690461e-14,0.20568302247521383,1.0,0.0,0.03646660898081421,1.294298419078279e-14,0.205683022475217,0.00580187514424324
7d988e925217a05202c2,linear-gl,512,10.0,1.0,0.6,2.0,1.7,4.773959005888173e-15,1.887379141862766e-15,1.7208456881689926e-15,0.7232649312960897,8.231913942409993e-15,0.17421033254017804,1.1165138690405331e-12,0.48971567097358437,0.7232649312960945,8.232028041381711e-15,0.17421033254017992,1.1165145095412978e-12,0.4897156709735861,0.00580187514424324
7d988e925217a05202c2,linear-gl,512,10.0,1.0,0.0,10.0,0.2,0.0,9.71445146547012e-17,2.3634427748220332e-12,1.0,0.0,0.037152728533145225,3.0830315915380044e-11,0.97170073350295,1.0,0.0,0.03715272853314532,3.083031468405418e-11,0.9717007335005866,0.00580187514424324
639c1a4f2b835d535ace,linear-gl,1024,10.0,1.0,0.0,0.3,0.8,0.0,6.591949208711867e-16,4.3298697960381105e-15,1.0,0.0,0.03646660898081374,1.29429498690461e-14,0.20568302247521383,1.0,0.0,0.03646660898081308,1.29430893926632e-14,0.2056830224752095,0.022948709316551685
639c1a4f2b835d535ace,linear-gl,1024,10.0,1.0,0.6,2.0,1.7,6.5503158452884236e-15,2.7478019859472624e-15,2.275957200481571e-15,0.7232649312960897,8.231913942409993e-15,0.17421033254017804,1.1165138690405331e-12,0.48971567097358437,0.7232649312960832,8.232197385204491e-15,0.1742103325401753,1.1165138783311751e-12,0.4897156709735821,0.022948709316551685
639c1a4f2b835d535ace,linear-gl,1024,10.0,1.0,0.0,10.0,0.2,0.0,1.457167719820518e-16,1.1102230246251565e-16,1.0,0.0,0.037152728533145225,3.0830315915380044e-11,0.97170073350295,1.0,0.0,0.03715272853314508,3.083031580316551e-11,0.9717007335029499,0.022948709316551685
c53f3e13d283ecd4d9fa,linear-gl,2048,10.0,1.0,0.0,0.3,0.8,0.0,3.2612801348363973e-16,2.1649348980190553e-15,1.0,0.0,0.03646660898081374,1.29429498690461e-14,0.20568302247521383,1.0,0.0,0.036466608980814066,1.2943026895678261e-14,0.205683022475216,0.09046470792964101
c53f3e13d283ecd4d9fa,linear-gl,2048,10.0,1.0,0.6,2.0,1.7,3.3306690738754696e-15,1.304512053934559e-15,1.1657341758564144e-15,0.7232649312960897,8.231913942409993e-15,0.17421033254017804,1.1165138690405331e-12,0.48971567097358437,0.723264931296093,8.232850214021884e-15,0.17421033254017934,1.116512950862836e-12,0.48971567097358554,0.09046470792964101
c53f3e13d283ecd4d9fa,linear-gl,2048,10.0,1.0,0.0,10.0,0.2,0.0,7.632783294297951e-17,1.1102230246251565e-15,1.0,0.0,0.037152728533145225,3.0830315915380044e-11,0.97170073350295,1.0,0.0,0.0371527285331453,3.083031590644556e-11,0.9717007335029512,0.09046470792964101
f94a819b6582240ce1d4,cosh-grid,2,100.0,1.0,0.0,0.3,0.8,0.0,0.01451812755516076,0.10060087324324977,1.0,0.0,0.03825324826488347,6.319869000094504e-14,0.21543144953507934,1.0,0.0,0.023735120709722713,2.6462010900342703e-13,0.11483057629182956,5.695922300219536e-05
f94a819b6582240ce1d4,cosh-grid,2,100.0,1.0,0.6,2.0,1.7,0.1433221801844723,0.05934521639538559,0.04909222304028088,0.7523897498247243,4.816088915730183e-14,0.18308996908077382,4.199718921108984e-12,0.4941770109498243,0.609067569640252,2.3409345414287318e-14,0.12374475268538823,7.77977226013194e-15,0.4450847879095434,5.695922300219536e-05
f94a819b6582240ce1d4,cosh-grid,2,100.0,1.0,0.0,10.0,0.2,0.0,3.308297133571697e-05,0.14843194009251504,1.0,0.0,0.03847389195640503,4.791739773973136e-11,0.9722095762223962,1.0,0.0,0.038506974927740745,1.634360386553416e-11,0.8237776361298812,5.695922300219536e-05
5782649bf18d979ca3a1,cosh-grid,4,100.0,1.0,0.0,0.3,0.8,0.0,0.0020241790003852414,0.00744702769042066,1.0,0.0,0.03825324826488347,6.319869000094504e-14,0.21543144953507934,1.0,0.0,0.040277427265268714,4.962805918515986e-15,0.2228784772255,6.679212674498558e-05
5782649bf18d979ca3a1,cosh-grid,4,100.0,1.0,0.6,2.0,1.7,0.011499065458107083,0.007175059863178956,0.0003662507561267292,0.7523897498247243,4.816088915730183e-14,0.18308996908077382,4.199718921108984e-12,0.4941770109498243,0.7638888152828314,1.7631935252138715e-12,0.19026502894395278,2.056557165483704e-13,0.4938107601936976,6.679212674498558e-05
5782649bf18d979ca3a1,cosh-grid,4,100.0,1.0,0.0,10.0,0.2,0.0,0.00010922044558413224,0.04027567767155771,1.0,0.0,0.03847389195640503,4.791739773973136e-11,0.9722095762223962,1.0,0.0,0.038364671510820895,5.175980649793524e-12,0.9319338985508385,6.679212674498558e-05
9227f6f8c91545f6aeea,cosh-grid,6,100.0,1.0,0.0,0.3,0.8,0.0,0.0002753051911036711,0.004911208609596596,1.0,0.0,0.03825324826488347,6.319869000094504e-14,0.21543144953507934,1.0,0.0,0.038528553455987144,7.652736064874949e-13,0.22034265814467593,7.254071533679962e-05
9227f6f8c91545f6aeea,cosh-grid,6,100.0,1.0,0.6,2.0,1.7,0.0008554839711087947,0.00011941341415711015,0.0033259967346710995,0.7523897498247243,4.816088915730183e-14,0.18308996908077382,4.199718921108984e-12,0.4941770109498243,0.7532452337958331,2.9391586152307016e-14,0.18320938249493093,9.662505769773513e-12,0.4975030076844954,7.254071533679962e-05
9227f6f8c91545f6aeea,cosh-grid,6,100.0,1.0,0.0,10.0,0.2,0.0,5.457582592017368e-05,0.01521643505368142,1.0,0.0,0.03847389195640503,4.791739773973136e-11,0.9722095762223962,1.0,0.0,0.038419316130484854,6.504176479076824e-12,0.9569931411687148,7.254071533679962e-05
e17ca542f481b9c29178,cosh-grid,8,100.0,1.0,0.0,0.3,0.8,0.0,7.83169252548746e-05,2.466270628229128e-05,1.0,0.0,0.03825324826488347,6.319869000094504e-14,0.21543144953507934,1.0,0.0,0.0381749313396286,8.192799052847441e-15,0.21540678682879705,8.020829409360886e-05
e17ca542f481b9c29178,cosh-grid,8,100.0,1.0,0.6,2.0,1.7,0.0002826037076413268,0.00015384716097618933,0.0006537529228767269,0.7523897498247243,4.816088915730183e-14,0.18308996908077382,4.199718921108984e-12,0.4941770109498243,0.752107146117083,1.4201096120320854e-13,0.18293612191979763,5.631543979077724e-14,0.49483076387270103,8.020829409360886e-05
e17ca542f481b9c29178,cosh-grid,8,100.0,1.0,0.0,10.0,0.2,0.0,1.0773943273048592e-05,0.0045118757698695555,1.0,0.0,0.03847389195640503,4.791739773973136e-11,0.9722095762223962,1.0,0.0,0.038484665899678076,2.058124197972726e-11,0.9676977004525267,8.020829409360886e-05
4ddb7a8efe2d045bb28a,cosh-grid,10,100.0,1.0,0.0,0.3,0.8,0.0,2.857749946870436e-06,0.00021901792450679247,1.0,0.0,0.03825324826488347,6.319869000094504e-14,0.21543144953507934,1.0,0.0,0.0382503905149366,7.649673445138998e-14,0.21521243161057255,8.629076182842255e-05
4ddb7a8efe2d045bb28a,cosh-grid,10,100.0,1.0,0.6,2.0,1.7,3.413929346729461e-05,7.397064052894198e-06,0.00010328879620485898,0.7523897498247243,4.816088915730183e-14,0.18308996908077382,4.199718921108984e-12,0.4941770109498243,0.752355610531257,4.262098625277626e-12,0.18309736614482672,5.370353903040619e-12,0.49407372215361944,8.629076182842255e-05
4ddb7a8efe2d045bb28a,cosh-grid,10,100.0,1.0,0.0,10.0,0.2,0.0,5.71350915155866e-07,4.434078969517419e-05,1.0,0.0,0.03847389195640503,4.791739773973136e-11,0.9722095762223962,1.0,0.0,0.03847332060548987,9.476264364639045e-12,0.9722539170120914,8.629076182842255e-05
c585ebffe5f4b2ee19e1,cosh-grid,12,100.0,1.0,0.0,0.3,0.8,0.0,2.5898131041923733e-06,1.8842272260982673e-05,1.0,0.0,0.03825324826488347,6.319869000094504e-14,0.21543144953507934,1.0,0.0,0.038255838077987665,1.0785323928726249e-13,0.21541260726281836,9.291712194681168e-05
c585ebffe5f4b2ee19e1,cosh-grid,12,100.0,1.0,0.6,2.0,1.7,8.920289492064803e-06,2.3883937434743263e-06,7.112183411783768e-05,0.7523897498247243,4.816088915730183e-14,0.18308996908077382,4.199718921108984e-12,0.4941770109498243,0.7523986701142164,6.723590968951948e-14,0.1830923574745173,7.2132809524360314e-12,0.49410588911570646,9.291712194681168e-05
c585ebffe5f4b2ee19e1,cosh-grid,12,100.0,1.0,0.0,10.0,0.2,0.0,1.309138562624601e-07,0.001525954251031636,1.0,0.0,0.03847389195640503,4.791739773973136e-11,0.9722095762223962,1.0,0.0,0.038473761042548765,8.395665486348549e-12,0.9737355304734279,9.291712194681168e-05
549fddca29a8d639b2ad,cosh-grid,16,100.0,1.0,0.0,0.3,0.8,0.0,8.71263914695164e-08,1.7429496528553745e-06,1.0,0.0,0.03825324826488347,6.319869000094504e-14,0.21543144953507934,1.0,0.0,0.038253161138492,5.854397059527844e-14,0.2154331924847322,0.0001065409742295742
549fddca29a8d639b2ad,cosh-grid,16,100.0,1.0,0.6,2.0,1.7,2.3200530285816257e-07,3.537549406185114e-08,4.2359701097338665e-06,0.7523897498247243,4.816088915730183e-14,0.18308996908077382,4.199718921108984e-12,0.4941770109498243,0.7523895178194214,5.334481714736155e-14,0.18308993370527976,3.860514148623357e-12,0.49418124691993404,0.0001065409742295742
549fddca29a8d639b2ad,cosh-grid,16,100.0,1.0,0.0,10.0,0.2,0.0,8.954530103522096e-10,0.000830230993321468,1.0,0.0,0.03847389195640503,4.791739773973136e-11,0.9722095762223962,1.0,0.0,0.03847389285185804,4.4876477122325136e-11,0.9730398072157177,0.0001065409742295742
abf69d4da3bd0131a18a,cosh-grid,24,100.0,1.0,0.0,0.3,0.8,0.0,1.1148135886651644e-10,5.736264935274349e-09,1.0,0.0,0.03825324826488347,6.319869000094504e-14,0.21543144953507934,1.0,0.0,0.038253248153402114,6.324989226438206e-14,0.21543145527134427,0.00013416726142168045
abf69d4da3bd0131a18a,cosh-grid,24,100.0,1.0,0.6,2.0,1.7,1.5291945487660996e-10,2.240760355043392e-11,1.508251729065435e-08,0.7523897498247243,4.816088915730183e-14,0.18308996908077382,4.199718921108984e-12,0.4941770109498243,0.7523897496718048,4.7935157533077695e-14,0.18308996910318143,4.201638524165857e-12,0.494176995867307,0.00013416726142168045
abf69d4da3bd0131a18a,cosh-grid,24,100.0,1.0,0.0,10.0,0.2,0.0,4.0736858331058556e-13,6.861774130950682e-05,1.0,0.0,0.03847389195640503,4.791739773973136e-11,0.9722095762223962,1.0,0.0,0.03847389195599766,4.7906371048280766e-11,0.9721409584810867,0.00013416726142168045
09a823378120fdd7ee38,cosh-grid,32,100.0,1.0,0.0,0.3,0.8,0.0,1.5442508383145537e-13,7.522704681406367e-12,1.0,0.0,0.03825324826488347,6.319869000094504e-14,0.21543144953507934,1.0,0.0,0.03825324826472905,6.319806483311374e-14,0.21543144954260204,0.00016075000166893005
09a823378120fdd7ee38,cosh-grid,32,100.0,1.0,0.6,2.0,1.7,9.403589018575076e-14,4.107825191113079e-14,1.5937007269428705e-10,0.7523897498247243,4.816088915730183e-14,0.18308996908077382,4.199718921108984e-12,0.4941770109498243,0.7523897498246302,4.816945759864644e-14,0.1830899690808149,4.1996563546168935e-12,0.49417701079045423,0.00016075000166893005
09a823378120fdd7ee38,cosh-grid,32,100.0,1.0,0.0,10.0,0.2,0.0,7.632783294297951e-17,2.288209224876603e-06,1.0,0.0,0.03847389195640503,4.791739773973136e-11,0.9722095762223962,1.0,0.0,0.03847389195640495,4.7916857097620834e-11,0.9722118644316211,0.00016075000166893005
24efdc9c097d0a2ae326,cosh-grid,48,100.0,1.0,0.0,0.3,0.8,0.0,2.0816681711721685e-17,3.3306690738754696e-16,1.0,0.0,0.03825324826488347,6.319869000094504e-14,0.21543144953507934,1.0,0.0,0.03825324826488345,6.319870254769939e-14,0.215431449535079,0.00021504098549485207
24efdc9c097d0a2ae326,cosh-grid,48,100.0,1.0,0.6,2.0,1.7,2.220446049250313e-16,2.7755575615628914e-17,5.051514762044462e-15,0.7523897498247243,4.816088915730183e-14,0.18308996908077382,4.199718921108984e-12,0.4941770109498243,0.7523897498247241,4.8161715177195906e-14,0.1830899690807738,4.199718679226886e-12,0.49417701094982935,0.00021504098549485207
24efdc9c097d0a2ae326,cosh-grid,48,100.0,1.0,0.0,10.0,0.2,0.0,6.938893903907228e-18,5.3561928003986736e-08,1.0,0.0,0.03847389195640503,4.791739773973136e-11,0.9722095762223962,1.0,0.0,0.038473891956405035,4.791739405874355e-11,0.9722095226604682,0.00021504098549485207
b4b2d423797b9c3b117d,cosh-grid,64,100.0,1.0,0.0,0.3,0.8,0.0,2.7755575615628914e-17,2.7755575615628914e-16,1.0,0.0,0.03825324826488347,6.319869000094504e-14,0.21543144953507934,1.0,0.0,0.0382532482648835,6.319877188464869e-14,0.21543144953507962,0.0002864580601453781
b4b2d423797b9c3b117d,cosh-grid,64,100.0,1.0,0.6,2.0,1.7,1.1102230246251565e-16,1.1102230246251565e-16,5.551115123125783e-17,0.7523897498247243,4.816088915730183e-14,0.18308996908077382,4.199718921108984e-12,0.4941770109498243,0.7523897498247244,4.8160126728803816e-14,0.18308996908077393,4.199718622589532e-12,0.49417701094982436,0.0002864580601453781
b4b2d423797b9c3b117d,cosh-grid,64,100.0,1.0,0.0,10.0,0.2,0.0,0.0,1.8438384152830167e-10,1.0,0.0,0.03847389195640503,4.791739773973136e-11,0.9722095762223962,1.0,0.0,0.03847389195640503,4.791739446040926e-11,0.9722095760380124,0.0002864580601453781
923171ef15682533ffe2,surrogate,1,100.0,1.0,0.0,0.3,0.8,0.0,0.0020124382842899163,0.009624539771334706,1.0,0.0,0.03825324826488347,6.319869000094504e-14,0.21543144953507934,1.0,0.0,0.03624080998059356,1.945493806537923e-15,0.22505598930641404,0.0023743328638374805
923171ef15682533ffe2,surrogate,1,100.0,1.0,0.6,2.0,1.7,0.0815535302586361,0.019357501248776332,0.016099664137196712,0.7523897498247243,4.816088915730183e-14,0.18308996908077382,4.199718921108984e-12,0.4941770109498243,0.6708362195660882,2.387579196733063e-14,0.1637324678319975,1.8848078947149335e-14,0.510276675087021,0.0023743328638374805
923171ef15682533ffe2,surrogate,1,100.0,1.0,0.0,10.0,0.2,0.0,0.005134294046175436,0.021594867102464166,1.0,0.0,0.03847389195640503,4.791739773973136e-11,0.9722095762223962,1.0,0.0,0.03333959791022959,1.694788230535129e-11,0.9938044433248604,0.0023743328638374805
914abae19ca1af3e100c,surrogate,2,100.0,1.0,0.0,0.3,0.8,0.0,0.0005347513238943627,0.003100614604178764,1.0,0.0,0.03825324826488347,6.319869000094504e-14,0.21543144953507934,1.0,0.0,0.038787999588777836,5.1182102073938654e-15,0.21233083493090057,0.0057945409789681435
914abae19ca1af3e100c,surrogate,2,100.0,1.0,0.6,2.0,1.7,0.009991063706872083,0.0013095392004912887,0.006141611332298347,0.7523897498247243,4.816088915730183e-14,0.18308996908077382,4.199718921108984e-12,0.4941770109498243,0.7423986861178522,5.1729077843786986e-14,0.1843995082812651,1.1709437657139574e-11,0.48803539961752596,0.0057945409789681435
914abae19ca1af3e100c,surrogate,2,100.0,1.0,0.0,10.0,0.2,0.0,0.0010631687464338069,0.04691910776259389,1.0,0.0,0.03847389195640503,4.791739773973136e-11,0.9722095762223962,1.0,0.0,0.03741072320997122,5.613726921576206e-12,0.9252904684598023,0.0057945409789681435
c1a8fc79c3e5625a61a0,surrogate,3,100.0,1.0,0.0,0.3,0.8,0.0,0.0002077837873283861,0.0014078665574731308,1.0,0.0,0.03825324826488347,6.319869000094504e-14,0.21543144953507934,1.0,0.0,0.03804546447755509,3.768159494808526e-15,0.21683931609255247,0.014818042051047087
c1a8fc79c3e5625a61a0,surrogate,3,100.0,1.0,0.6,2.0,1.7,0.0030880836892526187,0.000600234584162529,0.0036039618875402524,0.7523897498247243,4.816088915730183e-14,0.18308996908077382,4.199718921108984e-12,0.4941770109498243,0.7493016661354717,5.723400309928517e-13,0.1824897344966113,2.1927344113399734e-13,0.49778097283736455,0.014818042051047087
c1a8fc79c3e5625a61a0,surrogate,3,100.0,1.0,0.0,10.0,0.2,0.0,0.00013098191822490807,0.020273818227900642,1.0,0.0,0.03847389195640503,4.791739773973136e-11,0.9722095762223962,1.0,0.0,0.03834291003818012,1.0787983954418822e-11,0.9924833944502969,0.014818042051047087
137d88f15512da0e119f,surrogate,4,100.0,1.0,0.0,0.3,0.8,0.0,7.842412021558803e-05,0.0006601367809176972,1.0,0.0,0.03825324826488347,6.319869000094504e-14,0.21543144953507934,1.0,0.0,0.03833167238509906,4.1363999510848564e-15,0.21477131275416164,0.019268000032752752
137d88f15512da0e119f,surrogate,4,100.0,1.0,0.6,2.0,1.7,5.496472145571918e-05,0.00016941184081525895,0.0019496001693944387,0.7523897498247243,4.816088915730183e-14,0.18308996908077382,4.199718921108984e-12,0.4941770109498243,0.7523347851032686,2.573789677818382e-14,0.18325938092158908,1.6449259130554378e-14,0.49222741078042986,0.019268000032752752
137d88f15512da0e119f,surrogate,4,100.0,1.0,0.0,10.0,0.2,0.0,1.3101987124473913e-05,0.030474157660451695,1.0,0.0,0.03847389195640503,4.791739773973136e-11,0.9722095762223962,1.0,0.0,0.038460789969280554,7.20364302549239e-12,0.9417354185619445,0.019268000032752752
1203faa39d2c3bead6f2,surrogate,5,100.0,1.0,0.0,0.3,0.8,0.0,3.1917532549587124e-05,0.00033053047872025343,1.0,0.0,0.03825324826488347,6.319869000094504e-14,0.21543144953507934,1.0,0.0,0.038221330732333886,1.4220645909614263e-14,0.2157619800137996,0.02384887496009469
1203faa39d2c3bead6f2,surrogate,5,100.0,1.0,0.6,2.0,1.7,0.0002353011158329199,6.846516792829993e-05,0.001157690407959211,0.7523897498247243,4.816088915730183e-14,0.18308996908077382,4.199718921108984e-12,0.4941770109498243,0.7521544487088914,6.8471047934168614e-12,0.18302150391284552,1.5226627677518253e-12,0.4953347013577835,0.02384887496009469
1203faa39d2c3bead6f2,surrogate,5,100.0,1.0,0.0,10.0,0.2,0.0,5.732097729804764e-08,0.018947536064801818,1.0,0.0,0.03847389195640503,4.791739773973136e-11,0.9722095762223962,1.0,0.0,0.038473949277382326,3.3867360883635634e-11,0.991157112287198,0.02384887496009469
89ecefc51ba27397f7e9,surrogate,6,100.0,1.0,0.0,0.3,0.8,0.0,1.2651243666943202e-05,0.00016354136667670605,1.0,0.0,0.03825324826488347,6.319869000094504e-14,0.21543144953507934,1.0,0.0,0.038265899508550416,4.519783335255303e-13,0.21526790816840263,0.023436499759554863
89ecefc51ba27397f7e9,surrogate,6,100.0,1.0,0.6,2.0,1.7,2.357886686898958e-05,2.3023802808080918e-05,0.0006573601523107708,0.7523897498247243,4.816088915730183e-14,0.18308996908077382,4.199718921108984e-12,0.4941770109498243,0.7524133286915933,3.1006122985078124e-14,0.1831129928835819,1.5087989050132355e-14,0.49351965079751353,0.023436499759554863
89ecefc51ba27397f7e9,surrogate,6,100.0,1.0,0.0,10.0,0.2,0.0,5.451150821011996e-07,0.021772736311720386,1.0,0.0,0.03847389195640503,4.791739773973136e-11,0.9722095762223962,1.0,0.0,0.03847334684132293,6.375093443881964e-12,0.9504368399106758,0.023436499759554863
d2c70483a428a91fee80,surrogate,7,100.0,1.0,0.0,0.3,0.8,0.0,4.9862269383832425e-06,8.100697733662288e-05,1.0,0.0,0.03825324826488347,6.319869000094504e-14,0.21543144953507934,1.0,0.0,0.03824826203794509,4.858167770295897e-15,0.21551245651241596,0.03225375013425946
d2c70483a428a91fee80,surrogate,7,100.0,1.0,0.6,2.0,1.7,2.9469323839736994e-05,8.474665518037883e-06,0.0003801753942488939,0.7523897498247243,4.816088915730183e-14,0.18308996908077382,4.199718921108984e-12,0.4941770109498243,0.7523602805008845,7.072859995388169e-13,0.18308149441525579,8.507963401387854e-14,0.4945571863440732,0.03225375013425946
d2c70483a428a91fee80,surrogate,7,100.0,1.0,0.0,10.0,0.2,0.0,4.874302352714244e-08,0.017285789835569387,1.0,0.0,0.03847389195640503,4.791739773973136e-11,0.9722095762223962,1.0,0.0,0.0384738432133815,1.0610729571475293e-11,0.9894953660579656,0.03225375013425946
7379d686042cdc2fd78a,surrogate,8,100.0,1.0,0.0,0.3,0.8,0.0,1.9224134881756783e-06,3.959058884958622e-05,1.0,0.0,0.03825324826488347,6.319869000094504e-14,0.21543144953507934,1.0,0.0,0.03825517067837165,4.0731390350273734e-15,0.21539185894622975,0.032932916190475225
7379d686042cdc2fd78a,surrogate,8,100.0,1.0,0.6,2.0,1.7,3.376607596083936e-06,2.9542319069930656e-06,0.00021470943733403747,0.7523897498247243,4.816088915730183e-14,0.18308996908077382,4.199718921108984e-12,0.4941770109498243,0.7523931264323204,2.567193016234881e-12,0.18309292331268082,3.230112919155647e-14,0.49396230151249026,0.032932916190475225
7379d686042cdc2fd78a,surrogate,8,100.0,1.0,0.0,10.0,0.2,0.0,6.215137918208491e-08,0.016038043539427504,1.0,0.0,0.03847389195640503,4.791739773973136e-11,0.9722095762223962,1.0,0.0,0.038473829805025846,1.1643426745075098e-11,0.9561715326829687,0.032932916190475225
3fea75bcba3c08b26d1d,surrogate,9,100.0,1.0,0.0,0.3,0.8,0.0,7.332770536674915e-07,1.9252528453861384e-05,1.0,0.0,0.03825324826488347,6.319869000094504e-14,0.21543144953507934,1.0,0.0,0.038252514987829805,2.573095475369458e-14,0.2154507020635332,0.05724883312359452
3fea75bcba3c08b26d1d,surrogate,9,100.0,1.0,0.6,2.0,1.7,4.848895159947908e-06,1.0665216111094278e-06,0.00012171087520762569,0.7523897498247243,4.816088915730183e-14,0.18308996908077382,4.199718921108984e-12,0.4941770109498243,0.7523849009295643,1.0431780723995674e-14,0.18308890255916271,1.8245189207845165e-12,0.49429872182503193,0.05724883312359452
3fea75bcba3c08b26d1d,surrogate,9,100.0,1.0,0.0,10.0,0.2,0.0,1.2865557459662558e-08,0.015195524327798804,1.0,0.0,0.03847389195640503,4.791739773973136e-11,0.9722095762223962,1.0,0.0,0.03847387909084757,3.484868295301517e-11,0.987405100550195,0.05724883312359452
600c6408aff37f4032ae,surrogate,10,100.0,1.0,0.0,0.3,0.8,0.0,2.764127617904677e-07,9.302057845661516e-06,1.0,0.0,0.03825324826488347,6.319869000094504e-14,0.21543144953507934,1.0,0.0,0.03825352467764526,7.322979828402082e-14,0.21542214747723368,0.06596649996936321
600c6408aff37f4032ae,surrogate,10,100.0,1.0,0.6,2.0,1.7,1.3345320848401343e-08,3.768919066837739e-07,6.834589008003489e-05,0.7523897498247243,4.816088915730183e-14,0.18308996908077382,4.199718921108984e-12,0.4941770109498243,0.7523897631700451,1.9287925022587912e-14,0.1830903459726805,4.955176272426868e-12,0.49410866505974427,0.06596649996936321
600c6408aff37f4032ae,surrogate,10,100.0,1.0,0.0,10.0,0.2,0.0,1.1794201233705781e-08,0.012031729542222092,1.0,0.0,0.03847389195640503,4.791739773973136e-11,0.9722095762223962,1.0,0.0,0.038473880162203794,4.836803039998365e-11,0.9601778466801741,0.06596649996936321
3dc16a0a3dca0bb52e05,surrogate,11,100.0,1.0,0.0,0.3,0.8,0.0,1.0344054367228406e-07,4.478794391388208e-06,1.0,0.0,0.03825324826488347,6.319869000094504e-14,0.21543144953507934,1.0,0.0,0.0382531448243398,9.053881762148473e-14,0.21543592832947073,0.11105858394876122
3dc16a0a3dca0bb52e05,surrogate,11,100.0,1.0,0.6,2.0,1.7,9.791072561604608e-07,1.380693165353719e-07,3.841005052096502e-05,0.7523897498247243,4.816088915730183e-14,0.18308996908077382,4.199718921108984e-12,0.4941770109498243,0.7523887707174681,3.2934797184873124e-14,0.1830898310114573,5.721890167853583e-12,0.49421542100034527,0.11105858394876122
3dc16a0a3dca0bb52e05,surrogate,11,100.0,1.0,0.0,10.0,0.2,0.0,4.658059028772588e-09,0.012785627012520173,1.0,0.0,0.03847389195640503,4.791739773973136e-11,0.9722095762223962,1.0,0.0,0.038473887298346,4.0659262824602464e-11,0.9849952032349164,0.11105858394876122
f4411423c300b690a130,surrogate,12,100.0,1.0,0.0,0.3,0.8,0.0,3.8396233720261463e-08,2.1490790570177776e-06,1.0,0.0,0.03825324826488347,6.319869000094504e-14,0.21543144953507934,1.0,0.0,0.03825328666111719,6.667112445520356e-14,0.21542930045602232,0.17488583317026496
f4411423c300b690a130,surrogate,12,100.0,1.0,0.6,2.0,1.7,1.675744790707867e-07,4.918072243897953e-08,2.150616808810346e-05,0.7523897498247243,4.816088915730183e-14,0.18308996908077382,4.199718921108984e-12,0.4941770109498243,0.7523895822502452,5.213919352134605e-14,0.18309001826149626,3.854129401170525e-12,0.4941555047817362,0.17488583317026496
f4411423c300b690a130,surrogate,12,100.0,1.0,0.0,10.0,0.2,0.0,3.0206028442392174e-09,0.009148032770931569,1.0,0.0,0.03847389195640503,4.791739773973136e-11,0.9722095762223962,1.0,0.0,0.038473888935802183,2.17238875640304e-11,0.9630615434514647,0.17488583317026496
3e666f8d64d7206ab376,surrogate,16,100.0,1.0,0.0,0.3,0.8,0.0,6.8551406218198e-10,1.1152619541765496e-07,1.0,0.0,0.03825324826488347,6.319869000094504e-14,0.21543144953507934,1.0,0.0,0.038253248950397535,3.853051847833518e-14,0.21543133800888392,2.1135801249183714
3e666f8d64d7206ab376,surrogate,16,100.0,1.0,0.6,2.0,1.7,3.1138664535745875e-08,9.03354169246029e-10,2.0996163895281583e-06,0.7523897498247243,4.816088915730183e-14,0.18308996908077382,4.199718921108984e-12,0.4941770109498243,0.7523897186860597,1.5241873047532935e-13,0.183089969984128,2.6997085820467213e-12,0.4941749113334348,2.1135801249183714
3e666f8d64d7206ab376,surrogate,16,100.0,1.0,0.0,10.0,0.2,0.0,2.5684263049718936e-10,0.005420074142878595,1.0,0.0,0.03847389195640503,4.791739773973136e-11,0.9722095762223962,1.0,0.0,0.0384738916995624,4.2739829854904854e-11,0.9667895020795176,2.1135801249183714
6a5e215ce86f18081913,linear-gl,2,100.0,1.0,0.0,0.3,0.8,0.0,0.037144483829912915,0.2101857878547348,1.0,0.0,0.03825324826488347,6.319869000094504e-14,0.21543144953507934,1.0,0.0,0.0011087644349705573,2.980225354090457e-15,0.0052456616803445546,4.291720688343048e-05
6a5e215ce86f18081913,linear-gl,2,100.0,1.0,0.6,2.0,1.7,0.7154790990029499,0.18251858462797863,0.08426181739225563,0.7523897498247243,4.816088915730183e-14,0.18308996908077382,4.199718921108984e-12,0.4941770109498243,0.03691065082177436,4.707780493956765e-14,0.0005713844527951873,7.506245148602781e-12,0.5784388283420799,4.291720688343048e-05
6a5e215ce86f18081913,linear-gl,2,100.0,1.0,0.0,10.0,0.2,0.0,0.030501522226194996,0.8126903455665528,1.0,0.0,0.03847389195640503,4.791739773973136e-11,0.9722095762223962,1.0,0.0,0.00797236973021003,6.506840777803073e-14,0.1595192306558434,4.291720688343048e-05
235ada07f486a6d26673,linear-gl,4,100.0,1.0,0.0,0.3,0.8,0.0,0.036009741494412564,0.20481392297149903,1.0,0.0,0.03825324826488347,6.319869000094504e-14,0.21543144953507934,1.0,0.0,0.002243506770470908,1.467110474898226e-13,0.010617526563580303,4.108436405658722e-05
235ada07f486a6d26673,linear-gl,4,100.0,1.0,0.6,2.0,1.7,0.6790383446153436,0.1808325747355306,0.06456323911520662,0.7523897498247243,4.816088915730183e-14,0.18308996908077382,4.199718921108984e-12,0.4941770109498243,0.07335140520938066,1.861335767067025e-14,0.0022573943452432197,9.650102646726896e-12,0.5587402500650309,4.108436405658722e-05
235ada07f486a6d26673,linear-gl,4,100.0,1.0,0.0,10.0,0.2,0.0,0.02463888506359585,0.6936773269338665,1.0,0.0,0.03847389195640503,4.791739773973136e-11,0.9722095762223962,1.0,0.0,0.013835006892809176,3.3771457104301865e-12,0.27853224928852977,4.108436405658722e-05
4f006f81088493414af4,linear-gl,6,100.0,1.0,0.0,0.3,0.8,0.0,0.03488516455323636,0.19948408272831647,1.0,0.0,0.03825324826488347,6.319869000094504e-14,0.21543144953507934,1.0,0.0,0.0033680837116471076,5.66884803392712e-14,0.015947366806762862,4.1832681745290756e-05
4f006f81088493414af4,linear-gl,6,100.0,1.0,0.6,2.0,1.7,0.6440314776267972,0.17817890586134383,0.0471952406767972,0.7523897498247243,4.816088915730183e-14,0.18308996908077382,4.199718921108984e-12,0.4941770109498243,0.10835827219792704,7.267865266234251e-14,0.004911063219430005,3.62085654005791e-12,0.5413722516266215,4.1832681745290756e-05
4f006f81088493414af4,linear-gl,6,100.0,1.0,0.0,10.0,0.2,0.0,0.020313286653165296,0.6040065369502272,1.0,0.0,0.03847389195640503,4.791739773973136e-11,0.9722095762223962,1.0,0.0,0.018160605303239732,3.9694236938452176e-11,0.36820303927216896,4.1832681745290756e-05
4730f40c4fbb9e109b26,linear-gl,8,100.0,1.0,0.0,0.3,0.8,0.0,0.03377633968536228,0.194220155620467,1.0,0.0,0.03825324826488347,6.319869000094504e-14,0.21543144953507934,1.0,0.0,0.004476908579521189,6.587723053331203e-14,0.021211293914612343,4.650000482797623e-05
4730f40c4fbb9e109b26,linear-gl,8,100.0,1.0,0.6,2.0,1.7,0.6104415261433344,0.17471108458906576,0.03198850049176488,0.7523897498247243,4.816088915730183e-14,0.18308996908077382,4.199718921108984e-12,0.4941770109498243,0.14194822368138993,6.285618979074101e-14,0.008378884491708078,4.055037951456385e-12,0.5261655114415892,4.650000482797623e-05
4730f40c4fbb9e109b26,linear-gl,8,100.0,1.0,0.0,10.0,0.2,0.0,0.017030347438587633,0.5342784874052767,1.0,0.0,0.03847389195640503,4.791739773973136e-11,0.9722095762223962,1.0,0.0,0.021443544517817395,3.817040569073643e-11,0.4379310888171195,4.650000482797623e-05
b18d2a77143d8b3605a5,linear-gl,10,100.0,1.0,0.0,0.3,0.8,0.0,0.03268548948780074,0.1890303441711206,1.0,0.0,0.03825324826488347,6.319869000094504e-14,0.21543144953507934,1.0,0.0,0.005567758777082731,7.102146432554241e-14,0.026401105363958725,4.550023004412651e-05
b18d2a77143d8b3605a5,linear-gl,10,100.0,1.0,0.6,2.0,1.7,0.5781999584891394,0.17057172132613413,0.018730409805770176,0.7523897498247243,4.816088915730183e-14,0.18308996908077382,4.199718921108984e-12,0.4941770109498243,0.17418979133558488,7.168913562596901e-14,0.012518247754639692,4.30133490626561e-12,0.5129074207555945,4.550023004412651e-05
b18d2a77143d8b3605a5,linear-gl,10,100.0,1.0,0.0,10.0,0.2,0.0,0.0144748095785962,0.4785699073477349,1.0,0.0,0.03847389195640503,4.791739773973136e-11,0.9722095762223962,1.0,0.0,0.023999082377808827,4.015713913684378e-11,0.4936396688746613,4.550023004412651e-05
558fc3f3e24142b92dea,linear-gl,12,100.0,1.0,0.0,0.3,0.8,0.0,0.031613991798738764,0.1839190900047341,1.0,0.0,0.03825324826488347,6.319869000094504e-14,0.21543144953507934,1.0,0.0,0.00663925646614471,6.865529008143682e-14,0.031512359530345244,4.4957734644412994e-05
558fc3f3e24142b92dea,linear-gl,12,100.0,1.0,0.6,2.0,1.7,0.5472560316957824,0.1658917225309799,0.007216317394508398,0.7523897498247243,4.816088915730183e-14,0.18308996908077382,4.199718921108984e-12,0.4941770109498243,0.20513371812894188,7.855328352672977e-14,0.017198246549793923,5.469385946011718e-12,0.5013933283443327,4.4957734644412994e-05
558fc3f3e24142b92dea,linear-gl,12,100.0,1.0,0.0,10.0,0.2,0.0,0.012442711681707828,0.43306207697381227,1.0,0.0,0.03847389195640503,4.791739773973136e-11,0.9722095762223962,1.0,0.0,0.0260311802746972,3.977303020796214e-11,0.539147499248584,4.4957734644412994e-05
44e8e3c2e96fae327fba,linear-gl,16,100.0,1.0,0.0,0.3,0.8,0.0,0.029533009359084306,0.17394385515585115,1.0,0.0,0.03825324826488347,6.319869000094504e-14,0.21543144953507934,1.0,0.0,0.008720238905799167,6.813983048299231e-14,0.04148759437922818,4.6875327825546265e-05
44e8e3c2e96fae327fba,linear-gl,16,100.0,1.0,0.6,2.0,1.7,0.4891558438093516,0.15537439425250005,0.011317409711736282,0.7523897498247243,4.816088915730183e-14,0.18308996908077382,4.199718921108984e-12,0.4941770109498243,0.26323390601537267,8.319560327261616e-14,0.02771557482827379,4.183406271923552e-12,0.482859601238088,4.6875327825546265e-05
44e8e3c2e96fae327fba,linear-gl,16,100.0,1.0,0.0,10.0,0.2,0.0,0.009445950999953233,0.3632086477609301,1.0,0.0,0.03847389195640503,4.791739773973136e-11,0.9722095762223962,1.0,0.0,0.029027940956451795,3.9579797787558706e-11,0.6090009284614661,4.6875327825546265e-05
3f3a2fed453a13eab8af,linear-gl,24,100.0,1.0,0.0,0.3,0.8,0.0,0.02563821837456265,0.15503641806715335,1.0,0.0,0.03825324826488347,6.319869000094504e-14,0.21543144953507934,1.0,0.0,0.012615029890320824,6.618731624289582e-14,0.060395031467926,5.6333839893341064e-05
3f3a2fed453a13eab8af,linear-gl,24,100.0,1.0,0.6,2.0,1.7,0.3878421472713012,0.13230046283439842,0.034669442776059156,0.7523897498247243,4.816088915730183e-14,0.18308996908077382,4.199718921108984e-12,0.4941770109498243,0.3645476025534231,6.431054599389051e-14,0.05078950624637541,4.1874019074135125e-12,0.45950756817376515,5.6333839893341064e-05
3f3a2fed453a13eab8af,linear-gl,24,100.0,1.0,0.0,10.0,0.2,0.0,0.005878597672403993,0.2731568780766761,1.0,0.0,0.03847389195640503,4.791739773973136e-11,0.9722095762223962,1.0,0.0,0.032595294284001035,3.303710904093283e-11,0.6990526981457201,5.6333839893341064e-05
d9026efb5833420a2f62,linear-gl,32,100.0,1.0,0.0,0.3,0.8,0.0,0.022120724522530725,0.13758226981833319,1.0,0.0,0.03825324826488347,6.319869000094504e-14,0.21543144953507934,1.0,0.0,0.016132523742352748,6.88556322786713e-14,0.07784917971674615,6.400002166628838e-05
d9026efb5833420a2f62,linear-gl,32,100.0,1.0,0.6,2.0,1.7,0.30567656444790803,0.10982487282854517,0.04585888843700958,0.7523897498247243,4.816088915730183e-14,0.18308996908077382,4.199718921108984e-12,0.4941770109498243,0.44671318537681626,4.810713544365819e-14,0.07326509625222866,4.187480302201157e-12,0.4483181225128147,6.400002166628838e-05
d9026efb5833420a2f62,linear-gl,32,100.0,1.0,0.0,10.0,0.2,0.0,0.00391396073369004,0.2176439755094508,1.0,0.0,0.03847389195640503,4.791739773973136e-11,0.9722095762223962,1.0,0.0,0.03455993122271499,3.7342643415248e-11,0.7545656007129454,6.400002166628838e-05
e068e100bff559497ce5,linear-gl,64,100.0,1.0,0.0,0.3,0.8,0.0,0.011738619755115875,0.08232203098620444,1.0,0.0,0.03825324826488347,6.319869000094504e-14,0.21543144953507934,1.0,0.0,0.026514628509767598,2.265173788719733e-13,0.1331094185488749,0.00013308273628354073
e068e100bff559497ce5,linear-gl,64,100.0,1.0,0.6,2.0,1.7,0.12037745362927932,0.04845158553425988,0.044136638951746854,0.7523897498247243,4.816088915730183e-14,0.18308996908077382,4.199718921108984e-12,0.4941770109498243,0.632012296195445,5.664650055965923e-14,0.13463838354651395,4.187211916470216e-12,0.45004037199807745,0.00013308273628354073
e068e100bff559497ce5,linear-gl,64,100.0,1.0,0.0,10.0,0.2,0.0,0.0010744647048419875,0.11621922651506167,1.0,0.0,0.03847389195640503,4.791739773973136e-11,0.9722095762223962,1.0,0.0,0.03739942725156304,4.0258747396986225e-11,0.8559903497073346,0.00013308273628354073
38177c0e31c9f86d37a7,linear-gl,128,100.0,1.0,0.0,0.3,0.8,0.0,0.0030307811712519395,0.026387532382007223,1.0,0.0,0.03825324826488347,6.319869000094504e-14,0.21543144953507934,1.0,0.0,0.03522246709363153,7.274495970257237e-14,0.18904391715307212,0.00039679184556007385
38177c0e31c9f86d37a7,linear-gl,128,100.0,1.0,0.6,2.0,1.7,0.023828010791539844,0.010196869317377733,0.01755748236279503,0.7523897498247243,4.816088915730183e-14,0.18308996908077382,4.199718921108984e-12,0.4941770109498243,0.7285617390331844,5.076555556159955e-14,0.1728930997633961,4.198420978419368e-12,0.4766195285870293,0.00039679184556007385
38177c0e31c9f86d37a7,linear-gl,128,100.0,1.0,0.0,10.0,0.2,0.0,0.0001483438454626118,0.055130190207107965,1.0,0.0,0.03847389195640503,4.791739773973136e-11,0.9722095762223962,1.0,0.0,0.038325548110942416,4.403263179374561e-11,0.9170793860152883,0.00039679184556007385
0ed1bc7b1322fcbea08b,linear-gl,256,100.0,1.0,0.0,0.3,0.8,0.0,0.0001974747363374038,0.002288189616836911,1.0,0.0,0.03825324826488347,6.319869000094504e-14,0.21543144953507934,1.0,0.0,0.03805577352854607,6.368788689215142e-14,0.21314325991824243,0.0014863749966025352
0ed1bc7b1322fcbea08b,linear-gl,256,100.0,1.0,0.6,2.0,1.7,0.0014194812254504363,0.0006013027894952727,0.002019124207741252,0.7523897498247243,4.816088915730183e-14,0.18308996908077382,4.199718921108984e-12,0.4941770109498243,0.7509702685992738,4.844777063851131e-14,0.18248866629127855,4.199708159666314e-12,0.49215788674208305,0.0014863749966025352
0ed1bc7b1322fcbea08b,linear-gl,256,100.0,1.0,0.0,10.0,0.2,0.0,5.461051520827542e-06,0.02195180835915378,1.0,0.0,0.03847389195640503,4.791739773973136e-11,0.9722095762223962,1.0,0.0,0.0384684309048842,4.629405504751573e-11,0.9502577678632425,0.0014863749966025352
aee071328db1730d8076,linear-gl,512,100.0,1.0,0.0,0.3,0.8,0.0,9.166296351115211e-07,1.552356129191912e-05,1.0,0.0,0.03825324826488347,6.319869000094504e-14,0.21543144953507934,1.0,0.0,0.03825233163524836,6.320075238283815e-14,0.21541592597378742,0.005717957857996225
aee071328db1730d8076,linear-gl,512,100.0,1.0,0.6,2.0,1.7,6.734066778535386e-06,2.7303517136367805e-06,2.3790419120373052e-05,0.7523897498247243,4.816088915730183e-14,0.18308996908077382,4.199718921108984e-12,0.4941770109498243,0.7523830157579458,4.816736969582116e-14,0.1830872387290602,4.19971704293852e-12,0.49415322053070393,0.005717957857996225
aee071328db1730d8076,linear-gl,512,100.0,1.0,0.0,10.0,0.2,0.0,1.437465625697687e-08,0.0059791956066862495,1.0,0.0,0.03847389195640503,4.791739773973136e-11,0.9722095762223962,1.0,0.0,0.03847387758174877,4.792067416724068e-11,0.96623038061571,0.005717957857996225
cbdb8dcf4372115313bc,linear-gl,1024,100.0,1.0,0.0,0.3,0.8,0.0,2.314956559779091e-11,7.052451678202232e-10,1.0,0.0,0.03825324826488347,6.319869000094504e-14,0.21543144953507934,1.0,0.0,0.03825324824173391,6.319869143105565e-14,0.21543144882983417,0.02283750008791685
cbdb8dcf4372115313bc,linear-gl,1024,100.0,1.0,0.6,2.0,1.7,1.8583412586536951e-10,7.17534087701921e-11,3.238403767369391e-09,0.7523897498247243,4.816088915730183e-14,0.18308996908077382,4.199718921108984e-12,0.4941770109498243,0.7523897496388902,4.8160833454788045e-14,0.18308996900902041,4.199718166068326e-12,0.49417700771142054,0.02283750008791685
cbdb8dcf4372115313bc,linear-gl,1024,100.0,1.0,0.0,10.0,0.2,0.0,2.083125338891989e-13,0.000587790166201585,1.0,0.0,0.03847389195640503,4.791739773973136e-11,0.9722095762223962,1.0,0.0,0.038473891956196715,4.791739662390115e-11,0.9716217860561946,0.02283750008791685
d75790bb21f92f3ef4cb,linear-gl,2048,100.0,1.0,0.0,0.3,0.8,0.0,3.3306690738754696e-16,2.1649348980190553e-15,1.0,0.0,0.03825324826488347,6.319869000094504e-14,0.21543144953507934,1.0,0.0,0.038253248264883806,6.319875689021648e-14,0.2154314495350815,0.09168216679245234
d75790bb21f92f3ef4cb,linear-gl,2048,100.0,1.0,0.6,2.0,1.7,3.219646771412954e-15,1.304512053934559e-15,9.992007221626409e-16,0.7523897498247243,4.816088915730183e-14,0.18308996908077382,4.199718921108984e-12,0.4941770109498243,0.7523897498247275,4.8161196174650806e-14,0.18308996908077513,4.199718771151553e-12,0.4941770109498253,0.09168216679245234
d75790bb21f92f3ef4cb,linear-gl,2048,100.0,1.0,0.0,10.0,0.2,0.0,8.326672684688674e-17,5.0382440213159185e-06,1.0,0.0,0.03847389195640503,4.791739773973136e-11,0.9722095762223962,1.0,0.0,0.03847389195640511,4.7917396642823487e-11,0.9722045379783749,0.09168216679245234
d00d475ecc52f36f9fef,cosh-grid,2,2000.0,1.0,0.0,0.3,0.8,0.0,0.029174771561666035,0.17252256492587825,1.0,0.0,0.038441839450152476,2.1411105301124296e-13,0.21644905190743666,1.0,0.0,0.009267067888486441,3.249761612305813e-14,0.043926486981558405,5.4541975259780884e-05
d00d475ecc52f36f9fef,cosh-grid,2,2000.0,1.0,0.6,2.0,1.7,0.4659538696303992,0.15224004159628265,0.015459300996509773,0.7556291413618056,2.6940695492566158e-14,0.18402440135223563,4.976077298449654e-12,0.4946397248031546,0.2896752717314064,1.006600671959262e-11,0.03178435975595298,1.644379494045078e-12,0.47918042380664483,5.4541975259780884e-05
d00d475ecc52f36f9fef,cosh-grid,2,2000.0,1.0,0.0,10.0,0.2,0.0,0.007963485400857284,0.34992369671736623,1.0,0.0,0.038629418963636517,2.5012896089169224e-11,0.9722616861526788,1.0,0.0,0.030665933562779232,1.3860710740770007e-14,0.6223379894353126,5.4541975259780884e-05
9d11804875be109707f1,cosh-grid,4,2000.0,1.0,0.0,0.3,0.8,0.0,0.0004073109234415673,0.020657955769806113,1.0,0.0,0.038441839450152476,2.1411105301124296e-13,0.21644905190743666,1.0,0.0,0.03803452852671091,1.4129432243791495e-13,0.19579109613763054,6.741704419255257e-05
9d11804875be109707f1,cosh-grid,4,2000.0,1.0,0.6,2.0,1.7,0.008144818164456225,0.004415056864643718,0.01774373357445952,0.7556291413618056,2.6940695492566158e-14,0.18402440135223563,4.976077298449654e-12,0.4946397248031546,0.7637739595262618,1.067132269253371e-13,0.18843945821687935,7.564414187591413e-12,0.4768959912286951,6.741704419255257e-05
9d11804875be109707f1,cosh-grid,4,2000.0,1.0,0.0,10.0,0.2,0.0,0.0009753179778034041,0.06884178139863106,1.0,0.0,0.038629418963636517,2.5012896089169224e-11,0.9722616861526788,1.0,0.0,0.03960473694143992,3.0614994212449836e-12,0.9034199047540478,6.741704419255257e-05
c41c0d51a4734962f001,cosh-grid,6,2000.0,1.0,0.0,0.3,0.8,0.0,0.0018721749584966335,0.011891473552758353,1.0,0.0,0.038441839450152476,2.1411105301124296e-13,0.21644905190743666,1.0,0.0,0.04031401440864911,4.0043734566647685e-13,0.228340525460195,7.304176688194275e-05
c41c0d51a4734962f001,cosh-grid,6,2000.0,1.0,0.6,2.0,1.7,0.006856172674379546,0.004927441830705814,0.003800524672472161,0.7556291413618056,2.6940695492566158e-14,0.18402440135223563,4.976077298449654e-12,0.4946397248031546,0.7624853140361851,2.6458597809679163e-13,0.18895184318294145,2.304260468952085e-12,0.49844024947562676,7.304176688194275e-05
c41c0d51a4734962f001,cosh-grid,6,2000.0,1.0,0.0,10.0,0.2,0.0,0.00038535194462614025,0.03047866590417292,1.0,0.0,0.038629418963636517,2.5012896089169224e-11,0.9722616861526788,1.0,0.0,0.038244067019010376,1.7154998089185644e-11,0.9417830202485059,7.304176688194275e-05
dc3866e03ecb98b7cd17,cosh-grid,8,2000.0,1.0,0.0,0.3,0.8,0.0,0.00012158198676345128,0.0041651783535765485,1.0,0.0,0.038441839450152476,2.1411105301124296e-13,0.21644905190743666,1.0,0.0,0.03856342143691593,3.4603928631726496e-13,0.2206142302610132,7.929233834147453e-05
dc3866e03ecb98b7cd17,cosh-grid,8,2000.0,1.0,0.6,2.0,1.7,0.0001573845172060384,0.00036903391219861303,0.00318358248025552,0.7556291413618056,2.6940695492566158e-14,0.18402440135223563,4.976077298449654e-12,0.4946397248031546,0.7557865258790116,3.3200523968079213e-12,0.18365536744003702,1.1915571379874496e-11,0.4978233072834101,7.929233834147453e-05
dc3866e03ecb98b7cd17,cosh-grid,8,2000.0,1.0,0.0,10.0,0.2,0.0,2.576424761339957e-05,0.013822819131463326,1.0,0.0,0.038629418963636517,2.5012896089169224e-11,0.9722616861526788,1.0,0.0,0.03860365471602312,1.2670422925692705e-11,0.9584388670212155,7.929233834147453e-05
007ac0f970bc3e48a53f,cosh-grid,10,2000.0,1.0,0.0,0.3,0.8,0.0,0.00011164852131943098,7.94714616936254e-06,1.0,0.0,0.038441839450152476,2.1411105301124296e-13,0.21644905190743666,1.0,0.0,0.038330190928833045,2.749525155393424e-13,0.2164411047612673,8.733384311199188e-05
007ac0f970bc3e48a53f,cosh-grid,10,2000.0,1.0,0.6,2.0,1.7,0.0003663914797199519,0.00021790637992419315,0.0008229671146949835,0.7556291413618056,2.6940695492566158e-14,0.18402440135223563,4.976077298449654e-12,0.4946397248031546,0.7552627498820856,7.353131612130134e-12,0.18380649497231144,1.0276576756757299e-11,0.4954626919178496,8.733384311199188e-05
007ac0f970bc3e48a53f,cosh-grid,10,2000.0,1.0,0.0,10.0,0.2,0.0,1.7655347323466963e-05,0.005259665751180642,1.0,0.0,0.038629418963636517,2.5012896089169224e-11,0.9722616861526788,1.0,0.0,0.03864707431095998,1.541341151408649e-11,0.9670020204014982,8.733384311199188e-05
80b123d7d5787d304e79,cosh-grid,12,2000.0,1.0,0.0,0.3,0.8,0.0,1.4436013480563503e-05,0.00034967033218871735,1.0,0.0,0.038441839450152476,2.1411105301124296e-13,0.21644905190743666,1.0,0.0,0.03842740343667191,2.539530013818427e-13,0.21609938157524794,9.295763447880745e-05
80b123d7d5787d304e79,cosh-grid,12,2000.0,1.0,0.6,2.0,1.7,0.00010162184964690457,8.059130697485317e-06,5.3136504617967706e-05,0.7556291413618056,2.6940695492566158e-14,0.18402440135223563,4.976077298449654e-12,0.4946397248031546,0.7555275195121587,1.4263027338715894e-14,0.18403246048293312,6.852921335317635e-12,0.49458658829853663,9.295763447880745e-05
80b123d7d5787d304e79,cosh-grid,12,2000.0,1.0,0.0,10.0,0.2,0.0,1.524041435906065e-06,0.0009051364764381953,1.0,0.0,0.038629418963636517,2.5012896089169224e-11,0.9722616861526788,1.0,0.0,0.03862789492220061,4.240989615430053e-11,0.9713565496762406,9.295763447880745e-05
9163a0492f8b6c309e5c,cosh-grid,16,2000.0,1.0,0.0,0.3,0.8,0.0,1.3868641459482967e-06,5.795855529538985e-06,1.0,0.0,0.038441839450152476,2.1411105301124296e-13,0.21644905190743666,1.0,0.0,0.038443226314298425,7.504709799771806e-13,0.2164548477629662,0.00010766694322228432
9163a0492f8b6c309e5c,cosh-grid,16,2000.0,1.0,0.6,2.0,1.7,6.49635061134024e-06,2.1318512025136904e-07,4.668494758358621e-05,0.7556291413618056,2.6940695492566158e-14,0.18402440135223563,4.976077298449654e-12,0.4946397248031546,0.7556356377124169,3.9027828281703484e-14,0.18402461453735589,8.179650423412808e-13,0.494593039855571,0.00010766694322228432
9163a0492f8b6c309e5c,cosh-grid,16,2000.0,1.0,0.0,10.0,0.2,0.0,2.7734251610567195e-08,0.0016358188637285442,1.0,0.0,0.038629418963636517,2.5012896089169224e-11,0.9722616861526788,1.0,0.0,0.038629391229384906,1.127177606248255e-11,0.9738975050164074,0.00010766694322228432
6091565f9f8ea61692f7,cosh-grid,24,2000.0,1.0,0.0,0.3,0.8,0.0,1.1517512804593011e-08,2.828756602846205e-07,1.0,0.0,0.038441839450152476,2.1411105301124296e-13,0.21644905190743666,1.0,0.0,0.03844185096766528,4.82004227418575e-13,0.21644876903177637,0.00013524992391467094
6091565f9f8ea61692f7,cosh-grid,24,2000.0,1.0,0.6,2.0,1.7,1.6759076904016013e-08,3.3147430633651e-09,2.3819740008201862e-07,0.7556291413618056,2.6940695492566158e-14,0.18402440135223563,4.976077298449654e-12,0.4946397248031546,0.7556291581208825,3.782889615767363e-14,0.1840244046669787,6.05695975419556e-13,0.4946399630005547,0.00013524992391467094
6091565f9f8ea61692f7,cosh-grid,24,2000.0,1.0,0.0,10.0,0.2,0.0,3.8233159693756846e-11,0.00013512237969570684,1.0,0.0,0.038629418963636517,2.5012896089169224e-11,0.9722616861526788,1.0,0.0,0.03862941892540336,1.1892964884945456e-11,0.9723968085323745,0.00013524992391467094
8384db5cd934e90439d3,cosh-grid,32,2000.0,1.0,0.0,0.3,0.8,0.0,4.6881581949875795e-11,1.3436502466213085e-09,1.0,0.0,0.038441839450152476,2.1411105301124296e-13,0.21644905190743666,1.0,0.0,0.03844183949703406,1.2382272932821383e-13,0.2164490532510869,0.00016845809295773506
8384db5cd934e90439d3,cosh-grid,32,2000.0,1.0,0.6,2.0,1.7,7.776779220591834e-12,8.84992079619451e-12,7.64354368687492e-09,0.7556291413618056,2.6940695492566158e-14,0.18402440135223563,4.976077298449654e-12,0.4946397248031546,0.7556291413695824,2.932009851484883e-14,0.18402440136108555,1.8056900947136151e-12,0.4946397324466983,0.00016845809295773506
8384db5cd934e90439d3,cosh-grid,32,2000.0,1.0,0.0,10.0,0.2,0.0,5.4828433460052395e-11,5.200964872753566e-05,1.0,0.0,0.038629418963636517,2.5012896089169224e-11,0.9722616861526788,1.0,0.0,0.03862941890880808,1.239836346302303e-11,0.9722096765039513,0.00016845809295773506
14c878ec84128f540b97,cosh-grid,48,2000.0,1.0,0.0,0.3,0.8,0.0,7.968625759247061e-14,2.114697306154767e-13,1.0,0.0,0.038441839450152476,2.1411105301124296e-13,0.21644905190743666,1.0,0.0,0.03844183945007279,4.2288925730167084e-13,0.2164490519072252,0.00023733312264084816
14c878ec84128f540b97,cosh-grid,48,2000.0,1.0,0.6,2.0,1.7,7.771561172376096e-16,1.3305190282864032e-12,3.357647493373861e-12,0.7556291413618056,2.6940695492566158e-14,0.18402440135223563,4.976077298449654e-12,0.4946397248031546,0.7556291413618048,2.6940625306281085e-14,0.18402440135090511,9.790050269335834e-12,0.49463972480651225,0.00023733312264084816
14c878ec84128f540b97,cosh-grid,48,2000.0,1.0,0.0,10.0,0.2,0.0,5.058939378521643e-13,9.274061016917301e-07,1.0,0.0,0.038629418963636517,2.5012896089169224e-11,0.9722616861526788,1.0,0.0,0.03862941896414241,2.411474678022624e-11,0.9722626135587805,0.00023733312264084816
a9fbb868786377134f5a,cosh-grid,64,2000.0,1.0,0.0,0.3,0.8,0.0,1.5681900222830336e-15,6.938893903907228e-16,1.0,0.0,0.038441839450152476,2.1411105301124296e-13,0.21644905190743666,1.0,0.0,0.03844183945015091,2.13991848559226e-13,0.21644905190743735,0.00027687521651387215
a9fbb868786377134f5a,cosh-grid,64,2000.0,1.0,0.6,2.0,1.7,5.551115123125783e-16,5.626055177287981e-14,2.7755575615628914e-16,0.7556291413618056,2.6940695492566158e-14,0.18402440135223563,4.976077298449654e-12,0.4946397248031546,0.7556291413618061,2.694037472516854e-14,0.18402440135217937,4.9735709191652036e-12,0.4946397248031543,0.00027687521651387215
a9fbb868786377134f5a,cosh-grid,64,2000.0,1.0,0.0,10.0,0.2,0.0,6.085409953726639e-15,7.048214234472994e-09,1.0,0.0,0.038629418963636517,2.5012896089169224e-11,0.9722616861526788,1.0,0.0,0.0386294189636426,2.4994273889307457e-11,0.9722616791044646,0.00027687521651387215
c015ad14a55c22a626e3,surrogate,1,2000.0,1.0,0.0,0.3,0.8,0.0,0.0020535670887241245,0.009784231079040223,1.0,0.0,0.038441839450152476,2.1411105301124296e-13,0.21644905190743666,1.0,0.0,0.03638827236142835,1.7074561982727175e-15,0.22623328298647688,0.0026459163054823875
c015ad14a55c22a626e3,surrogate,1,2000.0,1.0,0.6,2.0,1.7,0.08320461842434212,0.01970565521291265,0.016254752557167518,0.7556291413618056,2.6940695492566158e-14,0.18402440135223563,4.976077298449654e-12,0.4946397248031546,0.6724245229374635,2.4058059726420627e-14,0.16431874613932299,1.871533084688687e-14,0.5108944773603221,0.0026459163054823875
c015ad14a55c22a626e3,surrogate,1,2000.0,1.0,0.0,10.0,0.2,0.0,0.005252136906257317,0.021552140702815303,1.0,0.0,0.038629418963636517,2.5012896089169224e-11,0.9722616861526788,1.0,0.0,0.0333772820573792,1.7305624723091045e-11,0.9938138268554941,0.0026459163054823875
0d8a7a4282f53a6d0ad4,surrogate,2,2000.0,1.0,0.0,0.3,0.8,0.0,0.0005542752485896627,0.003209357096439519,1.0,0.0,0.038441839450152476,2.1411105301124296e-13,0.21644905190743666,1.0,0.0,0.03899611469874214,5.673782883562733e-15,0.21323969481099714,0.006096374709159136
0d8a7a4282f53a6d0ad4,surrogate,2,2000.0,1.0,0.6,2.0,1.7,0.010639289992324108,0.0013433667067523913,0.006272025813390147,0.7556291413618056,2.6940695492566158e-14,0.18402440135223563,4.976077298449654e-12,0.4946397248031546,0.7449898513694815,5.396638884463776e-14,0.18536776805898803,2.0369371240826643e-14,0.48836769898976445,0.006096374709159136
0d8a7a4282f53a6d0ad4,surrogate,2,2000.0,1.0,0.0,10.0,0.2,0.0,0.0011165858298605377,0.0471089954287327,1.0,0.0,0.038629418963636517,2.5012896089169224e-11,0.9722616861526788,1.0,0.0,0.03751283313377598,4.873884043749616e-12,0.9251526907239461,0.006096374709159136
00947e5e4cb34cde27f3,surrogate,3,2000.0,1.0,0.0,0.3,0.8,0.0,0.00022702992993568066,0.0015150617814878864,1.0,0.0,0.038441839450152476,2.1411105301124296e-13,0.21644905190743666,1.0,0.0,0.038214809520216796,3.5700340398787105e-15,0.21796411368892454,0.01444725040346384
00947e5e4cb34cde27f3,surrogate,3,2000.0,1.0,0.6,2.0,1.7,0.003408718370333519,0.0006685289150646645,0.0037980070424263324,0.7556291413618056,2.6940695492566158e-14,0.18402440135223563,4.976077298449654e-12,0.4946397248031546,0.7522204229914721,1.0473991091460137e-12,0.18335587243717097,3.3576151102355393e-13,0.49843773184558093,0.01444725040346384
00947e5e4cb34cde27f3,surrogate,3,2000.0,1.0,0.0,10.0,0.2,0.0,0.00014203833432272633,0.020277102938097036,1.0,0.0,0.038629418963636517,2.5012896089169224e-11,0.9722616861526788,1.0,0.0,0.03848738062931379,1.0636047132089379e-11,0.9925387890907759,0.01444725040346384
36f29589f939ea761639,surrogate,4,2000.0,1.0,0.0,0.3,0.8,0.0,9.236407626696252e-05,0.0007541801384031988,1.0,0.0,0.038441839450152476,2.1411105301124296e-13,0.21644905190743666,1.0,0.0,0.03853420352641944,3.971209994764774e-15,0.21569487176903346,0.020082667004317045
36f29589f939ea761639,surrogate,4,2000.0,1.0,0.6,2.0,1.7,9.248628336078202e-05,0.0001978014222424329,0.002149745525987401,0.7556291413618056,2.6940695492566158e-14,0.18402440135223563,4.976077298449654e-12,0.4946397248031546,0.7555366550784448,3.321210199991775e-14,0.18422220277447807,1.813224475937655e-14,0.4924899792771672,0.020082667004317045
36f29589f939ea761639,surrogate,4,2000.0,1.0,0.0,10.0,0.2,0.0,1.601275494301363e-05,0.0313632896611864,1.0,0.0,0.038629418963636517,2.5012896089169224e-11,0.9722616861526788,1.0,0.0,0.0386134062086935,1.1583728700821687e-11,0.9408983964914924,0.020082667004317045
c77f6e557ebe20523c78,surrogate,5,2000.0,1.0,0.0,0.3,0.8,0.0,4.2049838429994435e-05,0.00041083145864989623,1.0,0.0,0.038441839450152476,2.1411105301124296e-13,0.21644905190743666,1.0,0.0,0.03839978961172248,3.9721954949682603e-14,0.21685988336608655,0.02316679200157523
c77f6e557ebe20523c78,surrogate,5,2000.0,1.0,0.6,2.0,1.7,0.0003332379506583161,9.37828022657683e-05,0.0013675989621310114,0.7556291413618056,2.6940695492566158e-14,0.18402440135223563,4.976077298449654e-12,0.4946397248031546,0.7552959034111473,2.349069023664576e-14,0.18393061854996987,2.4446627285277377e-12,0.4960073237652856,0.02316679200157523
c77f6e557ebe20523c78,surrogate,5,2000.0,1.0,0.0,10.0,0.2,0.0,1.887178559242808e-06,0.019114385553503754,1.0,0.0,0.038629418963636517,2.5012896089169224e-11,0.9722616861526788,1.0,0.0,0.038627531785077274,1.1382632533710232e-11,0.9913760717061826,0.02316679200157523
cec57c0959c46b929834,surrogate,6,2000.0,1.0,0.0,0.3,0.8,0.0,1.8440737351611836e-05,0.00021945061697004054,1.0,0.0,0.038441839450152476,2.1411105301124296e-13,0.21644905190743666,1.0,0.0,0.03846028018750409,7.103238523543761e-15,0.21622960129046662,0.02194891730323434
cec57c0959c46b929834,surrogate,6,2000.0,1.0,0.6,2.0,1.7,1.4692247252923174e-05,3.4351935609189255e-05,0.0008238875997097495,0.7556291413618056,2.6940695492566158e-14,0.18402440135223563,4.976077298449654e-12,0.4946397248031546,0.7556438336090585,2.5153912052900403e-12,0.18405875328784482,2.3504956651791854e-13,0.49381583720344485,0.02194891730323434
cec57c0959c46b929834,surrogate,6,2000.0,1.0,0.0,10.0,0.2,0.0,2.049905904473459e-06,0.02316721254849663,1.0,0.0,0.038629418963636517,2.5012896089169224e-11,0.9722616861526788,1.0,0.0,0.03862736905773204,7.931286296559722e-12,0.9490944736041822,0.02194891730323434
c1dab7f4cf779e7ede4d,surrogate,7,2000.0,1.0,0.0,0.3,0.8,0.0,7.866781105703158e-06,0.00011527163017668873,1.0,0.0,0.038441839450152476,2.1411105301124296e-13,0.21644905190743666,1.0,0.0,0.03843397266904677,2.738405477100402e-13,0.21656432353761335,0.0316834170371294
c1dab7f4cf779e7ede4d,surrogate,7,2000.0,1.0,0.6,2.0,1.7,6.446583416441776e-05,1.4039400489940235e-05,0.0005001810677657814,0.7556291413618056,2.6940695492566158e-14,0.18402440135223563,4.976077298449654e-12,0.4946397248031546,0.7555646755276412,9.742636517518734e-15,0.1840103619517457,1.5302169889617738e-14,0.4951399058709204,0.0316834170371294
c1dab7f4cf779e7ede4d,surrogate,7,2000.0,1.0,0.0,10.0,0.2,0.0,5.873832415875802e-07,0.017682563883958724,1.0,0.0,0.038629418963636517,2.5012896089169224e-11,0.9722616861526788,1.0,0.0,0.03862883158039493,1.0480879040782186e-11,0.9899442500366376,0.0316834170371294
24ef0b14d86265788ee7,surrogate,8,2000.0,1.0,0.0,0.3,0.8,0.0,3.220946224603838e-06,5.8937027438282774e-05,1.0,0.0,0.038441839450152476,2.1411105301124296e-13,0.21644905190743666,1.0,0.0,0.03844506039637708,1.1280404567434893e-14,0.21639011487999837,0.02583162486553192
24ef0b14d86265788ee7,surrogate,8,2000.0,1.0,0.6,2.0,1.7,9.586311002562908e-06,5.0482650342797974e-06,0.00029241437727550723,0.7556291413618056,2.6940695492566158e-14,0.18402440135223563,4.976077298449654e-12,0.4946397248031546,0.755619555050803,3.4482000940220234e-13,0.1840294496172699,5.321143099388862e-12,0.4943473104258791,0.02583162486553192
24ef0b14d86265788ee7,surrogate,8,2000.0,1.0,0.0,10.0,0.2,0.0,4.139951662734953e-07,0.01733650878337556,1.0,0.0,0.038629418963636517,2.5012896089169224e-11,0.9722616861526788,1.0,0.0,0.03862900496847024,6.792019291414071e-12,0.9549251773693033,0.02583162486553192
7554c431555c02f8dbc5,surrogate,9,2000.0,1.0,0.0,0.3,0.8,0.0,1.3023136394493817e-06,2.9908559590063888e-05,1.0,0.0,0.038441839450152476,2.1411105301124296e-13,0.21644905190743666,1.0,0.0,0.03844053713651303,5.178809597076131e-15,0.21647896046702672,0.04598658299073577
7554c431555c02f8dbc5,surrogate,9,2000.0,1.0,0.6,2.0,1.7,2.121148826872421e-05,2.0025329769690625e-06,0.00017156572765941736,0.7556291413618056,2.6940695492566158e-14,0.18402440135223563,4.976077298449654e-12,0.4946397248031546,0.7556079298735369,1.9512726028255198e-14,0.18402239881925866,1.4260243630610619e-13,0.494811290530814,0.04598658299073577
7554c431555c02f8dbc5,surrogate,9,2000.0,1.0,0.0,10.0,0.2,0.0,2.3456489927492497e-07,0.015818061643440018,1.0,0.0,0.038629418963636517,2.5012896089169224e-11,0.9722616861526788,1.0,0.0,0.03862918439873724,1.16487397613332e-11,0.9880797477961188,0.04598658299073577
4e8c6256de2ed3f35d05,surrogate,10,2000.0,1.0,0.0,0.3,0.8,0.0,5.183694312752007e-07,1.5065367370142857e-05,1.0,0.0,0.038441839450152476,2.1411105301124296e-13,0.21644905190743666,1.0,0.0,0.03844235781958375,2.78457883471507e-14,0.21643398654006651,0.04860387463122606
4e8c6256de2ed3f35d05,surrogate,10,2000.0,1.0,0.6,2.0,1.7,1.0395858689116189e-05,6.891915985407504e-07,9.946357404350126e-05,0.7556291413618056,2.6940695492566158e-14,0.18402440135223563,4.976077298449654e-12,0.4946397248031546,0.7556187455031165,8.159686373748542e-15,0.18402509054383417,1.6730348875459398e-12,0.4945402612291111,0.04860387463122606
4e8c6256de2ed3f35d05,surrogate,10,2000.0,1.0,0.0,10.0,0.2,0.0,1.79776173614421e-07,0.013147957802015275,1.0,0.0,0.038629418963636517,2.5012896089169224e-11,0.9722616861526788,1.0,0.0,0.0386292391874629,2.0041235106903644e-11,0.9591137283506636,0.04860387463122606
683189af3b812c35ca96,surrogate,11,2000.0,1.0,0.0,0.3,0.8,0.0,2.060884779775396e-07,7.567415360121288e-06,1.0,0.0,0.038441839450152476,2.1411105301124296e-13,0.21644905190743666,1.0,0.0,0.0384416333616745,4.983756662039866e-14,0.21645661932279678,0.09410141734406352
683189af3b812c35ca96,surrogate,11,2000.0,1.0,0.6,2.0,1.7,1.052476715579509e-05,3.0584953050749597e-07,5.7791838245335736e-05,0.7556291413618056,2.6940695492566158e-14,0.18402440135223563,4.976077298449654e-12,0.4946397248031546,0.7556186165946498,2.7696785890789493e-14,0.18402409550270513,2.8154839798873097e-12,0.49469751664139994,0.09410141734406352
683189af3b812c35ca96,surrogate,11,2000.0,1.0,0.0,10.0,0.2,0.0,1.2788428153942544e-07,0.013617678224720597,1.0,0.0,0.038629418963636517,2.5012896089169224e-11,0.9722616861526788,1.0,0.0,0.03862929107935498,1.9355478526866463e-11,0.9858793643773994,0.09410141734406352
117464b87b87776fe557,surrogate,12,2000.0,1.0,0.0,0.3,0.8,0.0,8.054411825691998e-08,3.7891439350901113e-06,1.0,0.0,0.038441839450152476,2.1411105301124296e-13,0.21644905190743666,1.0,0.0,0.03844191999427073,4.25344832996465e-15,0.21644526276350157,0.10994362505152822
117464b87b87776fe557,surrogate,12,2000.0,1.0,0.6,2.0,1.7,7.488474305206161e-06,8.397351478062198e-08,3.3433206919952774e-05,0.7556291413618056,2.6940695492566158e-14,0.18402440135223563,4.976077298449654e-12,0.4946397248031546,0.7556216528875004,6.355297463627813e-14,0.18402448532575041,8.999643417061963e-14,0.49460629159623465,0.10994362505152822
117464b87b87776fe557,surrogate,12,2000.0,1.0,0.0,10.0,0.2,0.0,9.76874180436127e-08,0.010108878032135782,1.0,0.0,0.038629418963636517,2.5012896089169224e-11,0.9722616861526788,1.0,0.0,0.03862932127621847,2.0112402313735127e-11,0.962152808120543,0.10994362505152822
08394585240b71241eae,surrogate,16,2000.0,1.0,0.0,0.3,0.8,0.0,1.7072553717967232e-09,2.3391187040089356e-07,1.0,0.0,0.038441839450152476,2.1411105301124296e-13,0.21644905190743666,1.0,0.0,0.03844184115740785,5.3871872475312886e-15,0.21644881799556626,1.1286821248941123
08394585240b71241eae,surrogate,16,2000.0,1.0,0.6,2.0,1.7,3.7136187296393786e-06,5.54219314885529e-09,3.7317102117295775e-06,0.7556291413618056,2.6940695492566158e-14,0.18402440135223563,4.976077298449654e-12,0.4946397248031546,0.755625427743076,4.134618580756364e-12,0.18402439581004248,1.213133386541625e-13,0.49463599309294287,1.1286821248941123
08394585240b71241eae,surrogate,16,2000.0,1.0,0.0,10.0,0.2,0.0,3.668424231051404e-08,0.006136478299842096,1.0,0.0,0.038629418963636517,2.5012896089169224e-11,0.9722616861526788,1.0,0.0,0.038629382279394206,9.084554106428374e-12,0.9661252078528367,1.1286821248941123
d5a257b8676efd5b783b,linear-gl,2,2000.0,1.0,0.0,0.3,0.8,0.0,0.03838607541760288,0.21618526313704226,1.0,0.0,0.038441839450152476,2.1411105301124296e-13,0.21644905190743666,1.0,0.0,5.576403254959772e-05,1.3047720935795425e-14,0.0002637887703944094,4.0457583963871e-05
d5a257b8676efd5b783b,linear-gl,2,2000.0,1.0,0.6,2.0,1.7,0.7537226963824124,0.1840228982490124,0.10421786599248345,0.7556291413618056,2.6940695492566158e-14,0.18402440135223563,4.976077298449654e-12,0.4946397248031546,0.0019064449793931848,6.631263395989465e-12,1.5031032232200115e-06,1.5503493316540506e-13,0.598857590795638,4.0457583963871e-05
d5a257b8676efd5b783b,linear-gl,2,2000.0,1.0,0.0,10.0,0.2,0.0,0.03815726440802345,0.9628499785203304,1.0,0.0,0.038629418963636517,2.5012896089169224e-11,0.9722616861526788,1.0,0.0,0.00047215455561306496,6.063341643829343e-11,0.009411707632348484,4.0457583963871e-05
6ebcec7606b0f86612e2,linear-gl,4,2000.0,1.0,0.0,0.3,0.8,0.0,0.038328280012846216,0.2159118646424072,1.0,0.0,0.038441839450152476,2.1411105301124296e-13,0.21644905190743666,1.0,0.0,0.00011355943730626095,2.5520256381919097e-15,0.0005371872650294695,4.137493669986725e-05
6ebcec7606b0f86612e2,linear-gl,4,2000.0,1.0,0.6,2.0,1.7,0.7517511323031105,0.1840181795814572,0.10304052452000395,0.7556291413618056,2.6940695492566158e-14,0.18402440135223563,4.976077298449654e-12,0.4946397248031546,0.0038780090586950644,3.7251744553408676e-14,6.221770778452307e-06,8.337853609985937e-14,0.5976802493231586,4.137493669986725e-05
6ebcec7606b0f86612e2,linear-gl,4,2000.0,1.0,0.0,10.0,0.2,0.0,0.03767699305772591,0.9532759497359903,1.0,0.0,0.038629418963636517,2.5012896089169224e-11,0.9722616861526788,1.0,0.0,0.0009524259059106028,1.780362688812043e-13,0.01898573641668853,4.137493669986725e-05
2827829973157732df4f,linear-gl,6,2000.0,1.0,0.0,0.3,0.8,0.0,0.03827018938595688,0.21563706880445377,1.0,0.0,0.038441839450152476,2.1411105301124296e-13,0.21644905190743666,1.0,0.0,0.00017165006419559543,1.1787078708594211e-13,0.0008119831029828996,4.349974915385246e-05
2827829973157732df4f,linear-gl,6,2000.0,1.0,0.6,2.0,1.7,0.7497738932775294,0.18401021282339577,0.1018639903394864,0.7556291413618056,2.6940695492566158e-14,0.18402440135223563,4.976077298449654e-12,0.4946397248031546,0.005855248084276177,3.002097659592744e-14,1.418852883986771e-05,9.204580909356355e-12,0.596503715142641,4.349974915385246e-05
2827829973157732df4f,linear-gl,6,2000.0,1.0,0.0,10.0,0.2,0.0,0.03720334728470636,0.9438330404679527,1.0,0.0,0.038629418963636517,2.5012896089169224e-11,0.9722616861526788,1.0,0.0,0.0014260716789301535,3.628760366645003e-11,0.028428645684726136,4.349974915385246e-05
1f6ba8094dff19cbb4d4,linear-gl,8,2000.0,1.0,0.0,0.3,0.8,0.0,0.03821202638278318,0.21536192940148396,1.0,0.0,0.038441839450152476,2.1411105301124296e-13,0.21644905190743666,1.0,0.0,0.00022981306736928972,1.4599991322905543e-14,0.0010871225059526867,4.4208019971847534e-05
1f6ba8094dff19cbb4d4,linear-gl,8,2000.0,1.0,0.6,2.0,1.7,0.7477985559516912,0.1839990161958774,0.10069280731667457,0.7556291413618056,2.6940695492566158e-14,0.18402440135223563,4.976077298449654e-12,0.4946397248031546,0.007830585410114388,3.1191224104850537e-14,2.538515635821431e-05,9.218559416286553e-13,0.5953325321198292,4.4208019971847534e-05
1f6ba8094dff19cbb4d4,linear-gl,8,2000.0,1.0,0.0,10.0,0.2,0.0,0.03673799628542425,0.9345541402554286,1.0,0.0,0.038629418963636517,2.5012896089169224e-11,0.9722616861526788,1.0,0.0,0.0018914226782122644,3.621826363641886e-12,0.0377075458972502,4.4208019971847534e-05
890935796c8c54905861,linear-gl,10,2000.0,1.0,0.0,0.3,0.8,0.0,0.038153851147824075,0.21508673056306415,1.0,0.0,0.038441839450152476,2.1411105301124296e-13,0.21644905190743666,1.0,0.0,0.000287988302328401,5.70955086852018e-14,0.0013623213443724948,4.554213955998421e-05
890935796c8c54905861,linear-gl,10,2000.0,1.0,0.6,2.0,1.7,0.7458271229568448,0.18398461250412076,0.09952816719275254,0.7556291413618056,2.6940695492566158e-14,0.18402440135223563,4.976077298449654e-12,0.4946397248031546,0.009802018404960755,3.083701485279117e-14,3.978884811486563e-05,3.996167271657173e-12,0.5941678919959071,4.554213955998421e-05
890935796c8c54905861,linear-gl,10,2000.0,1.0,0.0,10.0,0.2,0.0,0.03628121336178263,0.9254443525524453,1.0,0.0,0.038629418963636517,2.5012896089169224e-11,0.9722616861526788,1.0,0.0,0.002348205601853886,3.0147500984298974e-11,0.046817333600233546,4.554213955998421e-05
93fd958d4858acad0815,linear-gl,12,2000.0,1.0,0.0,0.3,0.8,0.0,0.03809568644897647,0.2148115796119457,1.0,0.0,0.038441839450152476,2.1411105301124296e-13,0.21644905190743666,1.0,0.0,0.00034615300117600366,2.0268530702188198e-13,0.0016374722954909727,4.5209191739559174e-05
93fd958d4858acad0815,linear-gl,12,2000.0,1.0,0.6,2.0,1.7,0.7438603172934426,0.18396702540333804,0.09837049207729137,0.7556291413618056,2.6940695492566158e-14,0.18402440135223563,4.976077298449654e-12,0.4946397248031546,0.011768824068362993,3.084940307104702e-14,5.7375948897591977e-05,6.675620330191548e-13,0.593010216880446,4.5209191739559174e-05
93fd958d4858acad0815,linear-gl,12,2000.0,1.0,0.0,10.0,0.2,0.0,0.03583295754874544,0.9165025520588296,1.0,0.0,0.038629418963636517,2.5012896089169224e-11,0.9722616861526788,1.0,0.0,0.0027964614148910773,2.3839313788445112e-12,0.055759134093849264,4.5209191739559174e-05
ece20b5e1b8997a3621c,linear-gl,16,2000.0,1.0,0.0,0.3,0.8,0.0,0.03797942580644969,0.21426159558043417,1.0,0.0,0.038441839450152476,2.1411105301124296e-13,0.21644905190743666,1.0,0.0,0.00046241364370278834,7.673062658044183e-15,0.0021874563270024745,4.954217001795769e-05
ece20b5e1b8997a3621c,linear-gl,16,2000.0,1.0,0.6,2.0,1.7,0.7399416371427883,0.18392239625173656,0.09607661617200852,0.7556291413618056,2.6940695492566158e-14,0.18402440135223563,4.976077298449654e-12,0.4946397248031546,0.015687504219017323,3.08120897967805e-14,0.00010200510049907271,1.1308327291421442e-12,0.5907163409751631,4.954217001795769e-05
ece20b5e1b8997a3621c,linear-gl,16,2000.0,1.0,0.0,10.0,0.2,0.0,0.03496143699476451,0.8991100728037071,1.0,0.0,0.038629418963636517,2.5012896089169224e-11,0.9722616861526788,1.0,0.0,0.003667981968872002,5.393501860575941e-13,0.07315161334897172,4.954217001795769e-05
716a27b4528cfc618bfe,linear-gl,24,2000.0,1.0,0.0,0.3,0.8,0.0,0.03774727415822597,0.21316333605850915,1.0,0.0,0.038441839450152476,2.1411105301124296e-13,0.21644905190743666,1.0,0.0,0.0006945652919265081,1.68625082902126e-14,0.003285715848927505,5.7165976613759995e-05
716a27b4528cfc618bfe,linear-gl,24,2000.0,1.0,0.6,2.0,1.7,0.7321657292029987,0.18379598157667262,0.09157542671412028,0.7556291413618056,2.6940695492566158e-14,0.18402440135223563,4.976077298449654e-12,0.4946397248031546,0.023463412158806873,3.0725662821914496e-14,0.0002284197755630138,3.514189763346823e-12,0.5862151515172749,5.7165976613759995e-05
716a27b4528cfc618bfe,linear-gl,24,2000.0,1.0,0.0,10.0,0.2,0.0,0.033313203826830076,0.8661808470148489,1.0,0.0,0.038629418963636517,2.5012896089169224e-11,0.9722616861526788,1.0,0.0,0.005316215136806438,2.04762742070607e-11,0.10608083913782991,5.7165976613759995e-05
00c6cee1d31c366c18d5,linear-gl,32,2000.0,1.0,0.0,0.3,0.8,0.0,0.03751567998414983,0.21206764044015258,1.0,0.0,0.038441839450152476,2.1411105301124296e-13,0.21644905190743666,1.0,0.0,0.0009261594660026479,2.1978941726932812e-14,0.004381411467284078,6.520794704556465e-05
00c6cee1d31c366c18d5,linear-gl,32,2000.0,1.0,0.6,2.0,1.7,0.7244712149076844,0.18362127266624872,0.08718858180080374,0.7556291413618056,2.6940695492566158e-14,0.18402440135223563,4.976077298449654e-12,0.4946397248031546,0.031157926454121188,3.064002751913421e-14,0.000403128685986898,5.586671093413927e-12,0.5818283066039583,6.520794704556465e-05
00c6cee1d31c366c18d5,linear-gl,32,2000.0,1.0,0.0,10.0,0.2,0.0,0.03178152088437324,0.835521316603339,1.0,0.0,0.038629418963636517,2.5012896089169224e-11,0.9722616861526788,1.0,0.0,0.0068478980792632755,3.6937486673328634e-12,0.13674036954933988,6.520794704556465e-05
51824665746eb3ff85ea,linear-gl,64,2000.0,1.0,0.0,0.3,0.8,0.0,0.03659534296300335,0.20771223015621765,1.0,0.0,0.038441839450152476,2.1411105301124296e-13,0.21644905190743666,1.0,0.0,0.0018464964871491303,3.494790798278209e-14,0.008736821751219015,0.0001355838030576706
51824665746eb3ff85ea,linear-gl,64,2000.0,1.0,0.6,2.0,1.7,0.6944634935524773,0.18246847697691637,0.070738792634297,0.7556291413618056,2.6940695492566158e-14,0.18402440135223563,4.976077298449654e-12,0.4946397248031546,0.061165647809328316,3.0738611622965225e-14,0.001555924375319254,6.436069660811496e-13,0.5653785174374516,0.0001355838030576706
51824665746eb3ff85ea,linear-gl,64,2000.0,1.0,0.0,10.0,0.2,0.0,0.026618899505605975,0.73149350654297,1.0,0.0,0.038629418963636517,2.5012896089169224e-11,0.9722616861526788,1.0,0.0,0.012010519458030543,1.57869759920778e-11,0.2407681796097088,0.0001355838030576706
047855fa87056aad444a,linear-gl,128,2000.0,1.0,0.0,0.3,0.8,0.0,0.03478601662346418,0.19913934056060967,1.0,0.0,0.038441839450152476,2.1411105301124296e-13,0.21644905190743666,1.0,0.0,0.0036558228266883,6.546575227882792e-14,0.017309711346826986,0.00040304195135831833
047855fa87056aad444a,linear-gl,128,2000.0,1.0,0.6,2.0,1.7,0.6377335705993308,0.17826609456528594,0.04262469426294996,0.7556291413618056,2.6940695492566158e-14,0.18402440135223563,4.976077298449654e-12,0.4946397248031546,0.11789557076247481,3.837282147607772e-14,0.005758306786949692,6.434968124648705e-13,0.5372644190661046,0.00040304195135831833
047855fa87056aad444a,linear-gl,128,2000.0,1.0,0.0,10.0,0.2,0.0,0.01948537054502779,0.5844962610883456,1.0,0.0,0.038629418963636517,2.5012896089169224e-11,0.9722616861526788,1.0,0.0,0.019144048418608728,4.171361850476326e-11,0.3877654250643332,0.00040304195135831833
fc120ca23ff5b267572e,linear-gl,256,2000.0,1.0,0.0,0.3,0.8,0.0,0.031308471275020504,0.18258454171774777,1.0,0.0,0.038441839450152476,2.1411105301124296e-13,0.21644905190743666,1.0,0.0,0.007133368175131975,1.611891473864463e-13,0.03386451018968889,0.0014948751777410507
fc120ca23ff5b267572e,linear-gl,256,2000.0,1.0,0.6,2.0,1.7,0.5353185998983333,0.16441938053938757,0.00194726384440852,0.7556291413618056,2.6940695492566158e-14,0.18402440135223563,4.976077298449654e-12,0.4946397248031546,0.2203105414634723,5.958398011852159e-14,0.019605020812848064,6.445131544199445e-13,0.4965869886475631,0.0014948751777410507
fc120ca23ff5b267572e,linear-gl,256,2000.0,1.0,0.0,10.0,0.2,0.0,0.011697938327929456,0.4147190226750469,1.0,0.0,0.038629418963636517,2.5012896089169224e-11,0.9722616861526788,1.0,0.0,0.02693148063570706,3.670016401358738e-12,0.5575426634776319,0.0014948751777410507
fb90ea7a097cf50a7394,linear-gl,512,2000.0,1.0,0.0,0.3,0.8,0.0,0.025009504103567094,0.15207217852796823,1.0,0.0,0.038441839450152476,2.1411105301124296e-13,0.21644905190743666,1.0,0.0,0.013432335346585384,1.913273155386293e-13,0.06437687337946844,0.005757917184382677
fb90ea7a097cf50a7394,linear-gl,512,2000.0,1.0,0.6,2.0,1.7,0.36964846991062483,0.1279315293601232,0.038423540163059544,0.7556291413618056,2.6940695492566158e-14,0.18402440135223563,4.976077298449654e-12,0.4946397248031546,0.38598067145118076,3.79619794418336e-14,0.05609287199211244,9.771047256719675e-12,0.45621618464009506,0.005757917184382677
fb90ea7a097cf50a7394,linear-gl,512,2000.0,1.0,0.0,10.0,0.2,0.0,0.005379495211830884,0.2589593314558578,1.0,0.0,0.038629418963636517,2.5012896089169224e-11,0.9722616861526788,1.0,0.0,0.03324992375180563,4.4281952748244735e-11,0.713302354696821,0.005757917184382677
7bace1afc01b49b2b5d7,linear-gl,1024,2000.0,1.0,0.0,0.3,0.8,0.0,0.015298811649009935,0.102234110279227,1.0,0.0,0.038441839450152476,2.1411105301124296e-13,0.21644905190743666,1.0,0.0,0.02314302780114254,2.740747310555661e-14,0.11421494162820965,0.02289891568943858
7bace1afc01b49b2b5d7,linear-gl,1024,2000.0,1.0,0.6,2.0,1.7,0.1728263290073847,0.06748387482102383,0.0494779256712492,0.7556291413618056,2.6940695492566158e-14,0.18402440135223563,4.976077298449654e-12,0.4946397248031546,0.5828028123544209,2.5340400441761905e-14,0.1165405265312118,9.991989666307675e-13,0.4451617991319054,0.02289891568943858
7bace1afc01b49b2b5d7,linear-gl,1024,2000.0,1.0,0.0,10.0,0.2,0.0,0.0017201267855448607,0.14355058953944455,1.0,0.0,0.038629418963636517,2.5012896089169224e-11,0.9722616861526788,1.0,0.0,0.036909292178091656,2.006979774415669e-11,0.8287110966132343,0.02289891568943858
e96a521fae3f6c2270c2,linear-gl,2048,2000.0,1.0,0.0,0.3,0.8,0.0,0.00526533541255169,0.042384265086513884,1.0,0.0,0.038441839450152476,2.1411105301124296e-13,0.21644905190743666,1.0,0.0,0.033176504037600786,1.8561968522728955e-13,0.17406478682092277,0.09095108276233077
e96a521fae3f6c2270c2,linear-gl,2048,2000.0,1.0,0.6,2.0,1.7,0.04396502071541786,0.018653388748483907,0.026438293478761254,0.7556291413618056,2.6940695492566158e-14,0.18402440135223563,4.976077298449654e-12,0.4946397248031546,0.7116641206463877,4.224071826924211e-14,0.16537101260375173,1.462373090092294e-12,0.46820143132439335,0.09095108276233077
e96a521fae3f6c2270c2,linear-gl,2048,2000.0,1.0,0.0,10.0,0.2,0.0,0.0003104148792847372,0.07098373204385622,1.0,0.0,0.038629418963636517,2.5012896089169224e-11,0.9722616861526788,1.0,0.0,0.03831900408435178,1.9749300817928264e-11,0.9012779541088226,0.09095108276233077
ea09db252e3db06f39f4,surrogate,8,100.0,1.0,0.0,0.3,0.8,0.0,2.99102634743198e-08,4.857061891738734e-06,1.0,0.0,0.03825324826488347,6.319869000094504e-14,0.21543144953507934,1.0,0.0,0.03825321835462,1.9715441276493403e-14,0.2154265924731876,0.06337587488815188
ea09db252e3db06f39f4,surrogate,8,100.0,1.0,0.6,2.0,1.7,0.00032976613906787744,7.1469667600188025e-06,4.1095060598905775e-05,0.7523897498247243,4.816088915730183e-14,0.18308996908077382,4.199718921108984e-12,0.4941770109498243,0.7520599836856564,2.2607240884479107e-14,0.1830828221140138,1.4898877300150023e-12,0.4941359158892254,0.06337587488815188
ea09db252e3db06f39f4,surrogate,8,100.0,1.0,0.0,10.0,0.2,0.0,1.8319263181791612e-05,0.010672383450706424,1.0,0.0,0.03847389195640503,4.791739773973136e-11,0.9722095762223962,1.0,0.0,0.038455572693223236,3.7437468386335714e-11,0.9615371927716898,0.06337587488815188
d1bfb28fb1c822c65557,surrogate,8,100.0,1.0,0.0,0.3,0.8,0.0,2.1121131187976094e-06,4.247758980660543e-05,1.0,0.0,0.03825324826488347,6.319869000094504e-14,0.21543144953507934,1.0,0.0,0.03825536037800227,5.239851825853196e-15,0.21538897194527273,0.032829334028065205
d1bfb28fb1c822c65557,surrogate,8,100.0,1.0,0.6,2.0,1.7,6.3831211483122985e-06,3.2776713897730847e-06,0.00022699139328252738,0.7523897498247243,4.816088915730183e-14,0.18308996908077382,4.199718921108984e-12,0.4941770109498243,0.7523961329458726,1.367884231096844e-12,0.1830932467521636,2.062473915825923e-13,0.4939500195565418,0.032829334028065205
d1bfb28fb1c822c65557,surrogate,8,100.0,1.0,0.0,10.0,0.2,0.0,2.867809036077862e-08,0.01627245837023883,1.0,0.0,0.03847389195640503,4.791739773973136e-11,0.9722095762223962,1.0,0.0,0.03847386327831467,1.6103898163005245e-11,0.9559371178521574,0.032829334028065205
7b7ed2a06bcf897e85a8,surrogate,8,100.0,1.0,0.0,0.3,0.8,0.0,7.296804861833817e-06,0.00010120007756253546,1.0,0.0,0.03825324826488347,6.319869000094504e-14,0.21543144953507934,1.0,0.0,0.03826054506974531,3.9198173286217575e-14,0.2153302494575168,0.022512542083859444
7b7ed2a06bcf897e85a8,surrogate,8,100.0,1.0,0.6,2.0,1.7,2.847619985923977e-05,1.3773949293499621e-05,0.0004383878828128074,0.7523897498247243,4.816088915730183e-14,0.18308996908077382,4.199718921108984e-12,0.4941770109498243,0.7524182260245835,8.215304948726785e-15,0.18310374303006732,2.7962572749007513e-12,0.4937386230670115,0.022512542083859444
7b7ed2a06bcf897e85a8,surrogate,8,100.0,1.0,0.0,10.0,0.2,0.0,1.6515745139555893e-07,0.019230534561276214,1.0,0.0,0.03847389195640503,4.791739773973136e-11,0.9722095762223962,1.0,0.0,0.03847372679895363,3.965164282910286e-11,0.95297904166112,0.022512542083859444
c902e7d2e0f34a368084,surrogate,8,100.0,1.0,0.0,0.3,0.8,0.0,2.544738833620136e-05,0.0002545194594157085,1.0,0.0,0.03825324826488347,6.319869000094504e-14,0.21543144953507934,1.0,0.0,0.038278695653219674,9.545399875326462e-14,0.21517693007566363,0.021976415999233723
c902e7d2e0f34a368084,surrogate,8,100.0,1.0,0.6,2.0,1.7,0.00011594058375730132,6.278883671928526e-05,0.0008765769956911584,0.7523897498247243,4.816088915730183e-14,0.18308996908077382,4.199718921108984e-12,0.4941770109498243,0.7525056904084816,3.181671986005755e-14,0.1831527579174931,6.2388798551254264e-12,0.49330043395413314,0.021976415999233723
c902e7d2e0f34a368084,surrogate,8,100.0,1.0,0.0,10.0,0.2,0.0,5.056645096535028e-07,0.023228207660640265,1.0,0.0,0.03847389195640503,4.791739773973136e-11,0.9722095762223962,1.0,0.0,0.038473386291895374,4.7260627439376525e-11,0.948981368561756,0.021976415999233723
25cb2d589c4e030583c4,surrogate,8,100.0,1.0,0.0,0.3,0.8,0.0,2.0418696116478174e-06,3.512256928936419e-05,1.0,0.0,0.03825324826488347,6.319869000094504e-14,0.21543144953507934,1.0,0.0,0.03825529013449512,4.082490317261134e-15,0.21539632696578997,0.0367364170961082
25cb2d589c4e030583c4,surrogate,8,100.0,1.0,0.6,2.0,1.7,4.4187687782137886e-06,3.2977623905805498e-06,0.00020775343064460827,0.7523897498247243,4.816088915730183e-14,0.18308996908077382,4.199718921108984e-12,0.4941770109498243,0.7523941685935025,2.5790078463062637e-12,0.1830932668431644,3.10323926728026e-14,0.4939692575191797,0.0367364170961082
25cb2d589c4e030583c4,surrogate,8,100.0,1.0,0.0,10.0,0.2,0.0,6.272612990826376e-08,0.01596745178371617,1.0,0.0,0.03847389195640503,4.791739773973136e-11,0.9722095762223962,1.0,0.0,0.03847382923027512,1.1605677225573576e-11,0.9562421244386801,0.0367364170961082
bf7a89e4c11d94e065b1,surrogate,8,100.0,1.0,0.0,0.3,0.8,0.0,1.9312285116090955e-06,3.968970226647661e-05,1.0,0.0,0.03825324826488347,6.319869000094504e-14,0.21543144953507934,1.0,0.0,0.03825517949339508,4.0470880842593925e-15,0.21539175983281286,0.019129875116050243
bf7a89e4c11d94e065b1,surrogate,8,100.0,1.0,0.6,2.0,1.7,3.5291942898085793e-06,2.970162357340822e-06,0.0002152047141954494,0.7523897498247243,4.816088915730183e-14,0.18308996908077382,4.199718921108984e-12,0.4941770109498243,0.7523932790190141,2.5377687507420053e-12,0.18309293924313116,3.605831110743006e-14,0.49396180623562885,0.019129875116050243
bf7a89e4c11d94e065b1,surrogate,8,100.0,1.0,0.0,10.0,0.2,0.0,6.00984568360774e-08,0.016048040630625815,1.0,0.0,0.03847389195640503,4.791739773973136e-11,0.9722095762223962,1.0,0.0,0.03847383185794819,1.179960049037333e-11,0.9561615355917704,0.019129875116050243
04d32d1fc6e70e0f1810,surrogate,8,100.0,1.0,0.0,0.3,0.8,0.0,1.9201851417446902e-06,3.956537059093823e-05,1.0,0.0,0.03825324826488347,6.319869000094504e-14,0.21543144953507934,1.0,0.0,0.03825516845002522,4.08010549374555e-15,0.2153918841644884,0.09410887537524104
04d32d1fc6e70e0f1810,surrogate,8,100.0,1.0,0.6,2.0,1.7,3.3378039082654354e-06,2.950207091456658e-06,0.00021458375953070652,0.7523897498247243,4.816088915730183e-14,0.18308996908077382,4.199718921108984e-12,0.4941770109498243,0.7523930876286326,2.5743163245314953e-12,0.18309291928786528,3.1400057923102495e-14,0.4939624271902936,0.09410887537524104
04d32d1fc6e70e0f1810,surrogate,8,100.0,1.0,0.0,10.0,0.2,0.0,6.267831219319842e-08,0.016035505950986018,1.0,0.0,0.03847389195640503,4.791739773973136e-11,0.9722095762223962,1.0,0.0,0.038473829278092835,1.1604409883621486e-11,0.9561740702714102,0.09410887537524104
ff438a4f2be9c0ded491,surrogate,8,100.0,1.0,0.0,0.3,0.8,0.0,1.9224134881756783e-06,3.959058884958622e-05,1.0,0.0,0.03825324826488347,6.319869000094504e-14,0.21543144953507934,1.0,0.0,0.03825517067837165,4.0731390350273734e-15,0.21539185894622975,0.008337500039488077
ff438a4f2be9c0ded491,surrogate,8,100.0,1.0,0.6,2.0,1.7,3.376607596083936e-06,2.9542319069930656e-06,0.00021470943733403747,0.7523897498247243,4.816088915730183e-14,0.18308996908077382,4.199718921108984e-12,0.4941770109498243,0.7523931264323204,2.567193016234881e-12,0.18309292331268082,3.230112919155647e-14,0.49396230151249026,0.008337500039488077
ff438a4f2be9c0ded491,surrogate,8,100.0,1.0,0.0,10.0,0.2,0.0,6.215137918208491e-08,0.016038043539427504,1.0,0.0,0.03847389195640503,4.791739773973136e-11,0.9722095762223962,1.0,0.0,0.038473829805025846,1.1643426745075098e-11,0.9561715326829687,0.008337500039488077
16a9e188e800223413c3,surrogate,8,100.0,1.0,0.0,0.3,0.8,0.0,1.9224134881756783e-06,3.959058884958622e-05,1.0,0.0,0.03825324826488347,6.319869000094504e-14,0.21543144953507934,1.0,0.0,0.03825517067837165,4.0731390350273734e-15,0.21539185894622975,0.06991895800456405
16a9e188e800223413c3,surrogate,8,100.0,1.0,0.6,2.0,1.7,3.376607596083936e-06,2.9542319069930656e-06,0.00021470943733403747,0.7523897498247243,4.816088915730183e-14,0.18308996908077382,4.199718921108984e-12,0.4941770109498243,0.7523931264323204,2.567193016234881e-12,0.18309292331268082,3.230112919155647e-14,0.49396230151249026,0.06991895800456405
16a9e188e800223413c3,surrogate,8,100.0,1.0,0.0,10.0,0.2,0.0,6.215137918208491e-08,0.016038043539427504,1.0,0.0,0.03847389195640503,4.791739773973136e-11,0.9722095762223962,1.0,0.0,0.038473829805025846,1.1643426745075098e-11,0.9561715326829687,0.06991895800456405
bd23d07d75747d245685,surrogate,8,100.0,1.0,0.0,0.3,0.8,0.0,1.9224134881756783e-06,3.959058884958622e-05,1.0,0.0,0.03825324826488347,6.319869000094504e-14,0.21543144953507934,1.0,0.0,0.03825517067837165,4.0731390350273734e-15,0.21539185894622975,0.03766104159876704
bd23d07d75747d245685,surrogate,8,100.0,1.0,0.6,2.0,1.7,3.376607596083936e-06,2.9542319069930656e-06,0.00021470943733403747,0.7523897498247243,4.816088915730183e-14,0.18308996908077382,4.199718921108984e-12,0.4941770109498243,0.7523931264323204,2.567193016234881e-12,0.18309292331268082,3.230112919155647e-14,0.49396230151249026,0.03766104159876704
bd23d07d75747d245685,surrogate,8,100.0,1.0,0.0,10.0,0.2,0.0,6.215137918208491e-08,0.016038043539427504,1.0,0.0,0.03847389195640503,4.791739773973136e-11,0.9722095762223962,1.0,0.0,0.038473829805025846,1.1643426745075098e-11,0.9561715326829687,0.03766104159876704
efbd81f31a8e3fb76d99,surrogate,8,100.0,1.0,0.0,0.3,0.8,0.0,1.9224134881756783e-06,3.959058884958622e-05,1.0,0.0,0.03825324826488347,6.319869000094504e-14,0.21543144953507934,1.0,0.0,0.03825517067837165,4.0731390350273734e-15,0.21539185894622975,0.032418542075902224
efbd81f31a8e3fb76d99,surrogate,8,100.0,1.0,0.6,2.0,1.7,3.376607596083936e-06,2.9542319069930656e-06,0.00021470943733403747,0.7523897498247243,4.816088915730183e-14,0.18308996908077382,4.199718921108984e-12,0.4941770109498243,0.7523931264323204,2.567193016234881e-12,0.18309292331268082,3.230112919155647e-14,0.49396230151249026,0.032418542075902224
efbd81f31a8e3fb76d99,surrogate,8,100.0,1.0,0.0,10.0,0.2,0.0,6.215137918208491e-08,0.016038043539427504,1.0,0.0,0.03847389195640503,4.791739773973136e-11,0.9722095762223962,1.0,0.0,0.038473829805025846,1.1643426745075098e-11,0.9561715326829687,0.032418542075902224
d9d71638c83b46805aad,surrogate,8,2000.0,1.0,0.0,0.3,0.8,0.0,5.551039319144635e-06,8.864937868241496e-05,1.0,0.0,0.038441839450152476,2.1411105301124296e-13,0.21644905190743666,1.0,0.0,0.03844739048947162,7.524194892680696e-14,0.21636040252875424,0.04079641681164503
d9d71638c83b46805aad,surrogate,8,2000.0,1.0,0.6,2.0,1.7,1.7537820023783013e-05,9.250929940501917e-06,0.0004036430100207711,0.7556291413618056,2.6940695492566158e-14,0.18402440135223563,4.976077298449654e-12,0.4946397248031546,0.7556466791818294,1.2431601475128382e-14,0.18403365228217614,4.569266677224142e-12,0.49423608179313383,0.04079641681164503
d9d71638c83b46805aad,surrogate,8,2000.0,1.0,0.0,10.0,0.2,0.0,1.786279480164854e-07,0.01891446084111137,1.0,0.0,0.038629418963636517,2.5012896089169224e-11,0.9722616861526788,1.0,0.0,0.0386292403356885,2.864328799164699e-11,0.9533472253115675,0.04079641681164503
0d599095aa8fdfb3d4dd,surrogate,8,2000.0,1.0,0.0,0.3,0.8,0.0,5.553212590776735e-06,8.866943301150121e-05,1.0,0.0,0.038441839450152476,2.1411105301124296e-13,0.21644905190743666,1.0,0.0,0.03844739266274325,7.536671742420161e-14,0.21636038247442516,0.040167790837585926
0d599095aa8fdfb3d4dd,surrogate,8,2000.0,1.0,0.6,2.0,1.7,1.7552893741945574e-05,9.255011443803918e-06,0.00040372486968470733,0.7556291413618056,2.6940695492566158e-14,0.18402440135223563,4.976077298449654e-12,0.4946397248031546,0.7556466942555475,1.247406755994502e-14,0.18403365636367944,4.575364941410627e-12,0.4942359999334699,0.040167790837585926
0d599095aa8fdfb3d4dd,surrogate,8,2000.0,1.0,0.0,10.0,0.2,0.0,1.7867627705170364e-07,0.018915546637857328,1.0,0.0,0.038629418963636517,2.5012896089169224e-11,0.9722616861526788,1.0,0.0,0.038629240287359465,2.8621084728540254e-11,0.9533461395148215,0.040167790837585926
f536a689873f810a1553,surrogate,8,2000.0,1.0,0.0,0.3,0.8,0.0,0.0002597005417854098,0.0018874989933511666,1.0,0.0,0.038441839450152476,2.1411105301124296e-13,0.21644905190743666,1.0,0.0,0.038701539991937886,4.2362286602260155e-13,0.2145615529140855,0.028159375302493572
f536a689873f810a1553,surrogate,8,2000.0,1.0,0.6,2.0,1.7,0.001562132648050496,0.0010514648679070815,0.003911752228719145,0.7556291413618056,2.6940695492566158e-14,0.18402440135223563,4.976077298449654e-12,0.4946397248031546,0.7571912740098561,3.512551402290765e-14,0.18507586622014272,5.21538723550887e-13,0.49072797257443546,0.028159375302493572
f536a689873f810a1553,surrogate,8,2000.0,1.0,0.0,10.0,0.2,0.0,6.044874383305532e-06,0.038046889522334926,1.0,0.0,0.038629418963636517,2.5012896089169224e-11,0.9722616861526788,1.0,0.0,0.03863546383801982,1.6238815592251287e-11,0.9342147966303439,0.028159375302493572
