setting,u,energy,spin,twice_sz,pairing,spin_correlation,excitation
ChE-W1,0.1,-1.1964459415243447,0.5,1,0.11075416469959476,0.07735818280594599,0.0
ChE-W1,0.1,-1.18337119988724,-0.0,0,-0.13673381707469304,-0.2136511662646901,0.013074741637104648
ChE-W1,0.1,-1.1602061101832164,-0.0,0,0.35852955354824356,-0.030607853923305423,0.03623983134112829
ChE-W1,0.1,-0.604435699807652,1.0,2,-0.06689576262626001,0.18310423737374004,0.5920102417166927
ChE-W1,0.1,-0.5685930818095557,0.5,1,0.18070108101426563,-0.11228645971896734,0.627852859714789
ChE-W1,0.1,-0.5544356998076514,0.5,1,-0.31689576262625985,-9.374997398120513e-31,0.6420102417166933
ChE-W1,0.1,-0.5320794912742269,-0.0,0,-0.07136789817896405,1.905629079405478e-31,0.6643664502501178
ChE-W1,0.15,-1.176916011552851,0.5,1,0.11019382916019835,0.07854478862769786,0.0
ChE-W1,0.15,-1.157872181595047,-0.0,0,-0.13583408564800897,-0.22258554235674619,0.01904382995780396
ChE-W1,0.15,-1.1225173648331555,-0.0,0,0.35686393895696117,-0.03164166855846757,0.05439864671969552
ChE-W1,0.15,-0.5978000704659542,1.0,2,-0.065819610825511,0.18418038917448903,0.5791159410868968
ChE-W1,0.15,-0.5442921613553873,0.5,1,0.1804505283731186,-0.11679858677638036,0.6326238501974637
ChE-W1,0.15,-0.5228000704659524,0.5,1,-0.3158196108255107,-4.535371905251877e-29,0.6541159410868985
ChE-W1,0.15,-0.48927413747101534,-0.0,0,-0.07252781170494575,3.853984377029572e-31,0.6876418740818356
ChE-W1,0.3,-1.1194323059893585,0.5,1,0.108379517833812,0.08213279584508627,0.0
ChE-W1,0.3,-1.0848124553152965,-0.0,0,-0.13248760254435607,-0.250341262689948,0.034619850674062036
ChE-W1,0.3,-1.0104471605827896,-0.0,0,0.35174928835909347,-0.03497378666843479,0.1089851454065689
ChE-W1,0.3,-0.5785271995059329,1.0,2,-0.06269110946773968,0.18730889053226032,0.5409051064834256
ChE-W1,0.3,-0.47307123020596853,0.5,1,0.17910181432878255,-0.1311208437536204,0.64636107578339
ChE-W1,0.3,-0.4285271995059328,0.5,1,-0.3126911094677398,-2.466474224108282e-30,0.6909051064834257
ChE-W1,0.3,-0.361565690605037,-0.0,0,-0.0761074199568936,-2.339034681403206e-31,0.7578666153843214
ChE-W1,0.5,-1.0453152248220372,0.5,1,0.10567862566388944,0.08697616424498775,0.0
ChE-W1,0.5,-0.9954455092943127,-0.0,0,-0.12665770789542075,-0.2888829708404981,0.049869715527724456
ChE-W1,0.5,-0.8634324974969101,-0.0,0,0.34464446838037804,-0.04000979203369906,0.1818827273251271
ChE-W1,0.5,-0.554247641507076,1.0,2,-0.058750132499602564,0.19124986750039744,0.49106758331496125
ChE-W1,0.5,-0.38205527885840646,0.5,1,0.17593431444306196,-0.15207868115529807,0.6632599459636308
ChE-W1,0.5,-0.3042476415070763,0.5,1,-0.3087501324996025,-2.259597784893227e-30,0.7410675833149609
ChE-W1,0.5,-0.1930004681646909,-0.0,0,-0.08110956980145098,-3.5732763899267715e-32,0.8523147566573464
ChE-W1,1.0,-0.8721571627069478,0.5,1,0.09781545905024897,0.09930191135200206,0.0
ChE-W1,1.0,-0.8106704721459252,-0.0,0,-0.10756533698569017,-0.3849801472351615,0.06148669056102252
ChE-W1,1.0,-0.5089658652586149,-0.0,0,0.3253249033591096,-0.05624155043775173,0.3631912974483329
ChE-W1,1.0,-0.5,1.0,2,-0.04999999999999999,0.19999999999999998,0.37215716270694776
ChE-W1,1.0,-0.17458879773724648,0.5,1,0.16168130878859324,-0.2135304161315486,0.6975683649697013
ChE-W1,1.0,-2.9913681849969714e-16,0.5,1,-0.3000000000000002,-2.1937776594755204e-30,0.8721571627069474
ChE-W1,1.5,-0.7154351769354231,0.5,1,0.08892162862506155,0.11174899667021372,0.0
ChE-W1,1.5,-0.6736649900604011,-0.0,0,-0.08708519185121234,-0.46817031418689375,0.041770186875021986
ChE-W1,1.5,-0.4537682265918314,1.0,2,-0.04268692401643526,0.20731307598356474,0.2616669503435917
ChE-W1,1.5,-0.17545485069930092,-0.0,0,0.30345171522036646,-0.07932515087874578,0.5399803262361222
ChE-W1,1.5,0.003504571573279407,0.5,1,0.1403098938571789,-0.2852677448328197,0.7189397485087026
ChE-W1,1.5,0.2962317734081694,0.5,1,-0.292686924016435,-1.326488040870652e-30,1.0116669503435927
ChE-W1,2.0,-0.5741110554837852,0.5,1,0.07960923067927937,0.1240541301029369,0.0
ChE-W1,2.0,-0.5725812810426771,-0.0,0,-0.06931158977825824,-0.5323878358293288,0.0015297744411080227
ChE-W1,2.0,-0.41421356237309537,1.0,2,-0.0366116523516816,0.21338834764831838,0.1598974931106898
ChE-W1,2.0,0.13380173749097848,-0.0,0,0.2785527050086091,-0.11167874788075038,0.7079127929747636
ChE-W1,2.0,0.1522409349774265,0.5,1,0.11548494156391073,-0.360727412345866,0.7263519904612117
ChE-W1,2.05,-0.5640156226444505,-0.0,0,-0.06774277689648235,-0.5378064919982938,0.0
ChE-W1,2.05,-0.5607860376360403,0.5,1,0.07867520830876869,0.1252665175202251,0.0032295850084101962
ChE-W1,2.05,-0.4105798466705937,1.0,2,-0.03606437190007094,0.21393562809992908,0.15343577597385677
ChE-W1,2.05,0.16325097611743636,-0.0,0,0.2758797162636552,-0.115520243303121,0.7272665987618868
ChE-W1,2.05,0.16555477422800527,0.5,1,0.11297329414574166,-0.36816362076461645,0.7295703968724557
ChE-W1,2.1,-0.5556914188333419,-0.0,0,-0.06621279302183516,-0.5430575798415193,0.0
ChE-W1,2.1,-0.547603637659572,0.5,1,0.0777425136711931,0.12647457765618286,0.008087781173769959
ChE-W1,2.1,-0.40700034916196876,1.0,2,-0.03552725645284867,0.21447274354715135,0.1486910696713732
ChE-W1,2.1,0.1785953327735429,0.5,1,0.11047196629135994,-0.375548399331615,0.7342867516068848
ChE-W1,2.1,0.1924160717977923,-0.0,0,0.27317227376697595,-0.11948097387933958,0.7481074906311342
ChE-W1,2.15,-0.5475999287677831,-0.0,0,-0.06472137681889881,-0.5481454625713854,0.0
ChE-W1,2.15,-0.5345627918437516,0.5,1,0.07681156355713178,0.127678063921055,0.013037136924031523
ChE-W1,2.15,-0.40347406291716453,1.0,2,-0.03500011496566738,0.21499988503433265,0.14412586585061854
ChE-W1,2.15,0.19136582396618906,0.5,1,0.10798442816190722,-0.3828746933365552,0.7389657527339721
ChE-W1,2.15,0.22129302351197025,-0.0,0,0.2704302419512284,-0.12356285266828095,0.7688929522797533
ChE-W1,2.2,-0.5397327230748623,-0.0,0,-0.06326816356471754,-0.5530745860049417,0.0
ChE-W1,2.2,-0.5216624301658529,0.5,1,0.07588276173113558,0.12887673409980158,0.01807029290900941
ChE-W1,2.2,-0.4000000000000002,1.0,2,-0.03448275862068968,0.21551724137931028,0.13973272307486212
ChE-W1,2.2,0.20386963255182822,0.5,1,0.10551397686847687,-0.3901357918107584,0.7436023556266905
ChE-W1,2.2,0.24987782428189875,-0.0,0,0.26765354970268185,-0.12776763896823515,0.7896105473567611
ChE-W1,2.25,-0.5320816792890896,-0.0,0,-0.06185269912024014,-0.5578494465909193,0.0
ChE-W1,2.25,-0.5089014761903672,0.5,1,0.07495649888895244,0.130070350636537,0.023180203098722374
ChE-W1,2.25,-0.3965771912410943,1.0,2,-0.033975000913399674,0.21602499908660033,0.13550448804799525
ChE-W1,2.25,0.21611030389127947,0.5,1,0.10306372673886686,-0.3973253514766145,0.7481919831803691
ChE-W1,2.25,0.27816646895084735,-0.0,0,0.2648421967622199,-0.13209691917884156,0.8102481482399368
ChE-W1,2.3,-0.5246389762674623,-0.0,0,-0.06047445273662355,-0.5624745633186653,0.0
ChE-W1,2.3,-0.4962788470145497,0.5,1,0.07403315262988594,0.13125868090403028,0.028360129252912536
ChE-W1,2.3,-0.39320468600260355,1.0,0,-0.03347665772961455,0.21652334227038547,0.1314342902648587
ChE-W1,2.3,0.22809153253370545,0.5,1,0.10063660147188377,-0.4044374165216561,0.7527305088011678
ChE-W1,2.3,0.3061549626540861,-0.0,0,0.26199626022799855,-0.13655208704365207,0.8307939389215484
ChE-W1,2.35,-0.5173970877628628,-0.0,0,-0.05913282873033385,-0.5669544532216197,0.0
ChE-W1,2.35,-0.4837934532579991,0.5,1,0.07311308744454587,0.1324414974577435,0.033603634504863644
ChE-W1,2.35,-0.3898815519357213,1.0,2,-0.032987547413266725,0.21701245258673332,0.12751553582714142
ChE-W1,2.35,0.2398171502779712,0.5,1,0.09823532818021821,-0.41146643417986717,0.757214238040834
ChE-W1,2.35,0.33383932998667537,-0.0,0,0.25911590110235216,-0.14113432340392557,0.8512364177495382
ChE-W1,2.4,-0.5103487753186672,-0.0,0,-0.05782717707266829,-0.5712936101841677,0.0
ChE-W1,2.4,-0.47144419909406776,0.5,1,0.07219665471817162,0.13361857827397972,0.03890457622459942
ChE-W1,2.4,-0.3866068747318511,1.0,0,-0.03250749082550703,0.21749250917449314,0.12374190058681606
ChE-W1,2.4,0.25129111385592473,0.5,1,0.09586243329087837,-0.41840726617427115,0.7616398891745919
ChE-W1,2.4,0.3612156248672791,-0.0,0,0.25620137081772754,-0.14584457561770353,0.8715644001859463
ChE-W1,2.45,-0.503487080629088,-0.0,0,-0.0565568029477169,-0.5754964867634479,0.0
ChE-W1,2.45,-0.45922998232083506,0.5,1,0.07128419274962533,0.13478970697178713,0.04425709830825292
ChE-W1,2.45,-0.3833797578682588,1.0,0,-0.0320363113956602,0.21796368860434004,0.1201073227608292
ChE-W1,2.45,0.2625174923676804,0.5,1,0.09352024024319386,-0.42525519613961565,0.7660045729967684
ChE-W1,2.45,0.388279941089449,-0.0,0,0.2532530176687889,-0.15068353682219246,0.891767021718537
ChE-W1,2.5,-0.49680531749279816,-0.0,0,-0.055320975338425525,-0.5795674787454134,0.0
ChE-W1,2.5,-0.4471496944694068,0.5,1,0.07037602678608013,0.1359546730183391,0.04965562302339138
ChE-W1,2.5,-0.38019932234903714,1.0,2,-0.031573835164542555,0.2184261648354574,0.11660599514376102
ChE-W1,2.5,0.2735004545932148,0.5,1,0.09121086889904066,-0.432005933201,0.7703057720860129
ChE-W1,2.5,0.4150284235432913,-0.0,0,0.2502712930704286,-0.15565162524138212,0.9118337410360895
ChE-W1,3.0,-0.4385904715077751,-0.0,0,-0.04468910084547926,-0.6139301081884797,0.0
ChE-W1,3.0,-0.3507810593582126,1.0,2,-0.02739139881962126,0.22260860118037876,0.0878094121495625
ChE-W1,3.0,-0.33346494046558645,0.5,1,0.06159301624150943,0.14722357901364336,0.10512553104218864
ChE-W1,3.0,0.3709057817209641,0.5,1,0.07024915362783339,-0.4935188205098823,0.8094962532287392
ChE-W1,3.5,-0.39270883661662154,-0.0,0,-0.03664629128160764,-0.6392334533986129,0.0
ChE-W1,3.5,-0.32518381359193105,1.0,0,-0.023907989462101355,0.22609201053789807,0.06752502302469049
ChE-W1,3.5,-0.23191622711711302,0.5,1,0.05350428647885034,0.15769318409610664,0.16079260949950852
ChE-W1,3.5,0.44884551565198116,0.5,1,0.0535707935366069,-0.5434241020722984,0.8415543522686026
ChE-W1,4.0,-0.35569114735388374,-0.0,0,-0.030506891917321984,-0.6582130271591929,0.0
ChE-W1,4.0,-0.3027756377319946,1.0,2,-0.020993713207769528,0.22900628679223048,0.05291550962188912
ChE-W1,4.0,-0.14133611565536344,0.5,1,0.04624058373218974,0.167263759642047,0.2143550316985203
ChE-W1,4.0,0.5115100153773484,0.5,1,0.040903553302145845,-0.5825630991513508,0.8672011627312322
ChE-W1,4.5,-0.32521022177870945,-0.0,0,-0.025753169310858724,-0.672739298968268,0.0
ChE-W1,4.5,-0.2830421903092191,1.0,0,-0.018542710411932017,0.23145728958806805,0.04216803146949033
ChE-W1,4.5,-0.060569490477929575,0.5,1,0.039842553505129046,0.17589879844548284,0.26464073130077986
ChE-W1,4.5,0.5624008277662377,0.5,1,0.031483514916492115,-0.6128587527577477,0.8876110495449472
ChE-W1,4.55,-0.32245547552435627,-0.0,0,-0.025338674100837,-0.673999665209812,0.0
ChE-W1,4.55,-0.2811991035594925,1.0,2,-0.018319645784859083,0.23168035421514088,0.04125637196486376
ChE-W1,4.55,-0.05298940239882897,0.5,1,0.03924989211563988,0.17671103086555934,0.2694660731255273
ChE-W1,4.55,0.5669536187816622,0.5,1,0.030688419400544287,-0.6154810310075494,0.8894090943060184
ChE-W1,4.6,-0.31974847743254814,-0.0,0,-0.02493393816658232,-0.6752294538019529,0.0
ChE-W1,4.6,-0.2793781381574738,1.0,2,-0.018100271055747755,0.23189972894425218,0.04037033927507433
ChE-W1,4.6,-0.045495257942290195,0.5,1,0.038665640067605034,0.17751405584331756,0.27425321949025794
ChE-W1,4.6,0.5714188120240813,0.5,1,0.02991695068843492,-0.6180370006874976,0.8911672894566294
ChE-W1,4.65,-0.3170879854296901,-0.0,0,-0.024538670096232278,-0.6764296272098821,0.0
ChE-W1,4.65,-0.27757892880676527,1.0,0,-0.017884512627631043,0.23211548737236906,0.03950905662292481
ChE-W1,4.65,-0.03808599645665455,0.5,1,0.03808974385296431,0.17830791377748323,0.2790019889730355
ChE-W1,4.65,0.5757986609457143,0.5,1,0.02916838758482691,-0.6205284835367345,0.8928866463754044
ChE-W1,4.7,-0.3144727996347442,-0.0,0,-0.024152588470401172,-0.6776011118608058,0.0
ChE-W1,4.7,-0.27580111748994035,1.0,2,-0.01767229851221382,0.2323277014877862,0.038671682144803876
ChE-W1,4.7,-0.030760565598966467,0.5,1,0.03752214657818539,0.17909264823951104,0.2837122340357778
ChE-W1,4.7,0.5800953544423285,0.5,1,0.02844202582555923,-0.622957262197882,0.8945681540770727
ChE-W1,4.75,-0.3119017606385978,-0.0,0,-0.02377542150875095,-0.6787447996376436,0.0
ChE-W1,4.75,-0.27404435330940197,1.0,2,-0.017463558295728206,0.23253644170427176,0.03785740732919585
ChE-W1,4.75,-0.02351792152439048,0.5,1,0.03696278817399275,0.17986830582134497,0.28838383911420734
ChE-W1,4.75,0.5843110184537825,0.5,1,0.027737178356791424,-0.6253250794782982,0.8962127790923804
ChE-W1,4.8,-0.30937374786269173,-0.0,0,-0.02340690672672252,-0.6798615493099075,0.0
ChE-W1,4.8,-0.27230829233160203,1.0,2,-0.01725822310527881,0.2327417768947212,0.0370654555310897
ChE-W1,4.8,-0.016357029063940202,0.5,1,0.036411605599088,0.18063493598555405,0.2930167187987515
ChE-W1,4.8,0.588447717567399,0.5,1,0.027053175521235658,-0.6276336378236088,0.8978214654300907
ChE-W1,4.85,-0.30688767799289934,-0.0,0,-0.023046790602523137,-0.6809521879039764,0.0
ChE-W1,4.85,-0.2705925974346236,1.0,0,-0.01705622557569095,0.23294377442430914,0.03629508055827574
ChE-W1,4.85,-0.009276861890681868,0.5,1,0.03586853303779538,0.18139259091803,0.29761081610221746
ChE-W1,4.85,0.5925074566185842,0.5,1,0.026389365161563854,-0.6298845989814182,0.8993951346114835
ChE-W1,4.9,-0.3044425034850482,-0.0,0,-0.022694828254402864,-0.6820175120149379,0.0
ChE-W1,4.9,-0.2688969381590413,1.0,2,-0.016857499816873244,0.23314250018312682,0.03554556532600689
ChE-W1,4.9,-0.002276402674546311,0.5,1,0.03533350209158357,0.18214132538343,0.3021661008105019
ChE-W1,4.9,0.5964921822837708,0.5,1,0.025745112650291488,-0.6320795838347709,0.900934685768819
ChE-W1,4.95,-0.30203721113850157,-0.0,0,-0.022350783128194385,-0.6830582890622345,0.0
ChE-W1,4.95,-0.2672209905620283,1.0,2,-0.016661981381702905,0.233338018618297,0.03481622057647327
ChE-W1,4.95,0.004645356774049151,0.5,1,0.03480644196443197,0.18288119658351237,0.3066825679125507
ChE-W1,4.95,0.6004037846613146,0.5,1,0.025119800854686382,-0.6342201723864761,0.9024409957998162
ChE-W1,5.0,-0.29967082073455537,-0.0,0,-0.022014426695045962,-0.6840752584912642,0.0
ChE-W1,5.0,-0.26556443707463767,1.0,0,-0.016469607234442563,0.23353039276555695,0.034106383659917694
ChE-W1,5.0,0.011489415371465243,0.5,1,0.03428727964203344,0.18361226401850383,0.3111602361060206
ChE-W1,5.0,0.6042440988365694,0.5,1,0.024512830044540353,-0.6363079038770114,0.9039149195711247
ChE-W1,5.1,-0.2950509820473155,-0.0,0,-0.021363904175924986,-0.6860405992540518,0.0
ChE-W1,5.1,-0.26230827318793365,1.0,2,-0.016094046531890314,0.2339059534681097,0.03274270885938185
ChE-W1,5.1,0.024948378591068115,0.5,1,0.033272346294942,0.1850482362768346,0.31999936063838363
ChE-W1,5.1,0.6117179371102579,0.5,1,0.0233515985757588,-0.6403307503410296,0.9067689191575734
ChE-W1,5.2,-0.2905757573506398,-0.0,0,-0.02074158211654884,-0.6879189328437617,0.0
ChE-W1,5.2,-0.2591260281974002,1.0,2,-0.015730340484807797,0.23426965951519227,0.03144972915323957
ChE-W1,5.2,0.038108288477343794,0.5,1,0.03228807999250335,0.1864497590633853,0.3286840458279836
ChE-W1,5.2,0.6189273357052887,0.5,1,0.02225696200998315,-0.6441596333261652,0.9095030930559285
ChE-W1,5.5,-0.27795202119339274,-0.0,0,-0.019028646477319795,-0.693080369180355,0.0
ChE-W1,5.5,-0.25,1.0,2,-0.014705882352941171,0.23529411764705882,0.02795202119339274
ChE-W1,5.5,0.07586937226077123,0.5,1,0.02951271460755764,0.19045320354056802,0.35382139345416397
ChE-W1,5.5,0.6390937957174476,0.5,1,0.01933198195569998,-0.6545883072004672,0.9170458169108404
ChE-W1,6.0,-0.2592466677405999,-0.0,0,-0.016609900969730605,-0.700348906526308,0.0
ChE-W1,6.0,-0.23606797749978992,1.0,2,-0.013196601125010535,0.2368033988749895,0.023178690240809985
ChE-W1,6.0,0.13350576141827838,0.5,1,0.025437036432166302,0.19649150526333145,0.3927524291588783
ChE-W1,6.0,0.6684809000108082,0.5,1,0.015445341232877155,-0.6689920969845373,0.9277275677514081
ChE-W1,6.5,-0.24296011972323434,-0.0,0,-0.014624776409356098,-0.7062995625549287,0.0
ChE-W1,6.5,-0.2235367785069922,1.0,2,-0.011897662224875753,0.23810233777512427,0.019423341216242146
ChE-W1,6.5,0.18523414926511375,0.5,1,0.02197223711959299,0.20180663146236097,0.4281942689883481
ChE-W1,6.5,0.6935482464167513,0.5,1,0.012495468692955222,-0.6804784880825158,0.9365083661399856
ChE-W1,7.0,-0.22864511410052052,-0.0,0,-0.012976187281357885,-0.711233013095732,0.0
ChE-W1,7.0,-0.21221445044902637,1.0,2,-0.010773556422467872,0.23922644357753217,0.01643066365149415
ChE-W1,7.0,0.2317912649699762,0.5,1,0.019032635516969345,0.20647969876951372,0.4604363790704967
ChE-W1,7.0,0.7151556648088286,0.5,1,0.01022850184001922,-0.6897506370315569,0.9438007789093492
ChE-W1,7.5,-0.2159589102595229,0.0,0,-0.011592426696369609,-0.7153691832617856,0.0
ChE-W1,7.5,-0.20194101601103945,1.0,0,-0.009795578107741836,0.240204421892258,0.014017894248483459
ChE-W1,7.5,0.27382073679218194,0.5,1,0.01653954571553128,0.2105884852479083,0.48977964705170485
ChE-W1,7.5,0.7339571753122092,0.5,1,0.008464491566384473,-0.6973238783532046,0.9499160855717321
ChE-W1,8.0,-0.20463444916636625,0.0,0,-0.010419749241765836,-0.7188717185854102,0.0
ChE-W1,8.0,-0.1925824035672522,1.0,2,-0.0089404136393426,0.2410595863606574,0.012052045599114047
ChE-W1,8.0,0.3118814169839872,0.5,1,0.014423333540350502,0.214204663337893,0.5165158661503535
ChE-W1,8.0,0.7504563322267329,0.5,1,0.007075227060143225,-0.7035782343527093,0.9550907813930991
ChE-W1,8.5,-0.19446051794904842,0.0,0,-0.009417302903331393,-0.7218643297044609,0.0
ChE-W1,8.5,-0.18402563178052897,1.0,2,-0.008189033133878991,0.24181096686612108,0.010434886168519453
ChE-W1,8.5,0.3464567407619604,0.5,1,0.012623858026092033,0.2173925678276723,0.5409172587110088
ChE-W1,8.5,0.7650456589804879,0.5,1,0.0059685520672877615,-0.7087965886375155,0.9595061769295363
ChE-W1,9.0,-0.18526782788654902,0.0,0,-0.008553624124436564,-0.7244419039785751,0.0
ChE-W1,9.0,-0.17617497767990636,1.0,2,-0.007525822063945372,0.2424741779360546,0.00909285020664266
ChE-W1,9.0,0.3779641181389619,0.5,1,0.011090010123373269,0.2202089383782747,0.563231946025511
ChE-W1,9.0,0.7780348297297097,0.5,1,0.0050775189803038915,-0.7131918136111005,0.9633026576162588
ChE-W1,9.5,-0.17691905747714767,0.0,0,-0.007804181143593516,-0.7266781921556402,0.0
ChE-W1,9.5,-0.16894891547148236,1.0,0,-0.006937900411730121,0.24306209958827033,0.007970142005665315
ChE-W1,9.5,0.4067637795725131,0.5,1,0.009778814327541317,0.2227032295584318,0.5836828370496607
ChE-W1,9.5,0.7896709635585635,0.5,1,0.004352937757452051,-0.7169259236486338,0.9665900210357111
ChE-W1,10.0,-0.16930160722171345,0.0,0,-0.007149628237793451,-0.7286312151441566,0.0
ChE-W1,10.0,-0.16227766016838205,1.0,0,-0.006414587743685787,0.24358541225631453,0.0070239470533313975
ChE-W1,10.0,0.4331667871401447,0.5,1,0.00865437555442615,0.22491821469120574,0.6024683943618582
ChE-W1,10.0,0.8001533858771076,0.5,1,0.0037582481722459107,-0.7201236239791244,0.969454993098821
ChE-W2,0.1,-1.56037415292765,0.5,1,0.11366852486651649,0.07585759804203163,0.0
ChE-W2,0.1,-1.547526365336587,0.0,0,-0.13444601245120102,-0.21440669079757219,0.012847787591063087
ChE-W2,0.1,-1.5238825012911155,0.0,0,0.3620128199651147,-0.028958397062491335,0.03649165163653456
ChE-W2,0.1,-1.0411087819621132,1.0,2,-0.02259924650899869,0.15760041238273162,0.5192653709655368
ChE-W2,0.1,-1.004792527346936,0.5,1,0.2256746877389011,-0.0880626521429159,0.555581625580714
ChE-W2,0.1,-1.0002264527687248,0.5,1,-0.2700816843283835,-0.05292627612902516,0.5601477001589252
ChE-W2,0.1,-0.9867413255415506,0.0,0,-0.02085034804374418,0.0202081697699075,0.5736328273860994
ChE-W2,0.15,-1.540665145077455,0.5,1,0.11325325466219789,0.0767412620184318,0.0
ChE-W2,0.15,-1.5219297711085598,0.0,0,-0.1337530043867952,-0.2221856634626015,0.01873537396889513
ChE-W2,0.15,-1.4858964353074617,0.0,0,0.36077445491834165,-0.029687267189762893,0.05476870976999315
ChE-W2,0.15,-1.0313644701976454,1.0,2,-0.022794679424860863,0.1587958569502578,0.5093006748798095
ChE-W2,0.15,-0.9769921333035828,0.5,1,0.22456851198286584,-0.09063798573867896,0.5636730117738721
ChE-W2,0.15,-0.9700433097374263,0.5,1,-0.26901223772163657,-0.05454228977696769,0.5706218353400286
ChE-W2,0.15,-0.9500382870839003,0.0,0,-0.020131474446896176,0.02109282418288891,0.5906268579935546
ChE-W2,0.3,-1.4823681507485849,0.5,1,0.11192931077688253,0.07940909810063293,0.0
ChE-W2,0.3,-1.4481525114941045,0.0,0,-0.131110905325326,-0.24616463610631242,0.034215639254480346
ChE-W2,0.3,-1.3726684830569933,0.0,0,0.3569950868177372,-0.03199383650674789,0.10969966769159156
ChE-W2,0.3,-1.0029562346940273,1.0,0,-0.023291028843206697,0.1622933192681365,0.4794119160545576
ChE-W2,0.3,-0.8948625089046861,0.5,1,0.22114635741777636,-0.09877439719965105,0.5875056418438988
ChE-W2,0.3,-0.8803742416131685,0.5,1,-0.2656727386970024,-0.05977297931274045,0.6019939091354164
ChE-W2,0.3,-0.8417744365749161,0.0,0,-0.01771220775583237,0.02397257721612458,0.6405937141736687
ChE-W2,0.5,-1.4065450872837115,0.5,1,0.10999430454779355,0.08300299464885334,0.0
ChE-W2,0.5,-1.3568185507231514,0.0,0,-0.12637646907894887,-0.27911613086394566,0.04972653656056014
ChE-W2,0.5,-1.2234490254891486,0.0,0,0.3518023561250206,-0.03537016476934855,0.18309606179456295
ChE-W2,0.5,-0.9669207062239131,1.0,0,-0.02376054293975067,0.16675117956028096,0.4396243810597984
ChE-W2,0.5,-0.788359404516921,0.5,1,0.2163157729956907,-0.11062242229970709,0.6181856827667905
ChE-W2,0.5,-0.7629382830945025,0.5,1,-0.2608751755074931,-0.06775318933116405,0.643606804189209
ChE-W2,0.5,-0.7020169120248209,0.0,0,-0.01386681520890215,0.02836425944738145,0.7045281752588907
ChE-W2,1.0,-1.2262235772814636,0.5,1,0.10443773940544986,0.09214106841242163,0.0
ChE-W2,1.0,-1.1623216426745848,0.0,0,-0.11024987329210557,-0.3607778263658322,0.06390193460687876
ChE-W2,1.0,-0.8852293265880566,1.0,2,-0.02414876061659379,0.17690114554123398,0.34099425069340694
ChE-W2,1.0,-0.8596836765894428,0.0,0,0.3380088937083161,-0.04556511019001231,0.3665399006920208
ChE-W2,1.0,-0.5375255095022057,0.5,1,0.20265300770326758,-0.14560992038930973,0.6886980677792579
ChE-W2,1.0,-0.48092108883041196,0.5,1,-0.24665364513080523,-0.09418599531620901,0.7453024884510516
ChE-W2,1.0,-0.3783946239217663,0.0,0,-0.001509811107313151,0.0421275632246267,0.8478289533596972
ChE-W2,1.5,-1.0585676395449461,0.5,1,0.09810229757912117,0.10142578066080701,0.0
ChE-W2,1.5,-1.0103219507913181,0.0,0,-0.09207495370299315,-0.4328725705529798,0.048245688753628
ChE-W2,1.5,-0.8140640636253608,1.0,0,-0.02372416029398564,0.18572054491567952,0.24450357591958538
ChE-W2,1.5,-0.5103316389489753,-0.0,0,0.32294887039972475,-0.058854826174650134,0.5482360005959709
ChE-W2,1.5,-0.30960015419099235,0.5,1,0.1863922282154163,-0.18861411485435156,0.7489674853539539
ChE-W2,1.5,-0.21822710583635954,0.5,1,-0.2279977525718823,-0.13351619984591265,0.8403405337085866
ChE-W2,1.5,-0.09526595259385265,0.0,0,0.012679694410740147,0.05897881337923251,0.9633016869510935
ChE-W2,2.0,-0.9029822839816865,0.5,1,0.09127462889510896,0.11075298498338233,0.0
ChE-W2,2.0,-0.891558831421607,0.0,0,-0.0754911742872236,-0.491117946847834,0.011423452560079483
ChE-W2,2.0,-0.7518292873957523,1.0,2,-0.022794724478677857,0.19334444453416222,0.15115299658593417
ChE-W2,2.0,-0.17699071427449808,-0.0,0,0.30645830271020563,-0.07611087495444852,0.7259915697071884
ChE-W2,2.0,-0.10560710284734107,0.5,1,0.1675573536668651,-0.23906641796362782,0.7973751811343454
ChE-W2,2.0,0.02012790013776825,0.5,1,-0.20336423074930648,-0.19044963404241982,0.9231101841194547
ChE-W2,2.05,-0.8880659494849373,0.5,1,0.0905748972755016,0.11168370833846199,0.0
ChE-W2,2.05,-0.8811655190208307,0.0,0,-0.07398666317118148,-0.4961932604749707,0.0069004304641065994
ChE-W2,2.05,-0.746043239635877,1.0,0,-0.022683207827217413,0.19404661872085466,0.1420227098490603
ChE-W2,2.05,-0.1446049034271706,-0.0,0,0.3047234014301355,-0.07809241317571597,0.7434610460577668
ChE-W2,2.05,-0.08655324008254456,0.5,1,0.16555306802198286,-0.24445408356185377,0.8015127094023928
ChE-W2,2.05,0.042385749466427716,0.5,1,-0.2005431432614121,-0.19722037251484065,0.930451698951365
ChE-W2,2.1,-0.8732641559171087,0.5,1,0.08987305644704748,0.11261360674375404,0.0
ChE-W2,2.1,-0.8710099529989522,0.0,0,-0.07251258533916814,-0.5011408350554799,0.0022542029181564782
ChE-W2,2.1,-0.7403316542323051,1.0,0,-0.02256909254437773,0.19473842260434493,0.13293250168480364
ChE-W2,2.1,-0.11239901517179104,-0.0,0,0.3029721200886175,-0.08012463285830068,0.7608651407453176
ChE-W2,2.1,-0.06774563187696023,0.5,1,0.16353055121462204,-0.2498934334132351,0.8055185240401485
ChE-W2,2.1,0.06433062609859927,0.5,1,-0.19765940789634265,-0.20418439297201998,0.937594782015708
ChE-W2,2.15,-0.861084866413789,0.0,0,-0.07106909919793594,-0.5059633010527949,0.0
ChE-W2,2.15,-0.8585763468554292,0.5,1,0.08916933849681018,0.11354256445201137,0.002508519558359845
ChE-W2,2.15,-0.7346933341379921,1.0,2,-0.022452549770639627,0.19541999936840204,0.12639153227579691
ChE-W2,2.15,-0.08037499644642412,-0.0,0,0.30120426814289375,-0.08220858704939848,0.7807098699673649
ChE-W2,2.15,-0.04918440841338828,0.5,1,0.16149095238064712,-0.25538133068605673,0.8119004580004008
ChE-W2,2.15,0.08595624123513576,0.5,1,-0.19471480662872898,-0.2113378734355347,0.9470411076489248
ChE-W2,2.2,-0.8513832125307541,0.0,0,-0.06965625824463582,-0.510663370416078,0.0
ChE-W2,2.2,-0.8440019648987215,0.5,1,0.08846397178009413,0.11447046589694847,0.007381247632032628
ChE-W2,2.2,-0.7291271030464851,1.0,0,-0.022333743966647675,0.19609149153572158,0.12225610948426902
ChE-W2,2.2,-0.04853481502655411,-0.0,0,0.2994196574999546,-0.084345329278546,0.8028483975042
ChE-W2,2.2,-0.030869603021707173,0.5,1,0.15943547953322926,-0.26091450488995227,0.820513609509047
ChE-W2,2.2,0.10725649266337403,0.5,1,-0.19171154148091155,-0.21867584197428724,0.9586397051941281
ChE-W2,2.25,-0.8418981631315854,0.0,0,-0.0682740221447741,-0.5152438159500494,0.0
ChE-W2,2.25,-0.829540451435599,0.5,1,0.08775718087981835,0.11539719578824599,0.012357711695986429
ChE-W2,2.25,-0.7236318050567793,1.0,2,-0.022212833102342195,0.19675304089056012,0.11826635807480612
ChE-W2,2.25,-0.016880459096369527,-0.0,0,0.297618103241874,-0.08653591163287266,0.8250177040352159
ChE-W2,2.25,-0.012801148648867961,0.5,1,0.15736539583377798,-0.26648956068183827,0.8290970144827174
ChE-W2,2.25,0.12822550972448113,0.5,1,-0.18865224465795402,-0.2261921387511264,0.9701236728560665
ChE-W2,2.3,-0.8326231060331096,0.0,0,-0.0669222670945941,-0.519707452915482,0.0
ChE-W2,2.3,-0.8151912464286636,0.5,1,0.08704918656720759,0.1163226392057082,0.017431859604446043
ChE-W2,2.3,-0.7182063043418897,1.0,0,-0.022089968844906528,0.1974047884063237,0.11441680169121993
ChE-W2,2.3,0.0050211253524292,0.5,1,0.1552820154940303,-0.2721029875530136,0.8376442313855388
ChE-W2,2.3,0.014586063263041061,-0.0,0,0.295799424401731,-0.08878138268608281,0.8472091692961506
ChE-W2,2.3,0.14885769925445913,0.5,1,-0.18553998294475516,-0.23387939293549576,0.9814808052875688
ChE-W2,2.35,-0.8235516419364248,0.0,0,-0.06560079546372406,-0.5240571227112898,0.0
ChE-W2,2.35,-0.8009537882143646,0.5,1,0.08634020576393026,0.11724668169239796,0.022597853722060246
ChE-W2,2.35,-0.7128494848211345,1.0,2,-0.0219652967451396,0.1980468741779054,0.1107021571152903
ChE-W2,2.35,0.022597496089883592,0.5,1,0.15318669933462015,-0.27775117033811825,0.8461491380263084
ChE-W2,2.35,0.04586272467402002,-0.0,0,0.2939634447909372,-0.09108278527683752,0.8694143666104448
ChE-W2,2.35,0.16914779186866089,0.5,1,-0.1823782556891882,-0.24172901650186346,0.9926994338050857
ChE-W2,2.4,-0.8146775807153899,0.0,0,-0.06430934472511492,-0.5282956784858807,0.0
ChE-W2,2.4,-0.7868275133184028,0.5,1,0.08563045150581998,0.11816920934657885,0.027850067396987033
ChE-W2,2.4,-0.7075602498361748,1.0,2,-0.021838956421910558,0.1986794373585853,0.10711733087921504
ChE-W2,2.4,0.0399283496285194,0.5,1,0.15108085002988336,-0.28343040047592394,0.8546059303439093
ChE-W2,2.4,0.07694747915669345,-0.0,0,0.29210999387854536,-0.09344115413268148,0.8916250598720833
ChE-W2,2.4,0.18909088789056844,0.5,1,-0.1791709858213089,-0.24973121662908582,1.0037684686059583
ChE-W2,2.45,-0.8059949372422938,0.0,0,-0.06304759568814566,-0.5324259725257019,0.0
ChE-W2,2.45,-0.7728118562862799,0.5,1,0.08492013290830705,0.1190901089123043,0.033183080956013855
ChE-W2,2.45,-0.7023375218308139,1.0,2,-0.021711081744389186,0.19930261610130254,0.10365741541147988
ChE-W2,2.45,0.05701418309722226,0.5,1,0.14896590707276924,-0.28913688794202136,0.863009120339516
ChE-W2,2.45,0.10783826292277351,-0.0,0,0.2902389077228718,-0.09585751333622859,0.9138332001650673
ChE-W2,2.45,0.20868250217118023,0.5,1,-0.17592250352340794,-0.2578750280020342,1.0146774394134739
ChE-W2,2.5,-0.7974979268381361,0.0,0,-0.06181518005762857,-0.5364508452717288,0.0
ChE-W2,2.5,-0.7589062495288257,0.5,1,0.08420945513368198,0.1200092678684888,0.03859167730931046
ChE-W2,2.5,-0.6971802420345776,1.0,0,-0.021581801011781716,0.19991654750411986,0.10031768480355852
ChE-W2,2.5,0.07385560638696402,0.5,1,0.1468433414974258,-0.29486677376450204,0.8713535332251001
ChE-W2,2.5,0.1385329952744163,-0.0,0,0.2883500299554265,-0.09833287363097556,0.9360309221125525
ChE-W2,3.0,-0.7215981265690097,0.0,0,-0.051000338704320546,-0.5715024264739724,0.0
ChE-W2,3.0,-0.6489869834247161,1.0,2,-0.0202362489598081,0.20557657501302648,0.07261114314429362
ChE-W2,3.0,-0.625776312910053,0.5,1,0.07712517677354389,0.12908106380440862,0.0958218136589567
ChE-W2,3.0,0.22904331643634956,0.5,1,0.12553333646468998,-0.35258107289831064,0.9506414430053592
ChE-W2,3.5,-0.6591864855977453,0.0,0,-0.04254791431037147,-0.5988172679761871,0.0
ChE-W2,3.5,-0.6063018367684625,1.0,2,-0.018856256538258807,0.21045333983285988,0.05288464882928279
ChE-W2,3.5,-0.5030075407905592,0.5,1,0.07020041826677864,0.13786357360238372,0.15617894480718608
ChE-W2,4.0,-0.6069782134973054,0.0,0,-0.03592381356360008,-0.6203867712610303,0.0
ChE-W2,4.0,-0.5683306152600189,1.0,0,-0.017502726423251697,0.21466161448250837,0.038647598237286473
ChE-W2,4.0,-0.38998720849270013,0.5,1,0.06357259309130439,0.14626791108975565,0.21699100500460528
ChE-W2,4.5,-0.5626460721649599,0.0,0,-0.030684641019191796,-0.6376681431813699,0.0
ChE-W2,4.5,-0.5344076002391807,1.0,2,-0.016211166598884358,0.21830136805309286,0.02823847192577922
ChE-W2,4.5,-0.28607881883446373,0.5,1,0.05733908139050846,0.15422555729967374,0.27656725333049614
ChE-W2,4.55,-0.5585770760621132,0.0,0,-0.0302230371990558,-0.6392036533826647,0.0
ChE-W2,4.55,-0.5312156164615847,1.0,2,-0.016086249765412154,0.21863749344815872,0.027361459600528493
ChE-W2,4.55,-0.2761641592796663,0.5,1,0.056740054284293795,0.1549947719299926,0.28241291678244684
ChE-W2,4.6,-0.5545683134101534,0.0,0,-0.029771542702414788,-0.6407078638519429,0.0
ChE-W2,4.6,-0.5280579492851034,1.0,0,-0.015962160358068307,0.21896888022923727,0.026510364125050034
ChE-W2,4.6,-0.2663334653757657,0.5,1,0.05614564852659538,0.1557590018359796,0.28823484803438776
ChE-W2,4.65,-0.5506184324352713,0.0,0,-0.02932988161011182,-0.6421816093891503,0.0
ChE-W2,4.65,-0.5249341017031735,1.0,0,-0.015838909015547457,0.21929560540039403,0.02568433073209786
ChE-W2,4.65,-0.25658608345528694,0.5,1,0.05555590357252673,0.15651821463066426,0.29403234897998437
ChE-W2,4.7,-0.5467261215291727,0.0,0,-0.02889778632709355,-0.6436256981091429,0.0
ChE-W2,4.7,-0.5218435852298162,1.0,0,-0.015716505426271715,0.21961774470065737,0.02488253629935644
ChE-W2,4.7,-0.2469213600583105,0.5,1,0.05497085589974786,0.15727238001718874,0.29980476147086216
ChE-W2,4.75,-0.5428901077991385,0.0,0,-0.028474997349785012,-0.6450409123820712,0.0
ChE-W2,4.75,-0.5187859197418287,1.0,0,-0.015594958372180388,0.21993537261975812,0.02410418805730974
ChE-W2,4.75,-0.2373386420672815,0.5,1,0.054390539072649915,0.1580214697644688,0.305551465731857
ChE-W2,4.8,-0.5391091556775179,0.0,0,-0.028061263035701063,-0.6464280097416562,0.0
ChE-W2,4.8,-0.5157606333238585,1.0,2,-0.015474275770798622,0.2202485624140046,0.023348522353659473
ChE-W2,4.8,-0.22783727684092825,0.5,1,0.053814983807111465,0.15876545768139255,0.3112718788365897
ChE-W2,4.85,-0.5353820655879601,0.0,0,-0.02765633937587001,-0.6477877237619926,0.0
ChE-W2,4.85,-0.5127672621162797,1.0,2,-0.015354464715644937,0.22055738612229017,0.022614803471680434
ChE-W2,4.85,-0.21841661234714627,0.5,1,0.05324421803573043,0.15950431958963224,0.3169654532408138
ChE-W2,4.9,-0.5317076726661031,0.0,0,-0.027259989770552218,-0.6491207649036048,0.0
ChE-W2,4.9,-0.5098053501658241,1.0,0,-0.015235531515034269,0.22086191458218746,0.021902322500279015
ChE-W2,4.9,-0.20907599729459522,0.5,1,0.05267826697344238,0.1602380332951669,0.32263167537150783
ChE-W2,4.95,-0.5280848455321491,0.0,0,-0.026871984808659745,-0.6504278213295378,0.0
ChE-W2,4.95,-0.5068744492789332,1.0,0,-0.015117481729334213,0.22116221744612433,0.021210396253215857
ChE-W2,4.95,-0.19981478126295227,0.5,1,0.052117153183430784,0.16096657855859192,0.3282700642691968
ChE-W2,5.0,-0.5245124851132833,0.0,0,-0.026492102051215296,-0.651709559692216,0.0
ChE-W2,5.0,-0.5039741188778171,1.0,2,-0.015000320206726682,0.22145836319761283,0.020538366235466232
ChE-W2,5.0,-0.19063231483156595,0.5,1,0.05156089664324274,0.1616899370643088,0.33388017028171735
ChE-W2,5.1,-0.5175149229293018,0.0,0,-0.02575584698547215,-0.6541996458079045,0.0
ChE-W2,5.1,-0.4982634444552491,1.0,2,-0.01476867798713465,0.22203845155030438,0.019251478474052675
ChE-W2,5.1,-0.17250103884523563,0.5,1,0.050463022691809425,0.16312102996718675,0.3450138840840662
ChE-W2,5.2,-0.5107067978490403,0.0,0,-0.0250495765536838,-0.6565959543983768,0.0
ChE-W2,5.2,-0.4926699492858283,1.0,2,-0.014540630667935312,0.22260270474833802,0.01803684856321197
ChE-W2,5.2,-0.15467699874152208,0.5,1,0.049384755744116174,0.16453120272148297,0.3560297991075182
ChE-W2,5.5,-0.4913437213260639,0.0,0,-0.023095633412876793,-0.6632671719023908,0.0
ChE-W2,5.5,-0.4765604345139183,1.0,2,-0.01387818154903032,0.22420544268115572,0.014783286812145635
ChE-W2,5.5,-0.10299696901587499,0.5,1,0.046268158764724135,0.16863553016801663,0.3883467523101889
ChE-W2,6.0,-0.46221425494946733,0.0,0,-0.020310916121685698,-0.6728925182385246,0.0
ChE-W2,6.0,-0.45177059121465596,1.0,0,-0.01284607302640514,0.2266040868835342,0.01044366373481137
ChE-W2,6.0,-0.022534258767318877,0.5,1,0.04146645266098278,0.17505526134476634,0.4396799961821485
ChE-W2,6.5,-0.4364167532823243,0.0,0,-0.01800186767240325,-0.680993562628735,0.0
ChE-W2,6.5,-0.42926982571340155,1.0,2,-0.011901348077357092,0.2287059987557826,0.007146927568922767
ChE-W2,6.5,0.05137099783084536,0.5,1,0.0371432090122249,0.1809569771485761,0.4877877511131697
ChE-W2,7.0,-0.4134014132996124,0.0,0,-0.016067155947966958,-0.6878765209946487,0.0
ChE-W2,7.0,-0.40877416619474305,1.0,2,-0.011039148998363273,0.23055458716177965,0.0046272471048693364
ChE-W2,7.0,0.11930209686798272,0.5,1,0.03327347718769506,0.18635969384751072,0.5327035101675951
ChE-W2,7.5,-0.39273431381051493,0.0,0,-0.014430510822977426,-0.6937745395458671,0.0
ChE-W2,7.5,-0.3900418659276059,1.0,0,-0.01025352793332735,0.23218629018217654,0.0026924478829090104
ChE-W2,7.5,0.18180468514687373,0.5,1,0.029824740467011553,0.19129009247712178,0.5745389989573887
ChE-W2,8.0,-0.3740682727086881,0.0,0,-0.013033860231001695,-0.6988675349675523,0.0
ChE-W2,8.0,-0.3728663596198439,1.0,2,-0.009538145382726307,0.23363172106809774,0.0012019130888442087
ChE-W2,8.0,0.23938355001536302,0.5,1,0.02676066461153802,0.19577952704665785,0.6134518227240511
ChE-W2,8.5,-0.35712207481391434,0.0,0,-0.011832472957656945,-0.7032960929659267,0.0
ChE-W2,8.5,-0.3570704738185391,1.0,2,-0.008886692067323619,0.2349166417694347,5.160099537521168e-05
ChE-W2,8.5,0.29250152200797186,0.5,1,0.024043836022786237,0.1998616446825546,0.6496235968218862
ChE-W2,9.0,-0.34250166487986183,1.0,2,-0.008293131895307554,0.2360627797068098,0.0
ChE-W2,9.0,-0.3416654066529659,0.0,0,-0.010791503696372943,-0.7071713395524494,0.0008362582268959251
ChE-W2,9.0,0.34157998640656834,0.5,1,0.021637635289876327,0.20357060542407796,0.6840816512864302
ChE-W2,9.5,-0.32902809639884145,1.0,2,-0.007751830836767313,0.23708850753559926,0.0
ChE-W2,9.5,-0.3275077527282252,0.0,0,-0.009883514911875037,-0.7105820502982024,0.0015203436706162643
ChE-W2,9.5,0.3870005269466361,0.5,1,0.019507423555108296,0.20693982852195641,0.7160286233454776
ChE-W2,10.0,-0.31653540144522957,1.0,0,-0.007257614290260304,0.2380094060857064,0.0
ChE-W2,10.0,-0.31449008911106135,0.0,0,-0.009086681638898643,-0.7135998401223036,0.0020453123341682145
ChE-W2,10.0,0.4291072967814639,0.5,1,0.017621214222348882,0.2100011679371484,0.7456426982266935
ChE-W4,0.1,-1.9481731764278214,0.5,1,0.11634767308100602,0.0746968629152582,0.0
ChE-W4,0.1,-1.9355769046801437,0.0,0,-0.13202111319061147,-0.21649032998475148,0.012596271747677745
ChE-W4,0.1,-1.9114289164095775,0.0,0,0.3649367509531673,-0.02767242072115274,0.036744260018243935
ChE-W4,0.1,-1.425199520326713,1.0,2,-0.024000838071871464,0.1598176739467152,0.5229736561011085
ChE-W4,0.1,-1.3886357850139506,0.5,1,0.22449655274931843,-0.08728908469673288,0.5595373914138708
ChE-W4,0.1,-1.3836969341414074,0.5,1,-0.27233859980359254,-0.04888302661643953,0.564476242286414
ChE-W4,0.1,-1.368994496556172,0.0,0,-0.02345102941767345,0.01811500872982711,0.5791786798716494
ChE-W4,0.15,-1.928352365948759,0.5,1,0.11598427879463923,0.07544736222612759,0.0
ChE-W4,0.15,-1.9099883574100183,0.0,0,-0.131409835546231,-0.22386096425180313,0.01836400853874065
ChE-W4,0.15,-1.8732081747065283,0.0,0,0.3638722467536182,-0.028271138535134938,0.05514419124223058
ChE-W4,0.15,-1.415699149964334,1.0,2,-0.023995797334090872,0.16072239301732877,0.5126532159844248
ChE-W4,0.15,-1.3609628650156425,0.5,1,0.22368529465212775,-0.08964981947921076,0.5673895009331165
ChE-W4,0.15,-1.3534466687028033,0.5,1,-0.27150280775941676,-0.049976216601986805,0.5749056972459556
ChE-W4,0.15,-1.3315562399703014,0.0,0,-0.02312360925321421,0.018740639915554465,0.5967961259784575
ChE-W4,0.3,-1.869597768486901,0.5,1,0.11482225647474668,0.07771436792577625,0.0
ChE-W4,0.3,-1.836080804362075,0.0,0,-0.12903059337462924,-0.24647847517046267,0.033516964124825854
ChE-W4,0.3,-1.759163418808722,0.0,0,0.3606192682897392,-0.030160199566245934,0.110434349678179
ChE-W4,0.3,-1.3878150806771097,1.0,2,-0.02392424589048399,0.16336296336207284,0.4817826878097913
ChE-W4,0.3,-1.2790341511912608,0.5,1,0.2210367782907653,-0.0971646028150008,0.5905636172956401
ChE-W4,0.3,-1.263349685829433,0.5,1,-0.26892020354357393,-0.05349049470902735,0.6062480826574679
ChE-W4,0.3,-1.2206381458612015,0.0,0,-0.02182207644296366,0.020831949589213,0.6489596226256995
ChE-W4,0.5,-1.7928873958294105,0.5,1,0.11311496418134696,0.0807734563656601,0.0
ChE-W4,0.5,-1.744197025256912,0.0,0,-0.12468243377459053,-0.2773265298080915,0.04869037057249859
ChE-W4,0.5,-1.6085862538258155,0.0,0,0.3561371778564141,-0.032913862026533236,0.18430114200359493
ChE-W4,0.5,-1.3520152575098934,1.0,0,-0.023721061811632617,0.1667240886983547,0.4408721383195171
ChE-W4,0.5,-1.172395696830867,0.5,1,0.2169380796190151,-0.10830103778398378,0.6204916989985434
ChE-W4,0.5,-1.1447858845847199,0.5,1,-0.2652580623662104,-0.05882522424957907,0.6481015112446906
ChE-W4,0.5,-1.0763901660394641,0.0,0,-0.019068741420044368,0.024262503920185353,0.7164972297899463
ChE-W4,1.0,-1.6090541949902741,0.5,1,0.10815232171054137,0.08860141465954476,0.0
ChE-W4,1.0,-1.5463746894304866,0.0,0,-0.10961151631404138,-0.35283501069132706,0.06267950555978752
ChE-W4,1.0,-1.2688451693800487,1.0,2,-0.02285785384036358,0.17442649075899289,0.3402090256102255
ChE-W4,1.0,-1.2400370799263551,0.0,0,0.34413021761683943,-0.0412013626315349,0.369017115063919
ChE-W4,1.0,-0.9196346965820908,0.5,1,0.20309244996161785,-0.14302966735465425,0.6894194984081833
ChE-W4,1.0,-0.8568959641346916,0.5,1,-0.25425762101822985,-0.07716651115245757,0.7521582308555825
ChE-W4,1.0,-0.7403399057917633,0.0,0,-0.002068048167763997,0.03864835986809488,0.8687142891985108
ChE-W4,1.5,-1.436244831958878,0.5,1,0.10237201610368478,0.09667067732119608,0.0
ChE-W4,1.5,-1.3884368425748423,0.0,0,-0.09241342071581517,-0.4187839668415551,0.04780798938403574
ChE-W4,1.5,-1.19375678942148,1.0,2,-0.021720591354605894,0.18126739082849988,0.24248804253739809
ChE-W4,1.5,-0.8838777029427185,0.0,0,0.33076374845379525,-0.05209888002692876,0.5523671290161596
ChE-W4,1.5,-0.6890694636264341,0.5,1,0.1825021061592433,-0.19043177300153813,0.747175368332444
ChE-W4,1.5,-0.584190554381852,0.5,1,-0.23704106895182217,-0.11106446106902063,0.8520542775770261
ChE-W4,1.5,-0.46064139656945613,0.0,0,0.03787402734040473,0.06622031642918771,0.975603435389422
ChE-W4,2.0,-1.2741473611936063,0.5,1,0.0959731472765885,0.10494252091572875,0.0
ChE-W4,2.0,-1.2616883728810389,0.0,0,-0.07656036302370084,-0.4720075638829895,0.01245898831256742
ChE-W4,2.0,-1.125747712635345,1.0,2,-0.020476748315081738,0.18736960248740864,0.14839964855826127
ChE-W4,2.0,-0.5418082403666461,0.0,0,0.31563218048121466,-0.06669353164691585,0.7323391208269602
ChE-W4,2.0,-0.484673023235743,0.5,1,0.15393352891261192,-0.2527296382866247,0.7894743379578633
ChE-W4,2.0,-0.33753302639289573,0.5,1,-0.19961715452586265,-0.19392440474783187,0.9366143348007105
ChE-W4,2.05,-1.258516753043287,0.5,1,0.09530645262646903,0.10577875478242381,0.0
ChE-W4,2.05,-1.2504105759244033,0.0,0,-0.07511373089239862,-0.4766602827464009,0.008106177118883728
ChE-W4,2.05,-1.1193027766539614,1.0,0,-0.02035034529455775,0.1879428824774617,0.13921397638932564
ChE-W4,2.05,-0.5084564473096214,0.0,0,0.31399922734819974,-0.06841473948373514,0.7500603057336657
ChE-W4,2.05,-0.465833005935737,0.5,1,0.1506700651897139,-0.2597250354065697,0.7926837471075501
ChE-W4,2.05,-0.3152859987012344,0.5,1,-0.19367704310591766,-0.20756637742212805,0.9432307543420526
ChE-W4,2.1,-1.242990479129632,0.5,1,0.09463560897419751,0.10661637629064906,0.0
ChE-W4,2.1,-1.2393576089533325,0.0,0,-0.07369487270866475,-0.4812000613497648,0.003632870176299541
ChE-W4,2.1,-1.1129194001205487,1.0,2,-0.020223853735400674,0.18850978090352233,0.13007107900908332
ChE-W4,2.1,-0.47526991581267786,0.0,0,0.3123414006513793,-0.07019128375120218,0.7677205633169542
ChE-W4,2.1,-0.4472978606292077,0.5,1,0.14734601302034586,-0.2668366547459476,0.7956926185004243
ChE-W4,2.1,-0.29364577916262585,0.5,1,-0.1872522522448933,-0.22241092097113144,0.9493446999670061
ChE-W4,2.15,-1.2285228468006222,0.0,0,-0.07230399774921252,-0.48562945798251533,0.0
ChE-W4,2.15,-1.227568303452272,0.5,1,0.09396079454955004,0.10745531557125855,0.0009545433483502119
ChE-W4,2.15,-1.1065968319177086,1.0,0,-0.020097330206543584,0.18907037623033887,0.12192601488291355
ChE-W4,2.15,-0.44225135406656474,0.0,0,0.31065779029094354,-0.0720254132634978,0.7862714927340575
ChE-W4,2.15,-0.42907024524690435,0.5,1,0.1439664326248777,-0.2740557461587009,0.7994526015537178
ChE-W4,2.15,-0.2726588552047183,0.5,1,-0.18036543023976695,-0.23841466421544816,0.955863991595904
ChE-W4,2.2,-1.2178998705598267,0.0,0,-0.07094121539971049,-0.4899510772556417,0.0
ChE-W4,2.2,-1.2122499904618704,0.5,1,0.09328218669159175,0.1082955011925234,0.005649880097956306
ChE-W4,2.2,-1.100334332249599,1.0,2,-0.01997082791721325,0.18962474552886033,0.11756553831022765
ChE-W4,2.2,-0.4111524660277448,0.5,1,0.14053688887375781,-0.28137267643993746,0.8067474045320819
ChE-W4,2.2,-0.4094035626001834,0.0,0,0.30894743763704,-0.07391948719903413,0.8084963079596433
ChE-W4,2.2,-0.2523687108846818,0.5,1,-0.1730658667289731,-0.25547124667026494,0.9655311596751449
ChE-W4,2.25,-1.207482465256982,0.0,0,-0.06960654541060704,-0.4941675533451406,0.0
ChE-W4,2.25,-1.1970353047067073,0.5,1,0.09259996185609685,0.10913686020278056,0.010447160550274726
ChE-W4,2.25,-1.0941311723759357,1.0,0,-0.019844396912844668,0.190172964543082,0.11335129288104628
ChE-W4,2.25,-0.39354644861798604,0.5,1,0.1370634187545885,-0.28877698321681605,0.813936016638996
ChE-W4,2.25,-0.37672943880677506,0.0,0,0.3072093330508661,-0.07587598073120744,0.830753026450207
ChE-W4,2.25,-0.23281316961689402,0.5,1,-0.16543139353225714,-0.27340589633715084,0.974669295640088
ChE-W4,2.3,-1.1972646168609422,0.0,0,-0.06829992750219459,-0.49828153521868657,0.0
ChE-W4,2.3,-1.181924010490055,0.5,1,0.0919142956192083,0.10997931817432786,0.015340606370887189
ChE-W4,2.3,-1.0879866343583344,1.0,2,-0.01971808425809635,0.1907151077515447,0.10927798250260778
ChE-W4,2.3,-0.3762537118132564,0.5,1,0.13355248910255324,-0.2962574452439027,0.8210109050476858
ChE-W4,2.3,-0.34423198167781927,0.0,0,0.30544241334183936,-0.07789749083785315,0.853032635183123
ChE-W4,2.3,-0.2140216902723451,0.5,1,-0.1575664497504352,-0.29197894671332014,0.9832429265885971
ChE-W4,2.35,-1.1872405087407003,0.0,0,-0.06702123031450848,-0.502295673695294,0.0
ChE-W4,2.35,-1.1669158715383494,0.5,1,0.09122536267744895,0.11082279924853587,0.020324637202350893
ChE-W4,2.35,-1.0819000108182601,1.0,2,-0.019591934207944927,0.19125124842393243,0.10534049792244016
ChE-W4,2.35,-0.3592753445015913,0.5,1,0.13001094503650215,-0.3038021683811282,0.827965164239109
ChE-W4,2.35,-0.31191429674676646,0.0,0,0.3036455591739285,-0.07998674226657916,0.8753262119939338
ChE-W4,2.35,-0.19601301637569873,0.5,1,-0.14959568175316434,-0.3108999772251932,0.9912274923650015
ChE-W4,2.4,-1.1774045176663235,0.0,0,-0.06577025970784846,-0.5062126101880647,0.0
ChE-W4,2.4,-1.1520106506801526,0.5,1,0.09053333684425857,0.11166722618220187,0.025393866986170854
ChE-W4,2.4,-1.0758706047056485,1.0,0,-0.019465988367734572,0.1917814586731768,0.10153391296067493
ChE-W4,2.4,-0.3426119863190604,0.5,1,0.12644594988605956,-0.31139868596447856,0.8347925313472631
ChE-W4,2.4,-0.27977960124299783,0.0,0,0.30181759243802864,-0.08214659362547877,0.8976249164233256
ChE-W4,2.4,-0.178793592762515,0.5,1,-0.14165364373133593,-0.3298514710836709,0.9986109249038084
ChE-W4,2.45,-1.1677512094409823,0.0,0,-0.06454676642772621,-0.5100349669835503,0.0
ChE-W4,2.45,-1.137208109535564,0.5,1,0.08983839104313579,0.1125125203950956,0.03054309990541837
ChE-W4,2.45,-1.0698977290775644,1.0,2,-0.0193402858429987,0.19230580950345755,0.0978534803634179
ChE-W4,2.45,-0.3262638124633413,0.5,1,0.12286491772619616,-0.31903407173134396,0.8414873969776411
ChE-W4,2.45,-0.24783122945435115,0.0,0,0.2999572736119137,-0.08438004355959111,0.9199199799866311
ChE-W4,2.45,-0.16235705727956629,0.5,1,-0.13387243234521745,-0.3485178406906277,1.005394152161416
ChE-W4,2.5,-1.1582753342408072,0.0,0,-0.06335045315434985,-0.5137653389163046,0.0
ChE-W4,2.5,-1.1225080082162984,0.5,1,0.08914069729754509,0.11335860201870762,0.03576732602450883
ChE-W4,2.5,-1.0639807068862617,1.0,2,-0.019214863379799073,0.19282437085443296,0.09429462735454552
ChE-W4,2.5,-0.310230523026384,0.5,1,0.11927543993510416,-0.3266950629656315,0.8480448112144232
ChE-W4,2.5,-0.21607263829382908,0.0,0,0.29806329913468654,-0.08669023696256242,0.9422026959469781
ChE-W4,2.5,-0.14668490507933601,0.5,1,-0.12636982915146264,-0.36661379750194917,1.0115904291614712
ChE-W4,3.0,-1.0722421538132232,0.0,0,-0.0527937916436647,-0.5465500001392882,0.0
ChE-W4,3.0,-1.007740164300101,1.0,2,-0.017982679904776765,0.19770626159232546,0.06450198951312225
ChE-W4,3.0,-0.9810867826256982,0.5,1,0.08204978959254518,0.12184433692850125,0.09115537118752504
ChE-W4,3.0,-0.1668133856821718,0.5,1,0.08455656427356424,-0.4018187268857525,0.9054287681310513
ChE-W4,3.5,-0.9993507746787704,0.0,0,-0.04445805085639356,-0.5726258909008258,0.0
ChE-W4,3.5,-0.956406750902829,1.0,2,-0.016805585226330518,0.20207947338311205,0.04294402377594142
ChE-W4,3.5,-0.8496246242810379,0.5,1,0.07486578344748548,0.13031345001303019,0.14972615039773252
ChE-W4,3.5,-0.05137139878199659,0.5,1,0.05593384526676825,-0.4670407530715817,0.9479793758967738
ChE-W4,4.0,-0.9366162072372107,0.0,0,-0.037861388237605056,-0.5937100440269086,0.0
ChE-W4,4.0,-0.9094407691786744,1.0,2,-0.01569619151915326,0.20600064355048367,0.027175438058536283
ChE-W4,4.0,-0.7278209366479025,0.5,1,0.0677415267365212,0.1386735646037432,0.20879527058930825
ChE-W4,4.0,0.041670072955207804,0.5,1,0.035457100129869135,-0.5180846290936736,0.9782862801924186
ChE-W4,4.5,-0.8819084055256232,0.0,0,-0.03259616243522692,-0.6110360941818785,0.0
ChE-W4,4.5,-0.866370070825781,1.0,2,-0.014659620227107003,0.20952020240743333,0.015538334699842227
ChE-W4,4.5,-0.6153207911909904,0.5,1,0.06081309905005298,0.14683241163346838,0.26658761433463285
ChE-W4,4.5,0.11788154759992278,0.5,1,0.02186930265057381,-0.556432902200973,0.999789953125546
ChE-W4,4.55,-0.8768154127646925,0.0,0,-0.032129983837981366,-0.6125982852523048,0.0
ChE-W4,4.55,-0.8622608410387307,1.0,0,-0.014560021903903517,0.20985184574236676,0.014554571725961862
ChE-W4,4.55,-0.6045670598764739,0.5,1,0.060135654073109696,0.14763383056030463,0.2722483528882187
ChE-W4,4.55,0.12475668627834183,0.5,1,0.02080784980764918,-0.5596921406985645,1.0015720990430343
ChE-W4,4.6,-0.87178553613644,0.0,0,-0.03167363404321001,-0.6141326081540822,0.0
ChE-W4,4.6,-0.8581859974298295,1.0,0,-0.014461159667136096,0.21017996904060113,0.01359953870661057
ChE-W4,4.6,-0.5939018327616364,0.5,1,0.05946143846814806,0.14843228634554476,0.2778837033748036
ChE-W4,4.6,0.1315117896025924,0.5,1,0.019792164315455947,-0.5628598529381998,1.0032973257390325
ChE-W4,4.65,-0.8668175112948392,0.0,0,-0.031226853669413097,-0.6156397611248735,0.0
ChE-W4,4.65,-0.8541451602922921,1.0,0,-0.014363032197677483,0.21050461398563616,0.012672351002547044
ChE-W4,4.65,-0.5833246593745232,0.5,1,0.058790551627882104,0.14922769947180817,0.28349285192031604
ChE-W4,4.65,0.138150328775713,0.5,1,0.01882033304511474,-0.5659391366129677,1.0049678400705522
ChE-W4,4.7,-0.8619101095304453,0.0,0,-0.03078939088416934,-0.6171204200854543,0.0
ChE-W4,4.7,-0.850137954791473,1.0,2,-0.014265637953238857,0.21082582178009418,0.011772154738972307
ChE-W4,4.7,-0.5728350838506798,0.5,1,0.05812309038916975,0.15001999170567776,0.2890750256797655
ChE-W4,4.7,0.1446756518964968,0.5,1,0.017890502371616667,-0.5689330118279701,1.0065857614269422
ChE-W4,4.75,-0.8570621364947013,0.0,0,-0.030361001205087477,-0.6185752394660612,0.0
ChE-W4,4.75,-0.8461640108970064,1.0,2,-0.014168975180447014,0.21114363315020876,0.010898125597694874
ChE-W4,4.75,-0.562432645021318,0.5,1,0.057459149009704856,0.15080908614220115,0.29462949147338335
ChE-W4,4.75,0.15109098762736578,0.5,1,0.017000879712372727,-0.5718444172064341,1.0081531241220671
ChE-W4,4.8,-0.8522724309774891,0.0,0,-0.02994144730176586,-0.6200048530013025,0.0
ChE-W4,4.8,-0.8422229633159425,1.0,2,-0.014073041926360197,0.21145808835026766,0.010049467661546574
ChE-W4,4.8,-0.5521168765069046,0.5,1,0.05679881914675579,0.15159490724771066,0.3001555544705845
ChE-W4,4.8,0.15739944893377814,0.5,1,0.0161497344491529,-0.5746762070576912,1.0096718799112672
ChE-W4,4.85,-0.8475398637355785,0.0,0,-0.029530498799345644,-0.621409874494505,0.0
ChE-W4,4.85,-0.8383144514269946,1.0,0,-0.013977836049450451,0.2117692271670088,0.00922541230858398
ChE-W4,4.85,-0.5418873068159852,0.5,1,0.05614218983799712,0.15237738090093558,0.30565255691959337
ChE-W4,4.85,0.16360403686178765,0.5,1,0.015335398320095313,-0.5774311494675158,1.0111439005973661
ChE-W4,4.9,-0.8428633363696265,0.0,0,-0.029127932084173056,-0.6227908985525673,0.0
ChE-W4,4.9,-0.8344381192157064,1.0,2,-0.013883355230079615,0.2120770889239784,0.008425217153920084
ChE-W4,4.9,-0.5317434594490454,0.5,1,0.05548934748446608,0.1531564344323437,0.3111198769205811
ChE-W4,4.9,0.16970764432514188,0.5,1,0.01455626535994133,-0.5801119251845389,1.0125709806947685
ChE-W4,4.95,-0.8382417802476213,0.0,0,-0.028733530111988547,-0.6241485012921916,0.0
ChE-W4,4.95,-0.8305936152107426,1.0,2,-0.013789596980491993,0.21238171248585605,0.007648165036878707
ChE-W4,4.95,-0.5216848530071816,0.5,1,0.054840375835682416,0.15393199666168367,0.3165569272404397
ChE-W4,4.95,0.1757130598777153,0.5,1,0.01381079145856654,-0.5827211271888322,1.0139548401253367
ChE-W4,5.0,-0.8336741554725562,0.0,0,-0.028347082219015298,-0.625483241018448,0.0
ChE-W4,5.0,-0.8267805924210003,1.0,2,-0.013696558654348961,0.2126831362627446,0.006893563051555862
ChE-W4,5.0,-0.5117110013053037,0.5,1,0.05419535597695309,0.15470399793369222,0.3219631541672525
ChE-W4,5.0,0.18162297145089387,0.5,1,0.013097493600228842,-0.5852612608407679,1.01529712692345
ChE-W4,5.1,-0.8246966781509384,0.0,0,-0.027597236807186114,-0.6280862794787656,0.0
ChE-W4,5.1,-0.8192476245537719,1.0,2,-0.013512630448291941,0.21327653585464498,0.00544905359716652
ChE-W4,5.1,-0.49201559416019125,0.5,1,0.05291748258913328,0.15623704681066722,0.33268108399074714
ChE-W4,5.1,0.19316655331862054,0.5,1,0.01176179305812619,-0.5901439106688039,1.0178632314695588
ChE-W4,5.2,-0.8159231233055521,0.0,0,-0.026876831178879138,-0.630604148278478,0.0
ChE-W4,5.2,-0.8118365269622843,1.0,2,-0.013331546604973276,0.21385758605034472,0.004086596343267801
ChE-W4,5.2,-0.472653257380544,0.5,1,0.05165632237642651,0.15775505555871133,0.3432698659250081
ChE-W4,5.5,-0.790754033378972,0.0,0,-0.024877932808657948,-0.6376844953883526,0.0
ChE-W4,5.5,-0.7903085755528598,1.0,0,-0.012805092627933456,0.21552951952042962,0.0004454578261121611
ChE-W4,5.5,-0.4165238592645174,0.5,1,0.04797842540480138,0.16221398615207414,0.3742301741144546
ChE-W4,6.0,-0.7566339868664782,1.0,0,-0.01198183321676058,0.21809496146273624,0.0
ChE-W4,6.0,-0.7522630365117815,0.0,0,-0.022013174553731543,-0.6481034276846563,0.004370950354696701
ChE-W4,6.0,-0.32924683375176356,0.5,1,0.042225968021975015,0.16930363310384833,0.42738715311471465
ChE-W4,6.5,-0.7254748674322136,1.0,2,-0.011222619797101324,0.2204110207572484,0.0
ChE-W4,6.5,-0.7175118574910977,0.0,0,-0.01962200433935052,-0.6570859518811991,0.007963009941115873
ChE-W4,6.5,-0.24933615564768818,0.5,1,0.03697554564052912,0.1759318932390113,0.4761387117845254
ChE-W4,7.0,-0.6965824441404249,1.0,0,-0.010522960866809776,0.22250560224225235,0.0
ChE-W4,7.0,-0.6859539450624161,0.0,0,-0.01760619341017803,-0.6648949586864848,0.01062849907800878
ChE-W4,7.0,-0.1762321239670837,0.5,1,0.032240958505861526,0.1820756386266383,0.5203503201733413
ChE-W4,7.5,-0.6697368873109154,1.0,2,-0.009878308750501037,0.22440333606309498,0.0
ChE-W4,7.5,-0.6571491091477897,0.0,0,-0.015891229703742564,-0.6717336629925604,0.012587778163125729
ChE-W4,7.5,-0.10937418164139268,0.5,1,0.028016042992422812,0.18772826883188914,0.5603627056695227
ChE-W4,8.0,-0.6447436258512944,1.0,0,-0.009284227437653496,0.22612593512978277,0.0
ChE-W4,8.0,-0.6307379378646004,0.0,0,-0.01441997148848971,-0.6777615819082431,0.014005687986693993
ChE-W4,8.0,-0.04821427506912024,0.5,1,0.024279242502206838,0.19289719543846448,0.5965293507821742
ChE-W4,8.5,-0.6214301470382073,1.0,2,-0.008736491057279853,0.22769252691907402,0.0
ChE-W4,8.5,-0.606423430455272,0.0,0,-0.013148112152926973,-0.6831056649990801,0.015006716582935287
ChE-W4,8.5,0.007772409081484435,0.5,1,0.020998280259043645,0.19760075161316593,0.6292025561196918
ChE-W4,9.0,-0.5996432183973273,1.0,0,-0.008231137226786768,0.2291199570598572,0.0
ChE-W4,9.0,-0.5839575502153784,0.0,0,-0.012040925740898711,-0.687868190304778,0.01568566818194883
ChE-W4,9.0,0.05907967775850271,0.5,1,0.01813441523532475,0.2018650168712868,0.65872289615583
ChE-W4,9.5,-0.5792464770123681,1.0,2,-0.007764491175477137,0.2304230637318368,0.0
ChE-W4,9.5,-0.5631312020294461,0.0,0,-0.01107091375707671,-0.6921324659847204,0.01611527498292198
ChE-W4,9.5,0.10616544284887056,0.5,1,0.01564597082722458,0.20572091321790043,0.6854119198612386
ChE-W4,10.0,-0.5601183381447772,1.0,2,-0.007333171177783266,0.2316149232322261,0.0
ChE-W4,10.0,-0.5437666404045916,0.0,0,-0.010216087806967856,-0.6959670166422584,0.016351697740185633
ChE-W4,10.0,0.1494493327748519,0.5,1,0.013491021820458525,0.20920177659179465,0.709567670919629
ChE-W6,0.1,-2.185089492872866,0.5,1,0.11724437656534069,0.07431979088284994,0.0
ChE-W6,0.1,-2.172579417362882,-0.0,0,-0.13118578759079538,-0.21727925304884502,0.012510075509984286
ChE-W6,0.1,-2.1482590077034764,-0.0,0,0.3658941193670328,-0.027263397292960064,0.03683048516938969
ChE-W6,0.1,-1.6621400541082267,1.0,2,-0.023197246427772295,0.15982556706535544,0.5229494387646394
ChE-W6,0.1,-1.6254889296770316,0.5,1,0.22536026582476965,-0.08648318560837345,0.5596005631958345
ChE-W6,0.1,-1.6207085139455222,0.5,1,-0.27162701270582684,-0.049272038761786915,0.564380978927344
ChE-W6,0.1,-1.6058954179419815,-0.0,0,-0.022720363146371596,0.01808505722935674,0.5791940749308846
ChE-W6,0.15,-2.165234902854224,0.5,1,0.11689274965362395,0.07503549882006513,0.0
ChE-W6,0.15,-2.1469991233151626,-0.0,0,-0.1305938765977243,-0.2245544900287905,0.018235779539061525
ChE-W6,0.15,-2.1099621219478673,-0.0,0,0.3648716386621125,-0.02783003964453289,0.0552727809063569
ChE-W6,0.15,-1.6526348818425076,1.0,2,-0.023188893766630712,0.16068021024003487,0.5126000210117165
ChE-W6,0.15,-1.5977674130271486,0.5,1,0.2245817835865668,-0.08878265459285166,0.5674674898270755
ChE-W6,0.15,-1.5904885055270164,0.5,1,-0.2708332075079498,-0.050303579026825376,0.5747463973272078
ChE-W6,0.15,-1.5684255933283786,-0.0,0,-0.022433711393167886,0.018675782233364253,0.5968093095258455
ChE-W6,0.3,-2.106347596100515,0.5,1,0.11576571816386207,0.07719790510724452,0.0
ChE-W6,0.3,-2.0730788545820475,-0.0,0,-0.12827461124256953,-0.2468515623171849,0.03326874151846759
ChE-W6,0.3,-1.9956600519032848,-0.0,0,0.36174403310842196,-0.029618318487905995,0.11068754419723037
ChE-W6,0.3,-1.62470232162123,1.0,2,-0.02311333029480013,0.1631735977563527,0.4816452744792852
ChE-W6,0.3,-1.5156582291862748,0.5,1,0.22202230255896163,-0.09611107668820991,0.5906893669142403
ChE-W6,0.3,-1.5004442592785827,0.5,1,-0.2683828056760126,-0.053614979471276365,0.6059033368219324
ChE-W6,0.3,-1.457338106341985,-0.0,0,-0.02131035480204782,0.020634255976512396,0.6490094897585301
ChE-W6,0.5,-2.0293884366690564,0.5,1,0.11410405911103814,0.080117497764461,0.0
ChE-W6,0.5,-1.9810866191006353,-0.0,0,-0.12401021261627458,-0.27719635968579037,0.04830181756842111
ChE-W6,0.5,-1.8446721944621411,-0.0,0,0.3574269095370499,-0.032226771511403546,0.1847162422069153
ChE-W6,0.5,-1.588761173549762,1.0,2,-0.022914269483137104,0.1663439117358592,0.44062726311929445
ChE-W6,0.5,-1.4087009623478228,0.5,1,0.21802160586991923,-0.1069942982297738,0.6206874743212336
ChE-W6,0.5,-1.3818581157933636,0.5,1,-0.26491747610554706,-0.05862330935158531,0.6475303208756928
ChE-W6,0.5,-1.3126332847520352,-0.0,0,-0.01900236470155841,0.02378455494267209,0.7167551519170212
ChE-W6,1.0,-1.8445905622335257,0.5,1,0.10924714748324596,0.08760153887390035,0.0
ChE-W6,1.0,-1.78250700208831,-0.0,0,-0.10915711985697409,-0.3511577537494011,0.062083560145215655
ChE-W6,1.0,-1.5048765767216221,1.0,0,-0.022081790418121947,0.1735881265299627,0.33971398551190357
ChE-W6,1.0,-1.4747584699548013,-0.0,0,0.3458146037950333,-0.04009605459583889,0.3698320922787244
ChE-W6,1.0,-1.1547820833368359,0.5,1,0.20428837028173866,-0.141103093558942,0.6898084788966898
ChE-W6,1.0,-1.0933646860517476,0.5,1,-0.25465446840095946,-0.07553552236876261,0.751225876181778
ChE-W6,1.0,-0.9732071842524971,-0.0,0,-0.004827213187087956,0.03656707480142509,0.8713833779810286
ChE-W6,1.5,-1.6703652800983313,0.5,1,0.1035542697262011,0.09534267097968387,0.0
ChE-W6,1.5,-1.623113435305349,-0.0,0,-0.09216215324052668,-0.4153927109125765,0.04725184479298239
ChE-W6,1.5,-1.4285923270205076,1.0,2,-0.020982015137926118,0.17999624530079952,0.24177295307782365
ChE-W6,1.5,-1.1167611522010397,-0.0,0,0.33280127670612514,-0.05049882185530309,0.5536041278972916
ChE-W6,1.5,-0.9226449830337788,0.5,1,0.18338821134560612,-0.18814563589407376,0.7477202970645525
ChE-W6,1.5,-0.8187472492221548,0.5,1,-0.23935627803576878,-0.10513379325692862,0.8516180308761765
ChE-W6,1.5,-0.6903073435118688,-0.0,0,0.04513497600486248,0.06818398486406052,0.9800579365864625
ChE-W6,2.0,-1.5064539946499758,0.5,1,0.0972179034221926,0.10331109491145968,0.0
ChE-W6,2.0,-1.4942758893237267,-0.0,0,-0.07647448334616905,-0.4669900834126052,0.012178105326249078
ChE-W6,2.0,-1.3589479087943235,1.0,2,-0.019775592806099907,0.18569800419149737,0.14750608585565228
ChE-W6,2.0,-0.7724080593215366,-0.0,0,0.3179573301534393,-0.06453271977634234,0.7340459353284392
ChE-W6,2.0,-0.7165785345541611,0.5,1,0.15338150732568356,-0.25115404804777713,0.7898754600958147
ChE-W6,2.0,-0.5672403965349947,0.5,1,-0.2045207551343927,-0.18109431354393793,0.9392135981149811
ChE-W6,2.0,-0.4912655042414086,-0.0,0,0.08369046643858621,0.09696222894235526,1.0151884904085673
ChE-W6,2.05,-1.4906222835519036,0.5,1,0.0965559099278995,0.10411860157009412,0.0
ChE-W6,2.05,-1.4827583046897839,-0.0,0,-0.07504204735230606,-0.4714909205369065,0.007863978862119758
ChE-W6,2.05,-1.3523170077268856,1.0,0,-0.0196529364180309,0.18623333600098554,0.13830527582501806
ChE-W6,2.05,-0.738805080233729,-0.0,0,0.3163485201315218,-0.06619482050064295,0.7518172033181746
ChE-W6,2.05,-0.6975897323808089,0.5,1,0.14987368063096482,-0.2583268189769445,0.7930325511710947
ChE-W6,2.05,-0.5444255183902109,0.5,1,-0.1978619453575059,-0.19613130044005994,0.9461967651616927
ChE-W6,2.05,-0.4740485614606035,-0.0,0,0.08464608476996707,0.09853263573337842,1.0165737220913003
ChE-W6,2.1,-1.4748915484161245,0.5,1,0.09588947433024081,0.10492780909571744,0.0
ChE-W6,2.1,-1.4714603884890514,-0.0,0,-0.07363696876974823,-0.47588111611258865,0.003431159927073102
ChE-W6,2.1,-1.345743779951828,1.0,2,-0.019530198329053138,0.18676269637587198,0.12914776846429654
ChE-W6,2.1,-0.7053634347283304,-0.0,0,0.3147138916054272,-0.06791176694484925,0.7695281136877941
ChE-W6,2.1,-0.6789125289798168,0.5,1,0.14628385716124695,-0.265639217281499,0.7959790194363077
ChE-W6,2.1,-0.5222998206055687,0.5,1,-0.1901252337360749,-0.2136995614032895,0.9525917278105558
ChE-W6,2.1,-0.45710460312005263,-0.0,0,0.08533996755089288,0.09998442740677635,1.0177869452960717
ChE-W6,2.15,-1.4603756301364443,-0.0,0,-0.07225946268276186,-0.4801632840020454,0.0
ChE-W6,2.15,-1.4592616099816873,0.5,1,0.0952187731200494,0.1057386514911533,0.0011140201547570339
ChE-W6,2.15,-1.3392275238417293,1.0,0,-0.019407436681916555,0.18728616999094128,0.12114810629471506
ChE-W6,2.15,-0.6720858926240182,-0.0,0,0.3130525094361304,-0.06968581971980045,0.7882897375124261
ChE-W6,2.15,-0.6605505239984725,0.5,1,0.14261684255310764,-0.27308287160942357,0.7998251061379719
ChE-W6,2.15,-0.5009704632723266,0.5,1,-0.18119537891999077,-0.23408124463873684,0.9594051668641177
ChE-W6,2.15,-0.4404059470878108,-0.0,0,0.08581911017818103,0.10133924798841014,1.0199696830486336
ChE-W6,2.2,-1.4494977250898162,-0.0,0,-0.07090964499169775,-0.48434007660362965,0.0
ChE-W6,2.2,-1.443732289307634,0.5,1,0.09454398224731497,0.10655106088088578,0.005765435782182138
ChE-W6,2.2,-1.332767549460501,1.0,0,-0.019284706216799664,0.18780383979082377,0.11673017562931531
ChE-W6,2.2,-0.6425069667329876,0.5,1,0.13887820239286658,-0.2806482082857675,0.8069907583568287
ChE-W6,2.2,-0.6389753177648902,-0.0,0,0.31136339057316154,-0.07151934802756209,0.810522407324926
ChE-W6,2.2,-0.48055219114825876,0.5,1,-0.1710526542623979,-0.2573432497963525,0.9689455339415575
ChE-W6,2.25,-1.4388205723500425,-0.0,0,-0.06958754256049667,-0.48841416865727033,0.0
ChE-W6,2.25,-1.4283034073879746,0.5,1,0.09386527712780109,0.10736496755613043,0.010517164962067893
ChE-W6,2.25,-1.3263631782683432,1.0,2,-0.01916205845291654,0.18831578705238863,0.1124573940816993
ChE-W6,2.25,-0.6247847142754575,0.5,1,0.13507425885905347,-0.2883244667650317,0.814035858074585
ChE-W6,2.25,-0.6060346724401036,-0.0,0,0.3096455016392158,-0.07341483501826428,0.8327858999099389
ChE-W6,2.25,-0.4611553705890129,0.5,1,-0.15984339937110686,-0.28317252416898636,0.9776652017610296
ChE-W6,2.3,-1.4283382713185868,-0.0,0,-0.06829310272218023,-0.49238824300612144,0.0
ChE-W6,2.3,-1.4129747847777243,0.5,1,0.09318283264499952,0.1081803000216595,0.015363486540862503
ChE-W6,2.3,-1.3200137428386323,1.0,2,-0.01903954185987483,0.1888220914435429,0.10832452847995455
ChE-W6,2.3,-0.607386191145332,0.5,1,0.1312120725495854,-0.2960997382886768,0.8209520801732548
ChE-W6,2.3,-0.5732670220026586,-0.0,0,0.3078977564295446,-0.0753748833424094,0.8550712493159283
ChE-W6,2.3,-0.4428680613624373,0.5,1,-0.14792647676359966,-0.3107638520240523,0.9854702099561495
ChE-W6,2.35,-1.4180451181173583,-0.0,0,-0.06702620213773215,-0.4962649781628065,0.0
ChE-W6,2.35,-1.3977462412313346,0.5,1,0.09249682314757476,0.10899698504440528,0.02029887688602372
ChE-W6,2.35,-1.3137185865859708,1.0,2,-0.01891720201940928,0.18932283107864153,0.10432653153138749
ChE-W6,2.35,-0.590313351276285,0.5,1,0.12729940833167233,-0.3039610292016242,0.8277317668410733
ChE-W6,2.35,-0.5406755396911445,-0.0,0,0.3061190133300692,-0.0774022208899016,0.8773695784262139
ChE-W6,2.35,-0.42573660659352464,0.5,1,-0.13584508230100303,-0.3388776758853437,0.9923085115238337
ChE-W6,2.4,-1.4079356014679143,-0.0,0,-0.06578665501407122,-0.5000470375301446,0.0
ChE-W6,2.4,-1.3826175953515027,0.5,1,0.09180742244236997,0.10981494770379621,0.02531800611641155
ChE-W6,2.4,-1.307477063504799,1.0,2,-0.01879508177808855,0.1898180825708647,0.10045853796311532
ChE-W6,2.4,-0.5735676432547474,0.5,1,0.12334468454169945,-0.3118943496027433,0.8343679582131669
ChE-W6,2.4,-0.5082635116585288,-0.0,0,0.30430807266037013,-0.07949970670340824,0.8996720898093855
ChE-W6,2.4,-0.409752983901048,0.5,1,-0.12420537727420829,-0.3661142946284198,0.9981826175668663
ChE-W6,2.45,-1.3980043982147898,-0.0,0,-0.06457422069460177,-0.5037370601298549,0.0
ChE-W6,2.45,-1.367588664250373,0.5,1,0.09111480378323498,0.11063411144383772,0.03041573396441688
ChE-W6,2.45,-1.3012885379180266,1.0,2,-0.01867322139156249,0.1903079210816976,0.09671586029676327
ChE-W6,2.45,-0.5571499796990995,0.5,1,0.11935690545543914,-0.31988482708422394,0.8408544185156903
ChE-W6,2.45,-0.47603434220897883,-0.0,0,0.3024636739494576,-0.08167033704884709,0.9219700560058111
ChE-W6,2.45,-0.39485579171204993,0.5,1,-0.11351574652770796,-0.3912842491780134,1.00314860650274
ChE-W6,2.5,-1.3882463685695348,-0.0,0,-0.06338861064198772,-0.507337652698331,0.0
ChE-W6,2.5,-1.3526592632215666,0.5,1,0.09041913985571831,0.11145439812689635,0.03558710534796816
ChE-W6,2.5,-1.295152384235193,1.0,2,-0.018551658660862308,0.19079242036773505,0.09309398433434168
ChE-W6,2.5,-0.5410607116271013,0.5,1,0.11534557762062293,-0.3279168442952374,0.8471856569424334
ChE-W6,2.5,-0.4439915592452595,-0.0,0,0.3005844931550413,-0.0839172516203945,0.9442548093242753
ChE-W6,2.5,-0.3809445176784173,0.5,1,-0.10407792636250042,-0.4136647819069938,1.0073018508911176
ChE-W6,3.0,-1.2991807223660667,-0.0,0,-0.05292137986178151,-0.5389649124692149,0.0
ChE-W6,3.0,-1.2365404417248222,1.0,2,-0.01735920182238801,0.1953590600841466,0.0626402806412445
ChE-W6,3.0,-1.208796871292322,0.5,1,0.08333254608444311,0.11970082149491688,0.09038385107374469
ChE-W6,3.0,-0.39788604227065505,0.5,1,0.0761625871333417,-0.4069095226552657,0.9012946800954117
ChE-W6,3.5,-1.222942290627317,-0.0,0,-0.04464896193054007,-0.564128289921247,0.0
ChE-W6,3.5,-1.182544421168582,1.0,0,-0.016224048379347142,0.19946393205635513,0.040397869458735025
ChE-W6,3.5,-1.0746600591978588,0.5,1,0.07612599207378704,0.1279641737476229,0.1482822314294583
ChE-W6,3.5,-0.28385639462966505,0.5,1,0.044466133472724774,-0.47411757091194456,0.939085895997652
ChE-W6,4.0,-1.156632886570746,-0.0,0,-0.03809660427319584,-0.5845189705216962,0.0
ChE-W6,4.0,-1.132675136171665,1.0,2,-0.015158486891322587,0.20316288773169885,0.0239577503990811
ChE-W6,4.0,-0.9499950630354914,0.5,1,0.068956933427825,0.1361502254793179,0.20663782353525462
ChE-W6,4.0,-0.1924651499079379,0.5,1,0.023265790842526952,-0.524374333607038,0.9641677366628081
ChE-W6,4.5,-1.0981944320121242,-0.0,0,-0.0328619261423834,-0.6013394479533583,0.0
ChE-W6,4.5,-1.0865079338510097,1.0,2,-0.014166888270682597,0.20650377054746438,0.011686498161114445
ChE-W6,4.5,-0.8344874637550301,0.5,1,0.06196685582244419,0.14416394864726628,0.26370696825709405
ChE-W6,4.5,-0.11737077910414911,0.5,1,0.010466487295617841,-0.560438668260058,0.980823652907975
ChE-W6,4.55,-1.092722162121826,-0.0,0,-0.03239820147979825,-0.6028602120564431,0.0
ChE-W6,4.55,-1.0820801361866286,1.0,2,-0.014071815758817278,0.20681980554292528,0.010642025935197363
ChE-W6,4.55,-0.8234263227996654,0.5,1,0.06128252066598324,0.14495233802627217,0.2692958393221605
ChE-W6,4.55,-0.11056392423463561,0.5,1,0.009526065495170386,-0.56344072932927,0.9821582378871904
ChE-W6,4.6,-1.0873120959321803,-0.0,0,-0.03194420974261202,-0.6043546472605514,0.0
ChE-W6,4.6,-1.077685270913055,1.0,2,-0.013977480903404532,0.20713271546104056,0.009626825019125151
ChE-W6,4.6,-0.8124526045023676,0.5,1,0.06060130206505507,0.1457380235222889,0.2748594914298127
ChE-W6,4.6,-0.10386872606496583,0.5,1,0.008635771874279113,-0.5663500279064929,0.9834433698672145
ChE-W6,4.65,-1.081963019491858,-0.0,0,-0.03149969453559859,-0.6058234225386602,0.0
ChE-W6,4.65,-1.073322998677312,1.0,0,-0.013883881495054137,0.2074425378517386,0.008640020814545846
ChE-W6,4.65,-0.801565889246927,0.5,1,0.05992330378654238,0.14652092326002097,0.28039713024493096
ChE-W6,4.65,-0.09728169545386897,0.5,1,0.007793042719251699,-0.5691704062749828,0.9846813240379889
ChE-W6,4.7,-1.076673753354169,-0.0,0,-0.031064406913857232,-0.6072671848691257,0.0
ChE-W6,4.7,-1.0689929845166855,1.0,2,-0.0137910151092622,0.20774930974177394,0.007680768837483587
ChE-W6,4.7,-0.7907657515469939,0.5,1,0.059248626910188375,0.14730095672973298,0.2859080018071751
ChE-W6,4.7,-0.09079949030830078,0.5,1,0.006995424734094747,-0.5719055587517344,0.9858742630458682
ChE-W6,4.75,-1.0714431513204956,-0.0,0,-0.030638105187204105,-0.6086865600714985,0.0
ChE-W6,4.75,-1.0646948977890718,1.0,2,-0.013698879119524289,0.20805306764351825,0.006748253531423831
ChE-W6,4.75,-0.7800517601485968,0.5,1,0.05857736980219367,0.14807804483439235,0.29139139117189883
ChE-W6,4.75,-0.0844189094924022,0.5,1,0.006240574367735703,-0.5745590316670451,0.9870242418280935
ChE-W6,4.8,-1.0662700992368814,-0.0,0,-0.0302205547254943,-0.6100821536096913,0.0
ChE-W6,4.8,-1.0604284121045315,1.0,2,-0.013607470709808871,0.20835384756339984,0.005841687132349893
ChE-W6,4.8,-0.7694234781388954,0.5,1,0.05790962809150646,0.1488521099347511,0.296846621097986
ChE-W6,4.8,-0.07813688681483842,0.5,1,0.005526256347871854,-0.5771342245322701,0.988133212422043
ChE-W6,4.85,-1.0611535138416923,-0.0,0,-0.029811527765392226,-0.6114545513637156,0.0
ChE-W6,4.85,-1.0561932052582819,1.0,2,-0.013516786886420294,0.20865168501026152,0.0049603085834104554
ChE-W6,4.85,-0.758880463059861,0.5,1,0.05724549464876656,0.1496230758921227,0.3022730507818313
ChE-W6,4.85,-0.07195048512922073,0.5,1,0.004850341574672623,-0.5796343921745669,0.9892030287124716
ChE-W6,4.9,-1.0560923416612835,-0.0,0,-0.02941080321916445,-0.612804320370779,0.0
ChE-W6,4.9,-1.051988959165115,1.0,2,-0.013426824489280651,0.20894661500348238,0.004103382496168484
ChE-W6,4.9,-0.7484222670271327,0.5,1,0.0565850595679465,0.15039086810894106,0.30767007463415086
ChE-W6,4.9,-0.0658568905750829,0.5,1,0.004210804507523635,-0.5820626476467222,0.9902354510862006
ChE-W6,4.95,-1.0510855579524307,-0.0,0,-0.0290181664858752,-0.6141320095370725,0.0
ChE-W6,4.95,-1.0478153597950701,1.0,2,-0.013337580202659136,0.20923867208092206,0.0032701981573606265
ChE-W6,4.95,-0.7380484368538129,0.5,1,0.05592841015073258,0.1511554135670757,0.3130371210986178
ChE-W6,4.95,-0.05985340698063972,0.5,1,0.003605720159670764,-0.5844219657464194,0.9912321509717911
ChE-W6,5.0,-1.0461321656886764,-0.0,0,-0.0286334092653919,-0.6154381503209073,0.0
ChE-W6,5.0,-1.0436720971103783,1.0,2,-0.013249050565375672,0.20952789030669483,0.002460068578298058
ChE-W6,5.0,-0.7277585141785976,0.5,1,0.05527563089362227,0.15191664086377288,0.3183736515100788
ChE-W6,5.0,-0.05393745044316057,0.5,1,0.003033260799095783,-0.5867151870026952,0.9921947152455158
ChE-W6,5.1,-1.0363817001855384,-0.0,0,-0.027886730572184732,-0.6179878292433696,0.0
ChE-W6,5.1,-1.0354753612373129,1.0,2,-0.01307412072459659,0.21009794413643604,0.0009063389482255602
ChE-W6,5.1,-0.7074285328049196,0.5,1,0.05398200676148627,0.15342886363850275,0.32895316738061886
ChE-W6,5.1,-0.04235831308582857,0.5,1,0.0019793711893768794,-0.591114055998422,0.9940233870997098
ChE-W6,5.2,-1.0273963487690996,1.0,2,-0.012902004725484577,0.21065703981561854,0.0
ChE-W6,5.2,-1.026833487350639,-0.0,0,-0.027169219889246417,-0.620457284113686,0.0005628614184605141
ChE-W6,5.2,-0.687428557663174,0.5,1,0.05270480672149091,0.15492699873966104,0.33996779110592557
ChE-W6,5.2,-0.031100858840005352,0.5,1,0.001036322526100383,-0.5952794635671519,0.9962954899290942
ChE-W6,5.5,-1.0038425138574325,1.0,2,-0.012402212518521496,0.2122711058510751,0.0
ChE-W6,5.5,-0.9993334141211485,-0.0,0,-0.025177533776904702,-0.6274200795297947,0.004509099736283995
ChE-W6,5.5,-0.6293699371194927,0.5,1,0.048977268423430004,0.1593319217068119,0.37447257673793977
ChE-W6,5.5,0.0009061869650882071,0.5,1,-0.0012367938991274699,-0.6065501399136274,1.0047487008225207
ChE-W6,6.0,-0.966732965358601,1.0,2,-0.01162227138138372,0.21476466267601066,0.0
ChE-W6,6.0,-0.956950084590761,-0.0,0,-0.02232069719315572,-0.6377243914989646,0.009782880767839952
ChE-W6,6.0,-0.5388350201132256,0.5,1,0.04313799031156778,0.16634983352482763,0.4278979452453754
ChE-W6,6.0,0.04918186217394893,0.5,1,-0.003671744726318021,-0.6220805411366722,1.01591482753255
ChE-W6,6.5,-0.9320906210099389,1.0,0,-0.010904517719037448,0.21703586556899596,0.0
ChE-W6,6.5,-0.9183216613959702,-0.0,0,-0.01993350189020627,-0.6466762623238597,0.013768959613968734
ChE-W6,6.5,-0.4556334653694098,0.5,1,0.03779686024953062,0.17292871944729313,0.4764571556405291
ChE-W6,7.0,-0.8996914625442545,1.0,0,-0.01024407392440745,0.2191086326166003,0.0
ChE-W6,7.0,-0.882923774239341,-0.0,0,-0.017918748541187173,-0.6545212589380599,0.016767688304913486
ChE-W6,7.0,-0.3792275150390644,0.5,1,0.032968595300075385,0.17904501660604186,0.5204639475051901
ChE-W6,7.5,-0.8693364429457583,1.0,0,-0.009636149821580571,0.22100395917095522,0.0
ChE-W6,7.5,-0.8503330810561468,-0.0,0,-0.01620268565614626,-0.6614482871890466,0.019003361889611492
ChE-W6,7.5,-0.30907731122790627,0.5,1,0.028647818258597052,0.18469144340511381,0.560259131717852
ChE-W6,8.0,-0.8408482375931317,1.0,2,-0.009076185115150577,0.22274031063353672,0.0
ChE-W6,8.0,-0.8202027456905635,-0.0,0,-0.01472873778825696,-0.6676051394560781,0.020645491902568147
ChE-W6,8.0,-0.24465410204486993,0.5,1,0.02481392066400475,0.18987420746932576,0.5961941355482617
ChE-W6,8.5,-0.8140684798794476,1.0,2,-0.008559922031081493,0.22433395732149916,0.0
ChE-W6,8.5,-0.7922449392008248,-0.0,0,-0.013453022802058748,-0.6731092149235078,0.0218235406786228
ChE-W6,8.5,-0.18545058207672344,0.5,1,0.021435831036242397,0.19460983292125228,0.6286178978027241
ChE-W6,9.0,-0.7888553976301932,1.0,2,-0.008083435274525454,0.22579926128611125,0.0
ChE-W6,9.0,-0.7662180971848498,-0.0,0,-0.012341134770469248,-0.6780550484151066,0.0226373004453434
ChE-W6,9.0,-0.13098821961293314,0.5,1,0.01847621294001804,0.19892206896993916,0.65786717801726
ChE-W6,9.5,-0.765081783969212,1.0,2,-0.007643136352174595,0.22714892276227072,0.0
ChE-W6,9.5,-0.741917465136757,-0.0,0,-0.011365817663002452,-0.6825196946015978,0.023164318832454955
ChE-W6,9.5,-0.08082181016409568,0.5,1,0.015894856066754073,0.20283916982837435,0.6842599738051163
ChE-W6,10.0,-0.7426332491637506,1.0,0,-0.007235762986010127,0.22839419242221917,0.0
ChE-W6,10.0,-0.7191679622726581,-0.0,0,-0.010505267515220604,-0.6865666458415981,0.023465286891092507
ChE-W6,10.0,-0.0345417065715557,0.5,1,0.01365121284122793,0.20639168104547123,0.708091542592195
ChE-W8,0.1,-2.356870396891546,0.5,1,0.11764453097486881,0.0741523553098697,0.0
ChE-W8,0.1,-2.3443989820985704,-0.0,0,-0.13081012043970466,-0.2176426144117685,0.012471414792975644
ChE-W8,0.1,-2.3200012196455906,-0.0,0,0.3663186389626503,-0.0270840770744308,0.03686917724595551
ChE-W8,0.1,-1.833942920022885,1.0,0,-0.022811498678797202,0.15981562796235402,0.5229274768686611
ChE-W8,0.1,-1.7972526939248787,0.5,1,0.22577029969718254,-0.08611774486319013,0.5596177029666674
ChE-W8,0.1,-1.7925498451450608,0.5,1,-0.271266308026742,-0.04949845635655544,0.5643205517464853
ChE-W8,0.1,-1.777696784544349,-0.0,0,-0.02233625491134178,0.01809572644164852,0.5791736123471971
ChE-W8,0.15,-2.3370011455648685,0.5,1,0.1172975282578546,0.07485353261551711,0.0
ChE-W8,0.15,-2.3188229597967904,-0.0,0,-0.1302258685441354,-0.22488033940338845,0.01817818576807806
ChE-W8,0.15,-2.281670600285729,-0.0,0,0.3653129193727671,-0.027637991059468767,0.055330545279139276
ChE-W8,0.15,-1.8244342226465258,1.0,0,-0.022805214676101176,0.1606514681560165,0.5125669229183427
ChE-W8,0.15,-1.7695080841011646,0.5,1,0.22500176364579752,-0.0883938501737699,0.5674930614637039
ChE-W8,0.15,-1.7623452072925283,0.5,1,-0.27048710478553273,-0.050510001082964495,0.5746559382723402
ChE-W8,0.15,-1.740221802731163,-0.0,0,-0.022052924937927647,0.0186779779046043,0.5967793428337056
ChE-W8,0.3,-2.2780569713352365,0.5,1,0.11618410669834009,0.07697221579853258,0.0
ChE-W8,0.3,-2.2449003707860706,-0.0,0,-0.12792992605031941,-0.24705121348192735,0.033156600549165915
ChE-W8,0.3,-2.1672554094871836,-0.0,0,0.36223512973022254,-0.029386523703532272,0.1108015618480529
ChE-W8,0.3,-1.7964782051442563,1.0,0,-0.02273586637005246,0.16308819930154042,0.4815787661909803
ChE-W8,0.3,-1.6873166750169588,0.5,1,0.2224713905661666,-0.09565026045302273,0.5907402963182777
ChE-W8,0.3,-1.6723326932882352,0.5,1,-0.26808067762792603,-0.053758583412075615,0.6057242780470014
ChE-W8,0.3,-1.6291018338758176,-0.0,0,-0.02094309848039068,0.020608049094165404,0.6489551374594189
ChE-W8,0.5,-2.200992347129319,0.5,1,0.11453988946597345,0.07983334575871756,0.0
ChE-W8,0.5,-2.152868184559674,-0.0,0,-0.12369723633350453,-0.2771970340299852,0.04812416256964491
ChE-W8,0.5,-2.0160889261481896,-0.0,0,0.35798316480576714,-0.03193825383520215,0.18490342098112933
ChE-W8,0.5,-1.7604758829263418,1.0,2,-0.022544987222343785,0.16618255015862649,0.4405164642029771
ChE-W8,0.5,-1.5802197792027586,0.5,1,0.21850723880670067,-0.10643296583856905,0.6207725679265603
ChE-W8,0.5,-1.553754960188999,0.5,1,-0.2646746507762931,-0.05867550895728794,0.6472373869403198
ChE-W8,0.5,-1.4843094745158196,-0.0,0,-0.018674147254211494,0.02370731889884685,0.7166828726134993
ChE-W8,1.0,-2.0157875985700775,0.5,1,0.109722171938967,0.08717180675616801,0.0
ChE-W8,1.0,-1.9539926780702703,-0.0,0,-0.10892317998839947,-0.3505382842228799,0.06179492049980717
ChE-W8,1.0,-1.67629104705579,1.0,0,-0.0217320061628429,0.17323668914998944,0.3394965515142876
ChE-W8,1.0,-1.6455904745766725,-0.0,0,0.34652548322914295,-0.03964629714929089,0.370197123993405
ChE-W8,1.0,-1.3258053433458434,0.5,1,0.20484541293963665,-0.14026798281702846,0.6899822552242341
ChE-W8,1.0,-1.2651064088399595,0.5,1,-0.25457534350655003,-0.07528785429442361,0.750681189730118
ChE-W8,1.0,-1.144170414368646,-0.0,0,-0.005331680651924336,0.035995597657156375,0.8716171842014315
ChE-W8,1.5,-1.8409623223879148,0.5,1,0.10406068932401304,0.09477068161106805,0.0
ChE-W8,1.5,-1.7940171734438295,-0.0,0,-0.09199899773456843,-0.41406411385213876,0.0469451489440853
ChE-W8,1.5,-1.5995023351420337,1.0,2,-0.020650444299499478,0.17945832844125253,0.24145998724588114
ChE-W8,1.5,-1.286814894768727,-0.0,0,0.33365056271795074,-0.049858766603069274,0.5541474276191878
ChE-W8,1.5,-1.0929761838145877,0.5,1,0.18395544316567536,-0.1870131067246764,0.7479861385733271
ChE-W8,1.5,-0.9900146006648228,0.5,1,-0.23964277512365778,-0.10405840481998431,0.850947721723092
ChE-W8,1.5,-0.8588005552991103,0.0,0,0.046938871576739816,0.06839255109254976,0.9821617670888045
ChE-W8,2.0,-1.6762739118779963,0.5,1,0.09774657836408009,0.10260270671334269,0.0
ChE-W8,2.0,-1.66432725598741,-0.0,0,-0.07636793748061581,-0.4649551883712431,0.0119466558905863
ChE-W8,2.0,-1.529159710796716,1.0,0,-0.019461345847368902,0.18498130844798183,0.14711420108128026
ChE-W8,2.0,-0.9414984417563343,-0.0,0,0.31892251328371163,-0.06367171322531974,0.734775470121662
ChE-W8,2.0,-0.8860589786853421,0.5,1,0.15377919163914297,-0.24978898114895162,0.7902149331926542
ChE-W8,2.0,-0.7368984710235943,0.5,1,-0.20733280898581358,-0.17404166135469035,0.939375440854402
ChE-W8,2.0,-0.6661452267571522,0.0,0,0.09009149261406642,0.0990427795548512,1.0101286851208442
ChE-W8,2.05,-1.6603553999524814,0.5,1,0.09708627735466231,0.10339697134196335,0.0
ChE-W8,2.05,-1.6527106532448492,-0.0,0,-0.07494036046869569,-0.4693877992143689,0.007644746707632155
ChE-W8,2.05,-1.5224488188564922,1.0,0,-0.019340387865384823,0.18549931557572719,0.1379065810959892
ChE-W8,2.05,-0.9077894019959988,-0.0,0,0.31732378179431525,-0.0653099405683242,0.7525659979564826
ChE-W8,2.05,-0.8669797307736192,0.5,1,0.1502337406214133,-0.25695280044849445,0.7933756691788622
ChE-W8,2.05,-0.7137429045149826,0.5,1,-0.20109312568569143,-0.18803822185025904,0.9466124954374988
ChE-W8,2.05,-0.6494568732189526,0.0,0,0.0905465700152054,0.10035861700139245,1.0108985267335289
ChE-W8,2.1,-1.6445362809808008,0.5,1,0.09642143585941947,0.10419301539511534,0.0
ChE-W8,2.1,-1.641311343173839,-0.0,0,-0.07354000381472686,-0.473710350617725,0.0032249378069617585
ChE-W8,2.1,-1.5157938065440193,1.0,2,-0.019219343360983195,0.18601146323370676,0.12874247443678155
ChE-W8,2.1,-0.8742399845176497,-0.0,0,0.31569892604426686,-0.06700267495560648,0.7702962964631511
ChE-W8,2.1,-0.8482117399266663,0.5,1,0.14660071902812014,-0.2642608518267445,0.7963245410541345
ChE-W8,2.1,-0.6912417674396469,0.5,1,-0.1935837397731448,-0.20497241742324956,0.9532945135411539
ChE-W8,2.1,-0.632982247793938,0.0,0,0.09077655399648218,0.10157355228053977,1.0115540331868629
ChE-W8,2.15,-1.6301228486309625,-0.0,0,-0.07216708568637856,-0.47792548263100004,0.0
ChE-W8,2.15,-1.6288163931349804,0.5,1,0.09575223025703528,0.10499077419446078,0.0013064554959820729
ChE-W8,2.15,-1.5091939867289685,1.0,2,-0.01909827078186854,0.1865178386410124,0.12092886190199392
ChE-W8,2.15,-0.8408529746755176,-0.0,0,0.31404700268686153,-0.06875217179865584,0.7892698739554449
ChE-W8,2.15,-0.8297588262563448,0.5,1,0.14288439427667063,-0.2717053833126579,0.8003640223746177
ChE-W8,2.15,-0.6695295384860427,0.5,1,-0.1844356634440277,-0.2256991281820208,0.9605933101449198
ChE-W8,2.15,-0.6166987680323187,0.0,0,0.09083338847679748,0.1027115370386,1.0134240805986439
ChE-W8,2.2,-1.6191388986388418,-0.0,0,-0.07082172521981439,-0.4820358713037368,0.0
ChE-W8,2.2,-1.6131955749085993,0.5,1,0.09507883646300144,0.10579018111276878,0.0059433237302424224
ChE-W8,2.2,-1.5026486841425097,1.0,2,-0.01897722516207079,0.18701852719525186,0.11649021449633201
ChE-W8,2.2,-0.8116244808663824,0.5,1,0.13908978831841748,-0.2792774535471078,0.8075144177724594
ChE-W8,2.2,-0.8076312522391824,-0.0,0,0.31236702029907104,-0.0705607945708623,0.8115076463996593
ChE-W8,2.2,-0.6487763172988873,0.5,1,-0.17328030167992242,-0.2510808396531159,0.9703625813399545
ChE-W8,2.2,-0.60058907721926,0.0,0,0.0907554969102229,0.10379026992654437,1.0185498214195818
ChE-W8,2.25,-1.6083534258387546,-0.0,0,-0.06950395263178968,-0.486044212672452,0.0
ChE-W8,2.25,-1.5976736647212846,0.5,1,0.09440142993552333,0.10659116761987865,0.010679761117470044
ChE-W8,2.25,-1.496157235076949,1.0,0,-0.018856258303445173,0.1875136125362812,0.11219619076180565
ChE-W8,2.25,-0.793811823836109,0.5,1,0.13522268741139515,-0.2869669315983473,0.8145416020026456
ChE-W8,2.25,-0.77457779580362,-0.0,0,0.3106579369542418,-0.07243102012261307,0.8337756300351347
ChE-W8,2.25,-0.6291802233291234,0.5,1,-0.15995131047787992,-0.28152941293868344,0.9791732025096312
ChE-W8,2.3,-1.597760563308472,-0.0,0,-0.06821371869295209,-0.48995320869566683,0.0
ChE-W8,2.3,-1.582250500537293,0.5,1,0.09372018567680893,0.10739366333056857,0.015510062771178834
ChE-W8,2.3,-1.4897189870948035,1.0,0,-0.018735418946920775,0.18800317660538635,0.10804157621366839
ChE-W8,2.3,-0.7763235630616575,0.5,1,0.13128963945709807,-0.29476251700636297,0.8214370002468144
ChE-W8,2.3,-0.7416956874009192,-0.0,0,0.30891865770845284,-0.07436544419156021,0.8560648759075528
ChE-W8,2.3,-0.610934056449492,0.5,1,-0.14482740799226926,-0.31621968427399105,0.98682650685898
ChE-W8,2.35,-1.5873546408419124,-0.0,0,-0.06695090355792181,-0.493765554980526,0.0
ChE-W8,2.35,-1.56692591949653,0.5,1,0.09303527822972973,0.1081975960543664,0.020428721345382428
ChE-W8,2.35,-1.4833332987484997,1.0,0,-0.018614752934139847,0.18848729970187936,0.10402134209341263
ChE-W8,2.35,-0.7591619547265951,0.5,1,0.12729793744965504,-0.3026517818793027,0.8281926861153173
ChE-W8,2.35,-0.708988117310958,-0.0,0,0.3071480320024874,-0.07636678709940033,0.8783665235309543
ChE-W8,2.35,-0.5941618852612712,0.5,1,-0.12905997302285876,-0.35255330286977177,0.9931927555806411
ChE-W8,2.4,-1.5771301807963,-0.0,0,-0.06571532495787494,-0.497483930155195,0.0
ChE-W8,2.4,-1.551699757555506,0.5,1,0.09234688166997744,0.10900289184701537,0.02543042324079403
ChE-W8,2.4,-1.4769995393139141,1.0,0,-0.018494303360140824,0.18896606053622794,0.10013064148238593
ChE-W8,2.4,-0.7423287662332763,0.5,1,0.12325558788834486,-0.31062123633176825,0.8348014145630238
ChE-W8,2.4,-0.6764583890815923,-0.0,0,0.3053448509881799,-0.07843789962332116,0.9006717917147078
ChE-W8,2.4,-0.5788570590113237,0.5,1,-0.114236340379583,-0.38690535508056484,0.9982731217849764
ChE-W8,2.45,-1.567081893587574,-0.0,0,-0.06450674576841832,-0.5011109867395382,0.0
ChE-W8,2.45,-1.5365718491407119,0.5,1,0.09165516959366454,0.10980947506388407,0.030510044446862228
ChE-W8,2.45,-1.470717088528998,1.0,0,-0.01837411071752139,0.18943953628024135,0.09636480505857614
ChE-W8,2.45,-0.7258252424335785,0.5,1,0.11917126339354889,-0.3186564178849644,0.8412566511539956
ChE-W8,2.45,-0.6441099247559057,-0.0,0,0.3035078447847117,-0.0805817690249398,0.9229719688316684
ChE-W8,2.45,-0.564876427087881,0.5,1,-0.10157996141162723,-0.41644636294270504,1.002205466499693
ChE-W8,2.5,-1.557204672905851,-0.0,0,-0.06332488097290022,-0.5046493433711726,0.0
ChE-W8,2.5,-1.5215420268133941,0.5,1,0.09096031510087883,0.11061726841512058,0.03566264609245695
ChE-W8,2.5,-1.4644853363469252,1.0,0,-0.018254213032767617,0.18990780261505819,0.09271933655892584
ChE-W8,2.5,-0.7096520760035621,0.5,1,0.11505423925809724,-0.3267420046597617,0.847552596902289
ChE-W8,2.5,-0.6119462703089953,-0.0,0,0.30163567967645827,-0.08280152521456727,0.9452584025968558
ChE-W8,2.5,-0.5519993978438227,0.5,1,-0.09148397416580768,-0.44022737080045354,1.0052052750620284
ChE-W8,3.0,-1.4668384870585798,-0.0,0,-0.05288979878684682,-0.5356960933188352,0.0
ChE-W8,3.0,-1.4048288740496246,1.0,2,-0.017078299713260657,0.19431961669625275,0.06200961300895513
ChE-W8,3.0,-1.3765997548635918,0.5,1,0.0838766124893962,0.11874369803668684,0.09023873219498801
ChE-W8,3.0,-0.5658169978581176,0.5,1,0.07436095906664597,-0.40670689631589574,0.9010214892004622
ChE-W8,3.0,-0.45155899412013845,0.5,1,-0.05664352201060353,-0.5270836711517691,1.0152794929384412
ChE-W8,3.5,-1.3891243120041874,-0.0,0,-0.04464192675107848,-0.5603569045025608,0.0
ChE-W8,3.5,-1.349638785109883,1.0,0,-0.015959585340150816,0.1982841652228752,0.0394855268943044
ChE-W8,3.5,-1.2412570722881586,0.5,1,0.07666416449142233,0.12689629735913774,0.14786723971602878
ChE-W8,3.5,-0.4515544680750035,0.5,1,0.04097226023783147,-0.474978736437558,0.937569843929184
ChE-W8,3.5,-0.37180486182925365,0.5,1,-0.04593038454494406,-0.5574528720850118,1.0173194501749339
ChE-W8,4.0,-1.321193850730365,-0.0,0,-0.03810873967117539,-0.580321127609765,0.0
ChE-W8,4.0,-1.2984424985921796,1.0,2,-0.014910412211815506,0.20185798649625963,0.022751352138185466
ChE-W8,4.0,-1.1152758445532691,0.5,1,0.06948174508905909,0.1349808991315315,0.205918006177096
ChE-W8,4.0,-0.36018755152287807,0.5,1,0.01884812625702436,-0.5254230257757098,0.961006299207487
ChE-W8,4.0,-0.3030570640546766,0.5,1,-0.0387498459768448,-0.5789199300724945,1.0181367866756885
ChE-W8,4.5,-1.261016066133758,-0.0,0,-0.032889334884366225,-0.5967862500845453,0.0
ChE-W8,4.5,-1.250831922636627,1.0,2,-0.013935128928944863,0.20508902491361047,0.010184143497131037
ChE-W8,4.5,-0.9983558862643429,0.5,1,0.06247241993184479,0.14290228670580649,0.26266017986941503
ChE-W8,4.5,-0.2850467981793418,0.5,1,0.005958059487237818,-0.5608631477636679,0.9759692679544161
ChE-W8,4.5,-0.24245140093927722,0.5,1,-0.03327294303554948,-0.5959795918388332,1.0185646651944806
ChE-W8,4.55,-1.2553643105927574,-0.0,0,-0.03242696381457003,-0.5982751487992611,0.0
ChE-W8,4.55,-1.2462540121556955,1.0,2,-0.013841681468078992,0.2053949061651659,0.009110298437061903
ChE-W8,4.55,-0.9871487265413137,0.5,1,0.06178589922613389,0.143681933010544,0.26821558405144375
ChE-W8,4.55,-0.2782224180538828,0.5,1,0.005039184307815533,-0.563778074045889,0.9771418925388746
ChE-W8,4.55,-0.23676814427099263,0.5,1,-0.03279385547276666,-0.5975068401395501,1.0185961663217649
ChE-W8,4.6,-1.2497738415655177,-0.0,0,-0.03197429741589883,-0.5997383590411071,0.0
ChE-W8,4.6,-1.241708047479176,1.0,0,-0.01374897014696188,0.20569781145269186,0.008065794086341782
ChE-W8,4.6,-0.9760281690746851,0.5,1,0.06110245407330305,0.14445896340921133,0.2737456724908326
ChE-W8,4.6,-0.271506835453193,0.5,1,0.004174302533689694,-0.5665977261590301,0.9782670061123248
ChE-W8,4.6,-0.2311476778593302,0.5,1,-0.03232555765635943,-0.599005863887403,1.0186261637061875
ChE-W8,4.65,-1.244243467238739,-0.0,0,-0.03153108002366609,-0.6011765429134891,0.0
ChE-W8,4.65,-1.2371937048699255,1.0,0,-0.013656992663172789,0.20599777773737166,0.007049762368813495
ChE-W8,4.65,-0.9649938061025207,0.5,1,0.06042218979916393,0.1452332957288916,0.2792496611362183
ChE-W8,4.65,-0.26489648596657295,0.5,1,0.0033604762332306395,-0.5693263588013252,0.979346981272166
ChE-W8,4.65,-0.22558871096944275,0.5,1,-0.03186770183909061,-0.6004775405204307,1.0186547562692962
ChE-W8,4.7,-1.2387720300107898,-0.0,0,-0.03109706339593899,-0.6025903404957197,0.0
ChE-W8,4.7,-1.2327106648949875,1.0,0,-0.013565746497162906,0.20629484142748356,0.006061365115802353
ChE-W8,4.7,-0.9540452238596351,0.5,1,0.05974520902458575,0.14600484916523723,0.28472680615115475
ChE-W8,4.7,-0.25838796597446795,0.5,1,0.0025948982904076853,-0.5719680501474266,0.980384064036322
ChE-W8,4.7,-0.22008999539991234,0.5,1,-0.03141995724032279,-0.6019227032107068,1.0186820346108776
ChE-W8,4.75,-1.2333584052371485,-0.0,0,-0.03067200651928693,-0.6039803706847168,0.0
ChE-W8,4.75,-1.2282586123532613,1.0,2,-0.01347522892556415,0.20658903838805676,0.0050997928838871776
ChE-W8,4.75,-0.943182002681991,0.5,1,0.05907161163784363,0.14677354433017126,0.2901764025551574
ChE-W8,4.75,-0.2519780255247139,0.5,1,0.0018748921218881005,-0.5745267020947689,0.9813803797124345
ChE-W8,4.75,-0.2146503233772014,0.5,1,-0.030982008692626517,-0.6033421443974841,1.018708081859947
ChE-W8,4.8,-1.2280015000293323,-0.0,0,-0.030255675415343235,-0.6053472320039882,0.0
ChE-W8,4.8,-1.2238372362050054,1.0,0,-0.0133854370338538,0.20688040395071064,0.004164263824326886
ChE-W8,4.8,-0.9324037171179609,0.5,1,0.05840149476973901,0.14753930329758766,0.2955977829113714
ChE-W8,4.8,-0.2456635613102536,0.5,1,0.0011979102723883193,-0.5770060420260568,0.9823379387190787
ChE-W8,4.8,-0.2092685256051841,0.5,1,-0.030553555449599916,-0.6047366189158383,1.0187329744241482
ChE-W8,4.8,-0.2085825739853856,0.5,1,-0.014145023778546623,0.2060686114972134,1.0194189260439468
ChE-W8,4.85,-1.2227002521026051,-0.0,0,-0.02984784294878315,-0.606691503379732,0.0
ChE-W8,4.85,-1.2194462295017523,1.0,0,-0.013296367728398015,0.20716897292246428,0.003254022600852835
ChE-W8,4.85,-0.9217099360437908,0.5,1,0.05773495277138616,0.14830204964657764,0.3009903160588143
ChE-W8,4.85,-0.23944160979152515,0.5,1,0.0005615321022357587,-0.5794096257933559,0.98325864231108
ChE-W8,4.85,-0.2041090842496282,0.5,1,-0.01402418474687737,0.2063876696676288,1.0185911678529769
ChE-W8,4.85,-0.20394346945360314,0.5,1,-0.03013431013084865,-0.6061068467796379,1.018756782649002
ChE-W8,4.9,-1.217453628675398,-0.0,0,-0.029448288637222594,-0.6080137448877829,0.0
ChE-W8,4.9,-1.2150852893196789,1.0,2,-0.013208017747937676,0.20745477959547437,0.002368339355719229
ChE-W8,4.9,-0.9111002227846878,0.5,1,0.057072077194810035,0.14906170850246314,0.30635340589071025
ChE-W8,4.9,-0.23330934049914942,0.5,1,-3.653924600391909e-05,-0.5817408416704053,0.9841442881762487
ChE-W8,4.9,-0.19966874835422863,0.5,1,-0.013905922317847548,0.20670227101879626,1.0177848803211695
ChE-W8,4.9,-0.19867405727101062,0.5,1,-0.02972399778387305,-0.6074535156667712,1.0187795714043875
ChE-W8,4.95,-1.2122606254103072,-0.0,0,-0.02905679846351465,-0.6093144984683809,0.0
ChE-W8,4.95,-1.21075411669404,1.0,2,-0.013120383674468807,0.20773785775621004,0.0015065087162671187
ChE-W8,4.95,-0.9005741352408836,0.5,1,0.05641295677636288,0.14981820657548892,0.3116864901694236
ChE-W8,4.95,-0.22726404954250068,0.5,1,-0.0005984804401743517,-0.5840029150546648,0.9849965758678065
ChE-W8,4.95,-0.1952610967607542,0.5,1,-0.013790094968168503,0.20701257214822982,1.016999528649553
ChE-W8,4.95,-0.19345922481029137,0.5,1,-0.029322355046264834,-0.6087772831480087,1.018801400600016
ChE-W8,5.0,-1.2071202654059057,-0.0,0,-0.028673164690773797,-0.6105942886153788,0.0
ChE-W8,5.0,-1.2064524165527242,1.0,0,-0.01303346194362827,0.2080182406936914,0.0006678488531814963
ChE-W8,5.0,-0.8901312260179968,0.5,1,0.055757677422906785,0.15057147219712894,0.3169890393879089
ChE-W8,5.0,-0.22130315334338824,0.5,1,-0.0011263519717858016,-0.5861989137305658,0.9858171120625174
ChE-W8,5.0,-0.19088567610452675,0.5,1,-0.013676573398038048,0.2073187183171631,1.0162345893013789
ChE-W8,5.0,-0.18829793975597714,0.5,1,-0.028929129394199764,-0.6100787786930508,1.0188223256499285
ChE-W8,5.1,-1.1979362725195057,1.0,2,-0.012861740579231812,0.20857105161995804,0.0
ChE-W8,5.1,-1.1969936989627985,-0.0,0,-0.027928665713481682,-0.613092993278207,0.000942573556707238
ChE-W8,5.1,-0.8694931272983653,0.5,1,0.05445897132763076,0.15206802771971403,0.3284431452211405
ChE-W8,5.1,-0.20962477654965433,0.5,1,-0.002087573230450663,-0.5904042043047388,0.9883114959698514
ChE-W8,5.1,-0.18222978828469,0.5,1,-0.01345598400246911,0.20791907675949184,1.0157064842348158
ChE-W8,5.1,-0.17813203406586525,0.5,1,-0.028166969447499666,-0.6126173420545579,1.0198042384536405
ChE-W8,5.2,-1.189534572127996,1.0,0,-0.012692822575516965,0.20911346906563974,0.0
ChE-W8,5.2,-1.1870666269569063,-0.0,0,-0.02721324858540058,-0.6155137302934062,0.002467945171089614
ChE-W8,5.2,-0.8491822468041308,0.5,1,0.05317658922536753,0.15355083537768296,0.34035232532386517
ChE-W8,5.2,-0.19825572490544124,0.5,1,-0.00293453186561157,-0.5943783246758519,0.9912788472225547
ChE-W8,5.2,-0.17369774081481135,0.5,1,-0.013243319290386463,0.2085043213439992,1.0158368313131847
ChE-W8,5.5,-1.1649941461824087,1.0,0,-0.012202553042909249,0.21068081758168217,0.0
ChE-W8,5.5,-1.15841491539434,-0.0,0,-0.025227363537787748,-0.6223433592900771,0.006579230788068768
ChE-W8,5.5,-0.7901750102615035,0.5,1,0.04943300516918047,0.15791179651881887,0.3748191359209052
ChE-W8,5.5,-0.1658422200279153,0.5,1,-0.004910483861917918,-0.6050988446947293,0.9991519261544934
ChE-W8,5.5,-0.14881400791604216,0.5,1,-0.012646305947137648,0.21017742148143798,1.0161801382663667
ChE-W8,6.0,-1.1261851622961478,1.0,2,-0.011438195550845864,0.2131071080223669,0.0
ChE-W8,6.0,-1.1140702851213071,-0.0,0,-0.022378788552540153,-0.6324657816499806,0.012114877174840721
ChE-W8,6.0,-0.6980107996469629,0.5,1,0.043565854450286066,0.16486308016236073,0.42817436264918496
ChE-W8,6.0,-0.11667155796356016,0.5,1,-0.006864128579031041,-0.6198224284438202,1.0095136043325876
ChE-W8,6.0,-0.10955387124658407,0.5,1,-0.011760299195607346,0.21272714463442757,1.0166312910495638
ChE-W8,6.5,-1.0897857719446329,1.0,0,-0.010735581638998747,0.21532339333810266,0.0
ChE-W8,6.5,-1.0734416559539628,-0.0,0,-0.01999837912055272,-0.6412802408720913,0.016344115990670094
ChE-W8,6.5,-0.6131276514602899,0.5,1,0.0381962239955199,0.17138350850770398,0.476658120484343
ChE-W8,6.5,-0.07280845561464533,0.5,1,-0.01097859375475705,0.21502616675153435,1.0169773163299876
ChE-W8,6.5,-0.0724701543268931,0.5,1,-0.007798036258215903,-0.6317146681182653,1.0173156176177398
ChE-W8,7.0,-1.0555839074453472,1.0,2,-0.01008974829178921,0.2173525057539677,0.0
ChE-W8,7.0,-1.0360181368029346,-0.0,0,-0.01798919256704218,-0.6490263152809893,0.019565770642412605
ChE-W8,7.0,-0.5349964612172239,0.5,1,0.03333947597422056,0.17744940596146472,0.5205874462281234
ChE-W8,7.0,-0.03833260763174706,0.5,1,-0.010278757735919724,0.21711347910055248,1.0172512998136
ChE-W8,7.5,-1.023391281233373,1.0,0,-0.00949583652351486,0.21921434300665324,0.0
ChE-W8,7.5,-1.0013878034110124,-0.0,0,-0.016277678877100518,-0.6558874936429756,0.022003477822360562
ChE-W8,7.5,-0.46308549559471934,0.5,1,0.028990626752134093,0.18305339214346336,0.5603057856386536
ChE-W8,7.5,-0.005917554975780691,0.5,1,-0.009646509091348655,0.21901784252932735,1.0174737262575924
ChE-W8,8.0,-0.9930401694498902,1.0,2,-0.008949234784481109,0.22092629720126877,0.0
ChE-W8,8.0,-0.9692134264707131,-0.0,0,-0.01480742443860666,-0.6620067372845151,0.023826742979177085
ChE-W8,8.0,-0.39687371677916117,0.5,1,0.025129266896486657,0.188201556671542,0.596166452670729
ChE-W8,8.0,0.024617790823019917,0.5,1,-0.009071813969071389,0.2207618377644183,1.0176579602729101
ChE-W8,8.5,-0.9643807046009938,1.0,0,-0.008445650874655755,0.2225036140665432,0.0
ChE-W8,8.5,-0.9392152078283316,-0.0,0,-0.013534679329025499,-0.6674971818988903,0.02516549677266222
ChE-W8,8.5,-0.3358611865611261,0.5,1,0.021724391993294307,0.19291025724442423,0.6285195180398677
ChE-W8,8.5,0.053432392179355415,0.5,1,-0.008547092763749577,0.22236391219959245,1.0178130967803491
ChE-W8,9.0,-0.9372785842912639,1.0,0,-0.007981140218453978,0.2239596951100337,0.0
ChE-W8,9.0,-0.9111582521391466,-0.0,0,-0.012425146984553943,-0.6724496293370272,0.026120332152117287
ChE-W8,9.0,-0.2795764095728001,0.5,1,0.018738658824402323,0.1972030065654886,0.6577021747184637
ChE-W8,9.0,0.08066695912550707,0.5,1,-0.00806632009737691,0.2238395305059282,1.017945543416771
ChE-W8,9.5,-0.9116131226653276,1.0,0,-0.007552108055706682,0.22530635261064086,0.0
ChE-W8,9.5,-0.88484330403467,-0.0,0,-0.01145166267660191,-0.6769378855912077,0.026769818630657527
ChE-W8,9.5,-0.22758086648805081,0.5,1,0.0161318234397052,0.2011077400355508,0.6840322561772767
ChE-W8,9.5,0.10644682460755839,0.5,1,-0.007624535649638765,0.2252018836495228,1.018059947272886
ChE-W8,10.0,-0.8872755859619804,1.0,0,-0.007155296607433439,0.22655402546208014,0.0
ChE-W8,10.0,-0.8600997812182437,-0.0,0,-0.010592499202140135,-0.6810226291913618,0.02717580474373671
ChE-W8,10.0,-0.17947120064460137,0.5,1,0.013863310500385329,0.20465459980294634,0.707804385317379
ChE-W8,10.0,0.13088417645660452,0.5,1,-0.007217557445297892,0.22646236067844605,1.018159762418585
SM8,0.1,-3.3613887287250632,0.5,1,0.11844006798700582,0.07384466798325344,0.0
SM8,0.1,-3.3490022598139317,-0.0,0,-0.13003166560471935,-0.2185632910279171,0.012386468911131487
SM8,0.1,-3.3244406480396966,-0.0,0,0.36713364841452023,-0.02675006851052059,0.03694808068536659
SM8,0.1,-2.841185903441512,1.0,2,-0.02163913804778937,0.15959816992744336,0.5202028252835511
SM8,0.1,-2.8044145040116764,0.5,1,0.22696560458837034,-0.08524494920444706,0.5569742247133869
SM8,0.1,-2.799970327105534,0.5,1,-0.26993527610050744,-0.050709371312553986,0.5614184016195294
SM8,0.1,-2.7851664187862637,-0.0,0,-0.02078358032742172,0.01844074318808335,0.5762223099387995
SM8,0.15,-3.3414960972636125,0.5,1,0.11809501270952474,0.07453283809771512,0.0
SM8,0.15,-3.3234496817974293,-0.0,0,-0.12945220487780063,-0.22582192832891584,0.01804641546618324
SM8,0.15,-3.2860473619496635,-0.0,0,0.36613957171055656,-0.027292659632878736,0.055448735313949005
SM8,0.15,-2.8316494802378274,1.0,0,-0.021692608841520262,0.160450974364538,0.5098466170257852
SM8,0.15,-2.776600144564803,0.5,1,0.22615160168112028,-0.08750578953581199,0.5648959526988095
SM8,0.15,-2.7698241741313883,0.5,1,-0.26913819224484825,-0.05178052858321811,0.5716719231322243
SM8,0.15,-2.7477958780310154,-0.0,0,-0.020354409282017875,0.01907760012391532,0.5937002192325971
SM8,0.3,-3.2824707729466205,0.5,1,0.11698604094863534,0.07661258152322274,0.0
SM8,0.3,-3.2496032113111344,-0.0,0,-0.1271652059249495,-0.24804408699807332,0.0328675616354861
SM8,0.3,-3.171434004992105,-0.0,0,0.36309507380903505,-0.02900688606476316,0.11103676795451545
SM8,0.3,-2.80362173493507,1.0,2,-0.021778656826098926,0.16292443444227803,0.47884903801155065
SM8,0.3,-2.6942057377714344,0.5,1,0.22352220672588666,-0.09470099188798695,0.5882650351751861
SM8,0.3,-2.679995299427629,0.5,1,-0.2666542504365061,-0.05525216245647209,0.6024754735189917
SM8,0.3,-2.6371047178947418,-0.0,0,-0.018700269108061426,0.02121887349122642,0.6453660550518787
SM8,0.5,-3.205272395024082,0.5,1,0.11534460458753668,0.079422034977366,0.0
SM8,0.5,-3.157682737048189,-0.0,0,-0.12293385695677525,-0.2782215907096476,0.04758965797589276
SM8,0.5,-3.0199802934598963,-0.0,0,0.3588835058736775,-0.031512263146379685,0.18529210156418552
SM8,0.5,-2.7675404027754062,1.0,2,-0.021748664924073277,0.1660396250577388,0.43773199224867554
SM8,0.5,-2.5868421690321077,0.5,1,0.21951292681002843,-0.10535359827691074,0.6184302259919741
SM8,0.5,-2.5616939351410464,0.5,1,-0.2630759040287078,-0.060600841240543726,0.6435784598830354
SM8,0.5,-2.4932469608624177,-0.0,0,-0.015402993062182974,0.024737151992271084,0.7120254341616641
SM8,1.0,-3.019607408669742,0.5,1,0.11051938273059807,0.0866328286557684,0.0
SM8,1.0,-2.9590819829846593,-0.0,0,-0.10814111405076966,-0.35138974540476137,0.0605254256850829
SM8,1.0,-2.6831611341654087,1.0,2,-0.02118076155115869,0.17304546317325475,0.3364462745043335
SM8,1.0,-2.648657007213943,-0.0,0,0.3475051108338779,-0.039103433053326385,0.3709504014557994
SM8,1.0,-2.3316487650058484,0.5,1,0.20625709836734965,-0.1383988334037424,0.6879586436638938
SM8,1.0,-2.2741098320214883,0.5,1,-0.2519745290842585,-0.0794922669214236,0.7454975766482539
SM8,1.0,-2.1582188207694517,-0.0,0,0.0014102905753652238,0.038531605531814214,0.8613885879002905
SM8,1.5,-2.844146877903355,0.5,1,0.10483311328151021,0.09410601210291199,0.0
SM8,1.5,-2.799243379210293,-0.0,0,-0.09121692588024857,-0.4143805621215077,0.044903498693062094
SM8,1.5,-2.606078278711162,1.0,2,-0.0202153033760623,0.17912994020071793,0.23806859919219336
SM8,1.5,-2.2889223461335093,-0.0,0,0.3346760218424143,-0.04920110384689118,0.5552245317698459
SM8,1.5,-2.097476553438321,0.5,1,0.1870301090010545,-0.18283713130679707,0.7466703244650343
SM8,1.5,-2.0014714803358036,0.5,1,-0.23448763193154337,-0.11401379066058794,0.8426753975675516
SM8,1.5,-1.8732406892150848,-0.0,0,0.03204455140021215,0.06084000752751439,0.9709061886882704
SM8,2.0,-2.6786543336265582,0.5,1,0.0984822380931952,0.101812727167746,0.0
SM8,2.0,-2.669424779243211,-0.0,0,-0.0756210698530297,-0.46450076257235234,0.00922955438334716
SM8,2.0,-2.5352676677034864,1.0,2,-0.0190799004251787,0.18446825450180057,0.1433866659230718
SM8,2.0,-1.9425349057253447,-0.0,0,0.3199634998049326,-0.06289703229356836,0.7361194279012135
SM8,2.0,-1.8877404393763135,0.5,1,0.16097332086311406,-0.24005068232773763,0.7909138942502447
SM8,2.0,-1.7532634387110284,0.5,1,-0.2015636530953697,-0.18573502771401676,0.9253908949155298
SM8,2.05,-2.6626463187160203,0.5,1,0.09781784195868251,0.10259437500221892,0.0
SM8,2.05,-2.657777875064327,-0.0,0,-0.07419846856556346,-0.4688488702201987,0.004868443651693255
SM8,2.05,-2.5284987993529504,1.0,2,-0.018962319254548134,0.1849661775365205,0.1341475193630699
SM8,2.05,-1.9087132135357316,-0.0,0,0.3183653384106691,-0.06452236860093759,0.7539331051802887
SM8,2.05,-1.8682451089621441,0.5,1,0.15802363189963314,-0.24641330881099158,0.7944012097538762
SM8,2.05,-1.7304744867819801,0.5,1,-0.19691986864837238,-0.19618713611177502,0.9321718319340402
SM8,2.1,-2.6467360591801317,0.5,1,0.09714885644482817,0.10337777256622759,0.0
SM8,2.1,-2.6463449394291327,-0.0,0,-0.07280327775535739,-0.47308604506922725,0.00039111975099892504
SM8,2.1,-2.521783669884587,1.0,0,-0.01884438801959179,0.18545802195405103,0.12495238929554464
SM8,2.1,-1.8750501433193576,-0.0,0,0.31674103410400684,-0.0662017346007504,0.7716859158607741
SM8,2.1,-1.8490301963753348,0.5,1,0.1550218817413158,-0.2528733810524314,0.7977058628047968
SM8,2.1,-1.7081541575462005,0.5,1,-0.19200154024365598,-0.2073154540716082,0.9385819016339312
SM8,2.15,-2.6351194725364637,-0.0,0,-0.07143569759543987,-0.47721502631362556,0.0
SM8,2.15,-2.6309233958696856,0.5,1,0.09647546501585245,0.10416285127232233,0.004196076666778126
SM8,2.15,-2.5151215716078035,1.0,2,-0.01872618457749335,0.185943890620089,0.11999790092866025
SM8,2.15,-1.8415484682436227,-0.0,0,0.31508970597333136,-0.06793728160073285,0.793571004292841
SM8,2.15,-1.830097932037085,0.5,1,0.1519718710953321,-0.2594240267908546,0.8050215404993788
SM8,2.15,-1.686328836623377,0.5,1,-0.18681631229411938,-0.21910607206348331,0.9487906359130867
SM8,2.2,-2.624095184770407,-0.0,0,-0.07009582983030058,-0.48123858330563446,0.0
SM8,2.2,-2.6152081695753173,0.5,1,0.0957978507423703,0.1049495404797926,0.00888701519508972
SM8,2.2,-2.5085118103979864,1.0,2,-0.018607782051111996,0.18642388378512154,0.11558337437242061
SM8,2.2,-1.8114502738851055,0.5,1,0.14887774166037598,-0.2660577718123097,0.8126449108853016
SM8,2.2,-1.8082110494361543,-0.0,0,0.3134104346464766,-0.06973125212760167,0.8158841353342527
SM8,2.2,-1.665023980744385,0.5,1,-0.18137944222832536,-0.2315272899614749,0.9590712040260221
SM8,2.25,-2.6132659938631853,-0.0,0,-0.06878368796676786,-0.4851594997277061,0.0
SM8,2.25,-2.5995902206204837,0.5,1,0.09511619630116945,0.10573776754645031,0.013675773242701528
SM8,2.25,-2.501953705295379,1.0,0,-0.01848924910056537,0.18689809919354142,0.1113122885678064
SM8,2.25,-1.793088887214259,0.5,1,0.14574395554085529,-0.27276657634424195,0.8201771066489263
SM8,2.25,-1.7750408394551904,-0.0,0,0.3117022611488111,-0.07158598290744576,0.8382251544079948
SM8,2.25,-1.6442633571008778,0.5,1,-0.17571449667072828,-0.24452780567431953,0.9690026367623075
SM8,2.3,-2.6026260214324113,-0.0,0,-0.06749920680616917,-0.48898055973390087,0.0
SM8,2.3,-2.584069388465826,0.5,1,0.09443068396969714,0.1065274578825469,0.018556632966585163
SM8,2.3,-2.495446588127262,1.0,2,-0.018370650178367594,0.18736663218696284,0.10717943330514945
SM8,2.3,-1.775015126272103,0.5,1,0.14257526941588228,-0.2795418805210157,0.8276108951603083
SM8,2.3,-1.7420408858358178,-0.0,0,0.3099641858361197,-0.07350390774098031,0.8605851355965934
SM8,2.3,-1.6240682309172418,0.5,1,-0.1698535524610352,-0.2580360327118137,0.9785577905151694
SM8,2.35,-2.5921695890005374,-0.0,0,-0.06624225131524128,-0.49270453590416835,0.0
SM8,2.35,-2.5686455113257356,0.5,1,0.09374149561566932,0.1073185350066556,0.023524077674801802
SM8,2.35,-2.4889898031462323,1.0,2,-0.01825204576926729,0.18782957580191034,0.1031797858543051
SM8,2.35,-1.7572300178992535,0.5,1,0.13937670369255523,-0.2863746584961472,0.8349395711012839
SM8,2.35,-1.7092143347038373,-0.0,0,0.30819516742393865,-0.07548756023038113,0.8829552542967001
SM8,2.35,-1.6044565543660556,0.5,1,-0.16383676181159088,-0.2719608928847558,0.9877130346344818
SM8,2.4,-2.58189121359002,-0.0,0,-0.06501262484434767,-0.4963341788528447,0.0
SM8,2.4,-2.5533184257991643,0.5,1,0.0930488126818528,0.10811092060384409,0.028572787790855703
SM8,2.4,-2.482582706682423,1.0,2,-0.01813349261534947,0.1882870208605597,0.09930850690759696
SM8,2.4,-1.7397342475263313,0.5,1,0.1361535070278676,-0.29325548052446965,0.8421569660636887
SM8,2.4,-1.676564434441416,-0.0,0,0.3063941221391715,-0.07753957630676221,0.9053267791486042
SM8,2.4,-1.5854422212896604,0.5,1,-0.1577112075833481,-0.2861942807750072,0.9964489923003597
SM8,2.45,-2.5717856029875916,-0.0,0,-0.06381007670813421,-0.4998722083446157,0.0
SM8,2.45,-2.538087966510764,0.5,1,0.09235281616609795,0.1089045345857305,0.033697636476827775
SM8,2.45,-2.4762246668121897,1.0,2,-0.01801504392788477,0.18873905605717956,0.09556093617540196
SM8,2.45,-1.722528147758481,0.5,1,0.1329111167420048,-0.3001745820913326,0.8492574552291106
SM8,2.45,-1.64409453939647,-0.0,0,0.30455992302474516,-0.07966269650014397,0.9276910635911215
SM8,2.45,-1.5670344557493638,0.5,1,-0.15152907426674073,-0.3006151667792398,1.0047511472382278
SM8,2.5,-2.5618476507399617,-0.0,0,-0.06263430915061408,-0.5033213057683967,0.0
SM8,2.5,-2.522953965765719,0.5,1,0.09165368659697011,0.10969929515262002,0.038893684974242504
SM8,2.5,-2.4699150630403377,1.0,2,-0.017896749586462656,0.18918576803920642,0.09193258769962398
SM8,2.5,-1.7056116897706144,0.5,1,0.129655115781949,-0.30712193894438883,0.8562359609693473
SM8,2.5,-1.611808113604476,-0.0,0,0.3026913994297858,-0.08185976788353044,0.9500395371354857
SM8,2.5,-1.5492373956893564,0.5,1,-0.145345274445681,-0.3150950366177442,1.0126102550506053
SM8,3.0,-2.4706880754403704,-0.0,0,-0.05226159257982294,-0.5334737665931948,0.0
SM8,3.0,-2.4093540984188753,1.0,0,-0.016731230766006074,0.19337785135734287,0.06133397702149512
SM8,3.0,-2.376879996778749,0.5,1,0.0845293844119671,0.11769087733915236,0.09380807866162133
SM8,3.0,-1.5521105706520304,0.5,1,0.09758508952917297,-0.37592164275337275,0.91857750478834
SM8,3.5,-2.3918516948311743,-0.0,0,-0.04407395571573762,-0.557261337138281,0.0
SM8,3.5,-2.353028720562264,1.0,2,-0.015617277484970854,0.1971202095461998,0.038822974268910126
SM8,3.5,-2.2402389513924486,0.5,1,0.07728530077881039,0.12569712300653244,0.15161274343872577
SM8,3.5,-1.4250126972869357,0.5,1,0.06967702100906017,-0.4375479108751381,0.9668389975442386
SM8,4.0,-2.3224895626980606,-0.0,0,-0.0375956905078217,-0.576393172956859,0.0
SM8,4.0,-2.300468638765794,1.0,2,-0.014571108822959188,0.20047464037247176,0.022020923932266623
SM8,4.0,-2.112784304501562,0.5,1,0.07008664286775829,0.13361953100037338,0.20970525819649843
SM8,4.0,-1.319815492595437,0.5,1,0.04825682255539129,-0.4875605416118726,1.0026740701026235
SM8,4.5,-2.2605931484672768,-0.0,0,-0.03242521134568943,-0.5920757450877469,0.0
SM8,4.5,-2.2512721870015544,1.0,2,-0.013598896893957367,0.20349250836366808,0.009320961465722366
SM8,4.5,-1.9942031267838507,0.5,1,0.06308116659761588,0.14135969326799586,0.26639002168342607
SM8,4.55,-2.2547546376651426,-0.0,0,-0.031967411752741676,-0.5934892980597621,0.0
SM8,4.55,-2.2465238046365723,1.0,0,-0.013505796174715512,0.2037775087748544,0.008230833028570306
SM8,4.55,-1.982818928159709,0.5,1,0.06239624671285208,0.14212009863126535,0.27193570950543355
SM8,4.6,-2.248974797861062,-0.0,0,-0.03151926060540611,-0.5948777006597515,0.0
SM8,4.6,-2.2418052460305233,1.0,0,-0.013413440941113101,0.20405962019932714,0.007169551830538801
SM8,4.6,-1.971519281205516,0.5,1,0.06171462925926255,0.14287768177146287,0.27745551665554613
SM8,4.65,-2.243252460100223,-0.0,0,-0.03108050287524464,-0.5962416163663479,0.0
SM8,4.65,-2.2371161976500944,1.0,0,-0.01332182925964287,0.2043388812559595,0.006136262450128438
SM8,4.65,-1.9603037613722827,0.5,1,0.06103642013656195,0.1436323604785915,0.28294869872794015
SM8,4.7,-2.237586489566712,-0.0,0,-0.030650890975590393,-0.5975816863998578,0.0
SM8,4.7,-2.2324563504042523,1.0,0,-0.013230958937691328,0.20461532993859366,0.005130139162459635
SM8,4.7,-1.9491719380569694,0.5,1,0.06036172227057041,0.14438405413174182,0.2884145515097425
SM8,4.75,-2.231975784322445,-0.0,0,-0.03023018456419662,-0.5988985305762179,0.0
SM8,4.75,-2.227825399564022,1.0,0,-0.01314082753972715,0.20488900362832774,0.004150384758422998
SM8,4.75,-1.9381233747309166,0.5,1,0.05969063558709714,0.1451326837472183,0.2938524095915285
SM8,4.8,-2.2264192740997144,-0.0,0,-0.029818150346965264,-0.6001927481280981,0.0
SM8,4.8,-2.2232230446864243,1.0,2,-0.013051432402649048,0.2051599391054897,0.0031962294132901192
SM8,4.8,-1.9271576290718442,0.5,1,0.05902325698899772,0.1458781720237467,0.2992616450278702
SM8,4.85,-2.220915919148764,-0.0,0,-0.029414561883400612,-0.6014649184935743,0.0
SM8,4.85,-2.2186489895394095,1.0,2,-0.012962770650319363,0.20542817256192014,0.0022669296093544844
SM8,4.85,-1.9162742531026935,0.5,1,0.058359680336404984,0.1466204433852809,0.30464166604607046
SM8,4.9,-2.2154647091294195,-0.0,0,-0.029019199394121176,-0.6027156020731947,0.0
SM8,4.9,-2.2141029420265324,1.0,0,-0.012874839207396061,0.20569373961161086,0.001361767102887157
SM8,4.9,-1.9054727933348246,0.5,1,0.05769999643030064,0.14735942402086927,0.30999191579459495
SM8,4.95,-2.2100646620511917,-0.0,0,-0.028631849571152085,-0.6039453409553016,0.0
SM8,4.95,-2.209584614115022,1.0,2,-0.012787634812433162,0.2059566753018803,0.0004800479361697363
SM8,4.95,-1.8947527909168744,0.5,1,0.05704429299930091,0.14809504192196274,0.31531187113431725
SM8,5.0,-2.205093721767166,1.0,0,-0.012701154030293683,0.20621701412510227,0.0
SM8,5.0,-2.204714823259006,-0.0,0,-0.02825230539092614,-0.605154659614095,0.0003788985081598639
SM8,5.0,-1.8841137817868243,0.5,1,0.05639265468966705,0.14882722691682787,0.32097993998034147
SM8,5.1,-2.196193127158078,1.0,2,-0.01253034876569351,0.20673003642201832,0.0
SM8,5.1,-2.194162082790018,-0.0,0,-0.027515836188445036,-0.6075140500699774,0.0020310443680600088
SM8,5.1,-1.863076862036494,0.5,1,0.05510189657061491,0.15028102687275863,0.333116265121584
SM8,5.2,-2.1873989631738837,1.0,2,-0.012362392892103152,0.2072330717199243,0.0
SM8,5.2,-2.1837993612162636,-0.0,0,-0.02680825439694291,-0.6097976416831951,0.003599601957620102
SM8,5.2,-1.84235822343694,0.5,1,0.05382833742031155,0.15172030038799247,0.3450407397369437
SM8,5.5,-2.161633987148973,1.0,2,-0.011875286891808421,0.208684785959992,0.0
SM8,5.5,-2.153785579725114,-0.0,0,-0.024844765450208514,-0.6162287844635057,0.007848407423858728
SM8,5.5,-1.782072826759398,0.5,1,0.050116267592151015,0.15594619781926516,0.379561160389575
SM8,6.0,-2.120632537565727,1.0,0,-0.011117098243211923,0.21092706169506675,0.0
SM8,6.0,-2.1069972013153913,-0.0,0,-0.022030143694012596,-0.6257296041243424,0.013635336250335861
SM8,6.0,-1.6875884706266748,0.5,1,0.044316754990279185,0.16265919909490073,0.4330440669390523
SM8,6.5,-2.0818616569791435,1.0,2,-0.010421671574491403,0.21297060366369247,0.0
SM8,6.5,-2.0637252674036892,-0.0,0,-0.01968000829636566,-0.6339740415326058,0.01813638957545427
SM8,6.5,-1.6001375793794574,0.5,1,0.03902966090867241,0.1689288180892165,0.48172407759968605
SM8,7.0,-2.0451214073074104,1.0,2,-0.009783887950338912,0.2148384277455126,0.0
SM8,7.0,-2.02347788863357,-0.0,0,-0.017697952749368286,-0.6411993653242268,0.0216435186738404
SM8,7.0,-1.5191834031467453,0.5,1,0.0342649465168284,0.17473678183067368,0.5259380041606652
SM8,7.5,-2.010235552653841,1.0,2,-0.009198721331769471,0.21655039540384494,0.0
SM8,7.5,-1.9858608309885721,-0.0,0,-0.016010873402157476,-0.6475864434679536,0.024374721665268995
SM8,7.5,-1.4441918209495612,0.5,1,0.030012073405455825,0.1800814371644319,0.5660437317042799
SM8,8.0,-1.9770481767085677,1.0,2,-0.008661399740875876,0.2181237004964199,0.0
SM8,8.0,-1.9505532653597042,-0.0,0,-0.014562725337829189,-0.6532754610135,0.026494911348863504
SM8,8.0,-1.3746447260452108,0.5,1,0.026245555259340383,0.1849743372591878,0.6024034506633569
SM8,8.5,-1.9454208569587026,1.0,0,-0.008167485233222065,0.2195732728803152,0.0
SM8,8.5,-1.9172905473401638,-0.0,0,-0.013310063250205591,-0.6583767277468412,0.028130309618538796
SM8,8.5,-1.3100499740250435,0.5,1,0.02293019239047984,0.18943661687630695,0.6353708829336591
SM8,9.0,-1.9152302911371655,1.0,2,-0.007712905131408427,0.22091211494059487,0.0
SM8,9.0,-1.8858517460386008,-0.0,0,-0.012218843371148067,-0.6629782427691335,0.029378545098564635
SM8,9.0,-1.2499479353454461,0.5,1,0.020025507063292314,0.1934956409855555,0.6652823557917193
SM8,9.5,-1.8863662941151018,1.0,0,-0.007293954543529035,0.22215158336259558,0.0
SM8,9.5,-1.8560504464163317,-0.0,0,-0.011262112143210455,-0.6671510821751536,0.03031584769877016
SM8,9.5,-1.1939150811716193,0.5,1,0.017489182911122534,0.1971821958224696,0.6924512129434826
SM8,10.0,-1.858730100238175,1.0,0,-0.006907282556997859,0.2233016258293571,0.0
SM8,10.0,-1.827727851705259,-0.0,0,-0.010418320091909019,-0.6709533005326952,0.031002248532916
SM8,10.0,-1.1415652082850092,0.5,1,0.015279519781334768,0.20052831480853534,0.7171648919531659
