point_id,bath_key,variant,method,parity,eta,w0,w1,w2,w3,w4,w5,w6
cda7f1238d7592d25db2,43d62f5dadd5ef81371bbd8a713ecce359d75772d1c445479691bcf877f295c2,standard,2QP,0,1,0.49721983952667803,0.42651419223316944,0.07626596824015415,0.0,0.0,0.0,0.0
cda7f1238d7592d25db2,43d62f5dadd5ef81371bbd8a713ecce359d75772d1c445479691bcf877f295c2,standard,2QP,1,1,0.5856618389019514,0.3527048824115354,0.0616332786865129,0.0,0.0,0.0,0.0
cda7f1238d7592d25db2,43d62f5dadd5ef81371bbd8a713ecce359d75772d1c445479691bcf877f295c2,standard,4QP,0,1,0.3748585982901665,0.437738904497203,0.15782100482942346,0.027556433710122414,0.0020250586730824246,0.0,0.0
cda7f1238d7592d25db2,43d62f5dadd5ef81371bbd8a713ecce359d75772d1c445479691bcf877f295c2,standard,4QP,1,1,0.4194370775105099,0.3796181691835037,0.165107736425457,0.03297494234388017,0.0028620745366497394,0.0,0.0
cda7f1238d7592d25db2,43d62f5dadd5ef81371bbd8a713ecce359d75772d1c445479691bcf877f295c2,standard,6QP,0,1,0.37166100141137925,0.43651122586983954,0.15954004819296883,0.029327330736701816,0.002795419837675533,0.0001599520705275136,5.021880915332489e-06
cda7f1238d7592d25db2,43d62f5dadd5ef81371bbd8a713ecce359d75772d1c445479691bcf877f295c2,standard,6QP,1,1,0.4116422809927706,0.3779361668924146,0.16939402567006712,0.036401579292212195,0.004337341333412775,0.0002786362445292794,9.969574593698722e-06
4d700d1858d2dc17762a,43d62f5dadd5ef81371bbd8a713ecce359d75772d1c445479691bcf877f295c2,standard,2QP,0,1,0.2680999529967821,0.6219873031442977,0.10991274385891937,0.0,0.0,0.0,0.0
4d700d1858d2dc17762a,43d62f5dadd5ef81371bbd8a713ecce359d75772d1c445479691bcf877f295c2,standard,2QP,1,1,0.6826125762744253,0.2586680690634393,0.0587193546621345,0.0,0.0,0.0,0.0
4d700d1858d2dc17762a,43d62f5dadd5ef81371bbd8a713ecce359d75772d1c445479691bcf877f295c2,standard,4QP,0,1,0.16847936385951856,0.5644074253011795,0.2012939401512011,0.06048045674562872,0.00533881394247075,0.0,0.0
4d700d1858d2dc17762a,43d62f5dadd5ef81371bbd8a713ecce359d75772d1c445479691bcf877f295c2,standard,4QP,1,1,0.478758503227686,0.276624559497123,0.19981975062386284,0.03990925780860467,0.004887928842721205,0.0,0.0
4d700d1858d2dc17762a,43d62f5dadd5ef81371bbd8a713ecce359d75772d1c445479691bcf877f295c2,standard,6QP,0,1,0.16303874724907966,0.5552669063438271,0.20383536253139034,0.06854603022628908,0.008460359263299962,0.0008173015504414649,3.5292835676543265e-05
4d700d1858d2dc17762a,43d62f5dadd5ef81371bbd8a713ecce359d75772d1c445479691bcf877f295c2,standard,6QP,1,1,0.45826184946153614,0.27235252701412377,0.21219106439232474,0.04733623406369101,0.009080983375221013,0.0007374634923734302,3.987820072702675e-05
669d0063dd081fad9585,43d62f5dadd5ef81371bbd8a713ecce359d75772d1c445479691bcf877f295c2,standard,2QP,0,1,0.44256871711766854,0.4543175856759024,0.103113697206428,0.0,0.0,0.0,0.0
669d0063dd081fad9585,43d62f5dadd5ef81371bbd8a713ecce359d75772d1c445479691bcf877f295c2,standard,2QP,1,1,0.5059014529809833,0.40696143869509543,0.0871371083239212,0.0,0.0,0.0,0.0
669d0063dd081fad9585,43d62f5dadd5ef81371bbd8a713ecce359d75772d1c445479691bcf877f295c2,standard,4QP,0,1,0.2947588387612199,0.4384117111200583,0.21440801188010017,0.047895536657655995,0.004525901580969647,0.0,0.0
669d0063dd081fad9585,43d62f5dadd5ef81371bbd8a713ecce359d75772d1c445479691bcf877f295c2,standard,4QP,1,1,0.23288836430953233,0.38611326284107084,0.280601411570804,0.08936956539472357,0.011027395883871163,0.0,0.0
669d0063dd081fad9585,43d62f5dadd5ef81371bbd8a713ecce359d75772d1c445479691bcf877f295c2,standard,6QP,0,1,0.28820066582351633,0.43390693035129535,0.21779487381687132,0.05267804144771653,0.006855629408137835,0.0005404153061997239,2.3443846257845164e-05
669d0063dd081fad9585,43d62f5dadd5ef81371bbd8a713ecce359d75772d1c445479691bcf877f295c2,standard,6QP,1,1,0.17816373044821843,0.3576743084263106,0.3129799204134279,0.12328682486019224,0.024983710341490023,0.0027498945055913584,0.00016161100476074647
94d247c4cbbdbbecb52a,0bf1917f74d0bedb6ac168bffbc29aadb2cbc016ce0771ba3c5f00f8b44f9d1f,standard,2QP,0,1,0.41922279698370984,0.45916651536762343,0.1216106876486676,0.0,0.0,0.0,0.0
94d247c4cbbdbbecb52a,0bf1917f74d0bedb6ac168bffbc29aadb2cbc016ce0771ba3c5f00f8b44f9d1f,standard,2QP,1,1,0.4426617680994578,0.4450643164716307,0.11227391542891028,0.0,0.0,0.0,0.0
94d247c4cbbdbbecb52a,0bf1917f74d0bedb6ac168bffbc29aadb2cbc016ce0771ba3c5f00f8b44f9d1f,standard,4QP,0,1,0.2422332736576051,0.4152388737194298,0.2600243713749174,0.0736472629364098,0.008856218311635373,0.0,0.0
94d247c4cbbdbbecb52a,0bf1917f74d0bedb6ac168bffbc29aadb2cbc016ce0771ba3c5f00f8b44f9d1f,standard,4QP,1,1,0.15958988149096462,0.36848662136163335,0.32441068031920195,0.12833677834062066,0.019176038487582318,0.0,0.0
94d247c4cbbdbbecb52a,0bf1917f74d0bedb6ac168bffbc29aadb2cbc016ce0771ba3c5f00f8b44f9d1f,standard,6QP,0,1,0.2285973011710094,0.40262683765659774,0.2657636851812714,0.0856266324577501,0.015589585633447381,0.0016954115498041622,0.00010054635011316662
94d247c4cbbdbbecb52a,0bf1917f74d0bedb6ac168bffbc29aadb2cbc016ce0771ba3c5f00f8b44f9d1f,standard,6QP,1,1,0.06355145606560057,0.28096837022220233,0.36898512308115955,0.21347654626307486,0.06216630007840269,0.010036596782374127,0.0008156075072009353
3d60c184708405eb06db,43d62f5dadd5ef81371bbd8a713ecce359d75772d1c445479691bcf877f295c2,standard,2QP,0,1,0.6370951780059677,0.36120301077973915,0.0017018112142927273,0.0,0.0,0.0,0.0
3d60c184708405eb06db,43d62f5dadd5ef81371bbd8a713ecce359d75772d1c445479691bcf877f295c2,standard,2QP,1,1,0.9958236725427082,0.004164295587224489,1.2031870068859273e-05,0.0,0.0,0.0,0.0
3d60c184708405eb06db,43d62f5dadd5ef81371bbd8a713ecce359d75772d1c445479691bcf877f295c2,standard,4QP,0,1,0.636715006956476,0.361548138684163,0.00173196683663583,4.88195108505553e-06,5.57164037246212e-09,0.0,0.0
3d60c184708405eb06db,43d62f5dadd5ef81371bbd8a713ecce359d75772d1c445479691bcf877f295c2,standard,4QP,1,1,0.9958233310964616,0.004164493043994866,1.2159629392738343e-05,1.621666921611887e-08,1.3481282339950883e-11,0.0,0.0
3d60c184708405eb06db,43d62f5dadd5ef81371bbd8a713ecce359d75772d1c445479691bcf877f295c2,standard,6QP,0,1,0.6367150059971267,0.36154813947883124,0.0017319669191607904,4.882008352054244e-06,5.5926084048200196e-09,3.99765176442317e-12,1.4862801373205437e-15
3d60c184708405eb06db,43d62f5dadd5ef81371bbd8a713ecce359d75772d1c445479691bcf877f295c2,standard,6QP,1,1,0.9958233310960751,0.004164493044163492,1.2159629530558303e-05,1.621672922419733e-08,1.3516045678638336e-11,5.617634427836219e-15,1.4456846009010128e-18
b6f3d5f010beece04b28,43d62f5dadd5ef81371bbd8a713ecce359d75772d1c445479691bcf877f295c2,standard,2QP,0,1,0.3513286841623141,0.5336407482069317,0.11503056763075256,0.0,0.0,0.0,0.0
b6f3d5f010beece04b28,43d62f5dadd5ef81371bbd8a713ecce359d75772d1c445479691bcf877f295c2,standard,2QP,1,1,0.566803465970748,0.34728611678709714,0.08591041724215481,0.0,0.0,0.0,0.0
b6f3d5f010beece04b28,43d62f5dadd5ef81371bbd8a713ecce359d75772d1c445479691bcf877f295c2,standard,4QP,0,1,0.20134181571315446,0.4805444409599298,0.23643029968577225,0.07377618082105455,0.007907262820091241,0.0,0.0
b6f3d5f010beece04b28,43d62f5dadd5ef81371bbd8a713ecce359d75772d1c445479691bcf877f295c2,standard,4QP,1,1,0.2995115738774941,0.3356028857019407,0.2768704719440171,0.07729296940226535,0.010722099074282372,0.0,0.0
b6f3d5f010beece04b28,43d62f5dadd5ef81371bbd8a713ecce359d75772d1c445479691bcf877f295c2,standard,6QP,0,1,0.19007119123563926,0.4664719262574673,0.24107540089214047,0.08674230177051473,0.013987063863543356,0.0015676172728723433,8.449870782157796e-05
b6f3d5f010beece04b28,43d62f5dadd5ef81371bbd8a713ecce359d75772d1c445479691bcf877f295c2,standard,6QP,1,1,0.2611586562184543,0.315689934634326,0.29680073794519385,0.0997265777192861,0.023749368577190597,0.002693444279630067,0.00018128062591791052
d443c7cabb85d0a6ee0b,43d62f5dadd5ef81371bbd8a713ecce359d75772d1c445479691bcf877f295c2,standard,2QP,0,1,0.7939244252767274,0.19358365121587442,0.012491923507397288,0.0,0.0,0.0,0.0
d443c7cabb85d0a6ee0b,43d62f5dadd5ef81371bbd8a713ecce359d75772d1c445479691bcf877f295c2,standard,2QP,1,1,0.8577997035928734,0.13687702792610984,0.0053232684810163,0.0,0.0,0.0,0.0
d443c7cabb85d0a6ee0b,43d62f5dadd5ef81371bbd8a713ecce359d75772d1c445479691bcf877f295c2,standard,4QP,0,1,0.7866851170723551,0.19758892985238652,0.015336310673007631,0.00038489265681675535,4.749745435393826e-06,0.0,0.0
d443c7cabb85d0a6ee0b,43d62f5dadd5ef81371bbd8a713ecce359d75772d1c445479691bcf877f295c2,standard,4QP,1,1,0.8544469828748876,0.13895065082757158,0.0064198855321070045,0.00018004406776230485,2.4366976707763456e-06,0.0,0.0
d443c7cabb85d0a6ee0b,43d62f5dadd5ef81371bbd8a713ecce359d75772d1c445479691bcf877f295c2,standard,6QP,0,1,0.7866825675551898,0.1975898763860047,0.015337240014432459,0.0003853367843786478,4.942436449223246e-06,3.666193195975738e-08,1.6161909572385214e-10
d443c7cabb85d0a6ee0b,43d62f5dadd5ef81371bbd8a713ecce359d75772d1c445479691bcf877f295c2,standard,6QP,1,1,0.8544454853887934,0.13895128205273896,0.006420371566926374,0.00018029437982794766,2.546420590123217e-06,2.0100067258477004e-08,9.105196188502901e-11
a6bf070a2d8c7507fd31,43d62f5dadd5ef81371bbd8a713ecce359d75772d1c445479691bcf877f295c2,standard,2QP,0,1,0.41847310275992533,0.45984698600321666,0.12167991123685779,0.0,0.0,0.0,0.0
a6bf070a2d8c7507fd31,43d62f5dadd5ef81371bbd8a713ecce359d75772d1c445479691bcf877f295c2,standard,2QP,1,1,0.4435119025754536,0.4443153194912307,0.11217277793331538,0.0,0.0,0.0,0.0
a6bf070a2d8c7507fd31,43d62f5dadd5ef81371bbd8a713ecce359d75772d1c445479691bcf877f295c2,standard,4QP,0,1,0.24175306939706992,0.41572992850630347,0.25994458849211666,0.07371352274767308,0.008858890856835618,0.0,0.0
a6bf070a2d8c7507fd31,43d62f5dadd5ef81371bbd8a713ecce359d75772d1c445479691bcf877f295c2,standard,4QP,1,1,0.15981857693730095,0.3679089469410551,0.3247236806604919,0.12834939675850635,0.019199398702646937,0.0,0.0
a6bf070a2d8c7507fd31,43d62f5dadd5ef81371bbd8a713ecce359d75772d1c445479691bcf877f295c2,standard,6QP,0,1,0.2281385466565313,0.40309507854793947,0.2656683811608159,0.08570707413147777,0.015593248293694023,0.0016970654271946208,0.00010060578234336895
a6bf070a2d8c7507fd31,43d62f5dadd5ef81371bbd8a713ecce359d75772d1c445479691bcf877f295c2,standard,6QP,1,1,0.0645569840244691,0.2811613555713406,0.36884945613606684,0.21270102255104942,0.06193715872641036,0.009982869956933534,0.0008111530337259226
eec7644473a06c0b0df6,43d62f5dadd5ef81371bbd8a713ecce359d75772d1c445479691bcf877f295c2,standard,2QP,0,1,0.4753182679993463,0.430873613886896,0.09380811811375674,0.0,0.0,0.0,0.0
eec7644473a06c0b0df6,43d62f5dadd5ef81371bbd8a713ecce359d75772d1c445479691bcf877f295c2,standard,2QP,1,1,0.49348107697139465,0.41833264516200386,0.08818627786660377,0.0,0.0,0.0,0.0
eec7644473a06c0b0df6,43d62f5dadd5ef81371bbd8a713ecce359d75772d1c445479691bcf877f295c2,standard,4QP,0,1,0.308566354297457,0.4224283457185239,0.21412250284262477,0.04991742316184712,0.004965373979546421,0.0,0.0
eec7644473a06c0b0df6,43d62f5dadd5ef81371bbd8a713ecce359d75772d1c445479691bcf877f295c2,standard,4QP,1,1,0.2635315815280941,0.406898614715587,0.24903059009219655,0.0722166401059839,0.00832257355813791,0.0,0.0
eec7644473a06c0b0df6,43d62f5dadd5ef81371bbd8a713ecce359d75772d1c445479691bcf877f295c2,standard,6QP,0,1,0.2994971556780625,0.41684800025942176,0.21877380819806103,0.056149618405705384,0.008024301803667448,0.0006758402310195608,3.127542405313322e-05
eec7644473a06c0b0df6,43d62f5dadd5ef81371bbd8a713ecce359d75772d1c445479691bcf877f295c2,standard,6QP,1,1,0.24077107400500403,0.392707840922735,0.2607672465679417,0.08814460566833064,0.015904156578351585,0.0016181080049502536,8.696825268267357e-05
b40d871853137652c1f2,43d62f5dadd5ef81371bbd8a713ecce359d75772d1c445479691bcf877f295c2,standard,2QP,0,1,0.9382126823890289,0.06055902768517897,0.0012282899257907054,0.0,0.0,0.0,0.0
b40d871853137652c1f2,43d62f5dadd5ef81371bbd8a713ecce359d75772d1c445479691bcf877f295c2,standard,2QP,1,1,0.9537206417769313,0.045560645695820155,0.0007187125272504202,0.0,0.0,0.0,0.0
b40d871853137652c1f2,43d62f5dadd5ef81371bbd8a713ecce359d75772d1c445479691bcf877f295c2,standard,4QP,0,1,0.937933037522033,0.06074403274830431,0.0013116486214937886,1.123298367032854e-05,4.812449909895804e-08,0.0,0.0
b40d871853137652c1f2,43d62f5dadd5ef81371bbd8a713ecce359d75772d1c445479691bcf877f295c2,standard,4QP,1,1,0.9535530571849831,0.04567392731594371,0.0007659920977322606,6.991039353402646e-06,3.2361985408587333e-08,0.0,0.0
b40d871853137652c1f2,43d62f5dadd5ef81371bbd8a713ecce359d75772d1c445479691bcf877f295c2,standard,6QP,0,1,0.9379330271373308,0.06074403796959603,0.0013116515192075435,1.1234454932075934e-05,4.8799381411941006e-08,1.193896727698752e-10,1.7099604645942761e-13
b40d871853137652c1f2,43d62f5dadd5ef81371bbd8a713ecce359d75772d1c445479691bcf877f295c2,standard,6QP,1,1,0.9535530499862822,0.04567393098425922,0.0007659940370211893,6.992062931923191e-06,3.284620104860692e-08,8.319442400923584e-11,1.2047891131570929e-13
cae9ec11a3d8006da926,43d62f5dadd5ef81371bbd8a713ecce359d75772d1c445479691bcf877f295c2,standard,2QP,0,1,0.8047495616988029,0.18384070685686657,0.011409731444329382,0.0,0.0,0.0,0.0
cae9ec11a3d8006da926,43d62f5dadd5ef81371bbd8a713ecce359d75772d1c445479691bcf877f295c2,standard,2QP,1,1,0.8544966514126615,0.13839285644040789,0.007110492146931323,0.0,0.0,0.0,0.0
cae9ec11a3d8006da926,43d62f5dadd5ef81371bbd8a713ecce359d75772d1c445479691bcf877f295c2,standard,4QP,0,1,0.7968089689219049,0.18833055198067397,0.014397990506617504,0.0004555082085463789,6.980382255841295e-06,0.0,0.0
cae9ec11a3d8006da926,43d62f5dadd5ef81371bbd8a713ecce359d75772d1c445479691bcf877f295c2,standard,4QP,1,1,0.8490074303149531,0.14164157416505457,0.009037836483041118,0.0003079883252199931,5.170711730151997e-06,0.0,0.0
cae9ec11a3d8006da926,43d62f5dadd5ef81371bbd8a713ecce359d75772d1c445479691bcf877f295c2,standard,6QP,0,1,0.796804391784816,0.18833224095789314,0.01439959646875047,0.0004563511895115275,7.351890931421152e-06,6.735019340653445e-08,3.579085542771966e-10
cae9ec11a3d8006da926,43d62f5dadd5ef81371bbd8a713ecce359d75772d1c445479691bcf877f295c2,standard,6QP,1,1,0.8490036188654932,0.1416430974684275,0.009039113112831187,0.00030864735335338773,5.470671990558061e-06,5.224289653756137e-08,2.849993292850938e-10
9b64fe57e3791db23146,0bf1917f74d0bedb6ac168bffbc29aadb2cbc016ce0771ba3c5f00f8b44f9d1f,standard,2QP,0,1,0.3302402191991543,0.5422912548851794,0.12746852591566862,0.0,0.0,0.0,0.0
9b64fe57e3791db23146,0bf1917f74d0bedb6ac168bffbc29aadb2cbc016ce0771ba3c5f00f8b44f9d1f,standard,2QP,1,1,0.5402923350815779,0.36091173081201017,0.0987959341064114,0.0,0.0,0.0,0.0
9b64fe57e3791db23146,0bf1917f74d0bedb6ac168bffbc29aadb2cbc016ce0771ba3c5f00f8b44f9d1f,standard,4QP,0,1,0.1891036114616044,0.4749881710474058,0.24664819190344076,0.08030973840889018,0.008950287178655479,0.0,0.0
9b64fe57e3791db23146,0bf1917f74d0bedb6ac168bffbc29aadb2cbc016ce0771ba3c5f00f8b44f9d1f,standard,4QP,1,1,0.23114732529051168,0.31873905420674115,0.3269951044732265,0.10616180971666768,0.016956706312852017,0.0,0.0
9b64fe57e3791db23146,0bf1917f74d0bedb6ac168bffbc29aadb2cbc016ce0771ba3c5f00f8b44f9d1f,standard,6QP,0,1,0.17821364247984436,0.45988826621514356,0.25061816577664897,0.09375180820205453,0.015581783210151091,0.0018424523469726117,0.00010388176917903468
9b64fe57e3791db23146,0bf1917f74d0bedb6ac168bffbc29aadb2cbc016ce0771ba3c5f00f8b44f9d1f,standard,6QP,1,1,0.13221610224668487,0.2573976365369347,0.37986162103436527,0.16935593374985666,0.05305028388709583,0.007489509230691568,0.0006289133143811543
3f95fec504ff279c9335,43d62f5dadd5ef81371bbd8a713ecce359d75772d1c445479691bcf877f295c2,standard,2QP,0,1,0.025311764692906778,0.9324935673650657,0.042194667942028,0.0,0.0,0.0,0.0
3f95fec504ff279c9335,43d62f5dadd5ef81371bbd8a713ecce359d75772d1c445479691bcf877f295c2,standard,2QP,1,1,0.9488673937668292,0.04764576899514854,0.0034868372380194943,0.0,0.0,0.0,0.0
3f95fec504ff279c9335,43d62f5dadd5ef81371bbd8a713ecce359d75772d1c445479691bcf877f295c2,standard,4QP,0,1,0.02472103999621467,0.91915163534143,0.05111123083093646,0.004899027168432387,0.00011706666299672108,0.0,0.0
3f95fec504ff279c9335,43d62f5dadd5ef81371bbd8a713ecce359d75772d1c445479691bcf877f295c2,standard,4QP,1,1,0.9468274844695272,0.04831820724855069,0.004716508873064306,0.0001342427403445447,3.5566685155086335e-06,0.0,0.0
3f95fec504ff279c9335,43d62f5dadd5ef81371bbd8a713ecce359d75772d1c445479691bcf877f295c2,standard,6QP,0,1,0.02471656420190508,0.9190736848765859,0.05113077314222358,0.004947492813926178,0.00012830066140247096,3.1524763416739036e-06,3.1827615727789395e-08
3f95fec504ff279c9335,43d62f5dadd5ef81371bbd8a713ecce359d75772d1c445479691bcf877f295c2,standard,6QP,1,1,0.9468248990767724,0.048318659599010966,0.004717922329876101,0.0001346138497694894,3.860581829260728e-06,4.417371622529257e-08,3.8902235907540345e-10
bd171c7162e12b2ab764,43d62f5dadd5ef81371bbd8a713ecce359d75772d1c445479691bcf877f295c2,standard,2QP,0,1,0.7715005153594656,0.2151048120337682,0.013394672606766496,0.0,0.0,0.0,0.0
bd171c7162e12b2ab764,43d62f5dadd5ef81371bbd8a713ecce359d75772d1c445479691bcf877f295c2,standard,2QP,1,1,0.8747379711326775,0.11923251997240751,0.006029508894914521,0.0,0.0,0.0,0.0
bd171c7162e12b2ab764,43d62f5dadd5ef81371bbd8a713ecce359d75772d1c445479691bcf877f295c2,standard,4QP,0,1,0.7617764391915716,0.22068108188344765,0.016967646351351697,0.0005660183353468441,8.81423827762873e-06,0.0,0.0
bd171c7162e12b2ab764,43d62f5dadd5ef81371bbd8a713ecce359d75772d1c445479691bcf877f295c2,standard,4QP,1,1,0.8704356509345403,0.12171761218773103,0.00759916048238554,0.0002435658509888658,4.010544356430789e-06,0.0,0.0
bd171c7162e12b2ab764,43d62f5dadd5ef81371bbd8a713ecce359d75772d1c445479691bcf877f295c2,standard,6QP,0,1,0.7617705017386068,0.22068328114069036,0.01696968800299511,0.0005671465292671176,9.294056589103415e-06,8.805529096653317e-08,4.765560203106166e-10
bd171c7162e12b2ab764,43d62f5dadd5ef81371bbd8a713ecce359d75772d1c445479691bcf877f295c2,standard,6QP,1,1,0.8704328612271202,0.12171869306478338,0.007600124859818844,0.00024404467102250488,4.236987646387884e-06,3.898148487943033e-08,2.0812284019090438e-10
715c5bfd4586cd5b7789,43d62f5dadd5ef81371bbd8a713ecce359d75772d1c445479691bcf877f295c2,standard,2QP,0,1,0.5417914027284132,0.3923486026946632,0.06585999457692424,0.0,0.0,0.0,0.0
715c5bfd4586cd5b7789,43d62f5dadd5ef81371bbd8a713ecce359d75772d1c445479691bcf877f295c2,standard,2QP,1,1,0.6095569053749547,0.34251246275474967,0.04793063187029492,0.0,0.0,0.0,0.0
715c5bfd4586cd5b7789,43d62f5dadd5ef81371bbd8a713ecce359d75772d1c445479691bcf877f295c2,standard,4QP,0,1,0.4563215402991591,0.4085213499614299,0.12021334403118768,0.014182072662609176,0.0007616930456146492,0.0,0.0
715c5bfd4586cd5b7789,43d62f5dadd5ef81371bbd8a713ecce359d75772d1c445479691bcf877f295c2,standard,4QP,1,1,0.4890552145684925,0.3734076839146745,0.11679557525921297,0.01942885306373408,0.0013126731938910103,0.0,0.0
715c5bfd4586cd5b7789,43d62f5dadd5ef81371bbd8a713ecce359d75772d1c445479691bcf877f295c2,standard,6QP,0,1,0.4553830827099457,0.40835237377305494,0.12072228722843331,0.014574982167322233,0.000931480666025517,3.5034202125161643e-05,7.592530938573437e-07
715c5bfd4586cd5b7789,43d62f5dadd5ef81371bbd8a713ecce359d75772d1c445479691bcf877f295c2,standard,6QP,1,1,0.4851623947694339,0.37332558263021753,0.11893333598872272,0.020723992249779277,0.0017688713184420483,8.361187054371822e-05,2.2111728624448296e-06
74e9b5a03315cc2a5a75,2854eeaecd1a9c2eb43945571c0fa36dfddf9b296eb68eec79d912dbce5e697b,standard,2QP,0,1,0.7241368818985908,0.25676625590138813,0.01909686220002118,0.0,0.0,0.0,0.0
74e9b5a03315cc2a5a75,2854eeaecd1a9c2eb43945571c0fa36dfddf9b296eb68eec79d912dbce5e697b,standard,2QP,1,1,0.8598981682291275,0.1339970542342092,0.006104777536664048,0.0,0.0,0.0,0.0
74e9b5a03315cc2a5a75,2854eeaecd1a9c2eb43945571c0fa36dfddf9b296eb68eec79d912dbce5e697b,standard,4QP,0,1,0.7109173091785109,0.2638249166370717,0.024451628281728116,0.0007939069557956536,1.2238946894396695e-05,0.0,0.0
74e9b5a03315cc2a5a75,2854eeaecd1a9c2eb43945571c0fa36dfddf9b296eb68eec79d912dbce5e697b,standard,4QP,1,1,0.8559311234055427,0.13632609958389444,0.00750745371733973,0.00023175714647706471,3.566146744936537e-06,0.0,0.0
74e9b5a03315cc2a5a75,2854eeaecd1a9c2eb43945571c0fa36dfddf9b296eb68eec79d912dbce5e697b,standard,6QP,0,1,0.710909417151925,0.26382759909841114,0.024454561292443916,0.000795416760417069,1.288217570817744e-05,1.2284031991214238e-07,6.8077533996646e-10
74e9b5a03315cc2a5a75,2854eeaecd1a9c2eb43945571c0fa36dfddf9b296eb68eec79d912dbce5e697b,standard,6QP,1,1,0.8559287852670564,0.1363270382046443,0.007508244412780948,0.00023215033592924496,3.748473045700391e-06,3.313720769863934e-08,1.6933291884635625e-10
0cd4553feb5a1d22f74f,43d62f5dadd5ef81371bbd8a713ecce359d75772d1c445479691bcf877f295c2,standard,2QP,0,1,0.4213161380952498,0.46258192282795746,0.11610193907679334,0.0,0.0,0.0,0.0
0cd4553feb5a1d22f74f,43d62f5dadd5ef81371bbd8a713ecce359d75772d1c445479691bcf877f295c2,standard,2QP,1,1,0.46732479653876335,0.4290800204796588,0.1035951829815781,0.0,0.0,0.0,0.0
0cd4553feb5a1d22f74f,43d62f5dadd5ef81371bbd8a713ecce359d75772d1c445479691bcf877f295c2,standard,4QP,0,1,0.25437669870783025,0.42698687678973923,0.24583974984661447,0.06549180298542467,0.007304871670389377,0.0,0.0
0cd4553feb5a1d22f74f,43d62f5dadd5ef81371bbd8a713ecce359d75772d1c445479691bcf877f295c2,standard,4QP,1,1,0.17951741117710712,0.37106114642329086,0.3159731105892352,0.11681087888426046,0.01663745292610824,0.0,0.0
0cd4553feb5a1d22f74f,43d62f5dadd5ef81371bbd8a713ecce359d75772d1c445479691bcf877f295c2,standard,6QP,0,1,0.24341452694637009,0.41745174401355867,0.2508339187318458,0.0747792488427577,0.01224068541500437,0.0012144579393946345,6.541811107422678e-05
0cd4553feb5a1d22f74f,43d62f5dadd5ef81371bbd8a713ecce359d75772d1c445479691bcf877f295c2,standard,6QP,1,1,0.09611409143425413,0.3069588937934078,0.3593467100760997,0.18236619472755566,0.04786606183272384,0.00684161708011723,0.0005064310558449626
7d185e964d1b958d38b6,43d62f5dadd5ef81371bbd8a713ecce359d75772d1c445479691bcf877f295c2,standard,2QP,0,1,0.5921328028272952,0.3610307624836373,0.04683643468906733,0.0,0.0,0.0,0.0
7d185e964d1b958d38b6,43d62f5dadd5ef81371bbd8a713ecce359d75772d1c445479691bcf877f295c2,standard,2QP,1,1,0.7188176173579222,0.2559343574770689,0.025248025165008944,0.0,0.0,0.0,0.0
7d185e964d1b958d38b6,43d62f5dadd5ef81371bbd8a713ecce359d75772d1c445479691bcf877f295c2,standard,4QP,0,1,0.542608195764029,0.3773532422135423,0.07421222047630308,0.005630421027869787,0.00019592051825827162,0.0,0.0
7d185e964d1b958d38b6,43d62f5dadd5ef81371bbd8a713ecce359d75772d1c445479691bcf877f295c2,standard,4QP,1,1,0.6780891407734411,0.27318161163061777,0.04453930641233711,0.004024922727689447,0.00016501845591390037,0.0,0.0
7d185e964d1b958d38b6,43d62f5dadd5ef81371bbd8a713ecce359d75772d1c445479691bcf877f295c2,standard,6QP,0,1,0.5424153747316146,0.3773593992383357,0.07430726507859817,0.005691490922183252,0.00022130958159501219,5.092707382966789e-06,6.774028167039871e-08
7d185e964d1b958d38b6,43d62f5dadd5ef81371bbd8a713ecce359d75772d1c445479691bcf877f295c2,standard,6QP,1,1,0.6778089750937772,0.27323339073718833,0.044668708040422285,0.004092155076165581,0.0001917831672355097,4.915276391937916e-06,7.260881868871516e-08
b457e6eebb5f327df2c1,43d62f5dadd5ef81371bbd8a713ecce359d75772d1c445479691bcf877f295c2,standard,2QP,0,1,0.06717543577134827,0.8748152808379308,0.058009283390720624,0.0,0.0,0.0,0.0
b457e6eebb5f327df2c1,43d62f5dadd5ef81371bbd8a713ecce359d75772d1c445479691bcf877f295c2,standard,2QP,1,1,0.9246299243321051,0.06944503969094949,0.0059250359769479006,0.0,0.0,0.0,0.0
b457e6eebb5f327df2c1,43d62f5dadd5ef81371bbd8a713ecce359d75772d1c445479691bcf877f295c2,standard,4QP,0,1,0.06286355150667856,0.855590776719301,0.07354117548299202,0.007780686435118471,0.00022380985590473253,0.0,0.0
b457e6eebb5f327df2c1,43d62f5dadd5ef81371bbd8a713ecce359d75772d1c445479691bcf877f295c2,standard,4QP,1,1,0.9201842225317027,0.07096487528666294,0.008510160653876888,0.0003301156059349608,1.0625921821227042e-05,0.0,0.0
b457e6eebb5f327df2c1,43d62f5dadd5ef81371bbd8a713ecce359d75772d1c445479691bcf877f295c2,standard,6QP,0,1,0.06283838643087085,0.8554425812519074,0.07358541133026644,0.00787768906764433,0.00024906807832447724,6.782456957260059e-06,8.138402958199347e-08
b457e6eebb5f327df2c1,43d62f5dadd5ef81371bbd8a713ecce359d75772d1c445479691bcf877f295c2,standard,6QP,1,1,0.9201744814482689,0.07096654333476066,0.008515439985658353,0.00033164176977888796,1.1718368392131779e-05,1.7318602348525433e-07,1.9071141890262884e-09
dc9fe0f89e6b8885bbd6,43d62f5dadd5ef81371bbd8a713ecce359d75772d1c445479691bcf877f295c2,standard,2QP,0,1,0.5982144513691462,0.3509629221475771,0.05082262648327531,0.0,0.0,0.0,0.0
dc9fe0f89e6b8885bbd6,43d62f5dadd5ef81371bbd8a713ecce359d75772d1c445479691bcf877f295c2,standard,2QP,1,1,0.6323172231333191,0.32424275026766397,0.04344002659901552,0.0,0.0,0.0,0.0
dc9fe0f89e6b8885bbd6,43d62f5dadd5ef81371bbd8a713ecce359d75772d1c445479691bcf877f295c2,standard,4QP,0,1,0.522772447525922,0.37241150832148223,0.09388418430902187,0.010405049479637121,0.000526810363934497,0.0,0.0
dc9fe0f89e6b8885bbd6,43d62f5dadd5ef81371bbd8a713ecce359d75772d1c445479691bcf877f295c2,standard,4QP,1,1,0.5383872576355551,0.3547628131087823,0.09347703514418673,0.012632032195999182,0.0007408619154806226,0.0,0.0
dc9fe0f89e6b8885bbd6,43d62f5dadd5ef81371bbd8a713ecce359d75772d1c445479691bcf877f295c2,standard,6QP,0,1,0.5220213785097652,0.37237610269957094,0.09426364880875993,0.01067392138091014,0.0006422272461506674,2.2280430538384055e-05,4.4092430772229614e-07
dc9fe0f89e6b8885bbd6,43d62f5dadd5ef81371bbd8a713ecce359d75772d1c445479691bcf877f295c2,standard,6QP,1,1,0.5368461921084297,0.3547954617409275,0.09424123815350496,0.013134379840805975,0.0009445647818320836,3.7343468378795036e-05,8.199061221578614e-07
123fe106d4af670a206f,43d62f5dadd5ef81371bbd8a713ecce359d75772d1c445479691bcf877f295c2,standard,2QP,0,1,0.035322170160375206,0.9217180412558621,0.04295978858376669,0.0,0.0,0.0,0.0
123fe106d4af670a206f,43d62f5dadd5ef81371bbd8a713ecce359d75772d1c445479691bcf877f295c2,standard,2QP,1,1,0.950000173162738,0.047072930024046375,0.0029268968132203058,0.0,0.0,0.0,0.0
123fe106d4af670a206f,43d62f5dadd5ef81371bbd8a713ecce359d75772d1c445479691bcf877f295c2,standard,4QP,0,1,0.03445351193853839,0.9103510180961685,0.05121731672501579,0.0038967678619478475,8.138537833528645e-05,0.0,0.0
123fe106d4af670a206f,43d62f5dadd5ef81371bbd8a713ecce359d75772d1c445479691bcf877f295c2,standard,4QP,1,1,0.9485689813673664,0.047585328693861804,0.003747258555148923,9.629903362173667e-05,2.132349998462147e-06,0.0,0.0
123fe106d4af670a206f,43d62f5dadd5ef81371bbd8a713ecce359d75772d1c445479691bcf877f295c2,standard,6QP,0,1,0.03444990852113844,0.9103092764429639,0.051229391338092164,0.003922029418748283,8.765382138432019e-05,1.7256825316859115e-06,1.477514480405029e-08
123fe106d4af670a206f,43d62f5dadd5ef81371bbd8a713ecce359d75772d1c445479691bcf877f295c2,standard,6QP,1,1,0.9485677085520055,0.04758557734661424,0.003747929861275056,9.648604387133006e-05,2.2756339021565527e-06,2.2396500603116027e-08,1.658264688526012e-10
afbff8ddaa92fc5fddb0,43d62f5dadd5ef81371bbd8a713ecce359d75772d1c445479691bcf877f295c2,standard,2QP,0,1,0.612470061028248,0.35061673394841286,0.03691320502333552,0.0,0.0,0.0,0.0
afbff8ddaa92fc5fddb0,43d62f5dadd5ef81371bbd8a713ecce359d75772d1c445479691bcf877f295c2,standard,2QP,1,1,0.78427112996277,0.19724000132204195,0.018488868715193098,0.0,0.0,0.0,0.0
afbff8ddaa92fc5fddb0,43d62f5dadd5ef81371bbd8a713ecce359d75772d1c445479691bcf877f295c2,standard,4QP,0,1,0.5711980181613642,0.3675802961401836,0.056907793435796064,0.004179445486660136,0.00013444677599312163,0.0,0.0
afbff8ddaa92fc5fddb0,43d62f5dadd5ef81371bbd8a713ecce359d75772d1c445479691bcf877f295c2,standard,4QP,1,1,0.7585204120765355,0.2091805828103507,0.0301244902327818,0.0021006392353453635,7.387564498516136e-05,0.0,0.0
afbff8ddaa92fc5fddb0,43d62f5dadd5ef81371bbd8a713ecce359d75772d1c445479691bcf877f295c2,standard,6QP,0,1,0.5710579215046955,0.3675970201644226,0.05696954608333182,0.004221005875769996,0.000151249675232325,3.2184545202890567e-06,3.824203563028266e-08
afbff8ddaa92fc5fddb0,43d62f5dadd5ef81371bbd8a713ecce359d75772d1c445479691bcf877f295c2,standard,6QP,1,1,0.7584187394814099,0.20920516817191107,0.0301679782753248,0.002122519864952245,8.383767338166148e-05,1.735573567174613e-06,2.0959449669806484e-08
22cc14e95266a6edb5f8,43d62f5dadd5ef81371bbd8a713ecce359d75772d1c445479691bcf877f295c2,standard,2QP,0,1,0.5546958620944568,0.3816733660426431,0.0636307718628999,0.0,0.0,0.0,0.0
22cc14e95266a6edb5f8,43d62f5dadd5ef81371bbd8a713ecce359d75772d1c445479691bcf877f295c2,standard,2QP,1,1,0.5835146027643131,0.35995301491929677,0.05653238231638941,0.0,0.0,0.0,0.0
22cc14e95266a6edb5f8,43d62f5dadd5ef81371bbd8a713ecce359d75772d1c445479691bcf877f295c2,standard,4QP,0,1,0.45093538105064884,0.40133511746186856,0.12823174046791477,0.01832696036680763,0.0011708006527540134,0.0,0.0
22cc14e95266a6edb5f8,43d62f5dadd5ef81371bbd8a713ecce359d75772d1c445479691bcf877f295c2,standard,4QP,1,1,0.4443348725367908,0.3906813131528307,0.13855298449924516,0.024598149106563303,0.001832680704564847,0.0,0.0
22cc14e95266a6edb5f8,43d62f5dadd5ef81371bbd8a713ecce359d75772d1c445479691bcf877f295c2,standard,6QP,0,1,0.4490776282399546,0.4009636063994473,0.12921845728793838,0.019141380609801847,0.0015264353376636943,7.064395611377577e-05,1.8481690753119778e-06
22cc14e95266a6edb5f8,43d62f5dadd5ef81371bbd8a713ecce359d75772d1c445479691bcf877f295c2,standard,6QP,1,1,0.43992924566900454,0.39006140595686767,0.14089666113643942,0.02640084091465364,0.0025693208991506887,0.00013843300939270434,4.092414490756175e-06
4f10f843c1cb28c2b361,43d62f5dadd5ef81371bbd8a713ecce359d75772d1c445479691bcf877f295c2,standard,2QP,0,1,0.004086328057711377,0.9931773044365639,0.0027363675057257807,0.0,0.0,0.0,0.0
4f10f843c1cb28c2b361,43d62f5dadd5ef81371bbd8a713ecce359d75772d1c445479691bcf877f295c2,standard,2QP,1,1,0.9974329937307718,0.0025619483678977987,5.057901331098352e-06,0.0,0.0,0.0,0.0
4f10f843c1cb28c2b361,43d62f5dadd5ef81371bbd8a713ecce359d75772d1c445479691bcf877f295c2,standard,4QP,0,1,0.004086288901356372,0.993143978257605,0.0027640906724168894,5.637356486080097e-06,4.812134147397361e-09,0.0,0.0
4f10f843c1cb28c2b361,43d62f5dadd5ef81371bbd8a713ecce359d75772d1c445479691bcf877f295c2,standard,4QP,1,1,0.9974329051741965,0.0025619956511523474,5.094605371247017e-06,4.566525541928353e-09,2.7527146099930552e-12,0.0,0.0
4f10f843c1cb28c2b361,43d62f5dadd5ef81371bbd8a713ecce359d75772d1c445479691bcf877f295c2,standard,6QP,0,1,0.004086288900587708,0.9931439781618084,0.0027640907146293135,5.637395109727959e-06,4.8251304471856995e-09,2.797780434702696e-12,8.086356885445175e-16
4f10f843c1cb28c2b361,43d62f5dadd5ef81371bbd8a713ecce359d75772d1c445479691bcf877f295c2,standard,6QP,1,1,0.9974329051741745,0.0025619956511714584,5.094605391508029e-06,4.566533358955447e-09,2.757616607497777e-12,8.16521285006023e-16,1.5752663227354342e-19
7a65ccc305352db0e975,43d62f5dadd5ef81371bbd8a713ecce359d75772d1c445479691bcf877f295c2,standard,2QP,0,1,0.7009808518888166,0.28102441372291675,0.017994734388265266,0.0,0.0,0.0,0.0
7a65ccc305352db0e975,43d62f5dadd5ef81371bbd8a713ecce359d75772d1c445479691bcf877f295c2,standard,2QP,1,1,0.8991385731492073,0.09717006577002094,0.00369136108077346,0.0,0.0,0.0,0.0
7a65ccc305352db0e975,43d62f5dadd5ef81371bbd8a713ecce359d75772d1c445479691bcf877f295c2,standard,4QP,0,1,0.6899995035465475,0.2872080088451663,0.022164684176510314,0.0006198804828737724,7.92294889531045e-06,0.0,0.0
7a65ccc305352db0e975,43d62f5dadd5ef81371bbd8a713ecce359d75772d1c445479691bcf877f295c2,standard,4QP,1,1,0.8971974570824478,0.09830551431741216,0.004387631903241813,0.00010800010067674495,1.3965962231221757e-06,0.0,0.0
7a65ccc305352db0e975,43d62f5dadd5ef81371bbd8a713ecce359d75772d1c445479691bcf877f295c2,standard,6QP,0,1,0.6899951397715625,0.28720958745029856,0.02216622726522418,0.0006207189488965163,8.260490666972509e-06,6.577208852106638e-08,3.0126689819823346e-10
7a65ccc305352db0e975,43d62f5dadd5ef81371bbd8a713ecce359d75772d1c445479691bcf877f295c2,standard,6QP,1,1,0.8971967144948347,0.09830580529406424,0.004387890806054575,0.00010812333688564325,1.4554805424570518e-06,1.054229329982814e-08,4.53220273746137e-11
17187b681c990b372346,43d62f5dadd5ef81371bbd8a713ecce359d75772d1c445479691bcf877f295c2,standard,2QP,0,1,0.4072523185038297,0.4706270524338853,0.12212062906228478,0.0,0.0,0.0,0.0
17187b681c990b372346,43d62f5dadd5ef81371bbd8a713ecce359d75772d1c445479691bcf877f295c2,standard,2QP,1,1,0.45168750672607494,0.4339832693635776,0.11432922391034957,0.0,0.0,0.0,0.0
17187b681c990b372346,43d62f5dadd5ef81371bbd8a713ecce359d75772d1c445479691bcf877f295c2,standard,4QP,0,1,0.21219568325405624,0.4124872375727627,0.27402718892681377,0.08957941738082668,0.011710472865542498,0.0,0.0
17187b681c990b372346,43d62f5dadd5ef81371bbd8a713ecce359d75772d1c445479691bcf877f295c2,standard,4QP,1,1,0.1879610530010087,0.36815279993143396,0.3115770549695629,0.11491391796497921,0.01739517413301725,0.0,0.0
17187b681c990b372346,43d62f5dadd5ef81371bbd8a713ecce359d75772d1c445479691bcf877f295c2,standard,6QP,0,1,0.1915201092051613,0.3899561329775488,0.28125370772751546,0.11027399725909108,0.02366539467115829,0.0031173598753566245,0.00021329828417699655
17187b681c990b372346,43d62f5dadd5ef81371bbd8a713ecce359d75772d1c445479691bcf877f295c2,standard,6QP,1,1,0.14104050296849985,0.32022378691183395,0.3272474779583824,0.1591840035623532,0.044805314199325,0.006937504555890636,0.000561409843710497
b55437ba87f0a2160f7a,43d62f5dadd5ef81371bbd8a713ecce359d75772d1c445479691bcf877f295c2,standard,2QP,0,1,0.5358880026545368,0.39830337351304484,0.0658086238324175,0.0,0.0,0.0,0.0
b55437ba87f0a2160f7a,43d62f5dadd5ef81371bbd8a713ecce359d75772d1c445479691bcf877f295c2,standard,2QP,1,1,0.6035983272020071,0.34240728713592583,0.05399438566206485,0.0,0.0,0.0,0.0
b55437ba87f0a2160f7a,43d62f5dadd5ef81371bbd8a713ecce359d75772d1c445479691bcf877f295c2,standard,4QP,0,1,0.4318241053505842,0.41664578432808147,0.13112242245820352,0.01918484332753536,0.0012228445355959223,0.0,0.0
b55437ba87f0a2160f7a,43d62f5dadd5ef81371bbd8a713ecce359d75772d1c445479691bcf877f295c2,standard,4QP,1,1,0.46865539307391896,0.37348804280302744,0.1332342972442845,0.02291403682806017,0.0017082300507096865,0.0,0.0
b55437ba87f0a2160f7a,43d62f5dadd5ef81371bbd8a713ecce359d75772d1c445479691bcf877f295c2,standard,6QP,0,1,0.42994661013919966,0.41620844837156107,0.13211933409523444,0.02005298034020101,0.0015958054076766583,7.486061582464967e-05,1.9610303160552158e-06
b55437ba87f0a2160f7a,43d62f5dadd5ef81371bbd8a713ecce359d75772d1c445479691bcf877f295c2,standard,6QP,1,1,0.4644398052346092,0.373008465399158,0.13548163337587726,0.02455098145521569,0.0023888876107473218,0.00012650074095766348,3.726183433830586e-06
ca7195629aecc363425a,43d62f5dadd5ef81371bbd8a713ecce359d75772d1c445479691bcf877f295c2,standard,2QP,0,1,0.3914544712433512,0.4850115456054077,0.12353398315123998,0.0,0.0,0.0,0.0
ca7195629aecc363425a,43d62f5dadd5ef81371bbd8a713ecce359d75772d1c445479691bcf877f295c2,standard,2QP,1,1,0.4685161940054364,0.4193365594339313,0.11214724656063361,0.0,0.0,0.0,0.0
ca7195629aecc363425a,43d62f5dadd5ef81371bbd8a713ecce359d75772d1c445479691bcf877f295c2,standard,4QP,0,1,0.20321380621794524,0.4223186539944878,0.2716522212300143,0.0910670556559798,0.01174826290157557,0.0,0.0
ca7195629aecc363425a,43d62f5dadd5ef81371bbd8a713ecce359d75772d1c445479691bcf877f295c2,standard,4QP,1,1,0.19775744930301914,0.35894273378433883,0.31369546146922594,0.11236680725224266,0.017237548191171764,0.0,0.0
ca7195629aecc363425a,43d62f5dadd5ef81371bbd8a713ecce359d75772d1c445479691bcf877f295c2,standard,6QP,0,1,0.18331950304897984,0.3990743225212008,0.2783462468140348,0.11219626942923126,0.023680677650825807,0.003168138629477627,0.00021484190624502841
ca7195629aecc363425a,43d62f5dadd5ef81371bbd8a713ecce359d75772d1c445479691bcf877f295c2,standard,6QP,1,1,0.14898959078561005,0.31260557937814837,0.33083186034284945,0.15563442543471256,0.044600857015794436,0.006783713538666298,0.0005539735042239174
062ae5eb455f8b9fbb7c,43d62f5dadd5ef81371bbd8a713ecce359d75772d1c445479691bcf877f295c2,standard,2QP,0,1,0.9830142671184744,0.016904487647298252,8.124523422673474e-05,0.0,0.0,0.0,0.0
062ae5eb455f8b9fbb7c,43d62f5dadd5ef81371bbd8a713ecce359d75772d1c445479691bcf877f295c2,standard,2QP,1,1,0.990834797534705,0.009143718648364864,2.1483816927326832e-05,0.0,0.0,0.0,0.0
062ae5eb455f8b9fbb7c,43d62f5dadd5ef81371bbd8a713ecce359d75772d1c445479691bcf877f295c2,standard,4QP,0,1,0.983010420407261,0.016907198925457424,8.226192089330447e-05,1.1866083931997897e-07,8.555366805207558e-11,0.0,0.0
062ae5eb455f8b9fbb7c,43d62f5dadd5ef81371bbd8a713ecce359d75772d1c445479691bcf877f295c2,standard,4QP,1,1,0.9908339578970452,0.009144321181240844,2.1689724240436166e-05,3.1174457412926817e-08,2.302172629481333e-11,0.0,0.0
062ae5eb455f8b9fbb7c,43d62f5dadd5ef81371bbd8a713ecce359d75772d1c445479691bcf877f295c2,standard,6QP,0,1,0.9830104204036101,0.016907198927595016,8.226192182227246e-05,1.1866127515099639e-07,8.574627877395879e-11,3.580267201815276e-14,8.9207749314736e-18
062ae5eb455f8b9fbb7c,43d62f5dadd5ef81371bbd8a713ecce359d75772d1c445479691bcf877f295c2,standard,6QP,1,1,0.9908339578962,0.009144321181723508,2.1689724453298703e-05,3.117457001539647e-08,2.3074621309362576e-11,9.552905584060955e-15,2.280486415441001e-18
664104add0a3837c6658,43d62f5dadd5ef81371bbd8a713ecce359d75772d1c445479691bcf877f295c2,standard,2QP,0,1,0.8878542641060881,0.10817175706823345,0.003973978825677311,0.0,0.0,0.0,0.0
664104add0a3837c6658,43d62f5dadd5ef81371bbd8a713ecce359d75772d1c445479691bcf877f295c2,standard,2QP,1,1,0.9136513351926001,0.08388597958080772,0.002462685226589493,0.0,0.0,0.0,0.0
664104add0a3837c6658,43d62f5dadd5ef81371bbd8a713ecce359d75772d1c445479691bcf877f295c2,standard,4QP,0,1,0.8862210741145953,0.10919305677471897,0.004510480362313272,7.477384096014901e-05,6.149074089461226e-07,0.0,0.0
664104add0a3837c6658,43d62f5dadd5ef81371bbd8a713ecce359d75772d1c445479691bcf877f295c2,standard,4QP,1,1,0.9125706703188221,0.0845853909584738,0.0027934129640954765,5.007694949011544e-05,4.48809117387564e-07,0.0,0.0
664104add0a3837c6658,43d62f5dadd5ef81371bbd8a713ecce359d75772d1c445479691bcf877f295c2,standard,6QP,0,1,0.8862208349199937,0.10919316535477228,0.004510553821661768,7.481108941790182e-05,6.31794608153357e-07,3.0111763468287413e-09,8.385819434737225e-12
664104add0a3837c6658,43d62f5dadd5ef81371bbd8a713ecce359d75772d1c445479691bcf877f295c2,standard,6QP,1,1,0.9125704828409852,0.08458547938561052,0.0027934677801269106,5.010556756608901e-05,4.6211843683565926e-07,2.3007376022447843e-09,6.538630838513433e-12
5d1fafb8cc05d2731e98,43d62f5dadd5ef81371bbd8a713ecce359d75772d1c445479691bcf877f295c2,standard,2QP,0,1,0.6937878416824106,0.27897914697324677,0.027233011344340054,0.0,0.0,0.0,0.0
5d1fafb8cc05d2731e98,43d62f5dadd5ef81371bbd8a713ecce359d75772d1c445479691bcf877f295c2,standard,2QP,1,1,0.7826215351502875,0.2039241205497467,0.013454344299964801,0.0,0.0,0.0,0.0
5d1fafb8cc05d2731e98,43d62f5dadd5ef81371bbd8a713ecce359d75772d1c445479691bcf877f295c2,standard,4QP,0,1,0.670769479946765,0.28944487402803587,0.03801155609870774,0.0017360655155217056,3.802441097195314e-05,0.0,0.0
5d1fafb8cc05d2731e98,43d62f5dadd5ef81371bbd8a713ecce359d75772d1c445479691bcf877f295c2,standard,4QP,1,1,0.7683613116308354,0.21152111787841416,0.01907460983750925,0.0010176769719212712,2.528368132104702e-05,0.0,0.0
5d1fafb8cc05d2731e98,43d62f5dadd5ef81371bbd8a713ecce359d75772d1c445479691bcf877f295c2,standard,6QP,0,1,0.6707397014493903,0.2894516642153658,0.03802433628376609,0.0017428341352242562,4.0900640233557e-05,5.587807217410032e-07,4.49530227619249e-09
5d1fafb8cc05d2731e98,43d62f5dadd5ef81371bbd8a713ecce359d75772d1c445479691bcf877f295c2,standard,6QP,1,1,0.7683344544937605,0.21152958214720344,0.01908501637377525,0.001023016973225122,2.7515634812321352e-05,4.1085518182287875e-07,3.5220425762219567e-09
9f527948a3d2db54bb74,43d62f5dadd5ef81371bbd8a713ecce359d75772d1c445479691bcf877f295c2,standard,2QP,0,1,0.29115257066101896,0.6566678673293438,0.05217956200963651,0.0,0.0,0.0,0.0
9f527948a3d2db54bb74,43d62f5dadd5ef81371bbd8a713ecce359d75772d1c445479691bcf877f295c2,standard,2QP,1,1,0.8992189248115052,0.09372867311512806,0.007052402073365546,0.0,0.0,0.0,0.0
9f527948a3d2db54bb74,43d62f5dadd5ef81371bbd8a713ecce359d75772d1c445479691bcf877f295c2,standard,4QP,0,1,0.26453683318489435,0.6589654973444946,0.0707944086552838,0.0055518786616415615,0.00015138215368525035,0.0,0.0
9f527948a3d2db54bb74,43d62f5dadd5ef81371bbd8a713ecce359d75772d1c445479691bcf877f295c2,standard,4QP,1,1,0.8933116586741482,0.09632572638432675,0.00994285072772592,0.00040887212295672565,1.089209084340756e-05,0.0,0.0
9f527948a3d2db54bb74,43d62f5dadd5ef81371bbd8a713ecce359d75772d1c445479691bcf877f295c2,standard,6QP,0,1,0.264462586791053,0.6589283702923888,0.07083761620107643,0.005600486668271555,0.00016749377801898334,3.4113402413513302e-06,3.492895288810113e-08
9f527948a3d2db54bb74,43d62f5dadd5ef81371bbd8a713ecce359d75772d1c445479691bcf877f295c2,standard,6QP,1,1,0.8933017113740888,0.09632823826479495,0.009947360447306368,0.00041062234217311805,1.1902275455678309e-05,1.6384452269560514e-07,1.451663046191859e-09
5e7a081a93509499cdc9,43d62f5dadd5ef81371bbd8a713ecce359d75772d1c445479691bcf877f295c2,standard,2QP,0,1,0.0008741125722079583,0.9961936070679821,0.002932280359809261,0.0,0.0,0.0,0.0
5e7a081a93509499cdc9,43d62f5dadd5ef81371bbd8a713ecce359d75772d1c445479691bcf877f295c2,standard,2QP,1,1,0.9971726301393276,0.0028178156836174977,9.554177055759154e-06,0.0,0.0,0.0,0.0
5e7a081a93509499cdc9,43d62f5dadd5ef81371bbd8a713ecce359d75772d1c445479691bcf877f295c2,standard,4QP,0,1,0.0008742283828550076,0.9961485608126248,0.0029667061793727666,1.0491524378220755e-05,1.3100768219255233e-08,0.0,0.0
5e7a081a93509499cdc9,43d62f5dadd5ef81371bbd8a713ecce359d75772d1c445479691bcf877f295c2,standard,4QP,1,1,0.9971724024744262,0.0028179160807296727,9.668916862130854e-06,1.2514879745410587e-08,1.3099675029105439e-11,0.0,0.0
5e7a081a93509499cdc9,43d62f5dadd5ef81371bbd8a713ecce359d75772d1c445479691bcf877f295c2,standard,6QP,0,1,0.0008742283826119352,0.9961485604269363,0.0029667063147613333,1.0491710252564192e-05,1.3152167755552704e-08,1.33128751764101e-11,6.121864594595924e-15
5e7a081a93509499cdc9,43d62f5dadd5ef81371bbd8a713ecce359d75772d1c445479691bcf877f295c2,standard,6QP,1,1,0.9971724024740696,0.002817916080834896,9.668917028122214e-06,1.2514931145689923e-08,1.3138818511774201e-11,6.170201269000797e-15,2.0638890710077923e-18
13742d8409cbe7e92d04,43d62f5dadd5ef81371bbd8a713ecce359d75772d1c445479691bcf877f295c2,standard,2QP,0,1,0.5180892048052211,0.43681435656202794,0.04509643863275192,0.0,0.0,0.0,0.0
13742d8409cbe7e92d04,43d62f5dadd5ef81371bbd8a713ecce359d75772d1c445479691bcf877f295c2,standard,2QP,1,1,0.8346417944612422,0.15379179346577823,0.011566412072975723,0.0,0.0,0.0,0.0
13742d8409cbe7e92d04,43d62f5dadd5ef81371bbd8a713ecce359d75772d1c445479691bcf877f295c2,standard,4QP,0,1,0.48175850187030667,0.4498184116396084,0.06430119709613664,0.004015834257687778,0.00010605513626033941,0.0,0.0
13742d8409cbe7e92d04,43d62f5dadd5ef81371bbd8a713ecce359d75772d1c445479691bcf877f295c2,standard,4QP,1,1,0.8227172027839355,0.15948644026055017,0.016871373677726495,0.0008995169490555557,2.546632873033109e-05,0.0,0.0
13742d8409cbe7e92d04,43d62f5dadd5ef81371bbd8a713ecce359d75772d1c445479691bcf877f295c2,standard,6QP,0,1,0.48168012805861654,0.44982122750189996,0.0643380549127275,0.004042317809344185,0.00011617913423164628,2.072008005578366e-06,2.057517688731454e-08
13742d8409cbe7e92d04,43d62f5dadd5ef81371bbd8a713ecce359d75772d1c445479691bcf877f295c2,standard,6QP,1,1,0.8226895821353282,0.15949382073848534,0.016883242597359557,0.0009048975594066063,2.8000774135680397e-05,4.517807424520953e-07,4.414546820209215e-09
f2643b7216d82e02a2fd,2854eeaecd1a9c2eb43945571c0fa36dfddf9b296eb68eec79d912dbce5e697b,standard,2QP,0,1,0.6738667902470133,0.30371929102185463,0.022413918731131795,0.0,0.0,0.0,0.0
f2643b7216d82e02a2fd,2854eeaecd1a9c2eb43945571c0fa36dfddf9b296eb68eec79d912dbce5e697b,standard,2QP,1,1,0.8791609652336664,0.11561137376576353,0.005227661000568714,0.0,0.0,0.0,0.0
f2643b7216d82e02a2fd,2854eeaecd1a9c2eb43945571c0fa36dfddf9b296eb68eec79d912dbce5e697b,standard,4QP,0,1,0.6582502200885278,0.31204280958910274,0.02870873134723002,0.00098283515312645,1.5403822013199484e-05,0.0,0.0
f2643b7216d82e02a2fd,2854eeaecd1a9c2eb43945571c0fa36dfddf9b296eb68eec79d912dbce5e697b,standard,4QP,1,1,0.8760278711466856,0.11740301631152325,0.006380499463982005,0.00018582193433464117,2.7911434733658813e-06,0.0,0.0
f2643b7216d82e02a2fd,2854eeaecd1a9c2eb43945571c0fa36dfddf9b296eb68eec79d912dbce5e697b,standard,6QP,0,1,0.6582403817052644,0.31204601848505,0.028712371082554956,0.000984838465433653,1.6229476173524557e-05,1.598873282199809e-07,8.98190991563515e-10
f2643b7216d82e02a2fd,2854eeaecd1a9c2eb43945571c0fa36dfddf9b296eb68eec79d912dbce5e697b,standard,6QP,1,1,0.8760261834614338,0.11740366926892981,0.006381087968525082,0.0001861062142417325,2.9282958374281095e-06,2.4669233032714817e-08,1.2180207526995427e-10
bdabcbd894d1dd03d1b8,43d62f5dadd5ef81371bbd8a713ecce359d75772d1c445479691bcf877f295c2,standard,2QP,0,1,0.6039907699289593,0.3510848056717559,0.04492442439928452,0.0,0.0,0.0,0.0
bdabcbd894d1dd03d1b8,43d62f5dadd5ef81371bbd8a713ecce359d75772d1c445479691bcf877f295c2,standard,2QP,1,1,0.6988230720258548,0.2695199765594809,0.03165695141466579,0.0,0.0,0.0,0.0
bdabcbd894d1dd03d1b8,43d62f5dadd5ef81371bbd8a713ecce359d75772d1c445479691bcf877f295c2,standard,4QP,0,1,0.544447862643676,0.37115163729605066,0.0768514557023124,0.007242943669108259,0.0003061006888493686,0.0,0.0
bdabcbd894d1dd03d1b8,43d62f5dadd5ef81371bbd8a713ecce359d75772d1c445479691bcf877f295c2,standard,4QP,1,1,0.639528868314591,0.2928951544834867,0.0609505631968753,0.006321081447781017,0.00030433255727110365,0.0,0.0
bdabcbd894d1dd03d1b8,43d62f5dadd5ef81371bbd8a713ecce359d75772d1c445479691bcf877f295c2,standard,6QP,0,1,0.5440631615272682,0.3711601214078068,0.07703634092311586,0.0073705901641733075,0.0003593772069528022,1.024377758052243e-05,1.6499310509078318e-07
bdabcbd894d1dd03d1b8,43d62f5dadd5ef81371bbd8a713ecce359d75772d1c445479691bcf877f295c2,standard,6QP,1,1,0.6389750592749609,0.2929695887142659,0.06120861394687886,0.006468632336363125,0.000366745214111256,1.1167235537759471e-05,1.932778781097591e-07
b8b23a53c95cd70d43af,2854eeaecd1a9c2eb43945571c0fa36dfddf9b296eb68eec79d912dbce5e697b,standard,2QP,0,1,0.7324884398061728,0.25402851390759146,0.013483046286234297,0.0,0.0,0.0,0.0
b8b23a53c95cd70d43af,2854eeaecd1a9c2eb43945571c0fa36dfddf9b296eb68eec79d912dbce5e697b,standard,2QP,1,1,0.9214203782287764,0.0763314883437751,0.002248133427449428,0.0,0.0,0.0,0.0
b8b23a53c95cd70d43af,2854eeaecd1a9c2eb43945571c0fa36dfddf9b296eb68eec79d912dbce5e697b,standard,4QP,0,1,0.7250891009841752,0.25855672641303545,0.015994985555450168,0.0003555456709346595,3.641376403931339e-06,0.0,0.0
b8b23a53c95cd70d43af,2854eeaecd1a9c2eb43945571c0fa36dfddf9b296eb68eec79d912dbce5e697b,standard,4QP,1,1,0.9205587821995413,0.07685545066298138,0.0025402600658049374,4.508537898637345e-05,4.216926875086212e-07,0.0,0.0
b8b23a53c95cd70d43af,2854eeaecd1a9c2eb43945571c0fa36dfddf9b296eb68eec79d912dbce5e697b,standard,6QP,0,1,0.7250873008214559,0.25855750962152085,0.015995556346916802,0.0003558441323089978,3.765246806900673e-06,2.374568872126096e-08,8.530482031771557e-11
b8b23a53c95cd70d43af,2854eeaecd1a9c2eb43945571c0fa36dfddf9b296eb68eec79d912dbce5e697b,standard,6QP,1,1,0.9205586207815027,0.07685552059206474,0.00254031174589324,4.511045393210716e-05,4.3418525025056095e-07,2.234623799712376e-09,6.730873291001766e-12
d58bae8b59f4228cf8b8,43d62f5dadd5ef81371bbd8a713ecce359d75772d1c445479691bcf877f295c2,standard,2QP,0,1,0.8821436277252082,0.11366532190896465,0.004191050365826038,0.0,0.0,0.0,0.0
d58bae8b59f4228cf8b8,43d62f5dadd5ef81371bbd8a713ecce359d75772d1c445479691bcf877f295c2,standard,2QP,1,1,0.9177922751240996,0.07987608978041762,0.002331635095481826,0.0,0.0,0.0,0.0
d58bae8b59f4228cf8b8,43d62f5dadd5ef81371bbd8a713ecce359d75772d1c445479691bcf877f295c2,standard,4QP,0,1,0.8803825157474933,0.11477497036907766,0.004761676674812057,8.017404495520797e-05,6.631636554355948e-07,0.0,0.0
d58bae8b59f4228cf8b8,43d62f5dadd5ef81371bbd8a713ecce359d75772d1c445479691bcf877f295c2,standard,4QP,1,1,0.9167975351173436,0.08051442675271651,0.002641101394980519,4.652239939982953e-05,4.143355587733565e-07,0.0,0.0
d58bae8b59f4228cf8b8,43d62f5dadd5ef81371bbd8a713ecce359d75772d1c445479691bcf877f295c2,standard,6QP,0,1,0.8803822532879118,0.11477509066716454,0.004761756339912291,8.02149058641687e-05,6.815089131621107e-07,3.2810520802328796e-09,9.1930250501128e-12
d58bae8b59f4228cf8b8,43d62f5dadd5ef81371bbd8a713ecce359d75772d1c445479691bcf877f295c2,standard,6QP,1,1,0.9167973657884203,0.08051450565447434,0.002641151588526715,4.654833718181187e-05,4.2652502071697526e-07,2.1004502071685856e-09,5.929798363303899e-12
8b746aab21cb775df4ff,43d62f5dadd5ef81371bbd8a713ecce359d75772d1c445479691bcf877f295c2,standard,2QP,0,1,0.07843195092883012,0.8979570066434497,0.023611042427724056,0.0,0.0,0.0,0.0
8b746aab21cb775df4ff,43d62f5dadd5ef81371bbd8a713ecce359d75772d1c445479691bcf877f295c2,standard,2QP,1,1,0.9741221070719615,0.025279180154613157,0.0005987127734244257,0.0,0.0,0.0,0.0
8b746aab21cb775df4ff,43d62f5dadd5ef81371bbd8a713ecce359d75772d1c445479691bcf877f295c2,standard,4QP,0,1,0.07731830165062385,0.8958371802017695,0.026165323937669644,0.0006730837597308655,6.110450206504156e-06,0.0,0.0
8b746aab21cb775df4ff,43d62f5dadd5ef81371bbd8a713ecce359d75772d1c445479691bcf877f295c2,standard,4QP,1,1,0.9739970517689471,0.02534031138751358,0.000655749494057714,6.83744128386047e-06,4.990819791084716e-08,0.0,0.0
8b746aab21cb775df4ff,43d62f5dadd5ef81371bbd8a713ecce359d75772d1c445479691bcf877f295c2,standard,6QP,0,1,0.07731794751604061,0.8958361379360571,0.026165877132327237,0.0006736929481811374,6.302893832344511e-06,4.144108477969027e-08,1.3249893707255838e-10
8b746aab21cb775df4ff,43d62f5dadd5ef81371bbd8a713ecce359d75772d1c445479691bcf877f295c2,standard,6QP,1,1,0.9739970401471042,0.025340315134255283,0.000655754268748246,6.8392169460848235e-06,5.1053015035123825e-08,1.7951499365308188e-10,4.13592600649862e-13
97912d6b1e1f7c1bee82,43d62f5dadd5ef81371bbd8a713ecce359d75772d1c445479691bcf877f295c2,standard,2QP,0,1,0.6140814783076766,0.34125241413876484,0.04466610755356125,0.0,0.0,0.0,0.0
97912d6b1e1f7c1bee82,43d62f5dadd5ef81371bbd8a713ecce359d75772d1c445479691bcf877f295c2,standard,2QP,1,1,0.6986137994103755,0.2743152506833715,0.027070949906257077,0.0,0.0,0.0,0.0
97912d6b1e1f7c1bee82,43d62f5dadd5ef81371bbd8a713ecce359d75772d1c445479691bcf877f295c2,standard,4QP,0,1,0.5658180905695941,0.35756729179002883,0.07116138340024761,0.005270197448299036,0.00018303679182795097,0.0,0.0
97912d6b1e1f7c1bee82,43d62f5dadd5ef81371bbd8a713ecce359d75772d1c445479691bcf877f295c2,standard,4QP,1,1,0.6537388895478259,0.29326257986191456,0.04826310784714377,0.004547346287920643,0.0001880764551919312,0.0,0.0
97912d6b1e1f7c1bee82,43d62f5dadd5ef81371bbd8a713ecce359d75772d1c445479691bcf877f295c2,standard,6QP,0,1,0.5656335001674628,0.3575771786908928,0.07125213761843847,0.005325845988838838,0.00020658952420367322,4.685948984531626e-06,6.206117192160827e-08
97912d6b1e1f7c1bee82,43d62f5dadd5ef81371bbd8a713ecce359d75772d1c445479691bcf877f295c2,standard,6QP,1,1,0.6534111317937515,0.29332162751734064,0.048414186080717486,0.004628003960451755,0.00021921159802277756,5.753010848438169e-06,8.603885987512388e-08
fa07796ea8f9a01258bc,43d62f5dadd5ef81371bbd8a713ecce359d75772d1c445479691bcf877f295c2,standard,2QP,0,1,0.34487688938927447,0.543732715204192,0.11139039540653635,0.0,0.0,0.0,0.0
fa07796ea8f9a01258bc,43d62f5dadd5ef81371bbd8a713ecce359d75772d1c445479691bcf877f295c2,standard,2QP,1,1,0.5938833029975187,0.328319359802139,0.07779733720034346,0.0,0.0,0.0,0.0
fa07796ea8f9a01258bc,43d62f5dadd5ef81371bbd8a713ecce359d75772d1c445479691bcf877f295c2,standard,4QP,0,1,0.2053637840305736,0.4964435505356065,0.2247187721163907,0.0667632278640241,0.006710665453407097,0.0,0.0
fa07796ea8f9a01258bc,43d62f5dadd5ef81371bbd8a713ecce359d75772d1c445479691bcf877f295c2,standard,4QP,1,1,0.3418854064481867,0.3292817807473744,0.2549635163527531,0.06530703704726892,0.008562259404418342,0.0,0.0
fa07796ea8f9a01258bc,43d62f5dadd5ef81371bbd8a713ecce359d75772d1c445479691bcf877f295c2,standard,6QP,0,1,0.19626192721186167,0.48528241726776256,0.2287440512293116,0.07713794197705907,0.01134397628815941,0.0011716201289318634,5.806589691632914e-05
fa07796ea8f9a01258bc,43d62f5dadd5ef81371bbd8a713ecce359d75772d1c445479691bcf877f295c2,standard,6QP,1,1,0.31010414810968107,0.31605157734492245,0.2724870296859626,0.08172543256545511,0.017716531656989908,0.001804291648897124,0.00011098898808681226
410968bb5fd777d00dd3,43d62f5dadd5ef81371bbd8a713ecce359d75772d1c445479691bcf877f295c2,standard,2QP,0,1,0.9767659178851485,0.023119978848187086,0.0001141032666613885,0.0,0.0,0.0,0.0
410968bb5fd777d00dd3,43d62f5dadd5ef81371bbd8a713ecce359d75772d1c445479691bcf877f295c2,standard,2QP,1,1,0.992612191168942,0.007370784192393912,1.7024638667357368e-05,0.0,0.0,0.0,0.0
410968bb5fd777d00dd3,43d62f5dadd5ef81371bbd8a713ecce359d75772d1c445479691bcf877f295c2,standard,4QP,0,1,0.9767594998614718,0.02312473330354659,0.00011558846485012167,1.782372139240343e-07,1.329257382965206e-10,0.0,0.0
410968bb5fd777d00dd3,43d62f5dadd5ef81371bbd8a713ecce359d75772d1c445479691bcf877f295c2,standard,4QP,1,1,0.9926116096753843,0.007371184980924455,1.718206952818489e-05,2.3257437852967768e-08,1.6724039457548342e-11,0.0,0.0
410968bb5fd777d00dd3,43d62f5dadd5ef81371bbd8a713ecce359d75772d1c445479691bcf877f295c2,standard,6QP,0,1,0.976759499854769,0.023124733307708638,0.0001155884663362973,1.782379451182481e-07,1.3323690638494802e-10,5.832522185388094e-14,1.500824525788674e-17
410968bb5fd777d00dd3,43d62f5dadd5ef81371bbd8a713ecce359d75772d1c445479691bcf877f295c2,standard,6QP,1,1,0.9926116096748545,0.007371184981215766,1.7182069678050316e-05,2.3257514064752793e-08,1.6761187813102e-11,6.637000206887491e-15,1.5394370215963277e-18
020da1ea7298db2e7b81,2854eeaecd1a9c2eb43945571c0fa36dfddf9b296eb68eec79d912dbce5e697b,standard,2QP,0,1,0.5801432118126831,0.37541643391610613,0.04444035427121142,0.0,0.0,0.0,0.0
020da1ea7298db2e7b81,2854eeaecd1a9c2eb43945571c0fa36dfddf9b296eb68eec79d912dbce5e697b,standard,2QP,1,1,0.7680550527530091,0.21324754947314678,0.01869739777384346,0.0,0.0,0.0,0.0
020da1ea7298db2e7b81,2854eeaecd1a9c2eb43945571c0fa36dfddf9b296eb68eec79d912dbce5e697b,standard,4QP,0,1,0.5366684991112651,0.3909415067023815,0.06756654044375199,0.0046780011237970735,0.00014545261880322702,0.0,0.0
020da1ea7298db2e7b81,2854eeaecd1a9c2eb43945571c0fa36dfddf9b296eb68eec79d912dbce5e697b,standard,4QP,1,1,0.7447947921758962,0.22390122007798857,0.02922081972440347,0.002016009909198616,6.715811251656071e-05,0.0,0.0
020da1ea7298db2e7b81,2854eeaecd1a9c2eb43945571c0fa36dfddf9b296eb68eec79d912dbce5e697b,standard,6QP,0,1,0.5365335828897069,0.3909517073381821,0.06762982522542928,0.004719193456342037,0.00016229670883855855,3.354866622601356e-06,3.9514876898582486e-08
020da1ea7298db2e7b81,2854eeaecd1a9c2eb43945571c0fa36dfddf9b296eb68eec79d912dbce5e697b,standard,6QP,1,1,0.7447047014297846,0.22392323095600053,0.029259879081139323,0.002035217328042095,7.544702052557732e-05,1.5065168079682865e-06,1.7667699824898848e-08
868ffb86f1dea4246f6e,43d62f5dadd5ef81371bbd8a713ecce359d75772d1c445479691bcf877f295c2,standard,2QP,0,1,0.5564395821136126,0.4178471316823692,0.025713286204018245,0.0,0.0,0.0,0.0
868ffb86f1dea4246f6e,43d62f5dadd5ef81371bbd8a713ecce359d75772d1c445479691bcf877f295c2,standard,2QP,1,1,0.9234380255423078,0.07383704858780896,0.0027249258698840316,0.0,0.0,0.0,0.0
868ffb86f1dea4246f6e,43d62f5dadd5ef81371bbd8a713ecce359d75772d1c445479691bcf877f295c2,standard,4QP,0,1,0.5420077085907778,0.4255247683124261,0.031479428314529545,0.0009752742652969636,1.2820516966873804e-05,0.0,0.0
868ffb86f1dea4246f6e,43d62f5dadd5ef81371bbd8a713ecce359d75772d1c445479691bcf877f295c2,standard,4QP,1,1,0.9222138509490058,0.07451504314796135,0.0032001932262936687,7.004434384130013e-05,8.683328961955992e-07,0.0,0.0
868ffb86f1dea4246f6e,43d62f5dadd5ef81371bbd8a713ecce359d75772d1c445479691bcf877f295c2,standard,6QP,0,1,0.5420012988219362,0.42552660757189914,0.03148179482501191,0.0009767952055084155,1.338907861417337e-05,1.1395816922876626e-07,5.388659050439308e-10
868ffb86f1dea4246f6e,43d62f5dadd5ef81371bbd8a713ecce359d75772d1c445479691bcf877f295c2,standard,6QP,1,1,0.9222134438512325,0.07451519165093373,0.0032003443840323198,7.011121681934946e-05,9.028217394311039e-07,6.0504275203632786e-09,2.481600840446848e-11
e1f38b2eb58771b28cbf,da0f830a8e7cf8900d6a4ead858f6b77b8f28f75bdb5dbeaf82ef07eeb78c498,standard,2QP,0,1,0.08223464802868351,0.8485012479967882,0.06926410397452859,0.0,0.0,0.0,0.0
e1f38b2eb58771b28cbf,da0f830a8e7cf8900d6a4ead858f6b77b8f28f75bdb5dbeaf82ef07eeb78c498,standard,2QP,1,1,0.8965596600370058,0.09233714149210437,0.011103198470887718,0.0,0.0,0.0,0.0
e1f38b2eb58771b28cbf,da0f830a8e7cf8900d6a4ead858f6b77b8f28f75bdb5dbeaf82ef07eeb78c498,standard,4QP,0,1,0.07262974362907405,0.816400808382718,0.09477954377804142,0.015557222757971244,0.0006326814521964862,0.0,0.0
e1f38b2eb58771b28cbf,da0f830a8e7cf8900d6a4ead858f6b77b8f28f75bdb5dbeaf82ef07eeb78c498,standard,4QP,1,1,0.8830161852143933,0.09635898974535717,0.019452728427389033,0.0011173032602574307,5.479335260375307e-05,0.0,0.0
e1f38b2eb58771b28cbf,da0f830a8e7cf8900d6a4ead858f6b77b8f28f75bdb5dbeaf82ef07eeb78c498,standard,6QP,0,1,0.07251041167701883,0.8157550638374629,0.09494427256434478,0.016008183290875392,0.0007501555256453587,3.13598383242986e-05,5.532663279470968e-07
e1f38b2eb58771b28cbf,da0f830a8e7cf8900d6a4ead858f6b77b8f28f75bdb5dbeaf82ef07eeb78c498,standard,6QP,1,1,0.8829340918064743,0.09636928314126575,0.019499660135651138,0.0011309737779457041,6.448915767068441e-05,1.4765809309129457e-06,2.5400059601285864e-08
c81ef93688f3aae5e3bc,43d62f5dadd5ef81371bbd8a713ecce359d75772d1c445479691bcf877f295c2,standard,2QP,0,1,0.9865996523453151,0.013341263503259464,5.9084151429249286e-05,0.0,0.0,0.0,0.0
c81ef93688f3aae5e3bc,43d62f5dadd5ef81371bbd8a713ecce359d75772d1c445479691bcf877f295c2,standard,2QP,1,1,0.9902041759813149,0.00976306518032118,3.275883836033502e-05,0.0,0.0,0.0,0.0
c81ef93688f3aae5e3bc,43d62f5dadd5ef81371bbd8a713ecce359d75772d1c445479691bcf877f295c2,standard,4QP,0,1,0.9865967080557602,0.013343305973595076,5.988043691239043e-05,1.0544016462042175e-07,9.356492333498476e-11,0.0,0.0
c81ef93688f3aae5e3bc,43d62f5dadd5ef81371bbd8a713ecce359d75772d1c445479691bcf877f295c2,standard,4QP,1,1,0.9902025650480173,0.009764193860363523,3.3179567581280886e-05,6.146556618479313e-08,5.847483107733032e-11,0.0,0.0
c81ef93688f3aae5e3bc,43d62f5dadd5ef81371bbd8a713ecce359d75772d1c445479691bcf877f295c2,standard,6QP,0,1,0.9865967080514032,0.013343305976010173,5.988043803398835e-05,1.0544074145941689e-07,9.383219453089293e-11,4.695120150691894e-14,1.3775079553702091e-17
c81ef93688f3aae5e3bc,43d62f5dadd5ef81371bbd8a713ecce359d75772d1c445479691bcf877f295c2,standard,6QP,1,1,0.990202565045301,0.009764193861851794,3.317956826646045e-05,6.146593390837974e-08,5.865123683192333e-11,3.0146574444411204e-14,8.870662951272308e-18
9152f83d11fb865f67eb,43d62f5dadd5ef81371bbd8a713ecce359d75772d1c445479691bcf877f295c2,standard,2QP,0,1,0.43040689446118957,0.4543804000614103,0.11521270547740264,0.0,0.0,0.0,0.0
9152f83d11fb865f67eb,43d62f5dadd5ef81371bbd8a713ecce359d75772d1c445479691bcf877f295c2,standard,2QP,1,1,0.45698572541239013,0.43810749117968417,0.10490678340792435,0.0,0.0,0.0,0.0
9152f83d11fb865f67eb,43d62f5dadd5ef81371bbd8a713ecce359d75772d1c445479691bcf877f295c2,standard,4QP,0,1,0.2605436687450989,0.42093896359663996,0.2464873411580608,0.06476053333759352,0.007269493162607277,0.0,0.0
9152f83d11fb865f67eb,43d62f5dadd5ef81371bbd8a713ecce359d75772d1c445479691bcf877f295c2,standard,4QP,1,1,0.1718833449380419,0.37628820808722824,0.3158447907286559,0.11911956535792022,0.01686409088815565,0.0,0.0
9152f83d11fb865f67eb,43d62f5dadd5ef81371bbd8a713ecce359d75772d1c445479691bcf877f295c2,standard,6QP,0,1,0.24938390134970706,0.4116280563580829,0.2516246639606496,0.07391032215761983,0.012188902605134274,0.0011993006862654964,6.48528825340123e-05
9152f83d11fb865f67eb,43d62f5dadd5ef81371bbd8a713ecce359d75772d1c445479691bcf877f295c2,standard,6QP,1,1,0.0879323771644083,0.3092911629572831,0.35904960946833003,0.18724579650515435,0.0488753134881486,0.007082451571931377,0.0005232888447301179
bb4f37debde993f79f52,43d62f5dadd5ef81371bbd8a713ecce359d75772d1c445479691bcf877f295c2,standard,2QP,0,1,0.49143374310586996,0.4310738091986868,0.07749244769544411,0.0,0.0,0.0,0.0
bb4f37debde993f79f52,43d62f5dadd5ef81371bbd8a713ecce359d75772d1c445479691bcf877f295c2,standard,2QP,1,1,0.6045568627212007,0.3413059462697995,0.05413719100900155,0.0,0.0,0.0,0.0
bb4f37debde993f79f52,43d62f5dadd5ef81371bbd8a713ecce359d75772d1c445479691bcf877f295c2,standard,4QP,0,1,0.3908158108668086,0.4411522832039889,0.14570951803303672,0.021008226773019962,0.0013141611231496366,0.0,0.0
bb4f37debde993f79f52,43d62f5dadd5ef81371bbd8a713ecce359d75772d1c445479691bcf877f295c2,standard,4QP,1,1,0.4518831371427108,0.3704613262933399,0.14709230148742433,0.02829506118248576,0.0022681738940343323,0.0,0.0
bb4f37debde993f79f52,43d62f5dadd5ef81371bbd8a713ecce359d75772d1c445479691bcf877f295c2,standard,6QP,0,1,0.3891766868304844,0.4405957333283808,0.14661486762425122,0.02185415233232371,0.0016787045605913954,7.782620608633536e-05,2.02911787906123e-06
bb4f37debde993f79f52,43d62f5dadd5ef81371bbd8a713ecce359d75772d1c445479691bcf877f295c2,standard,6QP,1,1,0.4438926660847293,0.3696507979084344,0.15172637430515845,0.031210193155770418,0.003322643640128949,0.00019111482595388391,6.21007982445426e-06
b028856c56e6f81605f3,43d62f5dadd5ef81371bbd8a713ecce359d75772d1c445479691bcf877f295c2,standard,2QP,0,1,0.9607977563124669,0.039003884220564035,0.00019835946697031734,0.0,0.0,0.0,0.0
b028856c56e6f81605f3,43d62f5dadd5ef81371bbd8a713ecce359d75772d1c445479691bcf877f295c2,standard,2QP,1,1,0.9940938866840167,0.005892807970129982,1.3305345854782254e-05,0.0,0.0,0.0,0.0
b028856c56e6f81605f3,43d62f5dadd5ef81371bbd8a713ecce359d75772d1c445479691bcf877f295c2,standard,4QP,0,1,0.9607829250159016,0.039015643625518875,0.00020109108861249113,3.400035072144403e-07,2.664570434378127e-10,0.0,0.0
b028856c56e6f81605f3,43d62f5dadd5ef81371bbd8a713ecce359d75772d1c445479691bcf877f295c2,standard,4QP,1,1,0.9940934917014689,0.005893067996766003,1.3423355781448622e-05,1.6934169637555508e-08,1.1809653906556506e-11,0.0,0.0
b028856c56e6f81605f3,43d62f5dadd5ef81371bbd8a713ecce359d75772d1c445479691bcf877f295c2,standard,6QP,0,1,0.9607829249986961,0.03901564363726085,0.00020109109172063844,3.4000513679933104e-07,2.671168747116714e-10,1.2504027104937908e-13,3.3690035074635854e-17
b028856c56e6f81605f3,43d62f5dadd5ef81371bbd8a713ecce359d75772d1c445479691bcf877f295c2,standard,6QP,1,1,0.9940934917011415,0.005893067996941217,1.342335588369014e-05,1.6934219223226975e-08,1.183489191510497e-11,4.454033423581883e-15,9.998708178042717e-19
e3367221d2195c7a72a4,43d62f5dadd5ef81371bbd8a713ecce359d75772d1c445479691bcf877f295c2,standard,2QP,0,1,0.40160919128371364,0.4913532342394733,0.10703757447681468,0.0,0.0,0.0,0.0
e3367221d2195c7a72a4,43d62f5dadd5ef81371bbd8a713ecce359d75772d1c445479691bcf877f295c2,standard,2QP,1,1,0.5503787784632197,0.36874912854239844,0.08087209299438354,0.0,0.0,0.0,0.0
e3367221d2195c7a72a4,43d62f5dadd5ef81371bbd8a713ecce359d75772d1c445479691bcf877f295c2,standard,4QP,0,1,0.26453250813482165,0.46694862572501955,0.2134932833842967,0.05037027971630505,0.00465530303955737,0.0,0.0
e3367221d2195c7a72a4,43d62f5dadd5ef81371bbd8a713ecce359d75772d1c445479691bcf877f295c2,standard,4QP,1,1,0.2821309250316214,0.3603554883178281,0.26951738513013795,0.07821890396142282,0.009777297558987527,0.0,0.0
e3367221d2195c7a72a4,43d62f5dadd5ef81371bbd8a713ecce359d75772d1c445479691bcf877f295c2,standard,6QP,0,1,0.2584400232053099,0.46185469580554656,0.21657134388499402,0.05549654027743859,0.007040333460847581,0.0005725256617903651,2.4537704075459765e-05
e3367221d2195c7a72a4,43d62f5dadd5ef81371bbd8a713ecce359d75772d1c445479691bcf877f295c2,standard,6QP,1,1,0.23083479468322016,0.338370962123399,0.30067977058418843,0.10599843444744411,0.021720211451335805,0.0022628446263845982,0.00013298208402929995
bdcaea3a737315cb2918,43d62f5dadd5ef81371bbd8a713ecce359d75772d1c445479691bcf877f295c2,standard,2QP,0,1,0.025024390845464376,0.9477253568073465,0.027250252347188447,0.0,0.0,0.0,0.0
bdcaea3a737315cb2918,43d62f5dadd5ef81371bbd8a713ecce359d75772d1c445479691bcf877f295c2,standard,2QP,1,1,0.9713276922458657,0.027813573219686534,0.0008587345344460597,0.0,0.0,0.0,0.0
bdcaea3a737315cb2918,43d62f5dadd5ef81371bbd8a713ecce359d75772d1c445479691bcf877f295c2,standard,4QP,0,1,0.024898580226955624,0.9436699422098096,0.030358629360958723,0.0010608415973930717,1.2006604885340436e-05,0.0,0.0
bdcaea3a737315cb2918,43d62f5dadd5ef81371bbd8a713ecce359d75772d1c445479691bcf877f295c2,standard,4QP,1,1,0.971119064629125,0.02790249192966781,0.0009657581375249224,1.2557785189434064e-05,1.2751848915581848e-07,0.0,0.0
bdcaea3a737315cb2918,43d62f5dadd5ef81371bbd8a713ecce359d75772d1c445479691bcf877f295c2,standard,6QP,0,1,0.024898380980507374,0.9436667633424558,0.030359751592803845,0.0010625200287268889,1.2467422332666068e-05,1.1613293931015507e-07,5.002423266898146e-10
bdcaea3a737315cb2918,43d62f5dadd5ef81371bbd8a713ecce359d75772d1c445479691bcf877f295c2,standard,6QP,1,1,0.971119028320463,0.02790250142373083,0.0009657751323452526,1.2563141040308584e-05,1.31364555397406e-07,6.158313668181726e-10,2.0405468468894717e-12
c15826eaf2650b9e353d,43d62f5dadd5ef81371bbd8a713ecce359d75772d1c445479691bcf877f295c2,standard,2QP,0,1,0.42894479394450785,0.4665544054704054,0.10450080058508542,0.0,0.0,0.0,0.0
c15826eaf2650b9e353d,43d62f5dadd5ef81371bbd8a713ecce359d75772d1c445479691bcf877f295c2,standard,2QP,1,1,0.521079704409626,0.39386595430735805,0.08505434128301761,0.0,0.0,0.0,0.0
c15826eaf2650b9e353d,43d62f5dadd5ef81371bbd8a713ecce359d75772d1c445479691bcf877f295c2,standard,4QP,0,1,0.28448159773158715,0.4478937892151755,0.21428822133682873,0.0487615628746318,0.004574828841775495,0.0,0.0
c15826eaf2650b9e353d,43d62f5dadd5ef81371bbd8a713ecce359d75772d1c445479691bcf877f295c2,standard,4QP,1,1,0.24904318328871328,0.37749658947284004,0.27724248453963246,0.08560550222720746,0.01061224047161062,0.0,0.0
c15826eaf2650b9e353d,43d62f5dadd5ef81371bbd8a713ecce359d75772d1c445479691bcf877f295c2,standard,6QP,0,1,0.278069110962327,0.4431900853236924,0.21757481706120874,0.05366336540789489,0.006926907727401892,0.0005518640346251954,2.3849482855465072e-05
c15826eaf2650b9e353d,43d62f5dadd5ef81371bbd8a713ecce359d75772d1c445479691bcf877f295c2,standard,6QP,1,1,0.19530542761957498,0.3513000688696257,0.30933223834994955,0.11742722290144238,0.023899618432765616,0.0025835371514008236,0.00015188667523473618
60df253e9566f9848923,43d62f5dadd5ef81371bbd8a713ecce359d75772d1c445479691bcf877f295c2,standard,2QP,0,1,0.5432062013286081,0.42395860924624473,0.03283518942514755,0.0,0.0,0.0,0.0
60df253e9566f9848923,43d62f5dadd5ef81371bbd8a713ecce359d75772d1c445479691bcf877f295c2,standard,2QP,1,1,0.8851369334288538,0.10785960754610058,0.007003459025045994,0.0,0.0,0.0,0.0
60df253e9566f9848923,43d62f5dadd5ef81371bbd8a713ecce359d75772d1c445479691bcf877f295c2,standard,4QP,0,1,0.5159478112145554,0.4368511811679054,0.04467580699432856,0.0024699185017508334,5.528212145989413e-05,0.0,0.0
60df253e9566f9848923,43d62f5dadd5ef81371bbd8a713ecce359d75772d1c445479691bcf877f295c2,standard,4QP,1,1,0.8795014080570664,0.11068526144481891,0.009440910764537406,0.00036434998700852025,8.069746567189207e-06,0.0,0.0
60df253e9566f9848923,43d62f5dadd5ef81371bbd8a713ecce359d75772d1c445479691bcf877f295c2,standard,6QP,0,1,0.5159063038249967,0.436858377820414,0.04469237920679339,0.002482169184306284,5.986789993900702e-05,8.948604353619867e-07,7.203125939891083e-09
60df253e9566f9848923,43d62f5dadd5ef81371bbd8a713ecce359d75772d1c445479691bcf877f295c2,standard,6QP,1,1,0.8794947052243787,0.11068733340289172,0.009443620302518831,0.0003655455093124797,8.690826785835267e-06,1.0397652570118282e-07,7.575923150658329e-10
e2bec743ba226f1d5a71,43d62f5dadd5ef81371bbd8a713ecce359d75772d1c445479691bcf877f295c2,standard,2QP,0,1,0.13396535542405322,0.7814788414822195,0.08455580309372743,0.0,0.0,0.0,0.0
e2bec743ba226f1d5a71,43d62f5dadd5ef81371bbd8a713ecce359d75772d1c445479691bcf877f295c2,standard,2QP,1,1,0.8480967824915082,0.13186571216262846,0.02003750534586576,0.0,0.0,0.0,0.0
e2bec743ba226f1d5a71,43d62f5dadd5ef81371bbd8a713ecce359d75772d1c445479691bcf877f295c2,standard,4QP,0,1,0.10740196495964237,0.7387277630746204,0.1261491858474752,0.026315976770873273,0.0014051093473883593,0.0,0.0
e2bec743ba226f1d5a71,43d62f5dadd5ef81371bbd8a713ecce359d75772d1c445479691bcf877f295c2,standard,4QP,1,1,0.8106714746321739,0.14161708578758508,0.04370008631831403,0.0037565722058985,0.00025478105602997356,0.0,0.0
e2bec743ba226f1d5a71,43d62f5dadd5ef81371bbd8a713ecce359d75772d1c445479691bcf877f295c2,standard,6QP,0,1,0.10684717361951554,0.7369907506093356,0.1266142915976769,0.027654762641443217,0.001790521668952348,0.00010010320276639727,2.3966603090241233e-06
e2bec743ba226f1d5a71,43d62f5dadd5ef81371bbd8a713ecce359d75772d1c445479691bcf877f295c2,standard,6QP,1,1,0.8100876023016991,0.1416596060007454,0.044045353401408825,0.003869467598337874,0.0003265432068977321,1.11484772763154e-05,2.79013636297138e-07
0af6205699e014fbb600,43d62f5dadd5ef81371bbd8a713ecce359d75772d1c445479691bcf877f295c2,standard,2QP,0,1,0.002134421917304853,0.9882321037950683,0.009633474287627635,0.0,0.0,0.0,0.0
0af6205699e014fbb600,43d62f5dadd5ef81371bbd8a713ecce359d75772d1c445479691bcf877f295c2,standard,2QP,1,1,0.9903137388193706,0.009547003234556166,0.00013925794607564764,0.0,0.0,0.0,0.0
0af6205699e014fbb600,43d62f5dadd5ef81371bbd8a713ecce359d75772d1c445479691bcf877f295c2,standard,4QP,0,1,0.0021383539315332103,0.9876745437885888,0.010027309718571511,0.00015902578610860115,7.667751950772838e-07,0.0,0.0
0af6205699e014fbb600,43d62f5dadd5ef81371bbd8a713ecce359d75772d1c445479691bcf877f295c2,standard,4QP,1,1,0.9903007373042876,0.009551941073667934,0.00014657489058228306,7.432695517485095e-07,3.4619148614619406e-09,0.0,0.0
0af6205699e014fbb600,43d62f5dadd5ef81371bbd8a713ecce359d75772d1c445479691bcf877f295c2,standard,6QP,0,1,0.002138353763572615,0.9876744512147764,0.010027336975452838,0.00015907581343036308,7.787226752214354e-07,3.503444370654277e-09,6.661331365508077e-12
0af6205699e014fbb600,43d62f5dadd5ef81371bbd8a713ecce359d75772d1c445479691bcf877f295c2,standard,6QP,1,1,0.9903007369086371,0.009551941165701272,0.0001465750894377518,7.433221136121617e-07,3.507219297373679e-09,6.878363427568702e-12,1.0306516222892567e-14
8e789da629d75706f81e,43d62f5dadd5ef81371bbd8a713ecce359d75772d1c445479691bcf877f295c2,standard,2QP,0,1,0.13645859803106977,0.7949908103000072,0.06855059166892279,0.0,0.0,0.0,0.0
8e789da629d75706f81e,43d62f5dadd5ef81371bbd8a713ecce359d75772d1c445479691bcf877f295c2,standard,2QP,1,1,0.8901077249667919,0.09936726163673165,0.010525013396476166,0.0,0.0,0.0,0.0
8e789da629d75706f81e,43d62f5dadd5ef81371bbd8a713ecce359d75772d1c445479691bcf877f295c2,standard,4QP,0,1,0.11909498126076352,0.7728114744862037,0.09504398048714273,0.0125743740881768,0.00047518967771877405,0.0,0.0
8e789da629d75706f81e,43d62f5dadd5ef81371bbd8a713ecce359d75772d1c445479691bcf877f295c2,standard,4QP,1,1,0.8780965848874217,0.10352549512548753,0.017380357067140202,0.0009579092644924114,3.965365545655689e-05,0.0,0.0
8e789da629d75706f81e,43d62f5dadd5ef81371bbd8a713ecce359d75772d1c445479691bcf877f295c2,standard,6QP,0,1,0.11895276508477694,0.7724480443619268,0.09518154470660312,0.012844882702310288,0.0005535846992293407,1.888463242459479e-05,2.9381273039207663e-07
8e789da629d75706f81e,43d62f5dadd5ef81371bbd8a713ecce359d75772d1c445479691bcf877f295c2,standard,6QP,1,1,0.8780436935488762,0.10353418004032906,0.01740836378365273,0.0009671963265824587,4.561961195365668e-05,9.333492823311273e-07,1.3339324424603917e-08
5deb6ca868160ab1b728,43d62f5dadd5ef81371bbd8a713ecce359d75772d1c445479691bcf877f295c2,standard,2QP,0,1,0.4561234519810093,0.44222003385218867,0.1016565141668019,0.0,0.0,0.0,0.0
5deb6ca868160ab1b728,43d62f5dadd5ef81371bbd8a713ecce359d75772d1c445479691bcf877f295c2,standard,2QP,1,1,0.49040370738686867,0.4203943904849355,0.08920190212819434,0.0,0.0,0.0,0.0
5deb6ca868160ab1b728,43d62f5dadd5ef81371bbd8a713ecce359d75772d1c445479691bcf877f295c2,standard,4QP,0,1,0.3052234570541732,0.4289740826878357,0.21433910435405001,0.046991941612858835,0.004471414291084063,0.0,0.0
5deb6ca868160ab1b728,43d62f5dadd5ef81371bbd8a713ecce359d75772d1c445479691bcf877f295c2,standard,4QP,1,1,0.2170448411617358,0.394749360504597,0.2836027777975545,0.09316470660583213,0.011438313930281848,0.0,0.0
5deb6ca868160ab1b728,43d62f5dadd5ef81371bbd8a713ecce359d75772d1c445479691bcf877f295c2,standard,6QP,0,1,0.2985305522554811,0.42466952637065203,0.2178226224516329,0.05165101311618546,0.006774993889078247,0.0005282918776267932,2.3000039342413926e-05
5deb6ca868160ab1b728,43d62f5dadd5ef81371bbd8a713ecce359d75772d1c445479691bcf877f295c2,standard,6QP,1,1,0.161401105459421,0.363950605707766,0.3162162148563435,0.1292686144014114,0.026070510897909516,0.0029213579744075215,0.00017159070273543284
96d5b062cd68c69690d5,43d62f5dadd5ef81371bbd8a713ecce359d75772d1c445479691bcf877f295c2,standard,2QP,0,1,0.5452457446043215,0.38928062817550996,0.06547362722016728,0.0,0.0,0.0,0.0
96d5b062cd68c69690d5,43d62f5dadd5ef81371bbd8a713ecce359d75772d1c445479691bcf877f295c2,standard,2QP,1,1,0.6056938650391542,0.34593226461232307,0.048373870348523085,0.0,0.0,0.0,0.0
96d5b062cd68c69690d5,43d62f5dadd5ef81371bbd8a713ecce359d75772d1c445479691bcf877f295c2,standard,4QP,0,1,0.45979676055518603,0.40565137614251545,0.11972861616098238,0.01406746938282785,0.0007557777584874645,0.0,0.0
96d5b062cd68c69690d5,43d62f5dadd5ef81371bbd8a713ecce359d75772d1c445479691bcf877f295c2,standard,4QP,1,1,0.4837669258838326,0.37699198976606724,0.11809770955679863,0.019804126984469435,0.001339247808836378,0.0,0.0
96d5b062cd68c69690d5,43d62f5dadd5ef81371bbd8a713ecce359d75772d1c445479691bcf877f295c2,standard,6QP,0,1,0.4588601765558688,0.40548795215071753,0.12023646011961636,0.014455866565386196,0.0009241177506858899,3.467556073954057e-05,7.512969912795689e-07
96d5b062cd68c69690d5,43d62f5dadd5ef81371bbd8a713ecce359d75772d1c445479691bcf877f295c2,standard,6QP,1,1,0.4797788173578922,0.37689859238411805,0.12028812977644238,0.021139547350565547,0.0018068596076964544,8.578092085483029e-05,2.2726024216977847e-06
7171da0a1f3c91d4888b,43d62f5dadd5ef81371bbd8a713ecce359d75772d1c445479691bcf877f295c2,standard,2QP,0,1,0.27576363548984145,0.6305568030289274,0.09367956148123385,0.0,0.0,0.0,0.0
7171da0a1f3c91d4888b,43d62f5dadd5ef81371bbd8a713ecce359d75772d1c445479691bcf877f295c2,standard,2QP,1,1,0.7496992506451591,0.21257199510036284,0.037728754254477345,0.0,0.0,0.0,0.0
7171da0a1f3c91d4888b,43d62f5dadd5ef81371bbd8a713ecce359d75772d1c445479691bcf877f295c2,standard,4QP,0,1,0.1990278816925252,0.601708590956892,0.16158189599331282,0.035293178455167974,0.002388452902100577,0.0,0.0
7171da0a1f3c91d4888b,43d62f5dadd5ef81371bbd8a713ecce359d75772d1c445479691bcf877f295c2,standard,4QP,1,1,0.6474029531928023,0.23495709627751651,0.10231336629574331,0.014115518254337225,0.0012110659796002632,0.0,0.0
7171da0a1f3c91d4888b,43d62f5dadd5ef81371bbd8a713ecce359d75772d1c445479691bcf877f295c2,standard,6QP,0,1,0.19694889577126123,0.5990046499378345,0.16277985525477098,0.03777980981392769,0.0032701439587275996,0.0002102811188160882,6.364144669934429e-06
7171da0a1f3c91d4888b,43d62f5dadd5ef81371bbd8a713ecce359d75772d1c445479691bcf877f295c2,standard,6QP,1,1,0.6436185821023368,0.2348781565222548,0.10452842033100918,0.01513546649752824,0.001746682152822692,8.96621621328175e-05,3.030231909650444e-06
8031743f48d35453d815,43d62f5dadd5ef81371bbd8a713ecce359d75772d1c445479691bcf877f295c2,standard,2QP,0,1,0.39401300453559385,0.48747347240590266,0.11851352305850267,0.0,0.0,0.0,0.0
8031743f48d35453d815,43d62f5dadd5ef81371bbd8a713ecce359d75772d1c445479691bcf877f295c2,standard,2QP,1,1,0.49775869733081524,0.402726300845208,0.09951500182397661,0.0,0.0,0.0,0.0
8031743f48d35453d815,43d62f5dadd5ef81371bbd8a713ecce359d75772d1c445479691bcf877f295c2,standard,4QP,0,1,0.23642586768678536,0.4452513532374808,0.24338830148608998,0.06754735813233369,0.007387119457306971,0.0,0.0
8031743f48d35453d815,43d62f5dadd5ef81371bbd8a713ecce359d75772d1c445479691bcf877f295c2,standard,4QP,1,1,0.2034227528648687,0.3555254268142231,0.3153665991399004,0.10977641911477387,0.015908802066234556,0.0,0.0
8031743f48d35453d815,43d62f5dadd5ef81371bbd8a713ecce359d75772d1c445479691bcf877f295c2,standard,6QP,0,1,0.22608569240166168,0.4350610537272989,0.24795346014079073,0.07722631618464132,0.01235109216824601,0.0012555756427873874,6.68097345712648e-05
8031743f48d35453d815,43d62f5dadd5ef81371bbd8a713ecce359d75772d1c445479691bcf877f295c2,standard,6QP,1,1,0.12052678267595231,0.29888429642649206,0.35993411554671034,0.16888200904380268,0.045113470362901906,0.006197598561317701,0.00046172738282341586
7eecd596556afc614d08,2854eeaecd1a9c2eb43945571c0fa36dfddf9b296eb68eec79d912dbce5e697b,standard,2QP,0,1,0.8396670864922345,0.15261020429911826,0.007722709208646575,0.0,0.0,0.0,0.0
7eecd596556afc614d08,2854eeaecd1a9c2eb43945571c0fa36dfddf9b296eb68eec79d912dbce5e697b,standard,2QP,1,1,0.8844618673342686,0.11100604684996193,0.004532085815768445,0.0,0.0,0.0,0.0
7eecd596556afc614d08,2854eeaecd1a9c2eb43945571c0fa36dfddf9b296eb68eec79d912dbce5e697b,standard,4QP,0,1,0.8351521502608868,0.1553241310077896,0.009291633602214354,0.00022930620321159607,2.778925892734603e-06,0.0,0.0
7eecd596556afc614d08,2854eeaecd1a9c2eb43945571c0fa36dfddf9b296eb68eec79d912dbce5e697b,standard,4QP,1,1,0.8816899528968346,0.112727414922818,0.005440310988791401,0.00014050092360975454,1.820267947504251e-06,0.0,0.0
7eecd596556afc614d08,2854eeaecd1a9c2eb43945571c0fa36dfddf9b296eb68eec79d912dbce5e697b,standard,6QP,0,1,0.8351505859091762,0.1553247883494354,0.009292142412658848,0.00022956604572280548,2.8962953274151196e-06,2.0899719532007254e-08,8.796202757388105e-11
7eecd596556afc614d08,2854eeaecd1a9c2eb43945571c0fa36dfddf9b296eb68eec79d912dbce5e697b,standard,6QP,1,1,0.8816888538528713,0.11272790036619637,0.005440654876895001,0.0001406751702403211,1.901688366818223e-06,1.3985986602114271e-08,5.944207607288379e-11
6b793f9a12bf0fb222d1,0bf1917f74d0bedb6ac168bffbc29aadb2cbc016ce0771ba3c5f00f8b44f9d1f,standard,2QP,0,1,0.42304314071691174,0.4563846057927596,0.12057225349032859,0.0,0.0,0.0,0.0
6b793f9a12bf0fb222d1,0bf1917f74d0bedb6ac168bffbc29aadb2cbc016ce0771ba3c5f00f8b44f9d1f,standard,2QP,1,1,0.4346710103673819,0.4489162742008419,0.11641271543177541,0.0,0.0,0.0,0.0
6b793f9a12bf0fb222d1,0bf1917f74d0bedb6ac168bffbc29aadb2cbc016ce0771ba3c5f00f8b44f9d1f,standard,4QP,0,1,0.22145481731029434,0.4027264287274674,0.27615852443170524,0.08800520104130558,0.011655028489229242,0.0,0.0
6b793f9a12bf0fb222d1,0bf1917f74d0bedb6ac168bffbc29aadb2cbc016ce0771ba3c5f00f8b44f9d1f,standard,4QP,1,1,0.17852046710357472,0.3774781679663548,0.30912317481946605,0.11735394398618768,0.017524246124413403,0.0,0.0
6b793f9a12bf0fb222d1,0bf1917f74d0bedb6ac168bffbc29aadb2cbc016ce0771ba3c5f00f8b44f9d1f,standard,6QP,0,1,0.2000097562796419,0.3809298009538205,0.2839326819542307,0.10824542777574309,0.023609824728436694,0.00306122510098452,0.00021128320713367985
6b793f9a12bf0fb222d1,0bf1917f74d0bedb6ac168bffbc29aadb2cbc016ce0771ba3c5f00f8b44f9d1f,standard,6QP,1,1,0.13348515665107225,0.32801370616114106,0.32336596619651437,0.1625727742661909,0.04491772866239024,0.007077323802335153,0.0005673442603521975
61f9d5b7c8757c297d30,43d62f5dadd5ef81371bbd8a713ecce359d75772d1c445479691bcf877f295c2,standard,2QP,0,1,0.6643398599323711,0.302601773543764,0.033058366523866935,0.0,0.0,0.0,0.0
61f9d5b7c8757c297d30,43d62f5dadd5ef81371bbd8a713ecce359d75772d1c445479691bcf877f295c2,standard,2QP,1,1,0.7533219279268012,0.2290792772664436,0.017598794806749595,0.0,0.0,0.0,0.0
61f9d5b7c8757c297d30,43d62f5dadd5ef81371bbd8a713ecce359d75772d1c445479691bcf877f295c2,standard,4QP,0,1,0.6335665485356052,0.3153963802942631,0.048332054612798506,0.0026365450594195753,6.847149791107718e-05,0.0,0.0
61f9d5b7c8757c297d30,43d62f5dadd5ef81371bbd8a713ecce359d75772d1c445479691bcf877f295c2,standard,4QP,1,1,0.7313514350985126,0.24001451646446942,0.026823428713428323,0.0017579767251234078,5.264299846375256e-05,0.0,0.0
61f9d5b7c8757c297d30,43d62f5dadd5ef81371bbd8a713ecce359d75772d1c445479691bcf877f295c2,standard,6QP,0,1,0.6335073780314775,0.3154064820443604,0.048358795604143974,0.002651357099896426,7.474687554719214e-05,1.2284867241314727e-06,1.1857848949792909e-08
61f9d5b7c8757c297d30,43d62f5dadd5ef81371bbd8a713ecce359d75772d1c445479691bcf877f295c2,standard,6QP,1,1,0.7312847247596989,0.24003265998708895,0.026850900995916596,0.0017721963535141585,5.843779788437313e-05,1.068902880342397e-06,1.1203019648299955e-08
0ed4eccbc41af7c60533,43d62f5dadd5ef81371bbd8a713ecce359d75772d1c445479691bcf877f295c2,standard,2QP,0,1,0.7507119449101411,0.2306802497331673,0.0186078053566879,0.0,0.0,0.0,0.0
0ed4eccbc41af7c60533,43d62f5dadd5ef81371bbd8a713ecce359d75772d1c445479691bcf877f295c2,standard,2QP,1,1,0.8051880897050259,0.18226013388912607,0.012551776405851327,0.0,0.0,0.0,0.0
0ed4eccbc41af7c60533,43d62f5dadd5ef81371bbd8a713ecce359d75772d1c445479691bcf877f295c2,standard,4QP,0,1,0.7341145118018881,0.23917517702615776,0.02553978397940694,0.0011459201747437177,2.4607017797686664e-05,0.0,0.0
0ed4eccbc41af7c60533,43d62f5dadd5ef81371bbd8a713ecce359d75772d1c445479691bcf877f295c2,standard,4QP,1,1,0.7919010600252373,0.1895336721306848,0.01766996384408495,0.000874456119364917,2.084788062672247e-05,0.0,0.0
0ed4eccbc41af7c60533,43d62f5dadd5ef81371bbd8a713ecce359d75772d1c445479691bcf877f295c2,standard,6QP,0,1,0.7340938043407188,0.23918124379424419,0.02554780351046737,0.0011502901817781626,2.650712489952349e-05,3.4839951952478575e-07,2.6483742440982203e-09
0ed4eccbc41af7c60533,43d62f5dadd5ef81371bbd8a713ecce359d75772d1c445479691bcf877f295c2,standard,6QP,1,1,0.7918800143914401,0.18954082350929685,0.017677696350593308,0.0008785066569621385,2.2641443656663103e-05,3.1515087704167007e-07,2.4971830074199002e-09
94178b3da1e574b61ef8,43d62f5dadd5ef81371bbd8a713ecce359d75772d1c445479691bcf877f295c2,standard,2QP,0,1,0.6692968371396162,0.30619550835953324,0.0245076545008536,0.0,0.0,0.0,0.0
94178b3da1e574b61ef8,43d62f5dadd5ef81371bbd8a713ecce359d75772d1c445479691bcf877f295c2,standard,2QP,1,1,0.8516581716553615,0.13901380036723165,0.009328027977407434,0.0,0.0,0.0,0.0
94178b3da1e574b61ef8,43d62f5dadd5ef81371bbd8a713ecce359d75772d1c445479691bcf877f295c2,standard,4QP,0,1,0.6470079514295733,0.3175754806465787,0.03370479603754588,0.001674939155541528,3.6832730765412486e-05,0.0,0.0
94178b3da1e574b61ef8,43d62f5dadd5ef81371bbd8a713ecce359d75772d1c445479691bcf877f295c2,standard,4QP,1,1,0.8430123013300116,0.143561990098263,0.012850540076718339,0.0005622256843360231,1.2942810670329946e-05,0.0,0.0
94178b3da1e574b61ef8,43d62f5dadd5ef81371bbd8a713ecce359d75772d1c445479691bcf877f295c2,standard,6QP,0,1,0.646977142026039,0.31758367043849567,0.03371659221437377,0.0016822440072451887,3.978972057026178e-05,5.572266912373278e-07,4.366580089129122e-09
94178b3da1e574b61ef8,43d62f5dadd5ef81371bbd8a713ecce359d75772d1c445479691bcf877f295c2,standard,6QP,1,1,0.8430003880998524,0.14356588193177466,0.012855122593343699,0.0005644270865708238,1.3997958272942698e-05,1.8095351204112678e-07,1.3766769763363085e-09
3ee7443c982b4162a067,43d62f5dadd5ef81371bbd8a713ecce359d75772d1c445479691bcf877f295c2,standard,2QP,0,1,0.18014208193247533,0.7426216412884146,0.07723627677911116,0.0,0.0,0.0,0.0
3ee7443c982b4162a067,43d62f5dadd5ef81371bbd8a713ecce359d75772d1c445479691bcf877f295c2,standard,2QP,1,1,0.8564893406597366,0.12740643586852493,0.01610422347173843,0.0,0.0,0.0,0.0
3ee7443c982b4162a067,43d62f5dadd5ef81371bbd8a713ecce359d75772d1c445479691bcf877f295c2,standard,4QP,0,1,0.149194570155126,0.7181333443849538,0.1139455351781302,0.017908367308619968,0.000818182973165957,0.0,0.0
3ee7443c982b4162a067,43d62f5dadd5ef81371bbd8a713ecce359d75772d1c445479691bcf877f295c2,standard,4QP,1,1,0.8319636957007138,0.13527125145408003,0.030425221104039946,0.0022232579276911303,0.00011657381347429599,0.0,0.0
3ee7443c982b4162a067,43d62f5dadd5ef81371bbd8a713ecce359d75772d1c445479691bcf877f295c2,standard,6QP,0,1,0.14882752020683543,0.7174321849245833,0.1142305607598653,0.018476131515664972,0.0009914565068498756,4.135186019589223e-05,7.942260098489656e-07
3ee7443c982b4162a067,43d62f5dadd5ef81371bbd8a713ecce359d75772d1c445479691bcf877f295c2,standard,6QP,1,1,0.8317572682090353,0.13529769454692095,0.030537805082437603,0.0022628970480929947,0.00014046374895894208,3.8004648913818027e-06,7.089965907186359e-08
b0b1e7dfca31cb6723b8,43d62f5dadd5ef81371bbd8a713ecce359d75772d1c445479691bcf877f295c2,standard,2QP,0,1,0.051764705342080455,0.8906876024312035,0.05754769222671569,0.0,0.0,0.0,0.0
b0b1e7dfca31cb6723b8,43d62f5dadd5ef81371bbd8a713ecce359d75772d1c445479691bcf877f295c2,standard,2QP,1,1,0.9224814853786493,0.07054107481427584,0.006977439807075467,0.0,0.0,0.0,0.0
b0b1e7dfca31cb6723b8,43d62f5dadd5ef81371bbd8a713ecce359d75772d1c445479691bcf877f295c2,standard,4QP,0,1,0.04808917683862377,0.8668824170337589,0.07466505038351545,0.010031728650988853,0.00033162709311404314,0.0,0.0
b0b1e7dfca31cb6723b8,43d62f5dadd5ef81371bbd8a713ecce359d75772d1c445479691bcf877f295c2,standard,4QP,1,1,0.9161806059299172,0.07252201346840492,0.010815192239559172,0.0004644411275321424,1.7747234583506498e-05,0.0,0.0
b0b1e7dfca31cb6723b8,43d62f5dadd5ef81371bbd8a713ecce359d75772d1c445479691bcf877f295c2,standard,6QP,0,1,0.048053329506631694,0.8665898292211321,0.0747384866180379,0.010225970683778349,0.0003792704392453873,1.2929955442485778e-05,1.8357573460059947e-07
b0b1e7dfca31cb6723b8,43d62f5dadd5ef81371bbd8a713ecce359d75772d1c445479691bcf877f295c2,standard,6QP,1,1,0.9161607848113515,0.07252500079724294,0.010826289707151979,0.0004675043392819918,2.007092785729333e-05,3.4491171023990413e-07,4.50540755763181e-09
bbfecf4828e17cc0e37e,43d62f5dadd5ef81371bbd8a713ecce359d75772d1c445479691bcf877f295c2,standard,2QP,0,1,0.0031499410286373445,0.9941584578690363,0.0026916011023254156,0.0,0.0,0.0,0.0
bbfecf4828e17cc0e37e,43d62f5dadd5ef81371bbd8a713ecce359d75772d1c445479691bcf877f295c2,standard,2QP,1,1,0.9974285110411732,0.002564917427280263,6.571531546208147e-06,0.0,0.0,0.0,0.0
bbfecf4828e17cc0e37e,43d62f5dadd5ef81371bbd8a713ecce359d75772d1c445479691bcf877f295c2,standard,4QP,0,1,0.0031498387317706097,0.9941209261701552,0.00272197465909711,7.253118422373207e-06,7.320551501973936e-09,0.0,0.0
bbfecf4828e17cc0e37e,43d62f5dadd5ef81371bbd8a713ecce359d75772d1c445479691bcf877f295c2,standard,4QP,1,1,0.9974283749857479,0.0025649858072551907,6.632270993892697e-06,6.9307960658476395e-09,5.203736923461552e-12,0.0,0.0
bbfecf4828e17cc0e37e,43d62f5dadd5ef81371bbd8a713ecce359d75772d1c445479691bcf877f295c2,standard,6QP,0,1,0.003149838730776461,0.9941209259931318,0.0027219747320028197,7.253194014754528e-06,7.344825888367041e-09,5.313227262135749e-12,1.8330661010326875e-15
bbfecf4828e17cc0e37e,43d62f5dadd5ef81371bbd8a713ecce359d75772d1c445479691bcf877f295c2,standard,6QP,1,1,0.9974283749856498,0.002564985807297177,6.632271042015482e-06,6.930813870744657e-09,5.21564690959713e-12,1.8441751795060133e-15,4.2967744077399785e-19
d732750246a700d1e5a2,2854eeaecd1a9c2eb43945571c0fa36dfddf9b296eb68eec79d912dbce5e697b,standard,2QP,0,1,0.5815985577760012,0.4063931754191906,0.012008266804808192,0.0,0.0,0.0,0.0
d732750246a700d1e5a2,2854eeaecd1a9c2eb43945571c0fa36dfddf9b296eb68eec79d912dbce5e697b,standard,2QP,1,1,0.9689966844278631,0.030393033012803033,0.0006102825593339378,0.0,0.0,0.0,0.0
d732750246a700d1e5a2,2854eeaecd1a9c2eb43945571c0fa36dfddf9b296eb68eec79d912dbce5e697b,standard,4QP,0,1,0.5761129856925589,0.4102256153986445,0.01341589655207439,0.00024373321968404252,1.7691370358999027e-06,0.0,0.0
d732750246a700d1e5a2,2854eeaecd1a9c2eb43945571c0fa36dfddf9b296eb68eec79d912dbce5e697b,standard,4QP,1,1,0.9688707121984842,0.030463893064247467,0.0006589105165747768,6.445866140674925e-06,3.835455001210298e-08,0.0,0.0
d732750246a700d1e5a2,2854eeaecd1a9c2eb43945571c0fa36dfddf9b296eb68eec79d912dbce5e697b,standard,6QP,0,1,0.5761123235945773,0.4102259383638973,0.013416067267593163,0.00024384969136450967,1.8127280894990243e-06,8.33426366219092e-09,2.0215001043062527e-11
d732750246a700d1e5a2,2854eeaecd1a9c2eb43945571c0fa36dfddf9b296eb68eec79d912dbce5e697b,standard,6QP,1,1,0.9688707036863955,0.030463896411517567,0.0006589135278067025,6.447161613561568e-06,3.9093494380861526e-08,1.1894351547608522e-10,2.265223110207726e-13
03667a6257f9137732bb,43d62f5dadd5ef81371bbd8a713ecce359d75772d1c445479691bcf877f295c2,standard,2QP,0,1,0.48887406040802023,0.424508934827166,0.08661700476481395,0.0,0.0,0.0,0.0
03667a6257f9137732bb,43d62f5dadd5ef81371bbd8a713ecce359d75772d1c445479691bcf877f295c2,standard,2QP,1,1,0.5333333985090917,0.39484093572928064,0.07182566576162655,0.0,0.0,0.0,0.0
03667a6257f9137732bb,43d62f5dadd5ef81371bbd8a713ecce359d75772d1c445479691bcf877f295c2,standard,4QP,0,1,0.3637717674912639,0.428484527312597,0.17507795579812535,0.030336768300360847,0.0023289810976508275,0.0,0.0
03667a6257f9137732bb,43d62f5dadd5ef81371bbd8a713ecce359d75772d1c445479691bcf877f295c2,standard,4QP,1,1,0.30816096983001406,0.40694540207776125,0.22112719698657018,0.05799057489868134,0.005775856206980608,0.0,0.0
03667a6257f9137732bb,43d62f5dadd5ef81371bbd8a713ecce359d75772d1c445479691bcf877f295c2,standard,6QP,0,1,0.36048111845881253,0.4270424952369089,0.1768919103684326,0.032203615953679945,0.003188007346835342,0.00018665463235421868,6.198002969857302e-06
03667a6257f9137732bb,43d62f5dadd5ef81371bbd8a713ecce359d75772d1c445479691bcf877f295c2,standard,6QP,1,1,0.2827566818136589,0.39932886764687897,0.2364806302098362,0.07037139989803698,0.010204552265266825,0.0008221023942831502,3.576577203945095e-05
543d5b0e8ea235137a7b,43d62f5dadd5ef81371bbd8a713ecce359d75772d1c445479691bcf877f295c2,standard,2QP,0,1,0.45044523182998447,0.4438057094009806,0.1057490587690345,0.0,0.0,0.0,0.0
543d5b0e8ea235137a7b,43d62f5dadd5ef81371bbd8a713ecce359d75772d1c445479691bcf877f295c2,standard,2QP,1,1,0.46540597412409973,0.43381079593564803,0.10078322994025321,0.0,0.0,0.0,0.0
543d5b0e8ea235137a7b,43d62f5dadd5ef81371bbd8a713ecce359d75772d1c445479691bcf877f295c2,standard,4QP,0,1,0.2649215817747251,0.4163899058787807,0.24460839840501006,0.0664772971890336,0.007602816752447467,0.0,0.0
543d5b0e8ea235137a7b,43d62f5dadd5ef81371bbd8a713ecce359d75772d1c445479691bcf877f295c2,standard,4QP,1,1,0.21746998779729237,0.3952936197471113,0.2813558736969103,0.09360782894024762,0.012272689818437488,0.0,0.0
543d5b0e8ea235137a7b,43d62f5dadd5ef81371bbd8a713ecce359d75772d1c445479691bcf877f295c2,standard,6QP,0,1,0.250803630007222,0.4051795579033317,0.2511404982065299,0.07779631568128162,0.013594319215847257,0.0014067817637614707,7.889722202288639e-05
543d5b0e8ea235137a7b,43d62f5dadd5ef81371bbd8a713ecce359d75772d1c445479691bcf877f295c2,standard,6QP,1,1,0.18435454573225832,0.367551800469201,0.2962158150796598,0.1213696163958874,0.026903906175796535,0.003383347864540152,0.00022096828266322872
16cdfd9a499cea570351,43d62f5dadd5ef81371bbd8a713ecce359d75772d1c445479691bcf877f295c2,standard,2QP,0,1,0.24989961691030246,0.703876282753096,0.046224100336597455,0.0,0.0,0.0,0.0
16cdfd9a499cea570351,43d62f5dadd5ef81371bbd8a713ecce359d75772d1c445479691bcf877f295c2,standard,2QP,1,1,0.9232648290440698,0.07234819566348775,0.004386975292441778,0.0,0.0,0.0,0.0
16cdfd9a499cea570351,43d62f5dadd5ef81371bbd8a713ecce359d75772d1c445479691bcf877f295c2,standard,4QP,0,1,0.23243592148900907,0.7043185745776261,0.0593661226944242,0.0037955185680597623,8.386267087856808e-05,0.0,0.0
16cdfd9a499cea570351,43d62f5dadd5ef81371bbd8a713ecce359d75772d1c445479691bcf877f295c2,standard,4QP,1,1,0.9204993590602021,0.07361035997828425,0.005709515459000534,0.00017711839994136603,3.647102570864726e-06,0.0,0.0
16cdfd9a499cea570351,43d62f5dadd5ef81371bbd8a713ecce359d75772d1c445479691bcf877f295c2,standard,6QP,0,1,0.2324051057834486,0.7043002191568266,0.05938532210960509,0.0038170060314380544,9.085245656393307e-05,1.4823799255604198e-06,1.2082206777544018e-08
16cdfd9a499cea570351,43d62f5dadd5ef81371bbd8a713ecce359d75772d1c445479691bcf877f295c2,standard,6QP,1,1,0.9204968374644963,0.07361105567561922,0.005710624952768463,0.0001775413067531528,3.899755464279709e-06,4.0571650814098045e-08,2.73246002649986e-10
7ec81b4311991431671d,43d62f5dadd5ef81371bbd8a713ecce359d75772d1c445479691bcf877f295c2,standard,2QP,0,1,0.009425121760574348,0.9636124500441503,0.026962428195275612,0.0,0.0,0.0,0.0
7ec81b4311991431671d,43d62f5dadd5ef81371bbd8a713ecce359d75772d1c445479691bcf877f295c2,standard,2QP,1,1,0.9698783517088885,0.028739370370288286,0.0013822779208261327,0.0,0.0,0.0,0.0
7ec81b4311991431671d,43d62f5dadd5ef81371bbd8a713ecce359d75772d1c445479691bcf877f295c2,standard,4QP,0,1,0.009439931857643222,0.958231826367913,0.030499318091744478,0.0018013465376007266,2.7577145099005135e-05,0.0,0.0
7ec81b4311991431671d,43d62f5dadd5ef81371bbd8a713ecce359d75772d1c445479691bcf877f295c2,standard,4QP,1,1,0.9694067634061458,0.02889976683817493,0.0016647627949269873,2.8243716092606016e-05,4.63244658505675e-07,0.0,0.0
7ec81b4311991431671d,43d62f5dadd5ef81371bbd8a713ecce359d75772d1c445479691bcf877f295c2,standard,6QP,0,1,0.009439734464341067,0.9582199181758907,0.030502362581968846,0.00180837428729014,2.9149421038633827e-05,4.5814821973309924e-07,2.9212520707971924e-09
7ec81b4311991431671d,43d62f5dadd5ef81371bbd8a713ecce359d75772d1c445479691bcf877f295c2,standard,6QP,1,1,0.9694065661266764,0.02889980504235922,0.0016648684073431834,2.8270437106657983e-05,4.866350659251965e-07,3.3336856247594296e-09,1.7754331921613085e-11
c24529cc4a3c6a76c6e2,2854eeaecd1a9c2eb43945571c0fa36dfddf9b296eb68eec79d912dbce5e697b,standard,2QP,0,1,0.28965988444922264,0.661248653698782,0.0490914618519952,0.0,0.0,0.0,0.0
c24529cc4a3c6a76c6e2,2854eeaecd1a9c2eb43945571c0fa36dfddf9b296eb68eec79d912dbce5e697b,standard,2QP,1,1,0.9141241862315693,0.08133470584960417,0.004541107918825321,0.0,0.0,0.0,0.0
c24529cc4a3c6a76c6e2,2854eeaecd1a9c2eb43945571c0fa36dfddf9b296eb68eec79d912dbce5e697b,standard,4QP,0,1,0.2704657950766188,0.6631155912474249,0.06285453014830489,0.0034919001621405467,7.218336551187233e-05,0.0,0.0
c24529cc4a3c6a76c6e2,2854eeaecd1a9c2eb43945571c0fa36dfddf9b296eb68eec79d912dbce5e697b,standard,4QP,1,1,0.9115104404249674,0.08258627674172532,0.005726124790159491,0.00017395951092710456,3.198532218195876e-06,0.0,0.0
c24529cc4a3c6a76c6e2,2854eeaecd1a9c2eb43945571c0fa36dfddf9b296eb68eec79d912dbce5e697b,standard,6QP,0,1,0.270439481892517,0.6631045608841863,0.06287029753859463,0.0035070627166133702,7.745508981637535e-05,1.1333559869722768e-06,8.522282039404071e-09
c24529cc4a3c6a76c6e2,2854eeaecd1a9c2eb43945571c0fa36dfddf9b296eb68eec79d912dbce5e697b,standard,6QP,1,1,0.911508551462031,0.08258683746186353,0.005726912472359972,0.00017428425047047596,3.3825090862855364e-06,3.165895258808129e-08,1.8523526175419712e-10
7492f612c267ee2b3cf3,43d62f5dadd5ef81371bbd8a713ecce359d75772d1c445479691bcf877f295c2,standard,2QP,0,1,0.40298430444644073,0.49035976502836376,0.1066559305251953,0.0,0.0,0.0,0.0
7492f612c267ee2b3cf3,43d62f5dadd5ef81371bbd8a713ecce359d75772d1c445479691bcf877f295c2,standard,2QP,1,1,0.5386448640764381,0.37488565196845003,0.08646948395511092,0.0,0.0,0.0,0.0
7492f612c267ee2b3cf3,43d62f5dadd5ef81371bbd8a713ecce359d75772d1c445479691bcf877f295c2,standard,4QP,0,1,0.24233394794214808,0.4579811436577792,0.22975168517169742,0.0633309160468895,0.006602307181480936,0.0,0.0
7492f612c267ee2b3cf3,43d62f5dadd5ef81371bbd8a713ecce359d75772d1c445479691bcf877f295c2,standard,4QP,1,1,0.28666141294789865,0.3642948465732032,0.26432258836142586,0.07511242373318698,0.009608728384285408,0.0,0.0
7492f612c267ee2b3cf3,43d62f5dadd5ef81371bbd8a713ecce359d75772d1c445479691bcf877f295c2,standard,6QP,0,1,0.23182356238547985,0.4481377240603235,0.23463133363610503,0.07300417701729131,0.011233760484834718,0.0011130442544081177,5.639816155190685e-05
7492f612c267ee2b3cf3,43d62f5dadd5ef81371bbd8a713ecce359d75772d1c445479691bcf877f295c2,standard,6QP,1,1,0.2557693859286021,0.3471563950750952,0.28034440027057966,0.09452465890772757,0.019914787526418436,0.002158787181845974,0.00013158510973526087
1c4e4e7eea72262fcd78,43d62f5dadd5ef81371bbd8a713ecce359d75772d1c445479691bcf877f295c2,standard,2QP,0,1,0.4540073470853201,0.44473794875071626,0.10125470416396298,0.0,0.0,0.0,0.0
1c4e4e7eea72262fcd78,43d62f5dadd5ef81371bbd8a713ecce359d75772d1c445479691bcf877f295c2,standard,2QP,1,1,0.48544820362988544,0.4204666860371329,0.09408511033298313,0.0,0.0,0.0,0.0
1c4e4e7eea72262fcd78,43d62f5dadd5ef81371bbd8a713ecce359d75772d1c445479691bcf877f295c2,standard,4QP,0,1,0.2781186793408797,0.4245482549803811,0.2314455407961685,0.059503155378126484,0.006384369504446126,0.0,0.0
1c4e4e7eea72262fcd78,43d62f5dadd5ef81371bbd8a713ecce359d75772d1c445479691bcf877f295c2,standard,4QP,1,1,0.24223447394066785,0.3964050174759319,0.26789540733941825,0.08310818492838581,0.010356916315593623,0.0,0.0
1c4e4e7eea72262fcd78,43d62f5dadd5ef81371bbd8a713ecce359d75772d1c445479691bcf877f295c2,standard,6QP,0,1,0.2665290966078275,0.4159905747289607,0.2370712798509412,0.06841587816095582,0.01090203290868411,0.0010377027931356357,5.343494949466029e-05
1c4e4e7eea72262fcd78,43d62f5dadd5ef81371bbd8a713ecce359d75772d1c445479691bcf877f295c2,standard,6QP,1,1,0.2134043355909108,0.3757876692232676,0.28196064107269814,0.1048827865117038,0.021381058832408716,0.0024368542476396267,0.00014665452137619503
d237338befb391d0ae32,43d62f5dadd5ef81371bbd8a713ecce359d75772d1c445479691bcf877f295c2,standard,2QP,0,1,0.4154725327759569,0.4625731795509489,0.12195428767309542,0.0,0.0,0.0,0.0
d237338befb391d0ae32,43d62f5dadd5ef81371bbd8a713ecce359d75772d1c445479691bcf877f295c2,standard,2QP,1,1,0.4469095479462949,0.4413253678815173,0.11176508417218824,0.0,0.0,0.0,0.0
d237338befb391d0ae32,43d62f5dadd5ef81371bbd8a713ecce359d75772d1c445479691bcf877f295c2,standard,4QP,0,1,0.2398378602718851,0.41769553035988016,0.25962003430331526,0.07397724308764389,0.008869331977274714,0.0,0.0
d237338befb391d0ae32,43d62f5dadd5ef81371bbd8a713ecce359d75772d1c445479691bcf877f295c2,standard,4QP,1,1,0.1619723649989379,0.3662034384028358,0.3250458512722365,0.12763920671866666,0.019139138607326946,0.0,0.0
d237338befb391d0ae32,43d62f5dadd5ef81371bbd8a713ecce359d75772d1c445479691bcf877f295c2,standard,6QP,0,1,0.22630994411415328,0.4049699355335947,0.2652813969049327,0.08602696114793437,0.015607298452132401,0.0017036243171062182,0.00010083953014852519
d237338befb391d0ae32,43d62f5dadd5ef81371bbd8a713ecce359d75772d1c445479691bcf877f295c2,standard,6QP,1,1,0.06687972759116154,0.28065144942314346,0.36929302383922163,0.2109408769011029,0.06155825559713784,0.009873686318732647,0.0008029803295051759
fce8bac54dc05ceb4990,43d62f5dadd5ef81371bbd8a713ecce359d75772d1c445479691bcf877f295c2,standard,2QP,0,1,0.2470916733592281,0.6504568719067054,0.10245145473406858,0.0,0.0,0.0,0.0
fce8bac54dc05ceb4990,43d62f5dadd5ef81371bbd8a713ecce359d75772d1c445479691bcf877f295c2,standard,2QP,1,1,0.7435809079503767,0.21527559454946069,0.041143497500161635,0.0,0.0,0.0,0.0
fce8bac54dc05ceb4990,43d62f5dadd5ef81371bbd8a713ecce359d75772d1c445479691bcf877f295c2,standard,4QP,0,1,0.17952432821151315,0.6106312852328286,0.16900945744817122,0.038221450626752744,0.002613478480732827,0.0,0.0
fce8bac54dc05ceb4990,43d62f5dadd5ef81371bbd8a713ecce359d75772d1c445479691bcf877f295c2,standard,4QP,1,1,0.6243007104086854,0.23585726813039803,0.1198731126139167,0.018201758810381163,0.0017671500366161657,0.0,0.0
fce8bac54dc05ceb4990,43d62f5dadd5ef81371bbd8a713ecce359d75772d1c445479691bcf877f295c2,standard,6QP,0,1,0.17764305773739686,0.6076562528638183,0.1700971556976837,0.04082069584928924,0.003537191294768254,0.0002382146132047501,7.431943849299517e-06
fce8bac54dc05ceb4990,43d62f5dadd5ef81371bbd8a713ecce359d75772d1c445479691bcf877f295c2,standard,6QP,1,1,0.6174502647453296,0.23544894933832655,0.12418205529012069,0.02006100760017127,0.00269707300478185,0.0001545611448023102,6.088876467711554e-06
decc3b08029b25f33c81,43d62f5dadd5ef81371bbd8a713ecce359d75772d1c445479691bcf877f295c2,standard,2QP,0,1,0.19492918162156414,0.7127815630714591,0.09228925530697626,0.0,0.0,0.0,0.0
decc3b08029b25f33c81,43d62f5dadd5ef81371bbd8a713ecce359d75772d1c445479691bcf877f295c2,standard,2QP,1,1,0.8117706160457907,0.16245958660641172,0.025769797347798877,0.0,0.0,0.0,0.0
decc3b08029b25f33c81,43d62f5dadd5ef81371bbd8a713ecce359d75772d1c445479691bcf877f295c2,standard,4QP,0,1,0.15365926366140636,0.6774639210639533,0.14058253500594756,0.026816391991715295,0.0014778882769794456,0.0,0.0
decc3b08029b25f33c81,43d62f5dadd5ef81371bbd8a713ecce359d75772d1c445479691bcf877f295c2,standard,4QP,1,1,0.7584618661668041,0.17568730746910413,0.05924064675792477,0.006158397740544751,0.0004517818656240208,0.0,0.0
decc3b08029b25f33c81,43d62f5dadd5ef81371bbd8a713ecce359d75772d1c445479691bcf877f295c2,standard,6QP,0,1,0.15291141927659102,0.6759982280938059,0.1411006139167647,0.02802375524113234,0.001864039320474691,9.951752700118353e-05,2.4266242276435046e-06
decc3b08029b25f33c81,43d62f5dadd5ef81371bbd8a713ecce359d75772d1c445479691bcf877f295c2,standard,6QP,1,1,0.7572812263559046,0.1757395866555155,0.05994999099150484,0.0064127359074883095,0.0005926613183495354,2.315537724123338e-05,6.433939955810175e-07
bb9dfc78c39069a50566,43d62f5dadd5ef81371bbd8a713ecce359d75772d1c445479691bcf877f295c2,standard,2QP,0,1,0.4764503965426493,0.4513421238376388,0.072207479619712,0.0,0.0,0.0,0.0
bb9dfc78c39069a50566,43d62f5dadd5ef81371bbd8a713ecce359d75772d1c445479691bcf877f295c2,standard,2QP,1,1,0.6576957054545146,0.29537670510272873,0.046927589442758245,0.0,0.0,0.0,0.0
bb9dfc78c39069a50566,43d62f5dadd5ef81371bbd8a713ecce359d75772d1c445479691bcf877f295c2,standard,4QP,0,1,0.37464469009861656,0.4638887974581197,0.13842993098681172,0.021668829811121313,0.0013677516453293747,0.0,0.0
bb9dfc78c39069a50566,43d62f5dadd5ef81371bbd8a713ecce359d75772d1c445479691bcf877f295c2,standard,4QP,1,1,0.538073332378091,0.32536536839258356,0.1169466511132212,0.01825627967094227,0.001358368445163351,0.0,0.0
bb9dfc78c39069a50566,43d62f5dadd5ef81371bbd8a713ecce359d75772d1c445479691bcf877f295c2,standard,6QP,0,1,0.3727743184889507,0.4632229230866907,0.13942850390049913,0.02269676215132764,0.0017880786817660132,8.712856907355499e-05,2.2851216914450247e-06
bb9dfc78c39069a50566,43d62f5dadd5ef81371bbd8a713ecce359d75772d1c445479691bcf877f295c2,standard,6QP,1,1,0.5345341660399398,0.32518488718372834,0.11885182890397515,0.019449868787152356,0.0018821433791697988,9.436466620318864e-05,2.741039829459888e-06
9e25e02af08f8b13bb6e,43d62f5dadd5ef81371bbd8a713ecce359d75772d1c445479691bcf877f295c2,standard,2QP,0,1,0.4505830151638122,0.4590918003263963,0.09032518450979268,0.0,0.0,0.0,0.0
9e25e02af08f8b13bb6e,43d62f5dadd5ef81371bbd8a713ecce359d75772d1c445479691bcf877f295c2,standard,2QP,1,1,0.563252535701652,0.3642330646484594,0.07251439964988923,0.0,0.0,0.0,0.0
9e25e02af08f8b13bb6e,43d62f5dadd5ef81371bbd8a713ecce359d75772d1c445479691bcf877f295c2,standard,4QP,0,1,0.3073196611082692,0.45409489189656055,0.19290076805008038,0.04201441081629625,0.0036702681287964158,0.0,0.0
9e25e02af08f8b13bb6e,43d62f5dadd5ef81371bbd8a713ecce359d75772d1c445479691bcf877f295c2,standard,4QP,1,1,0.3545353679516334,0.37831774273959196,0.21137148757618696,0.0504823197841899,0.005293081948398535,0.0,0.0
9e25e02af08f8b13bb6e,43d62f5dadd5ef81371bbd8a713ecce359d75772d1c445479691bcf877f295c2,standard,6QP,0,1,0.3014333857589707,0.45045749621367875,0.19598794237525274,0.04616021078217458,0.005534729247817435,0.00041003358679844775,1.620203530937431e-05
9e25e02af08f8b13bb6e,43d62f5dadd5ef81371bbd8a713ecce359d75772d1c445479691bcf877f295c2,standard,6QP,1,1,0.3385763719850136,0.3724893576981627,0.22021351701722602,0.05878415441931364,0.009147431980694972,0.0007544198057231287,3.474709386788783e-05
fbafc34ad9b38e9af7e7,43d62f5dadd5ef81371bbd8a713ecce359d75772d1c445479691bcf877f295c2,standard,2QP,0,1,0.00014340035972933293,0.9988695215632151,0.0009870780770563981,0.0,0.0,0.0,0.0
fbafc34ad9b38e9af7e7,43d62f5dadd5ef81371bbd8a713ecce359d75772d1c445479691bcf877f295c2,standard,2QP,1,1,0.9990434239837297,0.0009551267553852764,1.4492608875424381e-06,0.0,0.0,0.0,0.0
fbafc34ad9b38e9af7e7,43d62f5dadd5ef81371bbd8a713ecce359d75772d1c445479691bcf877f295c2,standard,4QP,0,1,0.00014340374978190072,0.9988639190965921,0.0009911168000827034,1.5595842750947628e-06,7.692663600599771e-10,0.0,0.0
fbafc34ad9b38e9af7e7,43d62f5dadd5ef81371bbd8a713ecce359d75772d1c445479691bcf877f295c2,standard,4QP,1,1,0.999043410614401,0.0009551318857920378,1.456763388340891e-06,7.360707256144987e-10,3.4677715367978463e-13,0.0,0.0
fbafc34ad9b38e9af7e7,43d62f5dadd5ef81371bbd8a713ecce359d75772d1c445479691bcf877f295c2,standard,6QP,0,1,0.00014340374978169787,0.9988639190873714,0.0009911168028792796,1.5595892295009182e-06,7.704489889552876e-10,3.522381560871467e-13,6.787660085874005e-17
fbafc34ad9b38e9af7e7,43d62f5dadd5ef81371bbd8a713ecce359d75772d1c445479691bcf877f295c2,standard,6QP,1,1,0.9990434106144221,0.0009551318857930137,1.45676339029272e-06,7.360712351283303e-10,3.4722866092002466e-13,6.802164795394899e-17,1.0216303353974901e-20
8a62d21ea9947bb7aa35,43d62f5dadd5ef81371bbd8a713ecce359d75772d1c445479691bcf877f295c2,standard,2QP,0,1,0.9150744080142214,0.08319274677401226,0.0017328452117680488,0.0,0.0,0.0,0.0
8a62d21ea9947bb7aa35,43d62f5dadd5ef81371bbd8a713ecce359d75772d1c445479691bcf877f295c2,standard,2QP,1,1,0.964123645825802,0.03533794593245822,0.0005384082417378725,0.0,0.0,0.0,0.0
8a62d21ea9947bb7aa35,43d62f5dadd5ef81371bbd8a713ecce359d75772d1c445479691bcf877f295c2,standard,4QP,0,1,0.9146107044750398,0.08351515774557626,0.0018566872972091836,1.737328501141332e-05,7.719715908247287e-08,0.0,0.0
8a62d21ea9947bb7aa35,43d62f5dadd5ef81371bbd8a713ecce359d75772d1c445479691bcf877f295c2,standard,4QP,1,1,0.9640162938743596,0.0354070500665764,0.0005718633283747555,4.771397870277481e-06,2.1332817001853246e-08,0.0,0.0
8a62d21ea9947bb7aa35,43d62f5dadd5ef81371bbd8a713ecce359d75772d1c445479691bcf877f295c2,standard,6QP,0,1,0.9146106854908631,0.08351516797911285,0.0018566921168513017,1.7375882332514915e-05,7.832742567179555e-08,2.031359314282143e-10,3.0180932386125065e-13
8a62d21ea9947bb7aa35,43d62f5dadd5ef81371bbd8a713ecce359d75772d1c445479691bcf877f295c2,standard,6QP,1,1,0.9640162896861625,0.035407052054973825,0.0005718645559264559,4.772012179740607e-06,2.1638915167584442e-08,5.177445027666258e-11,7.235658234321162e-14
e63630814a6c0d5e7fad,43d62f5dadd5ef81371bbd8a713ecce359d75772d1c445479691bcf877f295c2,standard,2QP,0,1,0.9024347157084269,0.09545852324329036,0.0021067610482811585,0.0,0.0,0.0,0.0
e63630814a6c0d5e7fad,43d62f5dadd5ef81371bbd8a713ecce359d75772d1c445479691bcf877f295c2,standard,2QP,1,1,0.964862457421978,0.03475264204781464,0.0003849005302088637,0.0,0.0,0.0,0.0
e63630814a6c0d5e7fad,43d62f5dadd5ef81371bbd8a713ecce359d75772d1c445479691bcf877f295c2,standard,4QP,0,1,0.9019408189663793,0.09579996196423689,0.002242512465310439,1.6647124355963984e-05,5.9479723882997624e-08,0.0,0.0
e63630814a6c0d5e7fad,43d62f5dadd5ef81371bbd8a713ecce359d75772d1c445479691bcf877f295c2,standard,4QP,1,1,0.9647995106794751,0.034794750226827154,0.00040302072375119323,2.708812911651551e-06,9.557033044708142e-09,0.0,0.0
e63630814a6c0d5e7fad,43d62f5dadd5ef81371bbd8a713ecce359d75772d1c445479691bcf877f295c2,standard,6QP,0,1,0.9019408063473207,0.09579996890505924,0.0022425157472235617,1.6648717982702226e-05,6.015486762199945e-08,1.2741954996586174e-10,1.5848383985507998e-13
e63630814a6c0d5e7fad,43d62f5dadd5ef81371bbd8a713ecce359d75772d1c445479691bcf877f295c2,standard,6QP,1,1,0.9647995091408216,0.034794750985203605,0.0004030211600209418,2.7090324003577114e-06,9.662605920288871e-09,1.892316797933406e-11,2.1695232880121808e-14
a433b82de9d2b6aeabd6,43d62f5dadd5ef81371bbd8a713ecce359d75772d1c445479691bcf877f295c2,standard,2QP,0,1,0.43458815431245335,0.451300646171564,0.11411119951598343,0.0,0.0,0.0,0.0
a433b82de9d2b6aeabd6,43d62f5dadd5ef81371bbd8a713ecce359d75772d1c445479691bcf877f295c2,standard,2QP,1,1,0.44759164111576405,0.44280618860408144,0.1096021702801526,0.0,0.0,0.0,0.0
a433b82de9d2b6aeabd6,43d62f5dadd5ef81371bbd8a713ecce359d75772d1c445479691bcf877f295c2,standard,4QP,0,1,0.23899141897452614,0.40925346187910633,0.26333936881102965,0.07861501907466363,0.009800731260676229,0.0,0.0
a433b82de9d2b6aeabd6,43d62f5dadd5ef81371bbd8a713ecce359d75772d1c445479691bcf877f295c2,standard,4QP,1,1,0.19337928792257994,0.3853195824679204,0.2985591264201613,0.1075148592667902,0.015227143922546552,0.0,0.0
a433b82de9d2b6aeabd6,43d62f5dadd5ef81371bbd8a713ecce359d75772d1c445479691bcf877f295c2,standard,6QP,0,1,0.2208151292809556,0.3925313345446653,0.27081304220230423,0.09465844872284788,0.018819970928546065,0.0022213968795730525,0.00014067744110182314
a433b82de9d2b6aeabd6,43d62f5dadd5ef81371bbd8a713ecce359d75772d1c445479691bcf877f295c2,standard,6QP,1,1,0.15325505726047045,0.34573532233333243,0.31381044297044963,0.14498808228682863,0.03657311101397113,0.005251029698844876,0.0003869544361073444
a91bd2c4050c0a367a8b,43d62f5dadd5ef81371bbd8a713ecce359d75772d1c445479691bcf877f295c2,standard,2QP,0,1,0.44935653865651376,0.44825003477509623,0.10239342656839032,0.0,0.0,0.0,0.0
a91bd2c4050c0a367a8b,43d62f5dadd5ef81371bbd8a713ecce359d75772d1c445479691bcf877f295c2,standard,2QP,1,1,0.4981907252032348,0.41363690344363757,0.08817237135312808,0.0,0.0,0.0,0.0
a91bd2c4050c0a367a8b,43d62f5dadd5ef81371bbd8a713ecce359d75772d1c445479691bcf877f295c2,standard,4QP,0,1,0.2999684587797803,0.43368668060628124,0.21439726239951823,0.047448258118414896,0.0044993400960044,0.0,0.0
a91bd2c4050c0a367a8b,43d62f5dadd5ef81371bbd8a713ecce359d75772d1c445479691bcf877f295c2,standard,4QP,1,1,0.2249253489029369,0.3904293605976915,0.2821477051113423,0.09126406804283486,0.011233517345191995,0.0,0.0
a91bd2c4050c0a367a8b,43d62f5dadd5ef81371bbd8a713ecce359d75772d1c445479691bcf877f295c2,standard,6QP,0,1,0.2933414875065814,0.42928190720211773,0.21783294806425768,0.0521695349702409,0.006816461319559485,0.0005344343726590636,2.3226564577314252e-05
a91bd2c4050c0a367a8b,43d62f5dadd5ef81371bbd8a713ecce359d75772d1c445479691bcf877f295c2,standard,6QP,1,1,0.1697404434937254,0.36082793163209903,0.31464510484980274,0.12625920115958647,0.02552590434270846,0.0028348546684918248,0.00016655985358973073
5aa1efcb4ce4c3e49e45,43d62f5dadd5ef81371bbd8a713ecce359d75772d1c445479691bcf877f295c2,standard,2QP,0,1,0.6193951130605413,0.3364742016191697,0.044130685320289895,0.0,0.0,0.0,0.0
5aa1efcb4ce4c3e49e45,43d62f5dadd5ef81371bbd8a713ecce359d75772d1c445479691bcf877f295c2,standard,2QP,1,1,0.6932597521316746,0.27918957473256734,0.027550673135754246,0.0,0.0,0.0,0.0
5aa1efcb4ce4c3e49e45,43d62f5dadd5ef81371bbd8a713ecce359d75772d1c445479691bcf877f295c2,standard,4QP,0,1,0.5714873078346768,0.3527558388123339,0.07039519076924977,0.005181796011103012,0.00017986657263676715,0.0,0.0
5aa1efcb4ce4c3e49e45,43d62f5dadd5ef81371bbd8a713ecce359d75772d1c445479691bcf877f295c2,standard,4QP,1,1,0.6472844717624411,0.2985794611882991,0.04925153254118805,0.004690129372255753,0.0001944051358119121,0.0,0.0
5aa1efcb4ce4c3e49e45,43d62f5dadd5ef81371bbd8a713ecce359d75772d1c445479691bcf877f295c2,standard,6QP,0,1,0.5713049211315755,0.352766500159344,0.0704848278338139,0.005236134991357894,0.00020296820833873004,4.586994670861594e-06,6.06809053426037e-08
5aa1efcb4ce4c3e49e45,43d62f5dadd5ef81371bbd8a713ecce359d75772d1c445479691bcf877f295c2,standard,6QP,1,1,0.6469434146370421,0.29864046712619297,0.04940868642243038,0.004774600057126726,0.00022675530270556586,5.986642957141926e-06,8.981154479089753e-08
14cb044e5a6e6e32dcdc,43d62f5dadd5ef81371bbd8a713ecce359d75772d1c445479691bcf877f295c2,standard,2QP,0,1,0.4666186676975722,0.4385334183562038,0.09484791394622308,0.0,0.0,0.0,0.0
14cb044e5a6e6e32dcdc,43d62f5dadd5ef81371bbd8a713ecce359d75772d1c445479691bcf877f295c2,standard,2QP,1,1,0.5030573017354264,0.41005880349237084,0.08688389477220113,0.0,0.0,0.0,0.0
14cb044e5a6e6e32dcdc,43d62f5dadd5ef81371bbd8a713ecce359d75772d1c445479691bcf877f295c2,standard,4QP,0,1,0.3016296549321252,0.42832858114780636,0.21443722744782678,0.050591857870789625,0.005012678601450663,0.0,0.0
14cb044e5a6e6e32dcdc,43d62f5dadd5ef81371bbd8a713ecce359d75772d1c445479691bcf877f295c2,standard,4QP,1,1,0.2716532888425484,0.4009441149011037,0.24824889344138248,0.07094430239530586,0.008209400419661662,0.0,0.0
14cb044e5a6e6e32dcdc,43d62f5dadd5ef81371bbd8a713ecce359d75772d1c445479691bcf877f295c2,standard,6QP,0,1,0.29266439865262367,0.42257085016260854,0.21901013149096663,0.056936568382278174,0.008099410356975244,0.0006869111611587566,3.172979339403133e-05
14cb044e5a6e6e32dcdc,43d62f5dadd5ef81371bbd8a713ecce359d75772d1c445479691bcf877f295c2,standard,6QP,1,1,0.2486311498806267,0.38723921331956124,0.260215584547186,0.08654850022846353,0.015696054089101356,0.0015842002785441715,8.529765651991472e-05
54f7df7cca8eb3d7e9bb,43d62f5dadd5ef81371bbd8a713ecce359d75772d1c445479691bcf877f295c2,standard,2QP,0,1,0.00023450693586573,0.9978128629027712,0.0019526301613625899,0.0,0.0,0.0,0.0
54f7df7cca8eb3d7e9bb,43d62f5dadd5ef81371bbd8a713ecce359d75772d1c445479691bcf877f295c2,standard,2QP,1,1,0.9980814365971817,0.0019114984266966172,7.064976121188097e-06,0.0,0.0,0.0,0.0
54f7df7cca8eb3d7e9bb,43d62f5dadd5ef81371bbd8a713ecce359d75772d1c445479691bcf877f295c2,standard,4QP,0,1,0.00023452533274433937,0.9977879582197489,0.001969872211775726,7.635856704172737e-06,8.37902682588444e-09,0.0,0.0
54f7df7cca8eb3d7e9bb,43d62f5dadd5ef81371bbd8a713ecce359d75772d1c445479691bcf877f295c2,standard,4QP,1,1,0.9980812833142387,0.0019115522617170577,7.156416108066773e-06,7.998797186589024e-09,9.137974799163157e-12,0.0,0.0
54f7df7cca8eb3d7e9bb,43d62f5dadd5ef81371bbd8a713ecce359d75772d1c445479691bcf877f295c2,standard,6QP,0,1,0.0002345253327319583,0.9977879579745821,0.001969872279117642,7.635995062301339e-06,8.409209799327335e-09,9.335672880377016e-12,4.167710519752642e-15
54f7df7cca8eb3d7e9bb,43d62f5dadd5ef81371bbd8a713ecce359d75772d1c445479691bcf877f295c2,standard,6QP,1,1,0.9980812833140027,0.0019115522617715356,7.156416237342304e-06,7.998828401762493e-09,9.168175800385798e-12,4.167549095292968e-15,1.49367007544887e-18
e3239a1197cc773f9d1f,43d62f5dadd5ef81371bbd8a713ecce359d75772d1c445479691bcf877f295c2,standard,2QP,0,1,0.3527807721575179,0.5323988439574747,0.11482038388500712,0.0,0.0,0.0,0.0
e3239a1197cc773f9d1f,43d62f5dadd5ef81371bbd8a713ecce359d75772d1c445479691bcf877f295c2,standard,2QP,1,1,0.5765765419649109,0.34244185462954096,0.08098160340554741,0.0,0.0,0.0,0.0
e3239a1197cc773f9d1f,43d62f5dadd5ef81371bbd8a713ecce359d75772d1c445479691bcf877f295c2,standard,4QP,0,1,0.2228326494749386,0.4906708761088846,0.22139579204702461,0.059398563207496244,0.0057021191616568444,0.0,0.0
e3239a1197cc773f9d1f,43d62f5dadd5ef81371bbd8a713ecce359d75772d1c445479691bcf877f295c2,standard,4QP,1,1,0.29839800597002725,0.33236151710667927,0.27944655293611237,0.07907868158297245,0.010715242404206229,0.0,0.0
e3239a1197cc773f9d1f,43d62f5dadd5ef81371bbd8a713ecce359d75772d1c445479691bcf877f295c2,standard,6QP,0,1,0.2160330346655917,0.48312159193994897,0.224579974638375,0.0664787195789154,0.008926446744112365,0.0008224765972559047,3.775583580296342e-05
e3239a1197cc773f9d1f,43d62f5dadd5ef81371bbd8a713ecce359d75772d1c445479691bcf877f295c2,standard,6QP,1,1,0.2377933438337561,0.30670125287764927,0.31635667633045,0.11051774779398016,0.0256444933113602,0.0028042863591750517,0.00018219949362705982
982b53cd019dc4a60fa3,2854eeaecd1a9c2eb43945571c0fa36dfddf9b296eb68eec79d912dbce5e697b,standard,2QP,0,1,0.019636737537353052,0.95899949040568,0.02136377205696929,0.0,0.0,0.0,0.0
982b53cd019dc4a60fa3,2854eeaecd1a9c2eb43945571c0fa36dfddf9b296eb68eec79d912dbce5e697b,standard,2QP,1,1,0.9782761764425841,0.021099708860283027,0.0006241146971313204,0.0,0.0,0.0,0.0
982b53cd019dc4a60fa3,2854eeaecd1a9c2eb43945571c0fa36dfddf9b296eb68eec79d912dbce5e697b,standard,4QP,0,1,0.019494553017726256,0.9562270034323312,0.023461179723961684,0.0008093857839956369,7.878041985048062e-06,0.0,0.0
982b53cd019dc4a60fa3,2854eeaecd1a9c2eb43945571c0fa36dfddf9b296eb68eec79d912dbce5e697b,standard,4QP,1,1,0.9781436173989414,0.02115315827718012,0.0006955325495005446,7.622121092384387e-06,6.965328587773797e-08,0.0,0.0
982b53cd019dc4a60fa3,2854eeaecd1a9c2eb43945571c0fa36dfddf9b296eb68eec79d912dbce5e697b,standard,6QP,0,1,0.01949448174698805,0.9562250981959486,0.02346180424180225,0.0008104072187707667,8.141396532343084e-06,6.695639055973273e-08,2.4356514968230704e-10
982b53cd019dc4a60fa3,2854eeaecd1a9c2eb43945571c0fa36dfddf9b296eb68eec79d912dbce5e697b,standard,6QP,1,1,0.9781436001635165,0.021153162572854003,0.0006955407802269061,7.624600952320199e-06,7.159694876041729e-08,2.8469249399049335e-10,8.108133284836966e-13
744d1f852ced68b68ec6,2854eeaecd1a9c2eb43945571c0fa36dfddf9b296eb68eec79d912dbce5e697b,standard,2QP,0,1,0.6655517017469404,0.303821236541069,0.030627061711989464,0.0,0.0,0.0,0.0
744d1f852ced68b68ec6,2854eeaecd1a9c2eb43945571c0fa36dfddf9b296eb68eec79d912dbce5e697b,standard,2QP,1,1,0.7742083027446058,0.20745304064388687,0.01833865661150793,0.0,0.0,0.0,0.0
744d1f852ced68b68ec6,2854eeaecd1a9c2eb43945571c0fa36dfddf9b296eb68eec79d912dbce5e697b,standard,4QP,0,1,0.6313547299593492,0.3190787528690538,0.046441449832952376,0.0030342138151640673,9.085352347940393e-05,0.0,0.0
744d1f852ced68b68ec6,2854eeaecd1a9c2eb43945571c0fa36dfddf9b296eb68eec79d912dbce5e697b,standard,4QP,1,1,0.7495212063331038,0.21948181898989538,0.0289945456634925,0.0019391406784204782,6.328833508791015e-05,0.0,0.0
744d1f852ced68b68ec6,2854eeaecd1a9c2eb43945571c0fa36dfddf9b296eb68eec79d912dbce5e697b,standard,6QP,0,1,0.6312569721045137,0.3190975465898629,0.04648277245595392,0.0030592939336010873,0.00010142580944133503,1.967361540739488e-06,2.1745083558167035e-08
744d1f852ced68b68ec6,2854eeaecd1a9c2eb43945571c0fa36dfddf9b296eb68eec79d912dbce5e697b,standard,6QP,1,1,0.7494349378065395,0.21950518947258493,0.029029878469331985,0.0019572509395200484,7.132855563474853e-05,1.3988217301709902e-06,1.5934653267540345e-08
b91d8adcfe11bcc5c8ab,43d62f5dadd5ef81371bbd8a713ecce359d75772d1c445479691bcf877f295c2,standard,2QP,0,1,0.4472749922894986,0.4616200260494765,0.09110498166102629,0.0,0.0,0.0,0.0
b91d8adcfe11bcc5c8ab,43d62f5dadd5ef81371bbd8a713ecce359d75772d1c445479691bcf877f295c2,standard,2QP,1,1,0.5789086853501384,0.35534153571012095,0.06574977893973889,0.0,0.0,0.0,0.0
b91d8adcfe11bcc5c8ab,43d62f5dadd5ef81371bbd8a713ecce359d75772d1c445479691bcf877f295c2,standard,4QP,0,1,0.32798425618957544,0.45938228516398366,0.1777529802143506,0.032425955675609505,0.002454522756474262,0.0,0.0
b91d8adcfe11bcc5c8ab,43d62f5dadd5ef81371bbd8a713ecce359d75772d1c445479691bcf877f295c2,standard,4QP,1,1,0.36964486743181935,0.37394015131371217,0.2032587533646729,0.04833658467318937,0.004819643216607429,0.0,0.0
b91d8adcfe11bcc5c8ab,43d62f5dadd5ef81371bbd8a713ecce359d75772d1c445479691bcf877f295c2,standard,6QP,0,1,0.3248235728051488,0.45764640536637435,0.17948342861101144,0.0344762888732042,0.0033610300977034552,0.00020258251598400496,6.691730574325999e-06
b91d8adcfe11bcc5c8ab,43d62f5dadd5ef81371bbd8a713ecce359d75772d1c445479691bcf877f295c2,standard,6QP,1,1,0.3483895342289039,0.36885015296540247,0.21621273760081824,0.05757638235050206,0.008310470169676813,0.0006334815131778319,2.7241171510398242e-05
28b8c19eb15854eb8a12,43d62f5dadd5ef81371bbd8a713ecce359d75772d1c445479691bcf877f295c2,standard,2QP,0,1,0.17692011437401178,0.7293821109324388,0.09369777469355092,0.0,0.0,0.0,0.0
28b8c19eb15854eb8a12,43d62f5dadd5ef81371bbd8a713ecce359d75772d1c445479691bcf877f295c2,standard,2QP,1,1,0.8050197818289467,0.16591811676828822,0.02906210140276466,0.0,0.0,0.0,0.0
28b8c19eb15854eb8a12,43d62f5dadd5ef81371bbd8a713ecce359d75772d1c445479691bcf877f295c2,standard,4QP,0,1,0.13181872754869878,0.681614066549285,0.1488943104146361,0.035435595377673025,0.0022373001097110243,0.0,0.0
28b8c19eb15854eb8a12,43d62f5dadd5ef81371bbd8a713ecce359d75772d1c445479691bcf877f295c2,standard,4QP,1,1,0.7342841074435219,0.18165500727981523,0.07488199530715996,0.008472113880811082,0.0007067760886913579,0.0,0.0
28b8c19eb15854eb8a12,43d62f5dadd5ef81371bbd8a713ecce359d75772d1c445479691bcf877f295c2,standard,6QP,0,1,0.13054024233305472,0.6785500801168063,0.14974644952256674,0.037936367338009945,0.003019405152570885,0.00020161482566294527,5.8407113265402245e-06
28b8c19eb15854eb8a12,43d62f5dadd5ef81371bbd8a713ecce359d75772d1c445479691bcf877f295c2,standard,6QP,1,1,0.7321788192720965,0.18169211631824717,0.07615530884123359,0.008942828441755162,0.0009852341736891757,4.4267588228449865e-05,1.425364748729792e-06
4e8ffb7b8e9d998b4dce,43d62f5dadd5ef81371bbd8a713ecce359d75772d1c445479691bcf877f295c2,standard,2QP,0,1,0.3578775637284859,0.5210590921904028,0.12106334408110847,0.0,0.0,0.0,0.0
4e8ffb7b8e9d998b4dce,43d62f5dadd5ef81371bbd8a713ecce359d75772d1c445479691bcf877f295c2,standard,2QP,1,1,0.5366481125532871,0.3694981753108992,0.09385371213581427,0.0,0.0,0.0,0.0
4e8ffb7b8e9d998b4dce,43d62f5dadd5ef81371bbd8a713ecce359d75772d1c445479691bcf877f295c2,standard,4QP,0,1,0.21383013400241463,0.4697853009955141,0.23900706579295825,0.06993715987011014,0.007440339338999716,0.0,0.0
4e8ffb7b8e9d998b4dce,43d62f5dadd5ef81371bbd8a713ecce359d75772d1c445479691bcf877f295c2,standard,4QP,1,1,0.2375477868914244,0.33520804888151184,0.31216982583540176,0.10023707692872703,0.014837261462934587,0.0,0.0
4e8ffb7b8e9d998b4dce,43d62f5dadd5ef81371bbd8a713ecce359d75772d1c445479691bcf877f295c2,standard,6QP,0,1,0.20436792929415937,0.45877685569394033,0.24301306901337671,0.0800816878691895,0.012393160215983797,0.001299370437318863,6.792747602874481e-05
4e8ffb7b8e9d998b4dce,43d62f5dadd5ef81371bbd8a713ecce359d75772d1c445479691bcf877f295c2,standard,6QP,1,1,0.15483493185385147,0.28714121399897974,0.35863119953218375,0.1520302972392758,0.04153758820765217,0.005417649634742959,0.00040711953330800133
b54e7c917935b3212b43,43d62f5dadd5ef81371bbd8a713ecce359d75772d1c445479691bcf877f295c2,standard,2QP,0,1,0.43223440765359555,0.46407619447876636,0.10368939786763733,0.0,0.0,0.0,0.0
b54e7c917935b3212b43,43d62f5dadd5ef81371bbd8a713ecce359d75772d1c445479691bcf877f295c2,standard,2QP,1,1,0.5087414236988465,0.4004131545979195,0.09084542170323459,0.0,0.0,0.0,0.0
b54e7c917935b3212b43,43d62f5dadd5ef81371bbd8a713ecce359d75772d1c445479691bcf877f295c2,standard,4QP,0,1,0.26241086465357993,0.4388189052612537,0.23104972779169983,0.06122902713309555,0.0064914751603698155,0.0,0.0
b54e7c917935b3212b43,43d62f5dadd5ef81371bbd8a713ecce359d75772d1c445479691bcf877f295c2,standard,4QP,1,1,0.2607639385981135,0.3824987614278301,0.2669004479592872,0.07977760785541572,0.010059244159349025,0.0,0.0
b54e7c917935b3212b43,43d62f5dadd5ef81371bbd8a713ecce359d75772d1c445479691bcf877f295c2,standard,6QP,0,1,0.251259142409439,0.4297001889998301,0.23636017712724922,0.07048241096854073,0.01107072709712233,0.0010724863312099912,5.4867066597201124e-05
b54e7c917935b3212b43,43d62f5dadd5ef81371bbd8a713ecce359d75772d1c445479691bcf877f295c2,standard,6QP,1,1,0.23092315360546667,0.36336254134071216,0.28185817797450485,0.10057898358767166,0.02081349290849782,0.0023230080495682307,0.00014064253357884863
42bedc16b894a08a5255,43d62f5dadd5ef81371bbd8a713ecce359d75772d1c445479691bcf877f295c2,standard,2QP,0,1,0.38922837750882056,0.4866365332158396,0.1241350892753412,0.0,0.0,0.0,0.0
42bedc16b894a08a5255,43d62f5dadd5ef81371bbd8a713ecce359d75772d1c445479691bcf877f295c2,standard,2QP,1,1,0.47630492515707534,0.4156550338244499,0.10804004101847471,0.0,0.0,0.0,0.0
42bedc16b894a08a5255,43d62f5dadd5ef81371bbd8a713ecce359d75772d1c445479691bcf877f295c2,standard,4QP,0,1,0.2235021206248942,0.4349984924315193,0.2563927268867577,0.07616786783963457,0.008938792217193793,0.0,0.0
42bedc16b894a08a5255,43d62f5dadd5ef81371bbd8a713ecce359d75772d1c445479691bcf877f295c2,standard,4QP,1,1,0.1815321038960332,0.35141515079860125,0.327181300244554,0.1213054232969328,0.018566021763879108,0.0,0.0
42bedc16b894a08a5255,43d62f5dadd5ef81371bbd8a713ecce359d75772d1c445479691bcf877f295c2,standard,6QP,0,1,0.21075282239846696,0.4214978294266456,0.2615147608169282,0.0886888295604104,0.01568690484236609,0.0017563289328989707,0.00010252402228324624
42bedc16b894a08a5255,43d62f5dadd5ef81371bbd8a713ecce359d75772d1c445479691bcf877f295c2,standard,6QP,1,1,0.08696977334233584,0.27513277065416264,0.37301315854591827,0.19661426085519187,0.058524772364968405,0.009006765769237132,0.0007384984681883905
5c8e229245230feb99ee,43d62f5dadd5ef81371bbd8a713ecce359d75772d1c445479691bcf877f295c2,standard,2QP,0,1,0.0003206635338355903,0.9982221225906234,0.0014572138755426505,0.0,0.0,0.0,0.0
5c8e229245230feb99ee,43d62f5dadd5ef81371bbd8a713ecce359d75772d1c445479691bcf877f295c2,standard,2QP,1,1,0.9985865914093883,0.0014104010143946703,3.0075762211018606e-06,0.0,0.0,0.0,0.0
5c8e229245230feb99ee,43d62f5dadd5ef81371bbd8a713ecce359d75772d1c445479691bcf877f295c2,standard,4QP,0,1,0.0003206723798010126,0.9982095011814025,0.0014665649996778998,3.259113170390596e-06,2.325949986043766e-09,0.0,0.0
5c8e229245230feb99ee,43d62f5dadd5ef81371bbd8a713ecce359d75772d1c445479691bcf877f295c2,standard,4QP,1,1,0.9985865493286146,0.0014104182356856438,3.030224256500938e-06,2.2100228620643704e-09,1.4217350113673604e-12,0.0,0.0
5c8e229245230feb99ee,43d62f5dadd5ef81371bbd8a713ecce359d75772d1c445479691bcf877f295c2,standard,6QP,0,1,0.00032067237979283003,0.9982095011399819,0.0014665650131673218,3.2591342845514046e-06,2.331377800906791e-09,1.4532276290255777e-12,3.9298373056698115e-16
5c8e229245230feb99ee,43d62f5dadd5ef81371bbd8a713ecce359d75772d1c445479691bcf877f295c2,standard,6QP,1,1,0.9985865493286177,0.0014104182356923629,3.030224267773162e-06,2.21002612998008e-09,1.4244430440500283e-12,3.926959087930701e-16,7.880135067856349e-20
a2c392580d26591dbfc4,2854eeaecd1a9c2eb43945571c0fa36dfddf9b296eb68eec79d912dbce5e697b,standard,2QP,0,1,0.8813453078994083,0.11523187652986486,0.0034228155707328248,0.0,0.0,0.0,0.0
a2c392580d26591dbfc4,2854eeaecd1a9c2eb43945571c0fa36dfddf9b296eb68eec79d912dbce5e697b,standard,2QP,1,1,0.9475110991739518,0.05136028883188974,0.001128611994156077,0.0,0.0,0.0,0.0
a2c392580d26591dbfc4,2854eeaecd1a9c2eb43945571c0fa36dfddf9b296eb68eec79d912dbce5e697b,standard,4QP,0,1,0.8800299043843136,0.11612296117306557,0.0037939171064908126,5.2866100527380276e-05,3.5123560036640685e-07,0.0,0.0
a2c392580d26591dbfc4,2854eeaecd1a9c2eb43945571c0fa36dfddf9b296eb68eec79d912dbce5e697b,standard,4QP,1,1,0.9471808774520205,0.051570326325627566,0.001233511344717051,1.5184996873221014e-05,9.988076195007812e-08,0.0,0.0
a2c392580d26591dbfc4,2854eeaecd1a9c2eb43945571c0fa36dfddf9b296eb68eec79d912dbce5e697b,standard,6QP,0,1,0.8800297786113757,0.11612302588409668,0.0037939509342038444,5.2884012867934613e-05,3.591408788183377e-07,1.4133879983265981e-09,3.1865958799510853e-12
a2c392580d26591dbfc4,2854eeaecd1a9c2eb43945571c0fa36dfddf9b296eb68eec79d912dbce5e697b,standard,6QP,1,1,0.9471808478438849,0.05157034016627543,0.0012335202141643949,1.518935073236108e-05,1.0205826948536065e-07,3.658943285032885e-10,7.746136582545333e-13
265f9c1a7aad3315ad5c,da0f830a8e7cf8900d6a4ead858f6b77b8f28f75bdb5dbeaf82ef07eeb78c498,standard,2QP,0,1,0.4889845608940764,0.44842876849895213,0.06258667060697005,0.0,0.0,0.0,0.0
265f9c1a7aad3315ad5c,da0f830a8e7cf8900d6a4ead858f6b77b8f28f75bdb5dbeaf82ef07eeb78c498,standard,2QP,1,1,0.7367038510839848,0.23598915540017365,0.02730699351584125,0.0,0.0,0.0,0.0
265f9c1a7aad3315ad5c,da0f830a8e7cf8900d6a4ead858f6b77b8f28f75bdb5dbeaf82ef07eeb78c498,standard,4QP,0,1,0.4256941045578307,0.46203838818995097,0.10170764219147257,0.010134711060697812,0.0004251540000462741,0.0,0.0
265f9c1a7aad3315ad5c,da0f830a8e7cf8900d6a4ead858f6b77b8f28f75bdb5dbeaf82ef07eeb78c498,standard,4QP,1,1,0.6874186710746713,0.2541521574300335,0.052789762980674726,0.00537170114571324,0.0002677073689064408,0.0,0.0
265f9c1a7aad3315ad5c,da0f830a8e7cf8900d6a4ead858f6b77b8f28f75bdb5dbeaf82ef07eeb78c498,standard,6QP,0,1,0.42529229695889076,0.46196699785283313,0.1019198485871276,0.01031097550102297,0.000494914680930829,1.47230673037759e-05,2.4335189519561856e-07
265f9c1a7aad3315ad5c,da0f830a8e7cf8900d6a4ead858f6b77b8f28f75bdb5dbeaf82ef07eeb78c498,standard,6QP,1,1,0.6868798163038424,0.2542237121142156,0.053060899701503544,0.005503049982254571,0.00032244750412469236,9.893141528537731e-06,1.812525285463638e-07
12e227f0f84b75c9f3e9,43d62f5dadd5ef81371bbd8a713ecce359d75772d1c445479691bcf877f295c2,standard,2QP,0,1,0.004521589679738375,0.9769870259041847,0.018491384416075625,0.0,0.0,0.0,0.0
12e227f0f84b75c9f3e9,43d62f5dadd5ef81371bbd8a713ecce359d75772d1c445479691bcf877f295c2,standard,2QP,1,1,0.9801836637505925,0.019171020778569206,0.000645315470838841,0.0,0.0,0.0,0.0
12e227f0f84b75c9f3e9,43d62f5dadd5ef81371bbd8a713ecce359d75772d1c445479691bcf877f295c2,standard,4QP,0,1,0.004538618518514559,0.974541184200395,0.020119640043047195,0.0007922292794306984,8.327958614887988e-06,0.0,0.0
12e227f0f84b75c9f3e9,43d62f5dadd5ef81371bbd8a713ecce359d75772d1c445479691bcf877f295c2,standard,4QP,1,1,0.9800392095527234,0.01922080354902238,0.0007316521743447961,8.243169302870006e-06,9.155460490551141e-08,0.0,0.0
12e227f0f84b75c9f3e9,43d62f5dadd5ef81371bbd8a713ecce359d75772d1c445479691bcf877f295c2,standard,6QP,0,1,0.004538604843025189,0.9745387415043547,0.020120277639858696,0.0007936422741915794,8.640348555394327e-06,9.29861527334163e-08,4.0386243029609577e-10
12e227f0f84b75c9f3e9,43d62f5dadd5ef81371bbd8a713ecce359d75772d1c445479691bcf877f295c2,standard,6QP,1,1,0.9800391839033652,0.01922080874951943,0.0007316657534028226,8.24654562060233e-06,9.461507363063368e-08,4.3147661891638526e-10,1.5374355971763702e-12
956d5a65b589f1ef8e40,43d62f5dadd5ef81371bbd8a713ecce359d75772d1c445479691bcf877f295c2,standard,2QP,0,1,0.31386811824115385,0.6348902692892395,0.05124161246960667,0.0,0.0,0.0,0.0
956d5a65b589f1ef8e40,43d62f5dadd5ef81371bbd8a713ecce359d75772d1c445479691bcf877f295c2,standard,2QP,1,1,0.9032859386954342,0.09111711661199319,0.00559694469257133,0.0,0.0,0.0,0.0
956d5a65b589f1ef8e40,43d62f5dadd5ef81371bbd8a713ecce359d75772d1c445479691bcf877f295c2,standard,4QP,0,1,0.2911712431126799,0.6378328435214553,0.0669033338092191,0.004003056908634772,8.952264800867119e-05,0.0,0.0
956d5a65b589f1ef8e40,43d62f5dadd5ef81371bbd8a713ecce359d75772d1c445479691bcf877f295c2,standard,4QP,1,1,0.899441197796533,0.09291203404085914,0.007378882303888321,0.00026214328414655584,5.7425745761382756e-06,0.0,0.0
956d5a65b589f1ef8e40,43d62f5dadd5ef81371bbd8a713ecce359d75772d1c445479691bcf877f295c2,standard,6QP,0,1,0.29113342117833096,0.6378189527971166,0.06692508477110166,0.004024250102561716,9.672350048261148e-05,1.5545518921456737e-06,1.3098516623827942e-08
956d5a65b589f1ef8e40,43d62f5dadd5ef81371bbd8a713ecce359d75772d1c445479691bcf877f295c2,standard,6QP,1,1,0.8994368788738232,0.09291322091562995,0.007380778671683248,0.0002628937942483367,6.156199795990693e-06,7.101982255200167e-08,5.250003019745345e-10
1a6a76a4862c0f299185,43d62f5dadd5ef81371bbd8a713ecce359d75772d1c445479691bcf877f295c2,standard,2QP,0,1,0.7180470982052894,0.2609345044782243,0.021018397316487074,0.0,0.0,0.0,0.0
1a6a76a4862c0f299185,43d62f5dadd5ef81371bbd8a713ecce359d75772d1c445479691bcf877f295c2,standard,2QP,1,1,0.8283581499580863,0.16069521377761503,0.01094663626429843,0.0,0.0,0.0,0.0
1a6a76a4862c0f299185,43d62f5dadd5ef81371bbd8a713ecce359d75772d1c445479691bcf877f295c2,standard,4QP,0,1,0.6989856962585437,0.27072349575154925,0.02890395612205142,0.0013573756784073922,2.947618944761572e-05,0.0,0.0
1a6a76a4862c0f299185,43d62f5dadd5ef81371bbd8a713ecce359d75772d1c445479691bcf877f295c2,standard,4QP,1,1,0.817434109984417,0.16657486858444479,0.015260162857682781,0.0007140956345047993,1.6762938954303326e-05,0.0,0.0
1a6a76a4862c0f299185,43d62f5dadd5ef81371bbd8a713ecce359d75772d1c445479691bcf877f295c2,standard,6QP,0,1,0.6989607739581479,0.2707305967119177,0.028913525294381844,0.0013628771446955973,3.179364061293382e-05,4.2993605256015e-07,3.314191769903684e-09
1a6a76a4862c0f299185,43d62f5dadd5ef81371bbd8a713ecce359d75772d1c445479691bcf877f295c2,standard,6QP,1,1,0.8174178562711201,0.16658030744358884,0.015266256258487893,0.0007171626890134697,1.817079819640562e-05,2.4463617200371465e-07,1.903419615136872e-09
758601b901518248aa79,0bf1917f74d0bedb6ac168bffbc29aadb2cbc016ce0771ba3c5f00f8b44f9d1f,standard,2QP,0,1,0.3291417116254704,0.5432100250129345,0.12764826336159393,0.0,0.0,0.0,0.0
758601b901518248aa79,0bf1917f74d0bedb6ac168bffbc29aadb2cbc016ce0771ba3c5f00f8b44f9d1f,standard,2QP,1,1,0.533090870797192,0.3641688110063775,0.10274031819643101,0.0,0.0,0.0,0.0
758601b901518248aa79,0bf1917f74d0bedb6ac168bffbc29aadb2cbc016ce0771ba3c5f00f8b44f9d1f,standard,4QP,0,1,0.17008650452514829,0.4621249364045514,0.25998984479711795,0.09607342277717677,0.011725291496002406,0.0,0.0
758601b901518248aa79,0bf1917f74d0bedb6ac168bffbc29aadb2cbc016ce0771ba3c5f00f8b44f9d1f,standard,4QP,1,1,0.24053818619849368,0.32344112926787405,0.31844980065597156,0.10124504863894956,0.016325835238712283,0.0,0.0
758601b901518248aa79,0bf1917f74d0bedb6ac168bffbc29aadb2cbc016ce0771ba3c5f00f8b44f9d1f,standard,6QP,0,1,0.1533498934197009,0.4363011184416383,0.26474910999362394,0.11871726686808358,0.02335279269436848,0.0033135770833512476,0.00021624149922500172
758601b901518248aa79,0bf1917f74d0bedb6ac168bffbc29aadb2cbc016ce0771ba3c5f00f8b44f9d1f,standard,6QP,1,1,0.18493418811676665,0.2838298987046726,0.34169522047921813,0.1400958568886485,0.04288243892446063,0.006051685008185932,0.0005107118780450686
96a9dcdb9bc3b24fc06b,43d62f5dadd5ef81371bbd8a713ecce359d75772d1c445479691bcf877f295c2,standard,2QP,0,1,0.0004084671058005111,0.9981192334951368,0.0014722993990616184,0.0,0.0,0.0,0.0
96a9dcdb9bc3b24fc06b,43d62f5dadd5ef81371bbd8a713ecce359d75772d1c445479691bcf877f295c2,standard,2QP,1,1,0.9985879636323602,0.0014096335508448458,2.402816795419905e-06,0.0,0.0,0.0,0.0
96a9dcdb9bc3b24fc06b,43d62f5dadd5ef81371bbd8a713ecce359d75772d1c445479691bcf877f295c2,standard,4QP,0,1,0.00040848134411309493,0.9981079532071642,0.0014809471429176693,2.6166656237712567e-06,1.6401854845588633e-09,0.0,0.0
96a9dcdb9bc3b24fc06b,43d62f5dadd5ef81371bbd8a713ecce359d75772d1c445479691bcf877f295c2,standard,4QP,1,1,0.9985879350385936,0.0014096461822436944,2.417214447789542e-06,1.563893075453958e-09,8.198755537911913e-13,0.0,0.0
96a9dcdb9bc3b24fc06b,43d62f5dadd5ef81371bbd8a713ecce359d75772d1c445479691bcf877f295c2,standard,6QP,0,1,0.0004084813441077725,0.9981079531830577,0.0014809471514236035,2.6166772407569123e-06,1.6434005876068506e-09,8.340261700515568e-13,1.92202891916827e-16
96a9dcdb9bc3b24fc06b,43d62f5dadd5ef81371bbd8a713ecce359d75772d1c445479691bcf877f295c2,standard,6QP,1,1,0.998587935038606,0.0014096461822468993,2.4172144529775622e-06,1.563894677842252e-09,8.210999247582633e-13,1.928161820872895e-16,3.2264293466552735e-20
5abe216ee8cc99365964,43d62f5dadd5ef81371bbd8a713ecce359d75772d1c445479691bcf877f295c2,standard,2QP,0,1,0.7007626933744303,0.2763597964009104,0.02287751022465795,0.0,0.0,0.0,0.0
5abe216ee8cc99365964,43d62f5dadd5ef81371bbd8a713ecce359d75772d1c445479691bcf877f295c2,standard,2QP,1,1,0.8390982659733253,0.15278363115794802,0.008118102868727104,0.0,0.0,0.0,0.0
5abe216ee8cc99365964,43d62f5dadd5ef81371bbd8a713ecce359d75772d1c445479691bcf877f295c2,standard,4QP,0,1,0.683868116252961,0.28481171416486833,0.030172672821289943,0.001127667383545029,1.9829377332645482e-05,0.0,0.0
5abe216ee8cc99365964,43d62f5dadd5ef81371bbd8a713ecce359d75772d1c445479691bcf877f295c2,standard,4QP,1,1,0.8325716244382808,0.15645538939129275,0.010556400957956343,0.0004087894444534939,7.795768012892258e-06,0.0,0.0
5abe216ee8cc99365964,43d62f5dadd5ef81371bbd8a713ecce359d75772d1c445479691bcf877f295c2,standard,6QP,0,1,0.6838546794719687,0.28481554073256765,0.03017802325099244,0.0011305123646508323,2.1012706186760447e-05,2.3000469463298383e-07,1.4689433657114273e-09
5abe216ee8cc99365964,43d62f5dadd5ef81371bbd8a713ecce359d75772d1c445479691bcf877f295c2,standard,6QP,1,1,0.8325653473408966,0.15645763140171376,0.010558699276372003,0.0004099274988102953,8.301826343362627e-06,9.206104371315749e-08,5.948270125768588e-10
35f83b1b14e4e6c5797a,43d62f5dadd5ef81371bbd8a713ecce359d75772d1c445479691bcf877f295c2,standard,2QP,0,1,0.32201739473826163,0.5773806960738233,0.10060190918791756,0.0,0.0,0.0,0.0
35f83b1b14e4e6c5797a,43d62f5dadd5ef81371bbd8a713ecce359d75772d1c445479691bcf877f295c2,standard,2QP,1,1,0.6895784242919328,0.2608043152358241,0.04961726047224333,0.0,0.0,0.0,0.0
35f83b1b14e4e6c5797a,43d62f5dadd5ef81371bbd8a713ecce359d75772d1c445479691bcf877f295c2,standard,4QP,0,1,0.23162207627530182,0.5522348834812466,0.17651711386953128,0.03697739888601144,0.0026485274879096596,0.0,0.0
35f83b1b14e4e6c5797a,43d62f5dadd5ef81371bbd8a713ecce359d75772d1c445479691bcf877f295c2,standard,4QP,1,1,0.5357610177925853,0.28427141926414756,0.15023769957087735,0.027059734806622066,0.002670128565769988,0.0,0.0
35f83b1b14e4e6c5797a,43d62f5dadd5ef81371bbd8a713ecce359d75772d1c445479691bcf877f295c2,standard,6QP,0,1,0.2291690735082433,0.5496552327229147,0.17787455210009234,0.039449173374656636,0.003610232599150094,0.0002342158861663688,7.519808776553375e-06
35f83b1b14e4e6c5797a,43d62f5dadd5ef81371bbd8a713ecce359d75772d1c445479691bcf877f295c2,standard,6QP,1,1,0.5247114591411762,0.28303613358154794,0.15709574902308815,0.03060908308767737,0.004262765072058351,0.0002736068718309463,1.1203222623995154e-05
c1f0ee1a58d9e777a100,43d62f5dadd5ef81371bbd8a713ecce359d75772d1c445479691bcf877f295c2,standard,2QP,0,1,0.49248386443523695,0.4458610652905506,0.06165507027420983,0.0,0.0,0.0,0.0
c1f0ee1a58d9e777a100,43d62f5dadd5ef81371bbd8a713ecce359d75772d1c445479691bcf877f295c2,standard,2QP,1,1,0.7208289975666612,0.24618130810598887,0.032989694327350785,0.0,0.0,0.0,0.0
c1f0ee1a58d9e777a100,43d62f5dadd5ef81371bbd8a713ecce359d75772d1c445479691bcf877f295c2,standard,4QP,0,1,0.4142648780029415,0.4627171252528981,0.10877970746244696,0.013555195662066135,0.0006830936196456559,0.0,0.0
c1f0ee1a58d9e777a100,43d62f5dadd5ef81371bbd8a713ecce359d75772d1c445479691bcf877f295c2,standard,4QP,1,1,0.6517890055120088,0.269707658610047,0.07003271544326317,0.008009225508372209,0.0004613949263073771,0.0,0.0
c1f0ee1a58d9e777a100,43d62f5dadd5ef81371bbd8a713ecce359d75772d1c445479691bcf877f295c2,standard,6QP,0,1,0.4134407599413643,0.46254340740590416,0.10920424857678003,0.013943698164939481,0.0008362338252664668,3.103065013317539e-05,6.214356107231307e-07
c1f0ee1a58d9e777a100,43d62f5dadd5ef81371bbd8a713ecce359d75772d1c445479691bcf877f295c2,standard,6QP,1,1,0.650806006286184,0.26979149653438844,0.07052745482133577,0.008273544255932621,0.0005801989713467612,2.0856983071501335e-05,4.4214774111551707e-07
d788fcf9bfbb556e56ff,43d62f5dadd5ef81371bbd8a713ecce359d75772d1c445479691bcf877f295c2,standard,2QP,0,1,0.46806845514494033,0.43661011052765725,0.09532143432740496,0.0,0.0,0.0,0.0
d788fcf9bfbb556e56ff,43d62f5dadd5ef81371bbd8a713ecce359d75772d1c445479691bcf877f295c2,standard,2QP,1,1,0.510074580183629,0.40852865365342333,0.0813967661629508,0.0,0.0,0.0,0.0
d788fcf9bfbb556e56ff,43d62f5dadd5ef81371bbd8a713ecce359d75772d1c445479691bcf877f295c2,standard,4QP,0,1,0.32815035314249447,0.43134256515682307,0.19768444111074485,0.0393956221334103,0.00342701845653152,0.0,0.0
d788fcf9bfbb556e56ff,43d62f5dadd5ef81371bbd8a713ecce359d75772d1c445479691bcf877f295c2,standard,4QP,1,1,0.25312820833652044,0.40111656700481035,0.25924574920067356,0.07772885618986311,0.008780619268131363,0.0,0.0
d788fcf9bfbb556e56ff,43d62f5dadd5ef81371bbd8a713ecce359d75772d1c445479691bcf877f295c2,standard,6QP,0,1,0.3231473449881136,0.4285529267768903,0.2003754139781515,0.04260824287561365,0.004959594822032299,0.00034314757384725956,1.3328985352962584e-05
d788fcf9bfbb556e56ff,43d62f5dadd5ef81371bbd8a713ecce359d75772d1c445479691bcf877f295c2,standard,6QP,1,1,0.21148442448990667,0.38297511077566837,0.2843258614006304,0.10152678345090793,0.017856762985592706,0.001740746502450398,9.031039484526616e-05
0a1a2e54ba750f41543e,da0f830a8e7cf8900d6a4ead858f6b77b8f28f75bdb5dbeaf82ef07eeb78c498,standard,2QP,0,1,0.5869923698055101,0.3979477717758785,0.015059858418612923,0.0,0.0,0.0,0.0
0a1a2e54ba750f41543e,da0f830a8e7cf8900d6a4ead858f6b77b8f28f75bdb5dbeaf82ef07eeb78c498,standard,2QP,1,1,0.959906562199319,0.03930834267846756,0.0007850951222116474,0.0,0.0,0.0,0.0
0a1a2e54ba750f41543e,da0f830a8e7cf8900d6a4ead858f6b77b8f28f75bdb5dbeaf82ef07eeb78c498,standard,4QP,0,1,0.5808413522202996,0.40189487150519393,0.01696860033361338,0.00029303173031827067,2.1442105761203528e-06,0.0,0.0
0a1a2e54ba750f41543e,da0f830a8e7cf8900d6a4ead858f6b77b8f28f75bdb5dbeaf82ef07eeb78c498,standard,4QP,1,1,0.9597257990749932,0.039413421953395596,0.0008513298380368932,9.389005216504001e-06,6.012835219015143e-08,0.0,0.0
0a1a2e54ba750f41543e,da0f830a8e7cf8900d6a4ead858f6b77b8f28f75bdb5dbeaf82ef07eeb78c498,standard,6QP,0,1,0.5808406051858953,0.40189519791503375,0.016968822399305118,0.0002931691810311879,2.1951125428392584e-06,1.0180089980117526e-08,2.6100469066168983e-11
0a1a2e54ba750f41543e,da0f830a8e7cf8900d6a4ead858f6b77b8f28f75bdb5dbeaf82ef07eeb78c498,standard,6QP,1,1,0.9597257846390482,0.03941342773819481,0.0008513348693772868,9.391229740825793e-06,6.131497287519589e-08,2.0823749409469668e-10,4.345717629951534e-13
222cd6a91873762ac6ad,43d62f5dadd5ef81371bbd8a713ecce359d75772d1c445479691bcf877f295c2,standard,2QP,0,1,0.05898191607657185,0.8938737017448322,0.04714438217859553,0.0,0.0,0.0,0.0
222cd6a91873762ac6ad,43d62f5dadd5ef81371bbd8a713ecce359d75772d1c445479691bcf877f295c2,standard,2QP,1,1,0.9409492535991372,0.05532174803073486,0.0037289983701255754,0.0,0.0,0.0,0.0
222cd6a91873762ac6ad,43d62f5dadd5ef81371bbd8a713ecce359d75772d1c445479691bcf877f295c2,standard,4QP,0,1,0.05623966331999618,0.8805890282960201,0.05820759100722449,0.00484897819138197,0.00011473918538028458,0.0,0.0
222cd6a91873762ac6ad,43d62f5dadd5ef81371bbd8a713ecce359d75772d1c445479691bcf877f295c2,standard,4QP,1,1,0.9387346310230295,0.056162070302853924,0.0049540763162587,0.00014576340111606615,3.4589567414246565e-06,0.0,0.0
222cd6a91873762ac6ad,43d62f5dadd5ef81371bbd8a713ecce359d75772d1c445479691bcf877f295c2,standard,6QP,0,1,0.05622940572444959,0.8805249513373625,0.05822888322203887,0.0048887268667559165,0.00012536824190189407,2.6397578881039892e-06,2.4849606569692133e-08
222cd6a91873762ac6ad,43d62f5dadd5ef81371bbd8a713ecce359d75772d1c445479691bcf877f295c2,standard,6QP,1,1,0.9387322026930703,0.05616258772254561,0.004955299097460527,0.0001461401638143357,3.7290037353790425e-06,4.0998443093275764e-08,3.2093416741707716e-10
17187b681c990b372346,da0f830a8e7cf8900d6a4ead858f6b77b8f28f75bdb5dbeaf82ef07eeb78c498,standard,2QP,0,1,0.4063214392326681,0.47081471997477126,0.12286384079255992,0.0,0.0,0.0,0.0
17187b681c990b372346,da0f830a8e7cf8900d6a4ead858f6b77b8f28f75bdb5dbeaf82ef07eeb78c498,standard,2QP,1,1,0.4506615805771471,0.4342460110058328,0.11509240841702158,0.0,0.0,0.0,0.0
17187b681c990b372346,da0f830a8e7cf8900d6a4ead858f6b77b8f28f75bdb5dbeaf82ef07eeb78c498,standard,4QP,0,1,0.21202971847571472,0.41233874860708686,0.27411378008682424,0.08973710907690005,0.011780643753474315,0.0,0.0
17187b681c990b372346,da0f830a8e7cf8900d6a4ead858f6b77b8f28f75bdb5dbeaf82ef07eeb78c498,standard,4QP,1,1,0.18761129889484474,0.3678717170303031,0.3117755963306887,0.11521470699411647,0.017526680750047794,0.0,0.0
17187b681c990b372346,da0f830a8e7cf8900d6a4ead858f6b77b8f28f75bdb5dbeaf82ef07eeb78c498,standard,6QP,0,1,0.19151781333710918,0.3899570569328227,0.2812524564631637,0.11027482434105826,0.023665599800099395,0.0031183792771780627,0.00021386984857003162
17187b681c990b372346,da0f830a8e7cf8900d6a4ead858f6b77b8f28f75bdb5dbeaf82ef07eeb78c498,standard,6QP,1,1,0.14109358089191668,0.3202692906468506,0.3272204697267142,0.15913484782911852,0.04478420160399974,0.006934962866687978,0.0005626464347101688
265f9c1a7aad3315ad5c,43d62f5dadd5ef81371bbd8a713ecce359d75772d1c445479691bcf877f295c2,standard,2QP,0,1,0.4892644832656201,0.44831285027549667,0.06242266645888311,0.0,0.0,0.0,0.0
265f9c1a7aad3315ad5c,43d62f5dadd5ef81371bbd8a713ecce359d75772d1c445479691bcf877f295c2,standard,2QP,1,1,0.7368664880698573,0.23590345014242348,0.027230061787716864,0.0,0.0,0.0,0.0
265f9c1a7aad3315ad5c,43d62f5dadd5ef81371bbd8a713ecce359d75772d1c445479691bcf877f295c2,standard,4QP,0,1,0.42569988596667746,0.4620368830862611,0.10170527712328949,0.010133298505882194,0.00042465531789041085,0.0,0.0
265f9c1a7aad3315ad5c,43d62f5dadd5ef81371bbd8a713ecce359d75772d1c445479691bcf877f295c2,standard,4QP,1,1,0.6876776687682629,0.2540763796936407,0.052641596011532545,0.005339411359075927,0.0002649441674867068,0.0,0.0
265f9c1a7aad3315ad5c,43d62f5dadd5ef81371bbd8a713ecce359d75772d1c445479691bcf877f295c2,standard,6QP,0,1,0.4252945156659006,0.4619651143155885,0.10191941879332501,0.010311038373691182,0.0004949443257759327,1.4725202197859422e-05,2.433235176252062e-07
265f9c1a7aad3315ad5c,43d62f5dadd5ef81371bbd8a713ecce359d75772d1c445479691bcf877f295c2,standard,6QP,1,1,0.687154346438874,0.25414500646000443,0.05290373150950811,0.005467990310273038,0.00031901281156888856,9.735475685477718e-06,1.7699408507838156e-07
6af489fd107f07297e5a,43d62f5dadd5ef81371bbd8a713ecce359d75772d1c445479691bcf877f295c2,standard,2QP,0,1,0.8670529961769267,0.1279730834215874,0.004973920401486899,0.0,0.0,0.0,0.0
6af489fd107f07297e5a,43d62f5dadd5ef81371bbd8a713ecce359d75772d1c445479691bcf877f295c2,standard,2QP,1,1,0.9211338408512,0.07721820150127491,0.001647957647528827,0.0,0.0,0.0,0.0
6af489fd107f07297e5a,43d62f5dadd5ef81371bbd8a713ecce359d75772d1c445479691bcf877f295c2,standard,4QP,0,1,0.8652403943926821,0.1291038952582125,0.005579839251869703,7.5368446401312e-05,5.026508341696979e-07,0.0,0.0
6af489fd107f07297e5a,43d62f5dadd5ef81371bbd8a713ecce359d75772d1c445479691bcf877f295c2,standard,4QP,1,1,0.9205671173718724,0.07759513495077788,0.0018120108185527516,2.555661610372412e-05,1.802426933179375e-07,0.0,0.0
6af489fd107f07297e5a,43d62f5dadd5ef81371bbd8a713ecce359d75772d1c445479691bcf877f295c2,standard,6QP,0,1,0.8652402253205626,0.12910397411686747,0.005579892038928466,7.539309894004918e-05,5.133956116786146e-07,2.0243566596246877e-09,4.745855592464033e-12
6af489fd107f07297e5a,43d62f5dadd5ef81371bbd8a713ecce359d75772d1c445479691bcf877f295c2,standard,6QP,1,1,0.9205670573097107,0.07759516393355773,0.0018120281374018883,2.5565554633937922e-05,1.8432168701451555e-07,7.412944516440729e-10,1.7185904564006936e-12
88a9d121ad86fd6ed201,43d62f5dadd5ef81371bbd8a713ecce359d75772d1c445479691bcf877f295c2,standard,2QP,0,1,0.9388448521104326,0.06059405146386012,0.0005610964257074122,0.0,0.0,0.0,0.0
88a9d121ad86fd6ed201,43d62f5dadd5ef81371bbd8a713ecce359d75772d1c445479691bcf877f295c2,standard,2QP,1,1,0.9881997611968625,0.01172844671389818,7.179208924547307e-05,0.0,0.0,0.0,0.0
88a9d121ad86fd6ed201,43d62f5dadd5ef81371bbd8a713ecce359d75772d1c445479691bcf877f295c2,standard,4QP,0,1,0.9387577782186459,0.060661564574515964,0.0005781786847791737,2.473761374799404e-06,4.7606879422641476e-09,0.0,0.0
88a9d121ad86fd6ed201,43d62f5dadd5ef81371bbd8a713ecce359d75772d1c445479691bcf877f295c2,standard,4QP,1,1,0.9881946734414804,0.011731636399254192,7.346258156395297e-05,2.2717807501758234e-07,3.996250725581305e-10,0.0,0.0
88a9d121ad86fd6ed201,43d62f5dadd5ef81371bbd8a713ecce359d75772d1c445479691bcf877f295c2,standard,6QP,0,1,0.9387577775707124,0.0606615649897431,0.000578178809410894,2.473834039324992e-06,4.790670292798465e-09,5.456823633901094e-12,3.474338202514125e-15
88a9d121ad86fd6ed201,43d62f5dadd5ef81371bbd8a713ecce359d75772d1c445479691bcf877f295c2,standard,6QP,1,1,0.9881946734127458,0.011731636412499075,7.346259030410502e-05,2.2718225765261557e-07,4.018374715556813e-10,3.673391737686984e-13,2.0038294166162866e-16
5bc1a172d05fc5c844b4,43d62f5dadd5ef81371bbd8a713ecce359d75772d1c445479691bcf877f295c2,standard,2QP,0,1,0.6050429866792798,0.3865784064345971,0.00837860688612364,0.0,0.0,0.0,0.0
5bc1a172d05fc5c844b4,43d62f5dadd5ef81371bbd8a713ecce359d75772d1c445479691bcf877f295c2,standard,2QP,1,1,0.979513948711588,0.020274995664428194,0.00021105562398491238,0.0,0.0,0.0,0.0
5bc1a172d05fc5c844b4,43d62f5dadd5ef81371bbd8a713ecce359d75772d1c445479691bcf877f295c2,standard,4QP,0,1,0.6023994542278855,0.3885488700002255,0.008967033083000675,8.43042624444762e-05,3.3842644565570045e-07,0.0,0.0
5bc1a172d05fc5c844b4,43d62f5dadd5ef81371bbd8a713ecce359d75772d1c445479691bcf877f295c2,standard,4QP,1,1,0.9794891268135305,0.020289786960525226,0.00021986506566062477,1.2171965428054387e-06,3.963734263490008e-09,0.0,0.0
5bc1a172d05fc5c844b4,43d62f5dadd5ef81371bbd8a713ecce359d75772d1c445479691bcf877f295c2,standard,6QP,0,1,0.6023993641357328,0.3885489233202278,0.008967052675804492,8.431618073998611e-05,3.428224020423414e-07,8.639229074884995e-10,1.1981014501793218e-12
5bc1a172d05fc5c844b4,43d62f5dadd5ef81371bbd8a713ecce359d75772d1c445479691bcf877f295c2,standard,6QP,1,1,0.9794891263259844,0.020289787165001388,0.00021986522961095178,1.217269323036906e-06,4.003227188389899e-09,6.8456258861419744e-12,7.203520203016226e-15
492e02f5f7365a037457,43d62f5dadd5ef81371bbd8a713ecce359d75772d1c445479691bcf877f295c2,standard,2QP,0,1,0.6274890554354856,0.32998501289681986,0.04252593166769426,0.0,0.0,0.0,0.0
492e02f5f7365a037457,43d62f5dadd5ef81371bbd8a713ecce359d75772d1c445479691bcf877f295c2,standard,2QP,1,1,0.6765668524479224,0.28941290064599295,0.034020246906085155,0.0,0.0,0.0,0.0
492e02f5f7365a037457,43d62f5dadd5ef81371bbd8a713ecce359d75772d1c445479691bcf877f295c2,standard,4QP,0,1,0.570026263968382,0.3498330739599417,0.07315948309051419,0.006698636593337112,0.00028254238782349206,0.0,0.0
492e02f5f7365a037457,43d62f5dadd5ef81371bbd8a713ecce359d75772d1c445479691bcf877f295c2,standard,4QP,1,1,0.6120536062730039,0.3146985978084127,0.0658055098789856,0.007098639875058807,0.0003436461645383014,0.0,0.0
492e02f5f7365a037457,43d62f5dadd5ef81371bbd8a713ecce359d75772d1c445479691bcf877f295c2,standard,6QP,0,1,0.5696623807430395,0.3498496696547122,0.07333410802597473,0.006813102988653452,0.0003313068403591042,9.28301361848224e-06,1.4873364422776485e-07
492e02f5f7365a037457,43d62f5dadd5ef81371bbd8a713ecce359d75772d1c445479691bcf877f295c2,standard,6QP,1,1,0.6114287989615135,0.31477506232882696,0.06609567567763758,0.007272108836263743,0.00041520204761737406,1.2926364366038561e-05,2.2578377302084223e-07
0db25b50bb91a7c4148d,43d62f5dadd5ef81371bbd8a713ecce359d75772d1c445479691bcf877f295c2,standard,2QP,0,1,0.43810886588611225,0.45474314293921414,0.10714799117467402,0.0,0.0,0.0,0.0
0db25b50bb91a7c4148d,43d62f5dadd5ef81371bbd8a713ecce359d75772d1c445479691bcf877f295c2,standard,2QP,1,1,0.47884885838549524,0.422161488857894,0.09898965275661162,0.0,0.0,0.0,0.0
0db25b50bb91a7c4148d,43d62f5dadd5ef81371bbd8a713ecce359d75772d1c445479691bcf877f295c2,standard,4QP,0,1,0.2563345770339734,0.4243151306244665,0.2441292210487518,0.06755296907988033,0.007668102212930808,0.0,0.0
0db25b50bb91a7c4148d,43d62f5dadd5ef81371bbd8a713ecce359d75772d1c445479691bcf877f295c2,standard,4QP,1,1,0.2268613144969418,0.38757343918497456,0.2816929472179218,0.09174807517223146,0.012124223927929566,0.0,0.0
0db25b50bb91a7c4148d,43d62f5dadd5ef81371bbd8a713ecce359d75772d1c445479691bcf877f295c2,standard,6QP,0,1,0.24253668702237285,0.41271915003501997,0.25042344908615144,0.07910947028405196,0.013698445887095092,0.0014327886707146311,8.000901459387663e-05
0db25b50bb91a7c4148d,43d62f5dadd5ef81371bbd8a713ecce359d75772d1c445479691bcf877f295c2,standard,6QP,1,1,0.19288576208742306,0.3607734954572249,0.2972550214994947,0.11892163287916492,0.026637206815336153,0.00330972071470784,0.00021716054664433062
3e1b179b437c56d6d7ed,43d62f5dadd5ef81371bbd8a713ecce359d75772d1c445479691bcf877f295c2,standard,2QP,0,1,0.41536376085302446,0.4685104960806634,0.11612574306631249,0.0,0.0,0.0,0.0
3e1b179b437c56d6d7ed,43d62f5dadd5ef81371bbd8a713ecce359d75772d1c445479691bcf877f295c2,standard,2QP,1,1,0.4683494615112037,0.42473451669631024,0.1069160217924863,0.0,0.0,0.0,0.0
3e1b179b437c56d6d7ed,43d62f5dadd5ef81371bbd8a713ecce359d75772d1c445479691bcf877f295c2,standard,4QP,0,1,0.22691230802861367,0.4212976160603989,0.26149962616016714,0.0804057503940933,0.00988469935672457,0.0,0.0
3e1b179b437c56d6d7ed,43d62f5dadd5ef81371bbd8a713ecce359d75772d1c445479691bcf877f295c2,standard,4QP,1,1,0.20616124596405513,0.37377560704663315,0.3004696651988224,0.10456602045240426,0.015027461338081858,0.0,0.0
3e1b179b437c56d6d7ed,43d62f5dadd5ef81371bbd8a713ecce359d75772d1c445479691bcf877f295c2,standard,6QP,0,1,0.2094756884727133,0.40381616171971096,0.26843763035983736,0.09691436195254921,0.018937608084994208,0.002275706072399501,0.00014284333779675064
3e1b179b437c56d6d7ed,43d62f5dadd5ef81371bbd8a713ecce359d75772d1c445479691bcf877f295c2,standard,6QP,1,1,0.1641540113560027,0.33590376343404826,0.31721062041537074,0.14097999736958836,0.036268178038821916,0.005103740640693391,0.00037968874547744474
1d4cf9120e7cc47d45e5,43d62f5dadd5ef81371bbd8a713ecce359d75772d1c445479691bcf877f295c2,standard,2QP,0,1,0.5632007061391242,0.38720738033712004,0.04959191352375822,0.0,0.0,0.0,0.0
1d4cf9120e7cc47d45e5,43d62f5dadd5ef81371bbd8a713ecce359d75772d1c445479691bcf877f295c2,standard,2QP,1,1,0.7415294515769589,0.23529492447343514,0.02317562394960844,0.0,0.0,0.0,0.0
1d4cf9120e7cc47d45e5,43d62f5dadd5ef81371bbd8a713ecce359d75772d1c445479691bcf877f295c2,standard,4QP,0,1,0.512528070929622,0.40321746711173445,0.07795063220141676,0.0060915203939968365,0.0002123093632291922,0.0,0.0
1d4cf9120e7cc47d45e5,43d62f5dadd5ef81371bbd8a713ecce359d75772d1c445479691bcf877f295c2,standard,4QP,1,1,0.7054422353358042,0.25058512571058916,0.040363875302482206,0.0034681322364595144,0.00014063141466491338,0.0,0.0
1d4cf9120e7cc47d45e5,43d62f5dadd5ef81371bbd8a713ecce359d75772d1c445479691bcf877f295c2,standard,6QP,0,1,0.5123266210191505,0.40321740396408773,0.07805051800379878,0.006159722714599246,0.00024003823472727972,5.620941886880927e-06,7.512174632748088e-08
1d4cf9120e7cc47d45e5,43d62f5dadd5ef81371bbd8a713ecce359d75772d1c445479691bcf877f295c2,standard,6QP,1,1,0.7052109216545907,0.2506289707566982,0.040471121830990796,0.0035219946606734665,0.0001628777783246452,4.054332526422431e-06,5.898619693685486e-08
5f2d2583ffc73ecbb531,43d62f5dadd5ef81371bbd8a713ecce359d75772d1c445479691bcf877f295c2,standard,2QP,0,1,0.4457400329825405,0.44732352624807675,0.10693644076938506,0.0,0.0,0.0,0.0
5f2d2583ffc73ecbb531,43d62f5dadd5ef81371bbd8a713ecce359d75772d1c445479691bcf877f295c2,standard,2QP,1,1,0.4768481240044002,0.42782399826832407,0.09532787772727513,0.0,0.0,0.0,0.0
5f2d2583ffc73ecbb531,43d62f5dadd5ef81371bbd8a713ecce359d75772d1c445479691bcf877f295c2,standard,4QP,0,1,0.28687302477350185,0.4266302616187254,0.22735590631615005,0.05367643167696693,0.0054643756146547946,0.0,0.0
5f2d2583ffc73ecbb531,43d62f5dadd5ef81371bbd8a713ecce359d75772d1c445479691bcf877f295c2,standard,4QP,1,1,0.19579201860839765,0.3875859414069476,0.2987773781979677,0.10425003585708206,0.01359462592960415,0.0,0.0
5f2d2583ffc73ecbb531,43d62f5dadd5ef81371bbd8a713ecce359d75772d1c445479691bcf877f295c2,standard,6QP,0,1,0.278587458769022,0.42068757773419624,0.23150574830990123,0.05984010045559662,0.008606986072567054,0.0007370951931156153,3.5033465592625606e-05
5f2d2583ffc73ecbb531,43d62f5dadd5ef81371bbd8a713ecce359d75772d1c445479691bcf877f295c2,standard,6QP,1,1,0.12884928796807932,0.34417316441139795,0.3365620616450684,0.15189657271727933,0.0340142508223766,0.004231664530356712,0.0002729979054378775
f5795ada33577cb5c352,43d62f5dadd5ef81371bbd8a713ecce359d75772d1c445479691bcf877f295c2,standard,2QP,0,1,0.4445801857819804,0.4483594226527784,0.10706039156524316,0.0,0.0,0.0,0.0
f5795ada33577cb5c352,43d62f5dadd5ef81371bbd8a713ecce359d75772d1c445479691bcf877f295c2,standard,2QP,1,1,0.478184291322442,0.42666146326474375,0.09515424541281607,0.0,0.0,0.0,0.0
f5795ada33577cb5c352,43d62f5dadd5ef81371bbd8a713ecce359d75772d1c445479691bcf877f295c2,standard,4QP,0,1,0.2860124695765384,0.427421797752796,0.22733499476687213,0.05376137686488733,0.005469361038908111,0.0,0.0
f5795ada33577cb5c352,43d62f5dadd5ef81371bbd8a713ecce359d75772d1c445479691bcf877f295c2,standard,4QP,1,1,0.19697793716032766,0.3868840642993843,0.2986443678976589,0.10393259511188815,0.013561035530740867,0.0,0.0
f5795ada33577cb5c352,43d62f5dadd5ef81371bbd8a713ecce359d75772d1c445479691bcf877f295c2,standard,6QP,0,1,0.2777426735934381,0.4214577528821881,0.2314732432913852,0.05993827639994287,0.008614502326328429,0.000738465843289846,3.50856634269573e-05
f5795ada33577cb5c352,43d62f5dadd5ef81371bbd8a713ecce359d75772d1c445479691bcf877f295c2,standard,6QP,1,1,0.1301060264396334,0.34373685010767147,0.33642642768233516,0.15133906854386356,0.03390816055237329,0.0042117194810842055,0.00027174719303393435
2e12d8e05df0e51a8a8f,43d62f5dadd5ef81371bbd8a713ecce359d75772d1c445479691bcf877f295c2,standard,2QP,0,1,0.3689266902653547,0.5667430094718742,0.06433030026276919,0.0,0.0,0.0,0.0
2e12d8e05df0e51a8a8f,43d62f5dadd5ef81371bbd8a713ecce359d75772d1c445479691bcf877f295c2,standard,2QP,1,1,0.8340273259879071,0.1514543725699599,0.014518301442133359,0.0,0.0,0.0,0.0
2e12d8e05df0e51a8a8f,43d62f5dadd5ef81371bbd8a713ecce359d75772d1c445479691bcf877f295c2,standard,4QP,0,1,0.3249550834260485,0.5717629471056972,0.0943788401759039,0.008606500005192103,0.00029662928715951944,0.0,0.0
2e12d8e05df0e51a8a8f,43d62f5dadd5ef81371bbd8a713ecce359d75772d1c445479691bcf877f295c2,standard,4QP,1,1,0.8159853897559436,0.15881056073185723,0.023597059566174566,0.0015482885819179683,5.8701364104624244e-05,0.0,0.0
2e12d8e05df0e51a8a8f,43d62f5dadd5ef81371bbd8a713ecce359d75772d1c445479691bcf877f295c2,standard,6QP,0,1,0.3247619662992645,0.571688537315707,0.09448749544756732,0.00871721188921928,0.00033608996581629817,8.583254326563558e-06,1.1582809755086599e-07
2e12d8e05df0e51a8a8f,43d62f5dadd5ef81371bbd8a713ecce359d75772d1c445479691bcf877f295c2,standard,6QP,1,1,0.815904925797463,0.1588264930128924,0.02363591362568973,0.0015644537743808036,6.678514452533726e-05,1.4098380475540742e-06,1.8807008521731453e-08
bd5360d17c49985af549,2854eeaecd1a9c2eb43945571c0fa36dfddf9b296eb68eec79d912dbce5e697b,standard,2QP,0,1,0.7648940217959039,0.2187943293088811,0.016311648895213842,0.0,0.0,0.0,0.0
bd5360d17c49985af549,2854eeaecd1a9c2eb43945571c0fa36dfddf9b296eb68eec79d912dbce5e697b,standard,2QP,1,1,0.8348566617583557,0.15790845890992242,0.007234879331723691,0.0,0.0,0.0,0.0
bd5360d17c49985af549,2854eeaecd1a9c2eb43945571c0fa36dfddf9b296eb68eec79d912dbce5e697b,standard,4QP,0,1,0.7539004044420805,0.22461169577739926,0.02083676915790933,0.0006414193982030833,9.711224409197162e-06,0.0,0.0
bd5360d17c49985af549,2854eeaecd1a9c2eb43945571c0fa36dfddf9b296eb68eec79d912dbce5e697b,standard,4QP,1,1,0.829717848117744,0.16100654001460613,0.008975870318175953,0.00029507785367208824,4.663695800016322e-06,0.0,0.0
bd5360d17c49985af549,2854eeaecd1a9c2eb43945571c0fa36dfddf9b296eb68eec79d912dbce5e697b,standard,6QP,0,1,0.7538942105070007,0.22461382617473372,0.020839105190973362,0.0006425530348565636,1.0210459800888252e-05,9.411905291682264e-08,5.135834101061745e-10
bd5360d17c49985af549,2854eeaecd1a9c2eb43945571c0fa36dfddf9b296eb68eec79d912dbce5e697b,standard,6QP,1,1,0.8297145010482576,0.16100793517557166,0.008976966349040529,0.00029563869624315593,4.9127262789499816e-06,4.5761923176205996e-08,2.4268906755041826e-10
9cccc7c4c646c08218b6,43d62f5dadd5ef81371bbd8a713ecce359d75772d1c445479691bcf877f295c2,standard,2QP,0,1,0.026086186473986403,0.9610561012455769,0.012857712280435536,0.0,0.0,0.0,0.0
9cccc7c4c646c08218b6,43d62f5dadd5ef81371bbd8a713ecce359d75772d1c445479691bcf877f295c2,standard,2QP,1,1,0.987092260661385,0.012750108047408336,0.000157631291209779,0.0,0.0,0.0,0.0
9cccc7c4c646c08218b6,43d62f5dadd5ef81371bbd8a713ecce359d75772d1c445479691bcf877f295c2,standard,4QP,0,1,0.026022019338982967,0.9602238082240574,0.01357362061366735,0.00017968199050691185,8.698327909415741e-07,0.0,0.0
9cccc7c4c646c08218b6,43d62f5dadd5ef81371bbd8a713ecce359d75772d1c445479691bcf877f295c2,standard,4QP,1,1,0.9870758705583561,0.012758246737626027,0.0001650180302205696,8.614801801558673e-07,3.193617822861592e-09,0.0,0.0
9cccc7c4c646c08218b6,43d62f5dadd5ef81371bbd8a713ecce359d75772d1c445479691bcf877f295c2,standard,6QP,0,1,0.026022011943101313,0.960223711952886,0.013573662312809784,0.0001797266652357862,8.840349283186482e-07,3.0858983833869837e-09,5.174701472342489e-12
9cccc7c4c646c08218b6,43d62f5dadd5ef81371bbd8a713ecce359d75772d1c445479691bcf877f295c2,standard,6QP,1,1,0.98707587018623,0.012758246861889564,0.0001650181802144998,8.615357779127143e-07,3.2301985313536353e-09,5.696960769014003e-12,6.60398641151458e-15
1458148bee6b269ae249,43d62f5dadd5ef81371bbd8a713ecce359d75772d1c445479691bcf877f295c2,standard,2QP,0,1,0.9556610856159045,0.04391802789907809,0.0004208864850198254,0.0,0.0,0.0,0.0
1458148bee6b269ae249,43d62f5dadd5ef81371bbd8a713ecce359d75772d1c445479691bcf877f295c2,standard,2QP,1,1,0.9854107804866059,0.014522842403036744,6.63771103604001e-05,0.0,0.0,0.0,0.0
1458148bee6b269ae249,43d62f5dadd5ef81371bbd8a713ecce359d75772d1c445479691bcf877f295c2,standard,4QP,0,1,0.9556160400997212,0.04395079974480056,0.0004318395477087899,1.318662741562682e-06,1.9450257427956867e-09,0.0,0.0
1458148bee6b269ae249,43d62f5dadd5ef81371bbd8a713ecce359d75772d1c445479691bcf877f295c2,standard,4QP,1,1,0.9854062968821597,0.014525909454960184,6.761068674121538e-05,1.8271462167206726e-07,2.615172643729113e-10,0.0,0.0
1458148bee6b269ae249,43d62f5dadd5ef81371bbd8a713ecce359d75772d1c445479691bcf877f295c2,standard,6QP,0,1,0.9556160399119055,0.04395079985723728,0.0004318395911468962,1.3186839905983046e-06,1.9540584739931815e-09,1.6961586074022595e-12,8.652143677573613e-16
1458148bee6b269ae249,43d62f5dadd5ef81371bbd8a713ecce359d75772d1c445479691bcf877f295c2,standard,6QP,1,1,0.9854062968648075,0.014525909463859036,6.76106914516985e-05,1.827170097171358e-07,2.626774190720337e-10,2.0744903304484588e-13,9.595396371362808e-17
7e7aafd655056fe9fbf0,43d62f5dadd5ef81371bbd8a713ecce359d75772d1c445479691bcf877f295c2,standard,2QP,0,1,0.2770487224668849,0.6142803383881864,0.10867093914493008,0.0,0.0,0.0,0.0
7e7aafd655056fe9fbf0,43d62f5dadd5ef81371bbd8a713ecce359d75772d1c445479691bcf877f295c2,standard,2QP,1,1,0.6916938927802039,0.25415488080779663,0.054151226411998835,0.0,0.0,0.0,0.0
7e7aafd655056fe9fbf0,43d62f5dadd5ef81371bbd8a713ecce359d75772d1c445479691bcf877f295c2,standard,4QP,0,1,0.18998102068896378,0.5702586526246272,0.18873228129195646,0.047320592869974316,0.0037074525244770447,0.0,0.0
7e7aafd655056fe9fbf0,43d62f5dadd5ef81371bbd8a713ecce359d75772d1c445479691bcf877f295c2,standard,4QP,1,1,0.5081426118302242,0.2734482909073868,0.1797318568796015,0.034700909228717124,0.003976331154066339,0.0,0.0
7e7aafd655056fe9fbf0,43d62f5dadd5ef81371bbd8a713ecce359d75772d1c445479691bcf877f295c2,standard,6QP,0,1,0.18677067573084086,0.565598831115847,0.19041104688960842,0.05148330231815981,0.005305448590165595,0.0004154865301229719,1.520882526330131e-05
7e7aafd655056fe9fbf0,43d62f5dadd5ef81371bbd8a713ecce359d75772d1c445479691bcf877f295c2,standard,6QP,1,1,0.4887688001514909,0.27034637409267726,0.19214898014856902,0.04111213677268199,0.007074606522637054,0.0005232864205919354,2.5815891353442603e-05
335d87621c57c899332e,43d62f5dadd5ef81371bbd8a713ecce359d75772d1c445479691bcf877f295c2,standard,2QP,0,1,0.4222546981463434,0.457092685656224,0.12065261619743305,0.0,0.0,0.0,0.0
335d87621c57c899332e,43d62f5dadd5ef81371bbd8a713ecce359d75772d1c445479691bcf877f295c2,standard,2QP,1,1,0.43552538724481643,0.44816342786276075,0.11631118489242263,0.0,0.0,0.0,0.0
335d87621c57c899332e,43d62f5dadd5ef81371bbd8a713ecce359d75772d1c445479691bcf877f295c2,standard,4QP,0,1,0.22098536656840947,0.403212644020731,0.27605789096537164,0.08808588039454007,0.011658218050945668,0.0,0.0
335d87621c57c899332e,43d62f5dadd5ef81371bbd8a713ecce359d75772d1c445479691bcf877f295c2,standard,4QP,1,1,0.17898813633188512,0.37701143397573555,0.3092505452996082,0.11723197228798465,0.017517912104784917,0.0,0.0
335d87621c57c899332e,43d62f5dadd5ef81371bbd8a713ecce359d75772d1c445479691bcf877f295c2,standard,6QP,0,1,0.1995785286733714,0.3813790005026127,0.28380436437055523,0.10834912538896022,0.023613462674749508,0.003064126709928877,0.00021139167981584385
335d87621c57c899332e,43d62f5dadd5ef81371bbd8a713ecce359d75772d1c445479691bcf877f295c2,standard,6QP,1,1,0.13384738235684163,0.3276141232269159,0.32356961753955965,0.1624131583431354,0.04491720013784413,0.007071362769555286,0.000567155626147205
8721eb57382218c8199f,43d62f5dadd5ef81371bbd8a713ecce359d75772d1c445479691bcf877f295c2,standard,2QP,0,1,0.47321495107578176,0.453819787950606,0.0729652609736158,0.0,0.0,0.0,0.0
8721eb57382218c8199f,43d62f5dadd5ef81371bbd8a713ecce359d75772d1c445479691bcf877f295c2,standard,2QP,1,1,0.6752620337170228,0.2845643699015478,0.04017359638142686,0.0,0.0,0.0,0.0
8721eb57382218c8199f,43d62f5dadd5ef81371bbd8a713ecce359d75772d1c445479691bcf877f295c2,standard,4QP,0,1,0.3900635143867932,0.46464836913169416,0.1281336227856353,0.016287590809873916,0.0008669028860065473,0.0,0.0
8721eb57382218c8199f,43d62f5dadd5ef81371bbd8a713ecce359d75772d1c445479691bcf877f295c2,standard,4QP,1,1,0.579653308939832,0.3113302176484385,0.09452498676148229,0.013590186418557942,0.0009013002316950472,0.0,0.0
8721eb57382218c8199f,43d62f5dadd5ef81371bbd8a713ecce359d75772d1c445479691bcf877f295c2,standard,6QP,0,1,0.3891233851398074,0.4643570615392564,0.12864890360432676,0.016765959160069618,0.001062116939445934,4.1668842585218375e-05,9.047745056768463e-07
8721eb57382218c8199f,43d62f5dadd5ef81371bbd8a713ecce359d75772d1c445479691bcf877f295c2,standard,6QP,1,1,0.5771693362843769,0.3113765042537679,0.09588821815392834,0.014323916388107486,0.0011889283877665733,5.1773792363087436e-05,1.3227396934376818e-06
827a90a69d66630d64ff,43d62f5dadd5ef81371bbd8a713ecce359d75772d1c445479691bcf877f295c2,standard,2QP,0,1,0.4682148788489094,0.44286727749018145,0.08891784366090787,0.0,0.0,0.0,0.0
827a90a69d66630d64ff,43d62f5dadd5ef81371bbd8a713ecce359d75772d1c445479691bcf877f295c2,standard,2QP,1,1,0.5566467239418743,0.37459020349380756,0.0687630725643188,0.0,0.0,0.0,0.0
827a90a69d66630d64ff,43d62f5dadd5ef81371bbd8a713ecce359d75772d1c445479691bcf877f295c2,standard,4QP,0,1,0.3457159070238585,0.4438723784106036,0.17660856331494298,0.031408180064989244,0.002394971185607309,0.0,0.0
827a90a69d66630d64ff,43d62f5dadd5ef81371bbd8a713ecce359d75772d1c445479691bcf877f295c2,standard,4QP,1,1,0.3391189243615522,0.39033215158044055,0.21226993318058476,0.05299593589298278,0.005283054984438413,0.0,0.0
827a90a69d66630d64ff,43d62f5dadd5ef81371bbd8a713ecce359d75772d1c445479691bcf877f295c2,standard,6QP,0,1,0.3424815999794121,0.442284779571787,0.17838452142613107,0.03336847768994348,0.0032793064075800657,0.00019485966791199755,6.455257242627453e-06
827a90a69d66630d64ff,43d62f5dadd5ef81371bbd8a713ecce359d75772d1c445479691bcf877f295c2,standard,6QP,1,1,0.3157865340781656,0.38407407414854067,0.22643519137285917,0.06372486232354431,0.009224936508217669,0.0007231116280904204,3.12899405888864e-05
f27105d225a16cd7b9db,43d62f5dadd5ef81371bbd8a713ecce359d75772d1c445479691bcf877f295c2,standard,2QP,0,1,0.4046083329712688,0.49392055693583947,0.10147111009289204,0.0,0.0,0.0,0.0
f27105d225a16cd7b9db,43d62f5dadd5ef81371bbd8a713ecce359d75772d1c445479691bcf877f295c2,standard,2QP,1,1,0.5663471552194624,0.35593143029812035,0.07772141448241703,0.0,0.0,0.0,0.0
f27105d225a16cd7b9db,43d62f5dadd5ef81371bbd8a713ecce359d75772d1c445479691bcf877f295c2,standard,4QP,0,1,0.2554539639412991,0.47006111892367847,0.21438488483951,0.05482953818623215,0.005270494109284481,0.0,0.0
f27105d225a16cd7b9db,43d62f5dadd5ef81371bbd8a713ecce359d75772d1c445479691bcf877f295c2,standard,4QP,1,1,0.33174465438116124,0.3602252104677484,0.23921213216264262,0.06152015394532094,0.007297849043127022,0.0,0.0
f27105d225a16cd7b9db,43d62f5dadd5ef81371bbd8a713ecce359d75772d1c445479691bcf877f295c2,standard,6QP,0,1,0.2473930073529234,0.46308552003144,0.21835005288491194,0.06189202308438368,0.008491330759748946,0.0007537822789294387,3.42836076691568e-05
f27105d225a16cd7b9db,43d62f5dadd5ef81371bbd8a713ecce359d75772d1c445479691bcf877f295c2,standard,6QP,1,1,0.3077352987373824,0.3498794169079084,0.25236878175981875,0.07467018727030933,0.013948268899783742,0.0013260249955211012,7.202142927473388e-05
0227682084c0dd4ae244,43d62f5dadd5ef81371bbd8a713ecce359d75772d1c445479691bcf877f295c2,standard,2QP,0,1,0.40380137613406186,0.49445528401727984,0.1017433398486596,0.0,0.0,0.0,0.0
0227682084c0dd4ae244,43d62f5dadd5ef81371bbd8a713ecce359d75772d1c445479691bcf877f295c2,standard,2QP,1,1,0.5792527800060735,0.34898698089172286,0.07176023910220326,0.0,0.0,0.0,0.0
0227682084c0dd4ae244,43d62f5dadd5ef81371bbd8a713ecce359d75772d1c445479691bcf877f295c2,standard,4QP,0,1,0.2777061160450059,0.47723790788243103,0.198489806111663,0.042938999541134074,0.0036271704197665742,0.0,0.0
0227682084c0dd4ae244,43d62f5dadd5ef81371bbd8a713ecce359d75772d1c445479691bcf877f295c2,standard,4QP,1,1,0.33909787984105755,0.35692441411186226,0.23598424485378258,0.061021534095495295,0.0069719270978017365,0.0,0.0
0227682084c0dd4ae244,43d62f5dadd5ef81371bbd8a713ecce359d75772d1c445479691bcf877f295c2,standard,6QP,0,1,0.2731712009924688,0.4737530281473393,0.20087735390644135,0.04656118440872022,0.005242773380828687,0.00037991391195861605,1.4545252241873389e-05
0227682084c0dd4ae244,43d62f5dadd5ef81371bbd8a713ecce359d75772d1c445479691bcf877f295c2,standard,6QP,1,1,0.3043525574866217,0.3458914280972536,0.25747279786402344,0.07733191146027249,0.013666280814274238,0.0012221801830335896,6.284409452210437e-05
8f719d77a1e1c682e154,43d62f5dadd5ef81371bbd8a713ecce359d75772d1c445479691bcf877f295c2,standard,2QP,0,1,0.6374277862140391,0.32712194317420357,0.035450270611757595,0.0,0.0,0.0,0.0
8f719d77a1e1c682e154,43d62f5dadd5ef81371bbd8a713ecce359d75772d1c445479691bcf877f295c2,standard,2QP,1,1,0.7748969693996541,0.2090856294513032,0.016017401149041863,0.0,0.0,0.0,0.0
8f719d77a1e1c682e154,43d62f5dadd5ef81371bbd8a713ecce359d75772d1c445479691bcf877f295c2,standard,4QP,0,1,0.604880043501306,0.3404713626058947,0.05166914740573621,0.0029036587940987303,7.578769296292037e-05,0.0,0.0
8f719d77a1e1c682e154,43d62f5dadd5ef81371bbd8a713ecce359d75772d1c445479691bcf877f295c2,standard,4QP,1,1,0.7556763639669288,0.21859513105888226,0.024171134345826267,0.0015126109835253282,4.475964483729895e-05,0.0,0.0
8f719d77a1e1c682e154,43d62f5dadd5ef81371bbd8a713ecce359d75772d1c445479691bcf877f295c2,standard,6QP,0,1,0.6048157570231649,0.340481210730231,0.05169823414221794,0.002920591889249785,8.280667954494703e-05,1.3860592332109171e-06,1.3476354723862905e-08
8f719d77a1e1c682e154,43d62f5dadd5ef81371bbd8a713ecce359d75772d1c445479691bcf877f295c2,standard,6QP,1,1,0.7556215119950576,0.21861007492506357,0.024193888664574715,0.0015240539939014599,4.957898772070125e-05,8.823266984484269e-07,9.106987112413641e-09
d218055fa3697cdecc91,43d62f5dadd5ef81371bbd8a713ecce359d75772d1c445479691bcf877f295c2,standard,2QP,0,1,0.6331413220651977,0.3249195479228032,0.041939130011999656,0.0,0.0,0.0,0.0
d218055fa3697cdecc91,43d62f5dadd5ef81371bbd8a713ecce359d75772d1c445479691bcf877f295c2,standard,2QP,1,1,0.6706741239794274,0.2946848528761304,0.03464102314444132,0.0,0.0,0.0,0.0
d218055fa3697cdecc91,43d62f5dadd5ef81371bbd8a713ecce359d75772d1c445479691bcf877f295c2,standard,4QP,0,1,0.5762488653608475,0.34467106614116133,0.07223713303899114,0.0065661457483511465,0.0002767897106531403,0.0,0.0
d218055fa3697cdecc91,43d62f5dadd5ef81371bbd8a713ecce359d75772d1c445479691bcf877f295c2,standard,4QP,1,1,0.6048313923209964,0.3204388570940651,0.06706896664069423,0.007306622690518467,0.000354161253728012,0.0,0.0
d218055fa3697cdecc91,43d62f5dadd5ef81371bbd8a713ecce359d75772d1c445479691bcf877f295c2,standard,6QP,0,1,0.5758904871415689,0.34468930088241967,0.072409102981227,0.0066774581289024025,0.00032445455628303077,9.051488326505807e-06,1.448212685370901e-07
d218055fa3697cdecc91,43d62f5dadd5ef81371bbd8a713ecce359d75772d1c445479691bcf877f295c2,standard,6QP,1,1,0.604188115813472,0.3205153553186588,0.06736752813958156,0.00748718418312468,0.000428178088107264,1.3403814084627411e-05,2.346429721479662e-07
aaac42d7b13f72cfee86,43d62f5dadd5ef81371bbd8a713ecce359d75772d1c445479691bcf877f295c2,standard,2QP,0,1,0.5099390262969627,0.4207633412200233,0.06929763248301271,0.0,0.0,0.0,0.0
aaac42d7b13f72cfee86,43d62f5dadd5ef81371bbd8a713ecce359d75772d1c445479691bcf877f295c2,standard,2QP,1,1,0.6424776716758578,0.31342795867031137,0.04409436965383218,0.0,0.0,0.0,0.0
aaac42d7b13f72cfee86,43d62f5dadd5ef81371bbd8a713ecce359d75772d1c445479691bcf877f295c2,standard,4QP,0,1,0.42491307292522124,0.4347801863838983,0.1242918027358193,0.015201400934273716,0.0008135370207835017,0.0,0.0
aaac42d7b13f72cfee86,43d62f5dadd5ef81371bbd8a713ecce359d75772d1c445479691bcf877f295c2,standard,4QP,1,1,0.534281562295719,0.3425648796123735,0.1056764333425316,0.016379820839497322,0.001097303909882165,0.0,0.0
aaac42d7b13f72cfee86,43d62f5dadd5ef81371bbd8a713ecce359d75772d1c445479691bcf877f295c2,standard,6QP,0,1,0.42396561743466976,0.43455704682322494,0.12480723862019372,0.015635078830503153,0.0009959495058036864,3.823878437455601e-05,8.300012236206486e-07
aaac42d7b13f72cfee86,43d62f5dadd5ef81371bbd8a713ecce359d75772d1c445479691bcf877f295c2,standard,6QP,1,1,0.5311422673388273,0.3425613340294762,0.10739882114332037,0.017366081036503053,0.0014632509247269384,6.651487711263851e-05,1.7306500347462875e-06
12f574e2e4bead4adeda,43d62f5dadd5ef81371bbd8a713ecce359d75772d1c445479691bcf877f295c2,standard,2QP,0,1,0.07764672430762753,0.8747762184046792,0.047577057287693555,0.0,0.0,0.0,0.0
12f574e2e4bead4adeda,43d62f5dadd5ef81371bbd8a713ecce359d75772d1c445479691bcf877f295c2,standard,2QP,1,1,0.942497182703449,0.054447331301194675,0.0030554859953578492,0.0,0.0,0.0,0.0
12f574e2e4bead4adeda,43d62f5dadd5ef81371bbd8a713ecce359d75772d1c445479691bcf877f295c2,standard,4QP,0,1,0.07437197446440928,0.8642901861126795,0.05754415538811766,0.003718798396322419,7.488563846783361e-05,0.0,0.0
12f574e2e4bead4adeda,43d62f5dadd5ef81371bbd8a713ecce359d75772d1c445479691bcf877f295c2,standard,4QP,1,1,0.9409878002074265,0.0550632864376456,0.0038465459778247476,0.00010039517542761334,1.9722016772100447e-06,0.0,0.0
12f574e2e4bead4adeda,43d62f5dadd5ef81371bbd8a713ecce359d75772d1c445479691bcf877f295c2,standard,6QP,0,1,0.07436482215024444,0.8642590046119085,0.057556368100333384,0.0037381194755144063,8.033241323818505e-05,1.3426748476290666e-06,1.0573915032638046e-08
12f574e2e4bead4adeda,43d62f5dadd5ef81371bbd8a713ecce359d75772d1c445479691bcf877f295c2,standard,6QP,1,1,0.9409866619166838,0.055063553338218496,0.0038470987656045257,0.00010057365063581644,2.092632216332419e-06,1.9568386866133078e-08,1.2824749566490009e-10
90fc721acea6060ea65e,43d62f5dadd5ef81371bbd8a713ecce359d75772d1c445479691bcf877f295c2,standard,2QP,0,1,0.38424037210340156,0.5452609579471059,0.07049866994949254,0.0,0.0,0.0,0.0
90fc721acea6060ea65e,43d62f5dadd5ef81371bbd8a713ecce359d75772d1c445479691bcf877f295c2,standard,2QP,1,1,0.7934703471749444,0.1853692341402251,0.0211604186848292,0.0,0.0,0.0,0.0
90fc721acea6060ea65e,43d62f5dadd5ef81371bbd8a713ecce359d75772d1c445479691bcf877f295c2,standard,4QP,0,1,0.3281922940218184,0.549993835000982,0.10943118224001958,0.011891240408950133,0.000491448328224437,0.0,0.0
90fc721acea6060ea65e,43d62f5dadd5ef81371bbd8a713ecce359d75772d1c445479691bcf877f295c2,standard,4QP,1,1,0.759565507068557,0.19782198368933993,0.03908051991375619,0.00337058658733548,0.0001614027410063683,0.0,0.0
90fc721acea6060ea65e,43d62f5dadd5ef81371bbd8a713ecce359d75772d1c445479691bcf877f295c2,standard,6QP,0,1,0.3278185428760862,0.5498339500901549,0.10964207114010832,0.012114132667313732,0.0005731322078738421,1.7875739481896995e-05,2.9527897614958027e-07
90fc721acea6060ea65e,43d62f5dadd5ef81371bbd8a713ecce359d75772d1c445479691bcf877f295c2,standard,6QP,1,1,0.7592767014461835,0.1978641761688898,0.039227626970665286,0.00343451075114321,0.00019159444587308515,5.2984893054050366e-06,9.172794521426304e-08
2619fb1862fba786e7a3,43d62f5dadd5ef81371bbd8a713ecce359d75772d1c445479691bcf877f295c2,standard,2QP,0,1,0.1604027621398015,0.7717979574126361,0.06779928044755913,0.0,0.0,0.0,0.0
2619fb1862fba786e7a3,43d62f5dadd5ef81371bbd8a713ecce359d75772d1c445479691bcf877f295c2,standard,2QP,1,1,0.894062992715399,0.09713755695543519,0.008799450329165022,0.0,0.0,0.0,0.0
2619fb1862fba786e7a3,43d62f5dadd5ef81371bbd8a713ecce359d75772d1c445479691bcf877f295c2,standard,4QP,0,1,0.14344644083699665,0.756038117973135,0.09088875758966915,0.009327302846449078,0.00029938075375271185,0.0,0.0
2619fb1862fba786e7a3,43d62f5dadd5ef81371bbd8a713ecce359d75772d1c445479691bcf877f295c2,standard,4QP,1,1,0.8857755866193928,0.10023397547173521,0.013314512171301035,0.0006532062009297755,2.2719536643053248e-05,0.0,0.0
2619fb1862fba786e7a3,43d62f5dadd5ef81371bbd8a713ecce359d75772d1c445479691bcf877f295c2,standard,6QP,0,1,0.1433620563682358,0.7558741725039592,0.09096516044734336,0.00945228756051543,0.00033708818219927556,9.116702931227852e-06,1.1823482119927818e-07
2619fb1862fba786e7a3,43d62f5dadd5ef81371bbd8a713ecce359d75772d1c445479691bcf877f295c2,standard,6QP,1,1,0.8857505719787143,0.1002386427094043,0.013327372017914799,0.000657576389397745,2.538926267671255e-05,4.4231875624231516e-07,5.323137287014194e-09
e1f38b2eb58771b28cbf,43d62f5dadd5ef81371bbd8a713ecce359d75772d1c445479691bcf877f295c2,standard,2QP,0,1,0.08036062725873427,0.8504546141022569,0.06918475863900607,0.0,0.0,0.0,0.0
e1f38b2eb58771b28cbf,43d62f5dadd5ef81371bbd8a713ecce359d75772d1c445479691bcf877f295c2,standard,2QP,1,1,0.8966153883371548,0.09231520927977131,0.01106940238307495,0.0,0.0,0.0,0.0
e1f38b2eb58771b28cbf,43d62f5dadd5ef81371bbd8a713ecce359d75772d1c445479691bcf877f295c2,standard,4QP,0,1,0.07081218322583019,0.8180653343157376,0.09484297528756012,0.015640554050700462,0.0006389531201746613,0.0,0.0
e1f38b2eb58771b28cbf,43d62f5dadd5ef81371bbd8a713ecce359d75772d1c445479691bcf877f295c2,standard,4QP,1,1,0.8830150554514842,0.09636028110413283,0.01945267513461344,0.001117269198959188,5.471911080893151e-05,0.0,0.0
e1f38b2eb58771b28cbf,43d62f5dadd5ef81371bbd8a713ecce359d75772d1c445479691bcf877f295c2,standard,6QP,0,1,0.0706853139215891,0.8174030977724965,0.09501196099409265,0.01610677410994585,0.0007601024996586147,3.2177286866508514e-05,5.734153539327375e-07
e1f38b2eb58771b28cbf,43d62f5dadd5ef81371bbd8a713ecce359d75772d1c445479691bcf877f295c2,standard,6QP,1,1,0.8829321979145279,0.09637068378401654,0.019500051570982526,0.0011310674690780916,6.449674853424824e-05,1.4771133376998008e-06,2.5399523625414098e-08
3b7e5f4777b6fd7f495b,43d62f5dadd5ef81371bbd8a713ecce359d75772d1c445479691bcf877f295c2,standard,2QP,0,1,0.4731595344977074,0.439043407349783,0.08779705815250945,0.0,0.0,0.0,0.0
3b7e5f4777b6fd7f495b,43d62f5dadd5ef81371bbd8a713ecce359d75772d1c445479691bcf877f295c2,standard,2QP,1,1,0.540215967883173,0.38400608704358336,0.07577794507324215,0.0,0.0,0.0,0.0
3b7e5f4777b6fd7f495b,43d62f5dadd5ef81371bbd8a713ecce359d75772d1c445479691bcf877f295c2,standard,4QP,0,1,0.3259095978832505,0.438213801136105,0.19171237577587802,0.04058809047594276,0.0035761347288195446,0.0,0.0
3b7e5f4777b6fd7f495b,43d62f5dadd5ef81371bbd8a713ecce359d75772d1c445479691bcf877f295c2,standard,4QP,1,1,0.3302327937707437,0.3944362346787004,0.21613521966238566,0.05361050938169471,0.005585242506472228,0.0,0.0
3b7e5f4777b6fd7f495b,43d62f5dadd5ef81371bbd8a713ecce359d75772d1c445479691bcf877f295c2,standard,6QP,0,1,0.3198589089957078,0.43488489222945215,0.19490895983871154,0.04454437202243214,0.005393994562737115,0.0003932785503501521,1.559380061340271e-05
3b7e5f4777b6fd7f495b,43d62f5dadd5ef81371bbd8a713ecce359d75772d1c445479691bcf877f295c2,standard,6QP,1,1,0.3142350947797042,0.38778589904898325,0.22489119590754203,0.06256790771635727,0.009668046807133727,0.0008143731065993401,3.748263368607161e-05
ba1047b1ad15968d3c1c,43d62f5dadd5ef81371bbd8a713ecce359d75772d1c445479691bcf877f295c2,standard,2QP,0,1,0.4249871711059696,0.45987331570407336,0.1151395131899584,0.0,0.0,0.0,0.0
ba1047b1ad15968d3c1c,43d62f5dadd5ef81371bbd8a713ecce359d75772d1c445479691bcf877f295c2,standard,2QP,1,1,0.4580115818065293,0.43371406688526803,0.10827435130820379,0.0,0.0,0.0,0.0
ba1047b1ad15968d3c1c,43d62f5dadd5ef81371bbd8a713ecce359d75772d1c445479691bcf877f295c2,standard,4QP,0,1,0.23289936570926675,0.41526243194952595,0.2624676877631536,0.07952494867669341,0.009845565901363991,0.0,0.0
ba1047b1ad15968d3c1c,43d62f5dadd5ef81371bbd8a713ecce359d75772d1c445479691bcf877f295c2,standard,4QP,1,1,0.1996974887825028,0.37952704468918463,0.2995821835765185,0.10606096696241679,0.01513231598937281,0.0,0.0
ba1047b1ad15968d3c1c,43d62f5dadd5ef81371bbd8a713ecce359d75772d1c445479691bcf877f295c2,standard,6QP,0,1,0.21508941032268056,0.3981578308629198,0.2696725301628778,0.09580408415070536,0.01888504792751156,0.0022492766306358406,0.00014181994267023574
ba1047b1ad15968d3c1c,43d62f5dadd5ef81371bbd8a713ecce359d75772d1c445479691bcf877f295c2,standard,6QP,1,1,0.15862328638780038,0.34079090075839424,0.31557457094354185,0.14301311286629756,0.036435257760992365,0.005179357340308679,0.0003835139426684251
8c6568077b8ecfe6a9ff,43d62f5dadd5ef81371bbd8a713ecce359d75772d1c445479691bcf877f295c2,standard,2QP,0,1,0.560086572147693,0.4149223696555924,0.02499105819671316,0.0,0.0,0.0,0.0
8c6568077b8ecfe6a9ff,43d62f5dadd5ef81371bbd8a713ecce359d75772d1c445479691bcf877f295c2,standard,2QP,1,1,0.920420135323154,0.07597546550597728,0.0036043991708671914,0.0,0.0,0.0,0.0
8c6568077b8ecfe6a9ff,43d62f5dadd5ef81371bbd8a713ecce359d75772d1c445479691bcf877f295c2,standard,4QP,0,1,0.5424725023323187,0.4246145664514792,0.03161281063394265,0.001279207983971359,2.0912598288267614e-05,0.0,0.0
8c6568077b8ecfe6a9ff,43d62f5dadd5ef81371bbd8a713ecce359d75772d1c445479691bcf877f295c2,standard,4QP,1,1,0.9184389538234311,0.07702049135978012,0.0044234142252947296,0.00011536803270016298,1.7725587975808405e-06,0.0,0.0
8c6568077b8ecfe6a9ff,43d62f5dadd5ef81371bbd8a713ecce359d75772d1c445479691bcf877f295c2,standard,6QP,0,1,0.5424594064402227,0.4246183005994557,0.03161742129211699,0.0012824981580955314,2.2135220033700516e-05,2.3692872594533607e-07,1.361362480002488e-09
8c6568077b8ecfe6a9ff,43d62f5dadd5ef81371bbd8a713ecce359d75772d1c445479691bcf877f295c2,standard,6QP,1,1,0.9184379411049506,0.07702084003670698,0.00442380283208126,0.00011553727494481772,1.8635958842783049e-06,1.508070207139097e-08,7.472977423972989e-11
5a42cd5d380296f0adfc,2854eeaecd1a9c2eb43945571c0fa36dfddf9b296eb68eec79d912dbce5e697b,standard,2QP,0,1,0.10516172051730803,0.8169313029863505,0.07790697649633967,0.0,0.0,0.0,0.0
5a42cd5d380296f0adfc,2854eeaecd1a9c2eb43945571c0fa36dfddf9b296eb68eec79d912dbce5e697b,standard,2QP,1,1,0.8717434124061282,0.1126512309801278,0.015605356613744951,0.0,0.0,0.0,0.0
5a42cd5d380296f0adfc,2854eeaecd1a9c2eb43945571c0fa36dfddf9b296eb68eec79d912dbce5e697b,standard,4QP,0,1,0.08796475464646145,0.7773931361035269,0.1120287151795574,0.021574028007163387,0.0010393660632920748,0.0,0.0
5a42cd5d380296f0adfc,2854eeaecd1a9c2eb43945571c0fa36dfddf9b296eb68eec79d912dbce5e697b,standard,4QP,1,1,0.847612971692818,0.11944675261150016,0.0306220416217987,0.0021918400262671894,0.0001263940476149746,0.0,0.0
5a42cd5d380296f0adfc,2854eeaecd1a9c2eb43945571c0fa36dfddf9b296eb68eec79d912dbce5e697b,standard,6QP,0,1,0.08766461608366224,0.776176872377002,0.1123424766011058,0.022465292002393788,0.0012849784927855233,6.440595376339583e-05,1.3584892868751198e-06
5a42cd5d380296f0adfc,2854eeaecd1a9c2eb43945571c0fa36dfddf9b296eb68eec79d912dbce5e697b,standard,6QP,1,1,0.8473806425232098,0.11947035288902577,0.030756530070473003,0.0022337103585941985,0.00015439703992516243,4.279530659808755e-06,8.758811220190854e-08
758601b901518248aa79,da0f830a8e7cf8900d6a4ead858f6b77b8f28f75bdb5dbeaf82ef07eeb78c498,standard,2QP,0,1,0.3283669157468147,0.5433112767925634,0.12832180746062183,0.0,0.0,0.0,0.0
758601b901518248aa79,da0f830a8e7cf8900d6a4ead858f6b77b8f28f75bdb5dbeaf82ef07eeb78c498,standard,2QP,1,1,0.5320334552428528,0.3644578725318538,0.10350867222529303,0.0,0.0,0.0,0.0
758601b901518248aa79,da0f830a8e7cf8900d6a4ead858f6b77b8f28f75bdb5dbeaf82ef07eeb78c498,standard,4QP,0,1,0.16995497174778573,0.46196431595843895,0.2600453091053103,0.09624425812364336,0.011791145064822508,0.0,0.0
758601b901518248aa79,da0f830a8e7cf8900d6a4ead858f6b77b8f28f75bdb5dbeaf82ef07eeb78c498,standard,4QP,1,1,0.24013259542332394,0.32320331920245104,0.31870306126911957,0.10150599111329957,0.016455032991803387,0.0,0.0
758601b901518248aa79,da0f830a8e7cf8900d6a4ead858f6b77b8f28f75bdb5dbeaf82ef07eeb78c498,standard,6QP,0,1,0.1533467063108474,0.43630837105662723,0.26473926152840266,0.11872285933507924,0.023351054203341926,0.0033149948149721626,0.00021675275073137915
758601b901518248aa79,da0f830a8e7cf8900d6a4ead858f6b77b8f28f75bdb5dbeaf82ef07eeb78c498,standard,6QP,1,1,0.18491276948653732,0.28380953005624804,0.3417138354279107,0.1401014115799885,0.04289481629191442,0.00605498650982582,0.0005126506475752723
11e4a0305caaefb8e2b4,43d62f5dadd5ef81371bbd8a713ecce359d75772d1c445479691bcf877f295c2,standard,2QP,0,1,0.4467743760305679,0.4511415496281422,0.1020840743412914,0.0,0.0,0.0,0.0
11e4a0305caaefb8e2b4,43d62f5dadd5ef81371bbd8a713ecce359d75772d1c445479691bcf877f295c2,standard,2QP,1,1,0.4932880000238661,0.4137001295447536,0.09301187043138275,0.0,0.0,0.0,0.0
11e4a0305caaefb8e2b4,43d62f5dadd5ef81371bbd8a713ecce359d75772d1c445479691bcf877f295c2,standard,4QP,0,1,0.27282318376324455,0.42929284058535133,0.2313698884148388,0.0600917895043368,0.006422297732227043,0.0,0.0
11e4a0305caaefb8e2b4,43d62f5dadd5ef81371bbd8a713ecce359d75772d1c445479691bcf877f295c2,standard,4QP,1,1,0.2483216356673186,0.39174761132010694,0.2676526395082187,0.08201632206926801,0.010261791435089377,0.0,0.0
11e4a0305caaefb8e2b4,43d62f5dadd5ef81371bbd8a713ecce359d75772d1c445479691bcf877f295c2,standard,6QP,0,1,0.2613748538050468,0.42054693288422285,0.236891668970374,0.06912032139441789,0.010962599229767977,0.001049685594038549,5.393812212462032e-05
11e4a0305caaefb8e2b4,43d62f5dadd5ef81371bbd8a713ecce359d75772d1c445479691bcf877f295c2,standard,6QP,1,1,0.21913548496819965,0.37162092918645584,0.2820226103334153,0.10347376437224577,0.021202558447170335,0.0023999198702240555,0.00014473282228694482
563a12eb884b183c6759,2854eeaecd1a9c2eb43945571c0fa36dfddf9b296eb68eec79d912dbce5e697b,standard,2QP,0,1,0.8070325867305597,0.1835900797335489,0.009377333535890897,0.0,0.0,0.0,0.0
563a12eb884b183c6759,2854eeaecd1a9c2eb43945571c0fa36dfddf9b296eb68eec79d912dbce5e697b,standard,2QP,1,1,0.9019409019301806,0.09428668182918576,0.0037724162406345355,0.0,0.0,0.0,0.0
563a12eb884b183c6759,2854eeaecd1a9c2eb43945571c0fa36dfddf9b296eb68eec79d912dbce5e697b,standard,4QP,0,1,0.801153367660731,0.1872042730630969,0.011341089393215124,0.0002975826364437734,3.6872465155690586e-06,0.0,0.0
563a12eb884b183c6759,2854eeaecd1a9c2eb43945571c0fa36dfddf9b296eb68eec79d912dbce5e697b,standard,4QP,1,1,0.8998554298703828,0.09554283962905777,0.004491943692062854,0.00010841867073527722,1.3681377621200799e-06,0.0,0.0
563a12eb884b183c6759,2854eeaecd1a9c2eb43945571c0fa36dfddf9b296eb68eec79d912dbce5e697b,standard,6QP,0,1,0.8011511941589836,0.18720520588824083,0.011341773961234026,0.0002979499430975994,3.847063363202192e-06,2.886113174921186e-08,1.23947711994688e-10
563a12eb884b183c6759,2854eeaecd1a9c2eb43945571c0fa36dfddf9b296eb68eec79d912dbce5e697b,standard,6QP,1,1,0.8998546656182042,0.09554316333430285,0.004492193210635765,0.00010854044014676554,1.4273218690712326e-06,1.0033333062076101e-08,4.150666509975825e-11
b76e6aa563383db9cecd,43d62f5dadd5ef81371bbd8a713ecce359d75772d1c445479691bcf877f295c2,standard,2QP,0,1,0.23427541029307372,0.6617909374461988,0.10393365226072732,0.0,0.0,0.0,0.0
b76e6aa563383db9cecd,43d62f5dadd5ef81371bbd8a713ecce359d75772d1c445479691bcf877f295c2,standard,2QP,1,1,0.7350786772061335,0.21957294769843644,0.045348375095430694,0.0,0.0,0.0,0.0
b76e6aa563383db9cecd,43d62f5dadd5ef81371bbd8a713ecce359d75772d1c445479691bcf877f295c2,standard,4QP,0,1,0.15767325108178767,0.6086050172802382,0.18015742956344125,0.04970454944103426,0.003859752633497106,0.0,0.0
b76e6aa563383db9cecd,43d62f5dadd5ef81371bbd8a713ecce359d75772d1c445479691bcf877f295c2,standard,4QP,1,1,0.5904709681744348,0.24131228711476582,0.1427607689243628,0.023001560267554875,0.00245441551888192,0.0,0.0
b76e6aa563383db9cecd,43d62f5dadd5ef81371bbd8a713ecce359d75772d1c445479691bcf877f295c2,standard,6QP,0,1,0.15443805209403216,0.6025699546560749,0.18187537421162725,0.05491729559996522,0.005704560789677548,0.0004771331985376795,1.7629450081095362e-05
b76e6aa563383db9cecd,43d62f5dadd5ef81371bbd8a713ecce359d75772d1c445479691bcf877f295c2,standard,6QP,1,1,0.5809417668082383,0.2403954566701908,0.14861057051722276,0.02577608398011482,0.004006075042172453,0.0002585601688808171,1.148681318313436e-05
8bcb7950100e7171e437,43d62f5dadd5ef81371bbd8a713ecce359d75772d1c445479691bcf877f295c2,standard,2QP,0,1,0.5397178614617452,0.4266713068735591,0.033610831664696576,0.0,0.0,0.0,0.0
8bcb7950100e7171e437,43d62f5dadd5ef81371bbd8a713ecce359d75772d1c445479691bcf877f295c2,standard,2QP,1,1,0.8905773063213152,0.10406755416538943,0.005355139513295325,0.0,0.0,0.0,0.0
8bcb7950100e7171e437,43d62f5dadd5ef81371bbd8a713ecce359d75772d1c445479691bcf877f295c2,standard,4QP,0,1,0.5174733096842343,0.4368463217376579,0.04377756547053057,0.0018689873032047837,3.381580436677428e-05,0.0,0.0
8bcb7950100e7171e437,43d62f5dadd5ef81371bbd8a713ecce359d75772d1c445479691bcf877f295c2,standard,4QP,1,1,0.8870731041929986,0.10591535333399621,0.006786584763464359,0.00022097527153701067,3.982438002038836e-06,0.0,0.0
8bcb7950100e7171e437,43d62f5dadd5ef81371bbd8a713ecce359d75772d1c445479691bcf877f295c2,standard,6QP,0,1,0.5174531006829886,0.43684996819136174,0.04378596523931326,0.0018746036218828142,3.593182295175419e-05,4.2760982344665217e-07,2.8316886037700607e-09
8bcb7950100e7171e437,43d62f5dadd5ef81371bbd8a713ecce359d75772d1c445479691bcf877f295c2,standard,6QP,1,1,0.887070381813633,0.10591625351068801,0.006787652930452511,0.00022145004245935007,4.219579637232324e-06,4.1869769188435495e-08,2.5336628086438725e-10
19bcd969141f3fecfcc2,43d62f5dadd5ef81371bbd8a713ecce359d75772d1c445479691bcf877f295c2,standard,2QP,0,1,0.3080165632600262,0.5750798532610328,0.1169035834789429,0.0,0.0,0.0,0.0
19bcd969141f3fecfcc2,43d62f5dadd5ef81371bbd8a713ecce359d75772d1c445479691bcf877f295c2,standard,2QP,1,1,0.6199524944723668,0.3060957193507322,0.07395178617690215,0.0,0.0,0.0,0.0
19bcd969141f3fecfcc2,43d62f5dadd5ef81371bbd8a713ecce359d75772d1c445479691bcf877f295c2,standard,4QP,0,1,0.19481285050054314,0.5226446025268086,0.215521538521295,0.06132494139702896,0.005696067054319175,0.0,0.0
19bcd969141f3fecfcc2,43d62f5dadd5ef81371bbd8a713ecce359d75772d1c445479691bcf877f295c2,standard,4QP,1,1,0.3537388666442625,0.30586162419107127,0.26389537525171364,0.0672671862743118,0.009236947638640736,0.0,0.0
19bcd969141f3fecfcc2,43d62f5dadd5ef81371bbd8a713ecce359d75772d1c445479691bcf877f295c2,standard,6QP,0,1,0.18884668540531427,0.5144298190933408,0.21823923868009953,0.06873123857588521,0.00887101187938444,0.0008440704938705234,3.793587211034415e-05
19bcd969141f3fecfcc2,43d62f5dadd5ef81371bbd8a713ecce359d75772d1c445479691bcf877f295c2,standard,6QP,1,1,0.2993818218024132,0.2873217688524799,0.2979807243850084,0.09160751552752179,0.021384870371552765,0.002181989838198716,0.00014130922282581902
5c08308aa3e9807c4788,43d62f5dadd5ef81371bbd8a713ecce359d75772d1c445479691bcf877f295c2,standard,2QP,0,1,0.7179786143347058,0.265512774697632,0.016508610967663304,0.0,0.0,0.0,0.0
5c08308aa3e9807c4788,43d62f5dadd5ef81371bbd8a713ecce359d75772d1c445479691bcf877f295c2,standard,2QP,1,1,0.8941287191454393,0.10087548316331235,0.004995797691247731,0.0,0.0,0.0,0.0
5c08308aa3e9807c4788,43d62f5dadd5ef81371bbd8a713ecce359d75772d1c445479691bcf877f295c2,standard,4QP,0,1,0.7055700635711328,0.2726923309445296,0.020977708078194456,0.0007480255990729616,1.1871807064114182e-05,0.0,0.0
5c08308aa3e9807c4788,43d62f5dadd5ef81371bbd8a713ecce359d75772d1c445479691bcf877f295c2,standard,4QP,1,1,0.890881644167152,0.10269429261622172,0.0062352425450567395,0.00018583266337244054,2.9880081968974603e-06,0.0,0.0
5c08308aa3e9807c4788,43d62f5dadd5ef81371bbd8a713ecce359d75772d1c445479691bcf877f295c2,standard,6QP,0,1,0.7055619351259623,0.27269528758492595,0.02098045775114971,0.0007496591719300044,1.253579852895022e-05,1.2388205394909367e-07,6.85452616600808e-10
5c08308aa3e9807c4788,43d62f5dadd5ef81371bbd8a713ecce359d75772d1c445479691bcf877f295c2,standard,6QP,1,1,0.8908797056808591,0.10269501433885686,0.006235938289300317,0.0001861625531611962,3.151269671839603e-06,2.7723927504491547e-08,1.442254653906421e-10
7ea8b610aacbd09e447a,43d62f5dadd5ef81371bbd8a713ecce359d75772d1c445479691bcf877f295c2,standard,2QP,0,1,0.5475917961074952,0.39617032031496535,0.05623788357754203,0.0,0.0,0.0,0.0
7ea8b610aacbd09e447a,43d62f5dadd5ef81371bbd8a713ecce359d75772d1c445479691bcf877f295c2,standard,2QP,1,1,0.6804816776438577,0.2816924910902575,0.03782583126588455,0.0,0.0,0.0,0.0
7ea8b610aacbd09e447a,43d62f5dadd5ef81371bbd8a713ecce359d75772d1c445479691bcf877f295c2,standard,4QP,0,1,0.46929894143760426,0.41629955130942464,0.1018111703021865,0.01198396041812172,0.000606376532661601,0.0,0.0
7ea8b610aacbd09e447a,43d62f5dadd5ef81371bbd8a713ecce359d75772d1c445479691bcf877f295c2,standard,4QP,1,1,0.599169389232559,0.30900715061660267,0.08115006808784593,0.010086193094746588,0.0005871989682490629,0.0,0.0
7ea8b610aacbd09e447a,43d62f5dadd5ef81371bbd8a713ecce359d75772d1c445479691bcf877f295c2,standard,6QP,0,1,0.4684944455739227,0.4162061806552639,0.10221961864830711,0.01231149834620922,0.0007410980284526188,2.6627850550052103e-05,5.308972914500056e-07
7ea8b610aacbd09e447a,43d62f5dadd5ef81371bbd8a713ecce359d75772d1c445479691bcf877f295c2,standard,6QP,1,1,0.5979198454060204,0.30908167531063485,0.08177297031015643,0.010453081422572015,0.0007437613526713307,2.8060139018178556e-05,6.060589196806788e-07
ae1eb67a8ce3be75338d,43d62f5dadd5ef81371bbd8a713ecce359d75772d1c445479691bcf877f295c2,standard,2QP,0,1,0.45336628021174186,0.4497004484622529,0.09693327132600689,0.0,0.0,0.0,0.0
ae1eb67a8ce3be75338d,43d62f5dadd5ef81371bbd8a713ecce359d75772d1c445479691bcf877f295c2,standard,2QP,1,1,0.5268109716939532,0.3940295510449678,0.07915947726107679,0.0,0.0,0.0,0.0
ae1eb67a8ce3be75338d,43d62f5dadd5ef81371bbd8a713ecce359d75772d1c445479691bcf877f295c2,standard,4QP,0,1,0.31615083760077234,0.44186413336264735,0.19822450620079543,0.040278736438989514,0.003481786396795799,0.0,0.0
ae1eb67a8ce3be75338d,43d62f5dadd5ef81371bbd8a713ecce359d75772d1c445479691bcf877f295c2,standard,4QP,1,1,0.27276427829842703,0.3908469766204257,0.2543484094030545,0.07368885739240315,0.008351478285689133,0.0,0.0
ae1eb67a8ce3be75338d,43d62f5dadd5ef81371bbd8a713ecce359d75772d1c445479691bcf877f295c2,standard,6QP,0,1,0.3112382419492387,0.43891305857171725,0.2008520392808357,0.043591904877658176,0.005038583268285495,0.00035251847809260193,1.3653574176341636e-05
ae1eb67a8ce3be75338d,43d62f5dadd5ef81371bbd8a713ecce359d75772d1c445479691bcf877f295c2,standard,6QP,1,1,0.2325048514721762,0.37453327585421436,0.2787636471457228,0.09564096551557333,0.016861398645399074,0.001612319129950273,8.354223696143843e-05
1a5c09a2d0a2caed7584,43d62f5dadd5ef81371bbd8a713ecce359d75772d1c445479691bcf877f295c2,standard,2QP,0,1,0.969115640118024,0.030599617454791245,0.0002847424271830971,0.0,0.0,0.0,0.0
1a5c09a2d0a2caed7584,43d62f5dadd5ef81371bbd8a713ecce359d75772d1c445479691bcf877f295c2,standard,2QP,1,1,0.9809065067283786,0.019004847878163006,8.864539345507308e-05,0.0,0.0,0.0,0.0
1a5c09a2d0a2caed7584,43d62f5dadd5ef81371bbd8a713ecce359d75772d1c445479691bcf877f295c2,standard,4QP,0,1,0.9690904486350788,0.030616921271001598,0.00029180646764558586,8.22460078798247e-07,1.1662015821574628e-09,0.0,0.0
1a5c09a2d0a2caed7584,43d62f5dadd5ef81371bbd8a713ecce359d75772d1c445479691bcf877f295c2,standard,4QP,1,1,0.9808994386126307,0.019009927831925955,9.036993061917253e-05,2.632354656391811e-07,3.8935546464575597e-10,0.0,0.0
1a5c09a2d0a2caed7584,43d62f5dadd5ef81371bbd8a713ecce359d75772d1c445479691bcf877f295c2,standard,6QP,0,1,0.9690904485393366,0.03061692132388352,0.0002918064927805015,8.224716961861855e-07,1.171373952950701e-09,9.610593560075347e-13,4.720037135833431e-16
1a5c09a2d0a2caed7584,43d62f5dadd5ef81371bbd8a713ecce359d75772d1c445479691bcf877f295c2,standard,6QP,1,1,0.9808994385830038,0.01900992784825882,9.036993791531163e-05,2.6323935001819706e-07,3.911569334224039e-10,3.2652112573247757e-13,1.5652539879910271e-16
88f094468c5dea440b0b,43d62f5dadd5ef81371bbd8a713ecce359d75772d1c445479691bcf877f295c2,standard,2QP,0,1,0.9804657264944223,0.019444774262569353,8.949924301064669e-05,0.0,0.0,0.0,0.0
88f094468c5dea440b0b,43d62f5dadd5ef81371bbd8a713ecce359d75772d1c445479691bcf877f295c2,standard,2QP,1,1,0.9925773878727623,0.007398772276269145,2.3839850967596854e-05,0.0,0.0,0.0,0.0
88f094468c5dea440b0b,43d62f5dadd5ef81371bbd8a713ecce359d75772d1c445479691bcf877f295c2,standard,4QP,0,1,0.9804601746613117,0.019448874812730634,9.07740683670528e-05,1.7629413358392787e-07,1.6345179123251281e-10,0.0,0.0
88f094468c5dea440b0b,43d62f5dadd5ef81371bbd8a713ecce359d75772d1c445479691bcf877f295c2,standard,4QP,1,1,0.9925764070257856,0.007399422601602479,2.4129635310816137e-05,4.07000421118727e-08,3.726016343178459e-11,0.0,0.0
88f094468c5dea440b0b,43d62f5dadd5ef81371bbd8a713ecce359d75772d1c445479691bcf877f295c2,standard,6QP,0,1,0.9804601746520999,0.019448874818264173,9.077407040628842e-05,1.7629525269220702e-07,1.6394247574941865e-10,8.756809553997446e-14,2.681340394955647e-17
88f094468c5dea440b0b,43d62f5dadd5ef81371bbd8a713ecce359d75772d1c445479691bcf877f295c2,standard,6QP,1,1,0.9925764070242883,0.007399422602365638,2.41296357306047e-05,4.070025463873316e-08,3.7367658983880966e-11,1.8081023079974068e-14,5.1193104558230494e-18
d277bf90f1f365381fbb,43d62f5dadd5ef81371bbd8a713ecce359d75772d1c445479691bcf877f295c2,standard,2QP,0,1,0.31843083795562266,0.624800675014473,0.05676848702990204,0.0,0.0,0.0,0.0
d277bf90f1f365381fbb,43d62f5dadd5ef81371bbd8a713ecce359d75772d1c445479691bcf877f295c2,standard,2QP,1,1,0.8764245339001112,0.11358958413940118,0.009985881960490892,0.0,0.0,0.0,0.0
d277bf90f1f365381fbb,43d62f5dadd5ef81371bbd8a713ecce359d75772d1c445479691bcf877f295c2,standard,4QP,0,1,0.28332987219916433,0.6284236590289448,0.08066878796960994,0.00734371083122508,0.00023396997105292543,0.0,0.0
d277bf90f1f365381fbb,43d62f5dadd5ef81371bbd8a713ecce359d75772d1c445479691bcf877f295c2,standard,4QP,1,1,0.8660451143021337,0.11797724806581912,0.015177740949835261,0.0007748515328346536,2.5045149379235088e-05,0.0,0.0
d277bf90f1f365381fbb,43d62f5dadd5ef81371bbd8a713ecce359d75772d1c445479691bcf877f295c2,standard,6QP,0,1,0.28319115524385774,0.6283585548593159,0.08074722238262448,0.007432664727301306,0.00026397354548556,6.352045837273426e-06,7.719557944034002e-08
d277bf90f1f365381fbb,43d62f5dadd5ef81371bbd8a713ecce359d75772d1c445479691bcf877f295c2,standard,6QP,1,1,0.8660168666679605,0.11798372017540606,0.015190901496840012,0.0007800674944923081,2.7961685833883804e-05,4.772657159499049e-07,5.213742924321755e-09
724632a0376b5c19b8f0,43d62f5dadd5ef81371bbd8a713ecce359d75772d1c445479691bcf877f295c2,standard,2QP,0,1,0.4615496947705573,0.4424042806948907,0.09604602453455288,0.0,0.0,0.0,0.0
724632a0376b5c19b8f0,43d62f5dadd5ef81371bbd8a713ecce359d75772d1c445479691bcf877f295c2,standard,2QP,1,1,0.517565894954575,0.4020309922191475,0.08040311282627668,0.0,0.0,0.0,0.0
724632a0376b5c19b8f0,43d62f5dadd5ef81371bbd8a713ecce359d75772d1c445479691bcf877f295c2,standard,4QP,0,1,0.3227935886681359,0.4360112285551352,0.19795080675926063,0.03979242056563885,0.00345195545182838,0.0,0.0
724632a0376b5c19b8f0,43d62f5dadd5ef81371bbd8a713ecce359d75772d1c445479691bcf877f295c2,standard,4QP,1,1,0.2618295605893854,0.3965500202185685,0.25710943672894665,0.07592162267292266,0.00858935979017826,0.0,0.0
724632a0376b5c19b8f0,43d62f5dadd5ef81371bbd8a713ecce359d75772d1c445479691bcf877f295c2,standard,6QP,0,1,0.3178293124415937,0.4331499160322116,0.200614172428506,0.04305010245172635,0.004995650757943629,0.0003473697162316155,1.3476171788390258e-05
724632a0376b5c19b8f0,43d62f5dadd5ef81371bbd8a713ecce359d75772d1c445479691bcf877f295c2,standard,6QP,1,1,0.22078564058425632,0.3792346877222272,0.2819059099910189,0.0988904864421047,0.017412937371259606,0.001683064300128844,8.727358899698568e-05
c14061d3c0f99f2f44cf,43d62f5dadd5ef81371bbd8a713ecce359d75772d1c445479691bcf877f295c2,standard,2QP,0,1,0.2026050413006439,0.7214088957630176,0.07598606293633692,0.0,0.0,0.0,0.0
c14061d3c0f99f2f44cf,43d62f5dadd5ef81371bbd8a713ecce359d75772d1c445479691bcf877f295c2,standard,2QP,1,1,0.8621057042131627,0.12425435264087545,0.013639943145963392,0.0,0.0,0.0,0.0
c14061d3c0f99f2f44cf,43d62f5dadd5ef81371bbd8a713ecce359d75772d1c445479691bcf877f295c2,standard,4QP,0,1,0.17413505100876545,0.7045107008227667,0.10762985834275379,0.013210625269576748,0.0005137645561333282,0.0,0.0
c14061d3c0f99f2f44cf,43d62f5dadd5ef81371bbd8a713ecce359d75772d1c445479691bcf877f295c2,standard,4QP,1,1,0.8449296725806938,0.13022884515069477,0.023254459578367734,0.0015193456978608707,6.767699238198974e-05,0.0,0.0
c14061d3c0f99f2f44cf,43d62f5dadd5ef81371bbd8a713ecce359d75772d1c445479691bcf877f295c2,standard,6QP,0,1,0.17392739460977075,0.7041979859183729,0.10778774396239087,0.013471022220197481,0.0005958165810004271,1.9721199527671877e-05,3.1550874009811075e-07
c14061d3c0f99f2f44cf,43d62f5dadd5ef81371bbd8a713ecce359d75772d1c445479691bcf877f295c2,standard,6QP,1,1,0.8448295828039311,0.13024407134320232,0.023307759387493746,0.0015382305021618013,7.851424188072256e-05,1.813087948615495e-06,2.8633379206430844e-08
e41ece76021baff297f7,43d62f5dadd5ef81371bbd8a713ecce359d75772d1c445479691bcf877f295c2,standard,2QP,0,1,0.3977333201259139,0.5228873863436753,0.0793792935304122,0.0,0.0,0.0,0.0
e41ece76021baff297f7,43d62f5dadd5ef81371bbd8a713ecce359d75772d1c445479691bcf877f295c2,standard,2QP,1,1,0.7299686299054923,0.2366042620837285,0.033427108010777154,0.0,0.0,0.0,0.0
e41ece76021baff297f7,43d62f5dadd5ef81371bbd8a713ecce359d75772d1c445479691bcf877f295c2,standard,4QP,0,1,0.3225328008497403,0.5251181107952507,0.1332088055582408,0.01818750331926277,0.0009527794774996013,0.0,0.0
e41ece76021baff297f7,43d62f5dadd5ef81371bbd8a713ecce359d75772d1c445479691bcf877f295c2,standard,4QP,1,1,0.6560086109708403,0.25821595877159026,0.07571128150873883,0.009451024795406418,0.0006131239534226214,0.0,0.0
e41ece76021baff297f7,43d62f5dadd5ef81371bbd8a713ecce359d75772d1c445479691bcf877f295c2,standard,6QP,0,1,0.3216605362907744,0.5246743147722649,0.13370164784874328,0.018747264047096354,0.0011675993998332425,4.76078766939427e-05,1.0297645896486295e-06
e41ece76021baff297f7,43d62f5dadd5ef81371bbd8a713ecce359d75772d1c445479691bcf877f295c2,standard,6QP,1,1,0.6544346741435727,0.2582940696915661,0.07657956354489882,0.009865977124194096,0.0007931776183674947,3.17558021572292e-05,7.82075243031677e-07
432af8f4325f7a93e343,43d62f5dadd5ef81371bbd8a713ecce359d75772d1c445479691bcf877f295c2,standard,2QP,0,1,0.23971968739066843,0.67277508432463,0.08750522828470113,0.0,0.0,0.0,0.0
432af8f4325f7a93e343,43d62f5dadd5ef81371bbd8a713ecce359d75772d1c445479691bcf877f295c2,standard,2QP,1,1,0.7977045530621575,0.17492728543388736,0.027368161503956635,0.0,0.0,0.0,0.0
432af8f4325f7a93e343,43d62f5dadd5ef81371bbd8a713ecce359d75772d1c445479691bcf877f295c2,standard,4QP,0,1,0.18339442637014233,0.6461355202345268,0.14156263386111542,0.02731991977498505,0.0015874997592335615,0.0,0.0
432af8f4325f7a93e343,43d62f5dadd5ef81371bbd8a713ecce359d75772d1c445479691bcf877f295c2,standard,4QP,1,1,0.7374493541173764,0.19111966389193188,0.06407666440809875,0.006866454734547733,0.000487862848044374,0.0,0.0
432af8f4325f7a93e343,43d62f5dadd5ef81371bbd8a713ecce359d75772d1c445479691bcf877f295c2,standard,6QP,0,1,0.18229605028716736,0.6445408949818564,0.14225944470776813,0.028732772609572847,0.0020565952788073397,0.00011142500587580014,2.817128948172193e-06
432af8f4325f7a93e343,43d62f5dadd5ef81371bbd8a713ecce359d75772d1c445479691bcf877f295c2,standard,6QP,1,1,0.7362078005377981,0.19118672909378026,0.06478439208888744,0.007150559793331089,0.0006442780651482596,2.555817150385138e-05,6.822495470231879e-07
7016e3bf6f036c64cbf2,2854eeaecd1a9c2eb43945571c0fa36dfddf9b296eb68eec79d912dbce5e697b,standard,2QP,0,1,0.8223195202590246,0.16874869541413678,0.008931784326839862,0.0,0.0,0.0,0.0
7016e3bf6f036c64cbf2,2854eeaecd1a9c2eb43945571c0fa36dfddf9b296eb68eec79d912dbce5e697b,standard,2QP,1,1,0.8907078210372468,0.10610683145211891,0.003185347510633893,0.0,0.0,0.0,0.0
7016e3bf6f036c64cbf2,2854eeaecd1a9c2eb43945571c0fa36dfddf9b296eb68eec79d912dbce5e697b,standard,4QP,0,1,0.8178757090060167,0.17137991736102143,0.01053339453074056,0.00020893120618373557,2.0478960356387455e-06,0.0,0.0
7016e3bf6f036c64cbf2,2854eeaecd1a9c2eb43945571c0fa36dfddf9b296eb68eec79d912dbce5e697b,standard,4QP,1,1,0.8892273955323634,0.10706527219917156,0.003634372575342487,7.22480251365019e-05,7.11667984143274e-07,0.0,0.0
7016e3bf6f036c64cbf2,2854eeaecd1a9c2eb43945571c0fa36dfddf9b296eb68eec79d912dbce5e697b,standard,6QP,0,1,0.8178747517765952,0.17138032720349228,0.010533713385783518,0.0002090808682647401,2.1143109472599195e-06,1.2411838346709242e-08,4.3079895891103876e-11
7016e3bf6f036c64cbf2,2854eeaecd1a9c2eb43945571c0fa36dfddf9b296eb68eec79d912dbce5e697b,standard,6QP,1,1,0.8892270686480541,0.1070654270476861,0.003634468411815004,7.229724504934052e-05,7.344682049645747e-07,4.165746666394414e-09,1.344202135022594e-11
3ba33b87f19424556bb5,43d62f5dadd5ef81371bbd8a713ecce359d75772d1c445479691bcf877f295c2,standard,2QP,0,1,0.43690665795326405,0.4644530107711913,0.09864033127554354,0.0,0.0,0.0,0.0
3ba33b87f19424556bb5,43d62f5dadd5ef81371bbd8a713ecce359d75772d1c445479691bcf877f295c2,standard,2QP,1,1,0.5448844291358641,0.37844127859680404,0.07667429226733284,0.0,0.0,0.0,0.0
3ba33b87f19424556bb5,43d62f5dadd5ef81371bbd8a713ecce359d75772d1c445479691bcf877f295c2,standard,4QP,0,1,0.30305507773161616,0.45361703269769316,0.1985742855386188,0.04121679929373748,0.003536804738334402,0.0,0.0
3ba33b87f19424556bb5,43d62f5dadd5ef81371bbd8a713ecce359d75772d1c445479691bcf877f295c2,standard,4QP,1,1,0.29478283206550904,0.37946978735652237,0.2485462141526725,0.06931996505970138,0.007881201365592767,0.0,0.0
3ba33b87f19424556bb5,43d62f5dadd5ef81371bbd8a713ecce359d75772d1c445479691bcf877f295c2,standard,6QP,0,1,0.2982561631324862,0.45048646780887025,0.20112614518787958,0.04463783377464567,0.005117054252461007,0.0003623508177346911,1.3985025917682489e-05
3ba33b87f19424556bb5,43d62f5dadd5ef81371bbd8a713ecce359d75772d1c445479691bcf877f295c2,standard,6QP,1,1,0.25621948236544295,0.3650577383838297,0.2721008150500698,0.08929938450216106,0.015770848332861943,0.0014754306071920345,7.630075844351669e-05
961a257d337375ab90a2,43d62f5dadd5ef81371bbd8a713ecce359d75772d1c445479691bcf877f295c2,standard,2QP,0,1,0.40046347511849073,0.5135757371498673,0.08596078773164274,0.0,0.0,0.0,0.0
961a257d337375ab90a2,43d62f5dadd5ef81371bbd8a713ecce359d75772d1c445479691bcf877f295c2,standard,2QP,1,1,0.6688872943965023,0.28121250906759515,0.0499001965359013,0.0,0.0,0.0,0.0
961a257d337375ab90a2,43d62f5dadd5ef81371bbd8a713ecce359d75772d1c445479691bcf877f295c2,standard,4QP,0,1,0.2917406988117114,0.5096167642831938,0.16442366398022895,0.03193698835478568,0.002281884570080412,0.0,0.0
961a257d337375ab90a2,43d62f5dadd5ef81371bbd8a713ecce359d75772d1c445479691bcf877f295c2,standard,4QP,1,1,0.5274892823650823,0.30939328987066256,0.13762691438935748,0.023448978722912062,0.0020415346519816104,0.0,0.0
961a257d337375ab90a2,43d62f5dadd5ef81371bbd8a713ecce359d75772d1c445479691bcf877f295c2,standard,6QP,0,1,0.28886219218048037,0.5077056227045528,0.16598057724638554,0.034105656170902506,0.0031490369528384397,0.0001909708284036444,5.943916436418409e-06
961a257d337375ab90a2,43d62f5dadd5ef81371bbd8a713ecce359d75772d1c445479691bcf877f295c2,standard,6QP,1,1,0.5212947392815661,0.3087697166896883,0.14112334077338595,0.025586973820305326,0.003040778860346585,0.0001781879349594159,6.262639744292995e-06
33e04e03e8b32b8456ec,43d62f5dadd5ef81371bbd8a713ecce359d75772d1c445479691bcf877f295c2,standard,2QP,0,1,0.9737419675123257,0.02603263331516684,0.00022539917251099815,0.0,0.0,0.0,0.0
33e04e03e8b32b8456ec,43d62f5dadd5ef81371bbd8a713ecce359d75772d1c445479691bcf877f295c2,standard,2QP,1,1,0.9806851660181762,0.019188079155510247,0.00012675482631184908,0.0,0.0,0.0,0.0
33e04e03e8b32b8456ec,43d62f5dadd5ef81371bbd8a713ecce359d75772d1c445479691bcf877f295c2,standard,4QP,0,1,0.973720020797648,0.026047675113796562,0.000231493149436924,8.095152284304166e-07,1.4238871972944023e-09,0.0,0.0
33e04e03e8b32b8456ec,43d62f5dadd5ef81371bbd8a713ecce359d75772d1c445479691bcf877f295c2,standard,4QP,1,1,0.9806728689239268,0.01919661725712062,0.00013003292614156167,4.799858483944338e-07,9.069723710150528e-10,0.0,0.0
33e04e03e8b32b8456ec,43d62f5dadd5ef81371bbd8a713ecce359d75772d1c445479691bcf877f295c2,standard,6QP,0,1,0.9737200206661045,0.026047675184115177,0.0002314931836563169,8.095327473373297e-07,1.4319837477236943e-09,1.424893568385456e-12,8.3100778552848e-16
33e04e03e8b32b8456ec,43d62f5dadd5ef81371bbd8a713ecce359d75772d1c445479691bcf877f295c2,standard,6QP,1,1,0.9806728688398509,0.019196617301996954,0.00013003294753509632,4.799972716585626e-07,9.124331935374016e-10,9.34509814585175e-13,5.477568671885782e-16
9792fdc2e46e23c23d30,43d62f5dadd5ef81371bbd8a713ecce359d75772d1c445479691bcf877f295c2,standard,2QP,0,1,0.09906260483871962,0.8318167051875578,0.06912068997372293,0.0,0.0,0.0,0.0
9792fdc2e46e23c23d30,43d62f5dadd5ef81371bbd8a713ecce359d75772d1c445479691bcf877f295c2,standard,2QP,1,1,0.8998400446014605,0.09066210123043392,0.009497854168103365,0.0,0.0,0.0,0.0
9792fdc2e46e23c23d30,43d62f5dadd5ef81371bbd8a713ecce359d75772d1c445479691bcf877f295c2,standard,4QP,0,1,0.08889370566451475,0.8066663330505992,0.09207386329916403,0.011942263912185344,0.0004238340735382619,0.0,0.0
9792fdc2e46e23c23d30,43d62f5dadd5ef81371bbd8a713ecce359d75772d1c445479691bcf877f295c2,standard,4QP,1,1,0.8901698449925104,0.09379894943931011,0.01520816488250753,0.000790174821977182,3.2865863691620276e-05,0.0,0.0
9792fdc2e46e23c23d30,43d62f5dadd5ef81371bbd8a713ecce359d75772d1c445479691bcf877f295c2,standard,6QP,0,1,0.08881095450352576,0.8063423994565926,0.09217465443411754,0.012169394120389756,0.0004859451705256869,1.6405793269503372e-05,2.4652157657445654e-07
9792fdc2e46e23c23d30,43d62f5dadd5ef81371bbd8a713ecce359d75772d1c445479691bcf877f295c2,standard,6QP,1,1,0.8901288442017019,0.09380495930263502,0.015230947946597675,0.0007970274163714696,3.7471880029291905e-05,7.385109153447371e-07,1.0741746495055996e-08
570c55e8f2f644e56946,43d62f5dadd5ef81371bbd8a713ecce359d75772d1c445479691bcf877f295c2,standard,2QP,0,1,0.4297911049274206,0.4555784399405911,0.11463045513198764,0.0,0.0,0.0,0.0
570c55e8f2f644e56946,43d62f5dadd5ef81371bbd8a713ecce359d75772d1c445479691bcf877f295c2,standard,2QP,1,1,0.4528111720354205,0.4382465323412885,0.10894229562328918,0.0,0.0,0.0,0.0
570c55e8f2f644e56946,43d62f5dadd5ef81371bbd8a713ecce359d75772d1c445479691bcf877f295c2,standard,4QP,0,1,0.23593234959667284,0.41225450982600875,0.26291572485424264,0.07907355717068994,0.009823858552383989,0.0,0.0
570c55e8f2f644e56946,43d62f5dadd5ef81371bbd8a713ecce359d75772d1c445479691bcf877f295c2,standard,4QP,1,1,0.1965201846649659,0.3824183097755484,0.29908735818462495,0.1067931577407725,0.015180989634086118,0.0,0.0
570c55e8f2f644e56946,43d62f5dadd5ef81371bbd8a713ecce359d75772d1c445479691bcf877f295c2,standard,6QP,0,1,0.21793829033586942,0.3953404848501132,0.2702547735764491,0.09523560026258639,0.018854072714964244,0.0022355148127518906,0.00014126344726760612
570c55e8f2f644e56946,43d62f5dadd5ef81371bbd8a713ecce359d75772d1c445479691bcf877f295c2,standard,6QP,1,1,0.15591904011997734,0.3432559967005811,0.31470814247147577,0.1440080097441973,0.03650783297400566,0.00521569531457787,0.00038528267517958317
c20ba3501f464e64a3fa,43d62f5dadd5ef81371bbd8a713ecce359d75772d1c445479691bcf877f295c2,standard,2QP,0,1,0.009610193034957247,0.9849616783115354,0.005428128653507608,0.0,0.0,0.0,0.0
c20ba3501f464e64a3fa,43d62f5dadd5ef81371bbd8a713ecce359d75772d1c445479691bcf877f295c2,standard,2QP,1,1,0.9948687756423497,0.005111187970094143,2.003638755170835e-05,0.0,0.0,0.0,0.0
c20ba3501f464e64a3fa,43d62f5dadd5ef81371bbd8a713ecce359d75772d1c445479691bcf877f295c2,standard,4QP,0,1,0.00960904787472004,0.984830513200568,0.00553783434077184,2.2566512622599487e-05,3.807131739857872e-08,0.0,0.0
c20ba3501f464e64a3fa,43d62f5dadd5ef81371bbd8a713ecce359d75772d1c445479691bcf877f295c2,standard,4QP,1,1,0.9948680741286537,0.005111561340928131,2.0328049273749e-05,3.6437321993397194e-08,4.3816736972293405e-11,0.0,0.0
c20ba3501f464e64a3fa,43d62f5dadd5ef81371bbd8a713ecce359d75772d1c445479691bcf877f295c2,standard,6QP,0,1,0.009609047841293626,0.9848305117136421,0.005537835002627871,2.2567122747464536e-05,3.8275722620866676e-08,4.3987304799349096e-11,2.5248664360288764e-14
c20ba3501f464e64a3fa,43d62f5dadd5ef81371bbd8a713ecce359d75772d1c445479691bcf877f295c2,standard,6QP,1,1,0.9948680741269654,0.0051115613415446985,2.0328049921193894e-05,3.64375717623612e-08,4.3972814783417155e-11,2.6023249165467568e-14,1.0029958655328682e-17
c1f0ee1a58d9e777a100,da0f830a8e7cf8900d6a4ead858f6b77b8f28f75bdb5dbeaf82ef07eeb78c498,standard,2QP,0,1,0.49218187450951595,0.4459952260049297,0.06182289948555343,0.0,0.0,0.0,0.0
c1f0ee1a58d9e777a100,da0f830a8e7cf8900d6a4ead858f6b77b8f28f75bdb5dbeaf82ef07eeb78c498,standard,2QP,1,1,0.7206150085984743,0.24629049801841407,0.03309449338311076,0.0,0.0,0.0,0.0
c1f0ee1a58d9e777a100,da0f830a8e7cf8900d6a4ead858f6b77b8f28f75bdb5dbeaf82ef07eeb78c498,standard,4QP,0,1,0.41427028381150854,0.4627110286734253,0.10877829097101285,0.013556464287880194,0.0006839322561727285,0.0,0.0
c1f0ee1a58d9e777a100,da0f830a8e7cf8900d6a4ead858f6b77b8f28f75bdb5dbeaf82ef07eeb78c498,standard,4QP,1,1,0.6517581231406283,0.2697147322226254,0.0700503823691095,0.008014308764391508,0.0004624535032454913,0.0,0.0
c1f0ee1a58d9e777a100,da0f830a8e7cf8900d6a4ead858f6b77b8f28f75bdb5dbeaf82ef07eeb78c498,standard,6QP,0,1,0.41345387725669025,0.46253795873210657,0.10919883812016976,0.013941736129323453,0.0008359579500264838,3.1010732672849545e-05,6.210790137417015e-07
c1f0ee1a58d9e777a100,da0f830a8e7cf8900d6a4ead858f6b77b8f28f75bdb5dbeaf82ef07eeb78c498,standard,6QP,1,1,0.6507803487357111,0.2697980015860599,0.07054248852142843,0.008277176077099923,0.0005806581648604804,2.0883629500074734e-05,4.432853367228101e-07
506d97c10430dcd1331c,43d62f5dadd5ef81371bbd8a713ecce359d75772d1c445479691bcf877f295c2,standard,2QP,0,1,0.9670282707375679,0.03266591600582075,0.00030581325661079874,0.0,0.0,0.0,0.0
506d97c10430dcd1331c,43d62f5dadd5ef81371bbd8a713ecce359d75772d1c445479691bcf877f295c2,standard,2QP,1,1,0.981996715255981,0.01792002049282229,8.326425119972416e-05,0.0,0.0,0.0,0.0
506d97c10430dcd1331c,43d62f5dadd5ef81371bbd8a713ecce359d75772d1c445479691bcf877f295c2,standard,4QP,0,1,0.967000259624749,0.03268537237460121,0.0003134694513494506,8.972674816157163e-07,1.2818202070582702e-09,0.0,0.0
506d97c10430dcd1331c,43d62f5dadd5ef81371bbd8a713ecce359d75772d1c445479691bcf877f295c2,standard,4QP,1,1,0.981990311832986,0.017924575537923627,8.486884103771486e-05,2.43430444372546e-07,3.5761045688848677e-10,0.0,0.0
506d97c10430dcd1331c,43d62f5dadd5ef81371bbd8a713ecce359d75772d1c445479691bcf877f295c2,standard,6QP,0,1,0.9670002595163942,0.032685372435379896,0.00031346947916306126,8.972804800966571e-07,1.2875554502682888e-09,1.0678439215708475e-12,5.2826028425576e-16
506d97c10430dcd1331c,43d62f5dadd5ef81371bbd8a713ecce359d75772d1c445479691bcf877f295c2,standard,6QP,1,1,0.9819903118065759,0.01792457555226063,8.486884768353425e-05,2.4343394718451414e-07,3.592505914049393e-10,2.964351987369183e-13,1.4104398097363502e-16
257358389c3db69f37c3,43d62f5dadd5ef81371bbd8a713ecce359d75772d1c445479691bcf877f295c2,standard,2QP,0,1,0.9856662670133466,0.014270047750167861,6.368523648721216e-05,0.0,0.0,0.0,0.0
257358389c3db69f37c3,43d62f5dadd5ef81371bbd8a713ecce359d75772d1c445479691bcf877f295c2,standard,2QP,1,1,0.9907825429722877,0.009186885102857712,3.057192485372267e-05,0.0,0.0,0.0,0.0
257358389c3db69f37c3,43d62f5dadd5ef81371bbd8a713ecce359d75772d1c445479691bcf877f295c2,standard,4QP,0,1,0.9856629665859699,0.014272364931147346,6.455256341770442e-05,1.1581584011747146e-07,1.0362719128539492e-10,0.0,0.0
257358389c3db69f37c3,43d62f5dadd5ef81371bbd8a713ecce359d75772d1c445479691bcf877f295c2,standard,4QP,1,1,0.990781097188638,0.009187886456665682,3.096005793053361e-05,5.624369030363638e-08,5.307943639176169e-11,0.0,0.0
257358389c3db69f37c3,43d62f5dadd5ef81371bbd8a713ecce359d75772d1c445479691bcf877f295c2,standard,6QP,0,1,0.9856629665809621,0.01427236493397603,6.455256466934487e-05,1.1581649197273665e-07,1.0392601200785118e-10,5.2652444711880296e-14,1.5573586099470488e-17
257358389c3db69f37c3,43d62f5dadd5ef81371bbd8a713ecce359d75772d1c445479691bcf877f295c2,standard,6QP,1,1,0.9907810971862314,0.009187886457960353,3.09600585474901e-05,5.624401739465233e-08,5.3238079014296044e-11,2.7021362371182027e-14,7.887174760039659e-18
83b9c1d2bf8b8786a105,43d62f5dadd5ef81371bbd8a713ecce359d75772d1c445479691bcf877f295c2,standard,2QP,0,1,0.5394839559012411,0.40280363510547834,0.057712408993276586,0.0,0.0,0.0,0.0
83b9c1d2bf8b8786a105,43d62f5dadd5ef81371bbd8a713ecce359d75772d1c445479691bcf877f295c2,standard,2QP,1,1,0.6998509057148914,0.26904318594785415,0.03110590833725484,0.0,0.0,0.0,0.0
83b9c1d2bf8b8786a105,43d62f5dadd5ef81371bbd8a713ecce359d75772d1c445479691bcf877f295c2,standard,4QP,0,1,0.47536940766389774,0.41910946199063914,0.09602353053583948,0.00911462929869582,0.0003829705109283293,0.0,0.0
83b9c1d2bf8b8786a105,43d62f5dadd5ef81371bbd8a713ecce359d75772d1c445479691bcf877f295c2,standard,4QP,1,1,0.6404716198979074,0.2907780733258892,0.061584130182104645,0.006821827510654001,0.0003443490834449716,0.0,0.0
83b9c1d2bf8b8786a105,43d62f5dadd5ef81371bbd8a713ecce359d75772d1c445479691bcf877f295c2,standard,6QP,0,1,0.474971123059161,0.4190716517149543,0.09623060038581524,0.00926766827825612,0.00044584021060732685,1.2903923652708132e-05,2.1242755833123812e-07
83b9c1d2bf8b8786a105,43d62f5dadd5ef81371bbd8a713ecce359d75772d1c445479691bcf877f295c2,standard,6QP,1,1,0.6397560235853145,0.2908628824781615,0.061940947469985526,0.00700851972001193,0.0004179515164040679,1.3424963379018407e-05,2.502667515365809e-07
d4fa97400732dc1ef9b9,43d62f5dadd5ef81371bbd8a713ecce359d75772d1c445479691bcf877f295c2,standard,2QP,0,1,0.9344966747605312,0.06419405273446065,0.0013092725050034852,0.0,0.0,0.0,0.0
d4fa97400732dc1ef9b9,43d62f5dadd5ef81371bbd8a713ecce359d75772d1c445479691bcf877f295c2,standard,2QP,1,1,0.9562053688940995,0.0431191755358169,0.0006754555700828202,0.0,0.0,0.0,0.0
d4fa97400732dc1ef9b9,43d62f5dadd5ef81371bbd8a713ecce359d75772d1c445479691bcf877f295c2,standard,4QP,0,1,0.9341893983358165,0.06439934226094744,0.0013990183493772308,1.2188466693227694e-05,5.258716673370877e-08,0.0,0.0
d4fa97400732dc1ef9b9,43d62f5dadd5ef81371bbd8a713ecce359d75772d1c445479691bcf877f295c2,standard,4QP,1,1,0.9560530829112319,0.04322108216211075,0.0007193609196857042,6.444389092211323e-06,2.961787758371524e-08,0.0,0.0
d4fa97400732dc1ef9b9,43d62f5dadd5ef81371bbd8a713ecce359d75772d1c445479691bcf877f295c2,standard,6QP,0,1,0.9341893867054869,0.06439934818888164,0.0013990215381238299,1.2190104573200361e-05,5.3330814470702075e-08,1.3195446931488285e-10,1.9033693192883467e-13
d4fa97400732dc1ef9b9,43d62f5dadd5ef81371bbd8a713ecce359d75772d1c445479691bcf877f295c2,standard,6QP,1,1,0.9560530764974966,0.04322108538257363,0.0007193626794944653,6.445307881779622e-06,3.0057208753634716e-08,7.523718557871259e-11,1.0815327871204427e-13
c97691458f2fc655791e,43d62f5dadd5ef81371bbd8a713ecce359d75772d1c445479691bcf877f295c2,standard,2QP,0,1,0.9623439074831841,0.037321391305062616,0.00033470121175443616,0.0,0.0,0.0,0.0
c97691458f2fc655791e,43d62f5dadd5ef81371bbd8a713ecce359d75772d1c445479691bcf877f295c2,standard,2QP,1,1,0.985277203474647,0.014629848833120782,9.294769223030951e-05,0.0,0.0,0.0,0.0
c97691458f2fc655791e,43d62f5dadd5ef81371bbd8a713ecce359d75772d1c445479691bcf877f295c2,standard,4QP,0,1,0.9623039984584825,0.037350411454219475,0.0003442632635406865,1.3243947418316594e-06,2.429018206410507e-09,0.0,0.0
c97691458f2fc655791e,43d62f5dadd5ef81371bbd8a713ecce359d75772d1c445479691bcf877f295c2,standard,4QP,1,1,0.985269615196124,0.014634842854586216,9.522100284206327e-05,3.2036334513245616e-07,5.830958101162207e-10,0.0,0.0
c97691458f2fc655791e,43d62f5dadd5ef81371bbd8a713ecce359d75772d1c445479691bcf877f295c2,standard,6QP,0,1,0.9623039981930256,0.03735041160877682,0.0003442633242799784,1.3244278498261365e-06,2.443507324397754e-09,2.590510972034114e-12,1.5741410550916597e-15
c97691458f2fc655791e,43d62f5dadd5ef81371bbd8a713ecce359d75772d1c445479691bcf877f295c2,standard,6QP,1,1,0.9852696151491295,0.014634842877782018,9.522101605766048e-05,3.2037001288916425e-07,5.864556782027508e-10,5.659486813090295e-13,3.1943655750375877e-16
75bea0b8b36e8c078405,43d62f5dadd5ef81371bbd8a713ecce359d75772d1c445479691bcf877f295c2,standard,2QP,0,1,0.016474124019533055,0.9486350240668604,0.03489085191360864,0.0,0.0,0.0,0.0
75bea0b8b36e8c078405,43d62f5dadd5ef81371bbd8a713ecce359d75772d1c445479691bcf877f295c2,standard,2QP,1,1,0.9594166929425362,0.03824226855412324,0.0023410385033413826,0.0,0.0,0.0,0.0
75bea0b8b36e8c078405,43d62f5dadd5ef81371bbd8a713ecce359d75772d1c445479691bcf877f295c2,standard,4QP,0,1,0.016343511343211783,0.9394914028073362,0.040909411635816934,0.003192579369418097,6.309484421151236e-05,0.0,0.0
75bea0b8b36e8c078405,43d62f5dadd5ef81371bbd8a713ecce359d75772d1c445479691bcf877f295c2,standard,4QP,1,1,0.9583358792576532,0.03860445278374982,0.0029903265061448038,6.788001589570972e-05,1.4614365551530475e-06,0.0,0.0
75bea0b8b36e8c078405,43d62f5dadd5ef81371bbd8a713ecce359d75772d1c445479691bcf877f295c2,standard,6QP,0,1,0.01634229587935498,0.9394562887806364,0.04091827245354491,0.003213827016856559,6.792483772290982e-05,1.3795917810386233e-06,1.1440114376966693e-08
75bea0b8b36e8c078405,43d62f5dadd5ef81371bbd8a713ecce359d75772d1c445479691bcf877f295c2,standard,6QP,1,1,0.9583350390601668,0.038604607708341024,0.0029907811480140672,6.799715289324297e-05,1.5605582561766037e-06,1.4271372234693634e-08,1.0095510927401834e-10
f9e688280905f9f030c0,43d62f5dadd5ef81371bbd8a713ecce359d75772d1c445479691bcf877f295c2,standard,2QP,0,1,0.6707265776061436,0.29679330749471267,0.032480114899143986,0.0,0.0,0.0,0.0
f9e688280905f9f030c0,43d62f5dadd5ef81371bbd8a713ecce359d75772d1c445479691bcf877f295c2,standard,2QP,1,1,0.7474565008931146,0.2345174160468059,0.01802608306007754,0.0,0.0,0.0,0.0
f9e688280905f9f030c0,43d62f5dadd5ef81371bbd8a713ecce359d75772d1c445479691bcf877f295c2,standard,4QP,0,1,0.6404204592224102,0.30942493818140837,0.04751523792763227,0.0025726430443568826,6.672162419113064e-05,0.0,0.0
f9e688280905f9f030c0,43d62f5dadd5ef81371bbd8a713ecce359d75772d1c445479691bcf877f295c2,standard,4QP,1,1,0.7247327657093314,0.24584054212453904,0.027545102559778566,0.001826724768808584,5.48648375409294e-05,0.0,0.0
f9e688280905f9f030c0,43d62f5dadd5ef81371bbd8a713ecce359d75772d1c445479691bcf877f295c2,standard,6QP,0,1,0.6403625887705515,0.3094350348774096,0.04754139501440452,0.002586958665980454,7.281990741564478e-05,1.1912872855112274e-06,1.1476959328203296e-08
f9e688280905f9f030c0,43d62f5dadd5ef81371bbd8a713ecce359d75772d1c445479691bcf877f295c2,standard,6QP,1,1,0.7246626500769855,0.24585959194103335,0.027573931075151537,0.00184175456239816,6.093813364237568e-05,1.1224013630602545e-06,1.180942557743839e-08
47369cd5509183944332,43d62f5dadd5ef81371bbd8a713ecce359d75772d1c445479691bcf877f295c2,standard,2QP,0,1,0.5277979023146678,0.404803726883631,0.06739837080170244,0.0,0.0,0.0,0.0
47369cd5509183944332,43d62f5dadd5ef81371bbd8a713ecce359d75772d1c445479691bcf877f295c2,standard,2QP,1,1,0.6245970936609359,0.32921195875321846,0.046190947585845056,0.0,0.0,0.0,0.0
47369cd5509183944332,43d62f5dadd5ef81371bbd8a713ecce359d75772d1c445479691bcf877f295c2,standard,4QP,0,1,0.44238302683840247,0.4201019199371094,0.12209163798413583,0.01463833664855611,0.000785078591797261,0.0,0.0
47369cd5509183944332,43d62f5dadd5ef81371bbd8a713ecce359d75772d1c445479691bcf877f295c2,standard,4QP,1,1,0.5096792643935948,0.3593829961813976,0.1117223348094162,0.018003536934846437,0.0012118676807433058,0.0,0.0
47369cd5509183944332,43d62f5dadd5ef81371bbd8a713ecce359d75772d1c445479691bcf877f295c2,standard,6QP,0,1,0.44143879462099733,0.4199097865770423,0.12260423118789704,0.01504935413992278,0.0009605768371367972,3.646569794635369e-05,7.909390555717296e-07
47369cd5509183944332,43d62f5dadd5ef81371bbd8a713ecce359d75772d1c445479691bcf877f295c2,standard,6QP,1,1,0.5061433888734249,0.3593406045801578,0.11366307333640364,0.01915014118235704,0.0016253099492470721,7.549976392503414e-05,1.9823144830237315e-06
3b9810451c3cdfc32a91,43d62f5dadd5ef81371bbd8a713ecce359d75772d1c445479691bcf877f295c2,standard,2QP,0,1,0.08238296256413565,0.8627810275076784,0.054836009928184756,0.0,0.0,0.0,0.0
3b9810451c3cdfc32a91,43d62f5dadd5ef81371bbd8a713ecce359d75772d1c445479691bcf877f295c2,standard,2QP,1,1,0.9260975088865119,0.06843583986086553,0.005466651252621859,0.0,0.0,0.0,0.0
3b9810451c3cdfc32a91,43d62f5dadd5ef81371bbd8a713ecce359d75772d1c445479691bcf877f295c2,standard,4QP,0,1,0.07651083238805394,0.8459877500067651,0.07030869241272249,0.006995726425768356,0.0001969987666941832,0.0,0.0
3b9810451c3cdfc32a91,43d62f5dadd5ef81371bbd8a713ecce359d75772d1c445479691bcf877f295c2,standard,4QP,1,1,0.9219992517529897,0.06995375778851377,0.007753381532619063,0.0002853186910429263,8.290234836007564e-06,0.0,0.0
3b9810451c3cdfc32a91,43d62f5dadd5ef81371bbd8a713ecce359d75772d1c445479691bcf877f295c2,standard,6QP,0,1,0.07648229954510702,0.8458629519080245,0.07035176249195027,0.007077918802657549,0.0002194855864121341,5.519190921520053e-06,6.247492741435663e-08
3b9810451c3cdfc32a91,43d62f5dadd5ef81371bbd8a713ecce359d75772d1c445479691bcf877f295c2,standard,6QP,1,1,0.9219919328889615,0.0699552167566195,0.007757124316192317,0.00028649461820878813,9.105282548931472e-06,1.249238907192447e-07,1.2135835214915241e-09
a9ef3aa83580794bd560,2854eeaecd1a9c2eb43945571c0fa36dfddf9b296eb68eec79d912dbce5e697b,standard,2QP,0,1,0.32045510984345627,0.625391761095752,0.054153129060791984,0.0,0.0,0.0,0.0
a9ef3aa83580794bd560,2854eeaecd1a9c2eb43945571c0fa36dfddf9b296eb68eec79d912dbce5e697b,standard,2QP,1,1,0.8920339640027792,0.10111364668512283,0.006852389312096903,0.0,0.0,0.0,0.0
a9ef3aa83580794bd560,2854eeaecd1a9c2eb43945571c0fa36dfddf9b296eb68eec79d912dbce5e697b,standard,4QP,0,1,0.29379632119886323,0.6288056459122738,0.07246132329353885,0.004816981246268012,0.00011972834905659686,0.0,0.0
a9ef3aa83580794bd560,2854eeaecd1a9c2eb43945571c0fa36dfddf9b296eb68eec79d912dbce5e697b,standard,4QP,1,1,0.8870241333856825,0.10342559166840856,0.009185500339725707,0.00035654710572018974,8.227500461782138e-06,0.0,0.0
a9ef3aa83580794bd560,2854eeaecd1a9c2eb43945571c0fa36dfddf9b296eb68eec79d912dbce5e697b,standard,6QP,0,1,0.29374079539265124,0.6287855966060983,0.07249292189855139,0.004847787645990452,0.00013054840619071412,2.328586576959813e-06,2.146393982766652e-08
a9ef3aa83580794bd560,2854eeaecd1a9c2eb43945571c0fa36dfddf9b296eb68eec79d912dbce5e697b,standard,6QP,1,1,0.8870179538646737,0.10342728252703937,0.009188164646193228,0.00035765479979398755,8.837737020233123e-06,1.0563675717569303e-07,7.885227793484204e-10
89ec69a43fd37e5b55da,43d62f5dadd5ef81371bbd8a713ecce359d75772d1c445479691bcf877f295c2,standard,2QP,0,1,0.4294985710502754,0.4551979977765462,0.1153034311731759,0.0,0.0,0.0,0.0
89ec69a43fd37e5b55da,43d62f5dadd5ef81371bbd8a713ecce359d75772d1c445479691bcf877f295c2,standard,2QP,1,1,0.4580234103984317,0.43719968203681253,0.10477690756475692,0.0,0.0,0.0,0.0
89ec69a43fd37e5b55da,43d62f5dadd5ef81371bbd8a713ecce359d75772d1c445479691bcf877f295c2,standard,4QP,0,1,0.2599229521822923,0.4215426948949143,0.24642649798509458,0.0648346469988461,0.007273207938855779,0.0,0.0
89ec69a43fd37e5b55da,43d62f5dadd5ef81371bbd8a713ecce359d75772d1c445479691bcf877f295c2,standard,4QP,1,1,0.172639134663441,0.3757645011763806,0.3158648997925988,0.11888965230384987,0.016841812063729623,0.0,0.0
89ec69a43fd37e5b55da,43d62f5dadd5ef81371bbd8a713ecce359d75772d1c445479691bcf877f295c2,standard,6QP,0,1,0.2487826944323985,0.4122092572895828,0.2515495222493737,0.07399835168235884,0.012194415261192361,0.0012008474624886243,6.491162260429458e-05
89ec69a43fd37e5b55da,43d62f5dadd5ef81371bbd8a713ecce359d75772d1c445479691bcf877f295c2,standard,6QP,1,1,0.08875569007465355,0.3090694845005772,0.35907902475947906,0.18674558641843594,0.04877113288729377,0.007057541700481222,0.0005215396590815078
18fc947a99e8ab17c988,43d62f5dadd5ef81371bbd8a713ecce359d75772d1c445479691bcf877f295c2,standard,2QP,0,1,0.4027697313983592,0.511425230545934,0.0858050380557066,0.0,0.0,0.0,0.0
18fc947a99e8ab17c988,43d62f5dadd5ef81371bbd8a713ecce359d75772d1c445479691bcf877f295c2,standard,2QP,1,1,0.683338340541155,0.2728199589999049,0.04384170045894058,0.0,0.0,0.0,0.0
18fc947a99e8ab17c988,43d62f5dadd5ef81371bbd8a713ecce359d75772d1c445479691bcf877f295c2,standard,4QP,0,1,0.3128737790832385,0.5100447819432514,0.15160088169188135,0.024012739193117447,0.0014678180885132593,0.0,0.0
18fc947a99e8ab17c988,43d62f5dadd5ef81371bbd8a713ecce359d75772d1c445479691bcf877f295c2,standard,4QP,1,1,0.5661868029988758,0.2992408503169686,0.1148295889003311,0.018302169502912014,0.00144058828091581,0.0,0.0
18fc947a99e8ab17c988,43d62f5dadd5ef81371bbd8a713ecce359d75772d1c445479691bcf877f295c2,standard,6QP,0,1,0.31137277312829237,0.509178403047507,0.152443391026885,0.025035807706065095,0.0018757116166363838,9.154340642900391e-05,2.3700681933757067e-06
18fc947a99e8ab17c988,43d62f5dadd5ef81371bbd8a713ecce359d75772d1c445479691bcf877f295c2,standard,6QP,1,1,0.5614893671150384,0.29906414631977285,0.117562079839966,0.019742010853872886,0.0020343136682177978,0.00010481305306579155,3.2691500628140066e-06
4a1b5878300bdc937cee,43d62f5dadd5ef81371bbd8a713ecce359d75772d1c445479691bcf877f295c2,standard,2QP,0,1,0.7580850469612694,0.2238587779605791,0.018056175078153925,0.0,0.0,0.0,0.0
4a1b5878300bdc937cee,43d62f5dadd5ef81371bbd8a713ecce359d75772d1c445479691bcf877f295c2,standard,2QP,1,1,0.7986296040715843,0.1883654818854504,0.013004914042963651,0.0,0.0,0.0,0.0
4a1b5878300bdc937cee,43d62f5dadd5ef81371bbd8a713ecce359d75772d1c445479691bcf877f295c2,standard,4QP,0,1,0.7420699860239879,0.23204212781423567,0.024765752220024306,0.0010986116090411435,2.3522332706835026e-05,0.0,0.0
4a1b5878300bdc937cee,43d62f5dadd5ef81371bbd8a713ecce359d75772d1c445479691bcf877f295c2,standard,4QP,1,1,0.7846616439277483,0.1960419365673525,0.0183530473849144,0.0009213225316217489,2.2049588361714365e-05,0.0,0.0
4a1b5878300bdc937cee,43d62f5dadd5ef81371bbd8a713ecce359d75772d1c445479691bcf877f295c2,standard,6QP,0,1,0.7420502424375821,0.23204793743964097,0.02477341965231362,0.0011027371037973036,2.5330296344643957e-05,3.3056648523941713e-07,2.5038467013107024e-09
4a1b5878300bdc937cee,43d62f5dadd5ef81371bbd8a713ecce359d75772d1c445479691bcf877f295c2,standard,6QP,1,1,0.7846391688866611,0.196049596955588,0.018361265015448262,0.0009256721826226013,2.3957985621052264e-05,3.3629709212554156e-07,2.6769697842254912e-09
ebb8050fb6dab99aacab,43d62f5dadd5ef81371bbd8a713ecce359d75772d1c445479691bcf877f295c2,standard,2QP,0,1,0.4597720681391727,0.43964853104596346,0.10057940081486286,0.0,0.0,0.0,0.0
ebb8050fb6dab99aacab,43d62f5dadd5ef81371bbd8a713ecce359d75772d1c445479691bcf877f295c2,standard,2QP,1,1,0.4791258210625994,0.4259365477125493,0.09493763122485159,0.0,0.0,0.0,0.0
ebb8050fb6dab99aacab,43d62f5dadd5ef81371bbd8a713ecce359d75772d1c445479691bcf877f295c2,standard,4QP,0,1,0.2823967281056027,0.42076264522571244,0.23146508779845912,0.05902308190239803,0.006352456967830611,0.0,0.0
ebb8050fb6dab99aacab,43d62f5dadd5ef81371bbd8a713ecce359d75772d1c445479691bcf877f295c2,standard,4QP,1,1,0.2374306599989848,0.40014576018304987,0.26802613715245505,0.08396748537936113,0.010429957286147297,0.0,0.0
ebb8050fb6dab99aacab,43d62f5dadd5ef81371bbd8a713ecce359d75772d1c445479691bcf877f295c2,standard,6QP,0,1,0.2706977907693282,0.4123562139311593,0.23717298867244635,0.0678416292469444,0.010850512065889073,0.0010278508196892345,5.301449454651813e-05
ebb8050fb6dab99aacab,43d62f5dadd5ef81371bbd8a713ecce359d75772d1c445479691bcf877f295c2,standard,6QP,1,1,0.20889811625237684,0.3791387037361821,0.28184317365420913,0.10599029930689759,0.021515959914123934,0.0024656177266108832,0.000148129409600549
72bb53ffbc345ca495d2,43d62f5dadd5ef81371bbd8a713ecce359d75772d1c445479691bcf877f295c2,standard,2QP,0,1,0.5726698846618152,0.37931605196831375,0.0480140633698729,0.0,0.0,0.0,0.0
72bb53ffbc345ca495d2,43d62f5dadd5ef81371bbd8a713ecce359d75772d1c445479691bcf877f295c2,standard,2QP,1,1,0.7238590725452404,0.24717584749130625,0.02896507996345123,0.0,0.0,0.0,0.0
72bb53ffbc345ca495d2,43d62f5dadd5ef81371bbd8a713ecce359d75772d1c445479691bcf877f295c2,standard,4QP,0,1,0.5110967575860491,0.39920748097607095,0.081410535048336,0.00794880387339952,0.00033642251614554797,0.0,0.0
72bb53ffbc345ca495d2,43d62f5dadd5ef81371bbd8a713ecce359d75772d1c445479691bcf877f295c2,standard,4QP,1,1,0.6707519851163939,0.26817019075141374,0.055350224800564035,0.005466433906740709,0.0002611654248905327,0.0,0.0
72bb53ffbc345ca495d2,43d62f5dadd5ef81371bbd8a713ecce359d75772d1c445479691bcf877f295c2,standard,6QP,0,1,0.5106897615223147,0.39920190189014637,0.08160707862873959,0.0080940444021387,0.00039551690629922783,1.1510189555063032e-05,1.8646081124763315e-07
72bb53ffbc345ca495d2,43d62f5dadd5ef81371bbd8a713ecce359d75772d1c445479691bcf877f295c2,standard,6QP,1,1,0.6702791291244432,0.26823921166189924,0.05557183852609457,0.005586709402192764,0.00031366568449518885,9.286788402591995e-06,1.5881246875794283e-07
cab9b8dc79026322eccd,43d62f5dadd5ef81371bbd8a713ecce359d75772d1c445479691bcf877f295c2,standard,2QP,0,1,0.3147044106513214,0.5837065968894559,0.10158899245922118,0.0,0.0,0.0,0.0
cab9b8dc79026322eccd,43d62f5dadd5ef81371bbd8a713ecce359d75772d1c445479691bcf877f295c2,standard,2QP,1,1,0.678575671396862,0.26665464153937496,0.054769687063761494,0.0,0.0,0.0,0.0
cab9b8dc79026322eccd,43d62f5dadd5ef81371bbd8a713ecce359d75772d1c445479691bcf877f295c2,standard,4QP,0,1,0.20878532492782134,0.5490621817179614,0.18997936431712645,0.04822279686500971,0.003950332172080084,0.0,0.0
cab9b8dc79026322eccd,43d62f5dadd5ef81371bbd8a713ecce359d75772d1c445479691bcf877f295c2,standard,4QP,1,1,0.5019761950751161,0.28987519429844094,0.17218664378983226,0.03248760912034658,0.003474357716269359,0.0,0.0
cab9b8dc79026322eccd,43d62f5dadd5ef81371bbd8a713ecce359d75772d1c445479691bcf877f295c2,standard,6QP,0,1,0.20440636391928768,0.5437369452651134,0.19223823333706877,0.05321983863968646,0.00590593100047941,0.00047455698741121865,1.8130850953399366e-05
cab9b8dc79026322eccd,43d62f5dadd5ef81371bbd8a713ecce359d75772d1c445479691bcf877f295c2,standard,6QP,1,1,0.48911411827665274,0.28773783609046494,0.17980389122000257,0.03706246415797112,0.005844367009675537,0.00041831293725695694,1.9010307969813103e-05
22c014896e6406e703c9,da0f830a8e7cf8900d6a4ead858f6b77b8f28f75bdb5dbeaf82ef07eeb78c498,standard,2QP,0,1,0.004416373121855748,0.9855171911219418,0.010066435756203909,0.0,0.0,0.0,0.0
22c014896e6406e703c9,da0f830a8e7cf8900d6a4ead858f6b77b8f28f75bdb5dbeaf82ef07eeb78c498,standard,2QP,1,1,0.9902540381581328,0.009576295455900767,0.00016966638596547934,0.0,0.0,0.0,0.0
22c014896e6406e703c9,da0f830a8e7cf8900d6a4ead858f6b77b8f28f75bdb5dbeaf82ef07eeb78c498,standard,4QP,0,1,0.004412118562503432,0.9848451877145897,0.010526396840624671,0.0002151767190275915,1.1201632542214254e-06,0.0,0.0
22c014896e6406e703c9,da0f830a8e7cf8900d6a4ead858f6b77b8f28f75bdb5dbeaf82ef07eeb78c498,standard,4QP,1,1,0.9902354972777723,0.009582753832560497,0.0001807294662180233,1.01370432473453e-06,5.719126270363551e-09,0.0,0.0
22c014896e6406e703c9,da0f830a8e7cf8900d6a4ead858f6b77b8f28f75bdb5dbeaf82ef07eeb78c498,standard,6QP,0,1,0.004412117517695578,0.9848450289238704,0.01052644001384225,0.00021526816548028885,1.1395754716784257e-06,5.79148167665091e-09,1.2159331250265793e-11
22c014896e6406e703c9,da0f830a8e7cf8900d6a4ead858f6b77b8f28f75bdb5dbeaf82ef07eeb78c498,standard,6QP,1,1,0.9902354964959549,0.00958275399796271,0.00018072987529151974,1.0138043751180597e-06,5.813159908638214e-09,1.3229419721976879e-11,2.3643820270003565e-14
08a2db67b61faa527071,43d62f5dadd5ef81371bbd8a713ecce359d75772d1c445479691bcf877f295c2,standard,2QP,0,1,0.5633971379138027,0.3812992418755236,0.05530362021067342,0.0,0.0,0.0,0.0
08a2db67b61faa527071,43d62f5dadd5ef81371bbd8a713ecce359d75772d1c445479691bcf877f295c2,standard,2QP,1,1,0.6786757725933797,0.28803853212819625,0.033285695278420686,0.0,0.0,0.0,0.0
08a2db67b61faa527071,43d62f5dadd5ef81371bbd8a713ecce359d75772d1c445479691bcf877f295c2,standard,4QP,0,1,0.49978175160828514,0.3983923311122322,0.09286890840197036,0.008595733687189265,0.0003612751903170081,0.0,0.0
08a2db67b61faa527071,43d62f5dadd5ef81371bbd8a713ecce359d75772d1c445479691bcf877f295c2,standard,4QP,1,1,0.6134722744529192,0.3116844107912809,0.06671104828121426,0.007738374824010087,0.0003938916505752742,0.0,0.0
08a2db67b61faa527071,43d62f5dadd5ef81371bbd8a713ecce359d75772d1c445479691bcf877f295c2,standard,6QP,0,1,0.4993922980446868,0.39836820603873996,0.0930704579467824,0.008736597979925495,0.00042025622163191495,1.1986984768723444e-05,1.9678346673400674e-07
08a2db67b61faa527071,43d62f5dadd5ef81371bbd8a713ecce359d75772d1c445479691bcf877f295c2,standard,6QP,1,1,0.6126317087913224,0.31177752711042295,0.06712977298813692,0.007964735435358274,0.00048012731179343987,1.5829504989276057e-05,2.9885797749372607e-07
21a8658e591a98253639,43d62f5dadd5ef81371bbd8a713ecce359d75772d1c445479691bcf877f295c2,standard,2QP,0,1,0.4190987755235571,0.45992987990852713,0.12097134456791497,0.0,0.0,0.0,0.0
21a8658e591a98253639,43d62f5dadd5ef81371bbd8a713ecce359d75772d1c445479691bcf877f295c2,standard,2QP,1,1,0.43893992911629753,0.4451580965292758,0.11590197435442481,0.0,0.0,0.0,0.0
21a8658e591a98253639,43d62f5dadd5ef81371bbd8a713ecce359d75772d1c445479691bcf877f295c2,standard,4QP,0,1,0.21911423039584726,0.4051594284646468,0.2756491910711806,0.08840660811933052,0.011670541948992879,0.0,0.0
21a8658e591a98253639,43d62f5dadd5ef81371bbd8a713ecce359d75772d1c445479691bcf877f295c2,standard,4QP,1,1,0.18085024301728106,0.37513802556611175,0.3097649452201876,0.11675251752830924,0.017494268668110723,0.0,0.0
21a8658e591a98253639,43d62f5dadd5ef81371bbd8a713ecce359d75772d1c445479691bcf877f295c2,standard,6QP,0,1,0.19786025345216213,0.38317747784254186,0.2832851780985996,0.10876209296364096,0.02362744220915267,0.0030757270288441023,0.0002118284050570395
21a8658e591a98253639,43d62f5dadd5ef81371bbd8a713ecce359d75772d1c445479691bcf877f295c2,standard,6QP,1,1,0.1353333346001377,0.32604601118582305,0.3243648182682142,0.16174532527168559,0.044900254841267744,0.007044202144502818,0.0005660536883687066
f5aa5e13313c49ad6d34,43d62f5dadd5ef81371bbd8a713ecce359d75772d1c445479691bcf877f295c2,standard,2QP,0,1,0.4224602862828619,0.46823100628262687,0.10930870743451182,0.0,0.0,0.0,0.0
f5aa5e13313c49ad6d34,43d62f5dadd5ef81371bbd8a713ecce359d75772d1c445479691bcf877f295c2,standard,2QP,1,1,0.5032023523552116,0.4049929840238223,0.09180466362096788,0.0,0.0,0.0,0.0
f5aa5e13313c49ad6d34,43d62f5dadd5ef81371bbd8a713ecce359d75772d1c445479691bcf877f295c2,standard,4QP,0,1,0.2699316867113684,0.44252773052781263,0.22666900173744314,0.05531687062585282,0.005554710397519135,0.0,0.0
f5aa5e13313c49ad6d34,43d62f5dadd5ef81371bbd8a713ecce359d75772d1c445479691bcf877f295c2,standard,4QP,1,1,0.22003693158856372,0.3735897745940603,0.2955784846052813,0.09788798615355034,0.012906823058546004,0.0,0.0
f5aa5e13313c49ad6d34,43d62f5dadd5ef81371bbd8a713ecce359d75772d1c445479691bcf877f295c2,standard,6QP,0,1,0.2619782144286168,0.43616141102135875,0.23058263015926023,0.06173775970225043,0.008740795258633556,0.000763193820086602,3.5995609798821935e-05
f5aa5e13313c49ad6d34,43d62f5dadd5ef81371bbd8a713ecce359d75772d1c445479691bcf877f295c2,standard,6QP,1,1,0.1542385032147334,0.33513748663337395,0.33348088194423403,0.14109673071591752,0.03194662138029259,0.003850658799648652,0.0002491173117895563
b97a68ec095580983af5,43d62f5dadd5ef81371bbd8a713ecce359d75772d1c445479691bcf877f295c2,standard,2QP,0,1,0.8012811977771234,0.19149811790133456,0.007220684321540541,0.0,0.0,0.0,0.0
b97a68ec095580983af5,43d62f5dadd5ef81371bbd8a713ecce359d75772d1c445479691bcf877f295c2,standard,2QP,1,1,0.9435583964126044,0.05491945079075936,0.0015221527966371756,0.0,0.0,0.0,0.0
b97a68ec095580983af5,43d62f5dadd5ef81371bbd8a713ecce359d75772d1c445479691bcf877f295c2,standard,4QP,0,1,0.7975859043736064,0.1939732738563038,0.008278025091689742,0.00016138776425158948,1.4089141501180008e-06,0.0,0.0
b97a68ec095580983af5,43d62f5dadd5ef81371bbd8a713ecce359d75772d1c445479691bcf877f295c2,standard,4QP,1,1,0.9430388851808852,0.055229259668755804,0.0017056825055128835,2.5953534001426516e-05,2.191108470998913e-07,0.0,0.0
b97a68ec095580983af5,43d62f5dadd5ef81371bbd8a713ecce359d75772d1c445479691bcf877f295c2,standard,6QP,0,1,0.7975852573762067,0.1939735927741385,0.008278201974232395,0.00016148957124549019,1.4505986024503439e-06,7.682810381739626e-09,2.27790966399331e-11
b97a68ec095580983af5,43d62f5dadd5ef81371bbd8a713ecce359d75772d1c445479691bcf877f295c2,standard,6QP,1,1,0.9430388099522797,0.055229291291626875,0.0017057073228340526,2.59652821608717e-05,2.2513693347682294e-07,1.0114581102628557e-09,2.700371533892875e-12
0f38e5d9517d2ef5f54c,43d62f5dadd5ef81371bbd8a713ecce359d75772d1c445479691bcf877f295c2,standard,2QP,0,1,0.519882100163235,0.405772173180338,0.07434572665642948,0.0,0.0,0.0,0.0
0f38e5d9517d2ef5f54c,43d62f5dadd5ef81371bbd8a713ecce359d75772d1c445479691bcf877f295c2,standard,2QP,1,1,0.5735683490892584,0.36844669696524535,0.05798495394549703,0.0,0.0,0.0,0.0
0f38e5d9517d2ef5f54c,43d62f5dadd5ef81371bbd8a713ecce359d75772d1c445479691bcf877f295c2,standard,4QP,0,1,0.4177262922809222,0.41864886286778175,0.1425075668210906,0.01986752894887759,0.001249749081328761,0.0,0.0
0f38e5d9517d2ef5f54c,43d62f5dadd5ef81371bbd8a713ecce359d75772d1c445479691bcf877f295c2,standard,4QP,1,1,0.4082488159057572,0.3971611669517079,0.15921526898235147,0.03273800585322224,0.0026367423069607993,0.0,0.0
0f38e5d9517d2ef5f54c,43d62f5dadd5ef81371bbd8a713ecce359d75772d1c445479691bcf877f295c2,standard,6QP,0,1,0.4160782515595365,0.41818555100369964,0.1434177102829135,0.020648952072258246,0.0015950916170091765,7.255121344445175e-05,1.8922511369277296e-06
0f38e5d9517d2ef5f54c,43d62f5dadd5ef81371bbd8a713ecce359d75772d1c445479691bcf877f295c2,standard,6QP,1,1,0.3987286377997119,0.39594649603155185,0.16473493137579118,0.036434299159694004,0.0039143437262981915,0.00023360421554746288,7.687691404578316e-06
653b7a69f76615894dbc,43d62f5dadd5ef81371bbd8a713ecce359d75772d1c445479691bcf877f295c2,standard,2QP,0,1,0.4696938581823729,0.4351678070652522,0.09513833475237433,0.0,0.0,0.0,0.0
653b7a69f76615894dbc,43d62f5dadd5ef81371bbd8a713ecce359d75772d1c445479691bcf877f295c2,standard,2QP,1,1,0.5081889129187732,0.4101662171473509,0.08164486993387592,0.0,0.0,0.0,0.0
653b7a69f76615894dbc,43d62f5dadd5ef81371bbd8a713ecce359d75772d1c445479691bcf877f295c2,standard,4QP,0,1,0.3294952296827715,0.430177467357699,0.19761127604196804,0.03929538832033539,0.003420638597227014,0.0,0.0
653b7a69f76615894dbc,43d62f5dadd5ef81371bbd8a713ecce359d75772d1c445479691bcf877f295c2,standard,4QP,1,1,0.25096009955418325,0.402258578858017,0.25976937550383217,0.07818340802538201,0.008828538058586454,0.0,0.0
653b7a69f76615894dbc,43d62f5dadd5ef81371bbd8a713ecce359d75772d1c445479691bcf877f295c2,standard,6QP,0,1,0.32448291063828055,0.42740571835695723,0.2003089967453475,0.04249665595965204,0.004950348458864039,0.0003420783572084783,1.329148368811525e-05
653b7a69f76615894dbc,43d62f5dadd5ef81371bbd8a713ecce359d75772d1c445479691bcf877f295c2,standard,6QP,1,1,0.20916961449249172,0.3839070177376138,0.2849178514985659,0.10219102909469531,0.017968088839748906,0.0017553213584421735,9.107697843903065e-05
2240f38b683700f3b4fe,43d62f5dadd5ef81371bbd8a713ecce359d75772d1c445479691bcf877f295c2,standard,2QP,0,1,0.036684119491281315,0.9501786684346235,0.013137212074094858,0.0,0.0,0.0,0.0
2240f38b683700f3b4fe,43d62f5dadd5ef81371bbd8a713ecce359d75772d1c445479691bcf877f295c2,standard,2QP,1,1,0.9871982153000465,0.012680142752290085,0.00012164194766301768,0.0,0.0,0.0,0.0
2240f38b683700f3b4fe,43d62f5dadd5ef81371bbd8a713ecce359d75772d1c445479691bcf877f295c2,standard,4QP,0,1,0.03660129601003778,0.9494662874391129,0.013792592554847029,0.00013926149338760384,5.625026119084012e-07,0.0,0.0
2240f38b683700f3b4fe,43d62f5dadd5ef81371bbd8a713ecce359d75772d1c445479691bcf877f295c2,standard,4QP,1,1,0.9871875740129779,0.012685752085212543,0.0001261073423845468,5.648741757734733e-07,1.6852515225925277e-09,0.0,0.0
2240f38b683700f3b4fe,43d62f5dadd5ef81371bbd8a713ecce359d75772d1c445479691bcf877f295c2,standard,6QP,0,1,0.03660128972942421,0.9494662389293396,0.013792616190879604,0.00013928371518702798,5.698522069043816e-07,1.5807856733848814e-09,2.2076718503102257e-12
2240f38b683700f3b4fe,43d62f5dadd5ef81371bbd8a713ecce359d75772d1c445479691bcf877f295c2,standard,6QP,1,1,0.9871875738503433,0.012685752143132143,0.000126107405299524,5.648984566011488e-07,1.7002657897462984e-09,2.510571436914367e-12,2.411091086518965e-15
885e60e5c0bfae327be9,43d62f5dadd5ef81371bbd8a713ecce359d75772d1c445479691bcf877f295c2,standard,2QP,0,1,0.5509807529628579,0.3849527889419111,0.06406645809522803,0.0,0.0,0.0,0.0
885e60e5c0bfae327be9,43d62f5dadd5ef81371bbd8a713ecce359d75772d1c445479691bcf877f295c2,standard,2QP,1,1,0.5876134687527192,0.35636814466819394,0.05601838657908679,0.0,0.0,0.0,0.0
885e60e5c0bfae327be9,43d62f5dadd5ef81371bbd8a713ecce359d75772d1c445479691bcf877f295c2,standard,4QP,0,1,0.4471197381097866,0.4043745477380132,0.1288254197087696,0.018498990550515217,0.0011813038929131877,0.0,0.0
885e60e5c0bfae327be9,43d62f5dadd5ef81371bbd8a713ecce359d75772d1c445479691bcf877f295c2,standard,4QP,1,1,0.4492330042775204,0.38720220618645995,0.13749992941441416,0.02425726426920004,0.0018075958524069818,0.0,0.0
885e60e5c0bfae327be9,43d62f5dadd5ef81371bbd8a713ecce359d75772d1c445479691bcf877f295c2,standard,6QP,0,1,0.44525719841719846,0.40399033133973977,0.12981454954877886,0.01932411881113186,0.0015404433345455391,7.14877531566357e-05,1.8707954446296768e-06
885e60e5c0bfae327be9,43d62f5dadd5ef81371bbd8a713ecce359d75772d1c445479691bcf877f295c2,standard,6QP,1,1,0.44486330204288604,0.38661213370549113,0.1398253501102522,0.026026229599525975,0.002532959046335053,0.0001360075054338966,4.017990082749261e-06
b3243298546e4e46bb24,43d62f5dadd5ef81371bbd8a713ecce359d75772d1c445479691bcf877f295c2,standard,2QP,0,1,0.504295454096021,0.4414123182928029,0.0542922276111763,0.0,0.0,0.0,0.0
b3243298546e4e46bb24,43d62f5dadd5ef81371bbd8a713ecce359d75772d1c445479691bcf877f295c2,standard,2QP,1,1,0.765825218016085,0.20979253391585972,0.024382248068056365,0.0,0.0,0.0,0.0
b3243298546e4e46bb24,43d62f5dadd5ef81371bbd8a713ecce359d75772d1c445479691bcf877f295c2,standard,4QP,0,1,0.4412588011608091,0.4590534778753426,0.089902193484408,0.009388473647226343,0.0003970538322175065,0.0,0.0
b3243298546e4e46bb24,43d62f5dadd5ef81371bbd8a713ecce359d75772d1c445479691bcf877f295c2,standard,4QP,1,1,0.7235744277710033,0.2264124963226591,0.04571767796078761,0.004102802476005851,0.00019259546954494171,0.0,0.0
b3243298546e4e46bb24,43d62f5dadd5ef81371bbd8a713ecce359d75772d1c445479691bcf877f295c2,standard,6QP,0,1,0.4408258545551535,0.45900488283928953,0.09011597512132627,0.00957117601654929,0.00046773319288790646,1.4147168196596343e-05,2.3110660665970947e-07
b3243298546e4e46bb24,43d62f5dadd5ef81371bbd8a713ecce359d75772d1c445479691bcf877f295c2,standard,6QP,1,1,0.7232344331817708,0.22646712258912077,0.0458794751771156,0.004182714510788173,0.00022971930805037322,6.428054176993872e-06,1.0717896975741173e-07
e15fce546fcf6a6c1a2d,2854eeaecd1a9c2eb43945571c0fa36dfddf9b296eb68eec79d912dbce5e697b,standard,2QP,0,1,0.8298449441878809,0.16516171518667355,0.004993340625445425,0.0,0.0,0.0,0.0
e15fce546fcf6a6c1a2d,2854eeaecd1a9c2eb43945571c0fa36dfddf9b296eb68eec79d912dbce5e697b,standard,2QP,1,1,0.9571161942645016,0.04199008607091463,0.0008937196645829031,0.0,0.0,0.0,0.0
e15fce546fcf6a6c1a2d,2854eeaecd1a9c2eb43945571c0fa36dfddf9b296eb68eec79d912dbce5e697b,standard,4QP,0,1,0.8276240361224709,0.16672698564213456,0.005563331170479646,8.506117893940089e-05,5.858859736220806e-07,0.0,0.0
e15fce546fcf6a6c1a2d,2854eeaecd1a9c2eb43945571c0fa36dfddf9b296eb68eec79d912dbce5e697b,standard,4QP,1,1,0.9568875175748629,0.04212924588702222,0.000972157776054705,1.1008919944918242e-05,6.984211830970099e-08,0.0,0.0
e15fce546fcf6a6c1a2d,2854eeaecd1a9c2eb43945571c0fa36dfddf9b296eb68eec79d912dbce5e697b,standard,6QP,0,1,0.8276238038556571,0.16672711103096297,0.005563389092828055,8.509393383303762e-05,5.995824753248636e-07,2.498434026034103e-09,5.805939769827792e-12
e15fce546fcf6a6c1a2d,2854eeaecd1a9c2eb43945571c0fa36dfddf9b296eb68eec79d912dbce5e697b,standard,6QP,1,1,0.9568874990111457,0.04212925403830091,0.0009721637097901858,1.1011699666486394e-05,7.129952588631184e-08,2.4107978357624766e-10,4.91837992248962e-13
a18a9bbeec49bc8fbfa8,43d62f5dadd5ef81371bbd8a713ecce359d75772d1c445479691bcf877f295c2,standard,2QP,0,1,0.5279136087910455,0.3994114736870642,0.07267491752188987,0.0,0.0,0.0,0.0
a18a9bbeec49bc8fbfa8,43d62f5dadd5ef81371bbd8a713ecce359d75772d1c445479691bcf877f295c2,standard,2QP,1,1,0.5531627713570634,0.38088511885544984,0.06595210978748532,0.0,0.0,0.0,0.0
a18a9bbeec49bc8fbfa8,43d62f5dadd5ef81371bbd8a713ecce359d75772d1c445479691bcf877f295c2,standard,4QP,0,1,0.4039799174194121,0.4142241706264779,0.15400283220703634,0.02587837177694896,0.0019147079701250383,0.0,0.0
a18a9bbeec49bc8fbfa8,43d62f5dadd5ef81371bbd8a713ecce359d75772d1c445479691bcf877f295c2,standard,4QP,1,1,0.38198470441246657,0.405176147489997,0.1732622200117787,0.03642888827303714,0.0031480398127215563,0.0,0.0
a18a9bbeec49bc8fbfa8,43d62f5dadd5ef81371bbd8a713ecce359d75772d1c445479691bcf877f295c2,standard,6QP,0,1,0.40076215441966867,0.41320488412989315,0.1557384221079491,0.02750180975808103,0.002640280109770995,0.0001478067577628495,4.64271686550538e-06
a18a9bbeec49bc8fbfa8,43d62f5dadd5ef81371bbd8a713ecce359d75772d1c445479691bcf877f295c2,standard,6QP,1,1,0.37388322900421117,0.40297718368100055,0.17768458810926704,0.040339463775249225,0.004787851105370141,0.00031633210438150453,1.1352220519817554e-05
5ddc94680ce112b13faa,43d62f5dadd5ef81371bbd8a713ecce359d75772d1c445479691bcf877f295c2,standard,2QP,0,1,0.6518849893440211,0.31465741427148053,0.033457596384499966,0.0,0.0,0.0,0.0
5ddc94680ce112b13faa,43d62f5dadd5ef81371bbd8a713ecce359d75772d1c445479691bcf877f295c2,standard,2QP,1,1,0.7584224053455937,0.2207306202512068,0.020846974403200144,0.0,0.0,0.0,0.0
5ddc94680ce112b13faa,43d62f5dadd5ef81371bbd8a713ecce359d75772d1c445479691bcf877f295c2,standard,4QP,0,1,0.6136039470062926,0.33079442143086685,0.051842414013714005,0.0036426965987000804,0.00011652095043128134,0.0,0.0
5ddc94680ce112b13faa,43d62f5dadd5ef81371bbd8a713ecce359d75772d1c445479691bcf877f295c2,standard,4QP,1,1,0.7280495453408312,0.2349563050886275,0.03436432613668387,0.002539342349068967,9.048108478494174e-05,0.0,0.0
5ddc94680ce112b13faa,43d62f5dadd5ef81371bbd8a713ecce359d75772d1c445479691bcf877f295c2,standard,6QP,0,1,0.6134786503369882,0.33081321896773996,0.05189739861600907,0.0036771051939953493,0.00013088289058172403,2.7120886365756335e-06,3.1906043263260644e-08
5ddc94680ce112b13faa,43d62f5dadd5ef81371bbd8a713ecce359d75772d1c445479691bcf877f295c2,standard,6QP,1,1,0.7279217242927603,0.23498686263321117,0.03441830997670387,0.0025678810276843975,0.00010298906115118934,2.2059141067439944e-06,2.7094382538458216e-08
2ae780833b6dc4bfcc42,43d62f5dadd5ef81371bbd8a713ecce359d75772d1c445479691bcf877f295c2,standard,2QP,0,1,0.1539924593417399,0.7624250204443226,0.08358252021393692,0.0,0.0,0.0,0.0
2ae780833b6dc4bfcc42,43d62f5dadd5ef81371bbd8a713ecce359d75772d1c445479691bcf877f295c2,standard,2QP,1,1,0.8533081622345627,0.12918754336866464,0.017504294396770648,0.0,0.0,0.0,0.0
2ae780833b6dc4bfcc42,43d62f5dadd5ef81371bbd8a713ecce359d75772d1c445479691bcf877f295c2,standard,4QP,0,1,0.12846547538384226,0.7305316179012971,0.12021259983643409,0.019867740350956405,0.00092256652747621,0.0,0.0
2ae780833b6dc4bfcc42,43d62f5dadd5ef81371bbd8a713ecce359d75772d1c445479691bcf877f295c2,standard,4QP,1,1,0.8260655474442228,0.13700479794409978,0.034105248810069225,0.0026680755375114618,0.00015633026409511415,0.0,0.0
2ae780833b6dc4bfcc42,43d62f5dadd5ef81371bbd8a713ecce359d75772d1c445479691bcf877f295c2,standard,6QP,0,1,0.12813112350679237,0.7297035301190754,0.12049098339969011,0.020509705517097986,0.0011139889388435205,4.9667906135324195e-05,1.000612364647122e-06
2ae780833b6dc4bfcc42,43d62f5dadd5ef81371bbd8a713ecce359d75772d1c445479691bcf877f295c2,standard,6QP,1,1,0.8257639578367975,0.13703374536269539,0.034280256992570896,0.00272540091280872,0.00019088987700185183,5.628807242821203e-06,1.2021088782945456e-07
e6b158e07e36fb44531c,43d62f5dadd5ef81371bbd8a713ecce359d75772d1c445479691bcf877f295c2,standard,2QP,0,1,0.0026769763163934325,0.990079548997999,0.007243474685607519,0.0,0.0,0.0,0.0
e6b158e07e36fb44531c,43d62f5dadd5ef81371bbd8a713ecce359d75772d1c445479691bcf877f295c2,standard,2QP,1,1,0.9929086679501792,0.007032675141755819,5.8656908062794224e-05,0.0,0.0,0.0,0.0
e6b158e07e36fb44531c,43d62f5dadd5ef81371bbd8a713ecce359d75772d1c445479691bcf877f295c2,standard,4QP,0,1,0.002678782939827077,0.9897992917927791,0.007455689228008047,6.603253943585393e-05,2.034999496440333e-07,0.0,0.0
e6b158e07e36fb44531c,43d62f5dadd5ef81371bbd8a713ecce359d75772d1c445479691bcf877f295c2,standard,4QP,1,1,0.9929051612911285,0.007034213328587756,6.042916378687642e-05,1.9570696126861052e-07,5.095331234563146e-10,0.0,0.0
e6b158e07e36fb44531c,43d62f5dadd5ef81371bbd8a713ecce359d75772d1c445479691bcf877f295c2,standard,6QP,0,1,0.0026787828973816492,0.9897992768818666,0.007455694423716127,6.603978317693091e-05,2.0549815660549818e-07,5.151412484523091e-10,5.876749599971101e-13
e6b158e07e36fb44531c,43d62f5dadd5ef81371bbd8a713ecce359d75772d1c445479691bcf877f295c2,standard,6QP,1,1,0.9929051612552909,0.007034213338677856,6.042918007293505e-05,1.957120167370704e-07,5.133449804793087e-10,6.025374838251994e-13,5.030872302593191e-16
d12ba28f716d21f5b6b3,43d62f5dadd5ef81371bbd8a713ecce359d75772d1c445479691bcf877f295c2,standard,2QP,0,1,0.7827502246855326,0.20904101872911549,0.008208756585353055,0.0,0.0,0.0,0.0
d12ba28f716d21f5b6b3,43d62f5dadd5ef81371bbd8a713ecce359d75772d1c445479691bcf877f295c2,standard,2QP,1,1,0.9452616512223607,0.05362721641313265,0.001111132364507494,0.0,0.0,0.0,0.0
d12ba28f716d21f5b6b3,43d62f5dadd5ef81371bbd8a713ecce359d75772d1c445479691bcf877f295c2,standard,4QP,0,1,0.7792627011786453,0.21133356058176742,0.009261710452399697,0.00014103968932197033,9.880978630981911e-07,0.0,0.0
d12ba28f716d21f5b6b3,43d62f5dadd5ef81371bbd8a713ecce359d75772d1c445479691bcf877f295c2,standard,4QP,1,1,0.9449515914913901,0.0538200644144545,0.0012131176661179081,1.5124787505943763e-05,1.0164053296745889e-07,0.0,0.0
d12ba28f716d21f5b6b3,43d62f5dadd5ef81371bbd8a713ecce359d75772d1c445479691bcf877f295c2,standard,6QP,0,1,0.7792623272832157,0.2113337451446127,0.009261817338916612,0.00014109534025042632,1.0105587967596354e-06,4.323576976666255e-09,1.0651220635381026e-11
d12ba28f716d21f5b6b3,43d62f5dadd5ef81371bbd8a713ecce359d75772d1c445479691bcf877f295c2,standard,6QP,1,1,0.9449515628992553,0.05382007697273844,0.0012131267936539999,1.5129153999543119e-05,1.037962080590552e-07,3.832934296276092e-10,8.42325241563949e-13
dc9fe0f89e6b8885bbd6,da0f830a8e7cf8900d6a4ead858f6b77b8f28f75bdb5dbeaf82ef07eeb78c498,standard,2QP,0,1,0.5979313785461453,0.3510952527923777,0.05097336866147855,0.0,0.0,0.0,0.0
dc9fe0f89e6b8885bbd6,da0f830a8e7cf8900d6a4ead858f6b77b8f28f75bdb5dbeaf82ef07eeb78c498,standard,2QP,1,1,0.6320324124163785,0.3243917227504805,0.043575864833141055,0.0,0.0,0.0,0.0
dc9fe0f89e6b8885bbd6,da0f830a8e7cf8900d6a4ead858f6b77b8f28f75bdb5dbeaf82ef07eeb78c498,standard,4QP,0,1,0.5227636681467256,0.3724130665747373,0.09388842761310619,0.010407247172841734,0.0005275904925912758,0.0,0.0
dc9fe0f89e6b8885bbd6,da0f830a8e7cf8900d6a4ead858f6b77b8f28f75bdb5dbeaf82ef07eeb78c498,standard,4QP,1,1,0.5383026938693518,0.3547909655055633,0.09351889606527693,0.012644582047409944,0.0007428625123974335,0.0,0.0
dc9fe0f89e6b8885bbd6,da0f830a8e7cf8900d6a4ead858f6b77b8f28f75bdb5dbeaf82ef07eeb78c498,standard,6QP,0,1,0.5220185161080525,0.3723776663261638,0.09426477909942493,0.010674083803474612,0.0006422331892016336,2.2280331822706804e-05,4.411418587406261e-07
dc9fe0f89e6b8885bbd6,da0f830a8e7cf8900d6a4ead858f6b77b8f28f75bdb5dbeaf82ef07eeb78c498,standard,6QP,1,1,0.5367716760450262,0.354822501939238,0.09427794767528411,0.013144045608110262,0.0009456051719553811,3.74014888956112e-05,8.220714890910305e-07
fbf7fc158fcc85207fe4,43d62f5dadd5ef81371bbd8a713ecce359d75772d1c445479691bcf877f295c2,standard,2QP,0,1,0.49314521848285914,0.42142584511739956,0.08542893639974367,0.0,0.0,0.0,0.0
fbf7fc158fcc85207fe4,43d62f5dadd5ef81371bbd8a713ecce359d75772d1c445479691bcf877f295c2,standard,2QP,1,1,0.5186210638339671,0.40263805055844937,0.07874088560758455,0.0,0.0,0.0,0.0
fbf7fc158fcc85207fe4,43d62f5dadd5ef81371bbd8a713ecce359d75772d1c445479691bcf877f295c2,standard,4QP,0,1,0.3430349229656989,0.4240266791388486,0.1902219603390175,0.039234775253698326,0.003481662302741403,0.0,0.0
fbf7fc158fcc85207fe4,43d62f5dadd5ef81371bbd8a713ecce359d75772d1c445479691bcf877f295c2,standard,4QP,1,1,0.308820157592191,0.4091618959447723,0.21980705022867228,0.05637584395009419,0.005835052284270088,0.0,0.0
fbf7fc158fcc85207fe4,43d62f5dadd5ef81371bbd8a713ecce359d75772d1c445479691bcf877f295c2,standard,6QP,0,1,0.33686757247141513,0.42097252576174043,0.193503818522898,0.04301303329531798,0.005250884316240608,0.0003771720464069528,1.4993585982223997e-05
fbf7fc158fcc85207fe4,43d62f5dadd5ef81371bbd8a713ecce359d75772d1c445479691bcf877f295c2,standard,6QP,1,1,0.29292548673460217,0.4017402572822874,0.22841088990939293,0.06590871420811499,0.010107705132079042,0.0008670926463015951,3.985408721802751e-05
2609be65fbbbf45bf16a,43d62f5dadd5ef81371bbd8a713ecce359d75772d1c445479691bcf877f295c2,standard,2QP,0,1,0.4258634600138879,0.45847417622727615,0.11566236375883669,0.0,0.0,0.0,0.0
2609be65fbbbf45bf16a,43d62f5dadd5ef81371bbd8a713ecce359d75772d1c445479691bcf877f295c2,standard,2QP,1,1,0.46216593520896443,0.4335795703119154,0.10425449447911989,0.0,0.0,0.0,0.0
2609be65fbbbf45bf16a,43d62f5dadd5ef81371bbd8a713ecce359d75772d1c445479691bcf877f295c2,standard,4QP,0,1,0.25744898558502605,0.4239600192236824,0.24617439656643136,0.06512892397053426,0.0072876746543239345,0.0,0.0
2609be65fbbbf45bf16a,43d62f5dadd5ef81371bbd8a713ecce359d75772d1c445479691bcf877f295c2,standard,4QP,1,1,0.17567924133043444,0.37367187186011774,0.31592921462431034,0.11796783620873089,0.016751835976404693,0.0,0.0
2609be65fbbbf45bf16a,43d62f5dadd5ef81371bbd8a713ecce359d75772d1c445479691bcf877f295c2,standard,6QP,0,1,0.24638733055680578,0.4145366929836331,0.25124018326752773,0.07434796158179703,0.012215723883187054,0.0012069660509639937,6.514167608164155e-05
2609be65fbbbf45bf16a,43d62f5dadd5ef81371bbd8a713ecce359d75772d1c445479691bcf877f295c2,standard,6QP,1,1,0.09203635597964849,0.3081560564079353,0.3591980371610161,0.1847730579046546,0.0483619926623942,0.006959810327049078,0.0005146895572862351
94d247c4cbbdbbecb52a,da0f830a8e7cf8900d6a4ead858f6b77b8f28f75bdb5dbeaf82ef07eeb78c498,standard,2QP,0,1,0.41830654545441737,0.45934118818289643,0.12235226636268536,0.0,0.0,0.0,0.0
94d247c4cbbdbbecb52a,da0f830a8e7cf8900d6a4ead858f6b77b8f28f75bdb5dbeaf82ef07eeb78c498,standard,2QP,1,1,0.44168689197845884,0.4453154716689929,0.11299763635254784,0.0,0.0,0.0,0.0
94d247c4cbbdbbecb52a,da0f830a8e7cf8900d6a4ead858f6b77b8f28f75bdb5dbeaf82ef07eeb78c498,standard,4QP,0,1,0.24210807173170243,0.41514273567586113,0.2600944678547809,0.07375111830350266,0.008903606434153723,0.0,0.0
94d247c4cbbdbbecb52a,da0f830a8e7cf8900d6a4ead858f6b77b8f28f75bdb5dbeaf82ef07eeb78c498,standard,4QP,1,1,0.15427832051288515,0.3657856918171888,0.32831851611117674,0.13169259478995354,0.019924876768795927,0.0,0.0
94d247c4cbbdbbecb52a,da0f830a8e7cf8900d6a4ead858f6b77b8f28f75bdb5dbeaf82ef07eeb78c498,standard,6QP,0,1,0.22860019092494052,0.4026324361420316,0.2657625941440247,0.0856216268373503,0.01558723425313948,0.0016951931968266713,0.00010072450168646743
94d247c4cbbdbbecb52a,da0f830a8e7cf8900d6a4ead858f6b77b8f28f75bdb5dbeaf82ef07eeb78c498,standard,6QP,1,1,0.06930682026721005,0.285800410709902,0.3658864622575172,0.2086078111727111,0.06003257158348708,0.009591348907449749,0.0007745751017204764
94413a4ea477bf0d12e6,43d62f5dadd5ef81371bbd8a713ecce359d75772d1c445479691bcf877f295c2,standard,2QP,0,1,0.21624359232339257,0.7465263983813551,0.0372300092952505,0.0,0.0,0.0,0.0
94413a4ea477bf0d12e6,43d62f5dadd5ef81371bbd8a713ecce359d75772d1c445479691bcf877f295c2,standard,2QP,1,1,0.9497190495285179,0.048595471408403326,0.0016854790630777034,0.0,0.0,0.0,0.0
94413a4ea477bf0d12e6,43d62f5dadd5ef81371bbd8a713ecce359d75772d1c445479691bcf877f295c2,standard,4QP,0,1,0.2084610651014648,0.7461621366081554,0.04380963142564372,0.0015467597384521662,2.040712627627969e-05,0.0,0.0
94413a4ea477bf0d12e6,43d62f5dadd5ef81371bbd8a713ecce359d75772d1c445479691bcf877f295c2,standard,4QP,1,1,0.9491324740991366,0.0488895515188917,0.001942863996515113,3.471139880127906e-05,3.9898665346234095e-07,0.0,0.0
94413a4ea477bf0d12e6,43d62f5dadd5ef81371bbd8a713ecce359d75772d1c445479691bcf877f295c2,standard,6QP,0,1,0.20845682976489,0.746159556471262,0.04381253568653262,0.0015495531390777254,2.132613371190128e-05,1.9785379222651514e-07,9.507425743610331e-10
94413a4ea477bf0d12e6,43d62f5dadd5ef81371bbd8a713ecce359d75772d1c445479691bcf877f295c2,standard,6QP,1,1,0.9491323217447607,0.04888960038782304,0.001942926507064131,3.473568183793203e-05,4.132529641667214e-07,2.4164288068847753e-09,9.130413606555472e-12
396cb2d5b6093b3612fb,43d62f5dadd5ef81371bbd8a713ecce359d75772d1c445479691bcf877f295c2,standard,2QP,0,1,0.10397227151957598,0.8411088485382521,0.054918879942168417,0.0,0.0,0.0,0.0
396cb2d5b6093b3612fb,43d62f5dadd5ef81371bbd8a713ecce359d75772d1c445479691bcf877f295c2,standard,2QP,1,1,0.9283052859134535,0.0671885432313881,0.0045061708551590515,0.0,0.0,0.0,0.0
396cb2d5b6093b3612fb,43d62f5dadd5ef81371bbd8a713ecce359d75772d1c445479691bcf877f295c2,standard,4QP,0,1,0.09753285522774237,0.8283664078131958,0.06868379656496312,0.0052903568721966755,0.00012658352189979087,0.0,0.0
396cb2d5b6093b3612fb,43d62f5dadd5ef81371bbd8a713ecce359d75772d1c445479691bcf877f295c2,standard,4QP,1,1,0.9255051063416402,0.06830448801680607,0.005990018309134001,0.00019566134060699147,4.725991810864258e-06,0.0,0.0
396cb2d5b6093b3612fb,43d62f5dadd5ef81371bbd8a713ecce359d75772d1c445479691bcf877f295c2,standard,6QP,0,1,0.09751423276190732,0.8283075870611868,0.06870813829628321,0.005329448316987069,0.00013781858311782578,2.748984200129762e-06,2.5996326358393382e-08
396cb2d5b6093b3612fb,43d62f5dadd5ef81371bbd8a713ecce359d75772d1c445479691bcf877f295c2,standard,6QP,1,1,0.9255016770788324,0.06830524539317175,0.005991712594546628,0.00019621585445615063,5.089203513256997e-06,5.9391742529394894e-08,4.837483016186544e-10
9792fdc2e46e23c23d30,da0f830a8e7cf8900d6a4ead858f6b77b8f28f75bdb5dbeaf82ef07eeb78c498,standard,2QP,0,1,0.1000746343658088,0.8307161866405364,0.06920917899365468,0.0,0.0,0.0,0.0
9792fdc2e46e23c23d30,da0f830a8e7cf8900d6a4ead858f6b77b8f28f75bdb5dbeaf82ef07eeb78c498,standard,2QP,1,1,0.8997965313737085,0.09068003818358882,0.009523430442705209,0.0,0.0,0.0,0.0
9792fdc2e46e23c23d30,da0f830a8e7cf8900d6a4ead858f6b77b8f28f75bdb5dbeaf82ef07eeb78c498,standard,4QP,0,1,0.08992414950508165,0.805707473799022,0.09203853975807952,0.011908346123383798,0.0004214908144305851,0.0,0.0
9792fdc2e46e23c23d30,da0f830a8e7cf8900d6a4ead858f6b77b8f28f75bdb5dbeaf82ef07eeb78c498,standard,4QP,1,1,0.8901719435659905,0.09379751265342863,0.015207532952330967,0.0007901122589310241,3.2898569317645635e-05,0.0,0.0
9792fdc2e46e23c23d30,da0f830a8e7cf8900d6a4ead858f6b77b8f28f75bdb5dbeaf82ef07eeb78c498,standard,6QP,0,1,0.08984493444077812,0.8053887403300848,0.0921374165201285,0.012130232773289212,0.0004822653863350882,1.6169022571040547e-05,2.4152681293033964e-07
9792fdc2e46e23c23d30,da0f830a8e7cf8900d6a4ead858f6b77b8f28f75bdb5dbeaf82ef07eeb78c498,standard,6QP,1,1,0.8901313547786891,0.09380345401261522,0.015230086111588822,0.000796895305995562,3.746105387255751e-05,7.380020431540251e-07,1.0735197557080106e-08
edf0949a87097ed98573,43d62f5dadd5ef81371bbd8a713ecce359d75772d1c445479691bcf877f295c2,standard,2QP,0,1,0.6644268870022573,0.3059194023722206,0.02965371062551717,0.0,0.0,0.0,0.0
edf0949a87097ed98573,43d62f5dadd5ef81371bbd8a713ecce359d75772d1c445479691bcf877f295c2,standard,2QP,1,1,0.8041829135076544,0.18374607424241912,0.01207101224992681,0.0,0.0,0.0,0.0
edf0949a87097ed98573,43d62f5dadd5ef81371bbd8a713ecce359d75772d1c445479691bcf877f295c2,standard,4QP,0,1,0.6395310873680794,0.31715371915848317,0.04132157837002646,0.0019505892870511922,4.302581636223806e-05,0.0,0.0
edf0949a87097ed98573,43d62f5dadd5ef81371bbd8a713ecce359d75772d1c445479691bcf877f295c2,standard,4QP,1,1,0.7919804410742858,0.19017926861898773,0.01695711084292606,0.0008620519566836992,2.1127507118029857e-05,0.0,0.0
edf0949a87097ed98573,43d62f5dadd5ef81371bbd8a713ecce359d75772d1c445479691bcf877f295c2,standard,6QP,0,1,0.6394978227729753,0.31716082917543365,0.04133584133040734,0.0019585337917802205,4.6321649942945274e-05,6.460345174489895e-07,5.244948400780637e-09
edf0949a87097ed98573,43d62f5dadd5ef81371bbd8a713ecce359d75772d1c445479691bcf877f295c2,standard,6QP,1,1,0.7919588539278416,0.1901860210595392,0.01696557248863768,0.0008662671862065474,2.294979753144492e-05,3.327357218322315e-07,2.8045236247975563e-09
f5d477d26a2318279ae4,43d62f5dadd5ef81371bbd8a713ecce359d75772d1c445479691bcf877f295c2,standard,2QP,0,1,0.4953424615561694,0.4194961277931265,0.08516141065070577,0.0,0.0,0.0,0.0
f5d477d26a2318279ae4,43d62f5dadd5ef81371bbd8a713ecce359d75772d1c445479691bcf877f295c2,standard,2QP,1,1,0.516174010498126,0.4047554661977704,0.07907052330410462,0.0,0.0,0.0,0.0
f5d477d26a2318279ae4,43d62f5dadd5ef81371bbd8a713ecce359d75772d1c445479691bcf877f295c2,standard,4QP,0,1,0.34495817418180996,0.4224582826333002,0.19003208436076824,0.03908082138998295,0.0034706374341372426,0.0,0.0
f5d477d26a2318279ae4,43d62f5dadd5ef81371bbd8a713ecce359d75772d1c445479691bcf877f295c2,standard,4QP,1,1,0.306473226275905,0.41080889795041253,0.22017714780011927,0.05667884440505201,0.005861883568509421,0.0,0.0
f5d477d26a2318279ae4,43d62f5dadd5ef81371bbd8a713ecce359d75772d1c445479691bcf877f295c2,standard,6QP,0,1,0.3387797996129282,0.4194343549170384,0.19332256342650422,0.04283893707800552,0.005234090098262531,0.0003753307026235006,1.4924164634658042e-05
f5d477d26a2318279ae4,43d62f5dadd5ef81371bbd8a713ecce359d75772d1c445479691bcf877f295c2,standard,6QP,1,1,0.2905979726866971,0.4033001706551233,0.22875991055876901,0.06627444357054807,0.010154551668824731,0.0008728405260606162,4.011033397529824e-05
64ce0072822959f76f22,43d62f5dadd5ef81371bbd8a713ecce359d75772d1c445479691bcf877f295c2,standard,2QP,0,1,0.29569058748183874,0.591079730098045,0.11322968242011534,0.0,0.0,0.0,0.0
64ce0072822959f76f22,43d62f5dadd5ef81371bbd8a713ecce359d75772d1c445479691bcf877f295c2,standard,2QP,1,1,0.6516185712241479,0.28343775394448206,0.06494367483136936,0.0,0.0,0.0,0.0
64ce0072822959f76f22,43d62f5dadd5ef81371bbd8a713ecce359d75772d1c445479691bcf877f295c2,standard,4QP,0,1,0.19391631440588436,0.5428180585427764,0.2036532152292839,0.054876667154029744,0.004735744668021288,0.0,0.0
64ce0072822959f76f22,43d62f5dadd5ef81371bbd8a713ecce359d75772d1c445479691bcf877f295c2,standard,4QP,1,1,0.4186657697420794,0.29453171163900804,0.22832187172732613,0.05186521372767395,0.0066154331639125576,0.0,0.0
64ce0072822959f76f22,43d62f5dadd5ef81371bbd8a713ecce359d75772d1c445479691bcf877f295c2,standard,6QP,0,1,0.18932169407917399,0.5363928510354484,0.20588362780704564,0.060661280943543845,0.007095021552190472,0.0006200420267342714,2.5482555865275156e-05
64ce0072822959f76f22,43d62f5dadd5ef81371bbd8a713ecce359d75772d1c445479691bcf877f295c2,standard,6QP,1,1,0.38203576123534616,0.2852186647408336,0.25173490697683854,0.06616760825239425,0.013567567045346727,0.0012058780874267226,6.961366181985663e-05
1e9d769cca39100bcd6c,43d62f5dadd5ef81371bbd8a713ecce359d75772d1c445479691bcf877f295c2,standard,2QP,0,1,0.439935529934934,0.4525136715328704,0.10755079853219501,0.0,0.0,0.0,0.0
1e9d769cca39100bcd6c,43d62f5dadd5ef81371bbd8a713ecce359d75772d1c445479691bcf877f295c2,standard,2QP,1,1,0.48351055332717635,0.42203272695674143,0.09445671971608398,0.0,0.0,0.0,0.0
1e9d769cca39100bcd6c,43d62f5dadd5ef81371bbd8a713ecce359d75772d1c445479691bcf877f295c2,standard,4QP,0,1,0.282584146019224,0.4305917604027847,0.22723710597163096,0.0540981720586012,0.005488815547764067,0.0,0.0
1e9d769cca39100bcd6c,43d62f5dadd5ef81371bbd8a713ecce359d75772d1c445479691bcf877f295c2,standard,4QP,1,1,0.20175001405873585,0.384078574133482,0.29808387981620427,0.10266175916405745,0.013425772827518207,0.0,0.0
1e9d769cca39100bcd6c,43d62f5dadd5ef81371bbd8a713ecce359d75772d1c445479691bcf877f295c2,standard,6QP,0,1,0.2743783493598188,0.42454242589888014,0.2313287235150134,0.0603276218616808,0.008643707610466603,0.0007438815086913969,3.529024545540262e-05
1e9d769cca39100bcd6c,43d62f5dadd5ef81371bbd8a713ecce359d75772d1c445479691bcf877f295c2,standard,6QP,1,1,0.13513880203906806,0.3419708334241396,0.33586972352618727,0.14913253535541834,0.03348815274071046,0.004133130493609943,0.00026682242086914927
8e297adbede14a0bb57b,2854eeaecd1a9c2eb43945571c0fa36dfddf9b296eb68eec79d912dbce5e697b,standard,2QP,0,1,0.5601638608794803,0.41894013579985956,0.0208960033206601,0.0,0.0,0.0,0.0
8e297adbede14a0bb57b,2854eeaecd1a9c2eb43945571c0fa36dfddf9b296eb68eec79d912dbce5e697b,standard,2QP,1,1,0.9392551394965849,0.05856528750450486,0.0021795729989110696,0.0,0.0,0.0,0.0
8e297adbede14a0bb57b,2854eeaecd1a9c2eb43945571c0fa36dfddf9b296eb68eec79d912dbce5e697b,standard,4QP,0,1,0.5469512959870215,0.42685115463333734,0.025356840402632877,0.0008297752302982226,1.0933746705351746e-05,0.0,0.0
8e297adbede14a0bb57b,2854eeaecd1a9c2eb43945571c0fa36dfddf9b296eb68eec79d912dbce5e697b,standard,4QP,1,1,0.9383675902310739,0.05904647971771735,0.0025361738494236756,4.918824371791024e-05,5.67958063819849e-07,0.0,0.0
8e297adbede14a0bb57b,2854eeaecd1a9c2eb43945571c0fa36dfddf9b296eb68eec79d912dbce5e697b,standard,6QP,0,1,0.5469453607084377,0.4268532046616532,0.025358771747789954,0.0008311231211704569,1.1441686280421005e-05,9.763193946153471e-08,4.4273052001504473e-10
8e297adbede14a0bb57b,2854eeaecd1a9c2eb43945571c0fa36dfddf9b296eb68eec79d912dbce5e697b,standard,6QP,1,1,0.9383673428808106,0.05904657024580358,0.0025362656951579006,4.9227776365019976e-05,5.898324700190515e-07,3.5560282080096494e-09,1.3358652446030115e-11
ef9b217c65492c3fe9a5,da0f830a8e7cf8900d6a4ead858f6b77b8f28f75bdb5dbeaf82ef07eeb78c498,standard,2QP,0,1,0.5860820410153552,0.36086905123051827,0.05304890775412517,0.0,0.0,0.0,0.0
ef9b217c65492c3fe9a5,da0f830a8e7cf8900d6a4ead858f6b77b8f28f75bdb5dbeaf82ef07eeb78c498,standard,2QP,1,1,0.6553082098944598,0.308952443247577,0.035739346857964836,0.0,0.0,0.0,0.0
ef9b217c65492c3fe9a5,da0f830a8e7cf8900d6a4ead858f6b77b8f28f75bdb5dbeaf82ef07eeb78c498,standard,4QP,0,1,0.5236858546070389,0.37832335027192665,0.08957027491964722,0.00808064376457326,0.0003398764368157192,0.0,0.0
ef9b217c65492c3fe9a5,da0f830a8e7cf8900d6a4ead858f6b77b8f28f75bdb5dbeaf82ef07eeb78c498,standard,4QP,1,1,0.5823316490055783,0.33502831476630335,0.07317118735920644,0.0090023246896897,0.00046652417922396006,0.0,0.0
ef9b217c65492c3fe9a5,da0f830a8e7cf8900d6a4ead858f6b77b8f28f75bdb5dbeaf82ef07eeb78c498,standard,6QP,0,1,0.523311409098636,0.3783107094374193,0.08976347199626353,0.008208613762285677,0.00039453007637367933,1.1084200281737332e-05,1.8142874498427846e-07
ef9b217c65492c3fe9a5,da0f830a8e7cf8900d6a4ead858f6b77b8f28f75bdb5dbeaf82ef07eeb78c498,standard,6QP,1,1,0.5812439146288549,0.3351494861713963,0.07371544479064134,0.009298163124426568,0.0005729654371147531,1.9644430965495675e-05,3.8141660272242243e-07
17def689db307487e9b0,43d62f5dadd5ef81371bbd8a713ecce359d75772d1c445479691bcf877f295c2,standard,2QP,0,1,0.3991034559359434,0.489462649005149,0.1114338950589089,0.0,0.0,0.0,0.0
17def689db307487e9b0,43d62f5dadd5ef81371bbd8a713ecce359d75772d1c445479691bcf877f295c2,standard,2QP,1,1,0.5286835870666832,0.38310790434702424,0.08820850858629113,0.0,0.0,0.0,0.0
17def689db307487e9b0,43d62f5dadd5ef81371bbd8a713ecce359d75772d1c445479691bcf877f295c2,standard,4QP,0,1,0.2535871751904019,0.4585336410698696,0.22542917953209013,0.05682523549935464,0.005624768708285568,0.0,0.0
17def689db307487e9b0,43d62f5dadd5ef81371bbd8a713ecce359d75772d1c445479691bcf877f295c2,standard,4QP,1,1,0.24531261109795055,0.3596987694558271,0.2912610757899981,0.09153605157292331,0.01219149208330087,0.0,0.0
17def689db307487e9b0,43d62f5dadd5ef81371bbd8a713ecce359d75772d1c445479691bcf877f295c2,standard,6QP,0,1,0.24599661030233932,0.45175479261830154,0.22910035257258554,0.0634861303869457,0.008839030139478935,0.0007863074230676494,3.677655728536978e-05
17def689db307487e9b0,43d62f5dadd5ef81371bbd8a713ecce359d75772d1c445479691bcf877f295c2,standard,6QP,1,1,0.18069416784589964,0.32576233380018893,0.3292386034969943,0.13069658427972752,0.029891311825827188,0.003490615552458456,0.0002263831989087802
0e6299b1a86dad7995d6,43d62f5dadd5ef81371bbd8a713ecce359d75772d1c445479691bcf877f295c2,standard,2QP,0,1,0.3034801980740647,0.5788687692525849,0.11765103267335104,0.0,0.0,0.0,0.0
0e6299b1a86dad7995d6,43d62f5dadd5ef81371bbd8a713ecce359d75772d1c445479691bcf877f295c2,standard,2QP,1,1,0.611153910526373,0.3103207851015213,0.07852530437210527,0.0,0.0,0.0,0.0
0e6299b1a86dad7995d6,43d62f5dadd5ef81371bbd8a713ecce359d75772d1c445479691bcf877f295c2,standard,4QP,0,1,0.17413432305898108,0.512718932779894,0.22910254088327095,0.07617135121948881,0.007872852058364875,0.0,0.0
0e6299b1a86dad7995d6,43d62f5dadd5ef81371bbd8a713ecce359d75772d1c445479691bcf877f295c2,standard,4QP,1,1,0.34556950343449383,0.30787910663047274,0.26844517065108586,0.06840441566151477,0.009701803622432519,0.0,0.0
0e6299b1a86dad7995d6,43d62f5dadd5ef81371bbd8a713ecce359d75772d1c445479691bcf877f295c2,standard,6QP,0,1,0.16439048516675167,0.49750311859899354,0.23289577374786802,0.08970762573377553,0.01381534776697039,0.0016032690227387875,8.437996289941394e-05
0e6299b1a86dad7995d6,43d62f5dadd5ef81371bbd8a713ecce359d75772d1c445479691bcf877f295c2,standard,6QP,1,1,0.3064678878026675,0.2918251885588953,0.2900015169274491,0.08780816275246421,0.02144462170398229,0.0022966692449221215,0.0001559530096182071
59d1bd5f4c5cd88021c2,43d62f5dadd5ef81371bbd8a713ecce359d75772d1c445479691bcf877f295c2,standard,2QP,0,1,0.9670698196134399,0.03277367603911989,0.00015650434743902714,0.0,0.0,0.0,0.0
59d1bd5f4c5cd88021c2,43d62f5dadd5ef81371bbd8a713ecce359d75772d1c445479691bcf877f295c2,standard,2QP,1,1,0.9940711693605605,0.005910504092503043,1.8326546934781987e-05,0.0,0.0,0.0,0.0
59d1bd5f4c5cd88021c2,43d62f5dadd5ef81371bbd8a713ecce359d75772d1c445479691bcf877f295c2,standard,4QP,0,1,0.9670567164891964,0.03278405590610018,0.00015888258916015212,3.446790507693892e-07,3.3648997592080307e-10,0.0,0.0
59d1bd5f4c5cd88021c2,43d62f5dadd5ef81371bbd8a713ecce359d75772d1c445479691bcf877f295c2,standard,4QP,1,1,0.9940705170185492,0.0059109156299866315,1.853860509751901e-05,2.872097340080056e-08,2.5394091577463786e-11,0.0,0.0
59d1bd5f4c5cd88021c2,43d62f5dadd5ef81371bbd8a713ecce359d75772d1c445479691bcf877f295c2,standard,6QP,0,1,0.9670567164646207,0.032784055922470426,0.00015888259356093478,3.4468164166698626e-07,3.3755995847558414e-10,1.9437538855521583e-13,6.254016483331981e-17
59d1bd5f4c5cd88021c2,43d62f5dadd5ef81371bbd8a713ecce359d75772d1c445479691bcf877f295c2,standard,6QP,1,1,0.9940705170176625,0.005910915630410596,1.853860537369037e-05,2.8721105889751274e-08,2.546444694206248e-11,1.1664523450793355e-14,3.1901169108380712e-18
582d67d0bc02bc27f7c2,43d62f5dadd5ef81371bbd8a713ecce359d75772d1c445479691bcf877f295c2,standard,2QP,0,1,0.412214251017047,0.4708359393640414,0.11694980961890918,0.0,0.0,0.0,0.0
582d67d0bc02bc27f7c2,43d62f5dadd5ef81371bbd8a713ecce359d75772d1c445479691bcf877f295c2,standard,2QP,1,1,0.4775732309469548,0.4201696083423794,0.10225716071066486,0.0,0.0,0.0,0.0
582d67d0bc02bc27f7c2,43d62f5dadd5ef81371bbd8a713ecce359d75772d1c445479691bcf877f295c2,standard,4QP,0,1,0.24830025419199206,0.4330566833565362,0.24510618375443058,0.06620058745747208,0.00733629123956923,0.0,0.0
582d67d0bc02bc27f7c2,43d62f5dadd5ef81371bbd8a713ecce359d75772d1c445479691bcf877f295c2,standard,4QP,1,1,0.18731984845154961,0.3658572977852509,0.31593789439850417,0.11448249415336165,0.016402465211337574,0.0,0.0
582d67d0bc02bc27f7c2,43d62f5dadd5ef81371bbd8a713ecce359d75772d1c445479691bcf877f295c2,standard,6QP,0,1,0.23754089806336828,0.423299976747744,0.2499570476220417,0.0756222347339081,0.01228500232762172,0.0012289071727814114,6.593333254060498e-05
582d67d0bc02bc27f7c2,43d62f5dadd5ef81371bbd8a713ecce359d75772d1c445479691bcf877f295c2,standard,6QP,1,1,0.10422718687614006,0.3044096342411958,0.35962255374994706,0.17771768058884171,0.04691574949870767,0.006616432286044446,0.0004907627591193668
3fa1cc6411c06a1f6f1b,43d62f5dadd5ef81371bbd8a713ecce359d75772d1c445479691bcf877f295c2,standard,2QP,0,1,0.7399050120059851,0.24010169548373034,0.019993292510284567,0.0,0.0,0.0,0.0
3fa1cc6411c06a1f6f1b,43d62f5dadd5ef81371bbd8a713ecce359d75772d1c445479691bcf877f295c2,standard,2QP,1,1,0.8125146591940062,0.17795805600930883,0.009527284796686809,0.0,0.0,0.0,0.0
3fa1cc6411c06a1f6f1b,43d62f5dadd5ef81371bbd8a713ecce359d75772d1c445479691bcf877f295c2,standard,4QP,0,1,0.7252589905329476,0.24742179428917294,0.02636256743238593,0.000940319070217664,1.6328675270861045e-05,0.0,0.0
3fa1cc6411c06a1f6f1b,43d62f5dadd5ef81371bbd8a713ecce359d75772d1c445479691bcf877f295c2,standard,4QP,1,1,0.8042771321008692,0.18268342848501676,0.012513022182602978,0.000516373519145133,1.0043712362516975e-05,0.0,0.0
3fa1cc6411c06a1f6f1b,43d62f5dadd5ef81371bbd8a713ecce359d75772d1c445479691bcf877f295c2,standard,6QP,0,1,0.7252479035102211,0.24742507130962835,0.026367014949213355,0.0009425412304813312,1.7284208562420185e-05,1.8363626699165273e-07,1.1556279096490648e-09
3fa1cc6411c06a1f6f1b,43d62f5dadd5ef81371bbd8a713ecce359d75772d1c445479691bcf877f295c2,standard,6QP,1,1,0.8042685554374318,0.18268655852780136,0.012516092193461456,0.0005179530958312711,1.0716231977987308e-05,1.2369510939206465e-07,8.183927478126576e-10
bd8cd70b3a50519e4407,43d62f5dadd5ef81371bbd8a713ecce359d75772d1c445479691bcf877f295c2,standard,2QP,0,1,0.47358310278582594,0.4323993484695868,0.09401754874458845,0.0,0.0,0.0,0.0
bd8cd70b3a50519e4407,43d62f5dadd5ef81371bbd8a713ecce359d75772d1c445479691bcf877f295c2,standard,2QP,1,1,0.4954057614199225,0.4166678433064435,0.08792639527363562,0.0,0.0,0.0,0.0
bd8cd70b3a50519e4407,43d62f5dadd5ef81371bbd8a713ecce359d75772d1c445479691bcf877f295c2,standard,4QP,0,1,0.3071728790491225,0.4236066080384357,0.21419196958871461,0.05005351332515494,0.004975029998574753,0.0,0.0
bd8cd70b3a50519e4407,43d62f5dadd5ef81371bbd8a713ecce359d75772d1c445479691bcf877f295c2,standard,4QP,1,1,0.26514543091539666,0.40570547483401276,0.24888463882312703,0.07196411963338127,0.008300335794079742,0.0,0.0
bd8cd70b3a50519e4407,43d62f5dadd5ef81371bbd8a713ecce359d75772d1c445479691bcf877f295c2,standard,6QP,0,1,0.2981238851578169,0.4179907881582623,0.21882781894705458,0.056308377238155856,0.008039682176915289,0.000678080432684421,3.136788910213072e-05
bd8cd70b3a50519e4407,43d62f5dadd5ef81371bbd8a713ecce359d75772d1c445479691bcf877f295c2,standard,6QP,1,1,0.24233042542513508,0.39161175530509545,0.26066827909430274,0.08782801054405352,0.015863484234384693,0.0016114055926328636,8.663980438951987e-05
04fa36f4a7862d3d7c0f,43d62f5dadd5ef81371bbd8a713ecce359d75772d1c445479691bcf877f295c2,standard,2QP,0,1,0.25689143618969984,0.6571128784688016,0.08599568534149878,0.0,0.0,0.0,0.0
04fa36f4a7862d3d7c0f,43d62f5dadd5ef81371bbd8a713ecce359d75772d1c445479691bcf877f295c2,standard,2QP,1,1,0.8059206999780193,0.1703721670475549,0.02370713297442631,0.0,0.0,0.0,0.0
04fa36f4a7862d3d7c0f,43d62f5dadd5ef81371bbd8a713ecce359d75772d1c445479691bcf877f295c2,standard,4QP,0,1,0.20767827032969738,0.6388537082214488,0.1322029704264684,0.0202560848335235,0.0010089661888654194,0.0,0.0
04fa36f4a7862d3d7c0f,43d62f5dadd5ef81371bbd8a713ecce359d75772d1c445479691bcf877f295c2,standard,4QP,1,1,0.7618374094080593,0.1834017227558282,0.04964399774347647,0.004819357645892525,0.00029751244673941087,0.0,0.0
04fa36f4a7862d3d7c0f,43d62f5dadd5ef81371bbd8a713ecce359d75772d1c445479691bcf877f295c2,standard,6QP,0,1,0.20707629765045069,0.6381337011363701,0.13259383882188397,0.02091129350203738,0.0012306170287120586,5.313164577499465e-05,1.1202147789498442e-06
04fa36f4a7862d3d7c0f,43d62f5dadd5ef81371bbd8a713ecce359d75772d1c445479691bcf877f295c2,standard,6QP,1,1,0.7611755483840862,0.18345691489404276,0.05001752266500314,0.00496435667810502,0.00037264688734351856,1.2719253480858344e-05,2.912379383426004e-07
724216ff40d983ffcdca,2854eeaecd1a9c2eb43945571c0fa36dfddf9b296eb68eec79d912dbce5e697b,standard,2QP,0,1,0.8294870925032332,0.16195414690109283,0.008558760595674451,0.0,0.0,0.0,0.0
724216ff40d983ffcdca,2854eeaecd1a9c2eb43945571c0fa36dfddf9b296eb68eec79d912dbce5e697b,standard,2QP,1,1,0.8859898154438677,0.11068182088367323,0.003328363672458824,0.0,0.0,0.0,0.0
724216ff40d983ffcdca,2854eeaecd1a9c2eb43945571c0fa36dfddf9b296eb68eec79d912dbce5e697b,standard,4QP,0,1,0.8252889955003555,0.16442678515823428,0.01008474055341042,0.0001975522290301632,1.9265589706725576e-06,0.0,0.0
724216ff40d983ffcdca,2854eeaecd1a9c2eb43945571c0fa36dfddf9b296eb68eec79d912dbce5e697b,standard,4QP,1,1,0.8844046446457056,0.11171555997284732,0.0038024070566913307,7.662862189187416e-05,7.597028644257197e-07,0.0,0.0
724216ff40d983ffcdca,2854eeaecd1a9c2eb43945571c0fa36dfddf9b296eb68eec79d912dbce5e697b,standard,6QP,0,1,0.8252881039055392,0.16442716485269984,0.010085039735544745,0.0001976912034080109,1.988682852766507e-06,1.1579931799122366e-08,4.0024643732622695e-11
724216ff40d983ffcdca,2854eeaecd1a9c2eb43945571c0fa36dfddf9b296eb68eec79d912dbce5e697b,standard,6QP,1,1,0.8844042875626869,0.11171573089591996,0.0038025106062510904,7.668214260584664e-05,7.842766198942186e-07,4.501268783405137e-09,1.4645885365838386e-11
d02dfdb9512ccd44122d,43d62f5dadd5ef81371bbd8a713ecce359d75772d1c445479691bcf877f295c2,standard,2QP,0,1,0.9719809588063937,0.027776828248685582,0.0002422129449225479,0.0,0.0,0.0,0.0
d02dfdb9512ccd44122d,43d62f5dadd5ef81371bbd8a713ecce359d75772d1c445479691bcf877f295c2,standard,2QP,1,1,0.9817983729087262,0.018083114376039336,0.00011851271523720177,0.0,0.0,0.0,0.0
d02dfdb9512ccd44122d,43d62f5dadd5ef81371bbd8a713ecce359d75772d1c445479691bcf877f295c2,standard,4QP,0,1,0.9719564921033536,0.027793789768676476,0.00024883034023725413,8.862164891553021e-07,1.5712415663881756e-09,0.0,0.0
d02dfdb9512ccd44122d,43d62f5dadd5ef81371bbd8a713ecce359d75772d1c445479691bcf877f295c2,standard,4QP,1,1,0.9817872998666785,0.018090717304989935,0.00012154193745480335,4.400657964798692e-07,8.250772052677627e-10,0.0,0.0
d02dfdb9512ccd44122d,43d62f5dadd5ef81371bbd8a713ecce359d75772d1c445479691bcf877f295c2,standard,6QP,0,1,0.9719564919537123,0.027793789849995136,0.00024883037828333604,8.862362058448046e-07,1.5802580572506275e-09,1.5916062838034635e-12,9.355379741946481e-16
d02dfdb9512ccd44122d,43d62f5dadd5ef81371bbd8a713ecce359d75772d1c445479691bcf877f295c2,standard,6QP,1,1,0.9817872997924948,0.018090717343942516,0.00012154195675395726,4.400759819717745e-07,8.299996806755751e-10,8.396088331033608e-13,4.882637610002733e-16
a77b8fb6f9853ab54989,43d62f5dadd5ef81371bbd8a713ecce359d75772d1c445479691bcf877f295c2,standard,2QP,0,1,0.6354586940518937,0.36275712116687653,0.0017841847812286639,0.0,0.0,0.0,0.0
a77b8fb6f9853ab54989,43d62f5dadd5ef81371bbd8a713ecce359d75772d1c445479691bcf877f295c2,standard,2QP,1,1,0.9958352466738207,0.004155795232948204,8.958093232912174e-06,0.0,0.0,0.0,0.0
a77b8fb6f9853ab54989,43d62f5dadd5ef81371bbd8a713ecce359d75772d1c445479691bcf877f295c2,standard,4QP,0,1,0.6351507439804409,0.363033494993092,0.0018119681268082568,3.789435827124696e-06,3.4638327713839908e-09,0.0,0.0
a77b8fb6f9853ab54989,43d62f5dadd5ef81371bbd8a713ecce359d75772d1c445479691bcf877f295c2,standard,4QP,1,1,0.9958350332650024,0.00415592489910062,9.031799480797625e-06,1.0029786798544244e-08,6.622804792379969e-12,0.0,0.0
a77b8fb6f9853ab54989,43d62f5dadd5ef81371bbd8a713ecce359d75772d1c445479691bcf877f295c2,standard,6QP,0,1,0.6351507435051545,0.3630334953843049,0.0018119681714682382,3.789463209905918e-06,3.4739696892030568e-09,1.963317500197979e-12,6.023141432350181e-16
a77b8fb6f9853ab54989,43d62f5dadd5ef81371bbd8a713ecce359d75772d1c445479691bcf877f295c2,standard,6QP,1,1,0.9958350332648656,0.004155924899172061,9.031799534717423e-06,1.0029810816758685e-08,6.636021626789303e-12,2.2824506578208724e-15,4.837996558620545e-19
c44bfb67f6f1f233afed,43d62f5dadd5ef81371bbd8a713ecce359d75772d1c445479691bcf877f295c2,standard,2QP,0,1,0.4492149464203594,0.4448936581524385,0.10589139542720316,0.0,0.0,0.0,0.0
c44bfb67f6f1f233afed,43d62f5dadd5ef81371bbd8a713ecce359d75772d1c445479691bcf877f295c2,standard,2QP,1,1,0.46675790879685325,0.43263656561087943,0.10060552559226509,0.0,0.0,0.0,0.0
c44bfb67f6f1f233afed,43d62f5dadd5ef81371bbd8a713ecce359d75772d1c445479691bcf877f295c2,standard,4QP,0,1,0.2640551392286347,0.4171804910901011,0.24456797225133048,0.06658671413474997,0.0076096832951814,0.0,0.0
c44bfb67f6f1f233afed,43d62f5dadd5ef81371bbd8a713ecce359d75772d1c445479691bcf877f295c2,standard,4QP,1,1,0.21839728182121737,0.3945188219537294,0.281400639351167,0.09342476567463998,0.012258491199245006,0.0,0.0
c44bfb67f6f1f233afed,43d62f5dadd5ef81371bbd8a713ecce359d75772d1c445479691bcf877f295c2,standard,6QP,0,1,0.24996852877660164,0.4059313667702497,0.25107639010277055,0.07792982564383574,0.013605426117809686,0.0014094492735684631,7.90133151646249e-05
c44bfb67f6f1f233afed,43d62f5dadd5ef81371bbd8a713ecce359d75772d1c445479691bcf877f295c2,standard,6QP,1,1,0.18519391369207663,0.3668703111341881,0.2963310783559378,0.12112891126770431,0.026878993550983922,0.003376187163196355,0.0002206048359114059
2b7ccc3020db3d60ecba,43d62f5dadd5ef81371bbd8a713ecce359d75772d1c445479691bcf877f295c2,standard,2QP,0,1,0.6544490995929393,0.31939005931542547,0.026160841091638947,0.0,0.0,0.0,0.0
2b7ccc3020db3d60ecba,43d62f5dadd5ef81371bbd8a713ecce359d75772d1c445479691bcf877f295c2,standard,2QP,1,1,0.8600902688787255,0.13291385822672797,0.006995872894544086,0.0,0.0,0.0,0.0
2b7ccc3020db3d60ecba,43d62f5dadd5ef81371bbd8a713ecce359d75772d1c445479691bcf877f295c2,standard,4QP,0,1,0.6353162326415455,0.3288676897717718,0.034444073891484156,0.0013480285400211246,2.3975155182481584e-05,0.0,0.0
2b7ccc3020db3d60ecba,43d62f5dadd5ef81371bbd8a713ecce359d75772d1c445479691bcf877f295c2,standard,4QP,1,1,0.8548529311705453,0.13579900544381152,0.009013389474581841,0.0003285285738617443,6.145337197213705e-06,0.0,0.0
2b7ccc3020db3d60ecba,43d62f5dadd5ef81371bbd8a713ecce359d75772d1c445479691bcf877f295c2,standard,6QP,0,1,0.6353002791504053,0.3288719192560296,0.03445043097879217,0.0013516500599793995,2.5432072172473242e-05,2.8662675870961303e-07,1.855871293547177e-09
2b7ccc3020db3d60ecba,43d62f5dadd5ef81371bbd8a713ecce359d75772d1c445479691bcf877f295c2,standard,6QP,1,1,0.8548482567836158,0.13580063468413794,0.00901514148528024,0.0003293643800315533,6.5325227363029295e-06,6.970395412076143e-08,4.402477024467688e-10
ef01c174fa3017e69962,43d62f5dadd5ef81371bbd8a713ecce359d75772d1c445479691bcf877f295c2,standard,2QP,0,1,0.8569945565158118,0.1398762607067543,0.003129182777435648,0.0,0.0,0.0,0.0
ef01c174fa3017e69962,43d62f5dadd5ef81371bbd8a713ecce359d75772d1c445479691bcf877f295c2,standard,2QP,1,1,0.9714549943093825,0.028238458425815967,0.00030654726480485063,0.0,0.0,0.0,0.0
ef01c174fa3017e69962,43d62f5dadd5ef81371bbd8a713ecce359d75772d1c445479691bcf877f295c2,standard,4QP,0,1,0.8561365821220679,0.14049667779521183,0.0033398267238288924,2.6813935205319343e-05,9.942368176518206e-08,0.0,0.0
ef01c174fa3017e69962,43d62f5dadd5ef81371bbd8a713ecce359d75772d1c445479691bcf877f295c2,standard,4QP,1,1,0.971410777722527,0.028266835608405788,0.0003203695701606718,2.0102060315824904e-06,6.892875881715816e-09,0.0,0.0
ef01c174fa3017e69962,43d62f5dadd5ef81371bbd8a713ecce359d75772d1c445479691bcf877f295c2,standard,6QP,0,1,0.8561365581216961,0.14049669182074742,0.0033398323785368443,2.68168508782792e-05,1.0060270336537471e-07,2.2518228617974703e-10,2.9023954157529837e-13
ef01c174fa3017e69962,43d62f5dadd5ef81371bbd8a713ecce359d75772d1c445479691bcf877f295c2,standard,6QP,1,1,0.9714107767209623,0.028266836073848556,0.0003203698737271192,2.010352193791064e-06,6.966260056221883e-09,1.2996145625136196e-11,1.4447406473889775e-14
63f34b76ce4f99ca0284,43d62f5dadd5ef81371bbd8a713ecce359d75772d1c445479691bcf877f295c2,standard,2QP,0,1,0.5818426625993119,0.3647801249202531,0.05337721248043401,0.0,0.0,0.0,0.0
63f34b76ce4f99ca0284,43d62f5dadd5ef81371bbd8a713ecce359d75772d1c445479691bcf877f295c2,standard,2QP,1,1,0.6603323910059166,0.3045168773939452,0.035150731600139346,0.0,0.0,0.0,0.0
63f34b76ce4f99ca0284,43d62f5dadd5ef81371bbd8a713ecce359d75772d1c445479691bcf877f295c2,standard,4QP,0,1,0.5189573182759512,0.38227945962745946,0.09023719246159398,0.008182211419471102,0.0003438182155233206,0.0,0.0
63f34b76ce4f99ca0284,43d62f5dadd5ef81371bbd8a713ecce359d75772d1c445479691bcf877f295c2,standard,4QP,1,1,0.5900964794106321,0.3297289157369782,0.07116115595269806,0.00857413143179929,0.00043931746789512737,0.0,0.0
63f34b76ce4f99ca0284,43d62f5dadd5ef81371bbd8a713ecce359d75772d1c445479691bcf877f295c2,standard,6QP,0,1,0.5185771097168282,0.38226469410755864,0.09043350670700467,0.008313575679659258,0.0003996662206124727,1.1263154140200661e-05,1.8441418903784188e-07
63f34b76ce4f99ca0284,43d62f5dadd5ef81371bbd8a713ecce359d75772d1c445479691bcf877f295c2,standard,6QP,1,1,0.5891378977015237,0.3298285742082749,0.07163862052096247,0.008839059024484282,0.0005374078822271989,1.8095515210918506e-05,3.4514731156755737e-07
0af6205699e014fbb600,da0f830a8e7cf8900d6a4ead858f6b77b8f28f75bdb5dbeaf82ef07eeb78c498,standard,2QP,0,1,0.0055662391589751765,0.9841452607517056,0.010288500089318668,0.0,0.0,0.0,0.0
0af6205699e014fbb600,da0f830a8e7cf8900d6a4ead858f6b77b8f28f75bdb5dbeaf82ef07eeb78c498,standard,2QP,1,1,0.9903137919735701,0.009546901412385268,0.00013930661404664574,0.0,0.0,0.0,0.0
0af6205699e014fbb600,da0f830a8e7cf8900d6a4ead858f6b77b8f28f75bdb5dbeaf82ef07eeb78c498,standard,4QP,0,1,0.005561469677614063,0.9835379094722925,0.01072353846256124,0.00017627243254999956,8.099549812650325e-07,0.0,0.0
0af6205699e014fbb600,da0f830a8e7cf8900d6a4ead858f6b77b8f28f75bdb5dbeaf82ef07eeb78c498,standard,4QP,1,1,0.9903008788478371,0.009551802595905063,0.00014657188707580036,7.432071942533373e-07,3.461987077792436e-09,0.0,0.0
0af6205699e014fbb600,da0f830a8e7cf8900d6a4ead858f6b77b8f28f75bdb5dbeaf82ef07eeb78c498,standard,6QP,0,1,0.005561468851510518,0.9835378157553709,0.010723566671580245,0.00017632355474471358,8.217292863218967e-07,3.4312912420417227e-09,6.2132633576527895e-12
0af6205699e014fbb600,da0f830a8e7cf8900d6a4ead858f6b77b8f28f75bdb5dbeaf82ef07eeb78c498,standard,6QP,1,1,0.990300878456529,0.00955180268689145,0.00014657208368709722,7.432591888349936e-07,3.5068159649541736e-09,6.87531257658789e-12,1.0297846089992344e-14
5e2fa5b22ce1dbed4888,43d62f5dadd5ef81371bbd8a713ecce359d75772d1c445479691bcf877f295c2,standard,2QP,0,1,0.3960914597634554,0.4859466464269076,0.11796189380963575,0.0,0.0,0.0,0.0
5e2fa5b22ce1dbed4888,43d62f5dadd5ef81371bbd8a713ecce359d75772d1c445479691bcf877f295c2,standard,2QP,1,1,0.48873685850883897,0.4071413260435923,0.10412181544756899,0.0,0.0,0.0,0.0
5e2fa5b22ce1dbed4888,43d62f5dadd5ef81371bbd8a713ecce359d75772d1c445479691bcf877f295c2,standard,4QP,0,1,0.2152577482783938,0.4334362232364157,0.2592844238440887,0.0820758628916383,0.00994574174946208,0.0,0.0
5e2fa5b22ce1dbed4888,43d62f5dadd5ef81371bbd8a713ecce359d75772d1c445479691bcf877f295c2,standard,4QP,1,1,0.21952385015480347,0.36240429856852785,0.30182313989678605,0.10146053378594165,0.014788177593944091,0.0,0.0
5e2fa5b22ce1dbed4888,43d62f5dadd5ef81371bbd8a713ecce359d75772d1c445479691bcf877f295c2,standard,6QP,0,1,0.19858491930365482,0.415220559285169,0.2656971532748257,0.09902360975835471,0.01900521027411092,0.0023240223985016386,0.0001445257053830675
5e2fa5b22ce1dbed4888,43d62f5dadd5ef81371bbd8a713ecce359d75772d1c445479691bcf877f295c2,standard,6QP,1,1,0.1757138237774227,0.32630384864825607,0.32007481919833464,0.13674897542970882,0.035846338244836795,0.004941279902160521,0.0003709147992767365
ae9eb9f8d2e30c1a7b5c,43d62f5dadd5ef81371bbd8a713ecce359d75772d1c445479691bcf877f295c2,standard,2QP,0,1,0.3474669985962048,0.541539330923164,0.11099367048063087,0.0,0.0,0.0,0.0
ae9eb9f8d2e30c1a7b5c,43d62f5dadd5ef81371bbd8a713ecce359d75772d1c445479691bcf877f295c2,standard,2QP,1,1,0.6042919563025277,0.323049901049752,0.07265814264771739,0.0,0.0,0.0,0.0
ae9eb9f8d2e30c1a7b5c,43d62f5dadd5ef81371bbd8a713ecce359d75772d1c445479691bcf877f295c2,standard,4QP,0,1,0.22729804648270205,0.5051205059556888,0.2098047320090344,0.05303285718975946,0.004743858362814935,0.0,0.0
ae9eb9f8d2e30c1a7b5c,43d62f5dadd5ef81371bbd8a713ecce359d75772d1c445479691bcf877f295c2,standard,4QP,1,1,0.35025758895333026,0.3267226313051798,0.2505940952524831,0.06428759860218684,0.008138085886822757,0.0,0.0
ae9eb9f8d2e30c1a7b5c,43d62f5dadd5ef81371bbd8a713ecce359d75772d1c445479691bcf877f295c2,standard,6QP,0,1,0.2219286862216198,0.4993020058978247,0.21245249686053963,0.058540849508891886,0.0071468613379554605,0.0006037198856930206,2.5380287483430874e-05
ae9eb9f8d2e30c1a7b5c,43d62f5dadd5ef81371bbd8a713ecce359d75772d1c445479691bcf877f295c2,standard,6QP,1,1,0.3057081345004456,0.31198985238569005,0.2784382256920874,0.08464791021014079,0.017436730818390908,0.0016809375670561399,9.820882619193414e-05
e12f68c17af306a59b82,43d62f5dadd5ef81371bbd8a713ecce359d75772d1c445479691bcf877f295c2,standard,2QP,0,1,0.7326148497091016,0.2468474574224031,0.02053769286849426,0.0,0.0,0.0,0.0
e12f68c17af306a59b82,43d62f5dadd5ef81371bbd8a713ecce359d75772d1c445479691bcf877f295c2,standard,2QP,1,1,0.8183633438572743,0.17241816262316617,0.00921849351956291,0.0,0.0,0.0,0.0
e12f68c17af306a59b82,43d62f5dadd5ef81371bbd8a713ecce359d75772d1c445479691bcf877f295c2,standard,4QP,0,1,0.7175285368874786,0.25439406021072736,0.027085248799695476,0.0009751762809606838,1.697782113640608e-05,0.0,0.0
e12f68c17af306a59b82,43d62f5dadd5ef81371bbd8a713ecce359d75772d1c445479691bcf877f295c2,standard,4QP,1,1,0.8105082302119293,0.1769074549846695,0.012082595118921183,0.0004921844763313276,9.535208148791967e-06,0.0,0.0
e12f68c17af306a59b82,43d62f5dadd5ef81371bbd8a713ecce359d75772d1c445479691bcf877f295c2,standard,6QP,0,1,0.7175170016238737,0.25439745122180857,0.027089867006720048,0.0009775114817653897,1.797532671363027e-05,1.9212641064850819e-07,1.21270645405555e-09
e12f68c17af306a59b82,43d62f5dadd5ef81371bbd8a713ecce359d75772d1c445479691bcf877f295c2,standard,6QP,1,1,0.8105001838566944,0.176910379810974,0.012085488009385621,0.0004936614509746718,1.0169671307508983e-05,1.164340181289352e-07,7.666474939778868e-10
f6b7e85f9fc6bb7f0ffe,da0f830a8e7cf8900d6a4ead858f6b77b8f28f75bdb5dbeaf82ef07eeb78c498,standard,2QP,0,1,0.8732524721435491,0.12201402029173575,0.004733507564714611,0.0,0.0,0.0,0.0
f6b7e85f9fc6bb7f0ffe,da0f830a8e7cf8900d6a4ead858f6b77b8f28f75bdb5dbeaf82ef07eeb78c498,standard,2QP,1,1,0.9172792499293985,0.08098571373588834,0.0017350363347080455,0.0,0.0,0.0,0.0
f6b7e85f9fc6bb7f0ffe,da0f830a8e7cf8900d6a4ead858f6b77b8f28f75bdb5dbeaf82ef07eeb78c498,standard,4QP,0,1,0.871570142559832,0.12305583546422193,0.005302849262430483,7.07037024021642e-05,4.690111149811713e-07,0.0,0.0
f6b7e85f9fc6bb7f0ffe,da0f830a8e7cf8900d6a4ead858f6b77b8f28f75bdb5dbeaf82ef07eeb78c498,standard,4QP,1,1,0.9166672543209086,0.08139598166773396,0.001909192034488933,2.7377320207239226e-05,1.9465666109128538e-07,0.0,0.0
f6b7e85f9fc6bb7f0ffe,da0f830a8e7cf8900d6a4ead858f6b77b8f28f75bdb5dbeaf82ef07eeb78c498,standard,6QP,0,1,0.8715699886740972,0.12305590654884041,0.005302897847414958,7.072616707847036e-05,4.78887137378927e-07,1.871070343846504e-09,4.3600004422978736e-12
f6b7e85f9fc6bb7f0ffe,da0f830a8e7cf8900d6a4ead858f6b77b8f28f75bdb5dbeaf82ef07eeb78c498,standard,6QP,1,1,0.9166671878287636,0.08139601421084319,0.0019092109423616182,2.7387123359855863e-05,1.9908138820750307e-07,8.113782911024227e-10,1.9023780617583125e-12
7479b1c1ed045bcbe655,43d62f5dadd5ef81371bbd8a713ecce359d75772d1c445479691bcf877f295c2,standard,2QP,0,1,0.18374581087339276,0.7785339811027101,0.03772020802389486,0.0,0.0,0.0,0.0
7479b1c1ed045bcbe655,43d62f5dadd5ef81371bbd8a713ecce359d75772d1c445479691bcf877f295c2,standard,2QP,1,1,0.9483539558297642,0.04948624875543176,0.002159795414806162,0.0,0.0,0.0,0.0
7479b1c1ed045bcbe655,43d62f5dadd5ef81371bbd8a713ecce359d75772d1c445479691bcf877f295c2,standard,4QP,0,1,0.17557450746424377,0.7769230487978416,0.04534542434254061,0.0021227338041095623,3.4285591262271864e-05,0.0,0.0
7479b1c1ed045bcbe655,43d62f5dadd5ef81371bbd8a713ecce359d75772d1c445479691bcf877f295c2,standard,4QP,1,1,0.9474469658462105,0.049915131769516126,0.002583460618410563,5.36819784743255e-05,7.597873893596578e-07,0.0,0.0
7479b1c1ed045bcbe655,43d62f5dadd5ef81371bbd8a713ecce359d75772d1c445479691bcf877f295c2,standard,6QP,0,1,0.17556697807990984,0.7769161972094675,0.04535106800714461,0.0021290305866519697,3.6295464628579274e-05,4.2815337405126634e-07,2.4988326051432355e-09
7479b1c1ed045bcbe655,43d62f5dadd5ef81371bbd8a713ecce359d75772d1c445479691bcf877f295c2,standard,6QP,1,1,0.947446613319489,0.04991523724632597,0.0025836107300104554,5.3738376405878207e-05,7.947506196766867e-07,5.551895290365626e-09,2.5257180318816736e-11
d4f7d0597c648da36902,43d62f5dadd5ef81371bbd8a713ecce359d75772d1c445479691bcf877f295c2,standard,2QP,0,1,0.4049813436926261,0.499975618511669,0.09504303779570247,0.0,0.0,0.0,0.0
d4f7d0597c648da36902,43d62f5dadd5ef81371bbd8a713ecce359d75772d1c445479691bcf877f295c2,standard,2QP,1,1,0.6201404805705353,0.3199061847348285,0.05995333469463495,0.0,0.0,0.0,0.0
d4f7d0597c648da36902,43d62f5dadd5ef81371bbd8a713ecce359d75772d1c445479691bcf877f295c2,standard,4QP,0,1,0.2937504493078955,0.49056910689907535,0.17886258300338795,0.034266040062938735,0.0025518207267000957,0.0,0.0
d4f7d0597c648da36902,43d62f5dadd5ef81371bbd8a713ecce359d75772d1c445479691bcf877f295c2,standard,4QP,1,1,0.4287488702334023,0.34214105542089074,0.18511021052589122,0.04001531624546676,0.003984547574350897,0.0,0.0
d4f7d0597c648da36902,43d62f5dadd5ef81371bbd8a713ecce359d75772d1c445479691bcf877f295c2,standard,6QP,0,1,0.2907829194735163,0.4885357128184933,0.18048338474765394,0.03648254290915884,0.003492139691397102,0.00021621103746646304,7.089322309266638e-06
d4f7d0597c648da36902,43d62f5dadd5ef81371bbd8a713ecce359d75772d1c445479691bcf877f295c2,standard,6QP,1,1,0.41142209037226685,0.33886421623132496,0.19573770941081736,0.046781271251142974,0.006692385966038128,0.00048190258792962646,2.0424180484974123e-05
b588c651b193717f59d0,43d62f5dadd5ef81371bbd8a713ecce359d75772d1c445479691bcf877f295c2,standard,2QP,0,1,0.8119662195067181,0.17705948085383444,0.010974299639445108,0.0,0.0,0.0,0.0
b588c651b193717f59d0,43d62f5dadd5ef81371bbd8a713ecce359d75772d1c445479691bcf877f295c2,standard,2QP,1,1,0.8485862615044477,0.14398763857983196,0.007426099915719932,0.0,0.0,0.0,0.0
b588c651b193717f59d0,43d62f5dadd5ef81371bbd8a713ecce359d75772d1c445479691bcf877f295c2,standard,4QP,0,1,0.8044179112558464,0.1813098541867118,0.013833689411563535,0.0004319526749564902,6.592470922427258e-06,0.0,0.0
b588c651b193717f59d0,43d62f5dadd5ef81371bbd8a713ecce359d75772d1c445479691bcf877f295c2,standard,4QP,1,1,0.8427369548564639,0.14747016709102548,0.00945986116310152,0.0003274918011292475,5.525088282797147e-06,0.0,0.0
b588c651b193717f59d0,43d62f5dadd5ef81371bbd8a713ecce359d75772d1c445479691bcf877f295c2,standard,6QP,0,1,0.8044136227036575,0.18131143263478236,0.01383520255546503,0.00043273737242312287,6.941339627792491e-06,6.306046758684347e-08,3.3357806233539695e-10
b588c651b193717f59d0,43d62f5dadd5ef81371bbd8a713ecce359d75772d1c445479691bcf877f295c2,standard,6QP,1,1,0.8427328220580481,0.1474718312073226,0.009461234370895527,0.00032820786212596324,5.847813849087959e-06,5.6378512097473264e-08,3.092515473800964e-10
d179d3d1d23aa3bfba53,43d62f5dadd5ef81371bbd8a713ecce359d75772d1c445479691bcf877f295c2,standard,2QP,0,1,0.48682356835913193,0.4263249166702091,0.08685151497066158,0.0,0.0,0.0,0.0
d179d3d1d23aa3bfba53,43d62f5dadd5ef81371bbd8a713ecce359d75772d1c445479691bcf877f295c2,standard,2QP,1,1,0.5357103399719265,0.3927717526194584,0.07151790740861659,0.0,0.0,0.0,0.0
d179d3d1d23aa3bfba53,43d62f5dadd5ef81371bbd8a713ecce359d75772d1c445479691bcf877f295c2,standard,4QP,0,1,0.3619535696090497,0.43001642739785817,0.17524809598464092,0.03044605767259985,0.002335849335847892,0.0,0.0
d179d3d1d23aa3bfba53,43d62f5dadd5ef81371bbd8a713ecce359d75772d1c445479691bcf877f295c2,standard,4QP,1,1,0.31127087398904857,0.4052765183884102,0.22025109093934808,0.057476205150981646,0.005725311532208858,0.0,0.0
d179d3d1d23aa3bfba53,43d62f5dadd5ef81371bbd8a713ecce359d75772d1c445479691bcf877f295c2,standard,6QP,0,1,0.3586677448848848,0.42856000831054786,0.1770586134134724,0.03232237676406126,0.0031975380666490324,0.0001874939993324563,6.224561056963084e-06
d179d3d1d23aa3bfba53,43d62f5dadd5ef81371bbd8a713ecce359d75772d1c445479691bcf877f295c2,standard,6QP,1,1,0.28607154491647413,0.39780458606749297,0.23548807712744743,0.06968484401354791,0.01010385982370644,0.0008117886015473351,3.529944977652237e-05
d2679aa0e3b5858d5538,43d62f5dadd5ef81371bbd8a713ecce359d75772d1c445479691bcf877f295c2,standard,2QP,0,1,0.0002996837535209439,0.9977318663290258,0.001968449917453678,0.0,0.0,0.0,0.0
d2679aa0e3b5858d5538,43d62f5dadd5ef81371bbd8a713ecce359d75772d1c445479691bcf877f295c2,standard,2QP,1,1,0.9980839627737202,0.0019102659341875955,5.771292094847369e-06,0.0,0.0,0.0,0.0
d2679aa0e3b5858d5538,43d62f5dadd5ef81371bbd8a713ecce359d75772d1c445479691bcf877f295c2,standard,4QP,0,1,0.0002997115631709425,0.9977094742467022,0.001984556219791512,6.25181695347699e-06,6.153388029509684e-09,0.0,0.0
d2679aa0e3b5858d5538,43d62f5dadd5ef81371bbd8a713ecce359d75772d1c445479691bcf877f295c2,standard,4QP,1,1,0.998083856149382,0.001910306806077105,5.831143887627051e-06,5.895102836346754e-09,5.547537960553959e-12,0.0,0.0
d2679aa0e3b5858d5538,43d62f5dadd5ef81371bbd8a713ecce359d75772d1c445479691bcf877f295c2,standard,6QP,0,1,0.0002997115631582682,0.9977094740981196,0.001984556264431909,6.251896356628992e-06,6.172341798291627e-09,5.635596999037081e-12,2.1691915951761717e-15
d2679aa0e3b5858d5538,43d62f5dadd5ef81371bbd8a713ecce359d75772d1c445479691bcf877f295c2,standard,6QP,1,1,0.9980838561492671,0.0019103068061072583,5.831143950106305e-06,5.89511919712913e-09,5.561991776956244e-12,2.1794594565933016e-15,6.545063700152686e-19
4483308ac84a2a9fa686,43d62f5dadd5ef81371bbd8a713ecce359d75772d1c445479691bcf877f295c2,standard,2QP,0,1,0.6295438348055102,0.3670926781307695,0.0033634870637190483,0.0,0.0,0.0,0.0
4483308ac84a2a9fa686,43d62f5dadd5ef81371bbd8a713ecce359d75772d1c445479691bcf877f295c2,standard,2QP,1,1,0.9916583912639102,0.008294214439814828,4.7394296277124607e-05,0.0,0.0,0.0,0.0
4483308ac84a2a9fa686,43d62f5dadd5ef81371bbd8a713ecce359d75772d1c445479691bcf877f295c2,standard,4QP,0,1,0.6285866385347727,0.3679148391714224,0.0034796018958248723,1.887921014780365e-05,4.1187835721346647e-08,0.0,0.0
4483308ac84a2a9fa686,43d62f5dadd5ef81371bbd8a713ecce359d75772d1c445479691bcf877f295c2,standard,4QP,1,1,0.9916557043646126,0.008295761013402654,4.840543305203826e-05,1.2897540324061324e-07,2.1352627278845983e-10,0.0,0.0
4483308ac84a2a9fa686,43d62f5dadd5ef81371bbd8a713ecce359d75772d1c445479691bcf877f295c2,standard,6QP,0,1,0.6285866292122009,0.36791484614131875,0.003479603079815926,1.8880024339626972e-05,4.1485534599279525e-08,5.680036235267575e-11,4.0746121884478244e-14
4483308ac84a2a9fa686,43d62f5dadd5ef81371bbd8a713ecce359d75772d1c445479691bcf877f295c2,standard,6QP,1,1,0.9916557043517867,0.008295761018653347,4.840543744024134e-05,1.28977311362068e-07,2.146271554880837e-10,1.7816225937260776e-13,9.151654596774918e-17
c63a4f2ba8982961e581,2854eeaecd1a9c2eb43945571c0fa36dfddf9b296eb68eec79d912dbce5e697b,standard,2QP,0,1,0.8935961868193,0.10321833206136496,0.0031854811193347903,0.0,0.0,0.0,0.0
c63a4f2ba8982961e581,2854eeaecd1a9c2eb43945571c0fa36dfddf9b296eb68eec79d912dbce5e697b,standard,2QP,1,1,0.9387378281656334,0.060287818485538006,0.0009743533488284119,0.0,0.0,0.0,0.0
c63a4f2ba8982961e581,2854eeaecd1a9c2eb43945571c0fa36dfddf9b296eb68eec79d912dbce5e697b,standard,4QP,0,1,0.8926410308356848,0.10383844026250111,0.003483963042835868,3.637625554635597e-05,1.896034329911219e-07,0.0,0.0
c63a4f2ba8982961e581,2854eeaecd1a9c2eb43945571c0fa36dfddf9b296eb68eec79d912dbce5e697b,standard,4QP,1,1,0.9384879210195755,0.06045976465112371,0.0010417289669526154,1.0531589491687256e-05,5.377285790379308e-08,0.0,0.0
c63a4f2ba8982961e581,2854eeaecd1a9c2eb43945571c0fa36dfddf9b296eb68eec79d912dbce5e697b,standard,6QP,0,1,0.8926409775899508,0.10383846712673492,0.003483978524245746,3.638336428576137e-05,1.9280180413705211e-07,5.919016389185785e-10,1.0764090414310685e-12
c63a4f2ba8982961e581,2854eeaecd1a9c2eb43945571c0fa36dfddf9b296eb68eec79d912dbce5e697b,standard,6QP,1,1,0.9384879075897374,0.06045977170903805,0.001041732478996153,1.05334206109223e-05,5.464292236825915e-08,1.584317558924063e-10,2.603336559965101e-13
f505bd84c2b222dcbbed,2854eeaecd1a9c2eb43945571c0fa36dfddf9b296eb68eec79d912dbce5e697b,standard,2QP,0,1,0.6512641794253393,0.3117104227852391,0.037025397789421405,0.0,0.0,0.0,0.0
f505bd84c2b222dcbbed,2854eeaecd1a9c2eb43945571c0fa36dfddf9b296eb68eec79d912dbce5e697b,standard,2QP,1,1,0.7032213289106882,0.2681218553373354,0.02865681575197846,0.0,0.0,0.0,0.0
f505bd84c2b222dcbbed,2854eeaecd1a9c2eb43945571c0fa36dfddf9b296eb68eec79d912dbce5e697b,standard,4QP,0,1,0.603995690976381,0.329920882379231,0.06098737419279373,0.004911865221126127,0.00018418723046673884,0.0,0.0
f505bd84c2b222dcbbed,2854eeaecd1a9c2eb43945571c0fa36dfddf9b296eb68eec79d912dbce5e697b,standard,4QP,1,1,0.6539159765897039,0.2894259754855004,0.05165808941255193,0.004796421671154185,0.00020353684108786183,0.0,0.0
f505bd84c2b222dcbbed,2854eeaecd1a9c2eb43945571c0fa36dfddf9b296eb68eec79d912dbce5e697b,standard,6QP,0,1,0.6037648915407382,0.3299472093773636,0.06109307310818346,0.004977292436107111,0.00021222807350270405,5.231198989252719e-06,7.426511289520229e-08
f505bd84c2b222dcbbed,2854eeaecd1a9c2eb43945571c0fa36dfddf9b296eb68eec79d912dbce5e697b,standard,6QP,1,1,0.6535646801831194,0.2894919844812893,0.05181316162375373,0.004883692258850329,0.0002399174855270761,6.464956187512085e-06,9.90112705064359e-08
19bfac11a0d3259a7e21,43d62f5dadd5ef81371bbd8a713ecce359d75772d1c445479691bcf877f295c2,standard,2QP,0,1,0.6364794709015714,0.332297978008411,0.031222551090011274,0.0,0.0,0.0,0.0
19bfac11a0d3259a7e21,43d62f5dadd5ef81371bbd8a713ecce359d75772d1c445479691bcf877f295c2,standard,2QP,1,1,0.815356647209128,0.17071630537105556,0.013927047419821441,0.0,0.0,0.0,0.0
19bfac11a0d3259a7e21,43d62f5dadd5ef81371bbd8a713ecce359d75772d1c445479691bcf877f295c2,standard,4QP,0,1,0.6044354727001949,0.3469177518772614,0.04572593248022537,0.002843037712847002,7.780522947064212e-05,0.0,0.0
19bfac11a0d3259a7e21,43d62f5dadd5ef81371bbd8a713ecce359d75772d1c445479691bcf877f295c2,standard,4QP,1,1,0.7990096475305973,0.1787909510370606,0.020967894676696682,0.0011963827931268144,3.5123962521309105e-05,0.0,0.0
19bfac11a0d3259a7e21,43d62f5dadd5ef81371bbd8a713ecce359d75772d1c445479691bcf877f295c2,standard,6QP,0,1,0.6043614959632845,0.3469315418210776,0.04575668319652957,0.002862903498772729,8.583424613033747e-05,1.5261057710539958e-06,1.5168446139092915e-08
19bfac11a0d3259a7e21,43d62f5dadd5ef81371bbd8a713ecce359d75772d1c445479691bcf877f295c2,standard,6QP,1,1,0.7989688356698231,0.17880251073921244,0.020984525166495363,0.001204538541963858,3.892584819800453e-05,6.575271356144047e-07,6.50716926751973e-09
72581f8e21073728af30,2854eeaecd1a9c2eb43945571c0fa36dfddf9b296eb68eec79d912dbce5e697b,standard,2QP,0,1,0.03558596150760434,0.9313928982222599,0.03302114027013487,0.0,0.0,0.0,0.0
72581f8e21073728af30,2854eeaecd1a9c2eb43945571c0fa36dfddf9b296eb68eec79d912dbce5e697b,standard,2QP,1,1,0.9633798783770713,0.034995711537880954,0.001624410085049499,0.0,0.0,0.0,0.0
72581f8e21073728af30,2854eeaecd1a9c2eb43945571c0fa36dfddf9b296eb68eec79d912dbce5e697b,standard,4QP,0,1,0.03487478521656643,0.9247445198845943,0.03822080683829697,0.0021267256994385083,3.316236110519523e-05,0.0,0.0
72581f8e21073728af30,2854eeaecd1a9c2eb43945571c0fa36dfddf9b296eb68eec79d912dbce5e697b,standard,4QP,1,1,0.962796118655516,0.035226427468669254,0.0019414182593346966,3.550588854235678e-05,5.297279382916478e-07,0.0,0.0
72581f8e21073728af30,2854eeaecd1a9c2eb43945571c0fa36dfddf9b296eb68eec79d912dbce5e697b,standard,6QP,0,1,0.0348738552690544,0.9247319043632466,0.038224939044645065,0.0021338062590529863,3.502495960170218e-05,4.673396122659677e-07,2.7647868525667445e-09
72581f8e21073728af30,2854eeaecd1a9c2eb43945571c0fa36dfddf9b296eb68eec79d912dbce5e697b,standard,6QP,1,1,0.9627958977794138,0.03522647955852615,0.0019415257333022864,3.5538703739456043e-05,5.545318764191562e-07,3.6757569900093097e-09,1.7383580992496023e-11
640910a746a18c69310a,43d62f5dadd5ef81371bbd8a713ecce359d75772d1c445479691bcf877f295c2,standard,2QP,0,1,0.7865431111216773,0.20051466273293636,0.012942226145385934,0.0,0.0,0.0,0.0
640910a746a18c69310a,43d62f5dadd5ef81371bbd8a713ecce359d75772d1c445479691bcf877f295c2,standard,2QP,1,1,0.863120718668271,0.13176473735452787,0.005114543977199813,0.0,0.0,0.0,0.0
640910a746a18c69310a,43d62f5dadd5ef81371bbd8a713ecce359d75772d1c445479691bcf877f295c2,standard,4QP,0,1,0.7789809217433107,0.2047124213840393,0.015898334765721,0.0004033267288914234,4.995378036289713e-06,0.0,0.0
640910a746a18c69310a,43d62f5dadd5ef81371bbd8a713ecce359d75772d1c445479691bcf877f295c2,standard,4QP,1,1,0.8599600171470284,0.13370890423148038,0.00615841972177375,0.00017036403775375742,2.294861958373807e-06,0.0,0.0
640910a746a18c69310a,43d62f5dadd5ef81371bbd8a713ecce359d75772d1c445479691bcf877f295c2,standard,6QP,0,1,0.7789782257159586,0.20471342345934437,0.01589931308539296,0.00040379966821258107,5.1990597142726964e-06,3.8839492835677676e-08,1.7189489408966078e-10
640910a746a18c69310a,43d62f5dadd5ef81371bbd8a713ecce359d75772d1c445479691bcf877f295c2,standard,6QP,1,1,0.859958628256884,0.13370948552005285,0.006158873859618847,0.0001705960348071782,2.397489603122876e-06,1.8754548117414403e-08,8.449080301235959e-11
99f2d31baf9bffda3735,43d62f5dadd5ef81371bbd8a713ecce359d75772d1c445479691bcf877f295c2,standard,2QP,0,1,0.48430761917622867,0.4292016364227263,0.08649074440104669,0.0,0.0,0.0,0.0
99f2d31baf9bffda3735,43d62f5dadd5ef81371bbd8a713ecce359d75772d1c445479691bcf877f295c2,standard,2QP,1,1,0.528315629959142,0.394261767563887,0.07742260247697168,0.0,0.0,0.0,0.0
99f2d31baf9bffda3735,43d62f5dadd5ef81371bbd8a713ecce359d75772d1c445479691bcf877f295c2,standard,4QP,0,1,0.3353814308235002,0.4303170373886606,0.19093313436091064,0.03984366916819391,0.0035247282587336725,0.0,0.0
99f2d31baf9bffda3735,43d62f5dadd5ef81371bbd8a713ecce359d75772d1c445479691bcf877f295c2,standard,4QP,1,1,0.31827497055844184,0.4025945155939667,0.21825005561292174,0.055154658811779236,0.005725799422890214,0.0,0.0
99f2d31baf9bffda3735,43d62f5dadd5ef81371bbd8a713ecce359d75772d1c445479691bcf877f295c2,standard,6QP,0,1,0.32926210102105835,0.42714131085403323,0.1941787619130008,0.04370181041978368,0.005316311574788618,0.0003844382225821503,1.5265994755908227e-05
99f2d31baf9bffda3735,43d62f5dadd5ef81371bbd8a713ecce359d75772d1c445479691bcf877f295c2,standard,6QP,1,1,0.3023184828221527,0.39551869621726926,0.22692997726074451,0.06443400977387655,0.009916157594648247,0.0008438626982146584,3.88136330963224e-05
a0a6b9d5407681cd5fe1,43d62f5dadd5ef81371bbd8a713ecce359d75772d1c445479691bcf877f295c2,standard,2QP,0,1,0.0008554372738152882,0.9942645339539031,0.004880028772279613,0.0,0.0,0.0,0.0
a0a6b9d5407681cd5fe1,43d62f5dadd5ef81371bbd8a713ecce359d75772d1c445479691bcf877f295c2,standard,2QP,1,1,0.9951890566517949,0.004775350278165262,3.5593070039281615e-05,0.0,0.0,0.0,0.0
a0a6b9d5407681cd5fe1,43d62f5dadd5ef81371bbd8a713ecce359d75772d1c445479691bcf877f295c2,standard,4QP,0,1,0.0008559008245537786,0.994124849000132,0.004979824362942579,3.932972918230958e-05,9.608318580539192e-08,0.0,0.0
a0a6b9d5407681cd5fe1,43d62f5dadd5ef81371bbd8a713ecce359d75772d1c445479691bcf877f295c2,standard,4QP,1,1,0.9951874060475167,0.004775980872372318,3.6520449299352276e-05,9.241422007544249e-08,2.1658725054313103e-10,0.0,0.0
a0a6b9d5407681cd5fe1,43d62f5dadd5ef81371bbd8a713ecce359d75772d1c445479691bcf877f295c2,standard,6QP,0,1,0.0008559008221033659,0.9941248431935825,0.00497982609341493,3.93328439969638e-05,9.682676005638198e-08,2.1995034486231058e-10,2.107792657979051e-13
a0a6b9d5407681cd5fe1,43d62f5dadd5ef81371bbd8a713ecce359d75772d1c445479691bcf877f295c2,standard,6QP,1,1,0.9951874060352299,0.004775980875290051,3.652045544349288e-05,9.24158345664024e-08,2.1800037817640456e-10,2.1364010182777852e-13,1.6026982162130512e-16
aad1880672057de8b905,43d62f5dadd5ef81371bbd8a713ecce359d75772d1c445479691bcf877f295c2,standard,2QP,0,1,0.10557017281182408,0.8706032375278507,0.023826589660322684,0.0,0.0,0.0,0.0
aad1880672057de8b905,43d62f5dadd5ef81371bbd8a713ecce359d75772d1c445479691bcf877f295c2,standard,2QP,1,1,0.9745167635246518,0.02501958800560842,0.0004636484697364866,0.0,0.0,0.0,0.0
aad1880672057de8b905,43d62f5dadd5ef81371bbd8a713ecce359d75772d1c445479691bcf877f295c2,standard,4QP,0,1,0.10423033279748074,0.8691420741729168,0.02611552430753253,0.0005082776263140595,3.791095758202357e-06,0.0,0.0
aad1880672057de8b905,43d62f5dadd5ef81371bbd8a713ecce359d75772d1c445479691bcf877f295c2,standard,4QP,1,1,0.9744357525569424,0.02506159805589079,0.000498163852132826,4.4592614482205154e-06,2.6273584216549655e-08,0.0,0.0
aad1880672057de8b905,43d62f5dadd5ef81371bbd8a713ecce359d75772d1c445479691bcf877f295c2,standard,6QP,0,1,0.10423008155920924,0.8691416268205719,0.026115823328761827,0.0005085636021551717,3.884534267909183e-06,2.0101956102367647e-08,5.3091235197974134e-11
aad1880672057de8b905,43d62f5dadd5ef81371bbd8a713ecce359d75772d1c445479691bcf877f295c2,standard,6QP,1,1,0.9744357475036646,0.025061599795501977,0.0004981658473278467,4.460032479692621e-06,2.6742168631820483e-08,7.871161233945164e-11,1.5035400277155204e-13
5007d7938292fdbeb8b1,43d62f5dadd5ef81371bbd8a713ecce359d75772d1c445479691bcf877f295c2,standard,2QP,0,1,0.2885267274532534,0.6191844715590478,0.09228880098769708,0.0,0.0,0.0,0.0
5007d7938292fdbeb8b1,43d62f5dadd5ef81371bbd8a713ecce359d75772d1c445479691bcf877f295c2,standard,2QP,1,1,0.7595094560304625,0.20720825929562697,0.033282284673911616,0.0,0.0,0.0,0.0
5007d7938292fdbeb8b1,43d62f5dadd5ef81371bbd8a713ecce359d75772d1c445479691bcf877f295c2,standard,4QP,0,1,0.22262381792155336,0.5990834364336249,0.15028828875059516,0.026458340858240805,0.0015461160359858878,0.0,0.0
5007d7938292fdbeb8b1,43d62f5dadd5ef81371bbd8a713ecce359d75772d1c445479691bcf877f295c2,standard,4QP,1,1,0.6803141610386845,0.22658152106498394,0.08190081764778788,0.010410180869062525,0.0007933193794787405,0.0,0.0
5007d7938292fdbeb8b1,43d62f5dadd5ef81371bbd8a713ecce359d75772d1c445479691bcf877f295c2,standard,6QP,0,1,0.22148466497226404,0.5978334533253952,0.15097469423893037,0.02763603211173313,0.001967311179358839,0.00010128185138236165,2.562320932953029e-06
5007d7938292fdbeb8b1,43d62f5dadd5ef81371bbd8a713ecce359d75772d1c445479691bcf877f295c2,standard,6QP,1,1,0.6779890005949522,0.2266185075005863,0.0832713534376798,0.010995948161657929,0.0010756983667048429,4.807624706663168e-05,1.4156913544408409e-06
d385f7b5197597a77ce2,43d62f5dadd5ef81371bbd8a713ecce359d75772d1c445479691bcf877f295c2,standard,2QP,0,1,0.32258619148980977,0.5546450389812299,0.12276876952896038,0.0,0.0,0.0,0.0
d385f7b5197597a77ce2,43d62f5dadd5ef81371bbd8a713ecce359d75772d1c445479691bcf877f295c2,standard,2QP,1,1,0.573219664160462,0.3386738081001497,0.08810652773938814,0.0,0.0,0.0,0.0
d385f7b5197597a77ce2,43d62f5dadd5ef81371bbd8a713ecce359d75772d1c445479691bcf877f295c2,standard,4QP,0,1,0.1928221712653116,0.4943667665135479,0.23349054154091306,0.07189089918283482,0.007429621497394432,0.0,0.0
d385f7b5197597a77ce2,43d62f5dadd5ef81371bbd8a713ecce359d75772d1c445479691bcf877f295c2,standard,4QP,1,1,0.27402236113906403,0.3154312116353692,0.3062039979047071,0.0906661475800182,0.01367628174083619,0.0,0.0
d385f7b5197597a77ce2,43d62f5dadd5ef81371bbd8a713ecce359d75772d1c445479691bcf877f295c2,standard,6QP,0,1,0.18426422160715644,0.4826246556909267,0.236967580932161,0.08242783985638734,0.012317921597924122,0.0013295934053790546,6.818691006689045e-05
d385f7b5197597a77ce2,43d62f5dadd5ef81371bbd8a713ecce359d75772d1c445479691bcf877f295c2,standard,6QP,1,1,0.19274161321447786,0.27531407035062144,0.35370385774832214,0.135508338712603,0.03771509385659313,0.004664197147328454,0.00035282897005392994
513e43b7f3a86f36501a,43d62f5dadd5ef81371bbd8a713ecce359d75772d1c445479691bcf877f295c2,standard,2QP,0,1,0.6803025656195624,0.2888172816196264,0.03088015276081283,0.0,0.0,0.0,0.0
513e43b7f3a86f36501a,43d62f5dadd5ef81371bbd8a713ecce359d75772d1c445479691bcf877f295c2,standard,2QP,1,1,0.7343357709198415,0.2426386834618636,0.023025545618292197,0.0,0.0,0.0,0.0
513e43b7f3a86f36501a,43d62f5dadd5ef81371bbd8a713ecce359d75772d1c445479691bcf877f295c2,standard,4QP,0,1,0.644693974722145,0.30400083862014804,0.04795175444626497,0.003250048023839297,0.00010338418760477282,0.0,0.0
513e43b7f3a86f36501a,43d62f5dadd5ef81371bbd8a713ecce359d75772d1c445479691bcf877f295c2,standard,4QP,1,1,0.6996875593478684,0.2589534117915472,0.03828590840178231,0.00296637108765741,0.0001067493711410031,0.0,0.0
513e43b7f3a86f36501a,43d62f5dadd5ef81371bbd8a713ecce359d75772d1c445479691bcf877f295c2,standard,6QP,0,1,0.6445810476931291,0.30401982808729583,0.04800133662789784,0.00327943904850844,0.00011597006441971872,2.351062227332689e-06,2.7416523793197876e-08
513e43b7f3a86f36501a,43d62f5dadd5ef81371bbd8a713ecce359d75772d1c445479691bcf877f295c2,standard,6QP,1,1,0.6995342359952371,0.2589893655439344,0.03835010394744824,0.0030017838509927793,0.00012179622119874714,2.681069406473141e-06,3.337178270214418e-08
35aa52690e3b757530db,43d62f5dadd5ef81371bbd8a713ecce359d75772d1c445479691bcf877f295c2,standard,2QP,0,1,0.2893572076119898,0.5964360567586924,0.11420673562931861,0.0,0.0,0.0,0.0
35aa52690e3b757530db,43d62f5dadd5ef81371bbd8a713ecce359d75772d1c445479691bcf877f295c2,standard,2QP,1,1,0.6425455972074116,0.28786904254444823,0.06958536024814028,0.0,0.0,0.0,0.0
35aa52690e3b757530db,43d62f5dadd5ef81371bbd8a713ecce359d75772d1c445479691bcf877f295c2,standard,4QP,0,1,0.17281805380367954,0.534524781346642,0.21691769374156897,0.06906892135993295,0.006670549748172849,0.0,0.0
35aa52690e3b757530db,43d62f5dadd5ef81371bbd8a713ecce359d75772d1c445479691bcf877f295c2,standard,4QP,1,1,0.40012635904354127,0.2964855667497802,0.2405784658137005,0.05540765020108526,0.007401958191896242,0.0,0.0
35aa52690e3b757530db,43d62f5dadd5ef81371bbd8a713ecce359d75772d1c445479691bcf877f295c2,standard,6QP,0,1,0.16517456654082216,0.5222999632108913,0.22015754041947996,0.07993418674364025,0.011178105665908215,0.0011977867810516838,5.785063820972545e-05
35aa52690e3b757530db,43d62f5dadd5ef81371bbd8a713ecce359d75772d1c445479691bcf877f295c2,standard,6QP,1,1,0.3692289074649194,0.2867857347290318,0.2585248883304906,0.06874524388279694,0.015180513851843127,0.0014454973486395712,8.921439227496806e-05
5b1004f975954ca2c755,43d62f5dadd5ef81371bbd8a713ecce359d75772d1c445479691bcf877f295c2,standard,2QP,0,1,0.4151515894569541,0.46348580572571996,0.12136260481732658,0.0,0.0,0.0,0.0
5b1004f975954ca2c755,43d62f5dadd5ef81371bbd8a713ecce359d75772d1c445479691bcf877f295c2,standard,2QP,1,1,0.4431995931983445,0.44141612509323785,0.11538428170841733,0.0,0.0,0.0,0.0
5b1004f975954ca2c755,43d62f5dadd5ef81371bbd8a713ecce359d75772d1c445479691bcf877f295c2,standard,4QP,0,1,0.2167907868374463,0.40759733149588206,0.27512408790756776,0.08880283842380687,0.01168495533529999,0.0,0.0
5b1004f975954ca2c755,43d62f5dadd5ef81371bbd8a713ecce359d75772d1c445479691bcf877f295c2,standard,4QP,1,1,0.18319804894266686,0.37280250215392086,0.3103896680974017,0.11614671485713926,0.01746306594887168,0.0,0.0
5b1004f975954ca2c755,43d62f5dadd5ef81371bbd8a713ecce359d75772d1c445479691bcf877f295c2,standard,6QP,0,1,0.1957287473332657,0.3854310720324037,0.28262270701244185,0.10927256178702974,0.023642629028098824,0.003089934916766342,0.00021234788999063538
5b1004f975954ca2c755,43d62f5dadd5ef81371bbd8a713ecce359d75772d1c445479691bcf877f295c2,standard,6QP,1,1,0.13721192806285923,0.324095027217713,0.32534338259744167,0.16090145581360804,0.04487413043241082,0.007009480538343186,0.0005645953376258252
1794e939afc51ff67adc,43d62f5dadd5ef81371bbd8a713ecce359d75772d1c445479691bcf877f295c2,standard,2QP,0,1,0.9285627258464076,0.06992501403544424,0.0015122601181482543,0.0,0.0,0.0,0.0
1794e939afc51ff67adc,43d62f5dadd5ef81371bbd8a713ecce359d75772d1c445479691bcf877f295c2,standard,2QP,1,1,0.9548960376476977,0.04460092768684749,0.0005030346654533607,0.0,0.0,0.0,0.0
1794e939afc51ff67adc,43d62f5dadd5ef81371bbd8a713ecce359d75772d1c445479691bcf877f295c2,standard,4QP,0,1,0.9282556435525873,0.07012761755629732,0.0016056284700073815,1.1072178147248518e-05,3.824295727262456e-08,0.0,0.0
1794e939afc51ff67adc,43d62f5dadd5ef81371bbd8a713ecce359d75772d1c445479691bcf877f295c2,standard,4QP,1,1,0.9548006281876296,0.04466768635414384,0.000527853554672047,3.818011856456327e-06,1.3891701237079203e-08,0.0,0.0
1794e939afc51ff67adc,43d62f5dadd5ef81371bbd8a713ecce359d75772d1c445479691bcf877f295c2,standard,6QP,0,1,0.9282556363506572,0.07012762127573377,0.0016056305167642883,1.1073119166165832e-05,3.8659790820140474e-08,7.781131735435323e-11,9.362290256268563e-14
1794e939afc51ff67adc,43d62f5dadd5ef81371bbd8a713ecce359d75772d1c445479691bcf877f295c2,standard,6QP,1,1,0.95480062566251,0.044667687682595617,0.0005278542147514369,3.818359644781687e-06,1.4051452226847718e-08,2.901628404557286e-11,3.441206986950163e-14
955169b405e9693f4d9e,43d62f5dadd5ef81371bbd8a713ecce359d75772d1c445479691bcf877f295c2,standard,2QP,0,1,0.0006542981241772921,0.9945112873128663,0.004834414562956104,0.0,0.0,0.0,0.0
955169b405e9693f4d9e,43d62f5dadd5ef81371bbd8a713ecce359d75772d1c445479691bcf877f295c2,standard,2QP,1,1,0.9951735964712887,0.004782918242899898,4.348528581109837e-05,0.0,0.0,0.0,0.0
955169b405e9693f4d9e,43d62f5dadd5ef81371bbd8a713ecce359d75772d1c445479691bcf877f295c2,standard,4QP,0,1,0.0006545990207254047,0.9943561040950408,0.0049411154350603535,4.8050457131459004e-05,1.309920442126868e-07,0.0,0.0
955169b405e9693f4d9e,43d62f5dadd5ef81371bbd8a713ecce359d75772d1c445479691bcf877f295c2,standard,4QP,1,1,0.9951712249763489,0.004783748902074264,4.49001238452462e-05,1.2564058522970674e-07,3.5715124419901797e-10,0.0,0.0
955169b405e9693f4d9e,43d62f5dadd5ef81371bbd8a713ecce359d75772d1c445479691bcf877f295c2,standard,6QP,0,1,0.0006545990183862481,0.9943560944856416,0.004941118050108213,4.8055898808733556e-05,1.3218117718599223e-07,3.654953240975214e-10,4.0642872032027984e-13
955169b405e9693f4d9e,43d62f5dadd5ef81371bbd8a713ecce359d75772d1c445479691bcf877f295c2,standard,6QP,1,1,0.9951712249518703,0.004783748907364467,4.490013658105085e-05,1.2564367471944791e-07,3.601074800043724e-10,4.094733660699188e-13,3.6655565639564707e-16
02d1519fb92de4f000e2,43d62f5dadd5ef81371bbd8a713ecce359d75772d1c445479691bcf877f295c2,standard,2QP,0,1,0.5275597585734878,0.43254175047101023,0.03989849095550126,0.0,0.0,0.0,0.0
02d1519fb92de4f000e2,43d62f5dadd5ef81371bbd8a713ecce359d75772d1c445479691bcf877f295c2,standard,2QP,1,1,0.8610872067305242,0.13054419326313094,0.008368600006341712,0.0,0.0,0.0,0.0
02d1519fb92de4f000e2,43d62f5dadd5ef81371bbd8a713ecce359d75772d1c445479691bcf877f295c2,standard,4QP,0,1,0.4980053378344302,0.44442401311906804,0.054607195517931376,0.0028983318023138856,6.512172625092473e-05,0.0,0.0
02d1519fb92de4f000e2,43d62f5dadd5ef81371bbd8a713ecce359d75772d1c445479691bcf877f295c2,standard,4QP,1,1,0.8539908123350608,0.13410591429604574,0.011401130516517248,0.0004907014667126241,1.1441385663944828e-05,0.0,0.0
02d1519fb92de4f000e2,43d62f5dadd5ef81371bbd8a713ecce359d75772d1c445479691bcf877f295c2,standard,6QP,0,1,0.49796138663933565,0.4444284266942101,0.05462685187158183,0.002911973209007665,7.029937270893029e-05,1.0534244296708147e-06,8.788732269112587e-09
02d1519fb92de4f000e2,43d62f5dadd5ef81371bbd8a713ecce359d75772d1c445479691bcf877f295c2,standard,6QP,1,1,0.8539806488993669,0.1341089448096388,0.01140531567113832,0.0004925774774877103,1.2350497635086369e-05,1.6136351031969613e-07,1.2812180720293515e-09
842a985a2c76e53729a9,43d62f5dadd5ef81371bbd8a713ecce359d75772d1c445479691bcf877f295c2,standard,2QP,0,1,0.44021848012178016,0.4619392944017883,0.09784222547643272,0.0,0.0,0.0,0.0
842a985a2c76e53729a9,43d62f5dadd5ef81371bbd8a713ecce359d75772d1c445479691bcf877f295c2,standard,2QP,1,1,0.5310269425758534,0.3860230688142937,0.0829499886098514,0.0,0.0,0.0,0.0
842a985a2c76e53729a9,43d62f5dadd5ef81371bbd8a713ecce359d75772d1c445479691bcf877f295c2,standard,4QP,0,1,0.281305659232548,0.44614304839574154,0.21489377295998266,0.05251813626233482,0.005139383149391478,0.0,0.0
842a985a2c76e53729a9,43d62f5dadd5ef81371bbd8a713ecce359d75772d1c445479691bcf877f295c2,standard,4QP,1,1,0.29676344864925663,0.38326753229633725,0.24512897516179338,0.06699799102467167,0.007842052867939368,0.0,0.0
842a985a2c76e53729a9,43d62f5dadd5ef81371bbd8a713ecce359d75772d1c445479691bcf877f295c2,standard,6QP,0,1,0.27269324849030874,0.43985553273969363,0.21921669004486735,0.05918669018581823,0.008296866522266175,0.0007180062788036479,3.296573824417358e-05
842a985a2c76e53729a9,43d62f5dadd5ef81371bbd8a713ecce359d75772d1c445479691bcf877f295c2,standard,6QP,1,1,0.2731291230058728,0.3710203465501704,0.25770385587563704,0.0815849516654513,0.015004580040995042,0.0014772419184159104,7.990094345186143e-05
912a6682fa4f5906b0aa,43d62f5dadd5ef81371bbd8a713ecce359d75772d1c445479691bcf877f295c2,standard,2QP,0,1,0.9284311733595452,0.0708725423368353,0.0006962843036213961,0.0,0.0,0.0,0.0
912a6682fa4f5906b0aa,43d62f5dadd5ef81371bbd8a713ecce359d75772d1c445479691bcf877f295c2,standard,2QP,1,1,0.9882877379458785,0.011660128781343924,5.2133272777561434e-05,0.0,0.0,0.0,0.0
912a6682fa4f5906b0aa,43d62f5dadd5ef81371bbd8a713ecce359d75772d1c445479691bcf877f295c2,standard,4QP,0,1,0.9283361968801059,0.07094599930938578,0.0007154145142419686,2.385612609517166e-06,3.68365906865362e-09,0.0,0.0
912a6682fa4f5906b0aa,43d62f5dadd5ef81371bbd8a713ecce359d75772d1c445479691bcf877f295c2,standard,4QP,1,1,0.9882846653305094,0.011662138658250089,5.306212141310841e-05,1.337041301489161e-07,1.8569777821031727e-10,0.0,0.0
912a6682fa4f5906b0aa,43d62f5dadd5ef81371bbd8a713ecce359d75772d1c445479691bcf877f295c2,standard,6QP,0,1,0.928336196442442,0.07094599959544179,0.0007154145998949524,2.3856571446839197e-06,3.7016871842903965e-09,3.4236970781146795e-12,1.8229340195213357e-15
912a6682fa4f5906b0aa,43d62f5dadd5ef81371bbd8a713ecce359d75772d1c445479691bcf877f295c2,standard,6QP,1,1,0.9882846653195013,0.01166213866354836,5.30621246419445e-05,1.3370569341164956e-07,1.8649071685551268e-10,1.4006421370508741e-13,6.27319798835867e-17
a74f5c95a964d33cd5ef,43d62f5dadd5ef81371bbd8a713ecce359d75772d1c445479691bcf877f295c2,standard,2QP,0,1,0.46224279707670235,0.45726566953507347,0.08049153338822647,0.0,0.0,0.0,0.0
a74f5c95a964d33cd5ef,43d62f5dadd5ef81371bbd8a713ecce359d75772d1c445479691bcf877f295c2,standard,2QP,1,1,0.633147271913153,0.3163701875531629,0.05048254053368502,0.0,0.0,0.0,0.0
a74f5c95a964d33cd5ef,43d62f5dadd5ef81371bbd8a713ecce359d75772d1c445479691bcf877f295c2,standard,4QP,0,1,0.36421844313854723,0.46399597248044905,0.14832034517473866,0.022092396165852634,0.0013728430404108024,0.0,0.0
a74f5c95a964d33cd5ef,43d62f5dadd5ef81371bbd8a713ecce359d75772d1c445479691bcf877f295c2,standard,4QP,1,1,0.4927957197750472,0.34516003572340326,0.13563512255716254,0.024459066143473106,0.001950055800914722,0.0,0.0
a74f5c95a964d33cd5ef,43d62f5dadd5ef81371bbd8a713ecce359d75772d1c445479691bcf877f295c2,standard,6QP,0,1,0.36260755429132785,0.46333961887273567,0.1492123308001708,0.02300099292678322,0.001754516150944153,8.28302574692453e-05,2.156700571920829e-06
a74f5c95a964d33cd5ef,43d62f5dadd5ef81371bbd8a713ecce359d75772d1c445479691bcf877f295c2,standard,6QP,1,1,0.4861007181138919,0.3446395010527128,0.1395195420523732,0.026758756682244072,0.0028201333594436357,0.00015633582438341105,5.012914943629841e-06
4d5468816e0b41267650,43d62f5dadd5ef81371bbd8a713ecce359d75772d1c445479691bcf877f295c2,standard,2QP,0,1,0.5214105196538371,0.4342861458320582,0.0443033345141039,0.0,0.0,0.0,0.0
4d5468816e0b41267650,43d62f5dadd5ef81371bbd8a713ecce359d75772d1c445479691bcf877f295c2,standard,2QP,1,1,0.8247315585347985,0.1605031765860615,0.01476526487914001,0.0,0.0,0.0,0.0
4d5468816e0b41267650,43d62f5dadd5ef81371bbd8a713ecce359d75772d1c445479691bcf877f295c2,standard,4QP,0,1,0.47670588401425085,0.4507361847458736,0.06703287367743531,0.005351881126607765,0.00017317643583475466,0.0,0.0
4d5468816e0b41267650,43d62f5dadd5ef81371bbd8a713ecce359d75772d1c445479691bcf877f295c2,standard,4QP,1,1,0.8060794584091233,0.16892164382597472,0.023483325937759897,0.0014654387919192191,5.0133035224589246e-05,0.0,0.0
4d5468816e0b41267650,43d62f5dadd5ef81371bbd8a713ecce359d75772d1c445479691bcf877f295c2,standard,6QP,0,1,0.4765444791798555,0.45073935770317286,0.06710640144871764,0.005410070180949556,0.00019527423769233036,4.364582443431592e-06,5.2667170582147936e-08
4d5468816e0b41267650,43d62f5dadd5ef81371bbd8a713ecce359d75772d1c445479691bcf877f295c2,standard,6QP,1,1,0.8060146473985766,0.16893727064610978,0.023511843978061733,0.0014785665857277156,5.656343411465994e-05,1.0951750776267104e-06,1.2782335879897097e-08
b9aff34e301579722fa9,43d62f5dadd5ef81371bbd8a713ecce359d75772d1c445479691bcf877f295c2,standard,2QP,0,1,0.4042178852187672,0.47284382584411705,0.12293828893711649,0.0,0.0,0.0,0.0
b9aff34e301579722fa9,43d62f5dadd5ef81371bbd8a713ecce359d75772d1c445479691bcf877f295c2,standard,2QP,1,1,0.45958661684819285,0.43021186336944867,0.11020151978235686,0.0,0.0,0.0,0.0
b9aff34e301579722fa9,43d62f5dadd5ef81371bbd8a713ecce359d75772d1c445479691bcf877f295c2,standard,4QP,0,1,0.2327433611671194,0.4250895690871059,0.2583209049385131,0.07494224098926949,0.008903923817988154,0.0,0.0
b9aff34e301579722fa9,43d62f5dadd5ef81371bbd8a713ecce359d75772d1c445479691bcf877f295c2,standard,4QP,1,1,0.1701978766366874,0.359834969326403,0.32611353318987435,0.12495010940816118,0.018903511438876405,0.0,0.0
b9aff34e301579722fa9,43d62f5dadd5ef81371bbd8a713ecce359d75772d1c445479691bcf877f295c2,standard,6QP,0,1,0.21954489252053078,0.4120273949947377,0.2637494001323886,0.0871984742324036,0.015650937437362664,0.0017272593512261138,0.0001016413313481888
b9aff34e301579722fa9,43d62f5dadd5ef81371bbd8a713ecce359d75772d1c445479691bcf877f295c2,standard,6QP,1,1,0.07553603978421877,0.2785067405811229,0.3709257454660817,0.20457538224547622,0.06019875059216992,0.009483486642215468,0.000773854688716238
43d04ae5d0616077fbd6,43d62f5dadd5ef81371bbd8a713ecce359d75772d1c445479691bcf877f295c2,standard,2QP,0,1,0.5165327259278207,0.4154917620978279,0.06797551197435377,0.0,0.0,0.0,0.0
43d04ae5d0616077fbd6,43d62f5dadd5ef81371bbd8a713ecce359d75772d1c445479691bcf877f295c2,standard,2QP,1,1,0.6226512941542724,0.32580611627593364,0.051542589569793094,0.0,0.0,0.0,0.0
43d04ae5d0616077fbd6,43d62f5dadd5ef81371bbd8a713ecce359d75772d1c445479691bcf877f295c2,standard,4QP,0,1,0.4126810177506032,0.4322104609346881,0.13380241735371845,0.020032722740636156,0.0012733812203505478,0.0,0.0
43d04ae5d0616077fbd6,43d62f5dadd5ef81371bbd8a713ecce359d75772d1c445479691bcf877f295c2,standard,4QP,1,1,0.49246592182481863,0.356837675473214,0.12782071946071896,0.02128869363363578,0.001586989607613738,0.0,0.0
43d04ae5d0616077fbd6,43d62f5dadd5ef81371bbd8a713ecce359d75772d1c445479691bcf877f295c2,standard,6QP,0,1,0.4107946149908523,0.4317017684912808,0.13480474427771502,0.02095471119430075,0.001663043931424461,7.904470596362925e-05,2.0724084536344983e-06
43d04ae5d0616077fbd6,43d62f5dadd5ef81371bbd8a713ecce359d75772d1c445479691bcf877f295c2,standard,6QP,1,1,0.4884624198909364,0.35647702476838644,0.12996086600413884,0.022768077441787958,0.002213111230635983,0.0001151236779613954,3.376986158960353e-06
2d638eaaf4e855add7f6,43d62f5dadd5ef81371bbd8a713ecce359d75772d1c445479691bcf877f295c2,standard,2QP,0,1,0.45786389163578284,0.44626795241305045,0.09586815595116675,0.0,0.0,0.0,0.0
2d638eaaf4e855add7f6,43d62f5dadd5ef81371bbd8a713ecce359d75772d1c445479691bcf877f295c2,standard,2QP,1,1,0.5125112932382255,0.40191318306021534,0.08557552370156178,0.0,0.0,0.0,0.0
2d638eaaf4e855add7f6,43d62f5dadd5ef81371bbd8a713ecce359d75772d1c445479691bcf877f295c2,standard,4QP,0,1,0.2947717554521185,0.43424954695902523,0.21467049413475922,0.051250706438549405,0.005057497015544422,0.0,0.0
2d638eaaf4e855add7f6,43d62f5dadd5ef81371bbd8a713ecce359d75772d1c445479691bcf877f295c2,standard,4QP,1,1,0.27990297775663575,0.3950191173660416,0.24733756074178148,0.06964892943584947,0.008091414699690887,0.0,0.0
2d638eaaf4e855add7f6,43d62f5dadd5ef81371bbd8a713ecce359d75772d1c445479691bcf877f295c2,standard,6QP,0,1,0.28591752590637676,0.4283145989577187,0.21916235348761978,0.057705759379906664,0.008169955156403421,0.0006976434760557478,3.216363593194297e-05
2d638eaaf4e855add7f6,43d62f5dadd5ef81371bbd8a713ecce359d75772d1c445479691bcf877f295c2,standard,6QP,1,1,0.2566471659546511,0.38180088357404307,0.2595213786665821,0.08492125712644456,0.01547639767863431,0.001549357715835678,8.355928381260946e-05
866cd473dafa7f5219b3,43d62f5dadd5ef81371bbd8a713ecce359d75772d1c445479691bcf877f295c2,standard,2QP,0,1,0.33715755551925053,0.6070112136441521,0.05583123083659713,0.0,0.0,0.0,0.0
866cd473dafa7f5219b3,43d62f5dadd5ef81371bbd8a713ecce359d75772d1c445479691bcf877f295c2,standard,2QP,1,1,0.8819146613622295,0.11009184721991803,0.007993491417852093,0.0,0.0,0.0,0.0
866cd473dafa7f5219b3,43d62f5dadd5ef81371bbd8a713ecce359d75772d1c445479691bcf877f295c2,standard,4QP,0,1,0.30773847966013906,0.6109783018332282,0.07584206876882049,0.005302152665921357,0.00013899707189257978,0.0,0.0
866cd473dafa7f5219b3,43d62f5dadd5ef81371bbd8a713ecce359d75772d1c445479691bcf877f295c2,standard,4QP,1,1,0.8751105004292733,0.11315187463362539,0.011227583589415531,0.0004967536411562958,1.3287706529181421e-05,0.0,0.0
866cd473dafa7f5219b3,43d62f5dadd5ef81371bbd8a713ecce359d75772d1c445479691bcf877f295c2,standard,6QP,0,1,0.30766880452150236,0.6109533589705914,0.07588150648728001,0.005341004747063785,0.00015239768417710562,2.898593729871046e-06,2.899566239338499e-08
866cd473dafa7f5219b3,43d62f5dadd5ef81371bbd8a713ecce359d75772d1c445479691bcf877f295c2,standard,6QP,1,1,0.875098107172646,0.11315500248245444,0.011233190683070994,0.00049900054870273,1.4489707283112576e-05,2.0750931629534153e-07,1.896521594824672e-09
70f236e4a5b7e45a1cbe,43d62f5dadd5ef81371bbd8a713ecce359d75772d1c445479691bcf877f295c2,standard,2QP,0,1,0.0001130681127068728,0.9989073866025908,0.0009795452847014576,0.0,0.0,0.0,0.0
70f236e4a5b7e45a1cbe,43d62f5dadd5ef81371bbd8a713ecce359d75772d1c445479691bcf877f295c2,standard,2QP,1,1,0.9990427879896455,0.0009554366925736102,1.7753177800119509e-06,0.0,0.0,0.0,0.0
70f236e4a5b7e45a1cbe,43d62f5dadd5ef81371bbd8a713ecce359d75772d1c445479691bcf877f295c2,standard,4QP,0,1,0.00011307037155493466,0.9989011536375914,0.0009838703495876804,1.904594164752044e-06,1.0471020003874012e-09,0.0,0.0
70f236e4a5b7e45a1cbe,43d62f5dadd5ef81371bbd8a713ecce359d75772d1c445479691bcf877f295c2,standard,4QP,1,1,0.9990427687659952,0.0009554434499467465,1.7867854031247596e-06,9.98076632034378e-10,5.710058690046661e-13,0.0,0.0
70f236e4a5b7e45a1cbe,43d62f5dadd5ef81371bbd8a713ecce359d75772d1c445479691bcf877f295c2,standard,6QP,0,1,0.00011307037155457709,0.9989011536223447,0.0009838703538040065,1.9046027906436429e-06,1.0489827492844316e-09,5.829351829644822e-13,1.302693859058675e-16
70f236e4a5b7e45a1cbe,43d62f5dadd5ef81371bbd8a713ecce359d75772d1c445479691bcf877f295c2,standard,6QP,1,1,0.9990427687660254,0.000955443449948446,1.7867854071534988e-06,9.980776031309506e-10,5.719489031913216e-13,1.2996841870803574e-16,2.3297700216592863e-20
dc4493ffbab07cd19798,2854eeaecd1a9c2eb43945571c0fa36dfddf9b296eb68eec79d912dbce5e697b,standard,2QP,0,1,0.5575941115497264,0.4209098969470305,0.021495991503242984,0.0,0.0,0.0,0.0
dc4493ffbab07cd19798,2854eeaecd1a9c2eb43945571c0fa36dfddf9b296eb68eec79d912dbce5e697b,standard,2QP,1,1,0.9411467337359272,0.05721128548500026,0.0016419807790738997,0.0,0.0,0.0,0.0
dc4493ffbab07cd19798,2854eeaecd1a9c2eb43945571c0fa36dfddf9b296eb68eec79d912dbce5e697b,standard,4QP,0,1,0.5467069223845568,0.4272407798565775,0.02541028338899808,0.0006352723808527117,6.741989016027671e-06,0.0,0.0
dc4493ffbab07cd19798,2854eeaecd1a9c2eb43945571c0fa36dfddf9b296eb68eec79d912dbce5e697b,standard,4QP,1,1,0.9406152924508682,0.05751495714002909,0.001840240316131268,2.924911152384589e-05,2.6098144691645805e-07,0.0,0.0
dc4493ffbab07cd19798,2854eeaecd1a9c2eb43945571c0fa36dfddf9b296eb68eec79d912dbce5e697b,standard,6QP,0,1,0.5467039701613535,0.42724183584436015,0.025411278564287022,0.0006358885577637727,6.979594261808931e-06,4.710453962407159e-08,1.7342953621347066e-10
dc4493ffbab07cd19798,2854eeaecd1a9c2eb43945571c0fa36dfddf9b296eb68eec79d912dbce5e697b,standard,6QP,1,1,0.9406152072400624,0.057514990963515825,0.0018402697904354463,2.926257041276872e-05,2.681715913358197e-07,1.2604215773074956e-09,3.5576122284181267e-12
ac8f29210ee9befd80ce,43d62f5dadd5ef81371bbd8a713ecce359d75772d1c445479691bcf877f295c2,standard,2QP,0,1,0.593383170127015,0.3552605827506601,0.051356247122322625,0.0,0.0,0.0,0.0
ac8f29210ee9befd80ce,43d62f5dadd5ef81371bbd8a713ecce359d75772d1c445479691bcf877f295c2,standard,2QP,1,1,0.6375107799115299,0.3196455713925809,0.042843648695888574,0.0,0.0,0.0,0.0
ac8f29210ee9befd80ce,43d62f5dadd5ef81371bbd8a713ecce359d75772d1c445479691bcf877f295c2,standard,4QP,0,1,0.5175457479584232,0.3766547053200002,0.09470427489209039,0.01056054369850444,0.0005347281309825172,0.0,0.0
ac8f29210ee9befd80ce,43d62f5dadd5ef81371bbd8a713ecce359d75772d1c445479691bcf877f295c2,standard,4QP,1,1,0.5448166007874264,0.34989907787079383,0.09220357816113518,0.012356458122507302,0.0007242850581358538,0.0,0.0
ac8f29210ee9befd80ce,43d62f5dadd5ef81371bbd8a713ecce359d75772d1c445479691bcf877f295c2,standard,6QP,0,1,0.5167881044303069,0.3766144953593125,0.09508711110756332,0.010835067648307115,0.0006520679916830257,2.2703770143222106e-05,4.4969268239506944e-07
ac8f29210ee9befd80ce,43d62f5dadd5ef81371bbd8a713ecce359d75772d1c445479691bcf877f295c2,standard,6QP,1,1,0.5433048259564098,0.34993802344999575,0.09295345521239448,0.012843714490995469,0.0009228658593028444,3.6318828503157505e-05,7.962023985300632e-07
d4b8875f1adf59e0dc52,43d62f5dadd5ef81371bbd8a713ecce359d75772d1c445479691bcf877f295c2,standard,2QP,0,1,0.7530885193203907,0.23195594231950944,0.014955538360101599,0.0,0.0,0.0,0.0
d4b8875f1adf59e0dc52,43d62f5dadd5ef81371bbd8a713ecce359d75772d1c445479691bcf877f295c2,standard,2QP,1,1,0.8814364216281819,0.11417069705077593,0.004392881321039664,0.0,0.0,0.0,0.0
d4b8875f1adf59e0dc52,43d62f5dadd5ef81371bbd8a713ecce359d75772d1c445479691bcf877f295c2,standard,4QP,0,1,0.7441068531813468,0.2369938721153499,0.0184055165521988,0.0004876313023658501,6.126848741456248e-06,0.0,0.0
d4b8875f1adf59e0dc52,43d62f5dadd5ef81371bbd8a713ecce359d75772d1c445479691bcf877f295c2,standard,4QP,1,1,0.8789152838003756,0.11568731242171323,0.005257681710676839,0.00013789855158830887,1.8235156467272798e-06,0.0,0.0
d4b8875f1adf59e0dc52,43d62f5dadd5ef81371bbd8a713ecce359d75772d1c445479691bcf877f295c2,standard,6QP,0,1,0.7441034911372859,0.2369951191673752,0.018406717755817762,0.0004882409709700122,6.381700022822869e-06,4.9048044213167446e-08,2.2048830072994942e-10
d4b8875f1adf59e0dc52,43d62f5dadd5ef81371bbd8a713ecce359d75772d1c445479691bcf877f295c2,standard,6QP,1,1,0.8789142438923965,0.11568773516057047,0.005258031822362654,0.00013807178391758438,1.902905339255462e-06,1.4372030478763995e-08,6.337731568286392e-11
b5f1efcbdc98a37e5be3,43d62f5dadd5ef81371bbd8a713ecce359d75772d1c445479691bcf877f295c2,standard,2QP,0,1,0.0020049089354809905,0.9908500286172719,0.007145062447245221,0.0,0.0,0.0,0.0
b5f1efcbdc98a37e5be3,43d62f5dadd5ef81371bbd8a713ecce359d75772d1c445479691bcf877f295c2,standard,2QP,1,1,0.9928755457873969,0.007051237220157636,7.321699244575179e-05,0.0,0.0,0.0,0.0
b5f1efcbdc98a37e5be3,43d62f5dadd5ef81371bbd8a713ecce359d75772d1c445479691bcf877f295c2,standard,4QP,0,1,0.002005978790319606,0.9905377140107638,0.007373791645885347,8.222628267885054e-05,2.8927034944020614e-07,0.0,0.0
b5f1efcbdc98a37e5be3,43d62f5dadd5ef81371bbd8a713ecce359d75772d1c445479691bcf877f295c2,standard,4QP,1,1,0.9928703845842194,0.007053336377735513,7.60006372974345e-05,2.775155292499053e-07,8.852154390033303e-10,0.0,0.0
b5f1efcbdc98a37e5be3,43d62f5dadd5ef81371bbd8a713ecce359d75772d1c445479691bcf877f295c2,standard,6QP,0,1,0.0020059787443684972,0.9905376882416539,0.0073737999175428936,8.22395201415806e-05,2.9267187959650884e-07,9.032261832934847e-10,1.2105497601145363e-12
b5f1efcbdc98a37e5be3,43d62f5dadd5ef81371bbd8a713ecce359d75772d1c445479691bcf877f295c2,standard,6QP,1,1,0.9928703845091308,0.007053336397217947,7.600067287260771e-05,2.775258867349328e-07,8.936640301789868e-10,1.2317850106744498e-12,1.233004025782001e-15
c1ec33c8a6be95cda7eb,43d62f5dadd5ef81371bbd8a713ecce359d75772d1c445479691bcf877f295c2,standard,2QP,0,1,0.623380159160462,0.34370603621092943,0.03291380462860617,0.0,0.0,0.0,0.0
c1ec33c8a6be95cda7eb,43d62f5dadd5ef81371bbd8a713ecce359d75772d1c445479691bcf877f295c2,standard,2QP,1,1,0.8267759836268677,0.16261494823496228,0.010609068138171621,0.0,0.0,0.0,0.0
c1ec33c8a6be95cda7eb,43d62f5dadd5ef81371bbd8a713ecce359d75772d1c445479691bcf877f295c2,standard,4QP,0,1,0.5963490299362835,0.3556663174906958,0.04568871158869189,0.0022460138365703293,4.992714775605296e-05,0.0,0.0
c1ec33c8a6be95cda7eb,43d62f5dadd5ef81371bbd8a713ecce359d75772d1c445479691bcf877f295c2,standard,4QP,1,1,0.8166704019404107,0.16786277803376523,0.014742502739857999,0.000707272923160404,1.704436280760764e-05,0.0,0.0
c1ec33c8a6be95cda7eb,43d62f5dadd5ef81371bbd8a713ecce359d75772d1c445479691bcf877f295c2,standard,6QP,0,1,0.5963115019539373,0.3556733861399739,0.04570487794278344,0.002255650935292456,5.380719639240286e-05,7.695182842672489e-07,6.313335946358605e-09
c1ec33c8a6be95cda7eb,43d62f5dadd5ef81371bbd8a713ecce359d75772d1c445479691bcf877f295c2,standard,6QP,1,1,0.8166537998782758,0.16786790273522154,0.01474911417507686,0.000710449065766822,1.8473590960950166e-05,2.584208451058869e-07,2.1338513274174432e-09
f10ac5dd6ca04c0c22bd,43d62f5dadd5ef81371bbd8a713ecce359d75772d1c445479691bcf877f295c2,standard,2QP,0,1,0.01724648742913637,0.9561149066674439,0.026638605903422232,0.0,0.0,0.0,0.0
f10ac5dd6ca04c0c22bd,43d62f5dadd5ef81371bbd8a713ecce359d75772d1c445479691bcf877f295c2,standard,2QP,1,1,0.9708639173732768,0.0280748387418529,0.0010612438848686897,0.0,0.0,0.0,0.0
f10ac5dd6ca04c0c22bd,43d62f5dadd5ef81371bbd8a713ecce359d75772d1c445479691bcf877f295c2,standard,4QP,0,1,0.017174201894150903,0.9514931254788577,0.02998336783906093,0.001331796856099095,1.750793183325911e-05,0.0,0.0
f10ac5dd6ca04c0c22bd,43d62f5dadd5ef81371bbd8a713ecce359d75772d1c445479691bcf877f295c2,standard,4QP,1,1,0.9705569637629031,0.0281964046698546,0.0012283937003043995,1.8015077005070197e-05,2.227899304630313e-07,0.0,0.0
f10ac5dd6ca04c0c22bd,43d62f5dadd5ef81371bbd8a713ecce359d75772d1c445479691bcf877f295c2,standard,6QP,0,1,0.017173983292074507,0.9514872336318179,0.02998522149541947,0.0013350088062438707,1.8338190688972584e-05,2.134926774243825e-07,1.091079628319817e-09
f10ac5dd6ca04c0c22bd,43d62f5dadd5ef81371bbd8a713ecce359d75772d1c445479691bcf877f295c2,standard,6QP,1,1,0.9705568868777114,0.028196423115359876,0.0012284311384138118,1.8026218325992135e-05,2.313703839414685e-07,1.274748450028116e-09,5.05702011801016e-12
8a38941014faf89f36b4,43d62f5dadd5ef81371bbd8a713ecce359d75772d1c445479691bcf877f295c2,standard,2QP,0,1,0.32025471834389213,0.5565706546434637,0.12317462701264413,0.0,0.0,0.0,0.0
8a38941014faf89f36b4,43d62f5dadd5ef81371bbd8a713ecce359d75772d1c445479691bcf877f295c2,standard,2QP,1,1,0.5652171653709722,0.3423972497725948,0.09238558485643295,0.0,0.0,0.0,0.0
8a38941014faf89f36b4,43d62f5dadd5ef81371bbd8a713ecce359d75772d1c445479691bcf877f295c2,standard,4QP,0,1,0.1729897338024811,0.4825069534780945,0.24712506782970686,0.08741628890089394,0.009961955988827117,0.0,0.0
8a38941014faf89f36b4,43d62f5dadd5ef81371bbd8a713ecce359d75772d1c445479691bcf877f295c2,standard,4QP,1,1,0.27857726128943794,0.31893661662180195,0.30120501950421175,0.08781337708693988,0.013467725497608428,0.0,0.0
8a38941014faf89f36b4,43d62f5dadd5ef81371bbd8a713ecce359d75772d1c445479691bcf877f295c2,standard,6QP,0,1,0.15946808950354854,0.46170372123867104,0.2516197583366861,0.10582003693415755,0.018790357898687493,0.0024517239954163074,0.0001463120928263634
8a38941014faf89f36b4,43d62f5dadd5ef81371bbd8a713ecce359d75772d1c445479691bcf877f295c2,standard,6QP,1,1,0.22888134840411803,0.2902687919294879,0.3252948813400367,0.11803302265937944,0.03303023117629889,0.004169145200446916,0.000322579290227325
22c014896e6406e703c9,43d62f5dadd5ef81371bbd8a713ecce359d75772d1c445479691bcf877f295c2,standard,2QP,0,1,0.001573461231352613,0.9889068429966907,0.009519695771955944,0.0,0.0,0.0,0.0
22c014896e6406e703c9,43d62f5dadd5ef81371bbd8a713ecce359d75772d1c445479691bcf877f295c2,standard,2QP,1,1,0.990254019552254,0.009576387154844898,0.00016959329290394323,0.0,0.0,0.0,0.0
22c014896e6406e703c9,43d62f5dadd5ef81371bbd8a713ecce359d75772d1c445479691bcf877f295c2,standard,4QP,0,1,0.0015759684648250342,0.9882889062543843,0.009939748176631196,0.00019432936356086298,1.04774059798112e-06,0.0,0.0
22c014896e6406e703c9,43d62f5dadd5ef81371bbd8a713ecce359d75772d1c445479691bcf877f295c2,standard,4QP,1,1,0.9902353572647794,0.009582891911502843,0.00018073134335520733,1.0137618081080912e-06,5.718556271815802e-09,0.0,0.0
22c014896e6406e703c9,43d62f5dadd5ef81371bbd8a713ecce359d75772d1c445479691bcf877f295c2,standard,6QP,0,1,0.0015759683070898157,0.9882887521022347,0.009939789509946811,0.00019441721103140904,1.0669996444113195e-06,5.857130949661774e-09,1.2937231223443524e-11
22c014896e6406e703c9,43d62f5dadd5ef81371bbd8a713ecce359d75772d1c445479691bcf877f295c2,standard,6QP,1,1,0.9902353564750045,0.009582892078684003,0.00018073175666282257,1.0138628772268905e-06,5.813515721038625e-09,1.3233318731735434e-11,2.365521004547883e-14
d3f7d42ae5d22c9f5d2f,43d62f5dadd5ef81371bbd8a713ecce359d75772d1c445479691bcf877f295c2,standard,2QP,0,1,0.5170776162578028,0.4082570445333486,0.07466533920884809,0.0,0.0,0.0,0.0
d3f7d42ae5d22c9f5d2f,43d62f5dadd5ef81371bbd8a713ecce359d75772d1c445479691bcf877f295c2,standard,2QP,1,1,0.5767744599127741,0.3656330013042274,0.05759253878299771,0.0,0.0,0.0,0.0
d3f7d42ae5d22c9f5d2f,43d62f5dadd5ef81371bbd8a713ecce359d75772d1c445479691bcf877f295c2,standard,4QP,0,1,0.4150279397961574,0.4208794117629283,0.14285268934145198,0.01998355226314977,0.0012564068363141567,0.0,0.0
d3f7d42ae5d22c9f5d2f,43d62f5dadd5ef81371bbd8a713ecce359d75772d1c445479691bcf877f295c2,standard,4QP,1,1,0.4127313089568697,0.39443337930065475,0.15797396499459393,0.03226392455062464,0.0025974221972510005,0.0,0.0
d3f7d42ae5d22c9f5d2f,43d62f5dadd5ef81371bbd8a713ecce359d75772d1c445479691bcf877f295c2,standard,6QP,0,1,0.4133799156864092,0.420407123832984,0.14376274960347646,0.02077146942102689,0.0016037478666240115,7.308733914234496e-05,1.9062503347469792e-06
d3f7d42ae5d22c9f5d2f,43d62f5dadd5ef81371bbd8a713ecce359d75772d1c445479691bcf877f295c2,standard,6QP,1,1,0.4033750206233172,0.3932651880932449,0.1633988021007932,0.03587369835145398,0.0038507968506366914,0.00022896815546577534,7.525825080137235e-06
74deea989da302da57c2,43d62f5dadd5ef81371bbd8a713ecce359d75772d1c445479691bcf877f295c2,standard,2QP,0,1,0.41172105036420864,0.4659886989950785,0.12229025064071335,0.0,0.0,0.0,0.0
74deea989da302da57c2,43d62f5dadd5ef81371bbd8a713ecce359d75772d1c445479691bcf877f295c2,standard,2QP,1,1,0.45114694374619047,0.4376032111002913,0.11124984515351835,0.0,0.0,0.0,0.0
74deea989da302da57c2,43d62f5dadd5ef81371bbd8a713ecce359d75772d1c445479691bcf877f295c2,standard,4QP,0,1,0.23745761538304272,0.42015627328766914,0.25920129823415505,0.07430314901225504,0.008881664082873626,0.0,0.0
74deea989da302da57c2,43d62f5dadd5ef81371bbd8a713ecce359d75772d1c445479691bcf877f295c2,standard,4QP,1,1,0.16468806662005867,0.3640757669239639,0.3254265705516789,0.1267473121386043,0.019062283765695628,0.0,0.0
74deea989da302da57c2,43d62f5dadd5ef81371bbd8a713ecce359d75772d1c445479691bcf877f295c2,standard,6QP,0,1,0.22403872131846847,0.407317814482899,0.2647848033372494,0.08642243541412098,0.015623432806902865,0.0017116726767014455,0.00010111996366168392
74deea989da302da57c2,43d62f5dadd5ef81371bbd8a713ecce359d75772d1c445479691bcf877f295c2,standard,6QP,1,1,0.06977507230380764,0.27997703417023456,0.3698423955081346,0.2087780121219275,0.061094232965219285,0.009740249326469868,0.0007930036042084806
e93261ef0074200aa499,43d62f5dadd5ef81371bbd8a713ecce359d75772d1c445479691bcf877f295c2,standard,2QP,0,1,0.013812876226512451,0.9586595831403135,0.02752754063317294,0.0,0.0,0.0,0.0
e93261ef0074200aa499,43d62f5dadd5ef81371bbd8a713ecce359d75772d1c445479691bcf877f295c2,standard,2QP,1,1,0.9703462841543842,0.028505349152006268,0.0011483666936093868,0.0,0.0,0.0,0.0
e93261ef0074200aa499,43d62f5dadd5ef81371bbd8a713ecce359d75772d1c445479691bcf877f295c2,standard,4QP,0,1,0.01381400993318031,0.9538454488560331,0.030855692108300376,0.0014650567903602494,1.979231212393495e-05,0.0,0.0
e93261ef0074200aa499,43d62f5dadd5ef81371bbd8a713ecce359d75772d1c445479691bcf877f295c2,standard,4QP,1,1,0.9700166065394056,0.028627217043428577,0.0013354341931115954,2.046342286540095e-05,2.7880119083806214e-07,0.0,0.0
e93261ef0074200aa499,43d62f5dadd5ef81371bbd8a713ecce359d75772d1c445479691bcf877f295c2,standard,6QP,0,1,0.013813813684925595,0.9538386484681964,0.030857642386323197,0.0014689094167887762,2.0721420431984102e-05,2.631908475267483e-07,1.4324905538435297e-09
e93261ef0074200aa499,43d62f5dadd5ef81371bbd8a713ecce359d75772d1c445479691bcf877f295c2,standard,6QP,1,1,0.9700165087599261,0.028627237988380114,0.0013354845723471283,2.047707817737805e-05,2.898843650779292e-07,1.7091678164875694e-09,7.639998649646706e-12
8cd8aedd90092a3a3dee,43d62f5dadd5ef81371bbd8a713ecce359d75772d1c445479691bcf877f295c2,standard,2QP,0,1,0.006499348255702811,0.974688303057847,0.018812348686450934,0.0,0.0,0.0,0.0
8cd8aedd90092a3a3dee,43d62f5dadd5ef81371bbd8a713ecce359d75772d1c445479691bcf877f295c2,standard,2QP,1,1,0.9804065139846971,0.0190603884182588,0.0005330975970459603,0.0,0.0,0.0,0.0
8cd8aedd90092a3a3dee,43d62f5dadd5ef81371bbd8a713ecce359d75772d1c445479691bcf877f295c2,standard,4QP,0,1,0.006524143939128982,0.9724764377578391,0.020345699601879017,0.0006476670885356246,6.05161262389707e-06,0.0,0.0
8cd8aedd90092a3a3dee,43d62f5dadd5ef81371bbd8a713ecce359d75772d1c445479691bcf877f295c2,standard,4QP,1,1,0.9803056998162362,0.019098187305278826,0.0005900509477375513,6.006679810514808e-06,5.525094214514945e-08,0.0,0.0
8cd8aedd90092a3a3dee,43d62f5dadd5ef81371bbd8a713ecce359d75772d1c445479691bcf877f295c2,standard,6QP,0,1,0.006524129312272712,0.9724749992970552,0.020346115388646325,0.0006484596950468479,6.241415558747389e-06,5.468771612345977e-08,2.037136267502449e-10
8cd8aedd90092a3a3dee,43d62f5dadd5ef81371bbd8a713ecce359d75772d1c445479691bcf877f295c2,standard,6QP,1,1,0.9803056870410272,0.019098190160133015,0.0005900574499834036,6.008419718126042e-06,5.670579194616806e-08,2.2267332718010217e-10,6.654807998378259e-13
5ff8650eaf53b348fea3,43d62f5dadd5ef81371bbd8a713ecce359d75772d1c445479691bcf877f295c2,standard,2QP,0,1,0.461209965434975,0.4383810250967174,0.10040900946830882,0.0,0.0,0.0,0.0
5ff8650eaf53b348fea3,43d62f5dadd5ef81371bbd8a713ecce359d75772d1c445479691bcf877f295c2,standard,2QP,1,1,0.47753849771716866,0.42731168008401255,0.09514982219881854,0.0,0.0,0.0,0.0
5ff8650eaf53b348fea3,43d62f5dadd5ef81371bbd8a713ecce359d75772d1c445479691bcf877f295c2,standard,4QP,0,1,0.2834719298007083,0.41981772707744164,0.23146425575525234,0.058901823922798836,0.0063442634437943886,0.0,0.0
5ff8650eaf53b348fea3,43d62f5dadd5ef81371bbd8a713ecce359d75772d1c445479691bcf877f295c2,standard,4QP,1,1,0.23623896645355125,0.40108292847908833,0.2680500501429164,0.08418026950566317,0.010447785418781969,0.0,0.0
5ff8650eaf53b348fea3,43d62f5dadd5ef81371bbd8a713ecce359d75772d1c445479691bcf877f295c2,standard,6QP,0,1,0.27174617927820965,0.41144918544120695,0.23719254379890284,0.06769662236382526,0.010837210198066424,0.0010253519757150442,5.290694407588491e-05
5ff8650eaf53b348fea3,43d62f5dadd5ef81371bbd8a713ecce359d75772d1c445479691bcf877f295c2,standard,6QP,1,1,0.20778252310412107,0.3799788831105519,0.28180448355670973,0.10626435006857993,0.021548574968877132,0.0024726959552941086,0.00014848923587169917
eedcf05d26bf3d3dfcbc,2854eeaecd1a9c2eb43945571c0fa36dfddf9b296eb68eec79d912dbce5e697b,standard,2QP,0,1,0.6951988599124204,0.27677978787757385,0.028021352210005283,0.0,0.0,0.0,0.0
eedcf05d26bf3d3dfcbc,2854eeaecd1a9c2eb43945571c0fa36dfddf9b296eb68eec79d912dbce5e697b,standard,2QP,1,1,0.7502241295293263,0.22937784417942542,0.020398026291245857,0.0,0.0,0.0,0.0
eedcf05d26bf3d3dfcbc,2854eeaecd1a9c2eb43945571c0fa36dfddf9b296eb68eec79d912dbce5e697b,standard,4QP,0,1,0.6639600593846204,0.29080149115807463,0.04249246345973605,0.0026668237644885792,7.916223307818377e-05,0.0,0.0
eedcf05d26bf3d3dfcbc,2854eeaecd1a9c2eb43945571c0fa36dfddf9b296eb68eec79d912dbce5e697b,standard,4QP,1,1,0.7214678110175096,0.24353210266428876,0.03262535102639296,0.002298633312043428,7.610197976650771e-05,0.0,0.0
eedcf05d26bf3d3dfcbc,2854eeaecd1a9c2eb43945571c0fa36dfddf9b296eb68eec79d912dbce5e697b,standard,6QP,0,1,0.6638740406170406,0.2908192940000039,0.0425289415998912,0.002687794932601476,8.824121509611713e-05,1.6693679607765912e-06,1.826740535524447e-08
eedcf05d26bf3d3dfcbc,2854eeaecd1a9c2eb43945571c0fa36dfddf9b296eb68eec79d912dbce5e697b,standard,6QP,1,1,0.7213610262263724,0.2435609678886088,0.03266854761168269,0.0023216879026314997,8.600745342340161e-05,1.7427255016489006e-06,2.0191776498238747e-08
b9aff34e301579722fa9,7d5b6f7f8e201a03368b3b28aba65d5197754bd531f9afc05ee9a5dfbddbcd3e,standard,2QP,0,1,0.4269077336858441,0.46393239262982217,0.10915987368433439,0.0,0.0,0.0,0.0
b9aff34e301579722fa9,7d5b6f7f8e201a03368b3b28aba65d5197754bd531f9afc05ee9a5dfbddbcd3e,standard,2QP,1,1,0.4821500645568362,0.42132276169083427,0.09652717375233015,0.0,0.0,0.0,0.0
b9aff34e301579722fa9,7d5b6f7f8e201a03368b3b28aba65d5197754bd531f9afc05ee9a5dfbddbcd3e,standard,4QP,0,1,0.23419496152296237,0.4247499993708619,0.2582320114182702,0.07425468817164597,0.008568339516257304,0.0,0.0
b9aff34e301579722fa9,7d5b6f7f8e201a03368b3b28aba65d5197754bd531f9afc05ee9a5dfbddbcd3e,standard,4QP,1,1,0.18854825475963083,0.37049563097537264,0.31223984252127324,0.11290220004281222,0.015814071700906016,0.0,0.0
b9aff34e301579722fa9,7d5b6f7f8e201a03368b3b28aba65d5197754bd531f9afc05ee9a5dfbddbcd3e,standard,6QP,0,1,0.21741385259368937,0.40864646706056684,0.2655390009258352,0.08968196697090038,0.01669005785804886,0.0019124513056192392,0.0001162032853382895
b9aff34e301579722fa9,7d5b6f7f8e201a03368b3b28aba65d5197754bd531f9afc05ee9a5dfbddbcd3e,standard,6QP,1,1,0.060647632136194916,0.26607984104341104,0.377154396467391,0.21751390159546094,0.06671410806331057,0.010981103088558056,0.0009090176056761002
d4fa67015c5c63b6e68a,43d62f5dadd5ef81371bbd8a713ecce359d75772d1c445479691bcf877f295c2,standard,2QP,0,1,0.036286274096974734,0.9259302077432308,0.037783518159796005,0.0,0.0,0.0,0.0
d4fa67015c5c63b6e68a,43d62f5dadd5ef81371bbd8a713ecce359d75772d1c445479691bcf877f295c2,standard,2QP,1,1,0.9559161862101059,0.04184656105017209,0.0022372527397223545,0.0,0.0,0.0,0.0
d4fa67015c5c63b6e68a,43d62f5dadd5ef81371bbd8a713ecce359d75772d1c445479691bcf877f295c2,standard,4QP,0,1,0.03547638012826514,0.9168780653256359,0.04468837980275927,0.0029029003438922193,5.427439944813284e-05,0.0,0.0
d4fa67015c5c63b6e68a,43d62f5dadd5ef81371bbd8a713ecce359d75772d1c445479691bcf877f295c2,standard,4QP,1,1,0.9549315989060321,0.042228609406689085,0.002777463943014033,6.121548671317005e-05,1.112257552268815e-06,0.0,0.0
d4fa67015c5c63b6e68a,43d62f5dadd5ef81371bbd8a713ecce359d75772d1c445479691bcf877f295c2,standard,6QP,0,1,0.03547403859876188,0.9168529659182567,0.044696441283278876,0.0029174858403405043,5.8097128687077524e-05,9.641376370263729e-07,7.093048170681652e-09
d4fa67015c5c63b6e68a,43d62f5dadd5ef81371bbd8a713ecce359d75772d1c445479691bcf877f295c2,standard,6QP,1,1,0.9549310177547473,0.0422287410972589,0.0027777518405640643,6.130260025227822e-05,1.176932214673547e-06,9.717513122960148e-09,5.744613827124186e-11
7e88a5750e5b1d2b7cac,43d62f5dadd5ef81371bbd8a713ecce359d75772d1c445479691bcf877f295c2,standard,2QP,0,1,0.0006780681530824185,0.9964220036175926,0.002899928229324657,0.0,0.0,0.0,0.0
7e88a5750e5b1d2b7cac,43d62f5dadd5ef81371bbd8a713ecce359d75772d1c445479691bcf877f295c2,standard,2QP,1,1,0.9971671891000606,0.0028208603940898286,1.1950505851367727e-05,0.0,0.0,0.0,0.0
7e88a5750e5b1d2b7cac,43d62f5dadd5ef81371bbd8a713ecce359d75772d1c445479691bcf877f295c2,standard,4QP,0,1,0.0006781391174627469,0.9963716488785865,0.0029371262086514706,1.3067207374064444e-05,1.8587928726714462e-08,0.0,0.0
7e88a5750e5b1d2b7cac,43d62f5dadd5ef81371bbd8a713ecce359d75772d1c445479691bcf877f295c2,standard,4QP,1,1,0.9971668540400472,0.0028209973085243055,1.2130927825415116e-05,1.7700872636059026e-08,2.2726805204627222e-11,0.0,0.0
7e88a5750e5b1d2b7cac,43d62f5dadd5ef81371bbd8a713ecce359d75772d1c445479691bcf877f295c2,standard,6QP,0,1,0.0006781391171795469,0.9963716482155957,0.00293712642354573,1.3067545612299777e-05,1.8674866447808496e-08,2.322897485466974e-11,1.253728724013999e-14
7e88a5750e5b1d2b7cac,43d62f5dadd5ef81371bbd8a713ecce359d75772d1c445479691bcf877f295c2,standard,6QP,1,1,0.9971668540392903,0.002820997308726656,1.2130928187289489e-05,1.77009775844247e-08,2.281342809082311e-11,1.2578505446153995e-14,5.0452696249140835e-18
6d67f3aeeefa57c2ab12,43d62f5dadd5ef81371bbd8a713ecce359d75772d1c445479691bcf877f295c2,standard,2QP,0,1,0.6869822200583837,0.28275339568717467,0.030264384254443666,0.0,0.0,0.0,0.0
6d67f3aeeefa57c2ab12,43d62f5dadd5ef81371bbd8a713ecce359d75772d1c445479691bcf877f295c2,standard,2QP,1,1,0.7277822427263813,0.24860293453240603,0.023614822741212866,0.0,0.0,0.0,0.0
6d67f3aeeefa57c2ab12,43d62f5dadd5ef81371bbd8a713ecce359d75772d1c445479691bcf877f295c2,standard,4QP,0,1,0.6520600264838443,0.29767274133628,0.047009520149341386,0.003157426587128963,0.0001002854434005899,0.0,0.0
6d67f3aeeefa57c2ab12,43d62f5dadd5ef81371bbd8a713ecce359d75772d1c445479691bcf877f295c2,standard,4QP,1,1,0.6919847926554217,0.26547313282337565,0.039345641138159373,0.0030851454638398863,0.00011128791919860244,0.0,0.0
6d67f3aeeefa57c2ab12,43d62f5dadd5ef81371bbd8a713ecce359d75772d1c445479691bcf877f295c2,standard,6QP,0,1,0.6519501806678193,0.29769163060303316,0.04705777791878414,0.0031856627477255977,0.00011245448438068909,2.26720035756452e-06,2.6377903119139504e-08
6d67f3aeeefa57c2ab12,43d62f5dadd5ef81371bbd8a713ecce359d75772d1c445479691bcf877f295c2,standard,6QP,1,1,0.6918244124466993,0.2655104904686876,0.0394126649405361,0.0031225314790078217,0.00012704962320425584,2.8158770537288343e-06,3.5164814336317024e-08
754e0535e56e35e8dd25,43d62f5dadd5ef81371bbd8a713ecce359d75772d1c445479691bcf877f295c2,standard,2QP,0,1,0.33405889057360466,0.558878261295458,0.10706284813093567,0.0,0.0,0.0,0.0
754e0535e56e35e8dd25,43d62f5dadd5ef81371bbd8a713ecce359d75772d1c445479691bcf877f295c2,standard,2QP,1,1,0.629514714155506,0.3027724814467907,0.0677128043977043,0.0,0.0,0.0,0.0
754e0535e56e35e8dd25,43d62f5dadd5ef81371bbd8a713ecce359d75772d1c445479691bcf877f295c2,standard,4QP,0,1,0.20854955177784637,0.5178224438197783,0.2098150189419235,0.0584180501508793,0.005394935309572938,0.0,0.0
754e0535e56e35e8dd25,43d62f5dadd5ef81371bbd8a713ecce359d75772d1c445479691bcf877f295c2,standard,4QP,1,1,0.40497793118140113,0.3164784569984752,0.22205954226721758,0.05038515026088247,0.006098919292021326,0.0,0.0
754e0535e56e35e8dd25,43d62f5dadd5ef81371bbd8a713ecce359d75772d1c445479691bcf877f295c2,standard,6QP,0,1,0.20176744732051166,0.5096122230129196,0.21304154328422328,0.0661073252525934,0.008633524012351661,0.0008022863835052363,3.5650733894944496e-05
754e0535e56e35e8dd25,43d62f5dadd5ef81371bbd8a713ecce359d75772d1c445479691bcf877f295c2,standard,6QP,1,1,0.3818127592446709,0.3095554163233821,0.23543990040280044,0.06057219811747645,0.011546675650964991,0.0010176729949276406,5.53772657766065e-05
040828c8d119fb38db3a,2854eeaecd1a9c2eb43945571c0fa36dfddf9b296eb68eec79d912dbce5e697b,standard,2QP,0,1,0.2323456382351644,0.6860010371950003,0.08165332456983274,0.0,0.0,0.0,0.0
040828c8d119fb38db3a,2854eeaecd1a9c2eb43945571c0fa36dfddf9b296eb68eec79d912dbce5e697b,standard,2QP,1,1,0.8322896452122509,0.14878262884866955,0.01892772593908013,0.0,0.0,0.0,0.0
040828c8d119fb38db3a,2854eeaecd1a9c2eb43945571c0fa36dfddf9b296eb68eec79d912dbce5e697b,standard,4QP,0,1,0.19227914258528692,0.6683661758472654,0.12138082972638903,0.0171918822769629,0.0007819695640931088,0.0,0.0
040828c8d119fb38db3a,2854eeaecd1a9c2eb43945571c0fa36dfddf9b296eb68eec79d912dbce5e697b,standard,4QP,1,1,0.8036797721111357,0.158135235317253,0.035233369956975874,0.002808032745933809,0.00014358986870045422,0.0,0.0
040828c8d119fb38db3a,2854eeaecd1a9c2eb43945571c0fa36dfddf9b296eb68eec79d912dbce5e697b,standard,6QP,0,1,0.19186308241169586,0.6678459695448573,0.12166038801693047,0.01765810661703588,0.0009351273301381243,3.663580213531915e-05,6.902772062877955e-07
040828c8d119fb38db3a,2854eeaecd1a9c2eb43945571c0fa36dfddf9b296eb68eec79d912dbce5e697b,standard,6QP,1,1,0.803447421900351,0.1581645165583582,0.035357318235045655,0.0028559939955661437,0.00017014013737494456,4.529418581045631e-06,7.97547263779346e-08
4c226f2bdf2e8aca3a24,2854eeaecd1a9c2eb43945571c0fa36dfddf9b296eb68eec79d912dbce5e697b,standard,2QP,0,1,0.14733858910012956,0.820887041964801,0.031774368935070005,0.0,0.0,0.0,0.0
4c226f2bdf2e8aca3a24,2854eeaecd1a9c2eb43945571c0fa36dfddf9b296eb68eec79d912dbce5e697b,standard,2QP,1,1,0.9610557134117974,0.03765755470326876,0.0012867318849344622,0.0,0.0,0.0,0.0
4c226f2bdf2e8aca3a24,2854eeaecd1a9c2eb43945571c0fa36dfddf9b296eb68eec79d912dbce5e697b,standard,4QP,0,1,0.14317988840495813,0.8186544119411148,0.03678933873917749,0.0013593131770741423,1.7047737675029765e-05,0.0,0.0
4c226f2bdf2e8aca3a24,2854eeaecd1a9c2eb43945571c0fa36dfddf9b296eb68eec79d912dbce5e697b,standard,4QP,1,1,0.9606609841502315,0.037848131073218064,0.001468009562075822,2.263748653217743e-05,2.3772794395531436e-07,0.0,0.0
4c226f2bdf2e8aca3a24,2854eeaecd1a9c2eb43945571c0fa36dfddf9b296eb68eec79d912dbce5e697b,standard,6QP,0,1,0.14317782377818128,0.8186510940395615,0.03679148234501112,0.0013616427642980833,1.779711410169451e-05,1.5926034114592816e-07,6.985055199315789e-10
4c226f2bdf2e8aca3a24,2854eeaecd1a9c2eb43945571c0fa36dfddf9b296eb68eec79d912dbce5e697b,standard,6QP,1,1,0.9606609030084878,0.03784815645658275,0.0014680433580353037,2.265014278169723e-05,2.457762988817624e-07,1.2535968267241382e-09,4.2162776247534656e-12
30c8ca76c1afe7a83536,43d62f5dadd5ef81371bbd8a713ecce359d75772d1c445479691bcf877f295c2,standard,2QP,0,1,0.9841371227731659,0.01578750797271619,7.536925411207444e-05,0.0,0.0,0.0,0.0
30c8ca76c1afe7a83536,43d62f5dadd5ef81371bbd8a713ecce359d75772d1c445479691bcf877f295c2,standard,2QP,1,1,0.9902627014082781,0.009714382208429944,2.2916383293101934e-05,0.0,0.0,0.0,0.0
30c8ca76c1afe7a83536,43d62f5dadd5ef81371bbd8a713ecce359d75772d1c445479691bcf877f295c2,standard,4QP,0,1,0.9841336861016546,0.015789901720694166,7.630376472823273e-05,1.083354263201769e-07,7.749952173179171e-11,0.0,0.0
30c8ca76c1afe7a83536,43d62f5dadd5ef81371bbd8a713ecce359d75772d1c445479691bcf877f295c2,standard,4QP,1,1,0.99026177128535,0.009715056834897384,2.3138077690087563e-05,3.377694060750396e-08,2.5118863840147043e-11,0.0,0.0
30c8ca76c1afe7a83536,43d62f5dadd5ef81371bbd8a713ecce359d75772d1c445479691bcf877f295c2,standard,6QP,0,1,0.9841336860984577,0.015789901722526558,7.630376556342581e-05,1.083358139816483e-07,7.767241639097718e-11,3.207255974662019e-14,7.931271292953759e-18
30c8ca76c1afe7a83536,43d62f5dadd5ef81371bbd8a713ecce359d75772d1c445479691bcf877f295c2,standard,6QP,1,1,0.9902617712844116,0.009715056835446283,2.3138077924306e-05,3.377706576479258e-08,2.5177095287765405e-11,1.0546876987242824e-14,2.5370779581458003e-18
0a6df50c7146220f8180,43d62f5dadd5ef81371bbd8a713ecce359d75772d1c445479691bcf877f295c2,standard,2QP,0,1,0.35945921855735946,0.5144359443290513,0.12610483711358986,0.0,0.0,0.0,0.0
0a6df50c7146220f8180,43d62f5dadd5ef81371bbd8a713ecce359d75772d1c445479691bcf877f295c2,standard,2QP,1,1,0.5089479515015225,0.3875426133086502,0.10350943518982579,0.0,0.0,0.0,0.0
0a6df50c7146220f8180,43d62f5dadd5ef81371bbd8a713ecce359d75772d1c445479691bcf877f295c2,standard,4QP,0,1,0.2057838083867265,0.45494573354920564,0.25190380615064367,0.07839673180570915,0.008969920107719477,0.0,0.0
0a6df50c7146220f8180,43d62f5dadd5ef81371bbd8a713ecce359d75772d1c445479691bcf877f295c2,standard,4QP,1,1,0.2054599797172101,0.3348499472765707,0.3280320249804524,0.11384372084071993,0.017814327185045803,0.0,0.0
0a6df50c7146220f8180,43d62f5dadd5ef81371bbd8a713ecce359d75772d1c445479691bcf877f295c2,standard,6QP,0,1,0.19395672085548993,0.44061077692966416,0.2564325033774379,0.0914074178776027,0.015683329846702163,0.0018056124614835051,0.00010363865162635923
0a6df50c7146220f8180,43d62f5dadd5ef81371bbd8a713ecce359d75772d1c445479691bcf877f295c2,standard,6QP,1,1,0.11006986773510309,0.26725332469047663,0.3765151077827818,0.18189426740986986,0.05543793557483147,0.008153991886487593,0.0006755049204507585
1b4ed646e44ba6949d55,43d62f5dadd5ef81371bbd8a713ecce359d75772d1c445479691bcf877f295c2,standard,2QP,0,1,0.6089373701465045,0.38305332368560907,0.00800930616788296,0.0,0.0,0.0,0.0
1b4ed646e44ba6949d55,43d62f5dadd5ef81371bbd8a713ecce359d75772d1c445479691bcf877f295c2,standard,2QP,1,1,0.9792493916165507,0.02046772872019164,0.00028287966325793223,0.0,0.0,0.0,0.0
1b4ed646e44ba6949d55,43d62f5dadd5ef81371bbd8a713ecce359d75772d1c445479691bcf877f295c2,standard,4QP,0,1,0.6057286392437945,0.3855042522162154,0.008658046966909203,0.00010851593997458676,5.456331071080341e-07,0.0,0.0
1b4ed646e44ba6949d55,43d62f5dadd5ef81371bbd8a713ecce359d75772d1c445479691bcf877f295c2,standard,4QP,1,1,0.9792094513878506,0.020490395289452568,0.0002981655458512392,1.979686811584737e-06,8.090032451529203e-09,0.0,0.0
1b4ed646e44ba6949d55,43d62f5dadd5ef81371bbd8a713ecce359d75772d1c445479691bcf877f295c2,standard,6QP,0,1,0.6057284576875653,0.38550436091269424,0.008658083698584536,0.0001085410841092692,5.548503656675393e-07,1.763738278223524e-09,2.9668427558848592e-12
1b4ed646e44ba6949d55,43d62f5dadd5ef81371bbd8a713ecce359d75772d1c445479691bcf877f295c2,standard,6QP,1,1,0.9792094501821752,0.020490395769869205,0.000298165967167075,1.9798696105683133e-06,8.19421926888524e-09,1.6934102494922723e-11,2.161653382239984e-14
4abc5fe57b0f30fedacd,2854eeaecd1a9c2eb43945571c0fa36dfddf9b296eb68eec79d912dbce5e697b,standard,2QP,0,1,0.5440986926972272,0.4261621829342671,0.029739124368504954,0.0,0.0,0.0,0.0
4abc5fe57b0f30fedacd,2854eeaecd1a9c2eb43945571c0fa36dfddf9b296eb68eec79d912dbce5e697b,standard,2QP,1,1,0.9022763845822165,0.09250271524822364,0.005220900169560408,0.0,0.0,0.0,0.0
4abc5fe57b0f30fedacd,2854eeaecd1a9c2eb43945571c0fa36dfddf9b296eb68eec79d912dbce5e697b,standard,4QP,0,1,0.5205196375823453,0.43822915901549486,0.03928539727069537,0.0019275496624223264,3.825646904530421e-05,0.0,0.0
4abc5fe57b0f30fedacd,2854eeaecd1a9c2eb43945571c0fa36dfddf9b296eb68eec79d912dbce5e697b,standard,4QP,1,1,0.8988122117502285,0.09428830943804711,0.006682252921253375,0.00021327938962939684,3.9465008445295365e-06,0.0,0.0
4abc5fe57b0f30fedacd,2854eeaecd1a9c2eb43945571c0fa36dfddf9b296eb68eec79d912dbce5e697b,standard,6QP,0,1,0.5204926474978658,0.43823522266449777,0.03929560668569773,0.001934926929686931,4.1051752212571627e-05,5.406638019091598e-07,3.806240366115337e-09
4abc5fe57b0f30fedacd,2854eeaecd1a9c2eb43945571c0fa36dfddf9b296eb68eec79d912dbce5e697b,standard,6QP,1,1,0.8988094243407502,0.09428923031268052,0.0066833485347315,0.00021375504357507287,4.199844053829694e-06,4.166812760424779e-08,2.5608051501150885e-10
39fbba7159d8cdcc4283,43d62f5dadd5ef81371bbd8a713ecce359d75772d1c445479691bcf877f295c2,standard,2QP,0,1,0.4341192101846147,0.45772945992710795,0.10815132988827729,0.0,0.0,0.0,0.0
39fbba7159d8cdcc4283,43d62f5dadd5ef81371bbd8a713ecce359d75772d1c445479691bcf877f295c2,standard,2QP,1,1,0.49012539280847206,0.4162960292574964,0.09357857793403021,0.0,0.0,0.0,0.0
39fbba7159d8cdcc4283,43d62f5dadd5ef81371bbd8a713ecce359d75772d1c445479691bcf877f295c2,standard,4QP,0,1,0.2783304715970817,0.4345623484039768,0.22708284297035033,0.05451230916571032,0.005512027862881483,0.0,0.0
39fbba7159d8cdcc4283,43d62f5dadd5ef81371bbd8a713ecce359d75772d1c445479691bcf877f295c2,standard,4QP,1,1,0.20777800696734122,0.38057648554337975,0.2973193827913762,0.10107136889532627,0.01325475580257678,0.0,0.0
39fbba7159d8cdcc4283,43d62f5dadd5ef81371bbd8a713ecce359d75772d1c445479691bcf877f295c2,standard,6QP,0,1,0.2702066819323175,0.4284068005232615,0.23111563616980443,0.06080658318866851,0.00867826477020831,0.0007504970629382275,3.553635280504671e-05
39fbba7159d8cdcc4283,43d62f5dadd5ef81371bbd8a713ecce359d75772d1c445479691bcf877f295c2,standard,6QP,1,1,0.14145547804468897,0.33972410085405635,0.3351333638726472,0.14641867956350899,0.032970412880477994,0.004037153670879934,0.00026081111374702494
f01a6c83763f65ab48a1,43d62f5dadd5ef81371bbd8a713ecce359d75772d1c445479691bcf877f295c2,standard,2QP,0,1,0.4257115545445623,0.4657993484919895,0.10848909696344719,0.0,0.0,0.0,0.0
f01a6c83763f65ab48a1,43d62f5dadd5ef81371bbd8a713ecce359d75772d1c445479691bcf877f295c2,standard,2QP,1,1,0.4921077395680171,0.4107282880282065,0.09716397240377884,0.0,0.0,0.0,0.0
f01a6c83763f65ab48a1,43d62f5dadd5ef81371bbd8a713ecce359d75772d1c445479691bcf877f295c2,standard,4QP,0,1,0.24792279671501596,0.432279588989523,0.24348580862396682,0.06858602739534946,0.007725778276143019,0.0,0.0
f01a6c83763f65ab48a1,43d62f5dadd5ef81371bbd8a713ecce359d75772d1c445479691bcf877f295c2,standard,4QP,1,1,0.23651302047495548,0.37991816798589945,0.2817806060281668,0.08982657376212898,0.01196163174884556,0.0,0.0
f01a6c83763f65ab48a1,43d62f5dadd5ef81371bbd8a713ecce359d75772d1c445479691bcf877f295c2,standard,6QP,0,1,0.23445864855039486,0.42030351118799214,0.24954058449674624,0.08037199234741617,0.013787000475764173,0.0014572540103792173,8.100893131597077e-05
f01a6c83763f65ab48a1,43d62f5dadd5ef81371bbd8a713ecce359d75772d1c445479691bcf877f295c2,standard,6QP,1,1,0.2017238950985538,0.35407752904504547,0.29803545878265353,0.1163864984687729,0.026331846818086164,0.003231793155890818,0.0002129786309963327
ef9b217c65492c3fe9a5,43d62f5dadd5ef81371bbd8a713ecce359d75772d1c445479691bcf877f295c2,standard,2QP,0,1,0.5863529315303547,0.3607496749568813,0.05289739351276511,0.0,0.0,0.0,0.0
ef9b217c65492c3fe9a5,43d62f5dadd5ef81371bbd8a713ecce359d75772d1c445479691bcf877f295c2,standard,2QP,1,1,0.655543671057702,0.30882235566818633,0.035633973274111656,0.0,0.0,0.0,0.0
ef9b217c65492c3fe9a5,43d62f5dadd5ef81371bbd8a713ecce359d75772d1c445479691bcf877f295c2,standard,4QP,0,1,0.5236921990478824,0.37832150411878385,0.08956737614607227,0.008079460010568048,0.0003394606766943491,0.0,0.0
ef9b217c65492c3fe9a5,43d62f5dadd5ef81371bbd8a713ecce359d75772d1c445479691bcf877f295c2,standard,4QP,1,1,0.5839956963829787,0.3344288957684811,0.07232489098334195,0.008798943033707663,0.0004515738314904934,0.0,0.0
ef9b217c65492c3fe9a5,43d62f5dadd5ef81371bbd8a713ecce359d75772d1c445479691bcf877f295c2,standard,6QP,0,1,0.5233145723074809,0.3783088634522799,0.08976227978266077,0.008208492125843776,0.00039452661848221994,1.1084355850795497e-05,1.813574005111903e-07
ef9b217c65492c3fe9a5,43d62f5dadd5ef81371bbd8a713ecce359d75772d1c445479691bcf877f295c2,standard,6QP,1,1,0.5830046984660372,0.33453016113845024,0.07281853454007807,0.009074626873954961,0.0005529047947207529,1.871628307395656e-05,3.579036875143587e-07
7313134c5d4cf23278ea,43d62f5dadd5ef81371bbd8a713ecce359d75772d1c445479691bcf877f295c2,standard,2QP,0,1,0.4336293556663599,0.45215479360882865,0.11421585072481065,0.0,0.0,0.0,0.0
7313134c5d4cf23278ea,43d62f5dadd5ef81371bbd8a713ecce359d75772d1c445479691bcf877f295c2,standard,2QP,1,1,0.4486370081673974,0.4418921296124133,0.10947086222018701,0.0,0.0,0.0,0.0
7313134c5d4cf23278ea,43d62f5dadd5ef81371bbd8a713ecce359d75772d1c445479691bcf877f295c2,standard,4QP,0,1,0.2383775266494911,0.4098531062698897,0.2632566053183912,0.0787072917458792,0.009805470016349523,0.0,0.0
7313134c5d4cf23278ea,43d62f5dadd5ef81371bbd8a713ecce359d75772d1c445479691bcf877f295c2,standard,4QP,1,1,0.19400455457565635,0.3847385403856669,0.29866742125327467,0.10737136864457436,0.015218115140831384,0.0,0.0
7313134c5d4cf23278ea,43d62f5dadd5ef81371bbd8a713ecce359d75772d1c445479691bcf877f295c2,standard,6QP,0,1,0.22023752722729512,0.39309249772394633,0.2707033242440263,0.0947745639933011,0.018827041188820632,0.0022242486333084004,0.00014079698930316987
7313134c5d4cf23278ea,43d62f5dadd5ef81371bbd8a713ecce359d75772d1c445479691bcf877f295c2,standard,6QP,1,1,0.1537846505420403,0.34523832355458134,0.31399244844881263,0.14479326717897809,0.03656063848835152,0.005244043911550343,0.0003866278756863999
a0e9bffb74c745e9bc3d,43d62f5dadd5ef81371bbd8a713ecce359d75772d1c445479691bcf877f295c2,standard,2QP,0,1,0.7006568899731423,0.2726866170845728,0.026656492942288074,0.0,0.0,0.0,0.0
a0e9bffb74c745e9bc3d,43d62f5dadd5ef81371bbd8a713ecce359d75772d1c445479691bcf877f295c2,standard,2QP,1,1,0.7766669183972618,0.20949887174200107,0.01383420986073723,0.0,0.0,0.0,0.0
a0e9bffb74c745e9bc3d,43d62f5dadd5ef81371bbd8a713ecce359d75772d1c445479691bcf877f295c2,standard,4QP,0,1,0.6781165681910483,0.2829451756583385,0.03721573679261397,0.0016856676861060724,3.6851671889761625e-05,0.0,0.0
a0e9bffb74c745e9bc3d,43d62f5dadd5ef81371bbd8a713ecce359d75772d1c445479691bcf877f295c2,standard,4QP,1,1,0.7618312601019946,0.21742070135617253,0.019659632394740358,0.001061932537335123,2.6473609753579533e-05,0.0,0.0
a0e9bffb74c745e9bc3d,43d62f5dadd5ef81371bbd8a713ecce359d75772d1c445479691bcf877f295c2,standard,6QP,0,1,0.6780876485013905,0.28295185366893005,0.03722815778596218,0.0016921670322165656,3.963008135789702e-05,5.386073959575263e-07,4.322753352655894e-09
a0e9bffb74c745e9bc3d,43d62f5dadd5ef81371bbd8a713ecce359d75772d1c445479691bcf877f295c2,standard,6QP,1,1,0.7618028626362265,0.21742966307668155,0.019670606548763726,0.0010676059678186264,2.8824410620674243e-05,4.3362664332366383e-07,3.733255012841397e-09
806f8c8c3d4a85a6bfd2,43d62f5dadd5ef81371bbd8a713ecce359d75772d1c445479691bcf877f295c2,standard,2QP,0,1,0.33841552337121966,0.5551698470899573,0.10641462953882447,0.0,0.0,0.0,0.0
806f8c8c3d4a85a6bfd2,43d62f5dadd5ef81371bbd8a713ecce359d75772d1c445479691bcf877f295c2,standard,2QP,1,1,0.6404400250153518,0.2971110576106611,0.0624489173739878,0.0,0.0,0.0,0.0
806f8c8c3d4a85a6bfd2,43d62f5dadd5ef81371bbd8a713ecce359d75772d1c445479691bcf877f295c2,standard,4QP,0,1,0.23091640828268964,0.5243557510904312,0.19533786705180503,0.045666186738399346,0.0037237868366725066,0.0,0.0
806f8c8c3d4a85a6bfd2,43d62f5dadd5ef81371bbd8a713ecce359d75772d1c445479691bcf877f295c2,standard,4QP,1,1,0.42645011535967553,0.31344881937531505,0.20833435957833424,0.04643654788641313,0.005330157800263914,0.0,0.0
806f8c8c3d4a85a6bfd2,43d62f5dadd5ef81371bbd8a713ecce359d75772d1c445479691bcf877f295c2,standard,6QP,0,1,0.22701438364969403,0.520216846928793,0.19736924815131465,0.049617456432224885,0.005361754579878002,0.00040510779522823996,1.5202462859622542e-05
806f8c8c3d4a85a6bfd2,43d62f5dadd5ef81371bbd8a713ecce359d75772d1c445479691bcf877f295c2,standard,6QP,1,1,0.39983744165402385,0.3074004244282111,0.22511797303576492,0.056833104200895726,0.00995931015188826,0.0008107886809959015,4.095784821581166e-05
9d62048d12aebaec9027,2854eeaecd1a9c2eb43945571c0fa36dfddf9b296eb68eec79d912dbce5e697b,standard,2QP,0,1,0.023862291605641975,0.9439208099776566,0.032216898416700473,0.0,0.0,0.0,0.0
9d62048d12aebaec9027,2854eeaecd1a9c2eb43945571c0fa36dfddf9b296eb68eec79d912dbce5e697b,standard,2QP,1,1,0.9653275639496576,0.03311843673452457,0.0015539993158188012,0.0,0.0,0.0,0.0
9d62048d12aebaec9027,2854eeaecd1a9c2eb43945571c0fa36dfddf9b296eb68eec79d912dbce5e697b,standard,4QP,0,1,0.023522549264479824,0.9376083675506879,0.03677314199330621,0.0020644647439908652,3.147644753415927e-05,0.0,0.0
9d62048d12aebaec9027,2854eeaecd1a9c2eb43945571c0fa36dfddf9b296eb68eec79d912dbce5e697b,standard,4QP,1,1,0.9648035695487077,0.0333124069500235,0.0018500945516441696,3.3411660949653856e-05,5.172886752935324e-07,0.0,0.0
9d62048d12aebaec9027,2854eeaecd1a9c2eb43945571c0fa36dfddf9b296eb68eec79d912dbce5e697b,standard,6QP,0,1,0.023522007426838836,0.9375966304077843,0.0367766334694285,0.002071132636249949,3.313161102784237e-05,4.6169321689554207e-07,2.755457702271528e-09
9d62048d12aebaec9027,2854eeaecd1a9c2eb43945571c0fa36dfddf9b296eb68eec79d912dbce5e697b,standard,6QP,1,1,0.9648033757915544,0.033312449718285286,0.001850191091064768,3.344007880926789e-05,5.397719723648874e-07,3.5317653813879745e-09,1.6545991508625746e-11
9bac3b782b90776545bc,2854eeaecd1a9c2eb43945571c0fa36dfddf9b296eb68eec79d912dbce5e697b,standard,2QP,0,1,0.5417718185300896,0.4278389777111209,0.030389203758790638,0.0,0.0,0.0,0.0
9bac3b782b90776545bc,2854eeaecd1a9c2eb43945571c0fa36dfddf9b296eb68eec79d912dbce5e697b,standard,2QP,1,1,0.9064835921639531,0.08954329496745628,0.003973112868593318,0.0,0.0,0.0,0.0
9bac3b782b90776545bc,2854eeaecd1a9c2eb43945571c0fa36dfddf9b296eb68eec79d912dbce5e697b,standard,4QP,0,1,0.5225383341778915,0.43737763915757394,0.038601402912015415,0.0014591906441263328,2.343310839299151e-05,0.0,0.0
9bac3b782b90776545bc,2854eeaecd1a9c2eb43945571c0fa36dfddf9b296eb68eec79d912dbce5e697b,standard,4QP,1,1,0.9044163213703029,0.09066727083061883,0.0047891428868408244,0.00012545800879326012,1.806903443075647e-06,0.0,0.0
9bac3b782b90776545bc,2854eeaecd1a9c2eb43945571c0fa36dfddf9b296eb68eec79d912dbce5e697b,standard,6QP,0,1,0.5225250899096892,0.43738083289048557,0.038606560515724815,0.00146253287505333,2.4724383190159314e-05,2.579498680869789e-07,1.4759871259020151e-09
9bac3b782b90776545bc,2854eeaecd1a9c2eb43945571c0fa36dfddf9b296eb68eec79d912dbce5e697b,standard,6QP,1,1,0.9044153699502213,0.09066761428985519,0.004789493435437002,0.0001256179255466406,1.8897157212307956e-06,1.4615334480970048e-08,6.788416580405919e-11
83b18b83af4d0dd9fe49,43d62f5dadd5ef81371bbd8a713ecce359d75772d1c445479691bcf877f295c2,standard,2QP,0,1,0.5735324836958337,0.3729552514081916,0.05351226489597297,0.0,0.0,0.0,0.0
83b18b83af4d0dd9fe49,43d62f5dadd5ef81371bbd8a713ecce359d75772d1c445479691bcf877f295c2,standard,2QP,1,1,0.6574350850039273,0.30202976760810246,0.04053514738796902,0.0,0.0,0.0,0.0
83b18b83af4d0dd9fe49,43d62f5dadd5ef81371bbd8a713ecce359d75772d1c445479691bcf877f295c2,standard,4QP,0,1,0.4963442344815515,0.39396699447983163,0.09793290086086001,0.011189294876711036,0.0005665753010425555,0.0,0.0
83b18b83af4d0dd9fe49,43d62f5dadd5ef81371bbd8a713ecce359d75772d1c445479691bcf877f295c2,standard,4QP,1,1,0.5697713310047187,0.3310780071044944,0.08718983230586815,0.011300224267933106,0.0006606053169855514,0.0,0.0
83b18b83af4d0dd9fe49,43d62f5dadd5ef81371bbd8a713ecce359d75772d1c445479691bcf877f295c2,standard,6QP,0,1,0.49556283510040067,0.39390539933821,0.09832824472626324,0.011486959347709592,0.0006916490939238089,2.4427014746952728e-05,4.853787426382956e-07
83b18b83af4d0dd9fe49,43d62f5dadd5ef81371bbd8a713ecce359d75772d1c445479691bcf877f295c2,standard,6QP,1,1,0.5683771456251195,0.33113703559554647,0.08788254641483619,0.01173055027192719,0.0008395820767490359,3.243349268464344e-05,7.065231371943437e-07
1f6cfac0d3b7caa7965a,2854eeaecd1a9c2eb43945571c0fa36dfddf9b296eb68eec79d912dbce5e697b,standard,2QP,0,1,0.33699557348887815,0.601240724456835,0.061763702054287266,0.0,0.0,0.0,0.0
1f6cfac0d3b7caa7965a,2854eeaecd1a9c2eb43945571c0fa36dfddf9b296eb68eec79d912dbce5e697b,standard,2QP,1,1,0.8493801397769744,0.1366760938672303,0.013943766355797051,0.0,0.0,0.0,0.0
1f6cfac0d3b7caa7965a,2854eeaecd1a9c2eb43945571c0fa36dfddf9b296eb68eec79d912dbce5e697b,standard,4QP,0,1,0.29105664247726304,0.6060017139852338,0.09266932610739312,0.009900524101961825,0.0003717933281519642,0.0,0.0
1f6cfac0d3b7caa7965a,2854eeaecd1a9c2eb43945571c0fa36dfddf9b296eb68eec79d912dbce5e697b,standard,4QP,1,1,0.8319883904986524,0.14366885753147837,0.02286271765285591,0.001425669043266604,5.436527374689016e-05,0.0,0.0
1f6cfac0d3b7caa7965a,2854eeaecd1a9c2eb43945571c0fa36dfddf9b296eb68eec79d912dbce5e697b,standard,6QP,0,1,0.2907924266548716,0.6058787198735248,0.09281604855709404,0.010069631196941344,0.0004305767502191251,1.2416687133849338e-05,1.802802124571798e-07
1f6cfac0d3b7caa7965a,2854eeaecd1a9c2eb43945571c0fa36dfddf9b296eb68eec79d912dbce5e697b,standard,6QP,1,1,0.8319138791999398,0.14368385124240673,0.022898495247267,0.0014402278252076983,6.224280349661983e-05,1.2865866555864834e-06,1.7095025061250703e-08
487ea51e2ab4028a10ef,2854eeaecd1a9c2eb43945571c0fa36dfddf9b296eb68eec79d912dbce5e697b,standard,2QP,0,1,0.05142565244156081,0.8975804551934721,0.050993892364968985,0.0,0.0,0.0,0.0
487ea51e2ab4028a10ef,2854eeaecd1a9c2eb43945571c0fa36dfddf9b296eb68eec79d912dbce5e697b,standard,2QP,1,1,0.9373092794684288,0.05829046765343186,0.0044002528781382074,0.0,0.0,0.0,0.0
487ea51e2ab4028a10ef,2854eeaecd1a9c2eb43945571c0fa36dfddf9b296eb68eec79d912dbce5e697b,standard,4QP,0,1,0.04904238154731741,0.8820456692407359,0.06289449122228649,0.005869566842183515,0.00014789114747781507,0.0,0.0
487ea51e2ab4028a10ef,2854eeaecd1a9c2eb43945571c0fa36dfddf9b296eb68eec79d912dbce5e697b,standard,4QP,1,1,0.934587109828525,0.05925227504031695,0.005962444585552706,0.00019303800438367268,5.132541220164669e-06,0.0,0.0
487ea51e2ab4028a10ef,2854eeaecd1a9c2eb43945571c0fa36dfddf9b296eb68eec79d912dbce5e697b,standard,6QP,0,1,0.04903232748737298,0.8819582528606877,0.06292036289367922,0.005923350376077887,0.0001618726586200671,3.795291277457352e-06,3.843228266029275e-08
487ea51e2ab4028a10ef,2854eeaecd1a9c2eb43945571c0fa36dfddf9b296eb68eec79d912dbce5e697b,standard,6QP,1,1,0.9345836198453608,0.059252954224735976,0.005964241155255005,0.0001935840705648074,5.5357044984873025e-06,6.446525143732355e-08,5.343358437889785e-10
7a8326144f759a673336,2854eeaecd1a9c2eb43945571c0fa36dfddf9b296eb68eec79d912dbce5e697b,standard,2QP,0,1,0.5770152660408188,0.3717951210491331,0.0511896129100468,0.0,0.0,0.0,0.0
7a8326144f759a673336,2854eeaecd1a9c2eb43945571c0fa36dfddf9b296eb68eec79d912dbce5e697b,standard,2QP,1,1,0.6981726912693984,0.2726656402033191,0.029161668527282584,0.0,0.0,0.0,0.0
7a8326144f759a673336,2854eeaecd1a9c2eb43945571c0fa36dfddf9b296eb68eec79d912dbce5e697b,standard,4QP,0,1,0.520026812843873,0.38875673335856215,0.08382787711667244,0.0071128885492832035,0.0002756881316066121,0.0,0.0
7a8326144f759a673336,2854eeaecd1a9c2eb43945571c0fa36dfddf9b296eb68eec79d912dbce5e697b,standard,4QP,1,1,0.6504666710635568,0.29146689203124226,0.05266825987901934,0.005169486618009329,0.00022869040816959557,0.0,0.0
7a8326144f759a673336,2854eeaecd1a9c2eb43945571c0fa36dfddf9b296eb68eec79d912dbce5e697b,standard,6QP,0,1,0.519731803036819,0.38875590913921343,0.0839751248610908,0.00721170545580481,0.0003170618157884956,8.271329893640203e-06,1.2436138674164676e-07
7a8326144f759a673336,2854eeaecd1a9c2eb43945571c0fa36dfddf9b296eb68eec79d912dbce5e697b,standard,6QP,1,1,0.6500222428341895,0.291541698282765,0.05287974276231104,0.0052779297449074645,0.000270616799768204,7.644372251776169e-06,1.252038110272957e-07
9b64fe57e3791db23146,7d5b6f7f8e201a03368b3b28aba65d5197754bd531f9afc05ee9a5dfbddbcd3e,standard,2QP,0,1,0.3533583765316314,0.5307594641200423,0.11588215934832545,0.0,0.0,0.0,0.0
9b64fe57e3791db23146,7d5b6f7f8e201a03368b3b28aba65d5197754bd531f9afc05ee9a5dfbddbcd3e,standard,2QP,1,1,0.5575384623766434,0.3569998113365745,0.0854617262867802,0.0,0.0,0.0,0.0
9b64fe57e3791db23146,7d5b6f7f8e201a03368b3b28aba65d5197754bd531f9afc05ee9a5dfbddbcd3e,standard,4QP,0,1,0.19146362093826763,0.4718211982633157,0.24892122846136555,0.07909692281550773,0.00869702952154481,0.0,0.0
9b64fe57e3791db23146,7d5b6f7f8e201a03368b3b28aba65d5197754bd531f9afc05ee9a5dfbddbcd3e,standard,4QP,1,1,0.24699076706042955,0.3294013309689173,0.31145060594588375,0.09788231635802688,0.014274979666741074,0.0,0.0
9b64fe57e3791db23146,7d5b6f7f8e201a03368b3b28aba65d5197754bd531f9afc05ee9a5dfbddbcd3e,standard,6QP,0,1,0.17757076344195336,0.4533410971594419,0.2543481341485322,0.0958657983341371,0.01672820036220076,0.0020266924989737587,0.0001193140547606773
9b64fe57e3791db23146,7d5b6f7f8e201a03368b3b28aba65d5197754bd531f9afc05ee9a5dfbddbcd3e,standard,6QP,1,1,0.1179823386750678,0.2505411095403273,0.3836471503019095,0.18028711609352052,0.05811573929973294,0.008693731482937424,0.0007328146065041469
758601b901518248aa79,7d5b6f7f8e201a03368b3b28aba65d5197754bd531f9afc05ee9a5dfbddbcd3e,standard,2QP,0,1,0.35362345783817706,0.5307338102752323,0.11564273188658966,0.0,0.0,0.0,0.0
758601b901518248aa79,7d5b6f7f8e201a03368b3b28aba65d5197754bd531f9afc05ee9a5dfbddbcd3e,standard,2QP,1,1,0.5517814659573125,0.3598626274064462,0.08835590663624153,0.0,0.0,0.0,0.0
758601b901518248aa79,7d5b6f7f8e201a03368b3b28aba65d5197754bd531f9afc05ee9a5dfbddbcd3e,standard,4QP,0,1,0.17356828505847188,0.46069653319080195,0.26158530919961676,0.09308186005924342,0.011068012491865583,0.0,0.0
758601b901518248aa79,7d5b6f7f8e201a03368b3b28aba65d5197754bd531f9afc05ee9a5dfbddbcd3e,standard,4QP,1,1,0.24740020941525426,0.3309527838990558,0.31017669080293025,0.09707021416801426,0.014400101714743561,0.0,0.0
758601b901518248aa79,7d5b6f7f8e201a03368b3b28aba65d5197754bd531f9afc05ee9a5dfbddbcd3e,standard,6QP,0,1,0.15306415335091242,0.4303351696972853,0.26805251405565106,0.12017953183942444,0.0246017461842776,0.003530120017266836,0.00023676485518308785
758601b901518248aa79,7d5b6f7f8e201a03368b3b28aba65d5197754bd531f9afc05ee9a5dfbddbcd3e,standard,6QP,1,1,0.18274558680886777,0.28533801973075446,0.3387795297447204,0.14258907120259928,0.043639262209237584,0.006378810237346162,0.0005297200664751724
f6b7e85f9fc6bb7f0ffe,43d62f5dadd5ef81371bbd8a713ecce359d75772d1c445479691bcf877f295c2,standard,2QP,0,1,0.8732576260279219,0.12201163724382157,0.004730736728256064,0.0,0.0,0.0,0.0
f6b7e85f9fc6bb7f0ffe,43d62f5dadd5ef81371bbd8a713ecce359d75772d1c445479691bcf877f295c2,standard,2QP,1,1,0.9172934275197939,0.08097360503693725,0.001732967443271544,0.0,0.0,0.0,0.0
f6b7e85f9fc6bb7f0ffe,43d62f5dadd5ef81371bbd8a713ecce359d75772d1c445479691bcf877f295c2,standard,4QP,0,1,0.8715652910968587,0.12306023030498368,0.005303293589731947,7.071587926881838e-05,4.691291577588134e-07,0.0,0.0
f6b7e85f9fc6bb7f0ffe,43d62f5dadd5ef81371bbd8a713ecce359d75772d1c445479691bcf877f295c2,standard,4QP,1,1,0.9166816241243277,0.08138371414917253,0.0019071752157304486,2.7292921038211694e-05,1.935897318075046e-07,0.0,0.0
f6b7e85f9fc6bb7f0ffe,43d62f5dadd5ef81371bbd8a713ecce359d75772d1c445479691bcf877f295c2,standard,6QP,0,1,0.8715651356022533,0.12306030223330118,0.005303342649752387,7.073854693011487e-05,4.790907316359324e-07,1.8726864463337347e-09,4.3667256976745564e-12
f6b7e85f9fc6bb7f0ffe,43d62f5dadd5ef81371bbd8a713ecce359d75772d1c445479691bcf877f295c2,standard,6QP,1,1,0.9166815582237344,0.08138374630499165,0.0019071939729069056,2.7302687149520803e-05,1.9800483981143822e-07,8.045064242400536e-10,1.8771741884132233e-12
f8ab4106ec4869b09a4a,2854eeaecd1a9c2eb43945571c0fa36dfddf9b296eb68eec79d912dbce5e697b,standard,2QP,0,1,0.8991177565291522,0.0978735625459421,0.0030086809249031932,0.0,0.0,0.0,0.0
f8ab4106ec4869b09a4a,2854eeaecd1a9c2eb43945571c0fa36dfddf9b296eb68eec79d912dbce5e697b,standard,2QP,1,1,0.9355474767552221,0.06342488064824545,0.0010276425965313144,0.0,0.0,0.0,0.0
f8ab4106ec4869b09a4a,2854eeaecd1a9c2eb43945571c0fa36dfddf9b296eb68eec79d912dbce5e697b,standard,4QP,0,1,0.8982374961360329,0.0984403000349506,0.00328818842338531,3.384018612207695e-05,1.7521950928844857e-07,0.0,0.0
f8ab4106ec4869b09a4a,2854eeaecd1a9c2eb43945571c0fa36dfddf9b296eb68eec79d912dbce5e697b,standard,4QP,1,1,0.9352754327866936,0.06361378134733583,0.0010994524811305858,1.1275390179577327e-05,5.7994658257064766e-08,0.0,0.0
f8ab4106ec4869b09a4a,2854eeaecd1a9c2eb43945571c0fa36dfddf9b296eb68eec79d912dbce5e697b,standard,6QP,0,1,0.8982374478540649,0.09844032413374272,0.0032882026561484212,3.3846658676788447e-05,1.7815462905177973e-07,5.417591987165545e-10,9.800478961140931e-13
f8ab4106ec4869b09a4a,2854eeaecd1a9c2eb43945571c0fa36dfddf9b296eb68eec79d912dbce5e697b,standard,6QP,1,1,0.9352754178820012,0.0636137892850114,0.0010994563138792828,1.1277402991031469e-05,5.8942710411977735e-08,1.7311898968655678e-10,2.870273288020392e-13
7c7f2d73f1c04b8faf35,43d62f5dadd5ef81371bbd8a713ecce359d75772d1c445479691bcf877f295c2,standard,2QP,0,1,0.023739142042070633,0.9406397623454533,0.035621095612474694,0.0,0.0,0.0,0.0
7c7f2d73f1c04b8faf35,43d62f5dadd5ef81371bbd8a713ecce359d75772d1c445479691bcf877f295c2,standard,2QP,1,1,0.9601932111799467,0.037851547562044244,0.0019552412580101496,0.0,0.0,0.0,0.0
7c7f2d73f1c04b8faf35,43d62f5dadd5ef81371bbd8a713ecce359d75772d1c445479691bcf877f295c2,standard,4QP,0,1,0.023492218589596495,0.9326469551653813,0.04124604867651699,0.002570215081835807,4.456248667294321e-05,0.0,0.0
7c7f2d73f1c04b8faf35,43d62f5dadd5ef81371bbd8a713ecce359d75772d1c445479691bcf877f295c2,standard,4QP,1,1,0.9594363258557345,0.03812705765723013,0.00238681488353568,4.892397998103932e-05,8.776235199788989e-07,0.0,0.0
7c7f2d73f1c04b8faf35,43d62f5dadd5ef81371bbd8a713ecce359d75772d1c445479691bcf877f295c2,standard,6QP,0,1,0.023491139369481637,0.9326275765185879,0.041251614639942855,0.0025815593853657443,4.7332044372814674e-05,7.725952458031879e-07,5.4470077867890884e-09
7c7f2d73f1c04b8faf35,43d62f5dadd5ef81371bbd8a713ecce359d75772d1c445479691bcf877f295c2,standard,6QP,1,1,0.9594359110457574,0.038127142624278014,0.0023870311585029876,4.898339389749566e-05,9.244606872178214e-07,7.2736618982925694e-09,4.322045386917377e-11
15f54d3a810bc90c22a2,43d62f5dadd5ef81371bbd8a713ecce359d75772d1c445479691bcf877f295c2,standard,2QP,0,1,0.44428600820753505,0.449258586089649,0.10645540570281553,0.0,0.0,0.0,0.0
15f54d3a810bc90c22a2,43d62f5dadd5ef81371bbd8a713ecce359d75772d1c445479691bcf877f295c2,standard,2QP,1,1,0.4721490405377277,0.4279600489756105,0.09989091048665982,0.0,0.0,0.0,0.0
15f54d3a810bc90c22a2,43d62f5dadd5ef81371bbd8a713ecce359d75772d1c445479691bcf877f295c2,standard,4QP,0,1,0.26060648591170676,0.42034723672183644,0.24438956413703225,0.06702031205898447,0.007636401170439831,0.0,0.0
15f54d3a810bc90c22a2,43d62f5dadd5ef81371bbd8a713ecce359d75772d1c445479691bcf877f295c2,standard,4QP,1,1,0.22213282958694275,0.3914257241386747,0.28155523101750757,0.09268596514777194,0.012200250109103165,0.0,0.0
15f54d3a810bc90c22a2,43d62f5dadd5ef81371bbd8a713ecce359d75772d1c445479691bcf877f295c2,standard,6QP,0,1,0.24664674687129495,0.40894345940733867,0.25080300010632733,0.07845903912916931,0.013648315276258694,0.0014199723670143953,7.946684259651565e-05
15f54d3a810bc90c22a2,43d62f5dadd5ef81371bbd8a713ecce359d75772d1c445479691bcf877f295c2,standard,6QP,1,1,0.1885819082151856,0.364152455468248,0.2967671070514011,0.12015689718457671,0.026775429150140268,0.0033470906536227905,0.00021911227682174374
98ea51e5d549017e0752,43d62f5dadd5ef81371bbd8a713ecce359d75772d1c445479691bcf877f295c2,standard,2QP,0,1,0.40477451926858204,0.5002906105283106,0.09493487020310952,0.0,0.0,0.0,0.0
98ea51e5d549017e0752,43d62f5dadd5ef81371bbd8a713ecce359d75772d1c445479691bcf877f295c2,standard,2QP,1,1,0.6060891670828918,0.32772816718245157,0.06618266573465564,0.0,0.0,0.0,0.0
98ea51e5d549017e0752,43d62f5dadd5ef81371bbd8a713ecce359d75772d1c445479691bcf877f295c2,standard,4QP,0,1,0.2717967349500893,0.48601988208557445,0.1937923667863219,0.04457084240009906,0.0038201737779163685,0.0,0.0
98ea51e5d549017e0752,43d62f5dadd5ef81371bbd8a713ecce359d75772d1c445479691bcf877f295c2,standard,4QP,1,1,0.4040795370579658,0.3470712873447773,0.19996471789287942,0.04420293660585715,0.0046815210985181955,0.0,0.0
98ea51e5d549017e0752,43d62f5dadd5ef81371bbd8a713ecce359d75772d1c445479691bcf877f295c2,standard,6QP,0,1,0.26633343561466344,0.48177196604789263,0.19662502611676308,0.049061414549141306,0.005751908220508318,0.00043905291448148966,1.7196536551217027e-05
98ea51e5d549017e0752,43d62f5dadd5ef81371bbd8a713ecce359d75772d1c445479691bcf877f295c2,standard,6QP,1,1,0.38866672025185256,0.3427322401970363,0.20870899903808132,0.051185163844539194,0.008043302242719956,0.0006343918522669401,2.9182573501394225e-05
47b3780e3bd14f6efb9a,2854eeaecd1a9c2eb43945571c0fa36dfddf9b296eb68eec79d912dbce5e697b,standard,2QP,0,1,0.5303752069545865,0.43240413792733856,0.03722065511807524,0.0,0.0,0.0,0.0
47b3780e3bd14f6efb9a,2854eeaecd1a9c2eb43945571c0fa36dfddf9b296eb68eec79d912dbce5e697b,standard,2QP,1,1,0.8753326320947739,0.11784105284985652,0.006826315055371048,0.0,0.0,0.0,0.0
47b3780e3bd14f6efb9a,2854eeaecd1a9c2eb43945571c0fa36dfddf9b296eb68eec79d912dbce5e697b,standard,4QP,0,1,0.5033903127143872,0.4441191838739815,0.04999428022482546,0.002445432382061035,5.0790804744849047e-05,0.0,0.0
47b3780e3bd14f6efb9a,2854eeaecd1a9c2eb43945571c0fa36dfddf9b296eb68eec79d912dbce5e697b,standard,4QP,1,1,0.8705303906014089,0.1203252944503046,0.008818255237273762,0.00031980520788862644,6.254503126003772e-06,0.0,0.0
47b3780e3bd14f6efb9a,2854eeaecd1a9c2eb43945571c0fa36dfddf9b296eb68eec79d912dbce5e697b,standard,6QP,0,1,0.5033567342751164,0.44412443407447133,0.05000851536411726,0.002455048373112237,5.451363251178882e-05,7.486230878931991e-07,5.657584088918843e-09
47b3780e3bd14f6efb9a,2854eeaecd1a9c2eb43945571c0fa36dfddf9b296eb68eec79d912dbce5e697b,standard,6QP,1,1,0.870525910262732,0.12032675877074527,0.008819999729138795,0.00032060380555120726,6.655758815170092e-06,7.121542793049434e-08,4.5758894357732925e-10
4dc4f742d92369c89923,2854eeaecd1a9c2eb43945571c0fa36dfddf9b296eb68eec79d912dbce5e697b,standard,2QP,0,1,0.5087916010737418,0.4407329987307881,0.05047540019547339,0.0,0.0,0.0,0.0
4dc4f742d92369c89923,2854eeaecd1a9c2eb43945571c0fa36dfddf9b296eb68eec79d912dbce5e697b,standard,2QP,1,1,0.8051800799291018,0.17917259015992398,0.01564732991097309,0.0,0.0,0.0,0.0
4dc4f742d92369c89923,2854eeaecd1a9c2eb43945571c0fa36dfddf9b296eb68eec79d912dbce5e697b,standard,4QP,0,1,0.46372241019566157,0.45507785145425095,0.07544451474655622,0.0055805189547009325,0.00017470464882952575,0.0,0.0
4dc4f742d92369c89923,2854eeaecd1a9c2eb43945571c0fa36dfddf9b296eb68eec79d912dbce5e697b,standard,4QP,1,1,0.7872150063641884,0.1872698273615932,0.023961701604916265,0.0015048129228414971,4.865174646052058e-05,0.0,0.0
4dc4f742d92369c89923,2854eeaecd1a9c2eb43945571c0fa36dfddf9b296eb68eec79d912dbce5e697b,standard,6QP,0,1,0.46357525599886,0.4550769053476743,0.07551518277634803,0.005633157722984514,0.00019525240759274586,4.1958965217780535e-06,4.985002269991776e-08
4dc4f742d92369c89923,2854eeaecd1a9c2eb43945571c0fa36dfddf9b296eb68eec79d912dbce5e697b,standard,6QP,1,1,0.7871562836179954,0.18728399652097408,0.023987525567569924,0.0015169025320962849,5.4272810062487864e-05,1.0077225730032763e-06,1.1228730136938547e-08
9bfd482c27995affd66e,2854eeaecd1a9c2eb43945571c0fa36dfddf9b296eb68eec79d912dbce5e697b,standard,2QP,0,1,0.6254977198817144,0.3349668868680197,0.03953539325026724,0.0,0.0,0.0,0.0
9bfd482c27995affd66e,2854eeaecd1a9c2eb43945571c0fa36dfddf9b296eb68eec79d912dbce5e697b,standard,2QP,1,1,0.7262994588110369,0.2473231890691137,0.026377352119851472,0.0,0.0,0.0,0.0
9bfd482c27995affd66e,2854eeaecd1a9c2eb43945571c0fa36dfddf9b296eb68eec79d912dbce5e697b,standard,4QP,0,1,0.5755661340738024,0.3538959407167703,0.0649254570677579,0.005408603801525679,0.00020386434014749448,0.0,0.0
9bfd482c27995affd66e,2854eeaecd1a9c2eb43945571c0fa36dfddf9b296eb68eec79d912dbce5e697b,standard,4QP,1,1,0.6821898421996527,0.2663502299099816,0.047105359025412546,0.004179014743884886,0.00017555412106601766,0.0,0.0
9bfd482c27995affd66e,2854eeaecd1a9c2eb43945571c0fa36dfddf9b296eb68eec79d912dbce5e697b,standard,6QP,0,1,0.5753154022280407,0.353919611819417,0.06504021760359968,0.005483511449844008,0.00023525140280974282,5.9208346363364135e-06,8.466165121795905e-08
9bfd482c27995affd66e,2854eeaecd1a9c2eb43945571c0fa36dfddf9b296eb68eec79d912dbce5e697b,standard,6QP,1,1,0.6818908990438576,0.266408417349393,0.04723821820537029,0.004250683114381352,0.00020629451252727622,5.406062872951464e-06,8.171159970163815e-08
3dcf73f2245ce66d1e4e,43d62f5dadd5ef81371bbd8a713ecce359d75772d1c445479691bcf877f295c2,standard,2QP,0,1,0.5010546712150776,0.44387283036464487,0.055072498420279656,0.0,0.0,0.0,0.0
3dcf73f2245ce66d1e4e,43d62f5dadd5ef81371bbd8a713ecce359d75772d1c445479691bcf877f295c2,standard,2QP,1,1,0.7796377614738844,0.20071523114124173,0.019647007384875247,0.0,0.0,0.0,0.0
3dcf73f2245ce66d1e4e,43d62f5dadd5ef81371bbd8a713ecce359d75772d1c445479691bcf877f295c2,standard,4QP,0,1,0.4498840695519263,0.4579780324946929,0.08487519982846191,0.007017988983964704,0.00024470914095574433,0.0,0.0
3dcf73f2245ce66d1e4e,43d62f5dadd5ef81371bbd8a713ecce359d75772d1c445479691bcf877f295c2,standard,4QP,1,1,0.7512253701674859,0.2126728133973859,0.03339145508704865,0.002606980274828688,0.00010338107325185618,0.0,0.0
3dcf73f2245ce66d1e4e,43d62f5dadd5ef81371bbd8a713ecce359d75772d1c445479691bcf877f295c2,standard,6QP,0,1,0.4496729121172949,0.45795978630382245,0.08498231070382448,0.007101145787492773,0.00027705176050128456,6.703112395358642e-06,9.021466548458936e-08
3dcf73f2245ce66d1e4e,43d62f5dadd5ef81371bbd8a713ecce359d75772d1c445479691bcf877f295c2,standard,6QP,1,1,0.7510655292602251,0.2127040818754788,0.0334663870689464,0.002642200495489074,0.00011896442306453171,2.7973725895696556e-06,3.950420246413248e-08
9b64fe57e3791db23146,da0f830a8e7cf8900d6a4ead858f6b77b8f28f75bdb5dbeaf82ef07eeb78c498,standard,2QP,0,1,0.32950095967215354,0.5423719155699397,0.1281271247579057,0.0,0.0,0.0,0.0
9b64fe57e3791db23146,da0f830a8e7cf8900d6a4ead858f6b77b8f28f75bdb5dbeaf82ef07eeb78c498,standard,2QP,1,1,0.5392834663543671,0.36119409021420856,0.09952244343142394,0.0,0.0,0.0,0.0
9b64fe57e3791db23146,da0f830a8e7cf8900d6a4ead858f6b77b8f28f75bdb5dbeaf82ef07eeb78c498,standard,4QP,0,1,0.1890054936961042,0.47488382985790334,0.24668973251967496,0.08042636342140824,0.008994580504906589,0.0,0.0
9b64fe57e3791db23146,da0f830a8e7cf8900d6a4ead858f6b77b8f28f75bdb5dbeaf82ef07eeb78c498,standard,4QP,1,1,0.22769315703938278,0.3173331839334475,0.3296644199319556,0.10789743141063667,0.017411807684574666,0.0,0.0
9b64fe57e3791db23146,da0f830a8e7cf8900d6a4ead858f6b77b8f28f75bdb5dbeaf82ef07eeb78c498,standard,6QP,0,1,0.17821404515886555,0.4599027545950779,0.25060723390897544,0.09375157548095761,0.015577853032193013,0.001842509348856126,0.00010402847507369866
9b64fe57e3791db23146,da0f830a8e7cf8900d6a4ead858f6b77b8f28f75bdb5dbeaf82ef07eeb78c498,standard,6QP,1,1,0.12363315421834553,0.25267591530812084,0.3853688909944034,0.1744013040424039,0.0553592894950375,0.00789150346356421,0.000669942478125172
b9aff34e301579722fa9,da0f830a8e7cf8900d6a4ead858f6b77b8f28f75bdb5dbeaf82ef07eeb78c498,standard,2QP,0,1,0.40332640495368277,0.4730051872281232,0.1236684078181947,0.0,0.0,0.0,0.0
b9aff34e301579722fa9,da0f830a8e7cf8900d6a4ead858f6b77b8f28f75bdb5dbeaf82ef07eeb78c498,standard,2QP,1,1,0.4585982323955132,0.43047261560385036,0.11092915200063716,0.0,0.0,0.0,0.0
b9aff34e301579722fa9,da0f830a8e7cf8900d6a4ead858f6b77b8f28f75bdb5dbeaf82ef07eeb78c498,standard,4QP,0,1,0.23262246144222992,0.42499166599772464,0.2583862423172126,0.07504861963551224,0.008951010607321555,0.0,0.0
b9aff34e301579722fa9,da0f830a8e7cf8900d6a4ead858f6b77b8f28f75bdb5dbeaf82ef07eeb78c498,standard,4QP,1,1,0.16547849528597655,0.35751436297756495,0.3296154162284174,0.12782628147581337,0.01956544403222491,0.0,0.0
b9aff34e301579722fa9,da0f830a8e7cf8900d6a4ead858f6b77b8f28f75bdb5dbeaf82ef07eeb78c498,standard,6QP,0,1,0.21954726621116807,0.41203444355300506,0.2637467465050522,0.08719429147168879,0.01564834626890147,0.001727089923792756,0.00010181606639108216
b9aff34e301579722fa9,da0f830a8e7cf8900d6a4ead858f6b77b8f28f75bdb5dbeaf82ef07eeb78c498,standard,6QP,1,1,0.07639094943649649,0.2794453545588226,0.3705779345982766,0.20370926702499895,0.05973353778713188,0.009378236653802231,0.0007647199404730991
20707816e6be28f8319f,43d62f5dadd5ef81371bbd8a713ecce359d75772d1c445479691bcf877f295c2,standard,2QP,0,1,0.3567479854131508,0.578125396324149,0.065126618262699,0.0,0.0,0.0,0.0
20707816e6be28f8319f,43d62f5dadd5ef81371bbd8a713ecce359d75772d1c445479691bcf877f295c2,standard,2QP,1,1,0.8253661783640801,0.1568696540668295,0.01776416756908909,0.0,0.0,0.0,0.0
20707816e6be28f8319f,43d62f5dadd5ef81371bbd8a713ecce359d75772d1c445479691bcf877f295c2,standard,4QP,0,1,0.30339859458738794,0.5830657695931792,0.1012008191298991,0.011842858130479684,0.0004919585590551855,0.0,0.0
20707816e6be28f8319f,43d62f5dadd5ef81371bbd8a713ecce359d75772d1c445479691bcf877f295c2,standard,4QP,1,1,0.7985737562926021,0.16706674599434396,0.03186305061688145,0.0023887503137751706,0.00010769678239662394,0.0,0.0
20707816e6be28f8319f,43d62f5dadd5ef81371bbd8a713ecce359d75772d1c445479691bcf877f295c2,standard,6QP,0,1,0.30301081494134907,0.5828811887191625,0.10141563523185043,0.012093575699592818,0.0005798185686677591,1.8661322590086157e-05,3.0551678843122293e-07
20707816e6be28f8319f,43d62f5dadd5ef81371bbd8a713ecce359d75772d1c445479691bcf877f295c2,standard,6QP,1,1,0.7983989149345799,0.16709661333734754,0.03194935617863739,0.002425151019842841,0.00012673991641852647,3.174398519060998e-06,5.021465005740688e-08
2ef1b8822fc6d72fea96,43d62f5dadd5ef81371bbd8a713ecce359d75772d1c445479691bcf877f295c2,standard,2QP,0,1,0.45477191123308847,0.4434229034498691,0.1018051853170428,0.0,0.0,0.0,0.0
2ef1b8822fc6d72fea96,43d62f5dadd5ef81371bbd8a713ecce359d75772d1c445479691bcf877f295c2,standard,2QP,1,1,0.49196702919690766,0.4190364549736026,0.0889965158294883,0.0,0.0,0.0,0.0
2ef1b8822fc6d72fea96,43d62f5dadd5ef81371bbd8a713ecce359d75772d1c445479691bcf877f295c2,standard,4QP,0,1,0.3041689003879133,0.42991554477000293,0.21435453715002167,0.04708391042289821,0.004477107269164254,0.0,0.0
2ef1b8822fc6d72fea96,43d62f5dadd5ef81371bbd8a713ecce359d75772d1c445479691bcf877f295c2,standard,4QP,1,1,0.2186141234149591,0.3938850912643869,0.2833191423935434,0.09278416932213653,0.01139747360497255,0.0,0.0
2ef1b8822fc6d72fea96,43d62f5dadd5ef81371bbd8a713ecce359d75772d1c445479691bcf877f295c2,standard,6QP,0,1,0.29748894724382025,0.4255909337698776,0.21782857231410532,0.05175549842349341,0.006783469231466262,0.0005295329484906086,2.3046068743710068e-05
2ef1b8822fc6d72fea96,43d62f5dadd5ef81371bbd8a713ecce359d75772d1c445479691bcf877f295c2,standard,6QP,1,1,0.1630630568465159,0.36332897870484304,0.31590891562669837,0.12866328948759215,0.025961268314435897,0.0029039143729049557,0.00017057664700689094
e6cdd08816ee95083f14,43d62f5dadd5ef81371bbd8a713ecce359d75772d1c445479691bcf877f295c2,standard,2QP,0,1,0.8369126045461138,0.15694114390656602,0.006146251547321398,0.0,0.0,0.0,0.0
e6cdd08816ee95083f14,43d62f5dadd5ef81371bbd8a713ecce359d75772d1c445479691bcf877f295c2,standard,2QP,1,1,0.9337934859660538,0.06483974675665978,0.0013667672772877779,0.0,0.0,0.0,0.0
e6cdd08816ee95083f14,43d62f5dadd5ef81371bbd8a713ecce359d75772d1c445479691bcf877f295c2,standard,4QP,0,1,0.8345029158130163,0.1584839607719718,0.006914022446815047,9.843016792030688e-05,6.708002748617836e-07,0.0,0.0
e6cdd08816ee95083f14,43d62f5dadd5ef81371bbd8a713ecce359d75772d1c445479691bcf877f295c2,standard,4QP,1,1,0.9333675926494622,0.06511448391514828,0.001497820178367359,1.9965526754512167e-05,1.3773026769656945e-07,0.0,0.0
e6cdd08816ee95083f14,43d62f5dadd5ef81371bbd8a713ecce359d75772d1c445479691bcf877f295c2,standard,6QP,0,1,0.8345026768655585,0.15848407566609599,0.006914093998443668,9.846512860175122e-05,6.855333768590174e-07,2.8012122645398247e-09,6.712264446166597e-12
e6cdd08816ee95083f14,43d62f5dadd5ef81371bbd8a713ecce359d75772d1c445479691bcf877f295c2,standard,6QP,1,1,0.9333675502827047,0.0651145034946943,0.0014978330008880803,1.9971920700721222e-05,1.4075551349370904e-07,5.442568343770775e-10,1.2310075045793397e-12
aac6190fc5e65e251a84,43d62f5dadd5ef81371bbd8a713ecce359d75772d1c445479691bcf877f295c2,standard,2QP,0,1,0.27756314904322626,0.6770457911997105,0.04539105975705908,0.0,0.0,0.0,0.0
aac6190fc5e65e251a84,43d62f5dadd5ef81371bbd8a713ecce359d75772d1c445479691bcf877f295c2,standard,2QP,1,1,0.9259158140804536,0.0706322210543635,0.00345196486518076,0.0,0.0,0.0,0.0
aac6190fc5e65e251a84,43d62f5dadd5ef81371bbd8a713ecce359d75772d1c445479691bcf877f295c2,standard,4QP,0,1,0.2621581913002996,0.6785084130388123,0.05654354235710624,0.0027403289085129743,4.952439527307763e-05,0.0,0.0
aac6190fc5e65e251a84,43d62f5dadd5ef81371bbd8a713ecce359d75772d1c445479691bcf877f295c2,standard,4QP,1,1,0.9241242489024933,0.07149948246100823,0.00426047390766173,0.0001138785317754682,1.9161970601274377e-06,0.0,0.0
aac6190fc5e65e251a84,43d62f5dadd5ef81371bbd8a713ecce359d75772d1c445479691bcf877f295c2,standard,6QP,0,1,0.26214201666489595,0.6785016485914722,0.05655326418592152,0.002749723630539069,5.266539132072347e-05,6.769948038083685e-07,4.541044904330568e-09
aac6190fc5e65e251a84,43d62f5dadd5ef81371bbd8a713ecce359d75772d1c445479691bcf877f295c2,standard,6QP,1,1,0.9241231596184277,0.07149980663653359,0.004260936900849716,0.00011405985242086821,2.0193016123891424e-06,1.7591545166775907e-08,9.8610937949165e-11
b996d43a20904e08c4d6,43d62f5dadd5ef81371bbd8a713ecce359d75772d1c445479691bcf877f295c2,standard,2QP,0,1,0.6265625317363724,0.3699043029643606,0.0035331652992666236,0.0,0.0,0.0,0.0
b996d43a20904e08c4d6,43d62f5dadd5ef81371bbd8a713ecce359d75772d1c445479691bcf877f295c2,standard,2QP,1,1,0.9917036662634321,0.00826103135868184,3.530237788771837e-05,0.0,0.0,0.0,0.0
b996d43a20904e08c4d6,43d62f5dadd5ef81371bbd8a713ecce359d75772d1c445479691bcf877f295c2,standard,4QP,0,1,0.6257808883169153,0.3705645105272717,0.0036398747695475463,1.4700762512991013e-05,2.562374982417732e-08,0.0,0.0
b996d43a20904e08c4d6,43d62f5dadd5ef81371bbd8a713ecce359d75772d1c445479691bcf877f295c2,standard,4QP,1,1,0.9917019896200229,0.008262045143024284,3.5885489011622204e-05,7.964312643995468e-08,1.0481515426909201e-10,0.0,0.0
b996d43a20904e08c4d6,43d62f5dadd5ef81371bbd8a713ecce359d75772d1c445479691bcf877f295c2,standard,6QP,0,1,0.6257808836998914,0.37056451394548673,0.0036398754084644674,1.4701151204193213e-05,2.5767073174447658e-08,2.7917244581807505e-11,1.6518847700388865e-14
b996d43a20904e08c4d6,43d62f5dadd5ef81371bbd8a713ecce359d75772d1c445479691bcf877f295c2,standard,6QP,1,1,0.9917019896148185,0.00826204514527166,3.588549072487488e-05,7.964388906319692e-08,1.0523334013710252e-10,7.228661019383614e-14,3.058947025058275e-17
f052140174eccbc2ca6c,43d62f5dadd5ef81371bbd8a713ecce359d75772d1c445479691bcf877f295c2,standard,2QP,0,1,0.3758192061958168,0.5530528453349003,0.07112794846928489,0.0,0.0,0.0,0.0
f052140174eccbc2ca6c,43d62f5dadd5ef81371bbd8a713ecce359d75772d1c445479691bcf877f295c2,standard,2QP,1,1,0.7824483121037057,0.1921422286368974,0.025409459259397606,0.0,0.0,0.0,0.0
f052140174eccbc2ca6c,43d62f5dadd5ef81371bbd8a713ecce359d75772d1c445479691bcf877f295c2,standard,4QP,0,1,0.30755406689736703,0.5574895589659543,0.11790926111408905,0.016244109359924156,0.0008030036626641651,0.0,0.0
f052140174eccbc2ca6c,43d62f5dadd5ef81371bbd8a713ecce359d75772d1c445479691bcf877f295c2,standard,4QP,1,1,0.7338814483429357,0.20864091236149077,0.052118324087736985,0.005074898800950829,0.00028441640687824514,0.0,0.0
f052140174eccbc2ca6c,43d62f5dadd5ef81371bbd8a713ecce359d75772d1c445479691bcf877f295c2,standard,6QP,0,1,0.3068071949862527,0.557106541065697,0.11832154373817756,0.01674213340617001,0.0009832999887158637,3.8516329385569244e-05,7.70485600827679e-07
f052140174eccbc2ca6c,43d62f5dadd5ef81371bbd8a713ecce359d75772d1c445479691bcf877f295c2,standard,6QP,1,1,0.7332987684108354,0.20870693731329676,0.05241915995707628,0.005211117469849031,0.00035229732212150634,1.1485895445897611e-05,2.3363137851587065e-07
0a1a2e54ba750f41543e,43d62f5dadd5ef81371bbd8a713ecce359d75772d1c445479691bcf877f295c2,standard,2QP,0,1,0.5827731819175154,0.4020144954648658,0.015212322617619583,0.0,0.0,0.0,0.0
0a1a2e54ba750f41543e,43d62f5dadd5ef81371bbd8a713ecce359d75772d1c445479691bcf877f295c2,standard,2QP,1,1,0.9599071562971864,0.03930802281903676,0.0007848208837782461,0.0,0.0,0.0,0.0
0a1a2e54ba750f41543e,43d62f5dadd5ef81371bbd8a713ecce359d75772d1c445479691bcf877f295c2,standard,4QP,0,1,0.5763808838838743,0.40615451401406655,0.017164711863661038,0.000297694672196588,2.195566202606675e-06,0.0,0.0
0a1a2e54ba750f41543e,43d62f5dadd5ef81371bbd8a713ecce359d75772d1c445479691bcf877f295c2,standard,4QP,1,1,0.959725418856957,0.039413714795566226,0.0008514147898673563,9.39141461114642e-06,6.014299889568576e-08,0.0,0.0
0a1a2e54ba750f41543e,43d62f5dadd5ef81371bbd8a713ecce359d75772d1c445479691bcf877f295c2,standard,6QP,0,1,0.5763800833052959,0.406154875167169,0.017164944104125036,0.0002978381333215389,2.248725922956031e-06,1.0536865986776961e-08,2.7314168877575828e-11
0a1a2e54ba750f41543e,43d62f5dadd5ef81371bbd8a713ecce359d75772d1c445479691bcf877f295c2,standard,6QP,1,1,0.9597254043098088,0.03941372062474555,0.0008514198586668923,9.393658339482141e-06,6.133967573614828e-08,2.0833183721329554e-10,4.346129863887882e-13
1a1dfc4aef3691054636,2854eeaecd1a9c2eb43945571c0fa36dfddf9b296eb68eec79d912dbce5e697b,standard,2QP,0,1,0.9067529259169241,0.0906074514475156,0.002639622635557612,0.0,0.0,0.0,0.0
1a1dfc4aef3691054636,2854eeaecd1a9c2eb43945571c0fa36dfddf9b296eb68eec79d912dbce5e697b,standard,2QP,1,1,0.9365330723747705,0.06206597195871464,0.0014009556665145481,0.0,0.0,0.0,0.0
1a1dfc4aef3691054636,2854eeaecd1a9c2eb43945571c0fa36dfddf9b296eb68eec79d912dbce5e697b,standard,4QP,0,1,0.9058511631303827,0.09119703197003245,0.0029137549278349254,3.780604848515639e-05,2.4392326156145065e-07,0.0,0.0
1a1dfc4aef3691054636,2854eeaecd1a9c2eb43945571c0fa36dfddf9b296eb68eec79d912dbce5e697b,standard,4QP,1,1,0.9360688543152429,0.06237261216425296,0.00153803124769561,2.0364113820039626e-05,1.3815898539679704e-07,0.0,0.0
1a1dfc4aef3691054636,2854eeaecd1a9c2eb43945571c0fa36dfddf9b296eb68eec79d912dbce5e697b,standard,6QP,0,1,0.9058510830832555,0.09119707128851445,0.0029137778293189783,3.781761728018707e-05,2.4924240303040044e-07,9.371742596573536e-10,2.0600132415503227e-12
1a1dfc4aef3691054636,2854eeaecd1a9c2eb43945571c0fa36dfddf9b296eb68eec79d912dbce5e697b,standard,6QP,1,1,0.9360688091095537,0.06237263446287858,0.0015380439891937757,2.0370620980990783e-05,1.4128388201445086e-07,5.323532276727394e-10,1.1620924537296036e-12
744794de22ccf2a05b13,43d62f5dadd5ef81371bbd8a713ecce359d75772d1c445479691bcf877f295c2,standard,2QP,0,1,0.924324306535784,0.07406682756336881,0.0016088659008501808,0.0,0.0,0.0,0.0
744794de22ccf2a05b13,43d62f5dadd5ef81371bbd8a713ecce359d75772d1c445479691bcf877f295c2,standard,2QP,1,1,0.9572690964587718,0.042255939757438125,0.00047496378378698666,0.0,0.0,0.0,0.0
744794de22ccf2a05b13,43d62f5dadd5ef81371bbd8a713ecce359d75772d1c445479691bcf877f295c2,standard,4QP,0,1,0.9239885525917556,0.0742904191615476,0.0017090310737318175,1.1955608117873667e-05,4.156484551965074e-08,0.0,0.0
744794de22ccf2a05b13,43d62f5dadd5ef81371bbd8a713ecce359d75772d1c445479691bcf877f295c2,standard,4QP,1,1,0.9571818313805337,0.042316435220704086,0.000498171118411256,3.5494477279485755e-06,1.2832621360660757e-08,0.0,0.0
744794de22ccf2a05b13,43d62f5dadd5ef81371bbd8a713ecce359d75772d1c445479691bcf877f295c2,standard,6QP,0,1,0.9239885445844949,0.07429042334890806,0.0017090333116523378,1.195664798273567e-05,4.202146056468239e-08,8.541905093427718e-11,1.0344015327517295e-13
744794de22ccf2a05b13,43d62f5dadd5ef81371bbd8a713ecce359d75772d1c445479691bcf877f295c2,standard,6QP,1,1,0.9571818291079944,0.04231643640013182,0.0004981717230565494,3.549763323206764e-06,1.297896728874058e-08,2.6508025293099024e-11,3.121668895089774e-14
f9fe709dd40c0157c2f0,43d62f5dadd5ef81371bbd8a713ecce359d75772d1c445479691bcf877f295c2,standard,2QP,0,1,0.8539419648731154,0.1407998632373525,0.005258171889530992,0.0,0.0,0.0,0.0
f9fe709dd40c0157c2f0,43d62f5dadd5ef81371bbd8a713ecce359d75772d1c445479691bcf877f295c2,standard,2QP,1,1,0.9313677733570165,0.0667287242608929,0.0019035023820879486,0.0,0.0,0.0,0.0
f9fe709dd40c0157c2f0,43d62f5dadd5ef81371bbd8a713ecce359d75772d1c445479691bcf877f295c2,standard,4QP,0,1,0.8515240572163092,0.14236869055109333,0.005998683900137099,0.0001076564710960071,9.118613717453928e-07,0.0,0.0
f9fe709dd40c0157c2f0,43d62f5dadd5ef81371bbd8a713ecce359d75772d1c445479691bcf877f295c2,standard,4QP,1,1,0.9306370508377232,0.06718223704901391,0.002145087918436318,3.531725388272877e-05,3.0694094009289865e-07,0.0,0.0
f9fe709dd40c0157c2f0,43d62f5dadd5ef81371bbd8a713ecce359d75772d1c445479691bcf877f295c2,standard,6QP,0,1,0.8515236704301435,0.1423688744778467,0.005998795821577688,0.00010771670687780906,9.378438689910265e-07,4.706186271471336e-09,1.3517118559751297e-11
f9fe709dd40c0157c2f0,43d62f5dadd5ef81371bbd8a713ecce359d75772d1c445479691bcf877f295c2,standard,6QP,1,1,0.9306369353047892,0.06718228839723382,0.002145123958663304,3.533514850947639e-05,3.156962657607878e-07,1.490437383106565e-09,4.1009292601053e-12
998e01718f913a243a0f,43d62f5dadd5ef81371bbd8a713ecce359d75772d1c445479691bcf877f295c2,standard,2QP,0,1,0.05039013517007208,0.9111576500444855,0.038452214785441946,0.0,0.0,0.0,0.0
998e01718f913a243a0f,43d62f5dadd5ef81371bbd8a713ecce359d75772d1c445479691bcf877f295c2,standard,2QP,1,1,0.95686970019216,0.04130840225633866,0.0018218975514991695,0.0,0.0,0.0,0.0
998e01718f913a243a0f,43d62f5dadd5ef81371bbd8a713ecce359d75772d1c445479691bcf877f295c2,standard,4QP,0,1,0.049273207166539476,0.9036509459448345,0.044771592221801194,0.002268041613822301,3.621305300056535e-05,0.0,0.0
998e01718f913a243a0f,43d62f5dadd5ef81371bbd8a713ecce359d75772d1c445479691bcf877f295c2,standard,4QP,1,1,0.956199818090301,0.04158796619743658,0.0021691868457561284,4.2393820228855314e-05,6.350462745234129e-07,0.0,0.0
998e01718f913a243a0f,43d62f5dadd5ef81371bbd8a713ecce359d75772d1c445479691bcf877f295c2,standard,6QP,0,1,0.04927138784087011,0.9036381877058239,0.04477632069330174,0.002275355283919258,3.824068232223318e-05,5.046804469982156e-07,3.11332387190958e-09
998e01718f913a243a0f,43d62f5dadd5ef81371bbd8a713ecce359d75772d1c445479691bcf877f295c2,standard,6QP,1,1,0.9561995449468651,0.04158803394270897,0.002169317124128908,4.2435354443218065e-05,6.639457277605855e-07,4.663070584409303e-09,2.3050029478192793e-11
8bc054e85af0d9ea970a,2854eeaecd1a9c2eb43945571c0fa36dfddf9b296eb68eec79d912dbce5e697b,standard,2QP,0,1,0.3774080923167448,0.5550180382718337,0.06757386941142295,0.0,0.0,0.0,0.0
8bc054e85af0d9ea970a,2854eeaecd1a9c2eb43945571c0fa36dfddf9b296eb68eec79d912dbce5e697b,standard,2QP,1,1,0.812199879828025,0.1697465297676825,0.01805359040429058,0.0,0.0,0.0,0.0
8bc054e85af0d9ea970a,2854eeaecd1a9c2eb43945571c0fa36dfddf9b296eb68eec79d912dbce5e697b,standard,4QP,0,1,0.32598454755602874,0.5604732884271173,0.10268533771881631,0.010452901427390937,0.00040392487064650493,0.0,0.0
8bc054e85af0d9ea970a,2854eeaecd1a9c2eb43945571c0fa36dfddf9b296eb68eec79d912dbce5e697b,standard,4QP,1,1,0.7881420689552796,0.17914430032633455,0.030396414499686483,0.002226449724132357,9.076649456796218e-05,0.0,0.0
8bc054e85af0d9ea970a,2854eeaecd1a9c2eb43945571c0fa36dfddf9b296eb68eec79d912dbce5e697b,standard,6QP,0,1,0.32568451598421655,0.5603620807132959,0.10285001083378217,0.010623542040382525,0.0004661483752330584,1.3497100970372447e-05,2.0495211743300877e-07
8bc054e85af0d9ea970a,2854eeaecd1a9c2eb43945571c0fa36dfddf9b296eb68eec79d912dbce5e697b,standard,6QP,1,1,0.7880143062150833,0.17916721938932653,0.030458358045409643,0.002253551086719476,0.00010417299190613937,2.35904615666428e-06,3.322539919912785e-08
376e68452ba47fdc6258,2854eeaecd1a9c2eb43945571c0fa36dfddf9b296eb68eec79d912dbce5e697b,standard,2QP,0,1,0.155255451477176,0.7712609995220523,0.07348354900077128,0.0,0.0,0.0,0.0
376e68452ba47fdc6258,2854eeaecd1a9c2eb43945571c0fa36dfddf9b296eb68eec79d912dbce5e697b,standard,2QP,1,1,0.8727320761609496,0.1138431455373419,0.01342477830170674,0.0,0.0,0.0,0.0
376e68452ba47fdc6258,2854eeaecd1a9c2eb43945571c0fa36dfddf9b296eb68eec79d912dbce5e697b,standard,4QP,0,1,0.13140810620969198,0.7466264964934155,0.10563213204981586,0.015667799340851406,0.000665465906224112,0.0,0.0
376e68452ba47fdc6258,2854eeaecd1a9c2eb43945571c0fa36dfddf9b296eb68eec79d912dbce5e697b,standard,4QP,1,1,0.8550931137858119,0.11976182775684129,0.023574941642839988,0.0015010632073580484,6.90536071502212e-05,0.0,0.0
376e68452ba47fdc6258,2854eeaecd1a9c2eb43945571c0fa36dfddf9b296eb68eec79d912dbce5e697b,standard,6QP,0,1,0.1311656901627736,0.7460731948441093,0.10584529763667645,0.016091907001980866,0.0007928602854291585,3.0516687907770485e-05,5.333811240446862e-07
376e68452ba47fdc6258,2854eeaecd1a9c2eb43945571c0fa36dfddf9b296eb68eec79d912dbce5e697b,standard,6QP,1,1,0.8549889613890235,0.11977719416402827,0.023630726755929542,0.0015202349887479011,8.098466792411582e-05,1.8680721959891106e-06,2.996215299997633e-08
1379ff3f51d26b3fc7b9,2854eeaecd1a9c2eb43945571c0fa36dfddf9b296eb68eec79d912dbce5e697b,standard,2QP,0,1,0.7504128618259388,0.23739769960874352,0.012189438565317954,0.0,0.0,0.0,0.0
1379ff3f51d26b3fc7b9,2854eeaecd1a9c2eb43945571c0fa36dfddf9b296eb68eec79d912dbce5e697b,standard,2QP,1,1,0.9180997118935194,0.07882413384304277,0.0030761542634376816,0.0,0.0,0.0,0.0
1379ff3f51d26b3fc7b9,2854eeaecd1a9c2eb43945571c0fa36dfddf9b296eb68eec79d912dbce5e697b,standard,4QP,0,1,0.7422236809491755,0.24253132748170464,0.014819390657949839,0.00042025674165575323,5.344169511982393e-06,0.0,0.0
1379ff3f51d26b3fc7b9,2854eeaecd1a9c2eb43945571c0fa36dfddf9b296eb68eec79d912dbce5e697b,standard,4QP,1,1,0.9165823835881144,0.07970491654509317,0.003630705910247867,8.100341882400706e-05,9.905377192084015e-07,0.0,0.0
1379ff3f51d26b3fc7b9,2854eeaecd1a9c2eb43945571c0fa36dfddf9b296eb68eec79d912dbce5e697b,standard,6QP,0,1,0.742220413672428,0.24253273745943674,0.014820389758870784,0.00042083219785992186,5.5827972659334505e-06,4.392111186758146e-08,1.930301342667515e-10
1379ff3f51d26b3fc7b9,2854eeaecd1a9c2eb43945571c0fa36dfddf9b296eb68eec79d912dbce5e697b,standard,6QP,1,1,0.9165818782042547,0.07970511990323964,0.0036308790565649867,8.108425398429647e-05,1.0316841488270581e-06,6.8703138994300416e-09,2.749316814030242e-11
207c7a4f4a365176bfae,43d62f5dadd5ef81371bbd8a713ecce359d75772d1c445479691bcf877f295c2,standard,2QP,0,1,0.005286353499310431,0.9807520558416801,0.013961590659009997,0.0,0.0,0.0,0.0
207c7a4f4a365176bfae,43d62f5dadd5ef81371bbd8a713ecce359d75772d1c445479691bcf877f295c2,standard,2QP,1,1,0.9856259009984804,0.014090763236270077,0.00028333576525120665,0.0,0.0,0.0,0.0
207c7a4f4a365176bfae,43d62f5dadd5ef81371bbd8a713ecce359d75772d1c445479691bcf877f295c2,standard,4QP,0,1,0.005292460433114089,0.9795211106302493,0.014852103111648692,0.00033203614505134183,2.2896799350332664e-06,0.0,0.0
207c7a4f4a365176bfae,43d62f5dadd5ef81371bbd8a713ecce359d75772d1c445479691bcf877f295c2,standard,4QP,1,1,0.9855855930823787,0.014107021832536426,0.0003051391809507385,2.231813818348644e-06,1.409031282590905e-08,0.0,0.0
207c7a4f4a365176bfae,43d62f5dadd5ef81371bbd8a713ecce359d75772d1c445479691bcf877f295c2,standard,6QP,0,1,0.0052924575592390895,0.9795207059354527,0.014852231323386809,0.00033224701669650787,2.343886127773633e-06,1.4241439499002825e-08,3.767098551864124e-11
207c7a4f4a365176bfae,43d62f5dadd5ef81371bbd8a713ecce359d75772d1c445479691bcf877f295c2,standard,6QP,1,1,0.9855855906773555,0.014107022440970713,0.00030514033102655715,2.2321509668932723e-06,1.436002565849048e-08,3.958079182818567e-11,7.900226045084495e-14
392b54fb2a5ff7f70912,43d62f5dadd5ef81371bbd8a713ecce359d75772d1c445479691bcf877f295c2,standard,2QP,0,1,0.4785857524397505,0.43363412484325226,0.08778012271699549,0.0,0.0,0.0,0.0
392b54fb2a5ff7f70912,43d62f5dadd5ef81371bbd8a713ecce359d75772d1c445479691bcf877f295c2,standard,2QP,1,1,0.5451179252564778,0.3845923207104661,0.07028975403305557,0.0,0.0,0.0,0.0
392b54fb2a5ff7f70912,43d62f5dadd5ef81371bbd8a713ecce359d75772d1c445479691bcf877f295c2,standard,4QP,0,1,0.35470761993669636,0.4361601325827164,0.1758909109874124,0.030878599961614288,0.0023627365315627984,0.0,0.0
392b54fb2a5ff7f70912,43d62f5dadd5ef81371bbd8a713ecce359d75772d1c445479691bcf877f295c2,standard,4QP,1,1,0.3236824279329251,0.39861636985917115,0.2167236306523322,0.05545167180940371,0.005525899746170524,0.0,0.0
392b54fb2a5ff7f70912,43d62f5dadd5ef81371bbd8a713ecce359d75772d1c445479691bcf877f295c2,standard,6QP,0,1,0.35144290851435367,0.43464576168633157,0.17768686097727673,0.032792539889109386,0.0032347886908859168,0.00019081123736200726,6.329004678826257e-06
392b54fb2a5ff7f70912,43d62f5dadd5ef81371bbd8a713ecce359d75772d1c445479691bcf877f295c2,standard,6QP,1,1,0.29930898464767125,0.39170330553834515,0.23148884361466476,0.06698691424069024,0.009707026874272611,0.0007714496384025098,3.347544595233819e-05
2663733a269e980bf1dd,43d62f5dadd5ef81371bbd8a713ecce359d75772d1c445479691bcf877f295c2,standard,2QP,0,1,0.6007297289753255,0.36067990687594736,0.03859036414872561,0.0,0.0,0.0,0.0
2663733a269e980bf1dd,43d62f5dadd5ef81371bbd8a713ecce359d75772d1c445479691bcf877f295c2,standard,2QP,1,1,0.7981064404589464,0.18759358738268797,0.01429997215836523,0.0,0.0,0.0,0.0
2663733a269e980bf1dd,43d62f5dadd5ef81371bbd8a713ecce359d75772d1c445479691bcf877f295c2,standard,4QP,0,1,0.5662925558237386,0.37442314853964953,0.0559384590175461,0.003260291076510768,8.554554254923871e-05,0.0,0.0
2663733a269e980bf1dd,43d62f5dadd5ef81371bbd8a713ecce359d75772d1c445479691bcf877f295c2,standard,4QP,1,1,0.7817911132233839,0.1955854474797612,0.021324326406523236,0.0012623097778645313,3.6803112461543834e-05,0.0,0.0
2663733a269e980bf1dd,43d62f5dadd5ef81371bbd8a713ecce359d75772d1c445479691bcf877f295c2,standard,6QP,0,1,0.566222350808879,0.37443188829399954,0.055970415974768026,0.003280165487769082,9.356252219608125e-05,1.6012156031158779e-06,1.5696781026006844e-08
2663733a269e980bf1dd,43d62f5dadd5ef81371bbd8a713ecce359d75772d1c445479691bcf877f295c2,standard,6QP,1,1,0.7817478380727408,0.19559720632244407,0.021342471827973178,0.001271116543098953,4.066039349629069e-05,6.997516495555229e-07,7.0885942022469025e-09
c7df80cb9960830d6f8e,43d62f5dadd5ef81371bbd8a713ecce359d75772d1c445479691bcf877f295c2,standard,2QP,0,1,0.5309470027080242,0.4299461097635467,0.03910688752843202,0.0,0.0,0.0,0.0
c7df80cb9960830d6f8e,43d62f5dadd5ef81371bbd8a713ecce359d75772d1c445479691bcf877f295c2,standard,2QP,1,1,0.8532866127173613,0.13590025285783436,0.010813134424802539,0.0,0.0,0.0,0.0
c7df80cb9960830d6f8e,43d62f5dadd5ef81371bbd8a713ecce359d75772d1c445479691bcf877f295c2,standard,4QP,0,1,0.4946373749462472,0.4450065532105087,0.056399998988410464,0.003849603710060953,0.000106469144773858,0.0,0.0
c7df80cb9960830d6f8e,43d62f5dadd5ef81371bbd8a713ecce359d75772d1c445479691bcf877f295c2,standard,4QP,1,1,0.8420087373600785,0.14126841963736023,0.015894002496800137,0.0008059411210069254,2.2899384754437385e-05,0.0,0.0
c7df80cb9960830d6f8e,43d62f5dadd5ef81371bbd8a713ecce359d75772d1c445479691bcf877f295c2,standard,6QP,0,1,0.4945468918928707,0.44501456629304026,0.0564390622228837,0.0038795021613276365,0.00011774147928395655,2.2135036074755253e-06,2.2446983361334336e-08
c7df80cb9960830d6f8e,43d62f5dadd5ef81371bbd8a713ecce359d75772d1c445479691bcf877f295c2,standard,6QP,1,1,0.8419842078687206,0.14127515826363876,0.01590437777352415,0.0008106067960306641,2.5248610108191577e-05,3.9690794684734835e-07,3.780028908281961e-09
6b793f9a12bf0fb222d1,da0f830a8e7cf8900d6a4ead858f6b77b8f28f75bdb5dbeaf82ef07eeb78c498,standard,2QP,0,1,0.4220879650531041,0.4565860063007714,0.12132602864612536,0.0,0.0,0.0,0.0
6b793f9a12bf0fb222d1,da0f830a8e7cf8900d6a4ead858f6b77b8f28f75bdb5dbeaf82ef07eeb78c498,standard,2QP,1,1,0.4336615846081518,0.4491681300540534,0.11717028533779436,0.0,0.0,0.0,0.0
6b793f9a12bf0fb222d1,da0f830a8e7cf8900d6a4ead858f6b77b8f28f75bdb5dbeaf82ef07eeb78c498,standard,4QP,0,1,0.22128194813376517,0.40258094903834163,0.2762516576846682,0.08815972497853893,0.011725720164683364,0.0,0.0
6b793f9a12bf0fb222d1,da0f830a8e7cf8900d6a4ead858f6b77b8f28f75bdb5dbeaf82ef07eeb78c498,standard,4QP,1,1,0.17818762688522863,0.3771915925514228,0.30930718919204614,0.11765881949103853,0.01765477188026262,0.0,0.0
6b793f9a12bf0fb222d1,da0f830a8e7cf8900d6a4ead858f6b77b8f28f75bdb5dbeaf82ef07eeb78c498,standard,6QP,0,1,0.20000795559051116,0.38092976924861666,0.2839330366834687,0.10824503151184584,0.02361023470574242,0.003062115330683309,0.000211856929130949
6b793f9a12bf0fb222d1,da0f830a8e7cf8900d6a4ead858f6b77b8f28f75bdb5dbeaf82ef07eeb78c498,standard,6QP,1,1,0.13354696888412576,0.3280701471200008,0.3233337862729077,0.16251480389383202,0.044891903205293834,0.007073923896277189,0.0005684667275625787
fb94a515bd03d8af91c2,da0f830a8e7cf8900d6a4ead858f6b77b8f28f75bdb5dbeaf82ef07eeb78c498,standard,2QP,0,1,0.5926338137217155,0.3929327670157168,0.014433419262566851,0.0,0.0,0.0,0.0
fb94a515bd03d8af91c2,da0f830a8e7cf8900d6a4ead858f6b77b8f28f75bdb5dbeaf82ef07eeb78c498,standard,2QP,1,1,0.9589606455125773,0.03999072629564339,0.0010486281917802614,0.0,0.0,0.0,0.0
fb94a515bd03d8af91c2,da0f830a8e7cf8900d6a4ead858f6b77b8f28f75bdb5dbeaf82ef07eeb78c498,standard,4QP,0,1,0.5852668203135185,0.39779316408769744,0.016559576417880476,0.00037699743344405854,3.4417474584171498e-06,0.0,0.0
fb94a515bd03d8af91c2,da0f830a8e7cf8900d6a4ead858f6b77b8f28f75bdb5dbeaf82ef07eeb78c498,standard,4QP,1,1,0.9586683625765758,0.04015260289409564,0.0011635492045933128,1.5362350182810947e-05,1.2297455205493553e-07,0.0,0.0
fb94a515bd03d8af91c2,da0f830a8e7cf8900d6a4ead858f6b77b8f28f75bdb5dbeaf82ef07eeb78c498,standard,6QP,0,1,0.5852653390786645,0.39779381139315995,0.016559993668194196,0.00037728674687811085,3.5484040808770083e-06,2.0645009885048534e-08,6.401517810781608e-11
fb94a515bd03d8af91c2,da0f830a8e7cf8900d6a4ead858f6b77b8f28f75bdb5dbeaf82ef07eeb78c498,standard,6QP,1,1,0.9586683266915028,0.0401526165354231,0.00116356217204747,1.5367967968258543e-05,1.2611411563412185e-07,5.176349363051863e-10,1.3088927220856941e-12
a5bb50939fad332236b8,43d62f5dadd5ef81371bbd8a713ecce359d75772d1c445479691bcf877f295c2,standard,2QP,0,1,0.8734061659460944,0.12395698466526749,0.002636849388639984,0.0,0.0,0.0,0.0
a5bb50939fad332236b8,43d62f5dadd5ef81371bbd8a713ecce359d75772d1c445479691bcf877f295c2,standard,2QP,1,1,0.9709557829537735,0.028622620679420237,0.0004215963668016221,0.0,0.0,0.0,0.0
a5bb50939fad332236b8,43d62f5dadd5ef81371bbd8a713ecce359d75772d1c445479691bcf877f295c2,standard,4QP,0,1,0.8725578152360294,0.12457683046309087,0.002836019987341378,2.9199302135003444e-05,1.3501140516230626e-07,0.0,0.0
a5bb50939fad332236b8,43d62f5dadd5ef81371bbd8a713ecce359d75772d1c445479691bcf877f295c2,standard,4QP,1,1,0.970882115576281,0.028667947515214426,0.00044649066211690776,3.4313891691526217e-06,1.4857218306636284e-08,0.0,0.0
a5bb50939fad332236b8,43d62f5dadd5ef81371bbd8a713ecce359d75772d1c445479691bcf877f295c2,standard,6QP,0,1,0.8725577767341626,0.12457685272583965,0.0028360287424925054,2.920433578475359e-05,1.3708230596493554e-07,3.7885073742996656e-10,5.857270627094347e-13
a5bb50939fad332236b8,43d62f5dadd5ef81371bbd8a713ecce359d75772d1c445479691bcf877f295c2,standard,6QP,1,1,0.9708821129509551,0.028667948684436416,0.0004464914865457985,3.4317814920378557e-06,1.5062325490830434e-08,3.4199902512599196e-11,4.626475682863408e-14
2d9799bb51d98d61a3be,43d62f5dadd5ef81371bbd8a713ecce359d75772d1c445479691bcf877f295c2,standard,2QP,0,1,0.7179939272837398,0.2574865561147365,0.024519516601522916,0.0,0.0,0.0,0.0
2d9799bb51d98d61a3be,43d62f5dadd5ef81371bbd8a713ecce359d75772d1c445479691bcf877f295c2,standard,2QP,1,1,0.7593599823863879,0.22215525891201093,0.018484758701600722,0.0,0.0,0.0,0.0
2d9799bb51d98d61a3be,43d62f5dadd5ef81371bbd8a713ecce359d75772d1c445479691bcf877f295c2,standard,4QP,0,1,0.6925674833989427,0.26934229725512426,0.03600948463175925,0.002026297323469393,5.4437390699568564e-05,0.0,0.0
2d9799bb51d98d61a3be,43d62f5dadd5ef81371bbd8a713ecce359d75772d1c445479691bcf877f295c2,standard,4QP,1,1,0.7350803131971401,0.23450158460597362,0.028515246093650595,0.0018469027389492318,5.5953364285647835e-05,0.0,0.0
2d9799bb51d98d61a3be,43d62f5dadd5ef81371bbd8a713ecce359d75772d1c445479691bcf877f295c2,standard,6QP,0,1,0.6925139920120305,0.2693545761354701,0.03603176690754037,0.0020387946005349833,5.985939482775765e-05,1.001257917222605e-06,9.691677125772582e-09
2d9799bb51d98d61a3be,43d62f5dadd5ef81371bbd8a713ecce359d75772d1c445479691bcf877f295c2,standard,6QP,1,1,0.7350105314998824,0.23452144610146525,0.028542729867789534,0.0018617998187531982,6.234619634199843e-05,1.1348397441484297e-06,1.1676013313185417e-08
089b123a7c25949e7337,43d62f5dadd5ef81371bbd8a713ecce359d75772d1c445479691bcf877f295c2,standard,2QP,0,1,0.3933374582533321,0.526928148884961,0.07973439286170622,0.0,0.0,0.0,0.0
089b123a7c25949e7337,43d62f5dadd5ef81371bbd8a713ecce359d75772d1c445479691bcf877f295c2,standard,2QP,1,1,0.716354497458356,0.2447186902061145,0.03892681233553014,0.0,0.0,0.0,0.0
089b123a7c25949e7337,43d62f5dadd5ef81371bbd8a713ecce359d75772d1c445479691bcf877f295c2,standard,4QP,0,1,0.30191542744883415,0.5278269726550164,0.14424117675361883,0.024500732883710553,0.0015156902588183202,0.0,0.0
089b123a7c25949e7337,43d62f5dadd5ef81371bbd8a713ecce359d75772d1c445479691bcf877f295c2,standard,4QP,1,1,0.6190776082375677,0.2704461758379387,0.09629670275795978,0.013206561384185274,0.000972951782346299,0.0,0.0
089b123a7c25949e7337,43d62f5dadd5ef81371bbd8a713ecce359d75772d1c445479691bcf877f295c2,standard,6QP,0,1,0.3002058621463783,0.5268130836100219,0.14517863189371064,0.02571797686571355,0.0019809622209154307,0.00010085139540586308,2.6318678541768857e-06
089b123a7c25949e7337,43d62f5dadd5ef81371bbd8a713ecce359d75772d1c445479691bcf877f295c2,standard,6QP,1,1,0.6164777596809831,0.27045275872246155,0.09772118828040526,0.013957037531658265,0.0013278685257291,6.16399919310785e-05,1.7472668276074586e-06
2addf59f378589a5735e,2854eeaecd1a9c2eb43945571c0fa36dfddf9b296eb68eec79d912dbce5e697b,standard,2QP,0,1,0.6894785824375425,0.28967124674772576,0.020850170814732845,0.0,0.0,0.0,0.0
2addf59f378589a5735e,2854eeaecd1a9c2eb43945571c0fa36dfddf9b296eb68eec79d912dbce5e697b,standard,2QP,1,1,0.8723105489520582,0.12063214081220931,0.007057310235731287,0.0,0.0,0.0,0.0
2addf59f378589a5735e,2854eeaecd1a9c2eb43945571c0fa36dfddf9b296eb68eec79d912dbce5e697b,standard,4QP,0,1,0.671429295793861,0.29957929215361456,0.02776012571930005,0.0012078724514062056,2.3413881816634362e-05,0.0,0.0
2addf59f378589a5735e,2854eeaecd1a9c2eb43945571c0fa36dfddf9b296eb68eec79d912dbce5e697b,standard,4QP,1,1,0.8667943505206889,0.12363832397365587,0.009224786773912369,0.00033600617941404847,6.532552327565159e-06,0.0,0.0
2addf59f378589a5735e,2854eeaecd1a9c2eb43945571c0fa36dfddf9b296eb68eec79d912dbce5e697b,standard,6QP,0,1,0.6714105042461271,0.2995853534524474,0.0277668525924323,0.0012119064151233404,2.5072746755681197e-05,3.0842564543529716e-07,2.1214676001063413e-09
2addf59f378589a5735e,2854eeaecd1a9c2eb43945571c0fa36dfddf9b296eb68eec79d912dbce5e697b,standard,6QP,1,1,0.8667890847307683,0.12364019699998648,0.009226736244036362,0.00033692302202098187,6.982555185714522e-06,7.595411921944772e-08,4.938811811481782e-10
0f0d6a820f9f01fc6ade,43d62f5dadd5ef81371bbd8a713ecce359d75772d1c445479691bcf877f295c2,standard,2QP,0,1,0.007202828173627472,0.9874692821678874,0.005327889658485834,0.0,0.0,0.0,0.0
0f0d6a820f9f01fc6ade,43d62f5dadd5ef81371bbd8a713ecce359d75772d1c445479691bcf877f295c2,standard,2QP,1,1,0.9948510929729214,0.005122891104071648,2.6015923008650543e-05,0.0,0.0,0.0,0.0
0f0d6a820f9f01fc6ade,43d62f5dadd5ef81371bbd8a713ecce359d75772d1c445479691bcf877f295c2,standard,4QP,0,1,0.007201424389487412,0.9873216742820103,0.005447825650557265,2.9017639260404106e-05,5.803868654704921e-08,0.0,0.0
0f0d6a820f9f01fc6ade,43d62f5dadd5ef81371bbd8a713ecce359d75772d1c445479691bcf877f295c2,standard,4QP,1,1,0.9948500144449223,0.005123431550366896,2.6498550288045128e-05,5.5371537723839604e-08,8.288574733708391e-11,0.0,0.0
0f0d6a820f9f01fc6ade,43d62f5dadd5ef81371bbd8a713ecce359d75772d1c445479691bcf877f295c2,standard,6QP,0,1,0.007201424348389573,0.9873216715098145,0.005447826797001606,2.901883821983942e-05,5.842266458718521e-08,8.389851877298891e-11,5.754225013355493e-14
0f0d6a820f9f01fc6ade,43d62f5dadd5ef81371bbd8a713ecce359d75772d1c445479691bcf877f295c2,standard,6QP,1,1,0.9948500144410676,0.005123431551683162,2.6498551827000083e-05,5.537210740453383e-08,8.326523915379156e-11,5.884759728934125e-14,2.738827582300995e-17
5537f9eeaaa1281c8720,43d62f5dadd5ef81371bbd8a713ecce359d75772d1c445479691bcf877f295c2,standard,2QP,0,1,0.36002711871815724,0.514057476208115,0.12591540507372834,0.0,0.0,0.0,0.0
5537f9eeaaa1281c8720,43d62f5dadd5ef81371bbd8a713ecce359d75772d1c445479691bcf877f295c2,standard,2QP,1,1,0.5014280475217726,0.3910220714539658,0.10754988102426163,0.0,0.0,0.0,0.0
5537f9eeaaa1281c8720,43d62f5dadd5ef81371bbd8a713ecce359d75772d1c445479691bcf877f295c2,standard,4QP,0,1,0.18608941695093276,0.4421486470941695,0.26622489154077433,0.09376589129019103,0.011771153123933205,0.0,0.0
5537f9eeaaa1281c8720,43d62f5dadd5ef81371bbd8a713ecce359d75772d1c445479691bcf877f295c2,standard,4QP,1,1,0.21843350673447184,0.34090959596552217,0.3168459956132158,0.10697449903790612,0.01683640264888162,0.0,0.0
5537f9eeaaa1281c8720,43d62f5dadd5ef81371bbd8a713ecce359d75772d1c445479691bcf877f295c2,standard,6QP,0,1,0.16777559017747404,0.4175543205101723,0.27190886666224623,0.11569950524247784,0.02359254480853625,0.0032526820672371874,0.00021649053185900303
5537f9eeaaa1281c8720,43d62f5dadd5ef81371bbd8a713ecce359d75772d1c445479691bcf877f295c2,standard,6QP,1,1,0.16610478071976695,0.2978745583221323,0.3370118864478111,0.1481122300942556,0.043922145151675904,0.006439439730632332,0.0005349595337232918
94d247c4cbbdbbecb52a,7d5b6f7f8e201a03368b3b28aba65d5197754bd531f9afc05ee9a5dfbddbcd3e,standard,2QP,0,1,0.4415736420613456,0.4509023172699055,0.10752404066874933,0.0,0.0,0.0,0.0
94d247c4cbbdbbecb52a,7d5b6f7f8e201a03368b3b28aba65d5197754bd531f9afc05ee9a5dfbddbcd3e,standard,2QP,1,1,0.4660962458020621,0.43522990501472164,0.09867384918321727,0.0,0.0,0.0,0.0
94d247c4cbbdbbecb52a,7d5b6f7f8e201a03368b3b28aba65d5197754bd531f9afc05ee9a5dfbddbcd3e,standard,4QP,0,1,0.2434458876226945,0.41546614321280656,0.25949839674931247,0.0730806372049262,0.008508935210261505,0.0,0.0
94d247c4cbbdbbecb52a,7d5b6f7f8e201a03368b3b28aba65d5197754bd531f9afc05ee9a5dfbddbcd3e,standard,4QP,1,1,0.17782001453110916,0.3789512747479494,0.3113732454471061,0.1157792543701739,0.016076210903661448,0.0,0.0
94d247c4cbbdbbecb52a,7d5b6f7f8e201a03368b3b28aba65d5197754bd531f9afc05ee9a5dfbddbcd3e,standard,6QP,0,1,0.22611405720588934,0.3998839967000539,0.2672032183353923,0.08819455088727561,0.01660873657422311,0.001880528375902547,0.0001149119212648883
94d247c4cbbdbbecb52a,7d5b6f7f8e201a03368b3b28aba65d5197754bd531f9afc05ee9a5dfbddbcd3e,standard,6QP,1,1,0.05279603125977943,0.2707582117621839,0.3733125569500482,0.2233894422824212,0.06751939257355323,0.011295047406404515,0.0009293177656029113
15c6d48789c0870f853e,2854eeaecd1a9c2eb43945571c0fa36dfddf9b296eb68eec79d912dbce5e697b,standard,2QP,0,1,0.7370956606433521,0.24157161635449675,0.021332723002150562,0.0,0.0,0.0,0.0
15c6d48789c0870f853e,2854eeaecd1a9c2eb43945571c0fa36dfddf9b296eb68eec79d912dbce5e697b,standard,2QP,1,1,0.7786386819399348,0.20568706062051972,0.015674257439546816,0.0,0.0,0.0,0.0
15c6d48789c0870f853e,2854eeaecd1a9c2eb43945571c0fa36dfddf9b296eb68eec79d912dbce5e697b,standard,4QP,0,1,0.7161488984687658,0.2518659876817858,0.030404517062834705,0.0015428578131446615,3.7738973466272717e-05,0.0,0.0
15c6d48789c0870f853e,2854eeaecd1a9c2eb43945571c0fa36dfddf9b296eb68eec79d912dbce5e697b,standard,4QP,1,1,0.7597339636539431,0.21576074605907863,0.02314219713093847,0.0013270221616556695,3.607099438480807e-05,0.0,0.0
15c6d48789c0870f853e,2854eeaecd1a9c2eb43945571c0fa36dfddf9b296eb68eec79d912dbce5e697b,standard,6QP,0,1,0.7161128042481927,0.2518757472565498,0.03041893257722422,0.0015506934976955425,4.1190131099666825e-05,6.267370682982582e-07,5.552171217511579e-09
15c6d48789c0870f853e,2854eeaecd1a9c2eb43945571c0fa36dfddf9b296eb68eec79d912dbce5e697b,standard,6QP,1,1,0.7596910480421876,0.21577461568085068,0.023158377700448887,0.00133552583046301,3.977704840663119e-05,6.496349577924873e-07,6.062687640466776e-09
254dc850360291f10498,43d62f5dadd5ef81371bbd8a713ecce359d75772d1c445479691bcf877f295c2,standard,2QP,0,1,0.5248982532360177,0.4020641870008739,0.0730375597631079,0.0,0.0,0.0,0.0
254dc850360291f10498,43d62f5dadd5ef81371bbd8a713ecce359d75772d1c445479691bcf877f295c2,standard,2QP,1,1,0.5565169673982204,0.37796919266501,0.06551383993677144,0.0,0.0,0.0,0.0
254dc850360291f10498,43d62f5dadd5ef81371bbd8a713ecce359d75772d1c445479691bcf877f295c2,standard,4QP,0,1,0.4010529397472444,0.41655461235164687,0.15441723926130504,0.026049068198483846,0.001926140441318879,0.0,0.0
254dc850360291f10498,43d62f5dadd5ef81371bbd8a713ecce359d75772d1c445479691bcf877f295c2,standard,4QP,1,1,0.38572916529017287,0.4025843569789828,0.1724852342131079,0.03608159676907981,0.003119646748656113,0.0,0.0
254dc850360291f10498,43d62f5dadd5ef81371bbd8a713ecce359d75772d1c445479691bcf877f295c2,standard,6QP,0,1,0.3978351211118604,0.4155152535890794,0.15615212896241026,0.027687376525376887,0.0026563960054063747,0.00014904224694848857,4.681558926799317e-06
254dc850360291f10498,43d62f5dadd5ef81371bbd8a713ecce359d75772d1c445479691bcf877f295c2,standard,6QP,1,1,0.3776511936671605,0.40044069299900376,0.176897782988731,0.03994335434920527,0.004743234777901304,0.0003125280417724004,1.1213176223243098e-05
17187b681c990b372346,7d5b6f7f8e201a03368b3b28aba65d5197754bd531f9afc05ee9a5dfbddbcd3e,standard,2QP,0,1,0.43104692740380934,0.46096222938812104,0.10799084320806977,0.0,0.0,0.0,0.0
17187b681c990b372346,7d5b6f7f8e201a03368b3b28aba65d5197754bd531f9afc05ee9a5dfbddbcd3e,standard,2QP,1,1,0.47548180387789946,0.4247987912845407,0.09971940483756153,0.0,0.0,0.0,0.0
17187b681c990b372346,7d5b6f7f8e201a03368b3b28aba65d5197754bd531f9afc05ee9a5dfbddbcd3e,standard,4QP,0,1,0.21515450923201843,0.41364555412795206,0.2729297451995873,0.08733088543978733,0.010939306000651277,0.0,0.0
17187b681c990b372346,7d5b6f7f8e201a03368b3b28aba65d5197754bd531f9afc05ee9a5dfbddbcd3e,standard,4QP,1,1,0.19533996882209714,0.37396592939500806,0.3061732986355979,0.1090741397401094,0.015446663407188164,0.0,0.0
17187b681c990b372346,7d5b6f7f8e201a03368b3b28aba65d5197754bd531f9afc05ee9a5dfbddbcd3e,standard,6QP,0,1,0.18992732162932247,0.3869791342102918,0.2824591303787537,0.11230496503841772,0.024754579972302945,0.0033427282797339557,0.00023214049117027883
17187b681c990b372346,7d5b6f7f8e201a03368b3b28aba65d5197754bd531f9afc05ee9a5dfbddbcd3e,standard,6QP,1,1,0.1402516338199001,0.31922468353818634,0.3262875056141516,0.16058325455110728,0.04582012376350712,0.007247826882289512,0.0005849718308575287
fb94a515bd03d8af91c2,43d62f5dadd5ef81371bbd8a713ecce359d75772d1c445479691bcf877f295c2,standard,2QP,0,1,0.586662773993836,0.3986857348148247,0.014651491191335084,0.0,0.0,0.0,0.0
fb94a515bd03d8af91c2,43d62f5dadd5ef81371bbd8a713ecce359d75772d1c445479691bcf877f295c2,standard,2QP,1,1,0.9589618353760446,0.03999006118185633,0.0010481034420993642,0.0,0.0,0.0,0.0
fb94a515bd03d8af91c2,43d62f5dadd5ef81371bbd8a713ecce359d75772d1c445479691bcf877f295c2,standard,4QP,0,1,0.5789021389225675,0.4038653070913493,0.016842944764000084,0.0003860497190295037,3.5595030516944253e-06,0.0,0.0
fb94a515bd03d8af91c2,43d62f5dadd5ef81371bbd8a713ecce359d75772d1c445479691bcf877f295c2,standard,4QP,1,1,0.9586681167430531,0.04015280391867024,0.001163592862690665,1.5363513759683957e-05,1.2296182754217657e-07,0.0,0.0
fb94a515bd03d8af91c2,43d62f5dadd5ef81371bbd8a713ecce359d75772d1c445479691bcf877f295c2,standard,6QP,0,1,0.5789005182618449,0.40386604456547043,0.01684338750647757,0.0003863556739786748,3.672249724800558e-06,2.1674317035364282e-08,6.820495030323518e-11
fb94a515bd03d8af91c2,43d62f5dadd5ef81371bbd8a713ecce359d75772d1c445479691bcf877f295c2,standard,6QP,1,1,0.9586680805851238,0.040152817666936756,0.0011636059284824232,1.536917544318445e-05,1.261250606112313e-07,5.176460633637372e-10,1.3084295974666375e-12
c96912e62eaf552b66ab,2854eeaecd1a9c2eb43945571c0fa36dfddf9b296eb68eec79d912dbce5e697b,standard,2QP,0,1,0.5116578726608209,0.43858336276955395,0.04975876456962382,0.0,0.0,0.0,0.0
c96912e62eaf552b66ab,2854eeaecd1a9c2eb43945571c0fa36dfddf9b296eb68eec79d912dbce5e697b,standard,2QP,1,1,0.7930751667411015,0.18724548577962774,0.01967934747926965,0.0,0.0,0.0,0.0
c96912e62eaf552b66ab,2854eeaecd1a9c2eb43945571c0fa36dfddf9b296eb68eec79d912dbce5e697b,standard,4QP,0,1,0.4557920587132614,0.4568154921490979,0.07962520308120205,0.007482225252742192,0.00028502080369554347,0.0,0.0
c96912e62eaf552b66ab,2854eeaecd1a9c2eb43945571c0fa36dfddf9b296eb68eec79d912dbce5e697b,standard,4QP,1,1,0.7640047092692889,0.19950457998678833,0.03383454261424576,0.0025532421255957576,0.00010292600408077684,0.0,0.0
c96912e62eaf552b66ab,2854eeaecd1a9c2eb43945571c0fa36dfddf9b296eb68eec79d912dbce5e697b,standard,6QP,0,1,0.45548800124372996,0.45680514099691755,0.07976829744191367,0.007599318426081053,0.000330194951571221,8.91711167626566e-06,1.2982811119003147e-07
c96912e62eaf552b66ab,2854eeaecd1a9c2eb43945571c0fa36dfddf9b296eb68eec79d912dbce5e697b,standard,6QP,1,1,0.7638433060541517,0.19953756570379533,0.03390862644309954,0.0025881095582963435,0.00011953198009958578,2.819883508290502e-06,4.0377050750016666e-08
b68e1de646b2b8d916e7,43d62f5dadd5ef81371bbd8a713ecce359d75772d1c445479691bcf877f295c2,standard,2QP,0,1,0.6802436790042741,0.2920728114997861,0.027683509495942397,0.0,0.0,0.0,0.0
b68e1de646b2b8d916e7,43d62f5dadd5ef81371bbd8a713ecce359d75772d1c445479691bcf877f295c2,standard,2QP,1,1,0.7901758773759816,0.19383956497131366,0.015984557652704602,0.0,0.0,0.0,0.0
b68e1de646b2b8d916e7,43d62f5dadd5ef81371bbd8a713ecce359d75772d1c445479691bcf877f295c2,standard,4QP,0,1,0.6514393786433958,0.30543505112869446,0.04065464660325262,0.0024056438489758265,6.527977567912545e-05,0.0,0.0
b68e1de646b2b8d916e7,43d62f5dadd5ef81371bbd8a713ecce359d75772d1c445479691bcf877f295c2,standard,4QP,1,1,0.7702924218715936,0.20382008740065974,0.024363752093436348,0.001479598932963938,4.4139701347364264e-05,0.0,0.0
b68e1de646b2b8d916e7,43d62f5dadd5ef81371bbd8a713ecce359d75772d1c445479691bcf877f295c2,standard,6QP,0,1,0.6513757887204197,0.30544857543378867,0.0406810159523652,0.002421463248728227,7.190396762811738e-05,1.2405023039543902e-06,1.2174769260341103e-08
b68e1de646b2b8d916e7,43d62f5dadd5ef81371bbd8a713ecce359d75772d1c445479691bcf877f295c2,standard,6QP,1,1,0.7702391598048217,0.203835284288994,0.024385070579004152,0.0014905679201660518,4.9048887139789366e-05,8.598431714431443e-07,8.676699894485904e-09
54862015b41a1f8e827f,43d62f5dadd5ef81371bbd8a713ecce359d75772d1c445479691bcf877f295c2,standard,2QP,0,1,0.5127123938774506,0.412806118665497,0.07448148745705313,0.0,0.0,0.0,0.0
54862015b41a1f8e827f,43d62f5dadd5ef81371bbd8a713ecce359d75772d1c445479691bcf877f295c2,standard,2QP,1,1,0.5697043181455165,0.36652182965861774,0.06377385219586322,0.0,0.0,0.0,0.0
54862015b41a1f8e827f,43d62f5dadd5ef81371bbd8a713ecce359d75772d1c445479691bcf877f295c2,standard,4QP,0,1,0.3893729030971632,0.42592612165246585,0.1560039097095753,0.02672602847688859,0.0019710370639093155,0.0,0.0
54862015b41a1f8e827f,43d62f5dadd5ef81371bbd8a713ecce359d75772d1c445479691bcf877f295c2,standard,4QP,1,1,0.40071902969849554,0.39229300151648766,0.16928735675876413,0.034695148903083985,0.0030054631231670884,0.0,0.0
54862015b41a1f8e827f,43d62f5dadd5ef81371bbd8a713ecce359d75772d1c445479691bcf877f295c2,standard,6QP,0,1,0.38615946523078365,0.4248046950026393,0.15773386261524877,0.02842360207107553,0.002719596624958016,0.00015394337954841814,4.8350757464915845e-06
54862015b41a1f8e827f,43d62f5dadd5ef81371bbd8a713ecce359d75772d1c445479691bcf877f295c2,standard,6QP,1,1,0.3927514701723595,0.39036266634648786,0.17365201775116984,0.03836229575964061,0.004563525427846333,0.000297366713880969,1.0657828621075102e-05
eeae90cd5c4364d42154,43d62f5dadd5ef81371bbd8a713ecce359d75772d1c445479691bcf877f295c2,standard,2QP,0,1,0.357747717995896,0.5212275587140502,0.12102472329005468,0.0,0.0,0.0,0.0
eeae90cd5c4364d42154,43d62f5dadd5ef81371bbd8a713ecce359d75772d1c445479691bcf877f295c2,standard,2QP,1,1,0.5281036518292201,0.3735794300002794,0.09831691817050092,0.0,0.0,0.0,0.0
eeae90cd5c4364d42154,43d62f5dadd5ef81371bbd8a713ecce359d75772d1c445479691bcf877f295c2,standard,4QP,0,1,0.1932486585163678,0.45791177210536643,0.25381552252891354,0.08502517155359489,0.009998875295757804,0.0,0.0
eeae90cd5c4364d42154,43d62f5dadd5ef81371bbd8a713ecce359d75772d1c445479691bcf877f295c2,standard,4QP,1,1,0.24796114201950797,0.3402408630820154,0.3027562170517602,0.0948453244411055,0.014196453405607936,0.0,0.0
eeae90cd5c4364d42154,43d62f5dadd5ef81371bbd8a713ecce359d75772d1c445479691bcf877f295c2,standard,6QP,0,1,0.17814584825199298,0.43832329109270496,0.25922603722440013,0.10276464870492573,0.018992371307278117,0.0024013978052971822,0.0001464056133970086
eeae90cd5c4364d42154,43d62f5dadd5ef81371bbd8a713ecce359d75772d1c445479691bcf877f295c2,standard,6QP,1,1,0.2008898343860903,0.30781232444932993,0.3240132698055153,0.127702043731162,0.03465698220765745,0.004576378349543954,0.00034916707069675303
e0580f8091d7338910ec,43d62f5dadd5ef81371bbd8a713ecce359d75772d1c445479691bcf877f295c2,standard,2QP,0,1,0.7109031140221289,0.2639756091688087,0.025121276809061236,0.0,0.0,0.0,0.0
e0580f8091d7338910ec,43d62f5dadd5ef81371bbd8a713ecce359d75772d1c445479691bcf877f295c2,standard,2QP,1,1,0.7660391274909002,0.21601610092086576,0.017944771588237672,0.0,0.0,0.0,0.0
e0580f8091d7338910ec,43d62f5dadd5ef81371bbd8a713ecce359d75772d1c445479691bcf877f295c2,standard,4QP,0,1,0.6848055340275286,0.27614059798109714,0.03689995229139285,0.0020974478110414754,5.646788894038861e-05,0.0,0.0
e0580f8091d7338910ec,43d62f5dadd5ef81371bbd8a713ecce359d75772d1c445479691bcf877f295c2,standard,4QP,1,1,0.7427134314366981,0.22785042894177177,0.02761722263671614,0.0017655883862623518,5.332859854814397e-05,0.0,0.0
e0580f8091d7338910ec,43d62f5dadd5ef81371bbd8a713ecce359d75772d1c445479691bcf877f295c2,standard,6QP,0,1,0.6847500857253939,0.27615317246773824,0.03692301875527521,0.0021105536448272726,6.211379934665109e-05,1.045459065437802e-06,1.0148354690212155e-08
e0580f8091d7338910ec,43d62f5dadd5ef81371bbd8a713ecce359d75772d1c445479691bcf877f295c2,standard,6QP,1,1,0.742647325237069,0.22786927294417753,0.027643337310025193,0.0017795915403261682,5.938908714931066e-05,1.0728851987631219e-06,1.0996053152717862e-08
a9b1111a100e54c22a0e,2854eeaecd1a9c2eb43945571c0fa36dfddf9b296eb68eec79d912dbce5e697b,standard,2QP,0,1,0.8464947439439043,0.1461311310195494,0.00737412503654462,0.0,0.0,0.0,0.0
a9b1111a100e54c22a0e,2854eeaecd1a9c2eb43945571c0fa36dfddf9b296eb68eec79d912dbce5e697b,standard,2QP,1,1,0.8792289662466501,0.11601066388495801,0.0047603698683925545,0.0,0.0,0.0,0.0
a9b1111a100e54c22a0e,2854eeaecd1a9c2eb43945571c0fa36dfddf9b296eb68eec79d912dbce5e697b,standard,4QP,0,1,0.8422615709187357,0.1486601605089444,0.008860282326028625,0.0002153906013037914,2.5956449865678557e-06,0.0,0.0
a9b1111a100e54c22a0e,2854eeaecd1a9c2eb43945571c0fa36dfddf9b296eb68eec79d912dbce5e697b,standard,4QP,1,1,0.876238917901758,0.11788181074908753,0.005726782315058523,0.00015052577051513275,1.9632635794251843e-06,0.0,0.0
a9b1111a100e54c22a0e,2854eeaecd1a9c2eb43945571c0fa36dfddf9b296eb68eec79d912dbce5e697b,standard,6QP,0,1,0.8422601281747396,0.14866076277713963,0.008860755587509362,0.00021562950338631785,2.704549124466538e-06,1.932717818831031e-08,8.092213307454725e-11
a9b1111a100e54c22a0e,2854eeaecd1a9c2eb43945571c0fa36dfddf9b296eb68eec79d912dbce5e697b,standard,6QP,1,1,0.8762377085412785,0.11788235052334048,0.005727156538961567,0.00015071724092512198,2.0518250326936443e-06,1.5265143133758825e-08,6.531924608776148e-11
2a5b1ae432b8f2365123,43d62f5dadd5ef81371bbd8a713ecce359d75772d1c445479691bcf877f295c2,standard,2QP,0,1,0.46550984460158845,0.45475976565460163,0.07973038974380886,0.0,0.0,0.0,0.0
2a5b1ae432b8f2365123,43d62f5dadd5ef81371bbd8a713ecce359d75772d1c445479691bcf877f295c2,standard,2QP,1,1,0.6157829184460963,0.32672414403846384,0.057492937515440365,0.0,0.0,0.0,0.0
2a5b1ae432b8f2365123,43d62f5dadd5ef81371bbd8a713ecce359d75772d1c445479691bcf877f295c2,standard,4QP,0,1,0.34625855250851356,0.461603799038813,0.16086515371892626,0.02914775645096684,0.002124738282776784,0.0,0.0
2a5b1ae432b8f2365123,43d62f5dadd5ef81371bbd8a713ecce359d75772d1c445479691bcf877f295c2,standard,4QP,1,1,0.45652615562788906,0.3550090885735306,0.15627113620818103,0.029616282055755255,0.002577337534644623,0.0,0.0
2a5b1ae432b8f2365123,43d62f5dadd5ef81371bbd8a713ecce359d75772d1c445479691bcf877f295c2,standard,6QP,0,1,0.34312656911661554,0.4601538684503776,0.16254730216887067,0.031061037886741676,0.0029344364885409233,0.0001714131714831296,5.372717377084762e-06
2a5b1ae432b8f2365123,43d62f5dadd5ef81371bbd8a713ecce359d75772d1c445479691bcf877f295c2,standard,6QP,1,1,0.4491767492968529,0.3537607244071632,0.1603458863557898,0.03257830633563346,0.0038872360801100255,0.0002424617266727988,8.635797775046546e-06
64beffb9bd1bf214ce51,2854eeaecd1a9c2eb43945571c0fa36dfddf9b296eb68eec79d912dbce5e697b,standard,2QP,0,1,0.8657622547520678,0.13016496193606678,0.004072783311865718,0.0,0.0,0.0,0.0
64beffb9bd1bf214ce51,2854eeaecd1a9c2eb43945571c0fa36dfddf9b296eb68eec79d912dbce5e697b,standard,2QP,1,1,0.949053932770378,0.05014452376770638,0.0008015434619170452,0.0,0.0,0.0,0.0
64beffb9bd1bf214ce51,2854eeaecd1a9c2eb43945571c0fa36dfddf9b296eb68eec79d912dbce5e697b,standard,4QP,0,1,0.8644126146388016,0.1310699865996734,0.004467642860188401,4.94909251475422e-05,2.6497619043737386e-07,0.0,0.0
64beffb9bd1bf214ce51,2854eeaecd1a9c2eb43945571c0fa36dfddf9b296eb68eec79d912dbce5e697b,standard,4QP,1,1,0.948870716843999,0.050266212666656304,0.000854847971796704,8.18187445962694e-06,4.064308839763031e-08,0.0,0.0
64beffb9bd1bf214ce51,2854eeaecd1a9c2eb43945571c0fa36dfddf9b296eb68eec79d912dbce5e697b,standard,6QP,0,1,0.8644125343910696,0.1310700287833042,0.004467664918908931,4.950147320159135e-05,2.695719795736031e-07,8.599354986511889e-10,1.5966398033716789e-12
64beffb9bd1bf214ce51,2854eeaecd1a9c2eb43945571c0fa36dfddf9b296eb68eec79d912dbce5e697b,standard,6QP,1,1,0.9488707077046511,0.050266217231027685,0.0008548505125168638,8.183162007162825e-06,4.127565376229883e-08,1.1396313751136942e-10,1.8095965501379652e-13
fb2a5dff77904941dc60,43d62f5dadd5ef81371bbd8a713ecce359d75772d1c445479691bcf877f295c2,standard,2QP,0,1,0.4008230938435559,0.4882008127404392,0.11097609341600499,0.0,0.0,0.0,0.0
fb2a5dff77904941dc60,43d62f5dadd5ef81371bbd8a713ecce359d75772d1c445479691bcf877f295c2,standard,2QP,1,1,0.5179934074343558,0.3885620960552957,0.09344449651035093,0.0,0.0,0.0,0.0
fb2a5dff77904941dc60,43d62f5dadd5ef81371bbd8a713ecce359d75772d1c445479691bcf877f295c2,standard,4QP,0,1,0.23164244325898864,0.44830173651400945,0.24172254546391567,0.07051545549519365,0.007817819267896006,0.0,0.0
fb2a5dff77904941dc60,43d62f5dadd5ef81371bbd8a713ecce359d75772d1c445479691bcf877f295c2,standard,4QP,1,1,0.25657566303470764,0.3648213443160828,0.28118868362132937,0.0858182057681427,0.011596103259737554,0.0,0.0
fb2a5dff77904941dc60,43d62f5dadd5ef81371bbd8a713ecce359d75772d1c445479691bcf877f295c2,standard,6QP,0,1,0.21887987692251415,0.4355870515721956,0.24729824880164927,0.08273414538549999,0.013916784283779945,0.0015012341666640967,8.265886769738723e-05
fb2a5dff77904941dc60,43d62f5dadd5ef81371bbd8a713ecce359d75772d1c445479691bcf877f295c2,standard,6QP,1,1,0.22032402178915333,0.3409379467018366,0.2987810700200261,0.11108048491618339,0.025608567511735843,0.003064337392860945,0.0002035716682081648
352738ddd36bd64eaf81,43d62f5dadd5ef81371bbd8a713ecce359d75772d1c445479691bcf877f295c2,standard,2QP,0,1,0.5057662539185882,0.41829995850710683,0.07593378757430437,0.0,0.0,0.0,0.0
352738ddd36bd64eaf81,43d62f5dadd5ef81371bbd8a713ecce359d75772d1c445479691bcf877f295c2,standard,2QP,1,1,0.5893615214205745,0.3545993455512515,0.05603913302817181,0.0,0.0,0.0,0.0
352738ddd36bd64eaf81,43d62f5dadd5ef81371bbd8a713ecce359d75772d1c445479691bcf877f295c2,standard,4QP,0,1,0.4042467710677629,0.42984813714795594,0.1441788585684878,0.020443651835884723,0.0012825813799048347,0.0,0.0
352738ddd36bd64eaf81,43d62f5dadd5ef81371bbd8a713ecce359d75772d1c445479691bcf877f295c2,standard,4QP,1,1,0.43039906984963383,0.3836473143641753,0.1530725917299362,0.030435293459205672,0.0024457305970542243,0.0,0.0
352738ddd36bd64eaf81,43d62f5dadd5ef81371bbd8a713ecce359d75772d1c445479691bcf877f295c2,standard,6QP,0,1,0.40260075512487586,0.429339145218669,0.14508770208057112,0.02125747013781306,0.0016377510703008294,7.521475331876426e-05,1.961614447836737e-06
352738ddd36bd64eaf81,43d62f5dadd5ef81371bbd8a713ecce359d75772d1c445479691bcf877f295c2,standard,6QP,1,1,0.4216740380116086,0.3826509792563738,0.15813201914829303,0.03371819991070886,0.0036065451121165284,0.00021130798321670016,6.91057768186295e-06
befeb2ff28e6cf8f090a,43d62f5dadd5ef81371bbd8a713ecce359d75772d1c445479691bcf877f295c2,standard,2QP,0,1,0.00742323101183479,0.9783587153461291,0.014218053642036547,0.0,0.0,0.0,0.0
befeb2ff28e6cf8f090a,43d62f5dadd5ef81371bbd8a713ecce359d75772d1c445479691bcf877f295c2,standard,2QP,1,1,0.9857526646789293,0.014019572579042293,0.00022776274202950013,0.0,0.0,0.0,0.0
befeb2ff28e6cf8f090a,43d62f5dadd5ef81371bbd8a713ecce359d75772d1c445479691bcf877f295c2,standard,4QP,0,1,0.007433629769571424,0.9772505635757838,0.015047538145116255,0.00026666557339324355,1.602936137928726e-06,0.0,0.0
befeb2ff28e6cf8f090a,43d62f5dadd5ef81371bbd8a713ecce359d75772d1c445479691bcf877f295c2,standard,4QP,1,1,0.9857252789743111,0.014031475282707333,0.00024167018792322048,1.5674617729484987e-06,8.093281455530758e-09,0.0,0.0
befeb2ff28e6cf8f090a,43d62f5dadd5ef81371bbd8a713ecce359d75772d1c445479691bcf877f295c2,standard,6QP,0,1,0.007433626965348997,0.9772503328110401,0.015047618053055725,0.000266779789541329,1.6343320126148308e-06,8.030983661263781e-09,1.803607913487335e-11
befeb2ff28e6cf8f090a,43d62f5dadd5ef81371bbd8a713ecce359d75772d1c445479691bcf877f295c2,standard,6QP,1,1,0.9857252778309156,0.01403147559696574,0.00024167071269350708,1.5676254428398893e-06,8.214677456939789e-09,1.9275184067108645e-11,3.210410183808261e-14
b1d245114d73e21e31ef,2854eeaecd1a9c2eb43945571c0fa36dfddf9b296eb68eec79d912dbce5e697b,standard,2QP,0,1,0.044901899745112384,0.9214924369304962,0.033605663324392646,0.0,0.0,0.0,0.0
b1d245114d73e21e31ef,2854eeaecd1a9c2eb43945571c0fa36dfddf9b296eb68eec79d912dbce5e697b,standard,2QP,1,1,0.9640636149707041,0.034609114015728734,0.0013272710135675857,0.0,0.0,0.0,0.0
b1d245114d73e21e31ef,2854eeaecd1a9c2eb43945571c0fa36dfddf9b296eb68eec79d912dbce5e697b,standard,4QP,0,1,0.04408318582149824,0.9158364150467557,0.03837921019115105,0.0016785646326358484,2.2624307958279624e-05,0.0,0.0
b1d245114d73e21e31ef,2854eeaecd1a9c2eb43945571c0fa36dfddf9b296eb68eec79d912dbce5e697b,standard,4QP,1,1,0.9636642564493968,0.034779335909150666,0.0015311783141379693,2.4926166750580905e-05,3.031605672573356e-07,0.0,0.0
b1d245114d73e21e31ef,2854eeaecd1a9c2eb43945571c0fa36dfddf9b296eb68eec79d912dbce5e697b,standard,6QP,0,1,0.04408249386930686,0.9158297139072846,0.038381708824227055,0.0016821765952258036,2.3649981462572214e-05,2.5555021511689104e-07,1.2722723745026584e-09
b1d245114d73e21e31ef,2854eeaecd1a9c2eb43945571c0fa36dfddf9b296eb68eec79d912dbce5e697b,standard,6QP,1,1,0.9636641587845806,0.034779361895949226,0.0015312226082463242,2.4941241043820318e-05,3.1374411417688673e-07,1.7197285111348637e-09,6.334489099760334e-12
430a9a23e348a7ce1c9e,2854eeaecd1a9c2eb43945571c0fa36dfddf9b296eb68eec79d912dbce5e697b,standard,2QP,0,1,0.018685249749399273,0.9496862621682522,0.03162848808234739,0.0,0.0,0.0,0.0
430a9a23e348a7ce1c9e,2854eeaecd1a9c2eb43945571c0fa36dfddf9b296eb68eec79d912dbce5e697b,standard,2QP,1,1,0.9647181163517723,0.033425544444112575,0.0018563392041149724,0.0,0.0,0.0,0.0
430a9a23e348a7ce1c9e,2854eeaecd1a9c2eb43945571c0fa36dfddf9b296eb68eec79d912dbce5e697b,standard,4QP,0,1,0.018396364532874288,0.9424841157348327,0.03651758370826378,0.0025578795687280385,4.405645530301031e-05,0.0,0.0
430a9a23e348a7ce1c9e,2854eeaecd1a9c2eb43945571c0fa36dfddf9b296eb68eec79d912dbce5e697b,standard,4QP,1,1,0.9639767661737484,0.03367805121227789,0.0022986432517678357,4.5688501919024274e-05,8.508602842120923e-07,0.0,0.0
430a9a23e348a7ce1c9e,2854eeaecd1a9c2eb43945571c0fa36dfddf9b296eb68eec79d912dbce5e697b,standard,6QP,0,1,0.018395678191089514,0.9424634275199982,0.036523010627628805,0.0025702183549491412,4.6864052268823456e-05,7.957111101866197e-07,5.5429550866014485e-09
430a9a23e348a7ce1c9e,2854eeaecd1a9c2eb43945571c0fa36dfddf9b296eb68eec79d912dbce5e697b,standard,6QP,1,1,0.9639763588563496,0.03367812965396181,0.0022988597754896854,4.5745220422521384e-05,8.995032063849642e-07,6.949681052532833e-09,4.089202865514312e-11
68a1c3dd4f47a65e6660,2854eeaecd1a9c2eb43945571c0fa36dfddf9b296eb68eec79d912dbce5e697b,standard,2QP,0,1,0.7574269077098307,0.22574523061975055,0.016827861670417502,0.0,0.0,0.0,0.0
68a1c3dd4f47a65e6660,2854eeaecd1a9c2eb43945571c0fa36dfddf9b296eb68eec79d912dbce5e697b,standard,2QP,1,1,0.8404336081233393,0.15258219168863804,0.006984200188022512,0.0,0.0,0.0,0.0
68a1c3dd4f47a65e6660,2854eeaecd1a9c2eb43945571c0fa36dfddf9b296eb68eec79d912dbce5e697b,standard,4QP,0,1,0.7460111853881453,0.23180063387862673,0.021508824284394736,0.0006691873063190693,1.0169142510365778e-05,0.0,0.0
68a1c3dd4f47a65e6660,2854eeaecd1a9c2eb43945571c0fa36dfddf9b296eb68eec79d912dbce5e697b,standard,4QP,1,1,0.835563639814449,0.15550272874258225,0.008648577621271362,0.00028064298539982104,4.410836297970021e-06,0.0,0.0
68a1c3dd4f47a65e6660,2854eeaecd1a9c2eb43945571c0fa36dfddf9b296eb68eec79d912dbce5e697b,standard,6QP,0,1,0.7460046771396807,0.2318028707396757,0.02151127028436169,0.0006703877282287295,1.0694308742519499e-05,9.925594988108417e-08,5.433618634204127e-10
68a1c3dd4f47a65e6660,2854eeaecd1a9c2eb43945571c0fa36dfddf9b296eb68eec79d912dbce5e697b,standard,6QP,1,1,0.8355605334529833,0.1555040138621868,0.008649601470253955,0.00028116394159906236,4.644251705664511e-06,4.2796035896970525e-08,2.2523112156532002e-10
0cc521f4c50b844e4d4c,2854eeaecd1a9c2eb43945571c0fa36dfddf9b296eb68eec79d912dbce5e697b,standard,2QP,0,1,0.09010247583432873,0.8584512181250006,0.05144630604067023,0.0,0.0,0.0,0.0
0cc521f4c50b844e4d4c,2854eeaecd1a9c2eb43945571c0fa36dfddf9b296eb68eec79d912dbce5e697b,standard,2QP,1,1,0.9352676378235816,0.060907582436187366,0.0038247797402316728,0.0,0.0,0.0,0.0
0cc521f4c50b844e4d4c,2854eeaecd1a9c2eb43945571c0fa36dfddf9b296eb68eec79d912dbce5e697b,standard,4QP,0,1,0.08536794397163351,0.8464907039356234,0.06345040608515212,0.004588754460510477,0.00010219154708399497,0.0,0.0
0cc521f4c50b844e4d4c,2854eeaecd1a9c2eb43945571c0fa36dfddf9b296eb68eec79d912dbce5e697b,standard,4QP,1,1,0.933170230370632,0.061762097417819996,0.004920614882707174,0.0001440167338185303,3.0405950194239595e-06,0.0,0.0
0cc521f4c50b844e4d4c,2854eeaecd1a9c2eb43945571c0fa36dfddf9b296eb68eec79d912dbce5e697b,standard,6QP,0,1,0.08535688936633158,0.8464455380327198,0.06346844685761205,0.0046167097897318885,0.00011038806858567764,2.0108566387153436e-06,1.7028379785249603e-08
0cc521f4c50b844e4d4c,2854eeaecd1a9c2eb43945571c0fa36dfddf9b296eb68eec79d912dbce5e697b,standard,6QP,1,1,0.9331684598462064,0.06176252003925341,0.004921449088604786,0.00014430606544711474,3.2330365648157544e-06,3.1715615837655145e-08,2.083066060549819e-10
68e4dff6101f6ae4194a,2854eeaecd1a9c2eb43945571c0fa36dfddf9b296eb68eec79d912dbce5e697b,standard,2QP,0,1,0.05346032877873458,0.9036430092028346,0.0428966620184303,0.0,0.0,0.0,0.0
68e4dff6101f6ae4194a,2854eeaecd1a9c2eb43945571c0fa36dfddf9b296eb68eec79d912dbce5e697b,standard,2QP,1,1,0.948376566901666,0.048639001122293725,0.0029844319760391857,0.0,0.0,0.0,0.0
68e4dff6101f6ae4194a,2854eeaecd1a9c2eb43945571c0fa36dfddf9b296eb68eec79d912dbce5e697b,standard,4QP,0,1,0.05143101201041419,0.8926032133478677,0.05198395348803464,0.00390005357357941,8.176758010464224e-05,0.0,0.0
68e4dff6101f6ae4194a,2854eeaecd1a9c2eb43945571c0fa36dfddf9b296eb68eec79d912dbce5e697b,standard,4QP,1,1,0.9468556133607381,0.049227073099670164,0.0038174977840910195,9.781417163823896e-05,2.0015838631995623e-06,0.0,0.0
68e4dff6101f6ae4194a,2854eeaecd1a9c2eb43945571c0fa36dfddf9b296eb68eec79d912dbce5e697b,standard,6QP,0,1,0.05142615953370974,0.8925625336787628,0.0519974050683248,0.003924065385536408,8.822224438362684e-05,1.6011652666621655e-06,1.2924013891836073e-08
68e4dff6101f6ae4194a,2854eeaecd1a9c2eb43945571c0fa36dfddf9b296eb68eec79d912dbce5e697b,standard,6QP,1,1,0.9468544337788802,0.04922733520482547,0.0038180820466088223,9.799528168931681e-05,2.1337577651749e-06,1.979966949053405e-08,1.3056301806695643e-10
716d6e4aa2bf30c3ce50,2854eeaecd1a9c2eb43945571c0fa36dfddf9b296eb68eec79d912dbce5e697b,standard,2QP,0,1,0.6236537148109887,0.34215084997351053,0.03419543521550123,0.0,0.0,0.0,0.0
716d6e4aa2bf30c3ce50,2854eeaecd1a9c2eb43945571c0fa36dfddf9b296eb68eec79d912dbce5e697b,standard,2QP,1,1,0.7995484737037185,0.18429901756498757,0.01615250873129337,0.0,0.0,0.0,0.0
716d6e4aa2bf30c3ce50,2854eeaecd1a9c2eb43945571c0fa36dfddf9b296eb68eec79d912dbce5e697b,standard,4QP,0,1,0.5859624997845938,0.3586658626976595,0.05171402211263214,0.0035503201204636564,0.00010729528464843444,0.0,0.0
716d6e4aa2bf30c3ce50,2854eeaecd1a9c2eb43945571c0fa36dfddf9b296eb68eec79d912dbce5e697b,standard,4QP,1,1,0.7790586875323127,0.1941342176994356,0.025175231468988927,0.0015811934372561409,5.0669862007250694e-05,0.0,0.0
716d6e4aa2bf30c3ce50,2854eeaecd1a9c2eb43945571c0fa36dfddf9b296eb68eec79d912dbce5e697b,standard,6QP,0,1,0.5858501270452448,0.3586844244894535,0.051761618482425366,0.003581424556038178,0.00011998057329731572,2.3980584801496497e-06,2.6795060246356484e-08
716d6e4aa2bf30c3ce50,2854eeaecd1a9c2eb43945571c0fa36dfddf9b296eb68eec79d912dbce5e697b,standard,6QP,1,1,0.7789924065635704,0.19415206079195368,0.02520283867605646,0.0015946996718573245,5.691080127385685e-05,1.0715538804249454e-06,1.1941408427135958e-08
5a00b1576cb79f3d9eb4,2854eeaecd1a9c2eb43945571c0fa36dfddf9b296eb68eec79d912dbce5e697b,standard,2QP,0,1,0.21595470230620537,0.7412427860959503,0.0428025115978432,0.0,0.0,0.0,0.0
5a00b1576cb79f3d9eb4,2854eeaecd1a9c2eb43945571c0fa36dfddf9b296eb68eec79d912dbce5e697b,standard,2QP,1,1,0.9354915088851244,0.061281822178159265,0.003226668936713822,0.0,0.0,0.0,0.0
5a00b1576cb79f3d9eb4,2854eeaecd1a9c2eb43945571c0fa36dfddf9b296eb68eec79d912dbce5e697b,standard,4QP,0,1,0.20371330698158824,0.7398928182110527,0.05332987343597745,0.003006088664455239,5.791270692778777e-05,0.0,0.0
5a00b1576cb79f3d9eb4,2854eeaecd1a9c2eb43945571c0fa36dfddf9b296eb68eec79d912dbce5e697b,standard,4QP,1,1,0.9338382310642529,0.0620525483925574,0.0040050125692525805,0.00010246696260060792,1.7410113387367494e-06,0.0,0.0
5a00b1576cb79f3d9eb4,2854eeaecd1a9c2eb43945571c0fa36dfddf9b296eb68eec79d912dbce5e697b,standard,6QP,0,1,0.20369798883080636,0.7398793874352991,0.0533411345388975,0.0030185967196872886,6.201750361124789e-05,8.689609487942711e-07,6.010745627470677e-09
5a00b1576cb79f3d9eb4,2854eeaecd1a9c2eb43945571c0fa36dfddf9b296eb68eec79d912dbce5e697b,standard,6QP,1,1,0.9338372435411998,0.062052834137091825,0.004005438662849174,0.00010262828473023751,1.839724201665691e-06,1.5563573834242633e-08,8.634790636908949e-11
0b5c78815d3c00015a78,2854eeaecd1a9c2eb43945571c0fa36dfddf9b296eb68eec79d912dbce5e697b,standard,2QP,0,1,0.02588033514978131,0.9351024940747676,0.03901717077545215,0.0,0.0,0.0,0.0
0b5c78815d3c00015a78,2854eeaecd1a9c2eb43945571c0fa36dfddf9b296eb68eec79d912dbce5e697b,standard,2QP,1,1,0.9542063005049185,0.04286974188541754,0.002923957609663949,0.0,0.0,0.0,0.0
0b5c78815d3c00015a78,2854eeaecd1a9c2eb43945571c0fa36dfddf9b296eb68eec79d912dbce5e697b,standard,4QP,0,1,0.02520246977602149,0.9240035712569907,0.04659471146007681,0.004110557661773535,8.868984514354598e-05,0.0,0.0
0b5c78815d3c00015a78,2854eeaecd1a9c2eb43945571c0fa36dfddf9b296eb68eec79d912dbce5e697b,standard,4QP,1,1,0.952683115842855,0.04338031755701156,0.0038359726075853813,9.827806575757016e-05,2.315926791230963e-06,0.0,0.0
0b5c78815d3c00015a78,2854eeaecd1a9c2eb43945571c0fa36dfddf9b296eb68eec79d912dbce5e697b,standard,6QP,0,1,0.0251999530081449,0.9239514941641516,0.04660816547289712,0.004142252827233356,9.605641969860655e-05,2.0599540655154343e-06,1.8153810780435796e-08
0b5c78815d3c00015a78,2854eeaecd1a9c2eb43945571c0fa36dfddf9b296eb68eec79d912dbce5e697b,standard,6QP,1,1,0.9526816729878433,0.043380581716902615,0.0038367483436518254,9.848459083443986e-05,2.4874335655812126e-06,2.4740399162635954e-08,1.8679737724729058e-10
83e82364139f1a6c30b5,2854eeaecd1a9c2eb43945571c0fa36dfddf9b296eb68eec79d912dbce5e697b,standard,2QP,0,1,0.024790795464285746,0.9533482875913212,0.021860916944389283,0.0,0.0,0.0,0.0
83e82364139f1a6c30b5,2854eeaecd1a9c2eb43945571c0fa36dfddf9b296eb68eec79d912dbce5e697b,standard,2QP,1,1,0.9785453276429926,0.020947839937532964,0.0005068324194762656,0.0,0.0,0.0,0.0
83e82364139f1a6c30b5,2854eeaecd1a9c2eb43945571c0fa36dfddf9b296eb68eec79d912dbce5e697b,standard,4QP,0,1,0.024625615333099357,0.9509086463024976,0.02381212686262732,0.0006481469303722898,5.464571403332508e-06,0.0,0.0
83e82364139f1a6c30b5,2854eeaecd1a9c2eb43945571c0fa36dfddf9b296eb68eec79d912dbce5e697b,standard,4QP,1,1,0.9784546128848657,0.02098732229166141,0.0005526273357673287,5.397368685507812e-06,4.011902036376724e-08,0.0,0.0
83e82364139f1a6c30b5,2854eeaecd1a9c2eb43945571c0fa36dfddf9b296eb68eec79d912dbce5e697b,standard,6QP,0,1,0.024625561140010598,0.9509075950677954,0.02381251283114891,0.0006486796392912327,5.613691267286085e-06,3.751539653143621e-08,1.1509060041804872e-10
83e82364139f1a6c30b5,2854eeaecd1a9c2eb43945571c0fa36dfddf9b296eb68eec79d912dbce5e697b,standard,6QP,1,1,0.9784546051536646,0.02098732445316521,0.0005526307715901804,5.398529210645013e-06,4.095699178265616e-08,1.3507526203013492e-10,2.999454835419908e-13
b0a3c1a6aa03173c7b77,2854eeaecd1a9c2eb43945571c0fa36dfddf9b296eb68eec79d912dbce5e697b,standard,2QP,0,1,0.6125449841578756,0.34597559735809125,0.04147941848403306,0.0,0.0,0.0,0.0
b0a3c1a6aa03173c7b77,2854eeaecd1a9c2eb43945571c0fa36dfddf9b296eb68eec79d912dbce5e697b,standard,2QP,1,1,0.745419485889695,0.23405617093414666,0.020524343176157003,0.0,0.0,0.0,0.0
b0a3c1a6aa03173c7b77,2854eeaecd1a9c2eb43945571c0fa36dfddf9b296eb68eec79d912dbce5e697b,standard,4QP,0,1,0.5708056660800246,0.3613692356585857,0.06344988614111026,0.004243941220966315,0.0001312708993142629,0.0,0.0
b0a3c1a6aa03173c7b77,2854eeaecd1a9c2eb43945571c0fa36dfddf9b296eb68eec79d912dbce5e697b,standard,4QP,1,1,0.7187587940578889,0.24633772568531145,0.03246522124120735,0.0023583530005448277,7.990601504830657e-05,0.0,0.0
b0a3c1a6aa03173c7b77,2854eeaecd1a9c2eb43945571c0fa36dfddf9b296eb68eec79d912dbce5e697b,standard,6QP,0,1,0.5706798798037539,0.3613822916038376,0.06350864367593866,0.004279873271602772,0.00014631538132319706,2.961595093541353e-06,3.46684487428366e-08
b0a3c1a6aa03173c7b77,2854eeaecd1a9c2eb43945571c0fa36dfddf9b296eb68eec79d912dbce5e697b,standard,6QP,1,1,0.7186446490453992,0.24636580757898394,0.03251440733303779,0.0023830971643944068,9.014313078671252e-05,1.8731548813839798e-06,2.2592517320451322e-08
4a90fc35ecccb87c310f,2854eeaecd1a9c2eb43945571c0fa36dfddf9b296eb68eec79d912dbce5e697b,standard,2QP,0,1,0.17267010437919939,0.7956066467933826,0.03172324882741882,0.0,0.0,0.0,0.0
4a90fc35ecccb87c310f,2854eeaecd1a9c2eb43945571c0fa36dfddf9b296eb68eec79d912dbce5e697b,standard,2QP,1,1,0.9618695443268231,0.037123916113090044,0.0010065395600871016,0.0,0.0,0.0,0.0
4a90fc35ecccb87c310f,2854eeaecd1a9c2eb43945571c0fa36dfddf9b296eb68eec79d912dbce5e697b,standard,4QP,0,1,0.16851147235200273,0.794318977320703,0.036142280865178615,0.001016724962722764,1.054449938845816e-05,0.0,0.0
4a90fc35ecccb87c310f,2854eeaecd1a9c2eb43945571c0fa36dfddf9b296eb68eec79d912dbce5e697b,standard,4QP,1,1,0.9616164147783249,0.037254053388565064,0.0011147319280870082,1.4678273630406013e-05,1.2163139099835385e-07,0.0,0.0
4a90fc35ecccb87c310f,2854eeaecd1a9c2eb43945571c0fa36dfddf9b296eb68eec79d912dbce5e697b,standard,6QP,0,1,0.1685102033194293,0.794317603680109,0.03614342743659572,0.001017783795985044,1.0904152311517314e-05,7.733773671779284e-08,2.7783334047956473e-10
4a90fc35ecccb87c310f,2854eeaecd1a9c2eb43945571c0fa36dfddf9b296eb68eec79d912dbce5e697b,standard,6QP,1,1,0.9616163832779879,0.037254064233201156,0.0011147441102856584,1.4683249445916625e-05,1.2462081720328726e-07,5.069706484640861e-10,1.2921665167394056e-12
e9aac1b8655eec6f2843,2854eeaecd1a9c2eb43945571c0fa36dfddf9b296eb68eec79d912dbce5e697b,standard,2QP,0,1,0.6284023089695655,0.329657020315669,0.04194067071476721,0.0,0.0,0.0,0.0
e9aac1b8655eec6f2843,2854eeaecd1a9c2eb43945571c0fa36dfddf9b296eb68eec79d912dbce5e697b,standard,2QP,1,1,0.7042527348189545,0.2703823957836056,0.02536486939743785,0.0,0.0,0.0,0.0
e9aac1b8655eec6f2843,2854eeaecd1a9c2eb43945571c0fa36dfddf9b296eb68eec79d912dbce5e697b,standard,4QP,0,1,0.5837018658212283,0.3454957090280125,0.06601145489785006,0.004636703099408657,0.00015426715350232365,0.0,0.0
e9aac1b8655eec6f2843,2854eeaecd1a9c2eb43945571c0fa36dfddf9b296eb68eec79d912dbce5e697b,standard,4QP,1,1,0.6670170289367969,0.2867559428923292,0.04247964599160933,0.0036109227328234472,0.00013645944644146766,0.0,0.0
e9aac1b8655eec6f2843,2854eeaecd1a9c2eb43945571c0fa36dfddf9b296eb68eec79d912dbce5e697b,standard,6QP,0,1,0.5835441948650714,0.34551025270172014,0.06608681147180363,0.004681501248578395,0.00017344033178900612,3.7518264963349518e-06,4.7554537621765904e-08
e9aac1b8655eec6f2843,2854eeaecd1a9c2eb43945571c0fa36dfddf9b296eb68eec79d912dbce5e697b,standard,6QP,1,1,0.6667852078122098,0.2868074781252263,0.042582561907059675,0.003663968485891818,0.00015696124893970718,3.7705083767083195e-06,5.1912291608947694e-08
5961e709727450996c45,2854eeaecd1a9c2eb43945571c0fa36dfddf9b296eb68eec79d912dbce5e697b,standard,2QP,0,1,0.6367255579708403,0.32408651999410243,0.03918792203505743,0.0,0.0,0.0,0.0
5961e709727450996c45,2854eeaecd1a9c2eb43945571c0fa36dfddf9b296eb68eec79d912dbce5e697b,standard,2QP,1,1,0.7249387966956622,0.25290504568449657,0.022156157619841788,0.0,0.0,0.0,0.0
5961e709727450996c45,2854eeaecd1a9c2eb43945571c0fa36dfddf9b296eb68eec79d912dbce5e697b,standard,4QP,0,1,0.5966739459103547,0.3391243240086972,0.06016812396580648,0.003913155415393567,0.00012045069974946836,0.0,0.0
5961e709727450996c45,2854eeaecd1a9c2eb43945571c0fa36dfddf9b296eb68eec79d912dbce5e697b,standard,4QP,1,1,0.6950702638512167,0.26670835292607864,0.03543818957296984,0.0026906681693522074,9.252548038326897e-05,0.0,0.0
5961e709727450996c45,2854eeaecd1a9c2eb43945571c0fa36dfddf9b296eb68eec79d912dbce5e697b,standard,6QP,0,1,0.5965562521141031,0.3391386529831739,0.06022306864824336,0.00394520109524833,0.0001341260937709334,2.6680110740418018e-06,3.1054383256815997e-08
5961e709727450996c45,2854eeaecd1a9c2eb43945571c0fa36dfddf9b296eb68eec79d912dbce5e697b,standard,6QP,1,1,0.6949303499972911,0.2667430148671907,0.03549821819042708,0.0027213692119402435,0.00010476815648467858,2.2517673801192055e-06,2.7809284615821115e-08
045f14f09e9b1b7fbed0,2854eeaecd1a9c2eb43945571c0fa36dfddf9b296eb68eec79d912dbce5e697b,standard,2QP,0,1,0.7831536105265984,0.2022894853602049,0.014556904113192957,0.0,0.0,0.0,0.0
045f14f09e9b1b7fbed0,2854eeaecd1a9c2eb43945571c0fa36dfddf9b296eb68eec79d912dbce5e697b,standard,2QP,1,1,0.822619404759909,0.1672483502456064,0.010132244994484101,0.0,0.0,0.0,0.0
045f14f09e9b1b7fbed0,2854eeaecd1a9c2eb43945571c0fa36dfddf9b296eb68eec79d912dbce5e697b,standard,4QP,0,1,0.7713673843573967,0.208656126024912,0.019227850318245757,0.0007349229241129598,1.3716375332579158e-05,0.0,0.0
045f14f09e9b1b7fbed0,2854eeaecd1a9c2eb43945571c0fa36dfddf9b296eb68eec79d912dbce5e697b,standard,4QP,1,1,0.8130495884206452,0.17276708359951914,0.013595940522611406,0.0005755886924184676,1.1798764802642974e-05,0.0,0.0
045f14f09e9b1b7fbed0,2854eeaecd1a9c2eb43945571c0fa36dfddf9b296eb68eec79d912dbce5e697b,standard,6QP,0,1,0.7713566023553691,0.20865977871598015,0.01923181754851785,0.0007369926494278434,1.464142426564701e-05,1.6620462015234994e-07,1.1018185802146349e-09
045f14f09e9b1b7fbed0,2854eeaecd1a9c2eb43945571c0fa36dfddf9b296eb68eec79d912dbce5e697b,standard,6QP,1,1,0.8130386342304398,0.17277126369120283,0.013599731812853557,0.0005775429221722515,1.2674038729838715e-05,1.5225595597233165e-07,1.0486498531227187e-09
69dce37d59f2b31c127a,2854eeaecd1a9c2eb43945571c0fa36dfddf9b296eb68eec79d912dbce5e697b,standard,2QP,0,1,0.2644291834267867,0.6855333340554867,0.050037482517727376,0.0,0.0,0.0,0.0
69dce37d59f2b31c127a,2854eeaecd1a9c2eb43945571c0fa36dfddf9b296eb68eec79d912dbce5e697b,standard,2QP,1,1,0.9108163926571583,0.0834678424831009,0.005715764859740039,0.0,0.0,0.0,0.0
69dce37d59f2b31c127a,2854eeaecd1a9c2eb43945571c0fa36dfddf9b296eb68eec79d912dbce5e697b,standard,4QP,0,1,0.24261500333768934,0.6861659860969238,0.06628372776547356,0.0048147833383127255,0.00012049946160307542,0.0,0.0
69dce37d59f2b31c127a,2854eeaecd1a9c2eb43945571c0fa36dfddf9b296eb68eec79d912dbce5e697b,standard,4QP,1,1,0.9067245970085738,0.08530595413981676,0.007689219594402136,0.0002739018654625566,6.327391742222028e-06,0.0,0.0
69dce37d59f2b31c127a,2854eeaecd1a9c2eb43945571c0fa36dfddf9b296eb68eec79d912dbce5e697b,standard,6QP,0,1,0.24256614189820683,0.6861353288368648,0.06631456320290917,0.004849426651691521,0.00013207213988924562,2.4447847184072955e-06,2.2485719225097467e-08
69dce37d59f2b31c127a,2854eeaecd1a9c2eb43945571c0fa36dfddf9b296eb68eec79d912dbce5e697b,standard,6QP,1,1,0.9067196003892105,0.08530728235510195,0.007691446187331944,0.0002747576264873027,6.83233962177614e-06,8.048383021167195e-08,6.1841359355484e-10
6b793f9a12bf0fb222d1,7d5b6f7f8e201a03368b3b28aba65d5197754bd531f9afc05ee9a5dfbddbcd3e,standard,2QP,0,1,0.44640184580581216,0.44742950054841496,0.10616865364577292,0.0,0.0,0.0,0.0
6b793f9a12bf0fb222d1,7d5b6f7f8e201a03368b3b28aba65d5197754bd531f9afc05ee9a5dfbddbcd3e,standard,2QP,1,1,0.45926977922733253,0.4388185441605761,0.10191167661209144,0.0,0.0,0.0,0.0
6b793f9a12bf0fb222d1,7d5b6f7f8e201a03368b3b28aba65d5197754bd531f9afc05ee9a5dfbddbcd3e,standard,4QP,0,1,0.2242520291062258,0.4043988050437852,0.2745542196434321,0.0859264627251013,0.010868483481454078,0.0,0.0
6b793f9a12bf0fb222d1,7d5b6f7f8e201a03368b3b28aba65d5197754bd531f9afc05ee9a5dfbddbcd3e,standard,4QP,1,1,0.1859093510780091,0.3829307542028511,0.30437421788772884,0.11119757445683173,0.015588102374582951,0.0,0.0
6b793f9a12bf0fb222d1,7d5b6f7f8e201a03368b3b28aba65d5197754bd531f9afc05ee9a5dfbddbcd3e,standard,6QP,0,1,0.1980981761847032,0.3785503425458567,0.28475575708400036,0.11040625264775972,0.024671229816408034,0.003288432635310366,0.0002298090859661921
6b793f9a12bf0fb222d1,7d5b6f7f8e201a03368b3b28aba65d5197754bd531f9afc05ee9a5dfbddbcd3e,standard,6QP,1,1,0.13288096671764146,0.32647209966255913,0.32287421716641634,0.16378452764693727,0.04600912869194098,0.007386770957612601,0.000592289156897778
66a9512fc7f6d821ba08,2854eeaecd1a9c2eb43945571c0fa36dfddf9b296eb68eec79d912dbce5e697b,standard,2QP,0,1,0.12544004511846032,0.7972334108512298,0.07732654403030989,0.0,0.0,0.0,0.0
66a9512fc7f6d821ba08,2854eeaecd1a9c2eb43945571c0fa36dfddf9b296eb68eec79d912dbce5e697b,standard,2QP,1,1,0.8759655905953828,0.11047705332522699,0.0135573560793877,0.0,0.0,0.0,0.0
66a9512fc7f6d821ba08,2854eeaecd1a9c2eb43945571c0fa36dfddf9b296eb68eec79d912dbce5e697b,standard,4QP,0,1,0.10799350697162331,0.7673889084266281,0.10755609816663948,0.016371959260128018,0.0006895271749821958,0.0,0.0
66a9512fc7f6d821ba08,2854eeaecd1a9c2eb43945571c0fa36dfddf9b296eb68eec79d912dbce5e697b,standard,4QP,1,1,0.8586384278139781,0.11585154454757315,0.023887525359673676,0.001547075427565072,7.54268512122755e-05,0.0,0.0
66a9512fc7f6d821ba08,2854eeaecd1a9c2eb43945571c0fa36dfddf9b296eb68eec79d912dbce5e697b,standard,6QP,0,1,0.10779769087984559,0.7667996107462183,0.1077461615996723,0.016807941583793277,0.0008151598932420728,3.2849631288567445e-05,5.856659422658642e-07
66a9512fc7f6d821ba08,2854eeaecd1a9c2eb43945571c0fa36dfddf9b296eb68eec79d912dbce5e697b,standard,6QP,1,1,0.8585333306700661,0.11586541614970017,0.023945249941259572,0.0015662116351930853,8.773373025791334e-05,2.0249981671841127e-06,3.2875354139110665e-08
122a0c82e1dd5c328a66,2854eeaecd1a9c2eb43945571c0fa36dfddf9b296eb68eec79d912dbce5e697b,standard,2QP,0,1,0.012335605627601746,0.9641099405511064,0.023554453821292447,0.0,0.0,0.0,0.0
122a0c82e1dd5c328a66,2854eeaecd1a9c2eb43945571c0fa36dfddf9b296eb68eec79d912dbce5e697b,standard,2QP,1,1,0.9751039846469729,0.02390153815382088,0.0009944771992058414,0.0,0.0,0.0,0.0
122a0c82e1dd5c328a66,2854eeaecd1a9c2eb43945571c0fa36dfddf9b296eb68eec79d912dbce5e697b,standard,4QP,0,1,0.012241966444314478,0.960196414219076,0.02621042297564461,0.0013343588627305904,1.683749823449712e-05,0.0,0.0
122a0c82e1dd5c328a66,2854eeaecd1a9c2eb43945571c0fa36dfddf9b296eb68eec79d912dbce5e697b,standard,4QP,1,1,0.9748247045005898,0.023998045847202644,0.0011605983003812072,1.642927960781839e-05,2.2207221358254438e-07,0.0,0.0
122a0c82e1dd5c328a66,2854eeaecd1a9c2eb43945571c0fa36dfddf9b296eb68eec79d912dbce5e697b,standard,6QP,0,1,0.012241846705378708,0.9601906368655981,0.026211966166775916,0.0013377406929645768,1.759157523080092e-05,2.168981535058162e-07,1.09589977945029e-09
122a0c82e1dd5c328a66,2854eeaecd1a9c2eb43945571c0fa36dfddf9b296eb68eec79d912dbce5e697b,standard,6QP,1,1,0.9748246295465098,0.023998060981160804,0.001160637678318544,1.643943789859274e-05,2.3107731694178545e-07,1.2734284352013843e-09,5.361475572440331e-12
664104add0a3837c6658,da0f830a8e7cf8900d6a4ead858f6b77b8f28f75bdb5dbeaf82ef07eeb78c498,standard,2QP,0,1,0.887850045080088,0.10817369121593193,0.003976263703980421,0.0,0.0,0.0,0.0
664104add0a3837c6658,da0f830a8e7cf8900d6a4ead858f6b77b8f28f75bdb5dbeaf82ef07eeb78c498,standard,2QP,1,1,0.91364277937158,0.08389268831451399,0.002464532313908059,0.0,0.0,0.0,0.0
664104add0a3837c6658,da0f830a8e7cf8900d6a4ead858f6b77b8f28f75bdb5dbeaf82ef07eeb78c498,standard,4QP,0,1,0.8862257905171285,0.1091887984888793,0.004510038106996755,7.475814758171865e-05,6.147394156443427e-07,0.0,0.0
664104add0a3837c6658,da0f830a8e7cf8900d6a4ead858f6b77b8f28f75bdb5dbeaf82ef07eeb78c498,standard,4QP,1,1,0.9125663845384631,0.08458906812769754,0.0027939971103208175,5.010097917075927e-05,4.4924434589209023e-07,0.0,0.0
664104add0a3837c6658,da0f830a8e7cf8900d6a4ead858f6b77b8f28f75bdb5dbeaf82ef07eeb78c498,standard,6QP,0,1,0.8862255537328444,0.10918890580274515,0.004510110880898366,7.479507789432461e-05,6.314890112109885e-07,3.0082325678827573e-09,8.371405014905831e-12
664104add0a3837c6658,da0f830a8e7cf8900d6a4ead858f6b77b8f28f75bdb5dbeaf82ef07eeb78c498,standard,6QP,1,1,0.912566198269156,0.08458915592656145,0.00279405159273206,5.0129425571727876e-05,4.6247615773607987e-07,2.3032677687983347e-09,6.549146516308843e-12
0e0ddbe0bec88753638c,2854eeaecd1a9c2eb43945571c0fa36dfddf9b296eb68eec79d912dbce5e697b,standard,2QP,0,1,0.01569789999692718,0.9602665458703253,0.024035554132747092,0.0,0.0,0.0,0.0
0e0ddbe0bec88753638c,2854eeaecd1a9c2eb43945571c0fa36dfddf9b296eb68eec79d912dbce5e697b,standard,2QP,1,1,0.9754370246997803,0.023734769429368956,0.000828205870848681,0.0,0.0,0.0,0.0
0e0ddbe0bec88753638c,2854eeaecd1a9c2eb43945571c0fa36dfddf9b296eb68eec79d912dbce5e697b,standard,4QP,0,1,0.01558832551524291,0.9567862810498242,0.02652725779505449,0.001085987241557518,1.2148398323846007e-05,0.0,0.0
0e0ddbe0bec88753638c,2854eeaecd1a9c2eb43945571c0fa36dfddf9b296eb68eec79d912dbce5e697b,standard,4QP,1,1,0.9752398769860291,0.023808862389647495,0.0009390363354399127,1.2088674053712069e-05,1.3561482806032383e-07,0.0,0.0
0e0ddbe0bec88753638c,2854eeaecd1a9c2eb43945571c0fa36dfddf9b296eb68eec79d912dbce5e697b,standard,6QP,0,1,0.01558823021104564,0.956782935598622,0.02652826332977326,0.0010878409436098275,1.2601482642418243e-05,1.2787976426067923e-07,5.545357573751043e-10
0e0ddbe0bec88753638c,2854eeaecd1a9c2eb43945571c0fa36dfddf9b296eb68eec79d912dbce5e697b,standard,6QP,1,1,0.9752398409539239,0.02380887067665116,0.0009390540648548014,1.2093838697365981e-05,1.3980956252287013e-07,6.541171006240032e-10,2.1962586471742874e-12
8f655c2d127bbd122623,2854eeaecd1a9c2eb43945571c0fa36dfddf9b296eb68eec79d912dbce5e697b,standard,2QP,0,1,0.5509215706097274,0.3953291966488785,0.05374923274139465,0.0,0.0,0.0,0.0
8f655c2d127bbd122623,2854eeaecd1a9c2eb43945571c0fa36dfddf9b296eb68eec79d912dbce5e697b,standard,2QP,1,1,0.7196336947510904,0.25322817085880234,0.027138134390108055,0.0,0.0,0.0,0.0
8f655c2d127bbd122623,2854eeaecd1a9c2eb43945571c0fa36dfddf9b296eb68eec79d912dbce5e697b,standard,4QP,0,1,0.4929542487712027,0.41180642574157306,0.08731938395556689,0.007623809321916191,0.00029613220974101205,0.0,0.0
8f655c2d127bbd122623,2854eeaecd1a9c2eb43945571c0fa36dfddf9b296eb68eec79d912dbce5e697b,standard,4QP,1,1,0.6766806848986993,0.27022996321773296,0.04837064965755308,0.00452155109152727,0.00019715113448617462,0.0,0.0
8f655c2d127bbd122623,2854eeaecd1a9c2eb43945571c0fa36dfddf9b296eb68eec79d912dbce5e697b,standard,6QP,0,1,0.4926476662223862,0.41179635041923,0.08747293579148034,0.0077329454133402194,0.00034091638382712067,9.04916573451483e-06,1.3660400142055162e-07
8f655c2d127bbd122623,2854eeaecd1a9c2eb43945571c0fa36dfddf9b296eb68eec79d912dbce5e697b,standard,6QP,1,1,0.6763211975825291,0.2702908885921692,0.048541899780916054,0.0046076684687163935,0.00023192990560497496,6.314810646558314e-06,1.008594143234824e-07
da8b3414b491c249d379,2854eeaecd1a9c2eb43945571c0fa36dfddf9b296eb68eec79d912dbce5e697b,standard,2QP,0,1,0.7020975976758765,0.2704963415893947,0.02740606073472828,0.0,0.0,0.0,0.0
da8b3414b491c249d379,2854eeaecd1a9c2eb43945571c0fa36dfddf9b296eb68eec79d912dbce5e697b,standard,2QP,1,1,0.7436319847409137,0.23540596923991108,0.020962046019173643,0.0,0.0,0.0,0.0
da8b3414b491c249d379,2854eeaecd1a9c2eb43945571c0fa36dfddf9b296eb68eec79d912dbce5e697b,standard,4QP,0,1,0.6715974044491297,0.2841949322258597,0.041549700073866803,0.002581510828063886,7.645242307907586e-05,0.0,0.0
da8b3414b491c249d379,2854eeaecd1a9c2eb43945571c0fa36dfddf9b296eb68eec79d912dbce5e697b,standard,4QP,1,1,0.7137500537699416,0.25014621186715624,0.03362342735717837,0.0024005527555022183,7.975425022060062e-05,0.0,0.0
da8b3414b491c249d379,2854eeaecd1a9c2eb43945571c0fa36dfddf9b296eb68eec79d912dbce5e697b,standard,6QP,0,1,0.6715142397470146,0.2842123875839531,0.04158501447702017,0.0026015523292309776,8.518700607447249e-05,1.6013798753878418e-06,1.7476829461871446e-08
da8b3414b491c249d379,2854eeaecd1a9c2eb43945571c0fa36dfddf9b296eb68eec79d912dbce5e697b,standard,6QP,1,1,0.7136374229268717,0.2501765975698442,0.033668859175754726,0.0024250594079606226,9.019692537999251e-05,1.8425576202497031e-06,2.1436568838510045e-08
