kind,method,delta_over_D,epsilon_over_gamma,omega_prime_over_D,pi_gamma_A,reference_pi_gamma_A,relative_difference,wide_band_pi_gamma_A,wide_band_relative_difference
quadratic,analytic,0.0001,0.0,1.0013973277450691e-14,0.022645369913814762,0.022622563541913887,0.0010081250013342924,0.022646751180174153,0.0010691820233128535
quadratic,analytic,0.0001,0.0,1.1236647306767266e-14,0.023989262927966364,0.023952549188419443,0.0015327696128757395,0.023989492041677378,0.0015423349292522648
quadratic,analytic,0.0001,0.0,1.2608605914796618e-14,0.025413435306204817,0.025407502956925492,0.00023348808772682972,0.02541184477581088,0.00017088727265912595
quadratic,analytic,0.0001,0.0,1.4148076269947635e-14,0.026919813061786375,0.026901215823889102,0.000691315887691557,0.026918529593065073,0.000643605452233631
quadratic,analytic,0.0001,0.0,1.5875511019449802e-14,0.02851476525319191,0.02848274440941095,0.0011242190471778546,0.028514546562226295,0.0011165410312370394
quadratic,analytic,0.0001,0.0,1.7813860013182343e-14,0.030205930787050153,0.030157251419521372,0.0016141844908741376,0.030205192202183644,0.0015896933707704175
quadratic,analytic,0.0001,0.0,1.998887520411002e-14,0.031998167113324844,0.03198909847076679,0.00028349165783292385,0.03199607705725012,0.00021815514712653084
quadratic,analytic,0.0001,0.0,2.2429452776086246e-14,0.03389428953099758,0.03386974483217262,0.0007246791774362382,0.033893144314271775,0.0006908667961655901
quadratic,analytic,0.0001,0.0,2.5168017044362848e-14,0.035901002809909176,0.03586095482011834,0.0011167574871253638,0.035902689523240654,0.0011637923008926965
quadratic,analytic,0.0001,0.0,2.8240951229121653e-14,0.038030118031906264,0.03796922849530887,0.0016036548281437302,0.038031381486780404,0.001636930586546237
quadratic,analytic,0.0001,0.0,3.1689080825072944e-14,0.04028834941514573,0.040275599798503016,0.0003165593239207176,0.04028628438773653,0.00026528690539606714
quadratic,analytic,0.0001,0.0,3.555821598893212e-14,0.0426776362877837,0.0426434114542054,0.000802581979517436,0.04267488122819513,0.0007379750567921839
quadratic,analytic,0.0001,0.0,3.9899760150668316e-14,0.045206030448891835,0.045150427294697836,0.0012315089252883382,0.04520509865758512,0.001210871439387251
quadratic,analytic,0.0001,0.0,4.4615373810823566e-14,0.04780463774136116,0.04780483116560682,-4.046123392664747e-06,0.04780182541178038,-6.287552435912946e-05
quadratic,analytic,0.0001,0.0,5.00627679025955e-14,0.05063497893669701,0.05070864815435651,-0.0014527939580493143,0.05063602041884976,-0.0014322554071185545
quadratic,analytic,0.0001,0.0,5.6175271346961555e-14,0.05363567169270872,0.053689821091457236,-0.0010085598656824901,0.053638255174782365,-0.0009604412089031511
quadratic,analytic,0.0001,0.0,6.303409186332973e-14,0.05682021172249964,0.05684625786232944,-0.00045818565388910937,0.05681849256021513,-0.0004884279662094038
quadratic,analytic,0.0001,0.0,7.073035237327076e-14,0.060191839986656066,0.060188262267549766,5.944213990427549e-05,0.06018728610271255,-1.6218525015321283e-05
quadratic,analytic,0.0001,0.0,7.936630161491123e-14,0.06375833107582946,0.06384428811753905,-0.0013463544546278294,0.0637558149854582,-0.0013857642506400758
quadratic,analytic,0.0001,0.0,8.905667256946224e-14,0.06753700163594148,0.06759770831018748,-0.000898058170366256,0.06753592112952783,-0.0009140425349351
quadratic,analytic,0.0001,0.0,9.993020674727175e-14,0.07154380882769447,0.07157179292808015,-0.0003909934240965418,0.07154014847228984,-0.0004421358540243059
quadratic,analytic,0.0001,0.0,1.1213136458431662e-13,0.07578758154858109,0.07577951488287342,0.00010644916004198812,0.0757817845716703,2.9951218352142206e-05
quadratic,analytic,0.0001,0.0,1.2582224467262258e-13,0.08027608433010648,0.08023460976664494,0.000516916123630029,0.08027490467362328,0.000502213534726792
quadratic,analytic,0.0001,0.0,1.4118473732256253e-13,0.08503055607960316,0.0851083143116723,-0.0009136384934659292,0.08503441838818207,-0.0008682573975042907
quadratic,analytic,0.0001,0.0,1.5842294106821157e-13,0.09007700621609685,0.09011185143172899,-0.00038668848856737714,0.09007611912796532,-0.00039653278892781696
quadratic,analytic,0.0001,0.0,1.7776587422025247e-13,0.09542448992531069,0.09540954763499944,0.0001566121072957838,0.0954167364719783,7.534714456847169e-05
quadratic,analytic,0.0001,0.0,1.9947051749079968e-13,0.10108049227856447,0.10101869660076715,0.0006117251546171598,0.10107399162703319,0.0005473741804902232
quadratic,analytic,0.0001,0.0,2.2382522811295806e-13,0.10706955379616191,0.10715489246671342,-0.0007964047985771217,0.10706665616911416,-0.0008234462801282039
quadratic,analytic,0.0001,0.0,2.5115357081343317e-13,0.1134199146668327,0.11345455292161867,-0.000305305110231302,0.11341461425757378,-0.00035202345799634216
quadratic,analytic,0.0001,0.0,2.8181861653461374e-13,0.12014947641116566,0.12012457184484512,0.00020732283110813654,0.12013892852618226,0.00011951494283524156
quadratic,analytic,0.0001,0.0,3.162277660168379e-13,0.1272687901332361,0.12718672269482587,0.0006452516164534572,0.12726190986679645,0.0005911558248967719
quadratic,analytic,0.0001,0.0,3.5483816232458766e-13,0.1348039269655287,0.13491244741970151,-0.00080437688477486,0.13480719133378105,-0.0007801806870570971
quadratic,analytic,0.0001,0.0,3.9816276422477767e-13,0.1427992170517429,0.14284398083193828,-0.0003133753339460421,0.14279980641034495,-0.0003092494435961157
quadratic,analytic,0.0001,0.0,4.4677716110506245e-13,0.15127859228174095,0.15124181089413297,0.00024319589530530372,0.15126627189165254,0.00016173436019406573
quadratic,analytic,0.0001,0.0,5.013272199718075e-13,0.1602495255437864,0.16013335129219733,0.0007254844206507904,0.16023467565397304,0.000632749898494378
quadratic,analytic,0.0001,0.0,5.625376661220145e-13,0.16974335780568564,0.1698603586805688,-0.0006888062393839434,0.16973476959426004,-0.0007393666614406991
quadratic,analytic,0.0001,0.0,6.31221711487756e-13,0.1798072826478988,0.1798464877298645,-0.00021799192444937887,0.17979806804039927,-0.0002692278847166163
quadratic,analytic,0.0001,0.0,7.082918585706045e-13,0.19047642980578006,0.1904197035730643,0.0002979010661783299,0.19045795194899184,0.0002008635409564974
quadratic,analytic,0.0001,0.0,7.947720235018127e-13,0.20176882869216775,0.20161452117606501,0.0007653591378369295,0.20174977922489787,0.0006708745384205184
quadratic,analytic,0.0001,0.0,8.918111392892707e-13,0.21371439603578463,0.21386122632060467,-0.0006865680485714787,0.21371100151491115,-0.0007024405885913687
quadratic,analytic,0.0001,0.0,1.0006984199773022e-12,0.22638066635239135,0.22643417636773353,-0.00023631598462980907,0.22638128784682574,-0.0002335712821985858
quadratic,analytic,0.0001,0.0,1.1228804885114275e-12,0.23982199119243952,0.23974629300250122,0.00031574290050651044,0.23980265550479374,0.00023509227853590886
quadratic,analytic,0.0001,0.0,1.2599805958604998e-12,0.2540510552878083,0.25384103199640345,0.0008273811753485294,0.25401960855223277,0.0007034975962114665
quadratic,analytic,0.0001,0.0,1.4138201867320365e-12,0.2691030743246662,0.26876440389560835,0.0012601015020923256,0.2690792844345684,0.0011715857248804085
quadratic,analytic,0.0001,0.0,1.5864430983922164e-12,0.285051802809459,0.2850900057850829,-0.00013400320898204754,0.2850316091157443,-0.00020483590498998616
quadratic,analytic,0.0001,0.0,1.7801427140842689e-12,0.3019630608357746,0.3018505119476074,0.00037286300242134196,0.3019294612246207,0.0002615509130792226
quadratic,analytic,0.0001,0.0,1.9974924317921286e-12,0.3198724062802704,0.31959637207247266,0.0008636963117190088,0.3198288457099719,0.0007273976109043456
quadratic,analytic,0.0001,0.0,2.2413798531424674e-12,0.338814217659528,0.33838551534282374,0.00126690504547744,0.3387890775256924,0.0011926106897919286
quadratic,analytic,0.0001,0.0,2.5150451466620394e-12,0.35888121410181983,0.358940124244073,-0.00016412247690955617,0.3588729758907988,-0.00018707396788142372
quadratic,analytic,0.0001,0.0,2.8221240950657457e-12,0.38018039988962776,0.3800422956365886,0.00036339179776767594,0.38014706969167356,0.00027569051205067474
quadratic,analytic,0.0001,0.0,3.166696398480558e-12,0.40274612648511315,0.4023850684759803,0.0008972947492815742,0.40268181461642677,0.000737468071492664
quadratic,analytic,0.0001,0.0,3.5533398753381313e-12,0.4266128621184812,0.42604137800295744,0.0013413817179039889,0.4265518226329149,0.0011981104566654022
quadratic,analytic,0.0001,0.0,3.9871912810228244e-12,0.45188695098520426,0.4519204818757344,-7.419643914119423e-05,0.4518361044424049,-0.00018670858417235703
quadratic,analytic,0.0001,0.0,4.474014552281377e-12,0.47868560618127803,0.4784889896022356,0.0004109113967405431,0.4786183255595292,0.0002703008012809871
quadratic,analytic,0.0001,0.0,5.020277384056325e-12,0.5070808218189872,0.5066194659296804,0.0009106556702476176,0.5069870766854736,0.0007256151421630719
quadratic,analytic,0.0001,0.0,5.6332371561053316e-12,0.5371174323812904,0.5364037393467233,0.001330514651960435,0.537036159054378,0.0011789994387900737
quadratic,analytic,0.0001,0.0,6.321037350985052e-12,0.5689112841318518,0.5679390369597143,0.001711886503421356,0.5688648854417581,0.001630189900310608
quadratic,analytic,0.0001,0.0,7.0928157443619176e-12,0.6026482079204042,0.6024374544603346,0.00034983459031168174,0.6025783975272789,0.00023395468840936573
quadratic,analytic,0.0001,0.0,7.958825805012564e-12,0.6384202224143805,0.6378548891761266,0.0008863038409629986,0.6382880003008702,0.0006790120011510581
quadratic,analytic,0.0001,0.0,8.930572917375613e-12,0.6762600029754937,0.6753545229194861,0.0013407477484468355,0.6761115141894519,0.0011208798405517584
quadratic,analytic,0.0001,0.0,1.0020967236439833e-11,0.7163062833434185,0.7150587686439536,0.0017446324052927675,0.7161736455591537,0.0015591402610368732
quadratic,analytic,0.0001,0.0,1.1205310445764514e-11,0.7574585263995375,0.7584937050241207,-0.0013647820907759511,0.7572843785726768,-0.0015943790217816112
quadratic,analytic,0.0001,0.0,1.2573442923540937e-11,0.8022766215486998,0.803085722139152,-0.0010074896964884505,0.8021491769543209,-0.0011661833338743044
quadratic,analytic,0.0001,0.0,1.410861999020293e-11,0.8497997503987929,0.8502993140638568,-0.0005875150747521873,0.8496674191671774,-0.0007431440743606021
quadratic,analytic,0.0001,0.0,1.583123725445717e-11,0.9002207556531828,0.9002886037764577,-7.536263703689094e-05,0.899995182043499,-0.00032591963480133046
quadratic,analytic,0.0001,0.0,1.776418056343934e-11,0.9535820533092147,0.9532167751800565,0.0003832057289268054,0.9532975613992977,8.475115141126643e-05
quadratic,analytic,0.0001,0.0,1.9933130052840902e-11,1.010022996587145,1.011118183850243,-0.0010831446616137441,1.0097491626076085,-0.0013539675821291342
quadratic,analytic,0.0001,0.0,2.2366901320583166e-11,1.0698209096217348,1.070562051427411,-0.0006922922447026858,1.069534611974786,-0.0009597196643157391
quadratic,analytic,0.0001,0.0,2.5097828256702038e-11,1.1332131948971138,1.1335006374746557,-0.0002535883686685114,1.1328490886066354,-0.0005748112056398469
quadratic,analytic,0.0001,0.0,2.816219261553405e-11,1.2003235744971306,1.2001393972842196,0.00015346318379982904,1.1998988761463056,-0.0002004110009705684
quadratic,analytic,0.0001,0.0,3.16007060372905e-11,1.2712847087984405,1.2706958649116198,0.00046340269381572874,1.2709019333905718,0.0001621697879423678
quadratic,analytic,0.0001,0.0,3.5459050922918025e-11,1.346452319804627,1.3478819599169933,-0.0010606567599246164,1.3460884823318273,-0.0013305895015290892
quadratic,analytic,0.0001,0.0,3.978848734804742e-11,1.426208964836286,1.4271242463427576,-0.0006413467564700959,1.4257016116145913,-0.0009968541504441486
quadratic,analytic,0.0001,0.0,4.4646534079187847e-11,1.5106603524919548,1.5110252047774337,-0.00024146009234349286,1.5099978927182491,-0.0006798775135825608
quadratic,analytic,0.0001,0.0,5.0097732739817715e-11,1.5999410403968806,1.5998587196060585,5.1455037756387156e-05,1.599248005361214,-0.00038173010989062117
quadratic,analytic,0.0001,0.0,5.621450527870041e-11,1.694452886141079,1.6939147769388438,0.00031767194522469566,1.6937373676396636,-0.00010473330866200836
quadratic,analytic,0.0001,0.0,6.307811613233818e-11,1.7946142321723213,1.7935004112352537,0.0006210318827306605,1.7937667652379812,0.0001485107006715669
quadratic,analytic,0.0001,0.0,7.077975186436988e-11,1.9006644684633383,1.89894070758033,0.000907748660148977,1.8996529726427915,0.00037508546718623137
quadratic,analytic,0.0001,0.0,7.942173262548367e-11,2.0127601140975195,2.010579862885067,0.0010843892613765505,2.0117293576199953,0.0005717229920323419
quadratic,analytic,0.0001,0.0,8.911887152869718e-11,2.1313456899966714,2.132708857397321,-0.0006391718194077578,2.130346458228169,-0.0011076988595786208
quadratic,analytic,0.0001,0.0,1e-10,2.257084519334483,2.258091295300897,-0.00044585264046193007,2.255872519291392,-0.0009825891513429719
quadratic,analytic,0.0001,0.0,1.1220967936942447e-10,2.3902485368098754,2.3908449951937105,-0.0002494759739900543,2.388693972481203,-0.0008996914132165523
quadratic,analytic,0.0001,0.0,1.2591012144189042e-10,2.530936496190738,2.531403315241567,-0.000184411171470944,2.529215840894876,-0.0008641350564408956
quadratic,analytic,0.0001,0.0,1.4128334356359879e-10,2.6796649173775124,2.6802250908352234,-0.00020900239298049517,2.677862045192987,-0.0008816593988008048
quadratic,analytic,0.0001,0.0,1.5853358681511593e-10,2.8371180132432934,2.8377961324022194,-0.00023895978685117836,2.8350755838916015,-0.00095868356417661
quadratic,analytic,0.0001,0.0,1.7789002945809048e-10,3.0037297135324192,2.9990989606299645,0.0015440480501791587,3.00131855520662,0.0007400871414358079
quadratic,analytic,0.0001,0.0,1.9960983168509725e-10,3.17969406044009,3.1754166693943775,0.001347033001035447,3.1770719818257853,0.0005212898349253869
quadratic,analytic,0.0001,0.0,2.2398155212369638e-10,3.365492111108806,3.362100136285492,0.0010088857219645586,3.362835393042474,0.00021868972581962076
quadratic,analytic,0.0001,0.0,2.5132898148466006e-10,3.5621234710973693,3.559758766576859,0.0006642878564449006,3.5591261107264422,-0.00017772436052598817
quadratic,analytic,0.0001,0.0,2.820154442863772e-10,3.770171388219919,3.7690377926164094,0.0003007652525348625,3.766478176542174,-0.0006791165849410197
quadratic,analytic,0.0001,0.0,3.1644862580600304e-10,3.989648884891879,3.9832732159100632,0.0016006105120658365,3.985440847575801,0.0005441835265227457
quadratic,analytic,0.0001,0.0,3.5508598838586435e-10,4.221077649388948,4.217450752574073,0.0008599737205376989,4.216576576046363,-0.00020727604873060912
quadratic,analytic,0.0001,0.0,3.9844084905353176e-10,4.465447231959296,4.45717436292573,0.0018560792914854574,4.460458376042307,0.0007367926065207087
quadratic,analytic,0.0001,0.0,4.470891991997787e-10,4.723436839101201,4.719212655609968,0.0008951034419295567,4.717666466286135,-0.0003276371370962705
quadratic,analytic,0.0001,0.0,5.016773569174012e-10,4.995231714167343,4.987456853868732,0.001558882718470045,4.988784062923856,0.0002661093807949655
quadratic,analytic,0.0001,0.0,5.629305536660191e-10,5.28117702702383,5.27094828829812,0.0019405879485514532,5.274392180511695,0.0006533724152104625
quadratic,analytic,0.0001,0.0,6.316625693411659e-10,5.582499209964532,5.570553625213201,0.0021444160769341636,5.5750632831521365,0.000809552917419909
quadratic,analytic,0.0001,0.0,7.087865437543878e-10,5.900154287732709,5.887188793004687,0.002202323584972854,5.891353611745231,0.0007074376051083853
quadratic,analytic,0.0001,0.0,7.953271081604272e-10,6.2338933836731725,6.221821782238651,0.001940203666550122,6.22379399849044,0.0003169837261201014
quadratic,analytic,0.0001,0.0,8.924339980049349e-10,6.583848568507145,6.575475604916367,0.001273362429406344,6.572878967371355,-0.00039489729732555823
quadratic,analytic,0.0001,0.0,1.001397327745069e-09,6.951091011069954,6.936437134475648,0.0021125941618460597,6.939053911102079,0.0003772508242632089
quadratic,analytic,0.0001,0.0,1.1236647306767314e-09,7.336349839248312,7.317213690909086,0.0026152233825016413,7.322700133161718,0.0007497993750611442
quadratic,analytic,0.0001,0.0,1.260860591479662e-09,7.739433367345315,7.7188930225163475,0.0026610479985991198,7.724117550973874,0.000676849444899208
quadratic,analytic,0.0001,0.0,1.4148076269947633e-09,8.15997497393859,8.142622589671724,0.00213105594368046,8.143504876584766,0.00010835414552556877
quadratic,analytic,0.0001,0.0,1.5875511019449799e-09,8.598801870984023,8.573798435454755,0.0029162611784612213,8.580937128684644,0.0008326173380013291
quadratic,analytic,0.0001,0.0,1.7813860013182343e-09,9.056798295893147,9.027806312065625,0.0032114095966784273,9.036340389576464,0.0009453102133387681
quadratic,analytic,0.0001,0.0,1.9988875204110104e-09,9.53274469553103,9.505855242775967,0.0028287252507339655,9.509463808411143,0.0003796150417836319
quadratic,analytic,0.0001,0.0,2.2429452776086246e-09,10.025237996944105,9.99079021762792,0.0034479534216826924,9.999848973763354,0.0009067106743418929
quadratic,analytic,0.0001,0.0,2.5168017044362746e-09,10.534402883671829,10.50046383238428,0.003232147820258824,10.50679694040986,0.0006031265024739607
quadratic,analytic,0.0001,0.0,2.81425373052682e-09,11.043673039619664,11.015819387359,0.002528513883645056,11.013281506559775,-0.00023038511344308787
quadratic,analytic,0.0001,0.0,3.1578650876661986e-09,11.582365764502523,11.556468239113997,0.002240955009150003,11.54970959241949,-0.0005848366953177253
quadratic,analytic,0.0001,0.0,3.543430289789251e-09,12.135308299498009,12.101330809718036,0.002807748198461635,12.09886261450636,-0.0002039606428818619
quadratic,analytic,0.0001,0.0,3.97607176685157e-09,12.699689104979084,12.671882476220787,0.002194356585178081,12.658737825485032,-0.001037308447298324
quadratic,analytic,0.0001,0.0,4.461537381082375e-09,13.27136946028342,13.244904142735804,0.0019981509312871903,13.226919932564293,-0.001357821089356448
quadratic,analytic,0.0001,0.0,5.00627679025955e-09,13.848232561181987,13.81834980583465,0.0021625415311690155,13.800554692111115,-0.0012877886269764272
quadratic,analytic,0.0001,0.0,5.617527134696155e-09,14.428235443240556,14.39008056117775,0.0026514710533129815,14.376330271381752,-0.0009555394591115318
quadratic,analytic,0.0001,0.0,6.303409186332972e-09,15.00710634489564,14.957876666624491,0.003291221031457958,14.950469223314498,-0.0004952202424908236
quadratic,analytic,0.0001,0.0,7.073035237327076e-09,15.57919082773046,15.51945087483538,0.003849359966205279,15.518734112171055,-4.618479546125709e-05
quadratic,analytic,0.0001,0.0,7.936630161491123e-09,16.140209538166957,16.072462937699136,0.004215072744633064,16.076449836574756,0.00024805774267910863
quadratic,analytic,0.0001,0.0,8.905667256946224e-09,16.687302327375264,16.61453516559069,0.004379729017955025,16.618545453795768,0.00024137227825571372
quadratic,analytic,0.0001,0.0,9.993020674727217e-09,17.214305528609618,17.14326890613209,0.004143703448069802,17.139617751946634,-0.0002129788785001363
quadratic,analytic,0.0001,0.0,1.1213136458431684e-08,17.712879714403787,17.656261790132714,0.003206676755479254,17.634017899842405,-0.001259830113231497
quadratic,analytic,0.0001,0.0,1.2582224467262233e-08,18.177937709830204,18.117707389592503,0.003324389722305421,18.09596121497393,-0.0012002718749650754
quadratic,analytic,0.0001,0.0,1.4118473732256196e-08,18.605574225659304,18.522818995498238,0.004467744903255744,18.519658463071984,-0.00017062912653964535
quadratic,analytic,0.0001,0.0,1.5842294106821156e-08,18.98958544241964,18.90212384258388,0.0046270779180230814,18.89946523173502,-0.0001406514353095023
quadratic,analytic,0.0001,0.0,1.777658742202521e-08,19.322824795054537,19.21823437049197,0.005442249404719268,19.230043962029136,0.0006144992984005171
quadratic,analytic,0.0001,0.0,1.994705174907993e-08,19.600686195578792,19.503656810184708,0.004974932974795454,19.506531387616203,0.00014738658803681304
quadratic,analytic,0.0001,0.0,2.2382522811295852e-08,19.82153263292314,19.720502052352344,0.005123124162994985,19.72470266639628,0.0002130074595860787
quadratic,analytic,0.0001,0.0,2.5115357081343315e-08,19.981332727800705,19.903046965959373,0.003933355630181934,19.881122639435365,-0.0011015562874119311
quadratic,analytic,0.0001,0.0,2.8181861653461377e-08,20.074305497028632,19.976537187681686,0.0048941570017067,19.973274616067062,-0.00016332017826570233
quadratic,analytic,0.0001,0.0,3.162277660168386e-08,20.099620689762638,20.013383994534827,0.00430895121241659,19.99965797392809,-0.0006858420650143193
quadratic,analytic,0.0001,0.0,3.548381623245884e-08,20.05929546096105,19.976537187681686,0.0041427737200818715,19.959847667478748,-0.0008354561176513453
quadratic,analytic,0.0001,0.0,3.981627642247794e-08,19.953576265877647,19.866403301522404,0.004387959059935387,19.854511311835193,-0.0005985980203220276
quadratic,analytic,0.0001,0.0,4.4677716110506056e-08,19.782423379035777,19.684194472866114,0.004990242618516438,19.685382581640084,6.0358516352110314e-05
quadratic,analytic,0.0001,0.0,5.013272199718075e-08,19.548753506457103,19.467748466267892,0.004160986584019755,19.45519288528841,-0.0006449426342874931
quadratic,analytic,0.0001,0.0,5.6253766612201566e-08,19.25865836103909,19.182851520190326,0.003951802513248559,19.167566266147468,-0.000796818659977161
quadratic,analytic,0.0001,0.0,6.312217114877546e-08,18.916470517191822,18.832586201542135,0.004454211161015076,18.826884906263913,-0.0003027356528311209
quadratic,analytic,0.0001,0.0,7.082918585706059e-08,18.524197958655986,18.45467675131886,0.0037671322166159538,18.438134219915238,-0.0008963869498521682
quadratic,analytic,0.0001,0.0,7.947720235018159e-08,18.087517478940004,18.017821533281854,0.003868167166014569,18.00673720739392,-0.0006151867953326784
quadratic,analytic,0.0001,0.0,8.918111392892708e-08,17.61463599100589,17.55891995817637,0.0031730899714919047,17.53838751158849,-0.0011693456452213091
quadratic,analytic,0.0001,0.0,1.0006984199773064e-07,17.111402093375677,17.04875528706147,0.003674567747579127,17.038889615513707,-0.0005786740076708652
quadratic,analytic,0.0001,0.0,1.122880488511423e-07,16.5821229752012,16.522936541298353,0.0035820771782857364,16.51401305161448,-0.0005400668132792275
quadratic,analytic,0.0001,0.0,1.2599805958605e-07,16.0321861213008,15.983852845426918,0.0030238814346761345,15.969365611747152,-0.0009063668077944342
quadratic,analytic,0.0001,0.0,1.413820186732042e-07,15.468554487858452,15.405474165780163,0.004094669297385778,15.41028859094771,0.00031251392302111825
quadratic,analytic,0.0001,0.0,1.5864430983922098e-07,14.896950281266479,14.848024225925046,0.0032951222733059726,14.841775269395416,-0.00042086114856410006
quadratic,analytic,0.0001,0.0,1.780142714084269e-07,14.320051127038658,14.284398083193812,0.0024959430307947006,14.26841227826216,-0.001119109453443512
quadratic,analytic,0.0001,0.0,1.997492431792137e-07,13.741110435407382,13.69161195128346,0.003615241528904134,13.694342286434615,0.00019941663267042387
quadratic,analytic,0.0001,0.0,2.2413798531424583e-07,13.165455960493107,13.123425763741665,0.003202684840688974,13.123245609573818,-1.3727678358499418e-05
quadratic,analytic,0.0001,0.0,2.515045146662039e-07,12.5971606510589,12.57881865110078,0.0014581655453402842,12.558337859507612,-0.001628196745755317
quadratic,analytic,0.0001,0.0,2.822124095065769e-07,12.038159882583335,12.012457184484514,0.0021396703192431143,12.002380570182268,-0.0008388470524799407
quadratic,analytic,0.0001,0.0,3.1666963984805447e-07,11.490063844870267,11.47159614996481,0.001609862713438881,11.457701791170303,-0.0012111966471684
quadratic,analytic,0.0001,0.0,3.5533398753381457e-07,10.95512382303065,10.934917888237397,0.0018478359874094519,10.92622386282711,-0.0007950700223948726
quadratic,analytic,0.0001,0.0,3.9871912810228243e-07,10.435780425505087,10.423347166284374,0.0011928278913062584,10.409495915588018,-0.0013288678267534548
quadratic,analytic,0.0001,0.0,4.474014552281359e-07,9.933240785875219,9.917416655699057,0.001595589932895214,9.908729016621653,-0.0008759981937849215
quadratic,analytic,0.0001,0.0,5.020277384056325e-07,9.447352248841545,9.436043101478894,0.001198505267624217,9.424832279163711,-0.001188085110953585
quadratic,analytic,0.0001,0.0,5.633237156105309e-07,8.978367710448694,8.961505019466049,0.0018816806938137809,8.958448624331036,-0.0003410582405940499
quadratic,analytic,0.0001,0.0,6.321037350985078e-07,8.527433516042638,8.526529695533943,0.00010600098058288765,8.50998922364801,-0.0019398832205553829
quadratic,analytic,0.0001,0.0,7.06809873596836e-07,8.108470142229443,8.082822192522713,0.003173142882006763,8.092438790170991,0.0011897574163111102
quadratic,analytic,0.0001,0.0,7.931090929144376e-07,7.693890590580098,7.67633751465075,0.002286647231944494,7.679744138292579,0.00044378242037002025
quadratic,analytic,0.0001,0.0,8.899451702090485e-07,7.297645257410296,7.276872706279647,0.002854598667463737,7.285133639542516,0.001135231245111612
quadratic,analytic,0.0001,0.0,9.986046220552438e-07,6.91975243648733,6.9109191831817745,0.0012781589643027225,6.908393735758977,-0.0003654285856711237
quadratic,analytic,0.0001,0.0,1.1205310445764466e-06,6.5597514782032835,6.551285568595509,0.001292251653378873,6.54921468633355,-0.00031610318925590075
quadratic,analytic,0.0001,0.0,1.2573442923540987e-06,6.216912374534421,6.2103667346791065,0.0010539860422031921,6.207209838555016,-0.0005083268442847011
quadratic,analytic,0.0001,0.0,1.4108619990202873e-06,5.8906268469018075,5.876349841010206,0.0024295704438772603,5.881932412338204,0.0009500066332059909
quadratic,analytic,0.0001,0.0,1.583123725445717e-06,5.5804981755717,5.570553625213201,0.0017851996457747266,5.572889988379806,0.0004194131003480983
quadratic,analytic,0.0001,0.0,1.7764180563439412e-06,5.286164181471826,5.280670574582638,0.0010403237262386344,5.27955690583536,-0.00021089532693796542
quadratic,analytic,0.0001,0.0,1.993313005284082e-06,5.007156987193313,4.996656239010234,0.0021015550561789276,5.00138478063602,0.0009463411929100385
quadratic,analytic,0.0001,0.0,2.2366901320583164e-06,4.742905027492156,4.736637926474716,0.001323111691187373,4.737811351983074,0.00024773384129694875
quadratic,analytic,0.0001,0.0,2.5097828256702038e-06,4.492795388862072,4.490150567364805,0.0005890273516639954,4.48826785510608,-0.0004192982463459005
quadratic,analytic,0.0001,0.0,2.8162192615534053e-06,4.256219586722496,4.248653372643288,0.0017808499342231165,4.2521851051723605,0.000831259276601104
quadratic,analytic,0.0001,0.0,3.16007060372905e-06,4.032589754634137,4.027559979850295,0.0012488392001623883,4.028998461908852,0.0003571596862004256
quadratic,analytic,0.0001,0.0,3.5459050922918165e-06,3.821340711411443,3.817971947473731,0.0008823438160514563,3.818151828227177,4.711421558889484e-05
quadratic,analytic,0.0001,0.0,3.978848734804726e-06,3.621931807644035,3.619290554237299,0.0007297710330671503,3.6191008197802583,-5.2423107290588966e-05
quadratic,analytic,0.0001,0.0,4.464653407918803e-06,3.433853066222799,3.4309482353999057,0.0008466553919181941,3.4313152265071674,0.00010696492108941413
quadratic,analytic,0.0001,0.0,5.009773273981751e-06,3.2566229882736586,3.252406961417425,0.0012962790039030558,3.2542808722211785,0.0005761612325836385
quadratic,analytic,0.0001,0.0,5.621450527870065e-06,3.0897323104958736,3.088843596477482,0.0002877173902249286,3.08750096439155,-0.00043467143738284975
quadratic,analytic,0.0001,0.0,6.307811613233817e-06,2.932535860159335,2.928104922207325,0.0015132442551510916,2.93049701358185,0.0008169418234924564
quadratic,analytic,0.0001,0.0,7.077975186436987e-06,2.7844460260877018,2.7808506887565643,0.001292891180987965,2.7828093905751956,0.0007043534651287597
quadratic,analytic,0.0001,0.0,7.942173262548368e-06,2.645392579263255,2.6458732015464106,-0.00018164977931478532,2.6439975790320287,-0.0007088860166412081
quadratic,analytic,0.0001,0.0,8.911887152869717e-06,2.5149584789741675,2.51281238560819,0.0008540603262976454,2.513640172545535,0.0003294264793050061
quadratic,analytic,0.0001,0.0,1e-05,2.39242499107357,2.3908449951937105,0.0006608524948441552,2.391334657127289,0.00020480705966430257
quadratic,NRG,0.0001,0.0,1.0254528737281428e-12,0.22918498605632928,0.2345028143618148,-0.022677034047363875,0.22916401798737826,-0.02276644904653169
quadratic,NRG,0.0001,0.0,1.2866495692867444e-12,0.2567139266665721,0.2638569557264609,-0.02707159657861713,0.25669362475007224,-0.027148539467782062
quadratic,NRG,0.0001,0.0,1.6200220352204998e-12,0.2880433299496431,0.296338934816326,-0.027993638000435528,0.2880320190381399,-0.028031806834072692
quadratic,NRG,0.0001,0.0,2.039771711931516e-12,0.32323752828028496,0.3328195917605976,-0.028790563168544447,0.3231954617375271,-0.02891695759903845
quadratic,NRG,0.0001,0.0,2.568279039630299e-12,0.3626866759970329,0.37379118180453225,-0.029707778963352416,0.3626504551699711,-0.029804680198119327
quadratic,NRG,0.0001,0.0,3.233723257765127e-12,0.4069772969072025,0.4182621633816872,-0.026980366531951017,0.4069202439059999,-0.027116771414336993
quadratic,NRG,0.0001,0.0,4.071584880946726e-12,0.45661877416172625,0.4671622991000004,-0.022569297562295865,0.4565916536110296,-0.022627351370894888
quadratic,NRG,0.0001,0.0,5.1265374682096726e-12,0.5124186228841746,0.5237061030962582,-0.02155308128996336,0.5123227281061947,-0.021736189291594266
quadratic,NRG,0.0001,0.0,6.45482955198684e-12,0.5749343664238379,0.5860128818442278,-0.018904900836863914,0.5748512469466842,-0.0190467398300479
quadratic,NRG,0.0001,0.0,8.12728372777366e-12,0.645142649063219,0.6569419734984947,-0.017960984244071443,0.6450042096354046,-0.018171717358104633
quadratic,NRG,0.0001,0.0,1.0233072811566815e-11,0.7237916205995305,0.7378144878791836,-0.019005952729338804,0.7237083743152629,-0.019118780934307855
quadratic,NRG,0.0001,0.0,1.2884474404280898e-11,0.8122162312142379,0.8317024622183211,-0.02342932946490195,0.8120019371232248,-0.023686986620853556
quadratic,NRG,0.0001,0.0,1.6222857369579368e-11,0.9112538811310502,0.937537818819962,-0.02803506926471966,0.9110474314706672,-0.02825527335274547
quadratic,NRG,0.0001,0.0,2.042621941538205e-11,1.0224665694222232,1.0529529449553463,-0.028953217405566,1.0221459116524914,-0.02925774931391778
quadratic,NRG,0.0001,0.0,2.5718677671894544e-11,1.1470076974313745,1.1782256996272493,-0.026495774286497964,1.1467524585604623,-0.02671240414866538
quadratic,NRG,0.0001,0.0,3.238241828993077e-11,1.2869752406344777,1.3184025040368663,-0.023837381456846662,1.2864930014798994,-0.024203156819910476
quadratic,NRG,0.0001,0.0,4.077274219467277e-11,1.4437078348921317,1.4779776515178444,-0.023186965371579493,1.4431823813883693,-0.023542487326341677
quadratic,NRG,0.0001,0.0,5.133700921250138e-11,1.6195860268204167,1.6568672554077024,-0.022501035291515814,1.6188434772493308,-0.02294920008484036
quadratic,NRG,0.0001,0.0,6.463849064409495e-11,1.8164592243052704,1.8471688774684827,-0.016625254754887075,1.8157270628146371,-0.01702162430158316
quadratic,NRG,0.0001,0.0,8.138640206818527e-11,2.037443543049401,2.0517519267933975,-0.0069737396403269925,2.036331837246445,-0.007515572104787371
quadratic,NRG,0.0001,0.0,1.0247371768123771e-10,2.2847572973327783,2.283197169472683,0.00068330842423725,2.2834237510403357,9.92387213343271e-05
quadratic,NRG,0.0001,0.0,1.2902478237846632e-10,2.561803863742878,2.559547922699537,0.0008813826157869631,2.5600532925721993,0.0001974449738488815
quadratic,NRG,0.0001,0.0,1.624552601828618e-10,2.871541754980079,2.858791439697551,0.004460036890231223,2.869568761837164,0.003769887509091463
quadratic,NRG,0.0001,0.0,2.0454761538498033e-10,3.21825604487601,3.198909847076675,0.006047747115166313,3.215622674746108,0.005224538504799092
quadratic,NRG,0.0001,0.0,2.5754615093771967e-10,3.605506222947895,3.599336819006171,0.0017140390721830379,3.602167237321241,0.000786372172819183
quadratic,NRG,0.0001,0.0,3.231466337119303e-10,4.030579288384418,4.079850578829494,-0.012076738962144007,4.02654342469349,-0.0130659574673192
quadratic,NRG,0.0001,0.0,4.0687431894207386e-10,4.511242639575819,4.62451323190457,-0.02449351675486522,4.506215195310163,-0.025580646148499975
quadratic,NRG,0.0001,0.0,5.122959490958298e-10,5.046179016850127,5.184249259975917,-0.02663263979063213,5.0396180756692655,-0.027898192593332816
quadratic,NRG,0.0001,0.0,6.450324516484445e-10,5.639425242331438,5.726683234926372,-0.015237090828205457,5.631392904131046,-0.016639706944878818
quadratic,NRG,0.0001,0.0,8.121611432101594e-10,6.295990837737776,6.279414733812695,0.0026397530068882347,6.286012180274193,0.0010506467148878595
quadratic,NRG,0.0001,0.0,1.0225930817197575e-09,7.019564519770079,6.97489083775171,0.006404929203561505,7.007498273071825,0.004674974286855704
quadratic,NRG,0.0001,0.0,1.2875481910497162e-09,7.814667900264012,7.8335312996723685,-0.0024080326849712508,7.79902920256742,-0.004404411725066004
quadratic,NRG,0.0001,0.0,1.6211534909735611e-09,8.681253903055982,8.717182743598121,-0.004121611488358989,8.662405857623536,-0.006283783142531085
quadratic,NRG,0.0001,0.0,2.0411963292442732e-09,9.620674763132492,9.62927162066757,-0.0008927837819661111,9.59735789427136,-0.003314240957510539
quadratic,NRG,0.0001,0.0,2.5700727770188634e-09,10.6283311593773,10.656413018306695,-0.0026352074456155172,10.600677408136747,-0.005230241177232919
quadratic,NRG,0.0001,0.0,3.235981754689429e-09,11.70000079258937,11.749733361395617,-0.004232655097488935,11.665194911011687,-0.0071949250066971615
quadratic,NRG,0.0001,0.0,4.074428557166877e-09,12.819553530156318,12.812770795320082,0.0005293729939126468,12.778656745037413,-0.0026625037493942516
quadratic,NRG,0.0001,0.0,5.130117944391879e-09,13.97161767342175,13.89495494373136,0.005517306821133383,13.922630514186471,0.0019917711548678163
quadratic,NRG,0.0001,0.0,6.459337733896028e-09,15.127760135711672,15.013107289081743,0.0076368498820567066,15.071652568836228,0.003899611094970501
quadratic,NRG,0.0001,0.0,8.13295998509034e-09,16.259732500396947,16.16156425999758,0.0060741793814074185,16.192922996603837,0.0019403280587062532
quadratic,NRG,0.0001,0.0,1.02402197940476e-08,17.321312706643404,17.14326890613209,0.010385638905053174,17.246913383193355,0.006045782611751038
quadratic,NRG,0.0001,0.0,1.289347317860189e-08,18.272636937080023,18.017821533281854,0.014142409132396061,18.18922614947068,0.009513059937474422
quadratic,NRG,0.0001,0.0,1.623418773725514e-08,19.063000832440185,18.797913371275005,0.014101962059802853,18.97387410477264,0.009360652431057659
quadratic,NRG,0.0001,0.0,2.044048549508251e-08,19.65504482992282,19.396129990163672,0.013348788644458986,19.55781205064231,0.008335789694162266
quadratic,NRG,0.0001,0.0,2.573664011017044e-08,20.004998715504016,19.75687660132163,0.012558772279105623,19.906106970904904,0.007553338141176313
quadratic,NRG,0.0001,0.0,3.2405034817777815e-08,20.097281897243015,19.903046965959373,0.009759055064073596,19.996738604149225,0.004707401753615725
quadratic,NRG,0.0001,0.0,4.080121869235092e-08,19.92105153870823,19.720502052352344,0.010169593341157634,19.823888436571508,0.005242583781320587
quadratic,NRG,0.0001,0.0,5.1372864005310337e-08,19.49438222077031,19.21823437049197,0.014369054146948113,19.398843275939434,0.009397788681606123
quadratic,NRG,0.0001,0.0,6.468363545726385e-08,18.835549635722934,18.522818995498238,0.01688353378072205,18.74826183634736,0.01217108696596969
quadratic,NRG,0.0001,0.0,8.1159430953092e-08,18.003226578213912,17.721455958440878,0.015899970094659377,17.924161768510885,0.011438439964830183
quadratic,NRG,0.0001,0.0,1.0218793807458514e-07,17.018024683050335,16.861288382868803,0.009295630121644693,16.945178041355273,0.004975281638128104
quadratic,NRG,0.0001,0.0,1.2866495692867392e-07,15.930849888546385,15.866465512586513,0.004057890266032871,15.8686371724166,0.00013687105224313711
quadratic,NRG,0.0001,0.0,1.6200220352204998e-07,14.791945438102594,14.793400915475909,-9.838693493335882e-05,14.737760718374746,-0.003761149813965692
quadratic,NRG,0.0001,0.0,2.039771711931516e-07,13.635275661508413,13.641242881379954,-0.0004374396030795147,13.590184990687222,-0.0037429060633782374
quadratic,NRG,0.0001,0.0,2.568279039630299e-07,12.495540244111961,12.486438297877093,0.0007289465592774658,12.456515136027662,-0.0023964529464354234
quadratic,NRG,0.0001,0.0,3.2337232577651267e-07,11.391947206507172,11.387347371620233,0.0004039426160302728,11.360037396273414,-0.002398273667744699
quadratic,NRG,0.0001,0.0,4.0715848809467427e-07,10.343258837889662,10.385001476681513,-0.004019512070901454,10.317229753447286,-0.006525923312230786
quadratic,NRG,0.0001,0.0,5.126537468209693e-07,9.360100216435116,9.418670324455606,-0.006218511318780595,9.338717685249156,-0.008488739540957524
quadratic,NRG,0.0001,0.0,6.454829551986839e-07,8.447369949719258,8.44832686411317,-0.00011326673426625966,8.430396323755792,-0.0021223776785369575
quadratic,NRG,0.0001,0.0,8.127283727773693e-07,7.609084408318216,7.605932396739577,0.000414414882255576,7.594533299543057,-0.0014987113481848002
quadratic,NRG,0.0001,0.0,1.0233072811566857e-06,6.842126576367963,6.923666402678728,-0.01177697213707718,6.830748817799986,-0.013420286229098521
quadratic,NRG,0.0001,0.0,1.28844744042809e-06,6.145632290138391,6.302600911379561,-0.02490537215481281,6.136829830415004,-0.026302011391083346
quadratic,NRG,0.0001,0.0,1.6222857369579301e-06,5.516600487056903,5.684625786232935,-0.029557846988443326,5.509373337223776,-0.030829197136175046
quadratic,NRG,0.0001,0.0,2.0426219415382136e-06,4.950100371263036,5.098976297913682,-0.0291972188047942,4.944274505321723,-0.030339774800533403
quadratic,NRG,0.0001,0.0,2.5718677671894643e-06,4.4416671770410145,4.540072886888035,-0.021674918508736152,4.437084038854974,-0.022684404105162814
quadratic,NRG,0.0001,0.0,3.238241828993077e-06,3.98687888546329,4.04243138503893,-0.013742348177198549,3.9832608265527587,-0.014637368665096462
quadratic,NRG,0.0001,0.0,4.07727421946726e-06,3.5812513095171994,3.612627048453679,-0.00868502021262052,3.5783437537953953,-0.009489851622784595
quadratic,NRG,0.0001,0.0,5.1337009212501796e-06,3.2203710926429947,3.2404419193042626,-0.006193854776936458,3.2180628608167132,-0.006906174850482838
quadratic,NRG,0.0001,0.0,6.4638490644095234e-06,2.900123797425392,2.9335058240503553,-0.011379567189292894,2.8984059987908846,-0.011965145925978637
quadratic,NRG,0.0001,0.0,8.138640206818495e-06,2.617208292200694,2.670365006760557,-0.019906160553065266,2.6156534062983323,-0.02048843522279209
quadratic,analytic,0.0001,0.0,1.1222867670601263e-14,0.023975934109534105,0.0239784677946467,-0.00010566501305642184,0.023974778238173317,-0.00015386956768792537
quadratic,analytic,0.0001,0.0,1.2572709126135085e-14,0.025376092156236003,0.0253784027762547,-9.104670766990619e-05,0.025375645172122863,-0.00010865948326810315
quadratic,analytic,0.0001,0.0,1.4127064274017344e-14,0.026898820372539645,0.02689322325227829,0.00020812381650392453,0.026898533175460773,0.00019744465483628737
quadratic,analytic,0.0001,0.0,1.5826210834571755e-14,0.028471895686668258,0.028498462384464424,-0.0009322151292853187,0.02847023730924527,-0.0009904069503251511
quadratic,analytic,0.0001,0.0,1.7782794100389154e-14,0.03018079831424783,0.030162288228372504,0.00061368307786136,0.030178843048883484,0.0005488582426385058
quadratic,analytic,0.0001,0.0,1.9921637164074817e-14,0.031940837293094285,0.03196265573829376,-0.0006826230391530075,0.03194221802429896,-0.0006394247762807614
quadratic,analytic,0.0001,0.0,2.238453509399305e-14,0.0338573712155117,0.03387048602246605,-0.00038720456936003345,0.033859189801994434,-0.0003335122048181427
quadratic,analytic,0.0001,0.0,2.5151919355192038e-14,0.03588913742101074,0.035847946744018096,0.0011490386684285259,0.03589120586425202,0.001206739134679724
quadratic,analytic,0.0001,0.0,2.817709121218702e-14,0.03799081802537688,0.03798768753976475,8.240790147717725e-05,0.03798835788635564,1.7646417413308413e-05
quadratic,analytic,0.0001,0.0,3.166060509440756e-14,0.040271014905008916,0.04025514808207531,0.00039415636731132686,0.04026817977793893,0.0003237274357319464
quadratic,analytic,0.0001,0.0,3.546861553506056e-14,0.04262149981669597,0.04260536455430912,0.00037871433693004164,0.042621080837475504,0.0003688803823367337
quadratic,analytic,0.0001,0.0,3.9853575418573385e-14,0.04517938935597324,0.04514845125619187,0.0006852527367064987,0.04517892826778163,0.0006750400233404008
quadratic,analytic,0.0001,0.0,4.464700342914815e-14,0.04782213796370602,0.0478433331613535,-0.00044301256302525793,0.04781876667178438,-0.0005134778023569986
quadratic,analytic,0.0001,0.0,5.0166680924379157e-14,0.050691929263863,0.05063657067356257,0.0010932531481506746,0.05068854445685121,0.001026408040617488
quadratic,analytic,0.0001,0.0,5.62005278506556e-14,0.05364745219424709,0.053659034883315686,-0.00021585720081962467,0.05365031170470116,-0.00016256681905468806
quadratic,analytic,0.0001,0.0,6.314855940868918e-14,0.05686730117660916,0.056861908030279996,9.484638338719265e-05,0.05687005907673625,0.00014334809960847572
quadratic,analytic,0.0001,0.0,7.074381454747871e-14,0.0601975701722489,0.06018167703530115,0.00026408597650795507,0.060193013555517205,0.00018837162363238846
quadratic,analytic,0.0001,0.0,7.948982236643983e-14,0.06381020473544834,0.06377388248094139,0.0005695474870579531,0.06380540822745602,0.0004943363221465713
quadratic,analytic,0.0001,0.0,8.905053899186286e-14,0.06753470084699577,0.06758050435030669,-0.0006777620817017826,0.0675335954105699,-0.0006941194089590264
quadratic,analytic,0.0001,0.0,1.0005979422198376e-13,0.07158804590694474,0.07152605720735067,0.0008666589773622668,0.07158651905707893,0.0008453122133236235
quadratic,analytic,0.0001,0.0,1.1209458445895949e-13,0.07577476570453683,0.07579540138090544,-0.0002722549916308603,0.07576935507820923,-0.00034363961693828493
quadratic,analytic,0.0001,0.0,1.25952758751827e-13,0.08032148794987452,0.0803195799516566,2.375508212404398e-05,0.0803165277003131,-3.800133597986477e-05
quadratic,analytic,0.0001,0.0,1.4110185078357491e-13,0.08500608632806113,0.08500887831072386,-3.284342433651499e-05,0.08500945400522748,6.772169155233598e-06
quadratic,analytic,0.0001,0.0,1.5854617292137532e-13,0.09010877131042608,0.09008300337068897,0.00028604663224940374,0.09011114554703237,0.00031240273181820655
quadratic,analytic,0.0001,0.0,1.7761546992343475e-13,0.09538420578987594,0.09545999967934955,-0.0007939858551037071,0.09537636325424284,-0.0008761410579053441
quadratic,analytic,0.0001,0.0,1.9957394500221713e-13,0.10110798344138089,0.1010332412242178,0.0007397784754545889,0.10110019184759572,0.0006626593640535194
quadratic,analytic,0.0001,0.0,2.2357789767414385e-13,0.10701084704131732,0.10706385016028033,-0.0004950608341066642,0.1070074854861873,-0.0005264585012462186
quadratic,analytic,0.0001,0.0,2.51218675227814e-13,0.1134339134005166,0.11345442225004401,-0.00018076729950822212,0.1134293128238871,-0.00022131729780938691
quadratic,analytic,0.0001,0.0,2.814342486605375e-13,0.12006520968173263,0.12007823224016438,-0.00010845061747499773,0.12005697427434367,-0.00017703430025683975
quadratic,analytic,0.0001,0.0,3.1622776601683666e-13,0.12726879013323605,0.12724562439347634,0.0001820552955760224,0.12726190986679622,0.00012798454483209376
quadratic,analytic,0.0001,0.0,3.5426237183140444e-13,0.13469618699920452,0.13484083355675738,-0.00107272073108311,0.13469777462042712,-0.0010609466921609467
quadratic,analytic,0.0001,0.0,3.9805957860941525e-13,0.14278243840932608,0.14271324648413494,0.00048483183513625683,0.14278130208703058,0.000476869558868831
quadratic,analytic,0.0001,0.0,4.4593658622903256e-13,0.15113716673566177,0.15123170802326083,-0.0006251419681414516,0.1511239113741406,-0.0007127913221983695
quadratic,analytic,0.0001,0.0,5.010674113742105e-13,0.16020599120423645,0.16025863103167048,-0.00032846797139818307,0.16019315147208005,-0.00040858678979660557
quadratic,analytic,0.0001,0.0,5.630140214875839e-13,0.16981877641912574,0.1696150113311627,0.0012013387633786898,0.16980661726763968,0.0011296519982120223
quadratic,analytic,0.0001,0.0,6.307310870858487e-13,0.17974060555730176,0.1797392218447503,7.69844520998042e-06,0.17972818221287376,-6.142027189859345e-05
quadratic,analytic,0.0001,0.0,7.08707925832824e-13,0.19052960588418766,0.19046773994714744,0.0003248105797726275,0.19051388093409566,0.00024225092900787004
quadratic,analytic,0.0001,0.0,7.939484691799101e-13,0.20165506692888216,0.20158781877384196,0.0003335923541869512,0.20164522942264662,0.0002847922516044932
quadratic,analytic,0.0001,0.0,8.921037575781548e-13,0.2137528084477775,0.21362046552028222,0.0006195236358697009,0.21374605773039593,0.000587922181556122
quadratic,analytic,0.0001,0.0,9.99402415101395e-13,0.22624681534483296,0.2263713331820797,-0.0005500600959335022,0.22623465649731173,-0.0006037720538494273
quadratic,analytic,0.0001,0.0,1.1229578297009167e-12,0.2398294520987585,0.23958757163688102,0.0010095701551835479,0.2398109132712661,0.0009321920701446107
quadratic,analytic,0.0001,0.0,1.2580226879739342e-12,0.2538450619395719,0.2538883990969882,-0.00017069372830902374,0.25382218477384266,-0.0002608009006359602
quadratic,analytic,0.0001,0.0,1.4135511442189197e-12,0.2690761530519939,0.26904283371478915,0.0001238439870139274,0.2690536833507877,4.0326797962730865e-05
quadratic,analytic,0.0001,0.0,1.5835673994209865e-12,0.28480407874609986,0.2847503625566594,0.00018864309410582258,0.2847731839316356,8.014520076904397e-05
quadratic,analytic,0.0001,0.0,1.7793427183768607e-12,0.30189861371595744,0.3017469278471891,0.0005026923384126025,0.3018616178184783,0.00038008662460109477
quadratic,analytic,0.0001,0.0,1.993354915202367e-12,0.3195145494228915,0.3197580071459944,-0.0007613811621979272,0.3194974767337411,-0.0008147736927016647
quadratic,analytic,0.0001,0.0,2.239791975259737e-12,0.33868273884511446,0.3384264401620883,0.0007573246431438196,0.3386690680112409,0.000716929354090734
quadratic,analytic,0.0001,0.0,2.509185159668157e-12,0.35849468209852015,0.3586268958686617,-0.00036866663282830725,0.35845471717395105,-0.0004801053593417315
quadratic,analytic,0.0001,0.0,2.8193939484655234e-12,0.3800140464624012,0.38003310373383636,-5.0146345799584324e-05,0.3799631796719589,-0.0001839946604399456
quadratic,analytic,0.0001,0.0,3.1584993306923035e-12,0.40220648541107606,0.4022205779562229,-3.5036857682579914e-05,0.4021604067927257,-0.00014959742687203903
quadratic,analytic,0.0001,0.0,3.5489823717768167e-12,0.4263382123938201,0.42622886455872805,0.000256547231274995,0.42629025904483886,0.0001440411272342068
quadratic,analytic,0.0001,0.0,3.975839719737192e-12,0.45126564403951197,0.45111338607098356,0.0003375159621277213,0.451192619697498,0.00017564015824178547
quadratic,analytic,0.0001,0.0,4.467369975748768e-12,0.4783467353815288,0.4780400528219758,0.0006415415564919869,0.4782628855622096,0.0004661382219299792
quadratic,analytic,0.0001,0.0,5.004687296728102e-12,0.5062392400186018,0.5065739549259998,-0.0006607424328534117,0.5061995124261,-0.000739166505223321
quadratic,analytic,0.0001,0.0,5.6234132519034904e-12,0.5366074582626781,0.5361492641720196,0.0008546017336534817,0.5365678499210601,0.0007807261466392657
quadratic,analytic,0.0001,0.0,6.2997748157934195e-12,0.5680125044137367,0.5681516675830285,-0.0002449401757170788,0.5679076998476835,-0.00042940600065966006
quadratic,analytic,0.0001,0.0,7.0786115260989615e-12,0.6020981390871482,0.6020642737911298,5.624863904496458e-05,0.601975000923284,-0.00014827796920025005
quadratic,analytic,0.0001,0.0,7.929998494741352e-12,0.6372358376296094,0.6372145947071639,3.333715615116972e-05,0.637131582233393,-0.0001302739680799636
quadratic,analytic,0.0001,0.0,8.910378606882613e-12,0.6754610089093515,0.675249522444486,0.00031319750379066313,0.6753470875246157,0.00014448744780515277
quadratic,analytic,0.0001,0.0,9.982083164139237e-12,0.7149519680517602,0.7155547304610083,-0.0008423707979118289,0.7147837106052408,-0.0010775134632549088
quadratic,analytic,0.0001,0.0,1.1216161054362268e-11,0.7578383745498284,0.7573309651648412,0.0006699968815835344,0.7576506830796268,0.00042216405969353055
quadratic,analytic,0.0001,0.0,1.2602807122398979e-11,0.8032898716004262,0.8025355615010533,0.0009399086290482472,0.8030845513239573,0.0006840691543650301
quadratic,analytic,0.0001,0.0,1.4118622153745566e-11,0.8500921781148878,0.8504383910060048,-0.00040709932051341546,0.8499682752961991,-0.0005527922007960706
quadratic,analytic,0.0001,0.0,1.5864097437195873e-11,0.901073218136976,0.9000895390054411,0.0010928680857926754,0.9009277901088718,0.0009312974622024406
quadratic,analytic,0.0001,0.0,1.777216737117983e-11,0.9537972370020003,0.9538153024414205,-1.8940186191196418e-05,0.9535115957807223,-0.00031841244308083994
quadratic,analytic,0.0001,0.0,1.9969327868991435e-11,1.0109810276320483,1.0095019050765932,0.0014652003607094066,1.010664409469016,0.0011515623562241561
quadratic,analytic,0.0001,0.0,2.2371158433858767e-11,1.0699213165796084,1.0697584220007264,0.00015227230329006858,1.0696362442050193,-0.00011421064157501881
quadratic,analytic,0.0001,0.0,2.5136888948014652e-11,1.134053018063783,1.1336116115151422,0.00038938075806282946,1.1337288769053082,0.00010344406230045067
quadratic,analytic,0.0001,0.0,2.816025300799223e-11,1.200280828123027,1.1997952627854438,0.00040470683011029074,1.1998576297151542,5.198131018246954e-05
quadratic,analytic,0.0001,0.0,3.164168519492257e-11,1.27218243513046,1.271410267367371,0.0006073317031549674,1.271724039520795,0.00024679063987242955
quadratic,analytic,0.0001,0.0,3.544742002604252e-11,1.3462380637332547,1.3456390181160136,0.00044517557025058885,1.3458682001077356,0.0001703146153140267
quadratic,analytic,0.0001,0.0,3.9829759523747825e-11,1.4268761918008597,1.4259593422888834,0.0006429703041213042,1.4264389699963989,0.0003363544059717949
quadratic,analytic,0.0001,0.0,4.462032305413092e-11,1.5102160478856095,1.509211132299693,0.0006658548723963431,1.5095558489416863,0.0002284084940904485
quadratic,analytic,0.0001,0.0,5.013670207344559e-11,1.6005935371182947,1.5992949703570436,0.0008119620115862869,1.5998678919866056,0.00035823387191302736
quadratic,analytic,0.0001,0.0,5.6166943263918415e-11,1.6937467117172251,1.6926666150378744,0.0006381036110447713,1.6930232701958237,0.0002107060863496546
quadratic,analytic,0.0001,0.0,6.311082278321815e-11,1.7950550836715866,1.793700792410929,0.0007550262933415652,1.794229873111889,0.0002949659738116228
quadratic,analytic,0.0001,0.0,7.070153911223599e-11,1.8995812217475958,1.89842243298192,0.0006103956345773209,1.8986078528458323,9.7670497720026e-05
quadratic,analytic,0.0001,0.0,7.944232044900149e-11,2.01304449878616,2.011738042280793,0.0006494168116868426,2.0119887596333816,0.00012462723640926932
quadratic,analytic,0.0001,0.0,8.89973237345494e-11,2.1299387010419726,2.1291893524870775,0.0003519407769063676,2.1289014512867146,-0.00013521634420476936
quadratic,analytic,0.0001,0.0,1e-10,2.257084519334483,2.2562792902154167,0.0003568836192213709,2.255872519291392,-0.00018028394170377382
quadratic,analytic,0.0001,0.0,1.1202759842807187e-10,2.388315721385509,2.3880076530825107,0.00012900641361035525,2.386769001424181,-0.0005186966870608378
quadratic,analytic,0.0001,0.0,1.258774912852598e-10,2.5305934007106923,2.5274267134882034,0.0012529293947829423,2.528890722415913,0.0005792488145734964
quadratic,analytic,0.0001,0.0,1.410175304483814e-10,2.6771919951519236,2.6782871821707794,-0.0004089132136936291,2.675364436001049,-0.0010912743746028797
quadratic,analytic,0.0001,0.0,1.584514281227059e-10,2.836425391265227,2.834653633489668,0.0006250350147287698,2.8343482798268704,-0.00010772168394412862
quadratic,analytic,0.0001,0.0,1.7750932960084987e-10,3.000432937063481,3.0001492279642346,9.45649958348227e-05,2.9981416335512145,-0.0006691648516371496
quadratic,analytic,0.0001,0.0,1.9945468262652877e-10,3.178357291955554,3.175306952396027,0.0009606439960789803,3.1758527095409717,0.00017187539759988546
quadratic,analytic,0.0001,0.0,2.2411312414453987e-10,3.366551502342185,3.360690910957164,0.001743865038559056,3.36380888279455,0.000927777031568322
quadratic,analytic,0.0001,0.0,2.510685507412523e-10,3.5604860396673885,3.5568981419159003,0.0010087153492552847,3.557311048857647,0.00011608624292080982
quadratic,analytic,0.0001,0.0,2.821079783141678e-10,3.7707238019667915,3.764560540428131,0.0016371795518952403,3.7670849875446537,0.0006705821541219681
quadratic,analytic,0.0001,0.0,3.160387930793479e-10,3.9869793907728646,3.9843468935871473,0.0006607098367750197,3.9829109771002487,-0.00036038942523042294
quadratic,analytic,0.0001,0.0,3.551104458174391e-10,4.221226863396932,4.211766497914936,0.0022461752062181706,4.216718522318562,0.0011757594838359697
quadratic,analytic,0.0001,0.0,3.9782170421649636e-10,4.462217523488706,4.45766207828692,0.001021935965934917,4.457078674286617,-0.00013087667706912498
quadratic,analytic,0.0001,0.0,4.4700412048689413e-10,4.723018250978972,4.712097691737807,0.002317557902144829,4.7172302397674475,0.001089227848276586
quadratic,analytic,0.0001,0.0,5.007679810559902e-10,4.990444672251249,4.987204110209241,0.0006497752990246575,4.984403330933138,-0.0005615930718314566
quadratic,analytic,0.0001,0.0,5.626775728106399e-10,5.279934567650118,5.271865063619496,0.0015306734776481257,5.273248847823156,0.0002624847538699182
quadratic,analytic,0.0001,0.0,6.303541717131253e-10,5.577464383793123,5.5727739701124275,0.0008416658751728701,5.569515010301123,-0.0005848002859586421
quadratic,analytic,0.0001,0.0,7.082844126788245e-10,5.898333087613361,5.883596177564229,0.0025047453299613665,5.889358994773488,0.0009794719140028274
quadratic,analytic,0.0001,0.0,7.934740175644607e-10,6.226630546126368,6.219421634147758,0.0011590968425472248,6.216898827626027,-0.000405633621602286
quadratic,analytic,0.0001,0.0,8.915706498446408e-10,6.580691109478185,6.566310700843614,0.0021900286614100484,6.569875427681949,0.0005428812312944231
quadratic,analytic,0.0001,0.0,9.98805187310509e-10,6.9429829486384715,6.9325475512517825,0.0015052759911908797,6.930624461677647,-0.0002774001274304938
quadratic,analytic,0.0001,0.0,1.1222867670601262e-09,7.332308494973097,7.319211310575427,0.001789425641905762,7.318520465275578,-9.438794298100017e-05
quadratic,analytic,0.0001,0.0,1.2572709126135084e-09,7.728407015820573,7.717915155850119,0.0013594163395929115,7.713966573365068,-0.0005116125799928817
quadratic,analytic,0.0001,0.0,1.4127064274017343e-09,8.154020553770216,8.138337837962782,0.0019270170543030929,8.137979219595545,-4.406530846678969e-05
quadratic,analytic,0.0001,0.0,1.5826210834571754e-09,8.587778519948785,8.571083267914544,0.0019478578742477826,8.568890164342042,-0.00025587239138269435
quadratic,analytic,0.0001,0.0,1.7782794100389156e-09,9.050319463963321,9.026839367965376,0.0026011425528709164,9.02930725329381,0.00027339417794358667
quadratic,analytic,0.0001,0.0,1.9921637164074817e-09,9.517935083296344,9.495109992021984,0.002403878553648875,9.495377644169341,2.818841989005172e-05
quadratic,analytic,0.0001,0.0,2.238453509399305e-09,10.016130254157432,9.987672327542153,0.0028493051916413936,9.99117156921759,0.0003503560750373058
quadratic,analytic,0.0001,0.0,2.507685708508935e-09,10.518655610311194,10.49283532651603,0.0024607537421190706,10.490585042213487,-0.00021445912687256818
quadratic,analytic,0.0001,0.0,2.8177091212187017e-09,11.049808380471642,11.009959318938254,0.003619365011171549,11.018922337069146,0.0008140827655442884
quadratic,analytic,0.0001,0.0,3.1566118591900404e-09,11.580473838614394,11.552569008525978,0.0024154653452250763,11.547838353222419,-0.0004094894650763514
quadratic,analytic,0.0001,0.0,3.546861553506056e-09,12.13950484549072,12.10697691401718,0.002686709630699058,12.10352498166177,-0.0002851192646954326
quadratic,analytic,0.0001,0.0,3.973463817961435e-09,12.696525815707814,12.656727463628306,0.0031444425262276976,12.655522990946249,-9.516462178060792e-05
quadratic,analytic,0.0001,0.0,4.464700342914815e-09,13.275150200117483,13.231440947334741,0.0033034386017909423,13.230435344045635,-7.600104124028118e-05
quadratic,analytic,0.0001,0.0,5.016668092437915e-09,13.85946065768511,13.798168005192531,0.004442086258807265,13.810909969345937,0.0009234533271815781
quadratic,analytic,0.0001,0.0,5.6200527850655604e-09,14.43037339082494,14.371430533563897,0.004101391098358942,14.378576320301647,0.0004972216733094559
quadratic,analytic,0.0001,0.0,6.3148559408689445e-09,15.015661785310279,14.950057297664921,0.004388243224700217,14.959476294489214,0.0006300308177256131
quadratic,analytic,0.0001,0.0,7.074381454747871e-09,15.580246607264602,15.513660592021367,0.004292089210555572,15.519665521762626,0.0003870736829416632
quadratic,analytic,0.0001,0.0,7.948982236643984e-09,16.14863916910825,16.0786654905256,0.004351958103978371,16.08388367142757,0.00032454067192611014
quadratic,analytic,0.0001,0.0,8.905053899186286e-09,16.68704092068242,16.623186819254762,0.003841267148227967,16.618227074493564,-0.0002983630524715508
quadratic,analytic,0.0001,0.0,1.0005979422198378e-08,17.219028702831082,17.143802024443627,0.004387981048789458,17.145338640325996,8.963098618242071e-05
quadratic,analytic,0.0001,0.0,1.1209458445895926e-08,17.711305433599545,17.637156616639245,0.004204125334485331,17.632653274264904,-0.0002553326747744
quadratic,analytic,0.0001,0.0,1.2595275875182702e-08,18.182510562702074,18.09999985660631,0.0045586025828419086,18.099953516226467,-2.5602420005155224e-06
quadratic,analytic,0.0001,0.0,1.4110185078357489e-08,18.603738921359177,18.506378000636783,0.0052609387271267405,18.517605185418226,0.0006066657009307086
quadratic,analytic,0.0001,0.0,1.5854617292137533e-08,18.991772677852108,18.898553804228108,0.004932592969264293,18.90186734352169,0.00017533295552185635
quadratic,analytic,0.0001,0.0,1.7761546992343476e-08,19.319909559036223,19.227754633227836,0.004792807458086301,19.227806651403522,2.7053692268630414e-06
quadratic,analytic,0.0001,0.0,1.995739450022159e-08,19.602102236339263,19.490430354346902,0.005729574974082441,19.507646629456108,0.0008833193929638217
quadratic,analytic,0.0001,0.0,2.2357789767414388e-08,19.82091416162581,19.708013774451178,0.005728653758147573,19.722897446299932,0.0007552091255409454
quadratic,analytic,0.0001,0.0,2.5121867522781557e-08,19.981418623546826,19.87892325835616,0.005155981732943404,19.881402868439785,0.0001247356333842209
quadratic,analytic,0.0001,0.0,2.814342486605398e-08,20.072558526159074,19.97725044970406,0.004770830535211434,19.97256590724005,-0.00023449385468754524
quadratic,analytic,0.0001,0.0,3.1622776601683666e-08,20.09962068976263,20.001908146920776,0.0048851610618407815,19.999657973928088,-0.00011249791650680407
quadratic,analytic,0.0001,0.0,3.542623718314044e-08,20.060996054754995,19.952623149688808,0.005431511649027332,19.960867082876455,0.00041317540685237297
quadratic,analytic,0.0001,0.0,3.980595786094185e-08,19.953940152537697,19.854417172881732,0.00501263667371199,19.85482075527918,2.0327083587234895e-05
quadratic,analytic,0.0001,0.0,4.459365862290289e-08,19.78447421813658,19.68371838059054,0.005118740046869963,19.688647018414468,0.0002503916043010701
quadratic,analytic,0.0001,0.0,5.010674113742106e-08,19.54977770057751,19.44240564595368,0.0055225704359365135,19.456360369211655,0.0007177467393741921
quadratic,analytic,0.0001,0.0,5.613337874682354e-08,19.26658159631608,19.156732220966127,0.005734243924427229,19.173414076402512,0.0008708090317266493
quadratic,analytic,0.0001,0.0,6.307310870858448e-08,18.919341243907002,18.828747375706577,0.004811465489059197,18.82935144100407,3.208207563898391e-05
quadratic,analytic,0.0001,0.0,7.065928894015424e-08,18.531236634997416,18.438020169319277,0.005055665674628784,18.446693217326253,0.00047038933287457674
quadratic,analytic,0.0001,0.0,7.939484691799135e-08,18.09123126469759,18.010912414178826,0.004459454838919408,18.010793083806607,-6.625448476738072e-06
quadratic,analytic,0.0001,0.0,8.894414027786991e-08,17.626734305606846,17.528711776018927,0.005592112577378572,17.5495787693797,0.0011904464873067067
quadratic,analytic,0.0001,0.0,9.994024151013948e-08,17.117372301661938,17.038390652385342,0.004635511116511282,17.044660603292627,0.0003679896203345745
quadratic,analytic,0.0001,0.0,1.122957829700926e-07,16.581819960880352,16.520976531939255,0.003682798581758906,16.513692777682387,-0.00044087916006574357
quadratic,analytic,0.0001,0.0,1.2580226879739443e-07,16.039465481067378,15.96010390044999,0.004972497742646187,15.976825808451519,0.0010477317757973115
quadratic,analytic,0.0001,0.0,1.4135511442189168e-07,15.469577293895895,15.418272401798458,0.0033275383104174328,15.411221308589298,-0.00045732057557479333
quadratic,analytic,0.0001,0.0,1.5835673994209863e-07,14.906706207815697,14.839817889675647,0.004507354378424422,14.850778070899436,0.0007385657496117304
quadratic,analytic,0.0001,0.0,1.779342718376846e-07,14.32220037313657,14.265457829751847,0.003977618108153669,14.27065342995749,0.00036420844445705924
quadratic,analytic,0.0001,0.0,1.9933549152023508e-07,13.750755635958246,13.696422450513879,0.0039669618574249554,13.704659215263465,0.0006013807459097631
quadratic,analytic,0.0001,0.0,2.2397919752597368e-07,13.16898884893888,13.11768334013248,0.00391117146801645,13.126743059002795,0.0006906493041036743
quadratic,analytic,0.0001,0.0,2.509185159668157e-07,12.60897108920047,12.563398714788692,0.0036273921926981423,12.569696592083153,0.0005012877038637065
quadratic,analytic,0.0001,0.0,2.819393948465512e-07,12.042765449497638,12.002886911297619,0.003322412224219473,12.007007584734726,0.0003433068617209045
quadratic,analytic,0.0001,0.0,3.158499330692303e-07,11.501691222019762,11.453245540078353,0.004229864955910045,11.46981791739517,0.0014469590526831055
quadratic,analytic,0.0001,0.0,3.548982371776846e-07,10.960747965316052,10.928773583449802,0.002925706312981946,10.931809719294366,0.0002778112128849486
quadratic,analytic,0.0001,0.0,3.975839719737225e-07,10.449642860976994,10.41546278328809,0.0032816667295616497,10.422096166136704,0.0006368783592849425
quadratic,analytic,0.0001,0.0,4.467369975748768e-07,9.940012619507225,9.914024778060803,0.0026213210102048468,9.915083944711489,0.00010683518292498029
quadratic,analytic,0.0001,0.0,5.004687296728092e-07,9.459206179377764,9.425094520945711,0.0036192378077744003,9.437669300829668,0.0013341807719817744
quadratic,analytic,0.0001,0.0,5.623413251903514e-07,8.98474409931255,8.960276851974603,0.0027306351960045827,8.965382083544402,0.0005697627042264841
quadratic,analytic,0.0001,0.0,6.299774815793368e-07,8.54066544616104,8.518382609915307,0.00261585294605049,8.522849281453677,0.0005243567638264501
quadratic,analytic,0.0001,0.0,7.07861152609896e-07,8.10300914975946,8.088297983527314,0.0018188210006737648,8.086998672050612,-0.00016064090113243612
quadratic,analytic,0.0001,0.0,7.929998494741353e-07,7.694345221279778,7.670460336618802,0.0031138789085380925,7.680226790386836,0.0012732552336407466
quadratic,analytic,0.0001,0.0,8.910378606882558e-07,7.293686824800596,7.27420798485269,0.0026777952992913523,7.281027033530205,0.0009374283347018952
quadratic,analytic,0.0001,0.0,9.982083164139237e-07,6.921143151432226,6.898425842094819,0.003293114959471488,6.90966150556235,0.0016287286005118862
quadratic,analytic,0.0001,0.0,1.1216161054362337e-06,6.556483775538587,6.5420564270332,0.002205323152788985,6.546270285939358,0.0006441183981149567
quadratic,analytic,0.0001,0.0,1.256519586502683e-06,6.218844753802739,6.204096887340009,0.002377117367851511,6.209109943129563,0.0008080234529836972
quadratic,analytic,0.0001,0.0,1.4118622153745565e-06,5.888702588741793,5.876343072909092,0.0021032665518936344,5.87998211997821,0.0006192706967524941
quadratic,analytic,0.0001,0.0,1.5816753329974905e-06,5.58265983651685,5.565904036893906,0.0030104363122103184,5.575282857523928,0.0016850489278747993
quadratic,analytic,0.0001,0.0,1.7772167371179976e-06,5.285157046039849,5.278372067815769,0.001285430078991734,5.278442391690302,1.3323023392297628e-05
quadratic,analytic,0.0001,0.0,1.990973229455032e-06,5.009866116772017,4.999523008778278,0.0020688189604445295,5.0041462358696345,0.0009247336362367964
quadratic,analytic,0.0001,0.0,2.237115843385872e-06,4.742492633277411,4.735405157910087,0.001496698831669141,4.737387684694911,0.00041866043531935127
quadratic,analytic,0.0001,0.0,2.5136888948014443e-06,4.489659988866486,4.485240285961049,0.0009853882119250645,4.484992507766022,-5.524301469472803e-05
quadratic,analytic,0.0001,0.0,2.8160253007992053e-06,4.256359827047501,4.248291276450455,0.001899246090251161,4.252322345353833,0.0009488682957601302
quadratic,analytic,0.0001,0.0,3.164168519492257e-06,4.030186476050662,4.028826559157749,0.0003375466461372767,4.0265589319703965,-0.0005628505357715419
quadratic,analytic,0.0001,0.0,3.5447420026042596e-06,3.821938548954132,3.815989252387274,0.00155904437181964,3.8187352725629813,0.0007196089910341819
quadratic,analytic,0.0001,0.0,3.982975952374782e-06,3.6202558135876868,3.6188570531170523,0.00038651995646787896,3.617361361854286,-0.0004133048752169577
quadratic,analytic,0.0001,0.0,4.4620323054130925e-06,3.4347610389450534,3.4276778654645046,0.0020664641657008875,3.4322448089586906,0.0013323724321354646
quadratic,analytic,0.0001,0.0,5.013670207344591e-06,3.255568833536669,3.2506056487159465,0.0015268492573632386,3.2531213259839498,0.0007739103231414468
quadratic,analytic,0.0001,0.0,5.616694326391887e-06,3.0908176370349376,3.086485817524588,0.0014034794800461547,3.0886901740581947,0.000714196229605335
quadratic,analytic,0.0001,0.0,6.311082278321828e-06,2.931812862750005,2.9306522326211857,0.00039603133933807655,2.9298119157637617,-0.00028673373390075696
quadratic,analytic,0.0001,0.0,7.070153911223586e-06,2.7859451705043203,2.7826865297102925,0.0011710412794383451,2.784183953912634,0.0005381217705815455
quadratic,analytic,0.0001,0.0,7.944232044900083e-06,2.645101417954787,2.6421914672917177,0.0011013398154873233,2.643694951157407,0.0005690291125004521
quadratic,analytic,0.0001,0.0,8.899732373454886e-06,2.516438529130614,2.5118864315095797,0.0018122227039931715,2.515136666506556,0.0012939418582802453
quadratic,analytic,0.0001,0.0,1e-05,2.39242499107357,2.39095514427051,0.000614752981285438,2.391334657127289,0.00015872855569387667
quadratic,analytic,0.0001,2.0,1.1222867670601263e-14,0.12105935968056114,0.1209702481215561,0.000736640292871904,0.12105641758353498,0.00071231946132988
quadratic,analytic,0.0001,2.0,1.2572709126135085e-14,0.12813539666036527,0.12819088412689394,-0.00043285033024453856,0.12812971546741575,-0.0004771685591750119
quadratic,analytic,0.0001,2.0,1.4127064274017344e-14,0.13582600080129079,0.135842515233351,-0.00012157042316129907,0.13581909996396324,-0.00017237069961151263
quadratic,analytic,0.0001,2.0,1.5826210834571755e-14,0.14375846247198315,0.14377340934607827,-0.00010396132471990338,0.14375493772266895,-0.00012847732757625963
quadratic,analytic,0.0001,2.0,1.7782794100389154e-14,0.152385539884537,0.15235515132193417,0.00019945871432103246,0.15238198183205928,0.00017610504070475486
quadratic,analytic,0.0001,2.0,1.9921637164074817e-14,0.16130024573536847,0.16144913193548474,-0.0009221864393533785,0.16128552323708373,-0.0010133761416963871
quadratic,analytic,0.0001,2.0,2.238453509399305e-14,0.17098167096507771,0.17087501725402826,0.0006241621084426274,0.17096454637772024,0.0005239450747729357
quadratic,analytic,0.0001,2.0,2.5151919355192038e-14,0.18124347113929007,0.18107443670762266,0.0009335079801482404,0.18122438029231883,0.0008280770462274489
quadratic,analytic,0.0001,2.0,2.817709121218702e-14,0.19181949031558865,0.19188265292309678,-0.00032917309900570846,0.19181302095947939,-0.0003628882682026324
quadratic,analytic,0.0001,2.0,3.166060509440756e-14,0.2033307733598545,0.20308533861975162,0.0012085300779021146,0.20332388602479987,0.0011746165758173
quadratic,analytic,0.0001,2.0,3.546861553506056e-14,0.2152194741433759,0.21520737135891302,5.62377784107948e-05,0.21520362947818888,-1.7387326003315273e-05
quadratic,analytic,0.0001,2.0,3.9853575418573385e-14,0.2281355728915037,0.2280529604056247,0.00036225131974632063,0.22811802066885753,0.00028528576483766166
quadratic,analytic,0.0001,2.0,4.464700342914815e-14,0.24145697144272182,0.24136737730937594,0.0003711940459585339,0.24144623762516565,0.0003267231747257071
quadratic,analytic,0.0001,2.0,5.0166680924379157e-14,0.2559482137206591,0.2557744402209339,0.000679401348997688,0.2559352180294797,0.0006285921627156021
quadratic,analytic,0.0001,2.0,5.62005278506556e-14,0.27092296795609105,0.2710414514156911,-0.00043714147404827486,0.2708884373680969,-0.0005645411312363846
quadratic,analytic,0.0001,2.0,6.314855940868918e-14,0.2871808663198363,0.2868656655628245,0.001098774774573874,0.2871438906994432,0.0009698795290569162
quadratic,analytic,0.0001,2.0,7.074381454747871e-14,0.3039378872994978,0.30398849192403654,-0.0001664688824846161,0.30392012205424335,-0.000224909401538409
quadratic,analytic,0.0001,2.0,7.948982236643983e-14,0.32217786212823973,0.3221333687353114,0.00013812103074895,0.3221572749570587,7.421218683778541e-05
quadratic,analytic,0.0001,2.0,8.905053899186286e-14,0.34101433387791014,0.3409404824966199,0.00021661077250034744,0.3409786088759104,0.00011182708199197755
quadratic,analytic,0.0001,2.0,1.0005979422198376e-13,0.3614776773658136,0.36129099976693707,0.0005166959569902208,0.3614388539084554,0.0004092383746445716
quadratic,analytic,0.0001,2.0,1.1209458445895949e-13,0.3825862635458144,0.38285622627370797,-0.0007051282162003902,0.3825543710924035,-0.0007884295999112112
quadratic,analytic,0.0001,2.0,1.25952758751827e-13,0.4055472587298036,0.4052085228706845,0.0008359544283997877,0.4055084242034176,0.0007401160533555551
quadratic,analytic,0.0001,2.0,1.4110185078357491e-13,0.42926728445848716,0.429395157975952,-0.0002977991602597374,0.4291974482181762,-0.00046043779046733846
quadratic,analytic,0.0001,2.0,1.5854617292137532e-13,0.45502243832088723,0.45502547771443325,-6.679611790683104e-06,0.45494887748536655,-0.00016834272544796747
quadratic,analytic,0.0001,2.0,1.7761546992343475e-13,0.4815746839378524,0.48159123200827275,-3.4361236917357374e-05,0.4815246081743847,-0.00013834104414700565
quadratic,analytic,0.0001,2.0,1.9957394500221713e-13,0.5104725717993758,0.5103371017050896,0.0002654521762841533,0.510413773401566,0.0001502373553092795
quadratic,analytic,0.0001,2.0,2.2357789767414385e-13,0.5403087726005866,0.5401321147646353,0.0003270641221329029,0.5402273408549427,0.00017630147829472698
quadratic,analytic,0.0001,2.0,2.51218675227814e-13,0.5727240418375681,0.5723722519559694,0.0006146172886551948,0.5726357861192165,0.0004604244219501563
quadratic,analytic,0.0001,2.0,2.814342486605375e-13,0.6061702229319808,0.6065367821202511,-0.0006043478302980576,0.6060807672124228,-0.0007518338891736587
quadratic,analytic,0.0001,2.0,3.1622776601683666e-13,0.6425431452190227,0.6419482215080353,0.000926747190902466,0.642436110294706,0.0007600126775406668
quadratic,analytic,0.0001,2.0,3.5426237183140444e-13,0.680099739408673,0.6802656963728123,-0.00024395903692375764,0.6799535511277606,-0.00045885783557231274
quadratic,analytic,0.0001,2.0,3.9805957860941525e-13,0.7208892418150856,0.7208703165724003,2.625332497441235e-05,0.7207349144793758,-0.00018783141698541783
quadratic,analytic,0.0001,2.0,4.4593658622903256e-13,0.7629553999403315,0.7629568911615328,-1.9545287794908717e-06,0.7628189019676461,-0.00018086106238135446
quadratic,analytic,0.0001,2.0,5.010674113742105e-13,0.808721711515581,0.8084972953880813,0.0002775718963807794,0.8085629287779218,8.117947977659412e-05
quadratic,analytic,0.0001,2.0,5.630140214875839e-13,0.8572297557493576,0.8567559769395263,0.0005529915431972121,0.8570454223109996,0.00033783875369874927
quadratic,analytic,0.0001,2.0,6.307310870858487e-13,0.9072824025612694,0.906775964583905,0.0005585039713715823,0.9070742474142945,0.00032894876136957407
quadratic,analytic,0.0001,2.0,7.08707925832824e-13,0.961678668619139,0.9609008364455407,0.0008094822525865908,0.9614512910845464,0.0005728527004325024
quadratic,analytic,0.0001,2.0,7.939484691799101e-13,1.0178398233254735,1.017001113840946,0.0008246888554133136,1.0175604131371072,0.0005499495414009736
quadratic,analytic,0.0001,2.0,8.921037575781548e-13,1.0788690877506015,1.0777052536943224,0.0010799186997461074,1.0785434625672894,0.0007777719094286262
quadratic,analytic,0.0001,2.0,9.99402415101395e-13,1.1418109811777004,1.1420327844616178,-0.00019421796548679815,1.1414658254552725,-0.0004964472246850038
quadratic,analytic,0.0001,2.0,1.1229578297009167e-12,1.2102215874991966,1.2087080891058926,0.0012521620455303584,1.209850059442215,0.0009447858805737841
quadratic,analytic,0.0001,2.0,1.2580226879739342e-12,1.2808163326996613,1.2808550945362784,-3.0262468239006246e-05,1.2804044733618007,-0.00035181276664308925
quadratic,analytic,0.0001,2.0,1.4135511442189197e-12,1.3575485875295847,1.3556352626674741,0.0014113861706028796,1.3570777570990438,0.0010640726685813284
quadratic,analytic,0.0001,2.0,1.5835673994209865e-12,1.4366840109764256,1.436552256223496,9.171594862555921e-05,1.4361779282066192,-0.0002605738950707259
quadratic,analytic,0.0001,2.0,1.7793427183768607e-12,1.522690463470975,1.5204224923711176,0.0014916716315611644,1.52213036040515,0.0011232851675122557
quadratic,analytic,0.0001,2.0,1.993354915202367e-12,1.6114986512754026,1.6111755292724597,0.00020055046583844494,1.6107944335606623,-0.00023653270849355312
quadratic,analytic,0.0001,2.0,2.239791975259737e-12,1.7079331894286318,1.7052407966721925,0.0015788929995654843,1.7071283425479014,0.0011069087013355627
quadratic,analytic,0.0001,2.0,2.509185159668157e-12,1.807303807333992,1.807025518828417,0.00015400363895001767,1.806488782191956,-0.0002970277015285072
quadratic,analytic,0.0001,2.0,2.8193939484655234e-12,1.9153246503682622,1.9125250969553795,0.0014637995691346717,1.914428937561786,0.0009954591494967246
quadratic,analytic,0.0001,2.0,3.1584993306923035e-12,2.0267840797311023,2.0266824851613756,5.012850827434967e-05,2.0257424562938775,-0.00046382641305708905
quadratic,analytic,0.0001,2.0,3.5489823717768167e-12,2.1478242443920923,2.1450062968364065,0.001313724607634903,2.1466461205775493,0.000764484348396266
quadratic,analytic,0.0001,2.0,3.975839719737192e-12,2.2725575214718856,2.273040337760669,-0.00021240990789417324,2.2713031995414887,-0.0007642355440519166
quadratic,analytic,0.0001,2.0,4.467369975748768e-12,2.408071017366627,2.405747260933951,0.000965918768945695,2.40666944204132,0.0003833241846904478
quadratic,analytic,0.0001,2.0,5.004687296728102e-12,2.5479398304038314,2.5462020129361154,0.0006825135864660936,2.5462027530776004,2.9068451024016895e-07
quadratic,analytic,0.0001,2.0,5.6234132519034904e-12,2.6996388776856604,2.698183167120375,0.0005395151015039623,2.6976801634134717,-0.0001864231135353389
quadratic,analytic,0.0001,2.0,6.2997748157934195e-12,2.855760600641778,2.8557112058085217,1.7296858714654917e-05,2.853770875580563,-0.0006794560402367811
quadratic,analytic,0.0001,2.0,7.0786115260989615e-12,3.0253786113958228,3.022436204612399,0.0009735215515660478,3.023162419079353,0.0002402745394083361
quadratic,analytic,0.0001,2.0,7.929998494741352e-12,3.200234196012262,3.1988951096914007,0.00041860901184431754,3.197642920242114,-0.00039144436011451234
quadratic,analytic,0.0001,2.0,8.910378606882613e-12,3.389816749055666,3.385656215734691,0.001228870581023278,3.3869061351875605,0.0003691808539392216
quadratic,analytic,0.0001,2.0,9.982083164139237e-12,3.584885091768317,3.5833209961825796,0.00043649329418249394,3.5817570844038626,-0.0004364419990235957
quadratic,analytic,0.0001,2.0,1.1216161054362268e-11,3.796509611971542,3.7925260403016297,0.001050374243335428,3.792997089428742,0.00012420458610074014
quadratic,analytic,0.0001,2.0,1.2602807122398979e-11,4.020169853655538,4.013945103352139,0.0015507811250834447,4.016213816982096,0.0005652079367159946
quadratic,analytic,0.0001,2.0,1.4118622153745566e-11,4.250506077728533,4.243054122114294,0.0017562716382524268,4.245787704318688,0.0006442487240845285
quadratic,analytic,0.0001,2.0,1.5864097437195873e-11,4.499640577955816,4.490776367975641,0.001973870274054823,4.4943880272064725,0.0008042393864424735
quadratic,analytic,0.0001,2.0,1.777216737117983e-11,4.755337352765271,4.747102087599433,0.0017347984125621885,4.749839838940367,0.0005767205529632058
quadratic,analytic,0.0001,2.0,1.9969327868991435e-11,5.032357547348363,5.024252167855127,0.0016132509321673538,5.02618528549497,0.00038475728830067446
quadratic,analytic,0.0001,2.0,2.2371158433858767e-11,5.316917221102719,5.311027760084722,0.0011089117368694446,5.309827914915637,-0.00022591581578679243
quadratic,analytic,0.0001,2.0,2.5136888948014652e-11,5.6241906134391595,5.614172005310053,0.0017845210513021126,5.616283287392046,0.0003760629492641776
quadratic,analytic,0.0001,2.0,2.816025300799223e-11,5.939064337465881,5.927303193666745,0.0019842318529788017,5.930387191784604,0.0005203037565471025
quadratic,analytic,0.0001,2.0,3.164168519492257e-11,6.278969374829759,6.265623370859173,0.0021300361002636325,6.269216855412431,0.000573523868346415
quadratic,analytic,0.0001,2.0,3.544742002604252e-11,6.627070849522161,6.615089345549102,0.0018112384197985776,6.615888069166786,0.00012074268025141777
quadratic,analytic,0.0001,2.0,3.9829759523747825e-11,7.001493784896527,6.984046831336546,0.002498115201876816,6.9891062190297735,0.0007244206425602862
quadratic,analytic,0.0001,2.0,4.462032305413092e-11,7.383456880553426,7.373582969838677,0.0013390926439884598,7.3701134219669004,-0.0004705375779954224
quadratic,analytic,0.0001,2.0,5.013670207344559e-11,7.794196971873513,7.775248635547615,0.0024370071253114745,7.779275488667236,0.0005179066687603928
quadratic,analytic,0.0001,2.0,5.6166943263918415e-11,8.212575805726983,8.198794479138794,0.0016808967005155218,8.195813184110014,-0.00036362602287032253
quadratic,analytic,0.0001,2.0,6.311082278321815e-11,8.66031734697874,8.634754611613364,0.0029604472292699135,8.641735082383757,0.0008084156509793328
quadratic,analytic,0.0001,2.0,7.070153911223599e-11,9.114695856414874,9.093896351773164,0.0022871939416435616,9.094110525072608,2.355132400455595e-05
quadratic,analytic,0.0001,2.0,7.944232044900149e-11,9.599442512230267,9.577452351172417,0.0022960345039104713,9.576504528947037,-9.896391969654861e-05
quadratic,analytic,0.0001,2.0,8.89973237345494e-11,10.08915557387776,10.061866976881134,0.0027120808751819325,10.06374000239293,0.00018615089188700473
quadratic,analytic,0.0001,2.0,1e-10,10.608689339714356,10.5707826411747,0.0035859878900550424,10.580762677764143,0.000944115202082596
quadratic,analytic,0.0001,2.0,1.1202759842807187e-10,11.130597813235315,11.105438573547573,0.0022654881679027294,11.100114369184208,-0.000479423151828251
quadratic,analytic,0.0001,2.0,1.258774912852598e-10,11.681502093858029,11.638388684867211,0.003704413914864091,11.64783588074638,0.000811727132936646
quadratic,analytic,0.0001,2.0,1.410175304483814e-10,12.231172358456334,12.196915077508342,0.0028086840590670903,12.194248718506127,-0.00021860929466754886
quadratic,analytic,0.0001,2.0,1.584514281227059e-10,12.806466807846256,12.766487624316797,0.003131572653805703,12.76607678196094,-3.218131470039687e-05
quadratic,analytic,0.0001,2.0,1.7750932960084987e-10,13.376116661367913,13.329732329865362,0.0034797646610371658,13.33162360869725,0.00014188423181238363
quadratic,analytic,0.0001,2.0,1.9945468262652877e-10,13.966383905971409,13.917826830256823,0.003488840341728139,13.917751061488339,-5.4440085660578674e-06
quadratic,analytic,0.0001,2.0,2.2411312414453987e-10,14.559166904083018,14.496060737478809,0.004353332104980234,14.506231985012004,0.0007016559682933021
quadratic,analytic,0.0001,2.0,2.510685507412523e-10,15.13434052712988,15.079705399515039,0.003623089852710093,15.07813512972147,-0.00010413133094888671
quadratic,analytic,0.0001,2.0,2.821079783141678e-10,15.719710785203862,15.648196307066213,0.004570141934208349,15.659235276408063,0.0007054467572640277
quadratic,analytic,0.0001,2.0,3.160387930793479e-10,16.280582219636308,16.218100973589298,0.0038525624022665017,16.215120350618818,-0.0001837837226030814
quadratic,analytic,0.0001,2.0,3.551104458174391e-10,16.83994707762012,16.76734443516926,0.004330002448007075,16.76986571292688,0.00015036834051862513
quadratic,analytic,0.0001,2.0,3.9782170421649636e-10,17.363687127380302,17.29247445737873,0.004118130703450795,17.28968597661314,-0.0001612540051723066
quadratic,analytic,0.0001,2.0,4.4700412048689413e-10,17.874563144215276,17.79010746036196,0.0047473397247033144,17.796159738987505,0.0003402047255212093
quadratic,analytic,0.0001,2.0,5.007679810559902e-10,18.341246516201807,18.25696451421088,0.004616430180675701,18.257590891857898,3.430896995681998e-05
quadratic,analytic,0.0001,2.0,5.626775728106399e-10,18.77996226193934,18.6899071075692,0.00481838426760639,18.692329787396844,0.0001296250331099813
quadratic,analytic,0.0001,2.0,6.303541717131253e-10,19.162094137288218,19.062443586029396,0.005227585372730159,19.072484765017958,0.000526751932051317
quadratic,analytic,0.0001,2.0,7.082844126788245e-10,19.505412767251375,19.39449927115156,0.005718812048156163,19.41257589435784,0.0009320489770605622
quadratic,analytic,0.0001,2.0,7.934740175644607e-10,19.786873031651382,19.68371838059054,0.005240607951521925,19.690322278866905,0.00033550054662812023
quadratic,analytic,0.0001,2.0,8.915706498446408e-10,20.01470383793461,19.903459591418258,0.005589191467211929,19.915977031483266,0.00062890775382618
quadratic,analytic,0.0001,2.0,9.98805187310509e-10,20.1743414534341,20.076063997200787,0.004895255177858271,20.074525197628002,-7.664846919197554e-05
quadratic,analytic,0.0001,2.0,1.1222867670601262e-09,20.272582429906542,20.17536630651153,0.0048185555552284765,20.171681388701472,-0.00018264440675208604
quadratic,analytic,0.0001,2.0,1.2572709126135084e-09,20.30282715398899,20.200268535918685,0.005077091816276802,20.2009230037578,3.239896726880964e-05
quadratic,analytic,0.0001,2.0,1.4127064274017343e-09,20.264536125885236,20.150494775757135,0.005659481387290999,20.163293209457787,0.0006351424043469223
quadratic,analytic,0.0001,2.0,1.5826210834571754e-09,20.16041472568745,20.05131488308072,0.005441031834714449,20.061323072523706,0.0004991288352580447
quadratic,analytic,0.0001,2.0,1.7782794100389156e-09,19.988936444553758,19.87892325835616,0.00553416222638492,19.89136176676196,0.0006257133871963028
quadratic,analytic,0.0001,2.0,1.9921637164074817e-09,19.760781753074184,19.659452937295683,0.005154203227408782,19.664773981710745,0.00027066085877525126
quadratic,analytic,0.0001,2.0,2.238453509399305e-09,19.46633591126012,19.370590367701652,0.004942830432164591,19.373296353745737,0.00013969558969129103
quadratic,analytic,0.0001,2.0,2.507685708508935e-09,19.12602015362034,19.015473443357433,0.005813513431164319,19.03617195126514,0.0010885086805418887
quadratic,analytic,0.0001,2.0,2.8177091212187017e-09,18.72703003992997,18.643854900284907,0.004461262978601832,18.640730988487988,-0.0001675571824404365
quadratic,analytic,0.0001,2.0,3.1566118591900404e-09,18.294625491956616,18.189527952578477,0.0057779146139547155,18.212595977206096,0.001268203588776995
quadratic,analytic,0.0001,2.0,3.546861553506056e-09,17.81251595662122,17.724395349388423,0.004971713025789359,17.735052185419978,0.0006012524445253575
quadratic,analytic,0.0001,2.0,3.973463817961435e-09,17.311544983443056,17.228600475555897,0.004814349720677624,17.238328731740914,0.00056465736719713
quadratic,analytic,0.0001,2.0,4.464700342914815e-09,16.77108032811875,16.68481626699996,0.0051702134286852885,16.702197003779663,0.0010417098097794675
quadratic,analytic,0.0001,2.0,5.016668092437915e-09,16.20970240514271,16.138276158770836,0.004425890700417545,16.145216620559857,0.0004300621529054194
quadratic,analytic,0.0001,2.0,5.6200527850655604e-09,15.647651539741677,15.571176539185334,0.004911318060256464,15.587811413563342,0.0010683119760503956
quadratic,analytic,0.0001,2.0,6.3148559408689445e-09,15.061138502090571,15.005483720109185,0.00370896287114042,15.005777774062759,1.9596432814683595e-05
quadratic,analytic,0.0001,2.0,7.074381454747871e-09,14.48528017141552,14.424711732693922,0.00419893581542552,14.433522786310927,0.0006108304817651344
quadratic,analytic,0.0001,2.0,7.948982236643984e-09,13.892848679412467,13.84932386858393,0.003142739042103715,13.845194599868156,-0.0002981567010026387
quadratic,analytic,0.0001,2.0,8.905053899186286e-09,13.317417257695137,13.264123944731743,0.004017853963477203,13.274628758968905,0.0007919719599223107
quadratic,analytic,0.0001,2.0,1.0005979422198378e-08,12.734123052644748,12.687990860592764,0.003635894174172538,12.695113404297377,0.0005613610368158106
quadratic,analytic,0.0001,2.0,1.1209458445895926e-08,12.175521784913597,12.136882371521118,0.0031836358143459975,12.139122148396336,0.0001845430157974004
quadratic,analytic,0.0001,2.0,1.2595275875182702e-08,11.612949061650193,11.581105022429304,0.002749654645149757,11.579798855590802,-0.00011278430132288797
quadratic,analytic,0.0001,2.0,1.4110185078357489e-08,11.07755986710276,11.037155032027568,0.003660801624870258,11.047748164101383,0.0009597701620640553
quadratic,analytic,0.0001,2.0,1.5854617292137533e-08,10.543558727471456,10.518753691040992,0.002358172570538608,10.51657211020348,-0.00020739917499634775
quadratic,analytic,0.0001,2.0,1.7761546992343476e-08,10.039586386624823,10.0,0.003958638662482361,10.01472374887858,0.0014723748878580079
quadratic,analytic,0.0001,2.0,1.995739450022159e-08,9.539147634308314,9.518563874058607,0.0021624859088045234,9.516734304678192,-0.00019221065326902043
quadratic,analytic,0.0001,2.0,2.2357789767414388e-08,9.068342243939329,9.037981095027336,0.0033592844013248246,9.048788006473595,0.0011957218467966158
quadratic,analytic,0.0001,2.0,2.5121867522781557e-08,8.604274044244205,8.581662460309994,0.002634872210226069,8.586685374174628,0.0005853077871409429
quadratic,analytic,0.0001,2.0,2.814342486605398e-08,8.170732960342614,8.148382897504938,0.002742883234478244,8.154339077149462,0.0007309646244468837
quadratic,analytic,0.0001,2.0,3.1622776601683666e-08,7.743753537076321,7.727441292369099,0.0021109503249581163,7.72904105403708,0.00020702346448886466
quadratic,analytic,0.0001,2.0,3.542623718314044e-08,7.345507097729229,7.328245331389037,0.002355511525556464,7.332504269234214,0.0005811674763307462
quadratic,analytic,0.0001,2.0,3.980595786094185e-08,6.955298330842821,6.9411043173037354,0.0020449215125177833,6.943635494975685,0.0003646649807063085
quadratic,analytic,0.0001,2.0,4.459365862290289e-08,6.592732875049356,6.574415424839551,0.00278617170138018,6.582065018498113,0.001163539746767528
quadratic,analytic,0.0001,2.0,5.010674113742106e-08,6.2378609959516,6.227098196841121,0.0017283811448385311,6.22836016178952,0.00020265698540589128
quadratic,analytic,0.0001,2.0,5.613337874682354e-08,5.908354642383268,5.89085823464546,0.002970094855603067,5.900210064406693,0.001587515670676387
quadratic,analytic,0.0001,2.0,6.307310870858448e-08,5.587126171869978,5.579652382812823,0.0013394721650004104,5.579830430355558,3.1910149686620315e-05
quadratic,analytic,0.0001,2.0,7.065928894015424e-08,5.289965955005237,5.278372067815769,0.0021964891903245576,5.283121310043252,0.0008997551075342614
quadratic,analytic,0.0001,2.0,7.939484691799135e-08,4.999988354532633,4.993359760568499,0.0013274817521617965,4.993893848334477,0.00010695960066731125
quadratic,analytic,0.0001,2.0,8.894414027786991e-08,4.731741078393506,4.7179137813158585,0.0029308074963996233,4.726412489302409,0.0018013699233350167
quadratic,analytic,0.0001,2.0,9.994024151013948e-08,4.470767716835987,4.463164120827642,0.0017036335215330212,4.466003994488262,0.0006362915599198438
quadratic,analytic,0.0001,2.0,1.122957829700926e-07,4.223549225068294,4.222169987152123,0.00032666565305716766,4.219286352812893,-0.0006829744771064128
quadratic,analytic,0.0001,2.0,1.2580226879739443e-07,3.995330623194937,3.9892647284791805,0.001520554570483279,3.9914861722995454,0.0005568554537145332
quadratic,analytic,0.0001,2.0,1.4135511442189168e-07,3.7734187927947884,3.7692070954780155,0.0011173961021737622,3.7700294730820527,0.0002181831836791659
quadratic,analytic,0.0001,2.0,1.5835673994209863e-07,3.5686031127848166,3.5612883815855154,0.002053956438103688,3.5657193889043324,0.0012442146897533313
quadratic,analytic,0.0001,2.0,1.779342718376846e-07,3.369827085264181,3.3689921574149095,0.0002478271869625903,3.3672435773671743,-0.0005190217032374767
quadratic,analytic,0.0001,2.0,1.9933549152023508e-07,3.1867112521823158,3.1831502817259847,0.0011186937911080719,3.184255511590943,0.0003472125935439774
quadratic,analytic,0.0001,2.0,2.2397919752597368e-07,3.0087739443640187,3.007559899999011,0.00040366423458704226,3.006598349075916,-0.0003197113125146256
quadratic,analytic,0.0001,2.0,2.509185159668157e-07,2.8447690504181806,2.8416555146675,0.0010956767048679872,2.8428925006892363,0.0004353047071861127
quadratic,analytic,0.0001,2.0,2.819393948465512e-07,2.6857067925277596,2.6849028223986093,0.00029944105330104165,2.6840334631512275,-0.0003237954238527463
quadratic,analytic,0.0001,2.0,3.158499330692303e-07,2.5392634035475097,2.536796993342627,0.0009722536771192836,2.537714876328007,0.0003618275280949934
quadratic,analytic,0.0001,2.0,3.548982371776846e-07,2.3971541554766347,2.393906273513979,0.0013567289574325514,2.3957864326484906,0.0007853937956192603
quadratic,analytic,0.0001,2.0,3.975839719737225e-07,2.266183770264465,2.261852528267306,0.001914909103502227,2.26511137666843,0.0014407873017345807
quadratic,analytic,0.0001,2.0,4.467369975748768e-07,2.1393497622088016,2.1370831916988693,0.0010605906773943907,2.138401664869239,0.0006169498573997956
quadratic,analytic,0.0001,2.0,5.004687296728092e-07,2.0227567164638636,2.0191964379483553,0.0017632155290079332,2.021777175813267,0.0012781014350113917
quadratic,analytic,0.0001,2.0,5.623413251903514e-07,1.9095984947777331,1.9078126068560772,0.0009360918966767606,1.908727006143636,0.0004792919830138853
quadratic,analytic,0.0001,2.0,6.299774815793368e-07,1.805425398488116,1.8025729812485294,0.0015824142873874791,1.8047060106548716,0.0011833248520483064
quadratic,analytic,0.0001,2.0,7.07861152609896e-07,1.7045384787478461,1.703138631671876,0.0008219219797720445,1.7039022933827113,0.0004483849386269778
quadratic,analytic,0.0001,2.0,7.929998494741353e-07,1.6117823019128235,1.6091893248527613,0.0016113561157879985,1.6111760332362617,0.0012346020153235493
quadratic,analytic,0.0001,2.0,8.910378606882558e-07,1.5218788219110073,1.5204224923711176,0.0009578453010246069,1.5213431080997375,0.000605499940469878
quadratic,analytic,0.0001,2.0,9.982083164139237e-07,1.4391849732088189,1.436552256223496,0.0018326635692627047,1.4387320648675472,0.001517389036568506
quadratic,analytic,0.0001,2.0,1.1216161054362337e-06,1.3591311265002108,1.3573085081387353,0.0013428180480317131,1.3587219530291046,0.0010413586018904741
quadratic,analytic,0.0001,2.0,1.256519586502683e-06,1.2854588979779822,1.2840189361682888,0.001121449044973133,1.2851660932282727,0.0008934113256984233
quadratic,analytic,0.0001,2.0,1.4118622153745565e-06,1.2142026252350384,1.2131893003698175,0.0008352570080465416,1.2139483620344274,0.000625674545908339
quadratic,analytic,0.0001,2.0,1.5816753329974905e-06,1.1487765784839097,1.1476816254307158,0.0009540564464320944,1.1484972502085993,0.0007106716355917975
quadratic,analytic,0.0001,2.0,1.7772167371179976e-06,1.0853771638541871,1.0843726902958206,0.0009263176464657796,1.0851489442729991,0.000715855336569593
quadratic,analytic,0.0001,2.0,1.990973229455032e-06,1.027190835404383,1.0258206294697945,0.0013357168838541433,1.0269520769444953,0.0011029681429644
quadratic,analytic,0.0001,2.0,2.237115843385872e-06,0.9708560488916885,0.9704301604633128,0.0004388656141647296,0.9706480011395592,0.00022447846854056763
quadratic,analytic,0.0001,2.0,2.5136888948014443e-06,0.9177912679157435,0.9180305691684071,-0.0002606680656400684,0.9176255332766724,-0.00044120087646060124
quadratic,analytic,0.0001,2.0,2.8160253007992053e-06,0.8691147763536476,0.868460359399076,0.0007535369317541729,0.8689490991027936,0.0005627657018862919
quadratic,analytic,0.0001,2.0,3.164168519492257e-06,0.8220299581371949,0.8215667551580329,0.0005638044337283876,0.8218921533588477,0.00039607031172073093
quadratic,analytic,0.0001,2.0,3.5447420026042596e-06,0.7788467645872444,0.7781645255181081,0.0008767285667283797,0.7787178028926972,0.0007110030802557343
quadratic,analytic,0.0001,2.0,3.982975952374782e-06,0.737109348125077,0.7370551753379351,7.349895768271608e-05,0.7370071436241707,-6.51670531209847e-05
quadratic,analytic,0.0001,2.0,4.4620323054130925e-06,0.6988658856070393,0.6981175749829167,0.0010718977016743736,0.6987656491643796,0.0009283166685478683
quadratic,analytic,0.0001,2.0,5.013670207344591e-06,0.6619065192905683,0.662053151368651,-0.0002214808248847122,0.661850255741866,-0.00030646425648084286
quadratic,analytic,0.0001,2.0,5.616694326391887e-06,0.6280896849556235,0.6278517988146743,0.0003788890011913182,0.6280353544074475,0.0002923549683535587
quadratic,analytic,0.0001,2.0,6.311082278321828e-06,0.5954683592737166,0.5954172719515094,8.580087379672641e-05,0.5954253806989306,1.3618596240272396e-05
quadratic,analytic,0.0001,2.0,7.070153911223586e-06,0.5656282182145654,0.5653552488329239,0.0004828280664326279,0.5655871908714375,0.00041025892833301825
quadratic,analytic,0.0001,2.0,7.944232044900083e-06,0.5368960777743819,0.5368110272235573,0.00015843666860648753,0.5368474772542178,6.790104675924447e-05
quadratic,analytic,0.0001,2.0,8.899732373454886e-06,0.5106214573450539,0.5103371017050896,0.0005571917836548756,0.510586422826217,0.0004885420250544392
quadratic,analytic,0.0001,2.0,1e-05,0.485366591074615,0.4851687915648721,0.00040769215411584625,0.48533049493868075,0.00033329302424234264
quadratic,analytic,0.0001,4.0,1.1222867670601263e-14,0.4099017248979019,0.40973210981354197,0.00041396580911645664,0.40986601407422896,0.0003268092919246346
quadratic,analytic,0.0001,4.0,1.2572709126135085e-14,0.4338619286997517,0.4341887549027524,-0.0007527283913050242,0.43380944216393946,-0.0008736125349397827
quadratic,analytic,0.0001,4.0,1.4127064274017344e-14,0.45989902169179075,0.45953799872494894,0.0007856215761123941,0.4598373937752688,0.0006515131526676488
quadratic,analytic,0.0001,4.0,1.5826210834571755e-14,0.4867466221363284,0.4869675251658629,-0.00045362989956920785,0.48669846291276975,-0.0005525260704016821
quadratic,analytic,0.0001,4.0,1.7782794100389154e-14,0.5159501085622763,0.5160343023300268,-0.0001631553704285471,0.5158977623212603,-0.0002645948305179946
quadratic,analytic,0.0001,4.0,1.9921637164074817e-14,0.5461436598793521,0.5461619350765514,-3.3461133091883255e-05,0.5460313377749905,-0.00023911827824951715
quadratic,analytic,0.0001,4.0,2.238453509399305e-14,0.5789166793505792,0.5787619883491206,0.0002672791312710032,0.5787875825648143,4.422235082635062e-05
quadratic,analytic,0.0001,4.0,2.5151919355192038e-14,0.6136513893710307,0.6133079177531452,0.0005600312794653561,0.6135071371448706,0.0003248276859937338
quadratic,analytic,0.0001,4.0,2.817709121218702e-14,0.6494242965182149,0.6491146763797933,0.00047698834996068307,0.6493367535887655,0.00034212322884275004
quadratic,analytic,0.0001,4.0,3.166060509440756e-14,0.6883806428938904,0.6878599123088078,0.0007570299937014191,0.688283763796349,0.0006161886744040501
quadratic,analytic,0.0001,4.0,3.546861553506056e-14,0.7286246766784248,0.7280192403331738,0.0008316213524437455,0.7284751617625089,0.0006262491484791965
quadratic,analytic,0.0001,4.0,3.9853575418573385e-14,0.7723292775793756,0.7714742387394432,0.0011083180707751605,0.7721624352142754,0.0008920537333259038
quadratic,analytic,0.0001,4.0,4.464700342914815e-14,0.8173878647442033,0.8175230379436502,-0.00016534481986818506,0.8172443722031946,-0.0003408659175606621
quadratic,analytic,0.0001,4.0,5.0166680924379157e-14,0.8664126395214855,0.8652524887529818,0.0013408233822889137,0.8662461274788463,0.0011483800841725067
quadratic,analytic,0.0001,4.0,5.62005278506556e-14,0.9170950349940552,0.9168988511521072,0.0002139645411285418,0.9168105396939273,-9.631537662957435e-05
quadratic,analytic,0.0001,4.0,6.314855940868918e-14,0.9720797773576855,0.9716279515771068,0.00046501933157161446,0.9717694322068189,0.00014561193868756206
quadratic,analytic,0.0001,4.0,7.074381454747871e-14,1.0287097804442304,1.028354510178343,0.000345474505504928,1.0284786032382387,0.0001206714792103547
quadratic,analytic,0.0001,4.0,7.948982236643983e-14,1.0903771736669556,1.089736326928722,0.0005880750438409521,1.0901134178588177,0.0003460386891556144
quadratic,analytic,0.0001,4.0,8.905053899186286e-14,1.1540661118695268,1.1533584072827108,0.0006136033537773589,1.1537078018173816,0.00030293665218428245
quadratic,analytic,0.0001,4.0,1.0005979422198376e-13,1.2232178724056526,1.222201625941865,0.000831488391290991,1.2228218159317714,0.0005074367246307165
quadratic,analytic,0.0001,4.0,1.1209458445895949e-13,1.294518087775536,1.2951540518738216,-0.0004910335549392908,1.294128505179502,-0.0007918337535491871
quadratic,analytic,0.0001,4.0,1.25952758751827e-13,1.372072197791927,1.370769036088713,0.0009506792675535447,1.3716184948749603,0.0006196950499197662
quadratic,analytic,0.0001,4.0,1.4110185078357491e-13,1.452193466736365,1.452589354809053,-0.0002725395662424024,1.451560285063773,-0.000708438170686776
quadratic,analytic,0.0001,4.0,1.5854617292137532e-13,1.5391122462136584,1.537395884947837,0.0011164081305443663,1.5384260998372723,0.0006701038421670358
quadratic,analytic,0.0001,4.0,1.7761546992343475e-13,1.6286443788052651,1.629162052693129,-0.0003177546929773456,1.6280310485938534,-0.0006942244311459733
quadratic,analytic,0.0001,4.0,1.9957394500221713e-13,1.7260887475905362,1.7242774273620047,0.0010504807403890482,1.7253856095632267,0.0006426936777321757
quadratic,analytic,0.0001,4.0,2.2357789767414385e-13,1.8266589019331403,1.8271984337130094,-0.0002952781536555982,1.825796902046084,-0.0007670385662915669
quadratic,analytic,0.0001,4.0,2.51218675227814e-13,1.935828519174473,1.9338757672107403,0.0010097608113417422,1.9348763757226897,0.00051741095726765
quadratic,analytic,0.0001,4.0,2.814342486605375e-13,2.0483926710811655,2.049307563139115,-0.00044643960448187414,2.0473621897418512,-0.0009492832760954473
quadratic,analytic,0.0001,4.0,3.1622776601683666e-13,2.1707272846122305,2.168952294832635,0.0008183627569053886,2.1695359412175135,0.00026909138862518667
quadratic,analytic,0.0001,4.0,3.5426237183140444e-13,2.296943256172873,2.2955822453773913,0.0005928826110335184,2.2954988321792262,-3.63364015090184e-05
quadratic,analytic,0.0001,4.0,3.9805957860941525e-13,2.4338500729273176,2.4326040674499607,0.0005122105541257582,2.4322785508987605,-0.00013381402898882122
quadratic,analytic,0.0001,4.0,4.4593658622903256e-13,2.574861057778892,2.574626800494868,9.098688943165456e-05,2.5732636332125445,-0.0005294620882768664
quadratic,analytic,0.0001,4.0,5.010674113742105e-13,2.728133132966341,2.7249412473338315,0.0011713594322932952,2.726310728621082,0.0005025727760517018
quadratic,analytic,0.0001,4.0,5.630140214875839e-13,2.890356455537467,2.884031503126603,0.0021930940782051156,2.8882800564821043,0.0014731300094661393
quadratic,analytic,0.0001,4.0,6.307310870858487e-13,3.057460219724982,3.056177481459055,0.0004197198211519648,3.0551415440532548,-0.00033896506733821496
quadratic,analytic,0.0001,4.0,7.08707925832824e-13,3.2387439635846773,3.234606303639775,0.00127918502485036,3.2361721205043956,0.0004840826727068315
quadratic,analytic,0.0001,4.0,7.939484691799101e-13,3.4256152208040334,3.423452336462852,0.0006317845638290631,3.422584162362628,-0.00025359608222885743
quadratic,analytic,0.0001,4.0,8.921037575781548e-13,3.6281763286822133,3.6233237679790897,0.0013392567194816518,3.6247202330021233,0.0003854099474562833
quadratic,analytic,0.0001,4.0,9.99402415101395e-13,3.83645253160421,3.8348642940846838,0.0004141574245473123,3.832743877005273,-0.0005529314512332517
quadratic,analytic,0.0001,4.0,1.1229578297009167e-12,4.062248791351493,4.0537516911171005,0.002096107724854468,4.058166978635,0.0010891854889816255
quadratic,analytic,0.0001,4.0,1.2580226879739342e-12,4.294582153664103,4.290421892388853,0.000969662513290448,4.289985977935293,-0.00010160176889195682
quadratic,analytic,0.0001,4.0,1.4135511442189197e-12,4.546178013076169,4.535311726338,0.002395929407688735,4.540988199940691,0.001251617076225786
quadratic,analytic,0.0001,4.0,1.5835673994209865e-12,4.804539580083019,4.800096849081115,0.0009255502840019858,4.798874415080988,-0.0002546686116053909
quadratic,analytic,0.0001,4.0,1.7793427183768607e-12,5.084123268095392,5.074078044822403,0.0019797139863151347,5.077812488855446,0.0007359847444312617
quadratic,analytic,0.0001,4.0,1.993354915202367e-12,5.371546224832207,5.363697611617421,0.001463284059449288,5.364069221035756,6.928232075020802e-05
quadratic,analytic,0.0001,4.0,2.239791975259737e-12,5.68171093431693,5.669848160539563,0.0020922559901919158,5.673292008942524,0.0006073969364699394
quadratic,analytic,0.0001,4.0,2.509185159668157e-12,5.999018189044958,5.993473251352779,0.0009251626660595758,5.990167082768412,-0.0005516281537789602
quadratic,analytic,0.0001,4.0,2.8193939484655234e-12,6.341719606021571,6.327760017024558,0.0022060869817210893,6.331907061379156,0.0006553732036993498
quadratic,analytic,0.0001,4.0,3.1584993306923035e-12,6.69268640144462,6.680691671397245,0.0017954323649944648,6.681465503378975,0.00011583111746404917
quadratic,analytic,0.0001,4.0,3.5489823717768167e-12,7.070236019991785,7.05330813561149,0.002399992181658206,7.057682844727019,0.0006202350771322696
quadratic,analytic,0.0001,4.0,3.975839719737192e-12,7.455245314472897,7.44670733254757,0.0011465445792411266,7.441627207323183,-0.000682197513279803
quadratic,analytic,0.0001,4.0,4.467369975748768e-12,7.868958255535964,7.852356346100726,0.0021142582816535693,7.853793524737375,0.0001830251421743867
quadratic,analytic,0.0001,4.0,5.004687296728102e-12,8.29089360464807,8.280102524863716,0.0013032543681616993,8.27321891346049,-0.0008313437403167923
quadratic,analytic,0.0001,4.0,5.6234132519034904e-12,8.74166738767116,8.720386105922792,0.0024404059051827964,8.722027519743373,0.00018822719552136213
quadratic,analytic,0.0001,4.0,6.2997748157934195e-12,9.197751658839303,9.184081188369452,0.0014884962566710236,9.177099291210489,-0.000760217273319097
quadratic,analytic,0.0001,4.0,7.0786115260989615e-12,9.684960137755766,9.660508789898131,0.0025310621199583494,9.662091344584972,0.0001638169087425645
quadratic,analytic,0.0001,4.0,7.929998494741352e-12,10.177539956268596,10.149124298284494,0.0027998137720024463,10.1516379719929,0.0002476739504342351
quadratic,analytic,0.0001,4.0,8.910378606882613e-12,10.699348988875627,10.662453320237072,0.003460335771742873,10.670741272883742,0.0007773025961050894
quadratic,analytic,0.0001,4.0,9.982083164139237e-12,11.222723404169857,11.20174583194841,0.0018727056064438141,11.19176541051276,-0.0008909701742370046
quadratic,analytic,0.0001,4.0,1.1216161054362268e-11,11.774918198571271,11.739317729588837,0.003032584158847884,11.740757580146028,0.00012265197947258777
quadratic,analytic,0.0001,4.0,1.2602807122398979e-11,12.340089440053909,12.28752135768212,0.004278168138354799,12.302430934118968,0.001213391700640054
quadratic,analytic,0.0001,4.0,1.4118622153745566e-11,12.901866875773473,12.861325044039193,0.003152228218745723,12.8598207692094,-0.00011696110817838168
quadratic,analytic,0.0001,4.0,1.5864097437195873e-11,13.485366311922661,13.428753881991158,0.004215761970842502,13.439699629889514,0.0008150978113490304
quadratic,analytic,0.0001,4.0,1.777216737117983e-11,14.057806155935275,14.003932217331123,0.003847057938303866,14.009416589673439,0.0003916308831835025
quadratic,analytic,0.0001,4.0,1.9969327868991435e-11,14.64816803884496,14.585743482930136,0.0042798336600311515,14.59547120142254,0.0006669333314266446
quadratic,analytic,0.0001,4.0,2.2371158433858767e-11,15.221502735286787,15.154294201887172,0.004434949757755602,15.163983972592128,0.0006394075880979955
quadratic,analytic,0.0001,4.0,2.5136888948014652e-11,15.802290250655215,15.72559703810872,0.004876966665280813,15.740450990258875,0.000944571586958487
quadratic,analytic,0.0001,4.0,2.816025300799223e-11,16.35692781489828,16.298320626183394,0.0035959035325845434,16.290611162990473,-0.0004730219370292499
quadratic,analytic,0.0001,4.0,3.164168519492257e-11,16.909298008704063,16.829508338452598,0.004741057709283014,16.838164784641616,0.0005143612050293456
quadratic,analytic,0.0001,4.0,3.544742002604252e-11,17.42507317220204,17.356585248079966,0.003945933093587595,17.349644870056284,-0.0003998700161628177
quadratic,analytic,0.0001,4.0,3.9829759523747825e-11,17.925539846140534,17.834050825119693,0.00513001908080124,17.846166214032365,0.0006793402705573826
quadratic,analytic,0.0001,4.0,4.462032305413092e-11,18.379687589263668,18.302061063110568,0.004241408980410588,18.29655072022676,-0.00030107772369492025
quadratic,analytic,0.0001,4.0,5.013670207344559e-11,18.80589622166913,18.712975851269825,0.004965558184750085,18.718612635772438,0.0003012233087571481
quadratic,analytic,0.0001,4.0,5.6166943263918415e-11,19.17590912439944,19.085972147346602,0.004712203096520762,19.085193517422866,-4.079592685801714e-05
quadratic,analytic,0.0001,4.0,6.311082278321815e-11,19.503895356849203,19.39449927115156,0.005640572832956048,19.41022740353717,0.0008109584148432436
quadratic,analytic,0.0001,4.0,7.070153911223599e-11,19.76966823042474,19.659452937295683,0.005606223809003996,19.672369952469126,0.0006570383832471549
quadratic,analytic,0.0001,4.0,7.944232044900149e-11,19.980870654211472,19.87892325835616,0.005128416390080881,19.88126199294751,0.00011764895718724411
quadratic,analytic,0.0001,4.0,8.89973237345494e-11,20.122206503044886,20.026596278857944,0.004774162461540055,20.0229822405813,-0.00018046193303755675
quadratic,analytic,0.0001,4.0,1e-10,20.202283769217143,20.100843658876084,0.005046559839107401,20.10262741652067,8.874043671291965e-05
quadratic,analytic,0.0001,4.0,1.1202759842807187e-10,20.215831728007107,20.100843658876084,0.005720559349768672,20.114846864798395,0.0006966476711103287
quadratic,analytic,0.0001,4.0,1.258774912852598e-10,20.160667561283226,20.05131488308072,0.005453641261939257,20.060076226706684,0.00043694608942357327
quadratic,analytic,0.0001,4.0,1.410175304483814e-10,20.040650202361743,19.92802620940239,0.005651537777796367,19.941997679281652,0.0007010965226788013
quadratic,analytic,0.0001,4.0,1.584514281227059e-10,19.85314496853601,19.756694561785977,0.004881910101327991,19.75637637461844,-1.6105283530132297e-05
quadratic,analytic,0.0001,4.0,1.7750932960084987e-10,19.611494773568545,19.51448717495451,0.00497105549043253,19.515607959470284,5.743345985598225e-05
quadratic,analytic,0.0001,4.0,1.9945468262652877e-10,19.303743374920348,19.204051287106008,0.00519120087339453,19.210882563137346,0.0003557205679785014
quadratic,analytic,0.0001,4.0,2.2411312414453987e-10,18.941687770156264,18.85198748840024,0.004758133953314925,18.85245654126627,2.488081780871454e-05
quadratic,analytic,0.0001,4.0,2.510685507412523e-10,18.54006309379769,18.438020169319277,0.005534375358164256,18.45662450500767,0.0010090202482451183
quadratic,analytic,0.0001,4.0,2.821079783141678e-10,18.08766941974611,18.010912414178826,0.00426169445512703,18.008155937074438,-0.00015304483420941484
quadratic,analytic,0.0001,4.0,3.160387930793479e-10,17.6124737287222,17.528711776018927,0.004778557247878901,17.53569404937818,0.0003983335140922417
quadratic,analytic,0.0001,4.0,3.551104458174391e-10,17.092517585623938,17.01738628246818,0.004414973128579636,17.02029651284819,0.00017101512134143348
quadratic,analytic,0.0001,4.0,3.9782170421649636e-10,16.561417306679324,16.48026860164253,0.004923991653188686,16.49405450603115,0.0008365096905793568
quadratic,analytic,0.0001,4.0,4.4700412048689413e-10,15.997945125526128,15.940428807122196,0.0036082039636369245,15.934942041760426,-0.00034420437669269166
quadratic,analytic,0.0001,4.0,5.007679810559902e-10,15.435775420547104,15.361321243445756,0.004846860235613981,15.376828720039759,0.0010095145038790942
quadratic,analytic,0.0001,4.0,5.626775728106399e-10,14.849601748623424,14.785003394475694,0.00436918088039584,14.795351444313471,0.0006999017559674581
quadratic,analytic,0.0001,4.0,6.303541717131253e-10,14.274198498201905,14.212764873844463,0.0043224259954159905,14.224760672471639,0.00084401583602145
quadratic,analytic,0.0001,4.0,7.082844126788245e-10,13.684792069104375,13.62900923193987,0.004092948813460229,13.639154564344391,0.0007443925109937855
quadratic,analytic,0.0001,4.0,7.934740175644607e-10,13.114506714944891,13.069229969893819,0.003464377408261443,13.072095815838074,0.00021928192792208812
quadratic,analytic,0.0001,4.0,8.915706498446408e-10,12.535549691610994,12.50156219166357,0.0027186602303259644,12.49692259340111,-0.0003711214799663187
quadratic,analytic,0.0001,4.0,9.98805187310509e-10,11.981134672793313,11.929085267054614,0.004363235283634692,11.94576192682657,0.0013979831142638677
quadratic,analytic,0.0001,4.0,1.1222867670601262e-09,11.424175982600481,11.38282345254033,0.0036328886442424935,11.391892029808036,0.000796689617959423
quadratic,analytic,0.0001,4.0,1.2572709126135084e-09,10.894418406812424,10.861576294499354,0.003023696692136868,10.865531498990242,0.0003641464538521877
quadratic,analytic,0.0001,4.0,1.4127064274017343e-09,10.366402305333242,10.338660773215302,0.002683281009645988,10.340482264431136,0.00017618251104178917
quadratic,analytic,0.0001,4.0,1.5826210834571754e-09,9.868528092614401,9.840920294207411,0.002805408191675074,9.844797438239318,0.0003939818549481
quadratic,analytic,0.0001,4.0,1.7782794100389156e-09,9.374809044504655,9.355595333113557,0.0020537133882962966,9.353254583595472,-0.00025019781582469314
quadratic,analytic,0.0001,4.0,1.9921637164074817e-09,8.911044762125558,8.883240672876077,0.003129948886151146,8.891641896770462,0.0009457386334288387
quadratic,analytic,0.0001,4.0,2.238453509399305e-09,8.453417387259451,8.434734727456172,0.0022149670863345072,8.436035211644791,0.000154181990381419
quadratic,analytic,0.0001,4.0,2.507685708508935e-09,8.025929449068931,7.999000322270364,0.003366561534394741,8.009966686880292,0.0013709668918746587
quadratic,analytic,0.0001,4.0,2.8177091212187017e-09,7.6054100630433785,7.585775750291844,0.0025883065091634183,7.591017785389953,0.0006910348091830887
quadratic,analytic,0.0001,4.0,3.1566118591900404e-09,7.212844948532407,7.193898164187459,0.0026337298516774243,7.200543470746532,0.000923742094676161
quadratic,analytic,0.0001,4.0,3.546861553506056e-09,6.828647248062991,6.813854524193481,0.002170977354592152,6.817742553297289,0.0005706064152093404
quadratic,analytic,0.0001,4.0,3.973463817961435e-09,6.472200856304421,6.453888061413226,0.0028374825712711438,6.461913546627626,0.001243511684434484
quadratic,analytic,0.0001,4.0,4.464700342914815e-09,6.123179044032264,6.112938126483176,0.0016752856543273964,6.113909586691295,0.00015891870456052892
quadratic,analytic,0.0001,4.0,5.016668092437915e-09,5.79115935941277,5.782862380191617,0.0014347530125520258,5.782833803211816,-4.941666932656297e-06
quadratic,analytic,0.0001,4.0,5.6200527850655604e-09,5.483218656301682,5.4706094870086135,0.0023048929599183143,5.476021239528639,0.0009892412413785578
quadratic,analytic,0.0001,4.0,6.3148559408689445e-09,5.1831838653322615,5.175217079669969,0.0015394109154547309,5.176769793294528,0.00030002869457557146
quadratic,analytic,0.0001,4.0,7.074381454747871e-09,4.905879937858055,4.895774755136648,0.002064062018132029,4.89986962916518,0.000836409809139127
quadratic,analytic,0.0001,4.0,7.948982236643984e-09,4.635511259364937,4.63142126872131,0.000883096226043989,4.630158480407752,-0.00027265675918675125
quadratic,analytic,0.0001,4.0,8.905053899186286e-09,4.3851987701016135,4.375940704959726,0.002115674266654155,4.380893608432622,0.0011318488541862681
quadratic,analytic,0.0001,4.0,1.0005979422198378e-08,4.142188593041492,4.139656308809922,0.0006117136406182944,4.138361708668368,-0.00031273131027775847
quadratic,analytic,0.0001,4.0,1.1209458445895926e-08,3.9182516149950866,3.9113027071419895,0.00177662236175391,3.9144312963200205,0.0007998841849592431
quadratic,analytic,0.0001,4.0,1.2595275875182702e-08,3.7001417511699213,3.6955456505746107,0.0012436865972946798,3.6967364200505193,0.0003222174987131954
quadratic,analytic,0.0001,4.0,1.4110185078357489e-08,3.4987603387924153,3.4916902827652083,0.0020248233533497473,3.4958921246346097,0.0012033833270210792
quadratic,analytic,0.0001,4.0,1.5854617292137533e-08,3.3033329885228566,3.2990800773523845,0.0012891203216520708,3.3007739324783825,0.0005134325588596056
quadratic,analytic,0.0001,4.0,1.7761546992343476e-08,3.123293056781882,3.1170947235801285,0.0019884969022161414,3.1208687000547,0.001210735254858486
quadratic,analytic,0.0001,4.0,1.995739450022159e-08,2.948320596110596,2.9451481285560908,0.0010771843778398793,2.9461877892557315,0.00035300794875481323
quadratic,analytic,0.0001,4.0,2.2357789767414388e-08,2.7868458273849295,2.7826865297102925,0.0014947057924883378,2.7852048084198615,0.0009049810974688377
quadratic,analytic,0.0001,4.0,2.5121867522781557e-08,2.6304365853383938,2.6291867113751684,0.0004753842539282349,2.628964589174441,-8.448323573451155e-05
quadratic,analytic,0.0001,4.0,2.814342486605398e-08,2.48657152819077,2.4810919356646024,0.002208540702341777,2.485032221423784,0.0015881256565071222
quadratic,analytic,0.0001,4.0,3.1622776601683666e-08,2.3467485339848597,2.344228815319923,0.0010748603756041142,2.345388806663177,0.0004948285490193882
quadratic,analytic,0.0001,4.0,3.542623718314044e-08,2.2179070196392257,2.2149154005872034,0.0013506696694731701,2.216785856754046,0.0008444819907553747
quadratic,analytic,0.0001,4.0,3.980595786094185e-08,2.093055595391647,2.09015537572907,0.0013875617555780817,2.0920498115638186,0.0009063612479469629
quadratic,analytic,0.0001,4.0,4.459365862290289e-08,1.9781565187417807,1.9748572754791656,0.0016706236463668311,1.9772043408797477,0.0011884734303204691
quadratic,analytic,0.0001,4.0,5.010674113742106e-08,1.8666600960607138,1.8659193014072475,0.00039701323251639664,1.865837088843808,-4.406008522306326e-05
quadratic,analytic,0.0001,4.0,5.613337874682354e-08,1.763927095622306,1.7608172562613629,0.0017661340777328505,1.7633210808392177,0.0014219673103221808
quadratic,analytic,0.0001,4.0,6.307310870858448e-08,1.6644799674489208,1.6636862549532059,0.000477080635457483,1.6639279667384534,0.00014528687997983347
quadratic,analytic,0.0001,4.0,7.065928894015424e-08,1.5730607788525008,1.5699754349060537,0.0019652179759308552,1.5724494810084817,0.0015758501995770668
quadratic,analytic,0.0001,4.0,7.939484691799135e-08,1.4843053277214646,1.4833717368338255,0.0006293708208515714,1.4837708948997013,0.00026908835861183533
quadratic,analytic,0.0001,4.0,8.894414027786991e-08,1.402594695176505,1.3998175321395177,0.0019839464596094203,1.402164849743218,0.0016768739852204284
quadratic,analytic,0.0001,4.0,9.994024151013948e-08,1.3234545819629875,1.322600161590738,0.0006460156266894224,1.3230663818818988,0.0003525028233779537
quadratic,analytic,0.0001,4.0,1.122957829700926e-07,1.2487770023779445,1.248101772625775,0.0005410053626868638,1.2484244561138949,0.0002585394037546429
quadratic,analytic,0.0001,4.0,1.2580226879739443e-07,1.1800593735153844,1.1792534157173336,0.0006834474993320239,1.1797470252059603,0.00041857795962063626
quadratic,analytic,0.0001,4.0,1.4135511442189168e-07,1.1134512766446034,1.1128293503015951,0.0005588694644329539,1.1131902200723844,0.00032428132012474187
quadratic,analytic,0.0001,4.0,1.5835673994209863e-07,1.0521474251522547,1.051442952198365,0.000670005873753432,1.0519575831632155,0.0004894521036775679
quadratic,analytic,0.0001,4.0,1.779342718376846e-07,0.9927979167257551,0.9922180947530652,0.0005843694806173527,0.9926209907957574,0.00040605593147580166
quadratic,analytic,0.0001,4.0,1.9933549152023508e-07,0.9382479965093102,0.9374849095138081,0.0008139725639935147,0.9380356950943524,0.0005875140761784081
quadratic,analytic,0.0001,4.0,2.2397919752597368e-07,0.8853286329573079,0.8846789916967854,0.0007343242765112112,0.885145059478226,0.0005268213508118347
quadratic,analytic,0.0001,4.0,2.509185159668157e-07,0.836633247425823,0.8358779273079426,0.0009036249112510664,0.8364936176462148,0.0007365792517755043
quadratic,analytic,0.0001,4.0,2.819393948465512e-07,0.7894826698488473,0.788795248230604,0.000871482960610237,0.7893565412590358,0.0007115826695087701
quadratic,analytic,0.0001,4.0,3.158499330692303e-07,0.7461301282242963,0.745283366452236,0.0011361608351614372,0.7460011796579048,0.0009631413204427286
quadratic,analytic,0.0001,4.0,3.548982371776846e-07,0.7041087284841565,0.7041717068609854,-8.943610800504764e-05,0.703998987406102,-0.0002452803104704415
quadratic,analytic,0.0001,4.0,3.975839719737225e-07,0.6654116271043448,0.6645076729077796,0.00136033673262137,0.6653700465907857,0.001297763318868217
quadratic,analytic,0.0001,4.0,4.467369975748768e-07,0.6279857572754837,0.6278517988146743,0.0002133600016154258,0.627950322927726,0.0001569225623589965
quadratic,analytic,0.0001,4.0,5.004687296728092e-07,0.5936278851416853,0.5932179526985362,0.0006910317553343592,0.593539311270097,0.0005417209140399226
quadratic,analytic,0.0001,4.0,5.623413251903514e-07,0.5602880714498392,0.5598036351560526,0.0008653682530153084,0.560209099449803,0.000724297357657111
quadratic,analytic,0.0001,4.0,6.299774815793368e-07,0.5296062684249324,0.5289234927532557,0.00129087794554672,0.5295623799160866,0.0012079008998167051
quadratic,analytic,0.0001,4.0,7.07861152609896e-07,0.49991974012452045,0.4997467747924091,0.00034610594972472875,0.49988201551665845,0.0002706185033520825
quadratic,analytic,0.0001,4.0,7.929998494741353e-07,0.4726470076612743,0.4721795162006957,0.0009900714548995992,0.4725950929430766,0.0008801244614013992
quadratic,analytic,0.0001,4.0,8.910378606882558e-07,0.4462177858825459,0.44613293524932945,0.00019019136789144575,0.4461726339217682,8.898395366530032e-05
quadratic,analytic,0.0001,4.0,9.982083164139237e-07,0.42190999729565026,0.42152314762757476,0.0009177424069182205,0.4218850030334381,0.0008584472950061706
quadratic,analytic,0.0001,4.0,1.1216161054362337e-06,0.3983962767278191,0.39827089628914586,0.0003148119529732263,0.398371213402906,0.0002518816079579711
quadratic,analytic,0.0001,4.0,1.256519586502683e-06,0.37675827036948245,0.3763012962009477,0.0012143837216300746,0.37676172445663353,0.0012235627682768424
quadratic,analytic,0.0001,4.0,1.4118622153745565e-06,0.3558392092738289,0.3555435931720936,0.0008314482595448425,0.3558455666049438,0.0008493288548840905
quadratic,analytic,0.0001,4.0,1.5816753329974905e-06,0.33664823101305563,0.33634557179068403,0.0008998460148004206,0.33662826460199297,0.0008404832262363104
quadratic,analytic,0.0001,4.0,1.7772167371179976e-06,0.31804292702547,0.31779192458088856,0.0007898326708977166,0.3180328551913609,0.0007581394989506496
quadratic,analytic,0.0001,4.0,1.990973229455032e-06,0.3009745383441969,0.30063235180245246,0.0011382226154066366,0.3009532491789422,0.0010674079970627304
quadratic,analytic,0.0001,4.0,2.237115843385872e-06,0.2844510381918901,0.284399331636474,0.0001818096938503988,0.2844322346548891,0.00011569302299596629
quadratic,analytic,0.0001,4.0,2.5136888948014443e-06,0.268887044475032,0.26904283371478915,-0.0005790499512888792,0.2688767148026513,-0.0006174441067401393
quadratic,analytic,0.0001,4.0,2.8160253007992053e-06,0.25461277372773544,0.25451552912158953,0.0003820772998863742,0.25459826452546785,0.0003250701604096129
quadratic,analytic,0.0001,4.0,3.164168519492257e-06,0.2408077459660388,0.24077264452512323,0.00014578666519526884,0.2407965796170654,9.940951551778987e-05
quadratic,analytic,0.0001,4.0,3.5447420026042596e-06,0.228145775305154,0.2280529604056247,0.0004069883564072896,0.22813500344538049,0.0003597543290376759
quadratic,analytic,0.0001,4.0,3.982975952374782e-06,0.21591077852270735,0.21600523951691167,-0.000437308809802861,0.21590378613885397,-0.00046968017203929957
quadratic,analytic,0.0001,4.0,4.4620323054130925e-06,0.2046998012223357,0.20459398297557718,0.0005172109424700366,0.204690712382713,0.0004727871549738971
quadratic,analytic,0.0001,4.0,5.013670207344591e-06,0.1938634713399785,0.19378556725487914,0.0004020118020291452,0.193867136011237,0.0004209227627907097
quadratic,analytic,0.0001,4.0,5.616694326391887e-06,0.18395214890800032,0.18377469653875128,0.0009655974004649792,0.1839530926994143,0.0009707329900305872
quadratic,analytic,0.0001,4.0,6.311082278321828e-06,0.1743859473502105,0.1742809826672464,0.000602272728542852,0.17439264090461848,0.0006406794112772118
quadratic,analytic,0.0001,4.0,7.070153911223586e-06,0.1656399568458395,0.16548170999431822,0.0009562800114084613,0.16564498868969346,0.0009866872621804301
quadratic,analytic,0.0001,4.0,7.944232044900083e-06,0.15722252860633756,0.15712670380639351,0.000609856871064629,0.15721943422979975,0.0005901633596316902
quadratic,analytic,0.0001,4.0,8.899732373454886e-06,0.14952019602318545,0.14937768144549388,0.0009540553602953583,0.149520486600145,0.000956000610460972
quadratic,analytic,0.0001,4.0,1e-05,0.14211871102150989,0.14201081785261452,0.0007597531689969017,0.14211604573962405,0.0007409850080488667
quadratic,NRG,0.0001,4.0,1.6911928988866057e-12,4.960508084864515,5.1307230359691545,-0.03317562649773531,4.954409204025021,-0.0343643246201516
quadratic,NRG,0.0001,4.0,2.3146534695769898e-12,5.771549727119068,6.219421634147758,-0.0720118257571809,5.763414059977915,-0.07331993246222956
quadratic,NRG,0.0001,4.0,2.9486699793633036e-12,6.478384733409259,7.062013955104617,-0.08264345346889257,6.467910651764566,-0.08412661134868149
quadratic,NRG,0.0001,4.0,3.711711796304114e-12,7.220136778950055,7.842676218395017,-0.0793784445652358,7.207173898977629,-0.08103130892064814
quadratic,NRG,0.0001,4.0,4.6722096929266705e-12,8.033136308216802,8.645412392837562,-0.070820922912597,8.017248471148031,-0.07265864173349834
quadratic,NRG,0.0001,4.0,5.881260349042832e-12,8.919854622016842,9.565645581615819,-0.06751148723721478,8.899577156966057,-0.06963130914340754
quadratic,NRG,0.0001,4.0,7.40318298332986e-12,9.877326094272004,10.623068942296111,-0.07020032083712713,9.853365190017378,-0.07245587470623782
quadratic,NRG,0.0001,4.0,9.318941014672804e-12,10.90432846190919,11.681537298613256,-0.0665330955024499,10.874678995168637,-0.06907124317793367
quadratic,NRG,0.0001,4.0,1.1730449163623306e-11,11.990736699938457,12.719331481309785,-0.05728247451070445,11.955394902821894,-0.060061063713171214
quadratic,NRG,0.0001,4.0,1.4765995123661756e-11,13.125710171810619,13.781158075623898,-0.04756116287299794,13.082068539925356,-0.05072792372471879
quadratic,NRG,0.0001,4.0,1.8642700672173762e-11,14.30144647466436,14.894835606261791,-0.039838582128960964,14.249899631820991,-0.04329930128061765
quadratic,NRG,0.0001,4.0,2.3466963913952594e-11,15.460109983078471,16.01927500885632,-0.03490576355476205,15.401609872730145,-0.03855762110237171
quadratic,NRG,0.0001,4.0,2.9539625455700616e-11,16.585905263165802,17.12266770683966,-0.03134806169598492,16.517653940771545,-0.03533408324138898
quadratic,NRG,0.0001,4.0,3.718373945869792e-11,17.63414806454266,18.1223404843724,-0.02693870696507039,17.55716491022293,-0.031186676722956608
quadratic,NRG,0.0001,4.0,4.680595839665637e-11,18.560456546150178,18.898553804228108,-0.01789011273456753,18.474959054323215,-0.02241413572133355
quadratic,NRG,0.0001,4.0,5.891816620173344e-11,19.31685168320058,19.466403190199816,-0.007682544409361114,19.22510398264058,-0.0123956750099945
quadratic,NRG,0.0001,4.0,7.416470952602189e-11,19.862952442424277,19.805495595589196,0.002901055747773107,19.765650017568724,-0.0020118445321481992
quadratic,NRG,0.0001,4.0,9.335667577035682e-11,20.16492999144227,19.97725044970406,0.009394663305179352,20.06382045215554,0.004333429300965808
quadratic,NRG,0.0001,4.0,1.1751504140703818e-10,20.200518894403352,19.952623149688808,0.012424218252145458,20.100598858629372,0.007416353620795624
quadratic,NRG,0.0001,4.0,1.479249860060145e-10,19.97210230819356,19.659452937295683,0.015903258951054156,19.873593117000354,0.01089247907292612
quadratic,NRG,0.0001,4.0,1.8620426136844267e-10,19.490678743585995,19.062443586029396,0.022464861633502586,19.397405928786753,0.01757184703239445
quadratic,NRG,0.0001,4.0,2.3438925287684377e-10,18.789383323546364,18.234457926350288,0.030432788264803,18.701408581772853,0.02560814570461023
quadratic,NRG,0.0001,4.0,2.950433113636345e-10,17.903235032343407,17.378008287493763,0.030223644514407733,17.825526022192758,0.0257519577212455
quadratic,NRG,0.0001,4.0,3.7139311854950244e-10,16.885699927297722,16.459952266308658,0.025865668022653665,16.81509774414679,0.021576337044735494
quadratic,NRG,0.0001,4.0,4.675003404362006e-10,15.776911793057169,15.342384309764846,0.02832203095158836,15.715930083337096,0.024347309129422845
quadratic,NRG,0.0001,4.0,5.884777002911407e-10,14.623496448381964,14.090570312404582,0.03782147380565726,14.570361678710233,0.03405052852142321
quadratic,NRG,0.0001,4.0,7.407609658996778e-10,13.458382576331108,12.909007619489605,0.04255748954800165,13.414718811217414,0.03917506338475629
quadratic,NRG,0.0001,4.0,9.324513202949731e-10,12.315649237266795,11.797383960123046,0.04393052552121435,12.278135382052284,0.04075068028253126
quadratic,NRG,0.0001,4.0,1.1737463294435994e-09,11.21327735926502,10.754918974816889,0.042618487923655746,11.182460881274586,0.039753149926913034
quadratic,NRG,0.0001,4.0,1.4774824335564114e-09,10.168271175498134,9.780411842870329,0.039656748494752314,10.142889837280613,0.03706162892051634
quadratic,NRG,0.0001,4.0,1.8598178215412233e-09,9.189310743961592,8.85042825180435,0.03828995417121783,9.168971645880701,0.035991862202985336
quadratic,NRG,0.0001,4.0,2.341092016232262e-09,8.282585865118255,7.959629577169073,0.04057428612953684,8.265741261849737,0.03845803145898863
quadratic,NRG,0.0001,4.0,2.9469078987126777e-09,7.448446608004348,7.12325630931697,0.04565191600111884,7.434803508092287,0.043736626234805565
quadratic,NRG,0.0001,4.0,3.709493733386683e-09,6.685967504342423,6.374766558705923,0.04881762222516173,6.675281814690981,0.047141374231916
quadratic,NRG,0.0001,4.0,4.669417650971099e-09,5.9932888552596895,5.72607646028088,0.046665879652906694,5.984597688710085,0.045148057351739324
quadratic,NRG,0.0001,4.0,5.877745796673479e-09,5.366041388736145,5.149744877609892,0.04200140322808377,5.359081340674011,0.04064987063228598
quadratic,NRG,0.0001,4.0,7.398758952977412e-09,4.800134526041362,4.614313982042266,0.040270459427395267,4.794431697396347,0.03903455986199744
quadratic,NRG,0.0001,4.0,9.341249766830363e-09,4.284383405961705,4.129456134495428,0.03751759709277236,4.279798179641981,0.03640722658140616
quadratic,NRG,0.0001,4.0,1.1758530861176239e-08,3.8268967282909934,3.6864397714844093,0.038100976962395006,3.82366701908458,0.037224871720856534
quadratic,NRG,0.0001,4.0,1.4801343660051734e-08,3.41742950374765,3.2868941185752116,0.039713900254573,3.4145252892319933,0.038830326153647565
quadratic,NRG,0.0001,4.0,1.8631560075782856e-08,3.0501722866495906,2.9342695039559734,0.03949970598725083,3.04801339208898,0.03876395401978505
quadratic,NRG,0.0001,4.0,2.3452940410701698e-08,2.7218811237011624,2.6227083564681912,0.037813112917564284,2.7200327661234507,0.03710836144447227
quadratic,NRG,0.0001,4.0,2.9521973021618077e-08,2.4279836695849983,2.3471222707771933,0.034451293745779044,2.4267775006479853,0.03393740107302379
quadratic,NRG,0.0001,4.0,3.7161519017523816e-08,2.165917455036997,2.097904498861026,0.032419472007851446,2.1647459547124943,0.03186105749225354
quadratic,NRG,0.0001,4.0,4.6777987862754074e-08,1.9315730351703067,1.8659193014072475,0.03518573054769525,1.930738982564719,0.03473873768741531
quadratic,NRG,0.0001,4.0,5.888295759535779e-08,1.7225800203621855,1.6554976607747676,0.040520963077666616,1.7218495307343575,0.04007971230145846
quadratic,NRG,0.0001,4.0,7.412038981560031e-08,1.5358768789243267,1.472433583297643,0.043087373411163865,1.5354469877807735,0.042795413795172044
quadratic,NRG,0.0001,4.0,9.330088723073247e-08,1.3696266977777283,1.311229077347777,0.04453655081236607,1.3691586443797203,0.04417959304953589
quadratic,NRG,0.0001,4.0,1.1744481619293604e-07,1.2211633353690745,1.1691147583034471,0.04451964761881655,1.2208498761984734,0.04425153093619416
quadratic,NRG,0.0001,4.0,1.4783658826825154e-07,1.0888922873844353,1.0411181076233396,0.045887377629186155,1.0886041264450568,0.04561059737028117
quadratic,NRG,0.0001,4.0,1.8609298851379296e-07,0.9708375651868517,0.9282790976702607,0.04584662912630666,0.9707033847635815,0.04570208162587597
quadratic,NRG,0.0001,4.0,2.342491853989311e-07,0.865798020171693,0.8286914482765038,0.044777307612336115,0.8656095925038053,0.044549927845983106
quadratic,NRG,0.0001,4.0,2.9486699793632976e-07,0.7720567122449988,0.7407008740670625,0.04233265988436963,0.7719472198553645,0.04218483720254529
quadratic,NRG,0.0001,4.0,3.711711796304137e-07,0.6886066105719101,0.662053151368651,0.0401077453500005,0.6884871345905135,0.03992728252590605
quadratic,NRG,0.0001,4.0,4.6722096929266703e-07,0.6141616114825569,0.5881177481843786,0.04428341667732405,0.6141317981307641,0.04423272384942556
quadratic,NRG,0.0001,4.0,5.881260349042809e-07,0.5479667109666232,0.5230839909219789,0.04756926320911958,0.5479017699597697,0.04744511296177767
quadratic,NRG,0.0001,4.0,7.40318298332986e-07,0.488968335883998,0.46754285939864076,0.045825695023799407,0.4889234671361049,0.04572972789053842
quadratic,NRG,0.0001,4.0,9.318941014672805e-07,0.4364495726163872,0.4199661488339181,0.03924941052567488,0.43641810543986104,0.03917448263776402
quadratic,NRG,0.0001,4.0,1.173044916362338e-06,0.38972897369072673,0.37769641022588296,0.03185776496432058,0.3896917379809886,0.03175917861631716
quadratic,NRG,0.0001,4.0,1.4765995123661756e-06,0.3481285863984188,0.33884415613920255,0.027400296245339684,0.3481263026900495,0.027393556544129227
quadratic,NRG,0.0001,4.0,1.85870642249691e-06,0.31116508884029037,0.3024922732783205,0.02867119701265919,0.3111715897303741,0.02869268810733505
quadratic,NRG,0.0001,4.0,2.3396930149971307e-06,0.2783440370185901,0.26904283371478915,0.03457145903265757,0.27833804191034967,0.03454917593313156
quadratic,NRG,0.0001,4.0,2.945146871054827e-06,0.24920066309348887,0.23870259637012928,0.04397969223209208,0.24919030450164023,0.04393629684383016
quadratic,NRG,0.0001,4.0,3.7072769959501716e-06,0.22334911894987888,0.21283140610803514,0.04941804893449264,0.22334144468611056,0.0493819909865203
quadratic,NRG,0.0001,4.0,4.680595839665666e-06,0.20016277460647078,0.19164610627353862,0.0444395584055135,0.20016849688574306,0.04446941697860707
quadratic,NRG,0.0001,4.0,5.891816620173344e-06,0.17996370206687332,0.1738515517506934,0.035157295144220946,0.17995743275923481,0.035121233874848556
quadratic,NRG,0.0001,4.0,7.416470952602144e-06,0.16212146707295036,0.15751482265693614,0.029245783592363184,0.16212233669761072,0.029251304499193997
quadratic,NRG,0.0001,4.0,9.335667577035663e-06,0.14642232885996606,0.14253731426832966,0.027256123153287293,0.14642332898418917,0.027263139731565245
quadratic,analytic,0.0001,8.0,1.1222867670601263e-14,1.5611229780457552,1.5603221932006688,0.0005132176217039763,1.560547785570372,0.00014458063256816978
quadratic,analytic,0.0001,8.0,1.2572709126135085e-14,1.652134937680785,1.651418490076174,0.0004338377031118945,1.651431081834505,7.6248137022005835e-06
quadratic,analytic,0.0001,8.0,1.4127064274017344e-14,1.7509736550509758,1.749990593502322,0.0005617524758727566,1.7501725947533937,0.00010400127391974046
quadratic,analytic,0.0001,8.0,1.5826210834571755e-14,1.8528193791471457,1.8521603013547883,0.00035584273773459074,1.852012126600987,-8.000104186056678e-05
quadratic,analytic,0.0001,8.0,1.7782794100389154e-14,1.9635414197973697,1.9627145538862112,0.0004212868904045486,1.9626403781653923,-3.779241391577148e-05
quadratic,analytic,0.0001,8.0,1.9921637164074817e-14,2.0779584615862503,2.0773037255725653,0.00031518550013887037,2.0767201496573113,-0.0002809295088002095
quadratic,analytic,0.0001,8.0,2.238453509399305e-14,2.2020205691979258,2.201296643730586,0.00032886320405833835,2.200621254495224,-0.0003068142757067793
quadratic,analytic,0.0001,8.0,2.5151919355192038e-14,2.3333828230888005,2.3298149545270186,0.0015313956822404773,2.331819122625184,0.0008602263000636601
quadratic,analytic,0.0001,8.0,2.817709121218702e-14,2.468498533682017,2.4658365503791115,0.0010795457235379669,2.4670638154211257,0.0004977073771679219
quadratic,analytic,0.0001,8.0,3.166060509440756e-14,2.615503849499003,2.613020741991693,0.0009502823561275964,2.613895341892674,0.00033470836527471626
quadratic,analytic,0.0001,8.0,3.546861553506056e-14,2.767187714864704,2.7655767424713478,0.000582508656735703,2.7652100421765295,-0.00013259451064462358
quadratic,analytic,0.0001,8.0,3.9853575418573385e-14,2.9316447814065123,2.927039420540019,0.0015733853238109052,2.9294324456933123,0.0008175582250449231
quadratic,analytic,0.0001,8.0,4.464700342914815e-14,3.1009097351288477,3.097928774791188,0.0009622430192446352,3.09860449378712,0.00021811960346873605
quadratic,analytic,0.0001,8.0,5.0166680924379157e-14,3.284743479713476,3.278795162898288,0.00181417762307845,3.2821289631883284,0.0010167760181436503
quadratic,analytic,0.0001,8.0,5.62005278506556e-14,3.4744036654382295,3.4702210740690194,0.0012052809547105081,3.4710941879034247,0.000251601790136613
quadratic,analytic,0.0001,8.0,6.314855940868918e-14,3.679643935379743,3.672823004980846,0.0018571356119385651,3.6759807369730475,0.0008597561025727174
quadratic,analytic,0.0001,8.0,7.074381454747871e-14,3.8904372778657246,3.8872534452392133,0.0008190442612920901,3.8868141445719084,-0.00011301055449397523
quadratic,analytic,0.0001,8.0,7.948982236643983e-14,4.119344421038616,4.114202978752843,0.0012496812413791414,4.115256695809031,0.00025611693483051923
quadratic,analytic,0.0001,8.0,8.905053899186286e-14,4.354974262971349,4.349034543006975,0.0013657559869062474,4.35015164501243,0.00025686206775499265
quadratic,analytic,0.0001,8.0,1.0005979422198376e-13,4.609819968325768,4.602944244207158,0.0014937665445899917,4.604448917359872,0.0003268936300080405
quadratic,analytic,0.0001,8.0,1.1209458445895949e-13,4.871506577738879,4.865672311495999,0.0011990668235293267,4.865679784551136,1.5358730836023682e-06
quadratic,analytic,0.0001,8.0,1.25952758751827e-13,5.154787237035415,5.143396440800623,0.002214644810272448,5.14818607709716,0.0009312205177385291
quadratic,analytic,0.0001,8.0,1.4110185078357491e-13,5.445823156992188,5.43697258130949,0.0016278499753932252,5.438047820882092,0.00019776439121610423
quadratic,analytic,0.0001,8.0,1.5854617292137532e-13,5.7596707132342,5.747305538304916,0.0021514733898992944,5.7510960027434885,0.000659520259243207
quadratic,analytic,0.0001,8.0,1.7761546992343475e-13,6.080823033047851,6.075351761784064,0.0009005686383796174,6.071812180225404,-0.0005826134349824486
quadratic,analytic,0.0001,8.0,1.9957394500221713e-13,6.427740736487601,6.414205312236931,0.0021102262231684765,6.417599205070708,0.000529121328140425
quadratic,analytic,0.0001,8.0,2.2357789767414385e-13,6.782724997589824,6.771958464417675,0.001589869936255539,6.771188025673402,-0.00011376897072257197
quadratic,analytic,0.0001,8.0,2.51218675227814e-13,7.164410578650278,7.149665346119835,0.00206236681251748,7.151611333941348,0.00027217886814367986
quadratic,analytic,0.0001,8.0,2.814342486605375e-13,7.553948819327734,7.539133411047339,0.001965134117229539,7.539697615315046,7.483675337027762e-05
quadratic,analytic,0.0001,8.0,3.1622776601683666e-13,7.972148824950636,7.9498172065377695,0.0028090731940981772,7.956129383671691,0.0007940028015651635
quadratic,analytic,0.0001,8.0,3.5426237183140444e-13,8.39757057254048,8.382872429973895,0.0017533539594412062,8.379689484636643,-0.00037969626328460127
quadratic,analytic,0.0001,8.0,3.9805957860941525e-13,8.852323857057332,8.828620665813649,0.0026848125138581036,8.832675765855303,0.00045931297709467245
quadratic,analytic,0.0001,8.0,4.4593658622903256e-13,9.313114264543728,9.298070978884569,0.0016178931837926847,9.291703890834121,-0.000684775160880946
quadratic,analytic,0.0001,8.0,5.010674113742105e-13,9.804434545391414,9.780411842870329,0.0024562056186414605,9.78057877880708,1.7068395424590932e-05
quadratic,analytic,0.0001,8.0,5.630140214875839e-13,10.31337388614868,10.27509188599904,0.0037257087892133,10.286860834534435,0.00114538620831528
quadratic,analytic,0.0001,8.0,6.307310870858487e-13,10.825068565381695,10.794792178683828,0.002804721591366466,10.796081555239468,0.00011944431484156581
quadratic,analytic,0.0001,8.0,7.08707925832824e-13,11.365760717848651,11.326797671489249,0.0034398995629167928,11.333897477106978,0.0006268149059993622
quadratic,analytic,0.0001,8.0,7.939484691799101e-13,11.907217211668124,11.8703708081949,0.003104065076702245,11.871299502068052,7.823629844061486e-05
quadratic,analytic,0.0001,8.0,8.921037575781548e-13,12.474277752324594,12.424694363767758,0.003990712938696461,12.434722054572253,0.0008070774629063138
quadratic,analytic,0.0001,8.0,9.99402415101395e-13,13.034968393875504,12.988871747084927,0.003548933863399162,12.99309400568064,0.00032506738675430746
quadratic,analytic,0.0001,8.0,1.1229578297009167e-12,13.618610890458351,13.561927818408742,0.004179573347431242,13.573114715193462,0.000824875116171464
quadratic,analytic,0.0001,8.0,1.2580226879739342e-12,14.192192612741316,14.142810239454116,0.0034916945395646604,14.142000770433174,-5.7235373114417065e-05
quadratic,analytic,0.0001,8.0,1.4135511442189197e-12,14.780595473509477,14.712232226015418,0.004646694427047793,14.726076762435461,0.0009410221513199701
quadratic,analytic,0.0001,8.0,1.5835673994209865e-12,15.349528029145205,15.28571346263208,0.004174784949955379,15.291440222790264,0.00037464788098917623
quadratic,analytic,0.0001,8.0,1.7793427183768607e-12,15.92581871315997,15.861970683095958,0.004025226835909779,15.863299971703682,8.380349669545595e-05
quadratic,analytic,0.0001,8.0,1.993354915202367e-12,16.476108675238322,16.39915340872153,0.0046926365403634485,16.40752638418535,0.000510573640915224
quadratic,analytic,0.0001,8.0,2.239791975259737e-12,17.020538904346907,16.933627418782187,0.005132478908111526,16.947418355818822,0.0008144112714643104
quadratic,analytic,0.0001,8.0,2.509185159668157e-12,17.52498762075712,17.4424361896352,0.004732792496668248,17.449840993781212,0.000424528091460763
quadratic,analytic,0.0001,8.0,2.8193939484655234e-12,18.014787166881785,17.922263456417664,0.00516250141557828,17.93540234906081,0.0007331045364384892
quadratic,analytic,0.0001,8.0,3.1584993306923035e-12,18.458329169707227,18.369914834362895,0.004812996475026754,18.37349522566899,0.0001949051663210355
quadratic,analytic,0.0001,8.0,3.5489823717768167e-12,18.869935472179055,18.782353063950058,0.0046630157537128625,18.78134058761,-5.390572398522586e-05
quadratic,analytic,0.0001,8.0,3.975839719737192e-12,19.223770054342175,19.133116428947794,0.004738048071312839,19.132607368719746,-2.6606236884552104e-05
quadratic,analytic,0.0001,8.0,4.467369975748768e-12,19.534893650285003,19.44240564595368,0.004757024722944703,19.440575054939465,-9.41545530707133e-05
quadratic,analytic,0.0001,8.0,5.004687296728102e-12,19.783001564436482,19.68371838059054,0.005043924218294027,19.68496772931991,6.347117476557251e-05
quadratic,analytic,0.0001,8.0,5.6234132519034904e-12,19.974266743703033,19.87892325835616,0.004796209739720059,19.87473670952239,-0.0002106023942725077
quadratic,analytic,0.0001,8.0,6.2997748157934195e-12,20.096019771263414,20.001908146920776,0.004705132312945226,19.997214308764853,-0.00023466951860018348
quadratic,analytic,0.0001,8.0,7.0786115260989615e-12,20.156454463833366,20.05131488308072,0.005243525492752754,20.056795414215266,0.00027332527400325546
quadratic,analytic,0.0001,8.0,7.929998494741352e-12,20.150199132951133,20.05131488308072,0.004931559373886785,20.04947496362316,-9.176053881199131e-05
quadratic,analytic,0.0001,8.0,8.910378606882613e-12,20.07476802423932,19.97725044970406,0.004881431245044254,19.97499200819796,-0.00011305066789757401
quadratic,analytic,0.0001,8.0,9.982083164139237e-12,19.93677708487535,19.82994129770686,0.005387599769689944,19.838351231709314,0.00042410281887361734
quadratic,analytic,0.0001,8.0,1.1216161054362268e-11,19.73134742308884,19.635217407644518,0.00489579582688493,19.63464148630028,-2.9331039849589402e-05
quadratic,analytic,0.0001,8.0,1.2602807122398979e-11,19.464323454515004,19.370590367701652,0.004838938051658026,19.369927661404837,-3.421198240405321e-05
quadratic,analytic,0.0001,8.0,1.4118622153745566e-11,19.1474814778574,19.038944029951885,0.0057008123840673885,19.057311153621082,0.0009647133601686786
quadratic,analytic,0.0001,8.0,1.5864097437195873e-11,18.771323016688207,18.6899071075692,0.0043561430589471595,18.685128238764214,-0.0002556924856546017
quadratic,analytic,0.0001,8.0,1.777216737117983e-11,18.360781101771895,18.279498881701596,0.0044466328424170865,18.277602264436865,-0.00010375652401661828
quadratic,analytic,0.0001,8.0,1.9969327868991435e-11,17.898262719720403,17.81206559140281,0.00483925504738747,17.81896042668854,0.00038708791242370033
quadratic,analytic,0.0001,8.0,2.2371158433858767e-11,17.413046331438366,17.33518861828745,0.004491310412900962,17.3383904987922,0.00018470410534643378
quadratic,analytic,0.0001,8.0,2.5136888948014652e-11,16.886589064349867,16.80876147181028,0.004630180080198665,16.816502000227477,0.00046050557800936254
quadratic,analytic,0.0001,8.0,2.816025300799223e-11,16.352436923142985,16.27822859035412,0.004558747432311883,16.285660524315556,0.00045655667753918827
quadratic,analytic,0.0001,8.0,3.164168519492257e-11,15.78583261827344,15.72559703810872,0.0038304161055855435,15.723505333992422,-0.00013301269969134832
quadratic,analytic,0.0001,8.0,3.544742002604252e-11,15.220046036448903,15.154294201887172,0.004338825265352231,15.163948518899115,0.0006370680734666401
quadratic,analytic,0.0001,8.0,3.9829759523747825e-11,14.634091804446536,14.585743482930136,0.003314765652706164,14.582415787450715,-0.00022814712759178235
quadratic,analytic,0.0001,8.0,4.462032305413092e-11,14.062108805242419,14.003932217331123,0.00415430373472514,14.013019199018611,0.000648887865669856
quadratic,analytic,0.0001,8.0,5.013670207344559e-11,13.474919597277504,13.428753881991158,0.0034378257053513384,13.429768497718433,7.555546376014632e-05
quadratic,analytic,0.0001,8.0,5.6166943263918415e-11,12.90674337652598,12.861325044039193,0.0035313882769674176,12.8659594371522,0.0003603355872849878
quadratic,analytic,0.0001,8.0,6.311082278321815e-11,12.332178806706061,12.28752135768212,0.0036343740713842276,12.294953950392031,0.0006048895048522684
quadratic,analytic,0.0001,8.0,7.070153911223599e-11,11.78327634729164,11.739317729588837,0.003744563245954735,11.748529969450011,0.000784733838318008
quadratic,analytic,0.0001,8.0,7.944232044900149e-11,11.231580725701553,11.20174583194841,0.0026634146320345664,11.200084231601457,-0.0001483340518416698
quadratic,analytic,0.0001,8.0,8.89973237345494e-11,10.706773838697384,10.675613867341395,0.0029187990258163765,10.679441285863744,0.0003585197600728396
quadratic,analytic,0.0001,8.0,1e-10,10.18534768151602,10.161651249107502,0.002331947025893122,10.160595616999533,-0.00010388391434523747
quadratic,analytic,0.0001,8.0,1.1202759842807187e-10,9.69459588948056,9.660508789898131,0.0035284994117570356,9.671188975503727,0.00110555104683141
quadratic,analytic,0.0001,8.0,1.258774912852598e-10,9.207324836156797,9.184081188369452,0.0025308626209423757,9.186244538267758,0.00023555430901955887
quadratic,analytic,0.0001,8.0,1.410175304483814e-10,8.74979261552262,8.720386105922792,0.003372156833727269,8.731141045524563,0.0012333100244801276
quadratic,analytic,0.0001,8.0,1.584514281227059e-10,8.29905732668432,8.280102524863716,0.002289198927632352,8.282233898737413,0.0002574091162876879
quadratic,analytic,0.0001,8.0,1.7750932960084987e-10,7.878090594709938,7.852356346100726,0.003277264489148113,7.862660231343299,0.001312202960285891
quadratic,analytic,0.0001,8.0,1.9945468262652877e-10,7.464024089105826,7.44670733254757,0.0023254246185517857,7.450298929551032,0.00048230672202786984
quadratic,analytic,0.0001,8.0,2.2411312414453987e-10,7.0684127022157845,7.05330813561149,0.002141486847573315,7.056254887758508,0.0004177829878351247
quadratic,analytic,0.0001,8.0,2.510685507412523e-10,6.700305215121164,6.688937574548246,0.0016994687790439222,6.689660549713103,0.00010808520139415911
quadratic,analytic,0.0001,8.0,2.821079783141678e-10,6.340483685342523,6.327760017024558,0.002010769732690987,6.330853250951817,0.0004888355308887427
quadratic,analytic,0.0001,8.0,3.160387930793479e-10,6.006710866101981,5.993473251352779,0.002208671699037712,5.997810581632564,0.0007236755880750678
quadratic,analytic,0.0001,8.0,3.551104458174391e-10,5.680409917989122,5.669848160539563,0.0018627937028483643,5.672512659335346,0.0004699418256606247
quadratic,analytic,0.0001,8.0,3.9782170421649636e-10,5.378207854375713,5.370317963702527,0.0014691663932215882,5.371128084439615,0.00015085154036764692
quadratic,analytic,0.0001,8.0,4.4700412048689413e-10,5.083611381671698,5.080340922709338,0.0006437479319036932,5.077234545146743,-0.0006114506112591123
quadratic,analytic,0.0001,8.0,5.007679810559902e-10,4.810855746445776,4.800096849081115,0.0022413917266526084,4.805344444107899,0.0010932269059922284
quadratic,analytic,0.0001,8.0,5.626775728106399e-10,4.545370614201248,4.540909610972479,0.0009824030009295548,4.540558411813398,-7.734114729607278e-05
quadratic,analytic,0.0001,8.0,6.303541717131253e-10,4.300276915678375,4.290421892388853,0.002296982333370279,4.295882210406527,0.001272676243648796
quadratic,analytic,0.0001,8.0,7.082844126788245e-10,4.061834904424896,4.058755191575938,0.0007587826078672144,4.057846691282682,-0.00022383717429941274
quadratic,analytic,0.0001,8.0,7.934740175644607e-10,3.8416601991471264,3.8348642940846838,0.0017721370409182757,3.838093531131466,0.0008420733562237714
quadratic,analytic,0.0001,8.0,8.915706498446408e-10,3.6276218928432504,3.6233237679790897,0.0011862381446960946,3.6244814763259914,0.0003195155666553262
quadratic,analytic,0.0001,8.0,9.98805187310509e-10,3.4303261774801803,3.423452336462852,0.002007868181518324,3.427421589956628,0.001159430044198384
quadratic,analytic,0.0001,8.0,1.1222867670601262e-09,3.238612298327604,3.234606303639775,0.0012384798370428385,3.235994709440125,0.00042923486508628095
quadratic,analytic,0.0001,8.0,1.2572709126135084e-09,3.0615887960945463,3.056177481459055,0.001770615308934076,3.059504699948975,0.0010886862788908047
quadratic,analytic,0.0001,8.0,1.4127064274017343e-09,2.889945779389823,2.8875912310154193,0.0008154022456896559,2.888149461708836,0.0001933205390780568
quadratic,analytic,0.0001,8.0,1.5826210834571754e-09,2.732037373915354,2.7283046118959056,0.0013681617526037915,2.730238760820283,0.000708919713709566
quadratic,analytic,0.0001,8.0,1.7782794100389156e-09,2.5786231938380433,2.574626800494868,0.0015522223812813873,2.5769861306939363,0.0009163775497926796
quadratic,analytic,0.0001,8.0,1.9921637164074817e-09,2.4371908037505077,2.4326040674499607,0.0018855252122287336,2.435810204857546,0.0013179857135345863
quadratic,analytic,0.0001,8.0,2.238453509399305e-09,2.3000536901090647,2.298415656916441,0.000712679270041594,2.29884408130863,0.00018639987545321368
quadratic,analytic,0.0001,8.0,2.507685708508935e-09,2.1738932259093966,2.168952294832635,0.002278026625358587,2.17270854635374,0.0017318276340396732
quadratic,analytic,0.0001,8.0,2.8177091212187017e-09,2.051431753895264,2.049307563139115,0.0010365407293451145,2.0503665521811607,0.0005167545668076645
quadratic,analytic,0.0001,8.0,3.1566118591900404e-09,1.9384620144312772,1.9362627284816498,0.0011358406673209753,1.9377252419873399,0.0007553280266034967
quadratic,analytic,0.0001,8.0,3.546861553506056e-09,1.829123435160007,1.8271984337130094,0.0010535262133986034,1.828494529188835,0.0007093348220488238
quadratic,analytic,0.0001,8.0,3.973463817961435e-09,1.7286824481338992,1.7264056837418598,0.0013187887490642147,1.7279437082096476,0.0008908824167297436
quadratic,analytic,0.0001,8.0,4.464700342914815e-09,1.6311246711517846,1.629162052693129,0.0012046797035392132,1.6304536698030725,0.0007928107015555685
quadratic,analytic,0.0001,8.0,5.016668092437915e-09,1.5390327399869888,1.5392934755261156,-0.0001693865031408004,1.538430138579761,-0.0005608657218920676
quadratic,analytic,0.0001,8.0,5.6200527850655604e-09,1.4541901979767804,1.452589354809053,0.0011020617509192032,1.4537371536756543,0.0007901743619429524
quadratic,analytic,0.0001,8.0,6.3148559408689445e-09,1.3720385238531092,1.3724609610075624,-0.00030779538832426123,1.3716378019046669,-0.000599768682885693
quadratic,analytic,0.0001,8.0,7.074381454747871e-09,1.2965146257697793,1.2951540518738216,0.0010505112453527143,1.2960864479079595,0.0007199112976474797
quadratic,analytic,0.0001,8.0,7.948982236643984e-09,1.2232298826127845,1.222201625941865,0.0008413150899935218,1.2228557040293402,0.000535163817157347
quadratic,analytic,0.0001,8.0,8.905053899186286e-09,1.1556726010311624,1.1547819846894594,0.0007712419777163859,1.1554713334549713,0.0005969514372856644
quadratic,analytic,0.0001,8.0,1.0005979422198378e-08,1.0903404194985793,1.089736326928722,0.000554347464546634,1.0901616673699457,0.000390315006220332
quadratic,analytic,0.0001,8.0,1.1209458445895926e-08,1.030343290623065,1.0296237966703596,0.0006987930494923855,1.0300700802908276,0.00043344338185580256
quadratic,analytic,0.0001,8.0,1.2595275875182702e-08,0.9720732417065778,0.9716279515771068,0.00045829283600595794,0.9718322084623044,0.0002102212939285586
quadratic,analytic,0.0001,8.0,1.4110185078357489e-08,0.9184152213827552,0.9180305691684071,0.000418997174240765,0.9182503349933848,0.00023938835193337837
quadratic,analytic,0.0001,8.0,1.5854617292137533e-08,0.866472346058576,0.8663204602407222,0.0001753229028109704,0.8663239263771305,4.000986433272402e-06
quadratic,analytic,0.0001,8.0,1.7761546992343476e-08,0.818717634699485,0.8175230379436502,0.0014612392561310639,0.8185510585151767,0.0012574820816209087
quadratic,analytic,0.0001,8.0,1.995739450022159e-08,0.7723953866410356,0.7724264607800714,-4.022925238011954e-05,0.7722560495907671,-0.0002206180108488276
quadratic,analytic,0.0001,8.0,2.2357789767414388e-08,0.7297205407863406,0.728917826354372,0.0011012413237077023,0.7296656966185617,0.0010260007879492328
quadratic,analytic,0.0001,8.0,2.5121867522781557e-08,0.6884473441577184,0.6878599123088078,0.0008539992495546489,0.6883942653844737,0.0007768341578044957
quadratic,analytic,0.0001,8.0,2.814342486605398e-08,0.6505357543845719,0.6499158713785443,0.0009537896108195998,0.650426660520217,0.0007859311707363315
quadratic,analytic,0.0001,8.0,3.1622776601683666e-08,0.6137292161691039,0.6133079177531452,0.0006869280564683056,0.6136358705042673,0.0005347277307679033
quadratic,analytic,0.0001,8.0,3.542623718314044e-08,0.5798490213153221,0.5794763478104087,0.0006431211667596859,0.5797911259629547,0.0005432113903103275
quadratic,analytic,0.0001,8.0,3.980595786094185e-08,0.5470502314321919,0.5468360566560115,0.00039166176694727106,0.5469962262439236,0.00029290238996226847
quadratic,analytic,0.0001,8.0,4.459365862290289e-08,0.5168888162994802,0.5160343023300268,0.0016559247429774882,0.5168281145567307,0.0015382935264567354
quadratic,analytic,0.0001,8.0,5.010674113742106e-08,0.4876431059474023,0.4875685837459797,0.0001528445513245824,0.4875964663073243,5.7186952306054195e-05
quadratic,analytic,0.0001,8.0,5.613337874682354e-08,0.46071516917262645,0.4601052013467846,0.001325713823830732,0.4607067941686417,0.0013075114562846046
quadratic,analytic,0.0001,8.0,6.307310870858448e-08,0.43466391475441407,0.4347246692359212,-0.0001397539311810414,0.434652385326187,-0.00016627515034106644
quadratic,analytic,0.0001,8.0,7.065928894015424e-08,0.4107284470153979,0.4102378375826956,0.0011959146323341496,0.410685919954341,0.0010922502280279467
quadratic,analytic,0.0001,8.0,7.939484691799135e-08,0.38749934419078846,0.3871302810588689,0.0009533305710680562,0.38746442518822977,0.0008631309554161248
quadratic,analytic,0.0001,8.0,8.894414027786991e-08,0.3661227934608027,0.36577522464841855,0.0009502251354454039,0.3661043304631573,0.0008997487871276189
quadratic,analytic,0.0001,8.0,9.994024151013948e-08,0.34542685484347824,0.34517212346111076,0.0007379836465739587,0.34540867214611254,0.0006853064570506717
quadratic,analytic,0.0001,8.0,1.122957829700926e-07,0.3259042143631149,0.32613158199877534,-0.0006971653412618517,0.3258859275068609,-0.0007532373602362474
quadratic,analytic,0.0001,8.0,1.2580226879739443e-07,0.3079429504824407,0.3077614969533595,0.0005895913909876871,0.3079287777721463,0.00054354043778293
quadratic,analytic,0.0001,8.0,1.4135511442189168e-07,0.2905386507149925,0.2904261477115339,0.0003873721575866629,0.2905309131950587,0.00036073020404781
quadratic,analytic,0.0001,8.0,1.5835673994209863e-07,0.27452513669977435,0.27440552863083106,0.0004358806819237948,0.27452871962758796,0.00044893773595444664
quadratic,analytic,0.0001,8.0,1.779342718376846e-07,0.2590246889159581,0.2589490283220091,0.0002921833475848512,0.25902542510233506,0.0002950263255321328
quadratic,analytic,0.0001,8.0,1.9933549152023508e-07,0.24478032342708783,0.24466476439896326,0.0004723157762762664,0.24476632194566336,0.00041508856802319194
quadratic,analytic,0.0001,8.0,2.2397919752597368e-07,0.23096321422589647,0.23088347863056274,0.0003453499393142323,0.23095230981475678,0.0002981208729282425
quadratic,analytic,0.0001,8.0,2.509185159668157e-07,0.21825070330362448,0.21814737930784708,0.0004736430760947652,0.21824746194651243,0.00045878451065006765
quadratic,analytic,0.0001,8.0,2.819393948465512e-07,0.20594326715961825,0.2058597440970541,0.00040572800151150723,0.20593977190281193,0.0003887491753613581
quadratic,analytic,0.0001,8.0,3.158499330692303e-07,0.1946280290535778,0.19450401538523854,0.0006375892451044862,0.19462089311313702,0.0006009013627148452
quadratic,analytic,0.0001,8.0,3.548982371776846e-07,0.18366136801454105,0.1835481451122542,0.0006168566956512578,0.1836564853299361,0.000590255039709664
quadratic,analytic,0.0001,8.0,3.975839719737225e-07,0.17356260044044003,0.17342317895826415,0.0008039379915267819,0.17357362253270997,0.0008674940417394694
quadratic,analytic,0.0001,8.0,4.467369975748768e-07,0.1637970786896409,0.16385673078633683,-0.00036405032866004827,0.1638072292327539,-0.0003021026560543483
quadratic,analytic,0.0001,8.0,5.004687296728092e-07,0.1548339444058737,0.1546271368250254,0.0013374598087676492,0.15482678503645686,0.0012911589487514252
quadratic,analytic,0.0001,8.0,5.623413251903514e-07,0.14613542665246992,0.14609752446700197,0.00025943071661371775,0.14612899355720776,0.00021539783319801664
quadratic,analytic,0.0001,8.0,6.299774815793368e-07,0.13812996360541516,0.1380384264602886,0.0006631279961226699,0.13813196222290877,0.0006776066999507613
quadratic,analytic,0.0001,8.0,7.07861152609896e-07,0.13038537376475878,0.13042388807851582,-0.00029530107041320086,0.1303875052143531,-0.0002789585918555604
quadratic,analytic,0.0001,8.0,7.929998494741353e-07,0.12327136201695314,0.12307747317054414,0.0015753398360749404,0.1232678994474499,0.0015472065846029448
quadratic,analytic,0.0001,8.0,8.910378606882558e-07,0.11637695844714994,0.11628821768987319,0.0007631104770513542,0.11637413022122088,0.0007387896474329025
quadratic,analytic,0.0001,8.0,9.982083164139237e-07,0.11003529017992647,0.10987347420391912,0.0014727483332968028,0.11003757846467674,0.0014935748773452495
quadratic,analytic,0.0001,8.0,1.1216161054362337e-06,0.10390188618303028,0.10381258371191435,0.0008602278059446355,0.10390311168817468,0.000872032782764931
quadratic,analytic,0.0001,8.0,1.256519586502683e-06,0.0982576366348399,0.09820709330220233,0.0005146607127657354,0.09826560760125488,0.0005958255873890206
quadratic,analytic,0.0001,8.0,1.4118622153745565e-06,0.09280100821078449,0.09278974901273317,0.00012134096892291169,0.09280910749406271,0.00020862737032389944
quadratic,analytic,0.0001,8.0,1.5816753329974905e-06,0.08779628506814298,0.08767123872968687,0.0014263097027940042,0.08779589511105712,0.0014218617550803003
quadratic,analytic,0.0001,8.0,1.7772167371179976e-06,0.08294323488668345,0.08293732044796288,7.131215101496835e-05,0.08294499505397691,9.253501285755306e-05
quadratic,analytic,0.0001,8.0,1.990973229455032e-06,0.07849123712892239,0.07836229430468761,0.001645470252994663,0.07848957472376358,0.0016242559027315195
quadratic,analytic,0.0001,8.0,2.237115843385872e-06,0.07418151444463542,0.07413102413009177,0.0006810956024974057,0.07417991373583138,0.0006595026348727995
quadratic,analytic,0.0001,8.0,2.5136888948014443e-06,0.07012191592148799,0.07012822668526073,-8.998892558709226e-05,0.07012214112946315,-8.677755142572074e-05
quadratic,analytic,0.0001,8.0,2.8160253007992053e-06,0.06639858955175773,0.06634156529914956,0.000859555428803116,0.0663975182268978,0.0008434068068177147
quadratic,analytic,0.0001,8.0,3.164168519492257e-06,0.0627979494181191,0.06283683262379693,-0.0006187963978168121,0.06279726840000778,-0.0006296342787679432
quadratic,analytic,0.0001,8.0,3.5447420026042596e-06,0.05949507469701493,0.05944387918737313,0.0008612410620179034,0.05949441849596324,0.0008502020608516236
quadratic,analytic,0.0001,8.0,3.982975952374782e-06,0.05630392806524867,0.05630354168104102,6.862520475880984e-06,0.05630381689248214,4.88799519371419e-06
quadratic,analytic,0.0001,8.0,4.4620323054130925e-06,0.05337958801056569,0.05332910383988034,0.0009466532727968602,0.05337878394838799,0.0009315759112851207
quadratic,analytic,0.0001,8.0,5.013670207344591e-06,0.05055291176272575,0.050574147567797295,-0.00041989447361578947,0.05055532473752304,-0.0003721828479466005
quadratic,analytic,0.0001,8.0,5.616694326391887e-06,0.04796765100202169,0.04796151103324217,0.00012801866845402188,0.04796909094457645,0.0001580415456265971
quadratic,analytic,0.0001,8.0,6.311082278321828e-06,0.04547173884390263,0.04548384206591177,-0.0002660993763807795,0.04547505105398766,-0.00019327768994048533
quadratic,analytic,0.0001,8.0,7.070153911223586e-06,0.04319028073467144,0.04313416830514229,0.001300881220942962,0.0431929940792477,0.0013637859825941234
quadratic,analytic,0.0001,8.0,7.944232044900083e-06,0.040994881949711945,0.04100691923405376,-0.0002935427622130504,0.04099490274391563,-0.0002930356720909355
quadratic,analytic,0.0001,8.0,8.899732373454886e-06,0.038985459372631204,0.03893652085613023,0.0012568795420062617,0.0389863025678987,0.0012785351817234947
quadratic,analytic,0.0001,8.0,1e-05,0.03705461783200308,0.03706197608026909,-0.0001985390161084455,0.037054457255216604,-0.0002028716719315593
interacting-L8_k240-b0.2,NRG,0.03,-6.122448979591836,0.000269470989264238,4.5078858130243636e-54,0.03994327043856989,-1.0,,
interacting-L8_k240-b0.2,NRG,0.03,-6.122448979591836,0.00033855660286214205,1.0249903760588787e-43,0.043953806151628,-1.0,,
interacting-L8_k240-b0.2,NRG,0.03,-6.122448979591836,0.000426525271290261,2.1908907443744017e-34,0.04810700829403405,-1.0,,
interacting-L8_k240-b0.2,NRG,0.03,-6.122448979591836,0.0005373512302263634,3.250870416295252e-26,0.0523695936443142,-1.0,,
interacting-L8_k240-b0.2,NRG,0.03,-6.122448979591836,0.000676973591159824,3.3485485551232925e-19,0.05677985819358574,-1.0,,
interacting-L8_k240-b0.2,NRG,0.03,-6.122448979591836,0.0008505326672687263,2.071624096518738e-13,0.061230583263613414,-0.9999999999966167,,
interacting-L8_k240-b0.2,NRG,0.03,-6.122448979591836,0.0010715303543961377,1.061489852197625e-08,0.06523418251072971,-0.9999998372801173,,
interacting-L8_k240-b0.2,NRG,0.03,-6.122448979591836,0.0013499508538330344,3.77571524695435e-05,0.06903284849291769,-0.99945305527305,,
interacting-L8_k240-b0.2,NRG,0.03,-6.122448979591836,0.0017007145903874465,0.009323532976272449,0.0729543364926773,-0.8722004280416108,,
interacting-L8_k240-b0.2,NRG,0.03,-6.122448979591836,0.0021367352223398304,0.15722917827323438,0.07689107392190121,1.0448300466310707,,
interacting-L8_k240-b0.2,NRG,0.03,-6.122448979591836,0.002691932641925329,0.2074150067327529,0.08038763119437105,1.5801855789386248,,
interacting-L8_k240-b0.2,NRG,0.03,-6.122448979591836,0.0033913894772267597,0.06732800944054486,0.08314201062021224,-0.19020469990682332,,
interacting-L8_k240-b0.2,NRG,0.03,-6.122448979591836,0.004272589294068769,0.032580950879047485,0.08541331072653567,-0.6185494906834768,,
interacting-L8_k240-b0.2,NRG,0.03,-6.122448979591836,0.005367974195569739,0.18695462828596232,0.08739263501981565,1.1392492427259082,,
interacting-L8_k240-b0.2,NRG,0.03,-6.122448979591836,0.00676275881400192,0.1245410630522776,0.08917715418331242,0.3965579434870863,,
interacting-L8_k240-b0.2,NRG,0.03,-6.122448979591836,0.008519956525518768,0.0057659389676299735,0.09026530916418106,-0.9361223151948389,,
interacting-L8_k240-b0.2,NRG,0.03,-6.122448979591836,0.010733734736545205,1.8663668475975868e-05,0.09075318604211559,-0.9997943469613583,,
interacting-L8_k240-b0.2,NRG,0.03,-6.122448979591836,0.013485595530525578,0.00019355031305399054,0.09087556672743444,-0.9978701611442544,,
interacting-L8_k240-b0.2,NRG,0.03,-6.122448979591836,0.016989617817350016,0.022091540600548413,0.09014375030304995,-0.7549298700544417,,
interacting-L8_k240-b0.2,NRG,0.03,-6.122448979591836,0.021404105805060292,0.19898412343907285,0.08833988863737507,1.2524832950138691,,
interacting-L8_k240-b0.2,NRG,0.03,-6.122448979591836,0.02696562984756259,0.261012984204465,0.08541331072653567,2.055881829006016,,
interacting-L8_k240-b0.2,NRG,0.03,-6.122448979591836,0.03387894207148462,0.13146910952583873,0.08236140776794847,0.5962465077849348,,
interacting-L8_k240-b0.2,NRG,0.03,-6.122448979591836,0.04268185832414867,0.07372102875305528,0.08049603392738537,-0.08416570163496195,,
interacting-L8_k240-b0.2,NRG,0.03,-6.122448979591836,0.05377207547268799,0.006712586265357207,0.08060458284150186,-0.9167220271016524,,
interacting-L8_k240-b0.2,NRG,0.03,-6.122448979591836,0.06774391308553986,0.0015429327409795847,0.08314201062021224,-0.9814422007662575,,
interacting-L8_k240-b0.2,NRG,0.03,-6.122448979591836,0.0851117559684279,0.05072896477292032,0.0894178271599763,-0.4326750449643362,,
interacting-L8_k240-b0.2,NRG,0.03,-6.122448979591836,0.10722672220103209,0.2847291581982721,0.10163025608400228,1.8016180335404233,,
interacting-L8_k240-b0.2,NRG,0.03,-6.122448979591836,0.13508791850378862,0.15083888405454043,0.1215798184235623,0.24065725718593178,,
interacting-L8_k240-b0.2,NRG,0.03,-6.122448979591836,0.16972107795809516,0.03621633062685648,0.14642870423653956,-0.7526691858970973,,
interacting-L8_k240-b0.2,NRG,0.03,-6.122448979591836,0.2138204607671727,0.07826501411093116,0.16642751431416125,-0.5297351256283732,,
interacting-L8_k240-b0.2,NRG,0.03,-6.122448979591836,0.2693783824185603,0.37545052586761707,0.16620338901853834,1.2589823714469461,,
interacting-L8_k240-b0.2,NRG,0.03,-6.122448979591836,0.339372166041001,0.17208456653110107,0.13855777518571372,0.24196975810596166,,
interacting-L8_k240-b0.2,NRG,0.03,-6.122448979591836,0.42637869091036984,0.016826100211615163,0.09437004859765978,-0.8217008419339479,,
interacting-L8_k240-b0.2,NRG,0.03,-6.122448979591836,0.5371665632141994,0.049317794900047125,0.05308009856508344,-0.07087974149903309,,
interacting-L8_k240-b0.4,NRG,0.03,-6.122448979591836,0.000269470989264238,4.217456713684106e-14,0.03994327043856989,-0.9999999999989442,,
interacting-L8_k240-b0.4,NRG,0.03,-6.122448979591836,0.00033855660286214205,1.3801014975302093e-11,0.043953806151628,-0.9999999996860109,,
interacting-L8_k240-b0.4,NRG,0.03,-6.122448979591836,0.000426525271290261,2.4956549004912387e-09,0.04810700829403405,-0.9999999481228413,,
interacting-L8_k240-b0.4,NRG,0.03,-6.122448979591836,0.0005373512302263634,2.316745965825061e-07,0.0523695936443142,-0.9999955761620348,,
interacting-L8_k240-b0.4,NRG,0.03,-6.122448979591836,0.000676973591159824,1.1042570830914384e-05,0.05677985819358574,-0.9998055195771489,,
interacting-L8_k240-b0.4,NRG,0.03,-6.122448979591836,0.0008505326672687263,0.00026128894898700734,0.061230583263613414,-0.9957327052093871,,
interacting-L8_k240-b0.4,NRG,0.03,-6.122448979591836,0.0010715303543961377,0.003316075347994942,0.06523418251072971,-0.9491665991606546,,
interacting-L8_k240-b0.4,NRG,0.03,-6.122448979591836,0.0013499508538330344,0.02170328862097257,0.06903284849291769,-0.685609255669072,,
interacting-L8_k240-b0.4,NRG,0.03,-6.122448979591836,0.0017007145903874465,0.07377457399088713,0.0729543364926773,0.011243163020092206,,
interacting-L8_k240-b0.4,NRG,0.03,-6.122448979591836,0.0021367352223398304,0.13227803434980778,0.07689107392190121,0.7203301710178152,,
interacting-L8_k240-b0.4,NRG,0.03,-6.122448979591836,0.002691932641925329,0.13492195680882363,0.08038763119437105,0.6783919964327947,,
interacting-L8_k240-b0.4,NRG,0.03,-6.122448979591836,0.0033913894772267597,0.10134076020809073,0.08314201062021224,0.21888753293457497,,
interacting-L8_k240-b0.4,NRG,0.03,-6.122448979591836,0.004272589294068769,0.10326789798514023,0.08541331072653567,0.20903752713401857,,
interacting-L8_k240-b0.4,NRG,0.03,-6.122448979591836,0.005367974195569739,0.11882245377170518,0.08739263501981565,0.35963921610514493,,
interacting-L8_k240-b0.4,NRG,0.03,-6.122448979591836,0.00676275881400192,0.08655523791795387,0.08917715418331242,-0.029401210314123016,,
interacting-L8_k240-b0.4,NRG,0.03,-6.122448979591836,0.008519956525518768,0.03399704656704039,0.09026530916418106,-0.6233653118585778,,
interacting-L8_k240-b0.4,NRG,0.03,-6.122448979591836,0.010733734736545205,0.012091426670506602,0.09075318604211559,-0.8667658161896887,,
interacting-L8_k240-b0.4,NRG,0.03,-6.122448979591836,0.013485595530525578,0.0312726898003096,0.09087556672743444,-0.6558735100480129,,
interacting-L8_k240-b0.4,NRG,0.03,-6.122448979591836,0.016989617817350016,0.09658774036729288,0.09014375030304995,0.07148571079613597,,
interacting-L8_k240-b0.4,NRG,0.03,-6.122448979591836,0.021404105805060292,0.17213885991056313,0.08833988863737507,0.9485972029823702,,
interacting-L8_k240-b0.4,NRG,0.03,-6.122448979591836,0.02696562984756259,0.1844463691474484,0.08541331072653567,1.159456969628339,,
interacting-L8_k240-b0.4,NRG,0.03,-6.122448979591836,0.03387894207148462,0.13138885275870502,0.08236140776794847,0.5952720615083504,,
interacting-L8_k240-b0.4,NRG,0.03,-6.122448979591836,0.04268185832414867,0.06724513964352806,0.08049603392738537,-0.16461549268142583,,
interacting-L8_k240-b0.4,NRG,0.03,-6.122448979591836,0.05377207547268799,0.03256275745201546,0.08060458284150186,-0.5960185351241658,,
interacting-L8_k240-b0.4,NRG,0.03,-6.122448979591836,0.06774391308553986,0.05230889725608797,0.08314201062021224,-0.37084878191084525,,
interacting-L8_k240-b0.4,NRG,0.03,-6.122448979591836,0.0851117559684279,0.12141549358173347,0.0894178271599763,0.3578443744166422,,
interacting-L8_k240-b0.4,NRG,0.03,-6.122448979591836,0.10722672220103209,0.1674735786998533,0.10163025608400228,0.6478712654372174,,
interacting-L8_k240-b0.4,NRG,0.03,-6.122448979591836,0.13508791850378862,0.1384964599140099,0.1215798184235623,0.13914021019107836,,
interacting-L8_k240-b0.4,NRG,0.03,-6.122448979591836,0.16972107795809516,0.11868969356940705,0.14642870423653956,-0.18943697420365868,,
interacting-L8_k240-b0.4,NRG,0.03,-6.122448979591836,0.2138204607671727,0.17415566608553873,0.16642751431416125,0.04643554164240671,,
interacting-L8_k240-b0.4,NRG,0.03,-6.122448979591836,0.2693783824185603,0.21259147181678345,0.16620338901853834,0.2791043135291964,,
interacting-L8_k240-b0.4,NRG,0.03,-6.122448979591836,0.339372166041001,0.15125964538389905,0.13855777518571372,0.09167201321730656,,
interacting-L8_k240-b0.4,NRG,0.03,-6.122448979591836,0.42637869091036984,0.07314806835725154,0.09437004859765978,-0.2248804631953375,,
interacting-L8_k240-b0.4,NRG,0.03,-6.122448979591836,0.5371665632141994,0.03914522876494066,0.05308009856508344,-0.262525318845381,,
interacting-L8_k240-b0.2,NRG,3e-05,-6.122448979591836,9.965686932496941e-11,0.0,0.05482488892062889,-1.0,,
interacting-L8_k240-b0.2,NRG,3e-05,-6.122448979591836,1.2281942357376427e-10,0.0,0.06131315271455031,-1.0,,
interacting-L8_k240-b0.2,NRG,3e-05,-6.122448979591836,1.5473214084926394e-10,0.0,0.06940596559526313,-1.0,,
interacting-L8_k240-b0.2,NRG,3e-05,-6.122448979591836,1.9493688144055717e-10,0.0,0.0777245005363297,-1.0,,
interacting-L8_k240-b0.2,NRG,3e-05,-6.122448979591836,2.4558819865866576e-10,0.0,0.08633911033831175,-1.0,,
interacting-L8_k240-b0.2,NRG,3e-05,-6.122448979591836,3.0855086281432775e-10,0.0,0.09603785471312502,-1.0,,
interacting-L8_k240-b0.2,NRG,3e-05,-6.122448979591836,3.8872300630424646e-10,0.0,0.10783856320115016,-1.0,,
interacting-L8_k240-b0.2,NRG,3e-05,-6.122448979591836,4.897266345391505e-10,0.0,0.12174376882738293,-1.0,,
interacting-L8_k240-b0.2,NRG,3e-05,-6.122448979591836,6.16974484883795e-10,0.0,0.13688745095370805,-1.0,,
interacting-L8_k240-b0.2,NRG,3e-05,-6.122448979591836,7.751512926315538e-10,0.0,0.15308742708409195,-1.0,,
interacting-L8_k240-b0.2,NRG,3e-05,-6.122448979591836,9.76562301800079e-10,0.0,0.17120459302841848,-1.0,,
interacting-L8_k240-b0.2,NRG,3e-05,-6.122448979591836,1.2303068295989725e-09,0.0,0.1922414591701529,-1.0,,
interacting-L8_k240-b0.2,NRG,3e-05,-6.122448979591836,1.5499829270163137e-09,0.0,0.21644581851360625,-1.0,,
interacting-L8_k240-b0.2,NRG,3e-05,-6.122448979591836,1.947359735078555e-09,0.0,0.24369765270330768,-1.0,,
interacting-L8_k240-b0.2,NRG,3e-05,-6.122448979591836,2.4533508792393138e-09,0.0,0.274380657205298,-1.0,,
interacting-L8_k240-b0.2,NRG,3e-05,-6.122448979591836,3.090815953643763e-09,0.0,0.3080953435662582,-1.0,,
interacting-L8_k240-b0.2,NRG,3e-05,-6.122448979591836,3.893916414541116e-09,0.0,0.3473541821774866,-1.0,,
interacting-L8_k240-b0.2,NRG,3e-05,-6.122448979591836,4.892219072396927e-09,0.0,0.39161555147049065,-1.0,,
interacting-L8_k240-b0.2,NRG,3e-05,-6.122448979591836,6.163386120444858e-09,0.0,0.43737158622162337,-1.0,,
interacting-L8_k240-b0.2,NRG,3e-05,-6.122448979591836,7.764846158265056e-09,0.0,0.4825851311375296,-1.0,,
interacting-L8_k240-b0.2,NRG,3e-05,-6.122448979591836,9.755558267207691e-09,0.0,0.5331906923004698,-1.0,,
interacting-L8_k240-b0.2,NRG,3e-05,-6.122448979591836,1.229038837621793e-08,0.0,0.5954882485498902,-1.0,,
interacting-L8_k240-b0.2,NRG,3e-05,-6.122448979591836,1.548385467042149e-08,0.0,0.6713679316833536,-1.0,,
interacting-L8_k240-b0.2,NRG,3e-05,-6.122448979591836,1.9507093520222067e-08,0.0,0.7538626653867386,-1.0,,
interacting-L8_k240-b0.2,NRG,3e-05,-6.122448979591836,2.4508223805288727e-08,0.0,0.8362894408679068,-1.0,,
interacting-L8_k240-b0.2,NRG,3e-05,-6.122448979591836,3.087630463863595e-08,0.0,0.9202577447205501,-1.0,,
interacting-L8_k240-b0.2,NRG,3e-05,-6.122448979591836,3.889903224778482e-08,0.0,1.019503232461896,-1.0,,
interacting-L8_k240-b0.2,NRG,3e-05,-6.122448979591836,4.900634086634816e-08,2.8894507e-315,1.1309749472752986,-1.0,,
interacting-L8_k240-b0.2,NRG,3e-05,-6.122448979591836,6.1570339455524e-08,3.987969321845697e-289,1.2512579768442582,-1.0,,
interacting-L8_k240-b0.2,NRG,3e-05,-6.122448979591836,7.756843469508186e-08,7.996710712264583e-264,1.3824692554191942,-1.0,,
interacting-L8_k240-b0.2,NRG,3e-05,-6.122448979591836,9.772338619947862e-08,1.1131378918226626e-239,1.5212771762575874,-1.0,,
interacting-L8_k240-b0.2,NRG,3e-05,-6.122448979591836,1.2311528842669744e-07,1.075634077129725e-216,1.6471691412184832,-1.0,,
interacting-L8_k240-b0.2,NRG,3e-05,-6.122448979591836,1.5467896534592636e-07,4.029318640182515e-195,1.7667344748663716,-1.0,,
interacting-L8_k240-b0.2,NRG,3e-05,-6.122448979591836,1.9486988910959846e-07,1.9368462046221717e-174,1.8847917113896377,-1.0,,
interacting-L8_k240-b0.2,NRG,3e-05,-6.122448979591836,2.455037994122927e-07,6.463037348336216e-155,2.002625251022383,-1.0,,
interacting-L8_k240-b0.2,NRG,3e-05,-6.122448979591836,3.0929414390939054e-07,1.4971185759637979e-136,2.1163866133498472,-1.0,,
interacting-L8_k240-b0.2,NRG,3e-05,-6.122448979591836,3.885894171132376e-07,1.5259163665913741e-119,2.203700425911963,-1.0,,
interacting-L8_k240-b0.2,NRG,3e-05,-6.122448979591836,4.895583342742766e-07,1.7583211601837216e-103,2.2608530600836887,-1.0,,
interacting-L8_k240-b0.2,NRG,3e-05,-6.122448979591836,6.167624544122959e-07,1.4065127671424523e-88,2.297710754646054,-1.0,,
interacting-L8_k240-b0.2,NRG,3e-05,-6.122448979591836,7.770185870425022e-07,7.810289995804323e-75,2.316364321455531,-1.0,,
interacting-L8_k240-b0.2,NRG,3e-05,-6.122448979591836,9.762266947849254e-07,2.165953673607377e-62,2.3008092179516564,-1.0,,
interacting-L8_k240-b0.2,NRG,3e-05,-6.122448979591836,1.229884020319886e-06,5.983021759256415e-51,2.2547678503100665,-1.0,,
interacting-L8_k240-b0.2,NRG,3e-05,-6.122448979591836,1.5494502573210787e-06,1.1472815401928424e-40,2.194809344843156,-1.0,,
interacting-L8_k240-b0.2,NRG,3e-05,-6.122448979591836,1.952050811496781e-06,1.5272053404815715e-31,2.1249600072058743,-1.0,,
interacting-L8_k240-b0.2,NRG,3e-05,-6.122448979591836,2.4525077566201035e-06,1.1523566434268169e-23,2.0435179777028596,-1.0,,
interacting-L8_k240-b0.2,NRG,3e-05,-6.122448979591836,3.0897537587232003e-06,7.630663040126617e-17,1.9362810557360455,-1.0,,
interacting-L8_k240-b0.2,NRG,3e-05,-6.122448979591836,3.8925782247884085e-06,3.507645113000844e-11,1.8174462197867265,-0.9999999999807001,,
interacting-L8_k240-b0.2,NRG,3e-05,-6.122448979591836,4.9040041437989455e-06,1.1193013374694855e-06,1.7013130653867148,-0.9999993420956083,,
interacting-L8_k240-b0.2,NRG,3e-05,-6.122448979591836,6.161268000980979e-06,0.0022979679666187574,1.5968988542241684,-0.9985609808908434,,
interacting-L8_k240-b0.2,NRG,3e-05,-6.122448979591836,7.762177678396938e-06,0.3647735031502236,1.5069942247868209,-0.7579463164818535,,
interacting-L8_k240-b0.2,NRG,3e-05,-6.122448979591836,9.779058840065127e-06,4.01957931637059,1.4259893105854324,1.81880045420563,,
interacting-L8_k240-b0.2,NRG,3e-05,-6.122448979591836,1.231999520747974e-05,3.0748256844516355,1.3475214912307036,1.2818379554328065,,
interacting-L8_k240-b0.2,NRG,3e-05,-6.122448979591836,1.547853346332653e-05,0.18817681529207492,1.2768081143089354,-0.8526193457080867,,
interacting-L8_k240-b0.2,NRG,3e-05,-6.122448979591836,1.9500389680212502e-05,0.633324885189801,1.219627133306648,-0.48072253568782675,,
interacting-L8_k240-b0.2,NRG,3e-05,-6.122448979591836,2.4567262691979562e-05,1.6924964159278615,1.160306609900114,0.45866308222924057,,
interacting-L8_k240-b0.2,NRG,3e-05,-6.122448979591836,3.08656936367371e-05,0.32574188257201364,1.1038713326488412,-0.7049095551830611,,
interacting-L8_k240-b0.2,NRG,3e-05,-6.122448979591836,3.8885664142052034e-05,0.004334833262044728,1.060134346669131,-0.995911052900357,,
interacting-L8_k240-b0.2,NRG,3e-05,-6.122448979591836,4.898949926622543e-05,4.40753951025122e-05,1.0291658542251636,-0.9999571736713557,,
interacting-L8_k240-b0.2,NRG,3e-05,-6.122448979591836,6.17186588247084e-05,0.010819184198587507,1.0031493294863176,-0.989214782006456,,
interacting-L8_k240-b0.2,NRG,3e-05,-6.122448979591836,7.754177739857318e-05,0.2829835257051113,0.9751587059618947,-0.7098077226045201,,
interacting-L8_k240-b0.2,NRG,3e-05,-6.122448979591836,9.76898024190144e-05,1.075639935908371,0.9543579065546999,0.12708233307513317,,
interacting-L8_k240-b0.2,NRG,3e-05,-6.122448979591836,0.00012307297842313445,1.6538901447340295,0.9415833261165961,0.7564989723800915,,
interacting-L8_k240-b0.2,NRG,3e-05,-6.122448979591836,0.0001550515779832622,0.8838481101229195,0.9377844006423791,-0.05751459555364047,,
interacting-L8_k240-b0.2,NRG,3e-05,-6.122448979591836,0.00019480291980133497,0.2123463137917498,0.9403153107755682,-0.774175416098875,,
interacting-L8_k240-b0.2,NRG,3e-05,-6.122448979591836,0.00024541942917070367,0.08873214205003592,0.932742998290413,-0.9048696777004283,,
interacting-L8_k240-b0.2,NRG,3e-05,-6.122448979591836,0.0003091878513725486,0.04966290969689874,0.8994151587315653,-0.9447831079843731,,
interacting-L8_k240-b0.2,NRG,3e-05,-6.122448979591836,0.0003895255064336409,0.06487263685748111,0.8453540284960205,-0.9232598004259862,,
interacting-L8_k240-b0.2,NRG,3e-05,-6.122448979591836,0.0004893900918477499,0.5241613117613433,0.784964082796939,-0.3322480311536271,,
interacting-L8_k240-b0.2,NRG,3e-05,-6.122448979591836,0.0006165504968075404,0.835774052879862,0.7220448630985926,0.1575098662058343,,
interacting-L8_k240-b0.2,NRG,3e-05,-6.122448979591836,0.0007767515555502611,0.21596242551450098,0.6570471964122738,-0.6713136793007604,,
interacting-L8_k240-b0.2,NRG,3e-05,-6.122448979591836,0.0009785783681528497,0.13938962513610118,0.5922869841070701,-0.7646586386728648,,
interacting-L8_k240-b0.2,NRG,3e-05,-6.122448979591836,0.0012294613563441404,0.05492372835866974,0.5281846770248534,-0.8960141580251005,,
interacting-L8_k240-b0.2,NRG,3e-05,-6.122448979591836,0.0015489177706839948,0.018701598093103854,0.4678570182592577,-0.960027107934201,,
interacting-L8_k240-b0.2,NRG,3e-05,-6.122448979591836,0.0019513799664876393,0.1333742999116901,0.4116368452295324,-0.675990374872008,,
interacting-L8_k240-b0.2,NRG,3e-05,-6.122448979591836,0.002458415705262239,0.33571213528148974,0.36217238544581565,-0.073059822415104,,
interacting-L8_k240-b0.2,NRG,3e-05,-6.122448979591836,0.0030886919288382877,0.09341403532717724,0.3195118202394838,-0.7076351189224843,,
interacting-L8_k240-b0.2,NRG,3e-05,-6.122448979591836,0.0038912404949202123,0.16292807332677073,0.28263700896293614,-0.42354303166243723,,
interacting-L8_k240-b0.2,NRG,3e-05,-6.122448979591836,0.004902318825627266,0.367067269774491,0.25069266716495414,0.46421223215501195,,
interacting-L8_k240-b0.2,NRG,3e-05,-6.122448979591836,0.006176110137492858,0.08391878908090686,0.22295886076782462,-0.6236131240000611,,
interacting-L8_k240-b0.2,NRG,3e-05,-6.122448979591836,0.007759510115583023,0.04927853930509634,0.19909648711576577,-0.7524891572976722,,
interacting-L8_k240-b0.2,NRG,3e-05,-6.122448979591836,0.009775698152536788,0.03241285241292902,0.17802775273075985,-0.8179337102460167,,
interacting-L8_k240-b0.2,NRG,3e-05,-6.122448979591836,0.012315761297558488,0.013398134152387572,0.1598334143996995,-0.9161743856708052,,
interacting-L8_k240-b0.2,NRG,3e-05,-6.122448979591836,0.015515820350803199,0.0024048196485763505,0.1442741256555554,-0.9833315943683645,,
interacting-L8_k240-b0.2,NRG,3e-05,-6.122448979591836,0.019493688144055638,9.421133854790195e-05,0.13093336566682182,-0.9992804634779828,,
interacting-L8_k240-b0.2,NRG,3e-05,-6.122448979591836,0.024558819865866575,1.3164565467390891e-06,0.11914689131506416,-0.9999889509786432,,
interacting-L8_k240-b0.2,NRG,3e-05,-6.122448979591836,0.030940047298745794,2.221119155396379e-09,0.10915442790609282,-0.999999979651589,,
interacting-L8_k240-b0.2,NRG,3e-05,-6.122448979591836,0.038979337446874845,2.8582493681864643e-13,0.10081183268049553,-0.9999999999971648,,
interacting-L8_k240-b0.2,NRG,3e-05,-6.122448979591836,0.04897266345391505,3.1665650459053506e-18,0.09398930185791098,-1.0,,
interacting-L8_k240-b0.2,NRG,3e-05,-6.122448979591836,0.06169744848837925,2.3066104725869007e-24,0.08881735876919614,-1.0,,
interacting-L8_k240-b0.2,NRG,3e-05,-6.122448979591836,0.0777285710334774,1.955929420560096e-20,0.08552849058917114,-1.0,,
interacting-L8_k240-b0.2,NRG,3e-05,-6.122448979591836,0.09792513147515866,2.752508962320623e-14,0.08506870096874132,-0.9999999999996765,,
interacting-L8_k240-b0.2,NRG,3e-05,-6.122448979591836,0.12303068295989725,2.3887659948776665e-09,0.08953840711363738,-0.9999999733213257,,
interacting-L8_k240-b0.2,NRG,3e-05,-6.122448979591836,0.15499829270163104,1.68254731776471e-05,0.10217955960382698,-0.9998353342562555,,
interacting-L8_k240-b0.2,NRG,3e-05,-6.122448979591836,0.19527218871288796,0.00826174718831004,0.12473297245635291,-0.9337645289323877,,
interacting-L8_k240-b0.2,NRG,3e-05,-6.122448979591836,0.24533508792393086,0.27570333672721625,0.14941871396375345,0.8451727324737743,,
interacting-L8_k240-b0.2,NRG,3e-05,-6.122448979591836,0.3090815953643763,0.6812339321133506,0.15558314417797298,3.378584426434273,,
interacting-L8_k240-b0.2,NRG,3e-05,-6.122448979591836,0.3893916414541108,0.11776348283040255,0.12848629569300116,-0.08345491482001444,,
interacting-L8_k240-b0.2,NRG,3e-05,-6.122448979591836,0.4905690041348964,0.0014265705591949228,0.08180832541786709,-0.9825620369087354,,
interacting-L8_k240-b0.2,NRG,3e-05,-6.122448979591836,0.6163386120444846,1.3405169777854738e-06,0.04142336880661356,-0.9999676386296816,,
interacting-L8_k240-b0.4,NRG,3e-05,-6.122448979591836,9.965686932496941e-11,0.0,0.05482488892062889,-1.0,,
interacting-L8_k240-b0.4,NRG,3e-05,-6.122448979591836,1.2281942357376427e-10,0.0,0.06131315271455031,-1.0,,
interacting-L8_k240-b0.4,NRG,3e-05,-6.122448979591836,1.5473214084926394e-10,0.0,0.06940596559526313,-1.0,,
interacting-L8_k240-b0.4,NRG,3e-05,-6.122448979591836,1.9493688144055717e-10,0.0,0.0777245005363297,-1.0,,
interacting-L8_k240-b0.4,NRG,3e-05,-6.122448979591836,2.4558819865866576e-10,1.0480468819090706e-306,0.08633911033831175,-1.0,,
interacting-L8_k240-b0.4,NRG,3e-05,-6.122448979591836,3.0855086281432775e-10,1.1028397927148378e-293,0.09603785471312502,-1.0,,
interacting-L8_k240-b0.4,NRG,3e-05,-6.122448979591836,3.8872300630424646e-10,8.582835570969721e-281,0.10783856320115016,-1.0,,
interacting-L8_k240-b0.4,NRG,3e-05,-6.122448979591836,4.897266345391505e-10,3.428614504900329e-268,0.12174376882738293,-1.0,,
interacting-L8_k240-b0.4,NRG,3e-05,-6.122448979591836,6.16974484883795e-10,7.030335081488713e-256,0.13688745095370805,-1.0,,
interacting-L8_k240-b0.4,NRG,3e-05,-6.122448979591836,7.751512926315538e-10,5.342993082686192e-244,0.15308742708409195,-1.0,,
interacting-L8_k240-b0.4,NRG,3e-05,-6.122448979591836,9.76562301800079e-10,2.90957102582876e-232,0.17120459302841848,-1.0,,
interacting-L8_k240-b0.4,NRG,3e-05,-6.122448979591836,1.2303068295989725e-09,8.13285100035062e-221,0.1922414591701529,-1.0,,
interacting-L8_k240-b0.4,NRG,3e-05,-6.122448979591836,1.5499829270163137e-09,1.1668799281862388e-209,0.21644581851360625,-1.0,,
interacting-L8_k240-b0.4,NRG,3e-05,-6.122448979591836,1.947359735078555e-09,6.404889248000197e-199,0.24369765270330768,-1.0,,
interacting-L8_k240-b0.4,NRG,3e-05,-6.122448979591836,2.4533508792393138e-09,2.440517704835419e-188,0.274380657205298,-1.0,,
interacting-L8_k240-b0.4,NRG,3e-05,-6.122448979591836,3.090815953643763e-09,4.773333759058197e-178,0.3080953435662582,-1.0,,
interacting-L8_k240-b0.4,NRG,3e-05,-6.122448979591836,3.893916414541116e-09,4.792158154534392e-168,0.3473541821774866,-1.0,,
interacting-L8_k240-b0.4,NRG,3e-05,-6.122448979591836,4.892219072396927e-09,1.8997369306109258e-158,0.39161555147049065,-1.0,,
interacting-L8_k240-b0.4,NRG,3e-05,-6.122448979591836,6.163386120444858e-09,5.065120601752657e-149,0.43737158622162337,-1.0,,
interacting-L8_k240-b0.4,NRG,3e-05,-6.122448979591836,7.764846158265056e-09,6.9319531157904955e-140,0.4825851311375296,-1.0,,
interacting-L8_k240-b0.4,NRG,3e-05,-6.122448979591836,9.755558267207691e-09,3.8359887448828406e-131,0.5331906923004698,-1.0,,
interacting-L8_k240-b0.4,NRG,3e-05,-6.122448979591836,1.229038837621793e-08,1.3942162329931226e-122,0.5954882485498902,-1.0,,
interacting-L8_k240-b0.4,NRG,3e-05,-6.122448979591836,1.548385467042149e-08,2.6010724362506397e-114,0.6713679316833536,-1.0,,
interacting-L8_k240-b0.4,NRG,3e-05,-6.122448979591836,1.9507093520222067e-08,2.490830987290546e-106,0.7538626653867386,-1.0,,
interacting-L8_k240-b0.4,NRG,3e-05,-6.122448979591836,2.4508223805288727e-08,9.955036012717704e-99,0.8362894408679068,-1.0,,
interacting-L8_k240-b0.4,NRG,3e-05,-6.122448979591836,3.087630463863595e-08,2.531754747388909e-91,0.9202577447205501,-1.0,,
interacting-L8_k240-b0.4,NRG,3e-05,-6.122448979591836,3.889903224778482e-08,3.304988341013525e-84,1.019503232461896,-1.0,,
interacting-L8_k240-b0.4,NRG,3e-05,-6.122448979591836,4.900634086634816e-08,2.214561429807059e-77,1.1309749472752986,-1.0,,
interacting-L8_k240-b0.4,NRG,3e-05,-6.122448979591836,6.1570339455524e-08,6.392388700631315e-71,1.2512579768442582,-1.0,,
interacting-L8_k240-b0.4,NRG,3e-05,-6.122448979591836,7.756843469508186e-08,1.1375433595788294e-64,1.3824692554191942,-1.0,,
interacting-L8_k240-b0.4,NRG,3e-05,-6.122448979591836,9.772338619947862e-08,1.0390638730054833e-58,1.5212771762575874,-1.0,,
interacting-L8_k240-b0.4,NRG,3e-05,-6.122448979591836,1.2311528842669744e-07,4.871761645577991e-53,1.6471691412184832,-1.0,,
interacting-L8_k240-b0.4,NRG,3e-05,-6.122448979591836,1.5467896534592636e-07,1.0156366010723073e-47,1.7667344748663716,-1.0,,
interacting-L8_k240-b0.4,NRG,3e-05,-6.122448979591836,1.9486988910959846e-07,1.2646464075722264e-42,1.8847917113896377,-1.0,,
interacting-L8_k240-b0.4,NRG,3e-05,-6.122448979591836,2.455037994122927e-07,8.082940597619915e-38,2.002625251022383,-1.0,,
interacting-L8_k240-b0.4,NRG,3e-05,-6.122448979591836,3.0929414390939054e-07,2.651790196834962e-33,2.1163866133498472,-1.0,,
interacting-L8_k240-b0.4,NRG,3e-05,-6.122448979591836,3.885894171132376e-07,3.992715264757122e-29,2.203700425911963,-1.0,,
interacting-L8_k240-b0.4,NRG,3e-05,-6.122448979591836,4.895583342742766e-07,3.4787650506072283e-25,2.2608530600836887,-1.0,,
interacting-L8_k240-b0.4,NRG,3e-05,-6.122448979591836,6.167624544122959e-07,1.5557913681251683e-21,2.297710754646054,-1.0,,
interacting-L8_k240-b0.4,NRG,3e-05,-6.122448979591836,7.770185870425022e-07,3.571470918120794e-18,2.316364321455531,-1.0,,
interacting-L8_k240-b0.4,NRG,3e-05,-6.122448979591836,9.762266947849254e-07,3.8837669837045304e-15,2.3008092179516564,-0.9999999999999983,,
interacting-L8_k240-b0.4,NRG,3e-05,-6.122448979591836,1.229884020319886e-06,2.3677503551173485e-12,2.2547678503100665,-0.9999999999989498,,
interacting-L8_k240-b0.4,NRG,3e-05,-6.122448979591836,1.5494502573210787e-06,7.409487276458019e-10,2.194809344843156,-0.9999999996624086,,
interacting-L8_k240-b0.4,NRG,3e-05,-6.122448979591836,1.952050811496781e-06,1.1901724804123379e-07,2.1249600072058743,-0.9999999439908291,,
interacting-L8_k240-b0.4,NRG,3e-05,-6.122448979591836,2.4525077566201035e-06,9.347442908433376e-06,2.0435179777028596,-0.9999954258083313,,
interacting-L8_k240-b0.4,NRG,3e-05,-6.122448979591836,3.0897537587232003e-06,0.00039875080392887065,1.9362810557360455,-0.9997940635721516,,
interacting-L8_k240-b0.4,NRG,3e-05,-6.122448979591836,3.8925782247884085e-06,0.008731321715951248,1.8174462197867265,-0.9951958293891217,,
interacting-L8_k240-b0.4,NRG,3e-05,-6.122448979591836,4.9040041437989455e-06,0.09813627971023417,1.7013130653867148,-0.9423173302393187,,
interacting-L8_k240-b0.4,NRG,3e-05,-6.122448979591836,6.161268000980979e-06,0.5566824400687467,1.5968988542241684,-0.6513978085736662,,
interacting-L8_k240-b0.4,NRG,3e-05,-6.122448979591836,7.762177678396938e-06,1.662359018292493,1.5069942247868209,0.10309581214728936,,
interacting-L8_k240-b0.4,NRG,3e-05,-6.122448979591836,9.779058840065127e-06,2.5577401188509383,1.4259893105854324,0.7936600925857371,,
interacting-L8_k240-b0.4,NRG,3e-05,-6.122448979591836,1.231999520747974e-05,2.096275661641081,1.3475214912307036,0.5556528599232458,,
interacting-L8_k240-b0.4,NRG,3e-05,-6.122448979591836,1.547853346332653e-05,1.1965233301236116,1.2768081143089354,-0.06287928725200609,,
interacting-L8_k240-b0.4,NRG,3e-05,-6.122448979591836,1.9500389680212502e-05,0.9597352661543413,1.219627133306648,-0.21309124736155127,,
interacting-L8_k240-b0.4,NRG,3e-05,-6.122448979591836,2.4567262691979562e-05,0.8663104510754098,1.160306609900114,-0.25337799191716504,,
interacting-L8_k240-b0.4,NRG,3e-05,-6.122448979591836,3.08656936367371e-05,0.4747154092095381,1.1038713326488412,-0.5699540379670749,,
interacting-L8_k240-b0.4,NRG,3e-05,-6.122448979591836,3.8885664142052034e-05,0.141155279665722,1.060134346669131,-0.8668515173485114,,
interacting-L8_k240-b0.4,NRG,3e-05,-6.122448979591836,4.898949926622543e-05,0.06853811662730488,1.0291658542251636,-0.9334042065757169,,
interacting-L8_k240-b0.4,NRG,3e-05,-6.122448979591836,6.17186588247084e-05,0.22717507241589316,1.0031493294863176,-0.7735381306268503,,
interacting-L8_k240-b0.4,NRG,3e-05,-6.122448979591836,7.754177739857318e-05,0.6143624339450301,0.9751587059618947,-0.3699872336790305,,
interacting-L8_k240-b0.4,NRG,3e-05,-6.122448979591836,9.76898024190144e-05,1.0515900045647617,0.9543579065546999,0.1018822156156034,,
interacting-L8_k240-b0.4,NRG,3e-05,-6.122448979591836,0.00012307297842313445,1.1333430889495537,0.9415833261165961,0.20365671047281486,,
interacting-L8_k240-b0.4,NRG,3e-05,-6.122448979591836,0.0001550515779832622,0.76914149181346,0.9377844006423791,-0.1798312156966988,,
interacting-L8_k240-b0.4,NRG,3e-05,-6.122448979591836,0.00019480291980133497,0.35396121476717063,0.9403153107755682,-0.6235717841548014,,
interacting-L8_k240-b0.4,NRG,3e-05,-6.122448979591836,0.00024541942917070367,0.14528220293735028,0.932742998290413,-0.8442419796196464,,
interacting-L8_k240-b0.4,NRG,3e-05,-6.122448979591836,0.0003091878513725486,0.1324132758008764,0.8994151587315653,-0.8527784699697332,,
interacting-L8_k240-b0.4,NRG,3e-05,-6.122448979591836,0.0003895255064336409,0.28770278873318034,0.8453540284960205,-0.6596659162492715,,
interacting-L8_k240-b0.4,NRG,3e-05,-6.122448979591836,0.0004893900918477499,0.49149961407260384,0.784964082796939,-0.37385719315803523,,
interacting-L8_k240-b0.4,NRG,3e-05,-6.122448979591836,0.0006165504968075404,0.49698017743859996,0.7220448630985926,-0.31170457289059184,,
interacting-L8_k240-b0.4,NRG,3e-05,-6.122448979591836,0.0007767515555502611,0.3098501870280846,0.6570471964122738,-0.5284201976357501,,
interacting-L8_k240-b0.4,NRG,3e-05,-6.122448979591836,0.0009785783681528497,0.1495283463895597,0.5922869841070701,-0.7475407186011556,,
interacting-L8_k240-b0.4,NRG,3e-05,-6.122448979591836,0.0012294613563441404,0.08300275737564988,0.5281846770248534,-0.842852772929374,,
interacting-L8_k240-b0.4,NRG,3e-05,-6.122448979591836,0.0015489177706839948,0.10023171437374981,0.4678570182592577,-0.7857642175665568,,
interacting-L8_k240-b0.4,NRG,3e-05,-6.122448979591836,0.0019513799664876393,0.1706415513745111,0.4116368452295324,-0.5854560801539526,,
interacting-L8_k240-b0.4,NRG,3e-05,-6.122448979591836,0.002458415705262239,0.20140114526358374,0.36217238544581565,-0.4439080577176826,,
interacting-L8_k240-b0.4,NRG,3e-05,-6.122448979591836,0.0030886919288382877,0.1929559934551031,0.3195118202394838,-0.39609122031705524,,
interacting-L8_k240-b0.4,NRG,3e-05,-6.122448979591836,0.0038912404949202123,0.21454204299638766,0.28263700896293614,-0.2409272806006738,,
interacting-L8_k240-b0.4,NRG,3e-05,-6.122448979591836,0.004902318825627266,0.2040331921420281,0.25069266716495414,-0.18612221709789545,,
interacting-L8_k240-b0.4,NRG,3e-05,-6.122448979591836,0.006176110137492858,0.12676499656152349,0.22295886076782462,-0.43144221259038185,,
interacting-L8_k240-b0.4,NRG,3e-05,-6.122448979591836,0.007759510115583023,0.06171572001039989,0.19909648711576577,-0.6900210500724961,,
interacting-L8_k240-b0.4,NRG,3e-05,-6.122448979591836,0.009775698152536788,0.030778536317311162,0.17802775273075985,-0.8271138300337978,,
interacting-L8_k240-b0.4,NRG,3e-05,-6.122448979591836,0.012315761297558488,0.014288899652121673,0.1598334143996995,-0.9106012988223535,,
interacting-L8_k240-b0.4,NRG,3e-05,-6.122448979591836,0.015515820350803199,0.004972389769478733,0.1442741256555554,-0.9655351245631529,,
interacting-L8_k240-b0.4,NRG,3e-05,-6.122448979591836,0.019493688144055638,0.001175763909208345,0.13093336566682182,-0.9910201352938545,,
interacting-L8_k240-b0.4,NRG,3e-05,-6.122448979591836,0.024558819865866575,0.00016831357598556866,0.11914689131506416,-0.9985873439572964,,
interacting-L8_k240-b0.4,NRG,3e-05,-6.122448979591836,0.030940047298745794,1.4195896672153571e-05,0.10915442790609282,-0.9998699466714775,,
interacting-L8_k240-b0.4,NRG,3e-05,-6.122448979591836,0.038979337446874845,7.033601287839761e-07,0.10081183268049553,-0.999993023039954,,
interacting-L8_k240-b0.4,NRG,3e-05,-6.122448979591836,0.04897266345391505,2.3641226888800376e-08,0.09398930185791098,-0.9999997484689596,,
interacting-L8_k240-b0.4,NRG,3e-05,-6.122448979591836,0.06169744848837925,2.1876338406030356e-07,0.08881735876919614,-0.9999975369298627,,
interacting-L8_k240-b0.4,NRG,3e-05,-6.122448979591836,0.0777285710334774,1.2367914286932618e-05,0.08552849058917114,-0.9998553942177427,,
interacting-L8_k240-b0.4,NRG,3e-05,-6.122448979591836,0.09792513147515866,0.00035966503313088856,0.08506870096874132,-0.9957720638844239,,
interacting-L8_k240-b0.4,NRG,3e-05,-6.122448979591836,0.12303068295989725,0.005221049081795277,0.08953840711363738,-0.941689278935139,,
interacting-L8_k240-b0.4,NRG,3e-05,-6.122448979591836,0.15499829270163104,0.040353398306182287,0.10217955960382698,-0.6050736716556477,,
interacting-L8_k240-b0.4,NRG,3e-05,-6.122448979591836,0.19527218871288796,0.16015956313502153,0.12473297245635291,0.28401945356561775,,
interacting-L8_k240-b0.4,NRG,3e-05,-6.122448979591836,0.24533508792393086,0.3249423884543362,0.14941871396375345,1.1747101138426475,,
interacting-L8_k240-b0.4,NRG,3e-05,-6.122448979591836,0.3090815953643763,0.34281034281239525,0.15558314417797298,1.203389992043427,,
interacting-L8_k240-b0.4,NRG,3e-05,-6.122448979591836,0.3893916414541108,0.18572952004457208,0.12848629569300116,0.4455200770076295,,
interacting-L8_k240-b0.4,NRG,3e-05,-6.122448979591836,0.4905690041348964,0.05167707459219556,0.08180832541786709,-0.36831521329601513,,
interacting-L8_k240-b0.4,NRG,3e-05,-6.122448979591836,0.6163386120444846,0.007587122864914959,0.04142336880661356,-0.8168395501501651,,
