setting,delta_over_D,omega,weight,spin,addition
L8_k240,0.03,1.1144203071149117,0.0002651428096865568,0,1
L8_k240,0.03,1.1978332838820365,0.001980107035803188,0,1
L8_k240,0.03,2.2569648041789647,0.0020248462970315875,0,1
L8_k240,0.03,2.3432638326782915,0.0036154168295882416,0,1
L8_k240,0.03,3.1050165693186917,9.037676306863954e-06,0,1
L8_k240,0.03,3.409570135282868,2.4436801944596663e-07,0,1
L8_k240,0.03,3.8749945331677633,2.610072392327023e-07,0,1
L8_k240,0.03,3.88990320090588,6.712714932567143e-07,0,1
L8_k240,0.03,4.233303767719782,1.9911267520799404e-05,0,1
L8_k240,0.03,4.329005502586987,8.432247849959713e-06,0,1
L8_k240,0.03,4.344313746033894,1.6199461739565097e-06,0,1
L8_k240,0.03,4.545463157777496,9.298443920494519e-07,0,1
L8_k240,0.03,4.556163307056391,2.1239311085486578e-08,0,1
L8_k240,0.03,4.635053593967025,3.128124625611585e-08,0,1
L8_k240,0.03,4.963034756184189,4.420609165317706e-08,0,1
L8_k240,0.03,5.056638142364488,1.6053530419588504e-07,0,1
L8_k240,0.03,5.433286361596433,3.728852157563062e-06,0,1
L8_k240,0.03,5.462373196587377,1.7488423595873092e-05,0,1
L8_k240,0.03,5.544159121419277,4.535910067660466e-06,0,1
L8_k240,0.03,5.68536038320586,3.433358567203224e-07,0,1
L8_k240,0.03,6.195988546914593,0.0038956765177626286,0,1
L8_k240,0.03,6.258910302574303,0.004603915071811535,0,1
L8_k240,0.03,6.558712864827553,8.122613012545784e-05,0,1
L8_k240,0.03,6.65167882700442,1.9986486614413327e-05,0,1
L8_k240,0.03,6.806420893134755,9.515027233295163e-06,0,1
L8_k240,0.03,6.926912890934353,3.0520945811861765e-05,0,1
L8_k240,0.03,7.081921459616071,2.849667105139728e-05,0,1
L8_k240,0.03,7.5662471694349955,1.9840989749288653e-06,0,1
L8_k240,0.03,7.902075492203239,1.579741240415883e-05,0,1
L8_k240,0.03,8.064667180826701,0.00011806809957870896,0,1
L8_k240,0.03,8.240471943020626,3.2335497475813305e-05,0,1
L8_k240,0.03,8.43843458790427,1.5829797763952063e-05,0,1
L8_k240,0.03,8.893267769025824,9.914467660642129e-06,0,1
L8_k240,0.03,9.109981715406692,8.391635238932335e-06,0,1
L8_k240,0.03,9.41130415623654,0.00012209253531116938,0,1
L8_k240,0.03,9.581996667169088,1.0371138890356636e-05,0,1
L8_k240,0.03,10.313529524366981,1.446366421213291e-05,0,1
L8_k240,0.03,10.434175018159463,3.240066189635539e-05,0,1
L8_k240,0.03,10.59693958058419,1.0875752876784858e-05,0,1
L8_k240,0.03,11.281531797575333,6.297741790471829e-07,0,1
L8_k240,0.03,11.627275424942336,9.873340434111846e-06,0,1
L8_k240,0.03,12.263413298704453,5.08256088639569e-06,0,1
L8_k240,0.03,12.579211483375882,8.877126319638124e-05,0,1
L8_k240,0.03,12.776250458178557,9.19106320452001e-05,0,1
L8_k240,0.03,13.211653706361332,2.7633819447597002e-05,0,1
L8_k240,0.03,13.664562383192228,0.00025090703711301695,0,1
L8_k240,0.03,13.890774989730655,0.0002694838402301272,0,1
L8_k240,0.03,14.236495740886001,7.81840108285681e-05,0,1
L8_k240,0.03,14.853223717231621,0.00010992299277332138,0,1
L8_k240,0.03,15.103042061211019,0.00016678197953016086,0,1
L8_k240,0.03,15.460148023443976,4.342414273086718e-06,0,1
L8_k240,0.03,15.98567118627843,8.666934082570943e-06,0,1
L8_k240,0.03,16.816817639610655,4.6086132019994075e-06,0,1
L8_k240,0.03,17.232306521499545,6.0876624644895126e-05,0,1
L8_k240,0.03,17.563209614755706,8.651679802843395e-05,0,1
L8_k240,0.03,17.99291831723877,3.236260886721367e-05,0,1
L8_k240,0.03,18.476857760586515,5.546860614029058e-05,0,1
L8_k240,0.03,19.29615146683938,0.006449826773456206,0,1
L8_k240,0.03,19.429810501907397,0.001456778530054055,0,1
L8_k240,0.03,19.690282283211577,7.146800737716628e-05,0,1
L8_k240,0.03,20.56819029979065,5.454014955100175e-06,0,1
L8_k240,0.03,21.10127252328962,1.554132412901215e-05,0,1
L8_k240,0.03,21.660410625909282,5.378398354930674e-06,0,1
L8_k240,0.03,22.226283845196438,0.00010666921699487928,0,1
L8_k240,0.03,22.580505723636435,0.00010010691848332124,0,1
L8_k240,0.03,23.16699504880557,3.332325860144046e-05,0,1
L8_k240,0.03,23.6939160873428,1.8559636653104997e-05,0,1
L8_k240,0.03,24.106625979497128,7.816758536992873e-05,0,1
L8_k240,0.03,25.042868021008513,5.6408319060519933e-05,0,1
L8_k240,0.03,25.34813897485921,3.6332053939100836e-05,0,1
L8_k240,0.03,26.038244621285553,9.929713253208607e-06,0,1
L8_k240,0.03,26.52535728922729,2.211926655496514e-05,0,1
L8_k240,0.03,27.22283332351944,1.0178872250268429e-05,0,1
L8_k240,0.03,27.781513280108676,3.550134124431883e-05,0,1
L8_k240,0.03,28.149927960066368,1.1082442929458715e-05,0,1
L8_k240,0.03,28.940622386545357,7.76339713455905e-05,0,1
L8_k240,0.03,29.35717702700755,5.191632382090832e-06,0,1
L8_k240,0.03,30.292425471985165,1.4336150664655632e-05,0,1
L8_k240,0.03,30.731350711189886,3.965994603687132e-05,0,1
L8_k240,0.03,31.497640686559876,1.9583056825368116e-05,0,1
L8_k240,0.03,31.819043252205518,1.9241112561710255e-05,0,1
L8_k240,0.03,32.78978611683877,4.407365091773323e-05,0,1
L8_k240,0.03,33.09413845875259,1.5379299422598135e-05,0,1
L8_k240,0.03,33.95770381188537,3.1623994521285454e-06,0,1
L8_k240,0.03,34.678769199015974,5.318198844782371e-06,0,1
L8_k240,0.03,35.16881639992643,3.0881092678389964e-05,0,1
L8_k240,0.03,35.67894104211662,4.83570643366023e-06,0,1
L8_k240,0.03,36.40575962974038,1.938320895872243e-06,0,1
L8_k240,0.03,37.03878384287986,2.0929204861646644e-05,0,1
L8_k240,0.03,37.65245571803932,7.11136714471089e-07,0,1
L8_k240,0.03,38.30135255106794,6.384141460745552e-07,0,1
L8_k240,0.03,39.39759346123706,1.8880344977492937e-06,0,1
L8_k240,0.03,40.0416718487233,4.5830504683111027e-07,0,1
L8_k240,0.03,40.55646113804425,4.343356365409738e-06,0,1
L8_k240,0.03,41.56213900401412,3.607218420393337e-06,0,1
L8_k240,0.03,41.79012456917443,6.321614163107028e-06,0,1
L8_k240,0.03,42.66831204405631,7.980462730361452e-06,0,1
L8_k240,0.03,43.38587566404539,4.5449086818054154e-07,0,1
L8_k240,0.03,43.84138582022814,2.0486052443047376e-06,0,1
L8_k240,0.03,44.95278329997217,2.525164602609556e-07,0,1
L8_k240,0.03,45.62790534570469,7.588392920141562e-06,0,1
L8_k240,0.03,46.37530102122564,6.717990471135604e-06,0,1
L8_k240,0.03,46.62677743057998,2.658188471869105e-06,0,1
L8_k240,0.03,47.61713248998164,4.285604855481544e-07,0,1
L8_k240,0.03,48.16865970656285,2.0911858904299576e-07,0,1
L8_k240,0.03,48.89453619050712,4.1344421740823057e-07,0,1
L8_k240,0.03,49.69186870294572,5.703119332682456e-06,0,1
L8_k240,0.03,50.06670918541677,3.6190406086388788e-06,0,1
L8_k240,0.03,50.96317780492619,1.464507843393475e-07,0,1
L8_k240,0.03,51.45853467036714,1.1283087425126165e-07,0,1
L8_k240,0.03,52.2953679265392,5.484542069559155e-08,0,1
L8_k240,0.03,53.07446035006209,1.327603480404843e-08,0,1
L8_k240,0.03,53.8607382787449,3.3545123680218346e-09,0,1
L8_k240,0.03,54.463714664996346,1.6313104802296341e-09,0,1
L8_k240,0.03,55.55525226671498,3.117638949536241e-10,0,1
L8_k240,0.03,56.75964384673239,1.8820865432396983e-09,0,1
L8_k240,0.03,57.608797213264694,8.826611994413995e-09,0,1
L8_k240,0.03,58.30320032476611,5.821704359044858e-08,0,1
L8_k240,0.03,58.67323452670656,1.615805444731525e-06,0,1
L8_k240,0.03,58.9211583085817,5.057404392879096e-07,0,1
L8_k240,0.03,59.93291044170745,2.5446447181902268e-09,0,1
L8_k240,0.03,60.70455703563702,5.158147735064384e-09,0,1
L8_k240,0.03,61.605760448045295,3.785651331618286e-09,0,1
L8_k240,0.03,62.1133440990434,1.7487225323011621e-09,0,1
L8_k240,0.03,62.83431843092528,1.3274902309928383e-09,0,1
L8_k240,0.03,63.40325293556702,5.882902508714432e-10,0,1
L8_k240,0.03,64.38197713856283,5.858529738915382e-10,0,1
L8_k240,0.03,65.13350774747394,1.8170895848443418e-10,0,1
L8_k240,0.03,65.90825628069506,2.2372682293903598e-10,0,1
L8_k240,0.03,66.71864657163152,1.0064595231984161e-10,0,1
L8_k240,0.03,67.18489172827675,1.146926383614054e-10,0,1
L8_k240,0.03,68.18285919932606,2.238556424021519e-10,0,1
L8_k240,0.03,69.38427576317704,4.623670494596949e-11,0,1
L8_k240,0.03,69.90245871604587,1.1772839354099446e-10,0,1
L8_k240,0.03,70.41915288415608,7.668278211668036e-11,0,1
L8_k240,0.03,71.01595066052259,9.189730554869308e-11,0,1
L8_k240,0.03,72.09957420722746,8.165869103009626e-11,0,1
L8_k240,0.03,72.4980368132639,2.0501633604224566e-11,0,1
L8_k240,0.03,73.51394371868888,8.63083754640092e-12,0,1
L8_k240,0.03,74.29630702619471,4.4233404898849194e-11,0,1
L8_k240,0.03,74.63002137965132,2.0300837450384472e-11,0,1
L8_k240,0.03,75.47777432930089,3.401264368182144e-12,0,1
L8_k240,0.03,76.38442210965648,1.8484978696031664e-11,0,1
L8_k240,0.03,76.67100578945231,3.933774193565052e-12,0,1
L8_k240,0.03,77.61237790469319,6.846756467514088e-13,0,1
L8_k240,0.03,78.49287319954256,1.559878975669577e-13,0,1
L8_k240,0.03,78.98472974154843,9.873655078498429e-14,0,1
L8_k240,0.03,79.85650136949297,1.0663109461386725e-13,0,1
L8_k240,0.03,80.8217360731549,9.342159333392007e-14,0,1
L8_k240,0.03,81.07740192956904,9.212154126112708e-14,0,1
L8_k240,0.03,82.09765738526445,6.6338608124360135e-15,0,1
L8_k240,0.03,82.82857263882215,6.864678065506264e-15,0,1
L8_k240,0.03,83.86868297469493,5.837352524538598e-15,0,1
L8_k240,0.03,84.60754197124584,1.662152199365616e-14,0,1
L8_k240,0.03,84.93075421396838,1.0374845611989923e-13,0,1
L8_k240,0.03,85.59858686566947,1.2376328437031403e-15,0,1
L8_k240,0.03,86.54439678312976,5.271818681912042e-16,0,1
L8_k240,0.03,86.95514448897228,5.905162996063356e-16,0,1
L8_k240,0.03,87.9771493561232,4.742869455127767e-16,0,1
L8_k240,0.03,88.33237994341948,2.5322957022948437e-16,0,1
L8_k240,0.03,89.16812860317225,1.9698441305246344e-16,0,1
L8_k240,0.03,90.30411480555372,7.279739748780497e-17,0,1
L8_k240,0.03,90.73941079162843,1.2851487551783413e-17,0,1
L8_k240,0.03,91.40590675601406,9.743636212074252e-17,0,1
L8_k240,0.03,92.10722713115645,6.774424708047176e-17,0,1
L8_k240,0.03,92.57126135562294,7.709222300903324e-17,0,1
L8_k240,0.03,93.1287020010412,2.6486235865856216e-17,0,1
L8_k240,0.03,93.99104092290413,8.248298599743287e-19,0,1
L8_k240,0.03,94.72004565658227,2.1656845340751588e-19,0,1
L8_k240,0.03,95.79596630225046,2.346912630625637e-18,0,1
L8_k240,0.03,96.31361532251367,3.4687503078396886e-17,0,1
L8_k240,0.03,96.60296608504814,9.26048790090084e-18,0,1
L8_k240,0.03,97.18891445327792,8.894082402416718e-18,0,1
L8_k240,0.03,98.12581680369834,5.291094332748011e-18,0,1
L8_k240,0.03,98.29970183868603,2.4148391448511096e-18,0,1
L8_k240,0.03,99.24434360752751,1.776893967759494e-19,0,1
L8_k240,0.03,99.75226834273978,3.750579649912527e-19,0,1
L8_k240,0.03,100.6104642105269,6.083185841203381e-19,0,1
L8_k240,0.03,100.93609831071694,2.8553718075557282e-18,0,1
L8_k240,0.03,101.2636018486152,1.5386701035021618e-18,0,1
L8_k240,0.03,101.44139950996986,6.433305328316032e-19,0,1
L8_k240,0.03,102.82482052512924,1.0862595086995573e-21,0,1
L8_k240,0.03,103.33774976816304,3.449194671384537e-21,0,1
L8_k240,0.03,103.86153742421038,6.8446809292173e-22,0,1
L8_k240,0.03,104.42729998863155,3.3470128676006226e-21,0,1
L8_k240,0.03,104.83193724161292,8.012028354321424e-22,0,1
L8_k240,0.03,105.48642655519107,1.815231425300547e-21,0,1
L8_k240,0.03,105.83717936779698,3.6791531366148523e-22,0,1
L8_k240,0.03,106.51420517394347,3.8429515146511877e-22,0,1
L8_k240,0.03,107.00855127773936,8.128330599657824e-24,0,1
L8_k240,0.03,107.641477832215,2.0543018702160693e-23,0,1
L8_k240,0.03,108.30326869646997,3.596026134458379e-24,0,1
L8_k240,0.03,108.84869801483926,8.653296760792311e-23,0,1
L8_k240,0.03,109.1174023118028,1.0621058667233012e-22,0,1
L8_k240,0.03,109.66861120292272,3.1717116778491494e-24,0,1
L8_k240,0.03,110.14068772839173,3.978461718679031e-23,0,1
L8_k240,0.03,110.2034023554527,5.707503388345066e-23,0,1
L8_k240,0.03,110.9013731390998,1.8095569550404677e-25,0,1
L8_k240,0.03,111.4164567399975,1.5275173847374707e-26,0,1
L8_k240,0.03,112.05355876862077,3.377016651821721e-26,0,1
L8_k240,0.03,112.38711521034085,2.7962695579023106e-26,0,1
L8_k240,0.03,113.05995325002544,7.960895570675473e-27,0,1
L8_k240,0.03,113.32978888727632,9.876078425289567e-27,0,1
L8_k240,0.03,113.4716673681188,8.407331932280319e-27,0,1
L8_k240,0.03,114.45059243886897,4.0494981819738744e-27,0,1
L8_k240,0.03,114.85588065810933,2.5903632075391466e-27,0,1
L8_k240,0.03,114.96142036483036,4.445622452259549e-27,0,1
L8_k240,0.03,115.50129262732837,1.2706657452819707e-28,0,1
L8_k240,0.03,115.92623300184711,6.85517527422722e-27,0,1
L8_k240,0.03,116.1113526044778,9.080653576801537e-28,0,1
L8_k240,0.03,116.29687210973822,1.6800282175312833e-27,0,1
L8_k240,0.03,116.72140849589597,1.314568440551809e-28,0,1
L8_k240,0.03,117.06479091800567,1.4266061575342827e-27,0,1
L8_k240,0.03,117.12592578223405,5.47249290162823e-28,0,1
L8_k240,0.03,117.71564490731328,1.4429091141435612e-30,0,1
L8_k240,0.03,118.19748375172573,5.252506085362402e-32,0,1
L8_k240,0.03,118.48546806829198,1.520559870157238e-31,0,1
L8_k240,0.03,118.80239034728015,1.2595432893407318e-31,0,1
L8_k240,0.03,119.05934758387802,3.164336828612973e-32,0,1
L8_k240,0.03,119.2767181934056,3.597901865590634e-32,0,1
L8_k240,0.03,119.4580459260185,2.0688742308611e-32,0,1
L8_k240,0.03,119.85848048741894,5.424140088560831e-31,0,1
L8_k240,0.03,119.93104484213752,1.1692578723455434e-31,0,1
L8_k240,0.03,120.09643735375724,3.064606407536924e-32,0,1
L8_k240,0.03,120.21001136884112,2.1733021172730376e-32,0,1
L8_k240,0.03,120.35467245861881,6.319830804602698e-32,0,1
L8_k240,0.03,120.71360137816168,1.2794810021503928e-32,0,1
L8_k240,0.03,120.76818900263629,7.205082844161122e-33,0,1
L8_k240,0.03,121.29238304350939,4.805684905408022e-32,0,1
L8_k240,0.03,121.63451787534412,2.320814942589987e-34,0,1
L8_k240,0.03,122.12001736531832,2.468243612586019e-33,0,1
L8_k240,0.03,122.28374580807879,3.515330325858971e-33,0,1
L8_k240,0.03,122.3502908776443,1.589274639808226e-31,0,1
L8_k240,0.03,122.41945469443749,2.692821813024653e-32,0,1
L8_k240,0.03,122.53788131977447,2.2945163611262475e-32,0,1
L8_k240,0.03,122.6550498246358,1.4553815001375186e-32,0,1
L8_k240,0.03,122.89389788746612,6.857855401028249e-32,0,1
L8_k240,0.03,122.96991194433582,6.98918466245179e-32,0,1
L8_k240,0.03,123.50756840187535,7.837746166348769e-32,0,1
L8_k240,0.03,123.80727586637404,5.296955928023069e-32,0,1
L8_k240,0.03,-0.58993252066866,0.026356747271687093,0,0
L8_k240,0.03,-1.0830242781910588,0.0013895553176654144,0,0
L8_k240,0.03,-1.114420307114882,0.00013257140484349334,0,0
L8_k240,0.03,-1.1978332838820354,0.0009900535179020622,0,0
L8_k240,0.03,-1.7747781649170107,0.009907957593360772,0,0
L8_k240,0.03,-1.948549331940725,0.010989968208470575,0,0
L8_k240,0.03,-2.256964804178958,0.0010124231485161646,0,0
L8_k240,0.03,-2.3432638326782897,0.0018077084147934963,0,0
L8_k240,0.03,-2.811534812065871,3.4961986134242704e-06,0,0
L8_k240,0.03,-3.090708549365868,2.0003366293442966e-05,0,0
L8_k240,0.03,-3.1050165693187814,4.518838153360908e-06,0,0
L8_k240,0.03,-3.409570135306264,1.2218400978388287e-07,0,0
L8_k240,0.03,-3.8611274220457075,5.622693083913692e-05,0,0
L8_k240,0.03,-3.8877790535416716,0.00015389657171171447,0,0
L8_k240,0.03,-3.991320966346276,1.1716334064575994e-05,0,0
L8_k240,0.03,-4.057029983868015,0.00042920851253032546,0,0
L8_k240,0.03,-4.263318722038974,4.1887879419375206e-05,0,0
L8_k240,0.03,-4.306278816034142,0.0006848029431359874,0,0
L8_k240,0.03,-4.494281680821201,1.1033108321016147e-06,0,0
L8_k240,0.03,-4.741536548956307,0.0339732573378885,0,0
L8_k240,0.03,-4.848382277151456,0.037234837686950954,0,0
L8_k240,0.03,-5.036254808500207,0.005411103686328563,0,0
L8_k240,0.03,-5.123924990415496,0.00044537615470086305,0,0
L8_k240,0.03,-5.270131674274971,0.00058073843828516,0,0
L8_k240,0.03,-5.464325652409213,2.7225474252556373e-05,0,0
L8_k240,0.03,-6.159431166055514,0.0002137978817500601,0,0
L8_k240,0.03,-6.211772037292945,0.0025151956473964264,0,0
L8_k240,0.03,-6.2710654017748615,0.0015349765733331266,0,0
L8_k240,0.03,-6.596989572110628,4.708551176935578e-05,0,0
L8_k240,0.03,-6.9436442867370785,2.8321303362898094e-05,0,0
L8_k240,0.03,-7.117662923668807,7.172029036490493e-05,0,0
L8_k240,0.03,-7.7483911628611875,3.050078102251667e-05,0,0
L8_k240,0.03,-7.947846890322106,0.0003039272922963522,0,0
L8_k240,0.03,-8.212271882678172,0.0009206496044494757,0,0
L8_k240,0.03,-8.525422476077047,0.00016420460001568768,0,0
L8_k240,0.03,-8.866717406677797,0.0033519065652134546,0,0
L8_k240,0.03,-9.165264698587473,0.003952872297323006,0,0
L8_k240,0.03,-9.397018077545686,0.0020677231614536183,0,0
L8_k240,0.03,-9.91998283979162,0.0006493694487107923,0,0
L8_k240,0.03,-10.114423093306604,0.022281726718670555,0,0
L8_k240,0.03,-10.48940251321824,0.12061989374137512,0,0
L8_k240,0.03,-10.77862802315069,0.1059677421406235,0,0
L8_k240,0.03,-11.207585150545551,0.00032672742683112905,0,0
L8_k240,0.03,-11.594791158215383,0.0013735176364951533,0,0
L8_k240,0.03,-12.150081313216134,0.00014163333278676503,0,0
L8_k240,0.03,-12.384651490652987,0.0028370912239615072,0,0
L8_k240,0.03,-12.706396418091117,0.0019672574951209673,0,0
L8_k240,0.03,-13.450418937232445,0.0006910128808885039,0,0
L8_k240,0.03,-13.660832899520239,0.000794738752354553,0,0
L8_k240,0.03,-13.977839924142774,0.00043876017190429506,0,0
L8_k240,0.03,-14.59559097023243,3.3756348063145844e-05,0,0
L8_k240,0.03,-14.99387906662754,0.00017930622012446348,0,0
L8_k240,0.03,-15.254703214094803,5.937805711546181e-05,0,0
L8_k240,0.03,-16.060045130559423,1.1940363679660762e-05,0,0
L8_k240,0.03,-16.563238524211965,8.051726041734912e-05,0,0
L8_k240,0.03,-17.10929094133022,3.3112494529806446e-05,0,0
L8_k240,0.03,-17.475463586637986,7.937402844020275e-05,0,0
L8_k240,0.03,-18.000450386552192,2.1426878411569212e-05,0,0
L8_k240,0.03,-18.496119142855814,3.47478179871001e-05,0,0
L8_k240,0.03,-19.30349051503069,0.003575743107861382,0,0
L8_k240,0.03,-19.50163306552149,0.00046407831920351685,0,0
L8_k240,0.03,-20.616792007698656,0.02742185085378841,0,0
L8_k240,0.03,-20.795887120536523,0.030606456183967182,0,0
L8_k240,0.03,-21.181967127282874,0.0016586623716747931,0,0
L8_k240,0.03,-21.78045594702367,0.00023676158720516496,0,0
L8_k240,0.03,-22.226285172386678,0.001349110840241687,0,0
L8_k240,0.03,-22.935453681241565,0.00010362889471226991,0,0
L8_k240,0.03,-23.39206719689407,0.000508853802673652,0,0
L8_k240,0.03,-24.03387917864252,0.00011474523181370645,0,0
L8_k240,0.03,-24.604783817994207,2.411381771022422e-05,0,0
L8_k240,0.03,-25.236617021084705,0.00015080668746272888,0,0
L8_k240,0.03,-25.5465418349928,0.000155453672404677,0,0
L8_k240,0.03,-26.3918570336744,0.00020634888960468644,0,0
L8_k240,0.03,-26.67218350842637,6.067086206406404e-05,0,0
L8_k240,0.03,-27.698056927878543,2.0661421344348047e-05,0,0
L8_k240,0.03,-28.2315603059494,1.4016010472233284e-05,0,0
L8_k240,0.03,-28.880358826234303,5.9260964962651896e-05,0,0
L8_k240,0.03,-29.52854522137842,9.621276622024557e-06,0,0
L8_k240,0.03,-30.086712321924015,7.141380718680003e-05,0,0
L8_k240,0.03,-30.71398379297308,7.013184584151225e-05,0,0
L8_k240,0.03,-31.59075186436581,7.1905242095376e-05,0,0
L8_k240,0.03,-31.91092045590558,3.0539996169454956e-05,0,0
L8_k240,0.03,-32.76178245914459,3.495736776025676e-05,0,0
L8_k240,0.03,-33.17274485594811,1.098611262560123e-05,0,0
L8_k240,0.03,-34.085807375504054,3.984532497177862e-06,0,0
L8_k240,0.03,-34.94091480821298,1.585964965598903e-05,0,0
L8_k240,0.03,-35.434955136619536,6.111519428821972e-05,0,0
L8_k240,0.03,-35.9464683464612,9.331208883091958e-06,0,0
L8_k240,0.03,-36.77977790746218,2.423255863780397e-05,0,0
L8_k240,0.03,-37.14813481400826,3.0503288014394658e-05,0,0
L8_k240,0.03,-38.0469955251557,1.201531504771754e-06,0,0
L8_k240,0.03,-39.028624527694944,5.237418684835057e-07,0,0
L8_k240,0.03,-39.71494607221032,2.5576318445330647e-06,0,0
L8_k240,0.03,-40.30378318545189,3.4857505982811238e-06,0,0
L8_k240,0.03,-41.02411811035418,2.6839051401003944e-06,0,0
L8_k240,0.03,-41.67197817439938,7.768779527332879e-06,0,0
L8_k240,0.03,-42.52936110555208,3.2937324618746884e-06,0,0
L8_k240,0.03,-42.926624883113746,6.112145419505395e-06,0,0
L8_k240,0.03,-43.93382637863319,7.611634507781303e-06,0,0
L8_k240,0.03,-44.33109282673788,3.1705106516859427e-06,0,0
L8_k240,0.03,-45.55736653872915,3.3669991335137423e-06,0,0
L8_k240,0.03,-46.091054268514405,2.1789173952449332e-06,0,0
L8_k240,0.03,-46.66065828009453,7.452176875779827e-06,0,0
L8_k240,0.03,-47.204330670024376,2.0508649930316296e-06,0,0
L8_k240,0.03,-48.30066673709274,3.503251575308089e-06,0,0
L8_k240,0.03,-48.845573700984566,1.3528273374589521e-05,0,0
L8_k240,0.03,-49.32780469362954,3.7204915719820756e-06,0,0
L8_k240,0.03,-49.914548125818,3.53565405489306e-06,0,0
L8_k240,0.03,-50.54260708867395,2.0287354269945908e-07,0,0
L8_k240,0.03,-51.41425573465375,1.0685411455958169e-07,0,0
L8_k240,0.03,-52.187301490730825,5.241561264964214e-08,0,0
L8_k240,0.03,-52.97534899382201,2.1355687327275077e-08,0,0
L8_k240,0.03,-53.80171045488245,4.100010369428821e-09,0,0
L8_k240,0.03,-54.52830464979382,1.2044808451024117e-09,0,0
L8_k240,0.03,-55.55086395900496,5.912550404920224e-10,0,0
L8_k240,0.03,-56.748963932866126,1.6247245641546244e-09,0,0
L8_k240,0.03,-57.70099257457978,1.0330201577278312e-08,0,0
L8_k240,0.03,-58.559983329625545,3.8474953740342487e-07,0,0
L8_k240,0.03,-58.805346272122435,7.23440090894895e-07,0,0
L8_k240,0.03,-59.61015656730803,1.3151441901262466e-07,0,0
L8_k240,0.03,-59.945223697141614,1.9051441993501328e-06,0,0
L8_k240,0.03,-60.64555926946559,1.9433494157686275e-08,0,0
L8_k240,0.03,-61.63538676351296,1.8947881691567207e-08,0,0
L8_k240,0.03,-62.23970825986056,4.705350335318656e-09,0,0
L8_k240,0.03,-63.11352325130706,3.759407086325711e-09,0,0
L8_k240,0.03,-63.74932841580641,1.074588338764322e-09,0,0
L8_k240,0.03,-64.71031986121643,1.256435217352754e-09,0,0
L8_k240,0.03,-65.34101790828029,4.422375865080547e-10,0,0
L8_k240,0.03,-65.9128171033753,9.19261876712152e-10,0,0
L8_k240,0.03,-66.92876561809433,2.2436737614679075e-10,0,0
L8_k240,0.03,-67.9221936954685,1.9621670369104898e-10,0,0
L8_k240,0.03,-68.35422337302624,8.405925249116104e-11,0,0
L8_k240,0.03,-69.47660979946079,2.118665918101715e-10,0,0
L8_k240,0.03,-70.04180341040795,2.0303722353184494e-10,0,0
L8_k240,0.03,-70.84107923610593,2.559979565472964e-10,0,0
L8_k240,0.03,-71.45503584051984,3.467698870242977e-11,0,0
L8_k240,0.03,-72.20777632936192,6.502815365998788e-11,0,0
L8_k240,0.03,-73.13989497290686,7.2222752561913995e-12,0,0
L8_k240,0.03,-74.08277894938097,2.204541583972197e-11,0,0
L8_k240,0.03,-74.56826277228053,7.883984319895056e-11,0,0
L8_k240,0.03,-75.2513624626196,6.5998866481361845e-12,0,0
L8_k240,0.03,-76.14755558700084,1.3055953572612864e-11,0,0
L8_k240,0.03,-76.54003937775805,2.47606779977162e-11,0,0
L8_k240,0.03,-77.4927196128777,1.0605082735047534e-12,0,0
L8_k240,0.03,-78.39316938412135,3.2241480915198797e-13,0,0
L8_k240,0.03,-79.23069267840215,1.6966615586498332e-12,0,0
L8_k240,0.03,-79.63190063218629,6.332641213456543e-13,0,0
L8_k240,0.03,-80.52424379083791,7.920876398175456e-13,0,0
L8_k240,0.03,-81.00197312561528,1.5555519007573463e-13,0,0
L8_k240,0.03,-82.14506907883877,3.404574383706641e-14,0,0
L8_k240,0.03,-82.9798812013212,2.9575794108213495e-14,0,0
L8_k240,0.03,-83.51540077611799,5.222827536221392e-13,0,0
L8_k240,0.03,-84.11679157194278,2.8539286810986365e-14,0,0
L8_k240,0.03,-84.90526207484919,5.751562215616249e-14,0,0
L8_k240,0.03,-85.50225078802525,1.264971639794515e-15,0,0
L8_k240,0.03,-86.66373169130611,6.257355540909983e-16,0,0
L8_k240,0.03,-87.33902687929582,4.027893109981979e-16,0,0
L8_k240,0.03,-88.04546848254495,5.944348548583802e-16,0,0
L8_k240,0.03,-89.0397762294468,2.448140536422569e-15,0,0
L8_k240,0.03,-89.47141723361075,4.651181123502586e-15,0,0
L8_k240,0.03,-90.13976257016485,1.9018870414926864e-16,0,0
L8_k240,0.03,-91.04456684316622,5.56979014331608e-16,0,0
L8_k240,0.03,-91.43379468697546,3.5400459670375594e-16,0,0
L8_k240,0.03,-92.24966851006783,4.011664192361793e-16,0,0
L8_k240,0.03,-92.71026343734756,7.844363778859821e-17,0,0
L8_k240,0.03,-93.53966578977635,1.3636383689677188e-17,0,0
L8_k240,0.03,-94.36790541978249,4.162495137862459e-18,0,0
L8_k240,0.03,-95.25767127324161,2.7303998614653143e-17,0,0
L8_k240,0.03,-95.90633548229617,2.5953506421994325e-17,0,0
L8_k240,0.03,-96.32479191965776,2.826560209704148e-17,0,0
L8_k240,0.03,-97.0354407947198,1.851560294243061e-17,0,0
L8_k240,0.03,-97.39609250060764,9.07792468311554e-18,0,0
L8_k240,0.03,-98.20853117661201,7.210203104428022e-18,0,0
L8_k240,0.03,-99.13816811353895,3.9650827026577145e-19,0,0
L8_k240,0.03,-99.63438127722301,4.1186998896227363e-19,0,0
L8_k240,0.03,-100.39031737819106,6.827315615189043e-19,0,0
L8_k240,0.03,-100.9349846727299,1.7314552344246183e-18,0,0
L8_k240,0.03,-101.36436813767338,9.765745865374783e-19,0,0
L8_k240,0.03,-102.12583021686446,3.4960324252034114e-18,0,0
L8_k240,0.03,-102.55637663638399,2.553704165017844e-19,0,0
L8_k240,0.03,-102.98824029601303,9.340596463263971e-20,0,0
L8_k240,0.03,-103.79871471617182,4.107259840588498e-20,0,0
L8_k240,0.03,-104.44073712028407,1.4224435734261073e-20,0,0
L8_k240,0.03,-104.94995724151666,9.465256839014827e-21,0,0
L8_k240,0.03,-105.45997093028231,6.5592012125893435e-21,0,0
L8_k240,0.03,-106.27278268367954,5.172200420105696e-22,0,0
L8_k240,0.03,-106.64638288507261,5.51970833607872e-22,0,0
L8_k240,0.03,-107.40447618554143,1.003734522304728e-21,0,0
L8_k240,0.03,-107.75615397341838,6.468881221332544e-22,0,0
L8_k240,0.03,-108.36007708383973,3.4745117460288504e-22,0,0
L8_k240,0.03,-108.8167133251695,1.7740479907567366e-21,0,0
L8_k240,0.03,-109.13162104003737,1.8570853593265615e-22,0,0
L8_k240,0.03,-109.88233638475117,1.6360443236651503e-22,0,0
L8_k240,0.03,-110.14176640680714,9.182037927983321e-23,0,0
L8_k240,0.03,-110.92564865329207,1.0943555507664327e-24,0,0
L8_k240,0.03,-111.5154242289022,1.9846203033715788e-25,0,0
L8_k240,0.03,-112.14086076996759,1.853627205726934e-24,0,0
L8_k240,0.03,-112.61642177281583,8.602657337278683e-23,0,0
L8_k240,0.03,-112.80552612999773,5.1039960989319966e-23,0,0
L8_k240,0.03,-113.17683990693376,1.6432660845790869e-24,0,0
L8_k240,0.03,-113.42224135773465,5.774935232855019e-25,0,0
L8_k240,0.03,-114.30522815310952,3.876693103828988e-26,0,0
L8_k240,0.03,-114.83475198627445,7.990804767244471e-27,0,0
L8_k240,0.03,-114.99968880814605,1.7629462244004074e-26,0,0
L8_k240,0.03,-115.8522135025478,6.993905631469124e-27,0,0
L8_k240,0.03,-116.01643351642932,2.825218442096513e-27,0,0
L8_k240,0.03,-116.35817887810981,6.2736595779665854e-27,0,0
L8_k240,0.03,-116.8438493580225,7.001292805789156e-28,0,0
L8_k240,0.03,-117.09591870059614,9.336749656407443e-28,0,0
L8_k240,0.03,-117.47851493055083,1.4430308880442194e-27,0,0
L8_k240,0.03,-117.6142882278136,2.313743065831223e-28,0,0
L8_k240,0.03,-118.3006240582608,1.5909412888102762e-31,0,0
L8_k240,0.03,-118.78060199641364,7.130301217895324e-32,0,0
L8_k240,0.03,-119.17701564581087,8.687154440124699e-32,0,0
L8_k240,0.03,-119.58864979636219,6.938616638717607e-32,0,0
L8_k240,0.03,-119.90068779569788,1.4307161552226438e-31,0,0
L8_k240,0.03,-120.19647359202958,5.610021408134312e-32,0,0
L8_k240,0.03,-120.50982775789342,3.478473108239689e-32,0,0
L8_k240,0.03,-120.72397205714155,4.8995573921775606e-32,0,0
L8_k240,0.03,-121.14446297060329,2.463554637955354e-33,0,0
L8_k240,0.03,-121.33738892175033,2.797343556451153e-32,0,0
L8_k240,0.03,-121.49405457016158,4.8412063214136e-33,0,0
L8_k240,0.03,-121.79314605773564,2.6751569158080315e-32,0,0
L8_k240,0.03,-122.21704440990237,1.6608966776289245e-33,0,0
L8_k240,0.03,-122.33357666485239,8.407047637739256e-32,0,0
L8_k240,0.03,-122.46790753712978,2.0349812531707813e-32,0,0
L8_k240,0.03,-122.5652941922519,2.936200759465806e-32,0,0
L8_k240,0.03,-122.66590937671376,7.324610896438113e-32,0,0
L8_k240,0.03,-122.89443662732363,4.479920634166953e-33,0,0
L8_k240,0.03,-122.9650890089799,3.6709027153875812e-34,0,0
L8_k240,0.03,-123.25432937193752,3.1900350998372806e-32,0,0
L8_k240,0.03,-123.48128299936236,2.3353471800558165e-32,0,0
L8_k240,0.03,-123.50756652857493,1.0021978167831471e-32,0,0
L8_k240,0.03,-123.58966024581672,6.974167310563369e-32,0,0
L8_k240,0.03,-123.69856945762767,3.602301662595662e-32,0,0
L8_k240,0.03,-123.80727586549233,1.873623756860922e-33,0,0
L8_k240,0.03,-123.83082827776606,6.783856969713831e-33,0,0
L8_k240,0.03,-123.93524948882715,1.3840625582782704e-32,0,0
L8_k240,0.03,-125.48025539061356,3.0341586276050032e-33,0,0
L8_k240,0.03,-126.11607833818127,2.3427311318194563e-32,0,0
L8_k240,0.03,0.589932520668653,0.026356747271688012,1,1
L8_k240,0.03,1.0830242781910664,0.0013895553176651208,1,1
L8_k240,0.03,1.1144203071149283,0.0001325714048433281,1,1
L8_k240,0.03,1.197833283882032,0.0009900535179019915,1,1
L8_k240,0.03,1.7747781649170054,0.009907957593363645,1,1
L8_k240,0.03,1.9485493319407148,0.010989968208469416,1,1
L8_k240,0.03,2.2569648041789576,0.0010124231485163216,1,1
L8_k240,0.03,2.3432638326782826,0.001807708414794152,1,1
L8_k240,0.03,2.811534812065843,3.496198613417724e-06,1,1
L8_k240,0.03,3.0907085493658757,2.0003366293440618e-05,1,1
L8_k240,0.03,3.105016569318778,4.5188381533767734e-06,1,1
L8_k240,0.03,3.409570135306377,1.221840097839493e-07,1,1
L8_k240,0.03,3.861127463898466,5.62272211829211e-05,1,1
L8_k240,0.03,3.887779114294264,0.00015389638971379557,1,1
L8_k240,0.03,3.9913250126149533,1.1717650447439943e-05,1,1
L8_k240,0.03,4.057030167516254,0.00042920742190372823,1,1
L8_k240,0.03,4.26335523584436,4.1965957795460926e-05,1,1
L8_k240,0.03,4.306281983400961,0.0006847274461842924,1,1
L8_k240,0.03,4.494790277810354,1.1037305992399774e-06,1,1
L8_k240,0.03,4.741536760141835,0.03397342014741337,1,1
L8_k240,0.03,4.84838288021189,0.03723481744654539,1,1
L8_k240,0.03,5.036271627642887,0.005412739024108673,1,1
L8_k240,0.03,5.124170009879519,0.0004438949691170134,1,1
L8_k240,0.03,5.27016503604251,0.0005804613129858654,1,1
L8_k240,0.03,5.464379323189427,2.720284042256674e-05,1,1
L8_k240,0.03,6.161225512647037,0.00023838229828182663,1,1
L8_k240,0.03,6.21250683471728,0.002517482184534094,1,1
L8_k240,0.03,6.271472209889163,0.0015081571428107242,1,1
L8_k240,0.03,6.597182546822592,4.705167803189354e-05,1,1
L8_k240,0.03,6.944006675346978,2.8378019094470303e-05,1,1
L8_k240,0.03,7.117755471869693,7.164837046542729e-05,1,1
L8_k240,0.03,7.749080351798485,3.078747008186172e-05,1,1
L8_k240,0.03,7.948143822273545,0.0003040716277960421,1,1
L8_k240,0.03,8.212410265740383,0.0009206575808311737,1,1
L8_k240,0.03,8.526422042375046,0.00016436125266369698,1,1
L8_k240,0.03,8.866815651910402,0.0033529610712037653,1,1
L8_k240,0.03,9.16545052031743,0.003954968592313141,1,1
L8_k240,0.03,9.397278268175189,0.002064492001590992,1,1
L8_k240,0.03,9.92170142911387,0.0006601359693449323,1,1
L8_k240,0.03,10.114501083702528,0.022273159181314624,1,1
L8_k240,0.03,10.489411339969942,0.12062090672587855,1,1
L8_k240,0.03,10.778634672906625,0.1059648802228141,1,1
L8_k240,0.03,11.208559793683145,0.0003265962295159389,1,1
L8_k240,0.03,11.594953122584785,0.0013731333405457738,1,1
L8_k240,0.03,12.155215534976934,0.0001473457755873832,1,1
L8_k240,0.03,12.385074055062741,0.0028332132745634278,1,1
L8_k240,0.03,12.706567415884955,0.001965226717826765,1,1
L8_k240,0.03,13.451584122905192,0.0006992829495616372,1,1
L8_k240,0.03,13.66284741188493,0.0007893196976619272,1,1
L8_k240,0.03,13.978897783567108,0.00043598526661899127,1,1
L8_k240,0.03,14.601168025308418,3.41956926441978e-05,1,1
L8_k240,0.03,14.995785569116139,0.00017991620468274283,1,1
L8_k240,0.03,15.257179607814724,5.8119097828909535e-05,1,1
L8_k240,0.03,16.061934667553363,1.1982138295009711e-05,1,1
L8_k240,0.03,16.56374508118003,8.054783249620796e-05,1,1
L8_k240,0.03,17.112230729857693,3.3405700685640995e-05,1,1
L8_k240,0.03,17.476900373069956,7.913015535444091e-05,1,1
L8_k240,0.03,18.003462605960962,2.1391093484665175e-05,1,1
L8_k240,0.03,18.49717825857722,3.4672976640000056e-05,1,1
L8_k240,0.03,19.303538874534457,0.0035773038751586495,1,1
L8_k240,0.03,19.50200669207844,0.00046251410048718815,1,1
L8_k240,0.03,20.616845904163128,0.027443066981862642,1,1
L8_k240,0.03,20.79599903351236,0.030590148666235616,1,1
L8_k240,0.03,21.182650280411703,0.001654655465615321,1,1
L8_k240,0.03,21.782811256809627,0.00023708531934624994,1,1
L8_k240,0.03,22.226553895510698,0.0013481407991087376,1,1
L8_k240,0.03,22.938151420962683,0.00010414461527997462,1,1
L8_k240,0.03,23.392635247131725,0.0005083697834847465,1,1
L8_k240,0.03,24.035737252091348,0.00011483724005259478,1,1
L8_k240,0.03,24.61521384951407,2.4163348070816234e-05,1,1
L8_k240,0.03,25.240582951972822,0.00015303429535840996,1,1
L8_k240,0.03,25.54945414808973,0.00015290625177558133,1,1
L8_k240,0.03,26.393048754677842,0.00020744341746838937,1,1
L8_k240,0.03,26.674976966433512,5.945922780831617e-05,1,1
L8_k240,0.03,27.699792517029785,2.074420016723397e-05,1,1
L8_k240,0.03,28.235623901360448,1.3993472759050769e-05,1,1
L8_k240,0.03,28.8812889760816,5.926909982722273e-05,1,1
L8_k240,0.03,29.535945861362606,9.677571925334846e-06,1,1
L8_k240,0.03,30.087694997028155,7.135452103812044e-05,1,1
L8_k240,0.03,30.714566676685397,7.008311891025754e-05,1,1
L8_k240,0.03,31.5923882192303,7.249467790349071e-05,1,1
L8_k240,0.03,31.915036071175432,2.9960937136192253e-05,1,1
L8_k240,0.03,32.763567736190815,3.510130663894399e-05,1,1
L8_k240,0.03,33.1767928357282,1.080759193392599e-05,1,1
L8_k240,0.03,34.088943387531195,3.987938246871485e-06,1,1
L8_k240,0.03,34.94357063275756,1.599886214943827e-05,1,1
L8_k240,0.03,35.43642619763907,6.112328278664664e-05,1,1
L8_k240,0.03,35.95235307496649,9.20242559625152e-06,1,1
L8_k240,0.03,36.78192703580154,2.4380332339986132e-05,1,1
L8_k240,0.03,37.14926975469406,3.032645243527738e-05,1,1
L8_k240,0.03,38.05045232107616,1.197285319559048e-06,1,1
L8_k240,0.03,39.0393015014082,5.342906473540399e-07,1,1
L8_k240,0.03,39.72074682620662,2.577577267575511e-06,1,1
L8_k240,0.03,40.30915114423607,3.4750577069643424e-06,1,1
L8_k240,0.03,41.030658304863636,2.6891521811647696e-06,1,1
L8_k240,0.03,41.673937042441786,7.756071943520385e-06,1,1
L8_k240,0.03,42.538395168210045,3.391006682622765e-06,1,1
L8_k240,0.03,42.93091118058101,6.007893088369955e-06,1,1
L8_k240,0.03,43.93608986782579,7.665231972097039e-06,1,1
L8_k240,0.03,44.335369033220545,3.111325056469266e-06,1,1
L8_k240,0.03,45.56101835229248,3.4126846723694536e-06,1,1
L8_k240,0.03,46.10824758990943,2.20963832330111e-06,1,1
L8_k240,0.03,46.66629386857797,7.43390042159094e-06,1,1
L8_k240,0.03,47.21312351889991,1.996357892277639e-06,1,1
L8_k240,0.03,48.306059589572634,3.5652106275154347e-06,1,1
L8_k240,0.03,48.84961459510064,1.3591556953684082e-05,1,1
L8_k240,0.03,49.34086612722778,3.63785885592937e-06,1,1
L8_k240,0.03,49.91925528296057,3.498153878037139e-06,1,1
L8_k240,0.03,50.55996529676344,1.9237292035031708e-07,1,1
L8_k240,0.03,51.42027338884645,1.0614852677162992e-07,1,1
L8_k240,0.03,52.192280388733465,5.209849990809866e-08,1,1
L8_k240,0.03,52.98012820031176,2.1230945391343733e-08,1,1
L8_k240,0.03,53.812688873500214,4.067184690946315e-09,1,1
L8_k240,0.03,54.54208182504832,1.1689957705643133e-09,1,1
L8_k240,0.03,55.55823511445501,5.878081980120147e-10,1,1
L8_k240,0.03,56.75313770183548,1.6357933235133739e-09,1,1
L8_k240,0.03,57.705357132451354,1.0453964620168694e-08,1,1
L8_k240,0.03,58.56447671345552,4.0028252118886317e-07,1,1
L8_k240,0.03,58.80907621807018,7.090430368292322e-07,1,1
L8_k240,0.03,59.62683564065126,1.4033242245468216e-07,1,1
L8_k240,0.03,59.94617719634863,1.8956204754900509e-06,1,1
L8_k240,0.03,60.65472904708895,1.8927525839413856e-08,1,1
L8_k240,0.03,61.63874568106716,1.8999874644309664e-08,1,1
L8_k240,0.03,62.24956587720301,4.620136924814145e-09,1,1
L8_k240,0.03,63.11985858828347,3.766158021683765e-09,1,1
L8_k240,0.03,63.76287005773704,1.0471487732362378e-09,1,1
L8_k240,0.03,64.71790275474186,1.267079212263134e-09,1,1
L8_k240,0.03,65.36662266270149,4.3922028141061624e-10,1,1
L8_k240,0.03,65.91749934068096,9.046741818756921e-10,1,1
L8_k240,0.03,66.93239809727687,2.2399995700127737e-10,1,1
L8_k240,0.03,67.93086352016734,2.0131226695364066e-10,1,1
L8_k240,0.03,68.37233180143883,7.862972567206736e-11,1,1
L8_k240,0.03,69.48041653352506,2.1361303012746365e-10,1,1
L8_k240,0.03,70.04680298370977,2.0177260786555857e-10,1,1
L8_k240,0.03,70.84393644250918,2.56265674367729e-10,1,1
L8_k240,0.03,71.46946830584942,3.387498671960636e-11,1,1
L8_k240,0.03,72.21025098291587,6.475367179288346e-11,1,1
L8_k240,0.03,73.15036625295555,7.217464037555518e-12,1,1
L8_k240,0.03,74.09170535141678,2.26317242303415e-11,1,1
L8_k240,0.03,74.57153410435832,7.838854019730122e-11,1,1
L8_k240,0.03,75.26635336787416,6.448254658209976e-12,1,1
L8_k240,0.03,76.15558047816609,1.3331065735781916e-11,1,1
L8_k240,0.03,76.54274943781503,2.442762098085519e-11,1,1
L8_k240,0.03,77.4993355471261,1.0536962825017922e-12,1,1
L8_k240,0.03,78.40860900238489,3.2408444891817535e-13,1,1
L8_k240,0.03,79.23801069938536,1.7333249267792816e-12,1,1
L8_k240,0.03,79.64847817473802,5.929973207926552e-13,1,1
L8_k240,0.03,80.52797966289054,7.94388959937047e-13,1,1
L8_k240,0.03,81.01013685944355,1.499783531564518e-13,1,1
L8_k240,0.03,82.15114604859066,3.416129332608073e-14,1,1
L8_k240,0.03,82.99558464706973,3.05632863002891e-14,1,1
L8_k240,0.03,83.51650605508101,5.216319314163748e-13,1,1
L8_k240,0.03,84.1246017027771,2.8020720883624162e-14,1,1
L8_k240,0.03,84.90644134399749,5.746417993124717e-14,1,1
L8_k240,0.03,85.518348728113,1.1959847533988475e-15,1,1
L8_k240,0.03,86.67313096315529,6.32973669195192e-16,1,1
L8_k240,0.03,87.35768654568864,4.0058055853375266e-16,1,1
L8_k240,0.03,88.05345155908026,5.888676701766145e-16,1,1
L8_k240,0.03,89.04398091041897,2.4858447573401236e-15,1,1
L8_k240,0.03,89.47435807744907,4.620647688643992e-15,1,1
L8_k240,0.03,90.16522870465789,1.82911946847112e-16,1,1
L8_k240,0.03,91.05665702875399,5.793387821864467e-16,1,1
L8_k240,0.03,91.451857615537,3.3079440595059326e-16,1,1
L8_k240,0.03,92.25522416436209,4.03142720469099e-16,1,1
L8_k240,0.03,92.72473590321675,7.407205478086884e-17,1,1
L8_k240,0.03,93.55132298442855,1.3406216598287429e-17,1,1
L8_k240,0.03,94.38510016806899,4.126078467775391e-18,1,1
L8_k240,0.03,95.26169939742822,2.7508554521294983e-17,1,1
L8_k240,0.03,95.92005209467118,2.690178773592338e-17,1,1
L8_k240,0.03,96.33761521655106,2.730757896567729e-17,1,1
L8_k240,0.03,97.04817086148695,1.895823654065494e-17,1,1
L8_k240,0.03,97.40978155591013,8.39053524461842e-18,1,1
L8_k240,0.03,98.20981900434083,7.19216980343654e-18,1,1
L8_k240,0.03,99.15902885815574,4.1608743074361918e-19,1,1
L8_k240,0.03,99.6590066794278,3.964671969813629e-19,1,1
L8_k240,0.03,100.40475603775042,6.985622312157594e-19,1,1
L8_k240,0.03,100.94460159928357,1.745694314361253e-18,1,1
L8_k240,0.03,101.37464070722847,9.424247497261452e-19,1,1
L8_k240,0.03,102.12733320078178,3.5056399416224924e-18,1,1
L8_k240,0.03,102.57741280492755,2.4793100397150244e-19,1,1
L8_k240,0.03,103.00376585920984,8.612965848522708e-20,1,1
L8_k240,0.03,103.80319045272076,4.0977734007644753e-20,1,1
L8_k240,0.03,104.45150428551113,1.4282443640422646e-20,1,1
L8_k240,0.03,104.96204490610262,9.31146675867306e-21,1,1
L8_k240,0.03,105.46559829294117,6.4343555464022086e-21,1,1
L8_k240,0.03,106.31637071414454,5.908834386212319e-22,1,1
L8_k240,0.03,106.6874735609041,4.734547425003371e-22,1,1
L8_k240,0.03,107.41970330511343,1.053817607346533e-21,1,1
L8_k240,0.03,107.78006439220468,5.965317598516986e-22,1,1
L8_k240,0.03,108.38038387740762,3.5217256414926736e-22,1,1
L8_k240,0.03,108.8207873946644,1.7754916535841377e-21,1,1
L8_k240,0.03,109.14553210283103,1.680362762861117e-22,1,1
L8_k240,0.03,109.88508208219928,1.6505609058029486e-22,1,1
L8_k240,0.03,110.1441147471755,8.989375910273691e-23,1,1
L8_k240,0.03,110.93481370695076,1.0861364842084873e-24,1,1
L8_k240,0.03,111.55047905951291,1.9746536000891336e-25,1,1
L8_k240,0.03,112.14807085327695,1.893919261143367e-24,1,1
L8_k240,0.03,112.61756563199421,8.687832609108397e-23,1,1
L8_k240,0.03,112.8076816930373,5.023060194985685e-23,1,1
L8_k240,0.03,113.19026048301463,1.5951665927037721e-24,1,1
L8_k240,0.03,113.42851145625743,5.312161316242642e-25,1,1
L8_k240,0.03,114.3064328867324,3.872542904581383e-26,1,1
L8_k240,0.03,114.85217329955205,9.280981517825032e-27,1,1
L8_k240,0.03,115.00547643440932,1.6282156918161215e-26,1,1
L8_k240,0.03,115.85760761388285,7.44872818606559e-27,1,1
L8_k240,0.03,116.03824374817141,2.424298259720991e-27,1,1
L8_k240,0.03,116.35982862682553,6.209048806377457e-27,1,1
L8_k240,0.03,116.84777330916779,7.050352643614965e-28,1,1
L8_k240,0.03,117.09714163839519,9.237431655747607e-28,1,1
L8_k240,0.03,117.47820021308661,1.4392117980616565e-27,1,1
L8_k240,0.03,117.6128445417846,2.40773486052706e-28,1,1
L8_k240,0.03,118.33285580025405,1.1585035735484812e-31,1,1
L8_k240,0.03,118.80942537209023,1.0086624189937106e-31,1,1
L8_k240,0.03,119.18532124816598,9.507804425105598e-32,1,1
L8_k240,0.03,119.63195609705264,4.1563412204998825e-32,1,1
L8_k240,0.03,119.86146637523741,4.05451959731128e-31,1,1
L8_k240,0.03,120.20606305155236,8.476775434026808e-32,1,1
L8_k240,0.03,120.44384764117993,1.8341497584731522e-32,1,1
L8_k240,0.03,120.70244521340516,5.430987141243918e-32,1,1
L8_k240,0.03,121.22026164540245,8.221768297443636e-33,1,1
L8_k240,0.03,121.37163778938887,1.7264173175077607e-32,1,1
L8_k240,0.03,121.53853212427111,4.958619561743757e-33,1,1
L8_k240,0.03,121.79758016635537,2.1635025248094585e-32,1,1
L8_k240,0.03,122.27718879889763,1.5641310575766982e-32,1,1
L8_k240,0.03,122.34883760648887,2.483050750024043e-31,1,1
L8_k240,0.03,122.48046172297006,5.398406300257697e-32,1,1
L8_k240,0.03,122.64797240205337,8.588891093638267e-32,1,1
L8_k240,0.03,122.73810121985423,2.800179494065763e-32,1,1
L8_k240,0.03,122.89278782509687,2.1209477310119207e-32,1,1
L8_k240,0.03,122.96959542535583,2.369791680156347e-32,1,1
L8_k240,0.03,123.25432918385634,3.0497608602271345e-32,1,1
L8_k240,0.03,123.48128285950878,5.229706923076968e-32,1,1
L8_k240,0.03,123.5075679290512,1.0581150238492736e-31,1,1
L8_k240,0.03,123.58965983678263,4.017594798709515e-33,1,1
L8_k240,0.03,123.69856945703765,3.5435961190221737e-32,1,1
L8_k240,0.03,123.80727585475859,2.18020996778708e-34,1,1
L8_k240,0.03,123.83082827731369,1.1562880593845148e-33,1,1
L8_k240,0.03,123.93524948882715,2.937881887442311e-32,1,1
L8_k240,0.03,125.4802553906136,3.691177296020589e-33,1,1
L8_k240,0.03,126.11607833818125,1.2299477446308299e-32,1,1
L8_k240,0.03,-1.1144203071148993,0.00026514280968647244,1,0
L8_k240,0.03,-1.1978332838820325,0.001980107035804325,1,0
L8_k240,0.03,-2.2569648041789514,0.00202484629703114,1,0
L8_k240,0.03,-2.34326383267828,0.003615416829587158,1,0
L8_k240,0.03,-3.105016569318674,9.03767630686903e-06,1,0
L8_k240,0.03,-3.409570135282892,2.443680194463409e-07,1,0
L8_k240,0.03,-3.8749945331677758,2.6100723923515246e-07,1,0
L8_k240,0.03,-3.8899032009058905,6.712714932544675e-07,1,0
L8_k240,0.03,-4.233303767719764,1.991126752082515e-05,1,0
L8_k240,0.03,-4.329005502587299,8.432247850383522e-06,1,0
L8_k240,0.03,-4.344313746036362,1.6199461735442772e-06,1,0
L8_k240,0.03,-4.545463159091093,9.298446505369386e-07,1,0
L8_k240,0.03,-4.556163383821529,2.12390542438278e-08,1,0
L8_k240,0.03,-4.635053595514057,3.128124463106768e-08,1,0
L8_k240,0.03,-4.963034759586505,4.4206095900478456e-08,1,0
L8_k240,0.03,-5.056638145043631,1.6053530166999145e-07,1,0
L8_k240,0.03,-5.433287243014432,3.7291716919179526e-06,1,0
L8_k240,0.03,-5.4623736818468664,1.7488157812101965e-05,1,0
L8_k240,0.03,-5.5441596472765875,4.53586151365917e-06,1,0
L8_k240,0.03,-5.685361257039189,3.4333083408091065e-07,1,0
L8_k240,0.03,-6.195988553596875,0.003895677664345745,1,0
L8_k240,0.03,-6.258910316681082,0.004603914104672489,1,0
L8_k240,0.03,-6.558729466210677,8.126657580771948e-05,1,0
L8_k240,0.03,-6.651931900222338,1.9982219102267287e-05,1,0
L8_k240,0.03,-6.807216378382322,9.548929381565787e-06,1,0
L8_k240,0.03,-6.927082995188049,3.046295023017537e-05,1,0
L8_k240,0.03,-7.081944311160375,2.848451994596637e-05,1,0
L8_k240,0.03,-7.566300028676319,1.9847027047551564e-06,1,0
L8_k240,0.03,-7.902204268245426,1.5828262989663848e-05,1,0
L8_k240,0.03,-8.064735868708155,0.00011809194526378885,1,0
L8_k240,0.03,-8.24071426858705,3.2304592255347156e-05,1,0
L8_k240,0.03,-8.438574693540597,1.5806581396951935e-05,1,0
L8_k240,0.03,-8.893395181418223,9.923148349326277e-06,1,0
L8_k240,0.03,-9.110224548533314,8.38733139612508e-06,1,0
L8_k240,0.03,-9.411321587263082,0.0001220993253782646,1,0
L8_k240,0.03,-9.582083365015624,1.0358823804770075e-05,1,0
L8_k240,0.03,-10.313720764647236,1.4521952613433295e-05,1,0
L8_k240,0.03,-10.434391886328905,3.236777155757913e-05,1,0
L8_k240,0.03,-10.597078509580356,1.0850318679531299e-05,1,0
L8_k240,0.03,-11.281706789793827,6.301623780995909e-07,1,0
L8_k240,0.03,-11.62729167196613,9.873119484550731e-06,1,0
L8_k240,0.03,-12.263702090057393,5.095899316701715e-06,1,0
L8_k240,0.03,-12.579392106706942,8.889954066061329e-05,1,0
L8_k240,0.03,-12.776468472901923,9.179153424640206e-05,1,0
L8_k240,0.03,-13.212035065869527,2.7641293634468376e-05,1,0
L8_k240,0.03,-13.664727299077287,0.00025119211495459274,1,0
L8_k240,0.03,-13.890978946339738,0.00026925196217864034,1,0
L8_k240,0.03,-14.236690008353538,7.811173887013673e-05,1,0
L8_k240,0.03,-14.85339840460468,0.00011004568894810815,1,0
L8_k240,0.03,-15.103197627275154,0.00016668596988591666,1,0
L8_k240,0.03,-15.461674711123678,4.308415524584311e-06,1,0
L8_k240,0.03,-15.985792180116315,8.663759102299313e-06,1,0
L8_k240,0.03,-16.81736033523342,4.622618062459833e-06,1,0
L8_k240,0.03,-17.23255039730169,6.093438366813221e-05,1,0
L8_k240,0.03,-17.56347365904502,8.648745746056647e-05,1,0
L8_k240,0.03,-17.993369434484922,3.234180267987245e-05,1,0
L8_k240,0.03,-18.47699980323294,5.5455381369134884e-05,1,0
L8_k240,0.03,-19.296193362784265,0.006454672057451609,1,0
L8_k240,0.03,-19.43016339248594,0.001452673275005815,1,0
L8_k240,0.03,-19.69124345425234,7.072378726123361e-05,1,0
L8_k240,0.03,-20.56909788735341,5.462217508330331e-06,1,0
L8_k240,0.03,-21.101830221575607,1.5547130705931157e-05,1,0
L8_k240,0.03,-21.66309780956485,5.395608554802843e-06,1,0
L8_k240,0.03,-22.226689478359866,0.00010681685985459473,1,0
L8_k240,0.03,-22.580994728290488,9.997295543254066e-05,1,0
L8_k240,0.03,-23.167851128320287,3.3330066686221996e-05,1,0
L8_k240,0.03,-23.695658812109738,1.8577277829693664e-05,1,0
L8_k240,0.03,-24.106835240875608,7.810001399552374e-05,1,0
L8_k240,0.03,-25.043333719453123,5.6565673099771454e-05,1,0
L8_k240,0.03,-25.349137249123313,3.61935461853904e-05,1,0
L8_k240,0.03,-26.0404452505359,9.959240028816958e-06,1,0
L8_k240,0.03,-26.52633046717789,2.2087875660819795e-05,1,0
L8_k240,0.03,-27.225128421073222,1.0215876991990098e-05,1,0
L8_k240,0.03,-27.783062226417684,3.562364961657681e-05,1,0
L8_k240,0.03,-28.153465879671057,1.0917267885884217e-05,1,0
L8_k240,0.03,-28.940866678614665,7.767174295102645e-05,1,0
L8_k240,0.03,-29.35977460075217,5.14171838032088e-06,1,0
L8_k240,0.03,-30.29325860217562,1.4376197563477485e-05,1,0
L8_k240,0.03,-30.731771881580176,3.96307792569222e-05,1,0
L8_k240,0.03,-31.499212608197176,1.9710489700391565e-05,1,0
L8_k240,0.03,-31.82038299853079,1.9104466345519285e-05,1,0
L8_k240,0.03,-32.79029910166332,4.419104781742586e-05,1,0
L8_k240,0.03,-33.09558391466415,1.5261389104948662e-05,1,0
L8_k240,0.03,-33.95965672593746,3.1667224348669738e-06,1,0
L8_k240,0.03,-34.68174681564159,5.357761105315678e-06,1,0
L8_k240,0.03,-35.16964107880747,3.0873303054792484e-05,1,0
L8_k240,0.03,-35.68180097335682,4.802545208114862e-06,1,0
L8_k240,0.03,-36.40885099733097,1.9370689239887107e-06,1,0
L8_k240,0.03,-37.038997323640224,2.092637001514544e-05,1,0
L8_k240,0.03,-37.655812581521246,7.076077113352955e-07,1,0
L8_k240,0.03,-38.302480826123684,6.365668807866753e-07,1,0
L8_k240,0.03,-39.39792863281028,1.8895225697738346e-06,1,0
L8_k240,0.03,-40.04582320126742,4.61313848160634e-07,1,0
L8_k240,0.03,-40.556865415054276,4.3397781032784115e-06,1,0
L8_k240,0.03,-41.56466540850237,3.6825538845695065e-06,1,0
L8_k240,0.03,-41.791688220630185,6.246939022174369e-06,1,0
L8_k240,0.03,-42.668491721791895,7.980734327734714e-06,1,0
L8_k240,0.03,-43.3904927515747,4.575062820108958e-07,1,0
L8_k240,0.03,-43.841977331371794,2.0437577653699965e-06,1,0
L8_k240,0.03,-44.95508767432184,2.536802156282039e-07,1,0
L8_k240,0.03,-45.628100915856834,7.589942990205576e-06,1,0
L8_k240,0.03,-46.37672620711325,6.777746574070013e-06,1,0
L8_k240,0.03,-46.62990881558753,2.5965957028206167e-06,1,0
L8_k240,0.03,-47.62058630596264,4.3090433010313517e-07,1,0
L8_k240,0.03,-48.17618924770324,2.0710217697324644e-07,1,0
L8_k240,0.03,-48.89677084152574,4.1303645903702155e-07,1,0
L8_k240,0.03,-49.69217530183575,5.708421511160315e-06,1,0
L8_k240,0.03,-50.06707120493256,3.6130152605262068e-06,1,0
L8_k240,0.03,-50.96560078881833,1.468193748636858e-07,1,0
L8_k240,0.03,-51.46031802930273,1.1215734605810109e-07,1,0
L8_k240,0.03,-52.296078702398724,5.480186205576541e-08,1,0
L8_k240,0.03,-53.07578422622413,1.3259798509962606e-08,1,0
L8_k240,0.03,-53.86379119036245,3.3517982482947616e-09,1,0
L8_k240,0.03,-54.46598381696129,1.6192401216212823e-09,1,0
L8_k240,0.03,-55.5573155455386,3.1139856070097464e-10,1,0
L8_k240,0.03,-56.76053076561245,1.8861244932915713e-09,1,0
L8_k240,0.03,-57.610550941412455,8.879031561303227e-09,1,0
L8_k240,0.03,-58.307291936114865,5.965679227541614e-08,1,0
L8_k240,0.03,-58.67378462905956,1.6179600506348302e-06,1,0
L8_k240,0.03,-58.92187877232323,5.021049076059431e-07,1,0
L8_k240,0.03,-59.93669826243772,2.53837114309087e-09,1,0
L8_k240,0.03,-60.70566022660114,5.1540365180789135e-09,1,0
L8_k240,0.03,-61.608082820977295,3.805389120791161e-09,1,0
L8_k240,0.03,-62.11898524623107,1.7319734298350971e-09,1,0
L8_k240,0.03,-62.83803508952144,1.3257040552967445e-09,1,0
L8_k240,0.03,-63.40642204690908,5.822708479198538e-10,1,0
L8_k240,0.03,-64.3827569616655,5.858486537794228e-10,1,0
L8_k240,0.03,-65.13548733683827,1.8152391925534758e-10,1,0
L8_k240,0.03,-65.90939123136008,2.2362815909680105e-10,1,0
L8_k240,0.03,-66.72173357615361,1.0110487132952026e-10,1,0
L8_k240,0.03,-67.18640404275445,1.139883971517475e-10,1,0
L8_k240,0.03,-68.18296482698345,2.2383398220200875e-10,1,0
L8_k240,0.03,-69.38630177728949,4.662932332157151e-11,1,0
L8_k240,0.03,-69.9050894412261,1.1800186913743008e-10,1,0
L8_k240,0.03,-70.4226255559187,7.626149334753999e-11,1,0
L8_k240,0.03,-71.01678295649866,9.166141068221996e-11,1,0
L8_k240,0.03,-72.10031575625796,8.186127088562395e-11,1,0
L8_k240,0.03,-72.5005629758543,2.0287853544584156e-11,1,0
L8_k240,0.03,-73.51586067096692,8.646691217482474e-12,1,0
L8_k240,0.03,-74.29776536891279,4.449461616036935e-11,1,0
L8_k240,0.03,-74.63264373463544,2.0022774725257128e-11,1,0
L8_k240,0.03,-75.4798431944313,3.394127212996001e-12,1,0
L8_k240,0.03,-76.3852604711302,1.8559646651504738e-11,1,0
L8_k240,0.03,-76.67391540687024,3.854374833059219e-12,1,0
L8_k240,0.03,-77.6134267636293,6.839156354110944e-13,1,0
L8_k240,0.03,-78.49710802614021,1.569737213720186e-13,1,0
L8_k240,0.03,-78.98908589706797,9.73395433289723e-14,1,0
L8_k240,0.03,-79.8573446853076,1.0654706060291891e-13,1,0
L8_k240,0.03,-80.82463164222995,9.504719942988752e-14,1,0
L8_k240,0.03,-81.07970894055829,9.043861000732207e-14,1,0
L8_k240,0.03,-82.09943269455837,6.629022763934275e-15,1,0
L8_k240,0.03,-82.82942943408646,6.855641785427536e-15,1,0
L8_k240,0.03,-83.86980506089773,5.849933637060515e-15,1,0
L8_k240,0.03,-84.61002745230522,1.681815625582487e-14,1,0
L8_k240,0.03,-84.9311563271223,1.0355348160161325e-13,1,0
L8_k240,0.03,-85.60326005313424,1.222416092782664e-15,1,0
L8_k240,0.03,-86.55159884426327,5.366343090537567e-16,1,0
L8_k240,0.03,-86.9595632530938,5.791481383590149e-16,1,0
L8_k240,0.03,-87.97986005283555,4.7874270546414e-16,1,0
L8_k240,0.03,-88.33613830300945,2.4832899572487326e-16,1,0
L8_k240,0.03,-89.1685562745836,1.9681458855532868e-16,1,0
L8_k240,0.03,-90.30612950973396,7.338763147367664e-17,1,0
L8_k240,0.03,-90.75915956698152,1.2493861244705158e-17,1,0
L8_k240,0.03,-91.4074337899971,9.735157377137105e-17,1,0
L8_k240,0.03,-92.1097118008807,6.797546237226745e-17,1,0
L8_k240,0.03,-92.57293200049776,7.678156726570771e-17,1,0
L8_k240,0.03,-93.12968907382499,2.6386403666659298e-17,1,0
L8_k240,0.03,-93.99601051057667,8.21090902127708e-19,1,0
L8_k240,0.03,-94.72848116418452,2.1402260682566795e-19,1,0
L8_k240,0.03,-95.79854177775472,2.3744988498431274e-18,1,0
L8_k240,0.03,-96.3148607596827,3.488560967020785e-17,1,0
L8_k240,0.03,-96.6072618108907,9.052772428799165e-18,1,0
L8_k240,0.03,-97.18951005174932,8.877278123166221e-18,1,0
L8_k240,0.03,-98.12829989008952,5.420053778222389e-18,1,0
L8_k240,0.03,-98.30450701319465,2.2842260151102495e-18,1,0
L8_k240,0.03,-99.24878370992127,1.7880866976677382e-19,1,0
L8_k240,0.03,-99.75415715290049,3.7378270699212787e-19,1,0
L8_k240,0.03,-100.61511020914523,6.276720132382917e-19,1,0
L8_k240,0.03,-100.93921717119348,2.865113386146745e-18,1,0
L8_k240,0.03,-101.26995162271169,1.5509174375960539e-18,1,0
L8_k240,0.03,-101.44521564423336,6.013700817648005e-19,1,0
L8_k240,0.03,-102.83066505323542,1.1034286208333935e-21,1,0
L8_k240,0.03,-103.34119527468998,3.451338908927549e-21,1,0
L8_k240,0.03,-103.87749254942146,6.791946585640685e-22,1,0
L8_k240,0.03,-104.43045946229348,3.355242725344149e-21,1,0
L8_k240,0.03,-104.83963791176629,7.795110790159601e-22,1,0
L8_k240,0.03,-105.48796946093192,1.819369666750653e-21,1,0
L8_k240,0.03,-105.84107210179326,3.602824047258425e-22,1,0
L8_k240,0.03,-106.514798516901,3.841291773771707e-22,1,0
L8_k240,0.03,-107.02052739089825,7.868496782883648e-24,1,0
L8_k240,0.03,-107.64295964579675,2.050661237500843e-23,1,0
L8_k240,0.03,-108.31193527977169,3.646722564485775e-24,1,0
L8_k240,0.03,-108.85003896410646,8.71075899169166e-23,1,0
L8_k240,0.03,-109.11844858174098,1.0562607982609041e-22,1,0
L8_k240,0.03,-109.68169386066376,3.209042127171107e-24,1,0
L8_k240,0.03,-110.1519157022553,5.438732914522652e-23,1,0
L8_k240,0.03,-110.21148550140829,4.2365713084727844e-23,1,0
L8_k240,0.03,-110.90483169482683,1.790189709653121e-25,1,0
L8_k240,0.03,-111.42552789110488,1.487609101491189e-26,1,0
L8_k240,0.03,-112.05545776225641,3.389854004715192e-26,1,0
L8_k240,0.03,-112.38859709047416,2.7677556676936335e-26,1,0
L8_k240,0.03,-113.06455793936487,8.189049669770623e-27,1,0
L8_k240,0.03,-113.33874688412055,1.0165824383625637e-26,1,0
L8_k240,0.03,-113.47439533322404,7.87875502780955e-27,1,0
L8_k240,0.03,-114.45097534726365,4.0500403917368284e-27,1,0
L8_k240,0.03,-114.87108019841894,3.34900729106958e-27,1,0
L8_k240,0.03,-114.97115276609652,3.683116530424511e-27,1,0
L8_k240,0.03,-115.52426617880764,1.308900651642141e-28,1,0
L8_k240,0.03,-115.92833220617716,6.972790904097684e-27,1,0
L8_k240,0.03,-116.14480967403419,9.178995224550579e-28,1,0
L8_k240,0.03,-116.30299700966583,1.5383318996299633e-27,1,0
L8_k240,0.03,-116.72673739980627,1.326491484027896e-28,1,0
L8_k240,0.03,-117.06634035590716,1.48379405399427e-27,1,0
L8_k240,0.03,-117.12866790602784,4.912670127648019e-28,1,0
L8_k240,0.03,-117.71580917983978,7.6778199619168465e-31,1,0
L8_k240,0.03,-118.18972059336554,6.602540514789805e-32,1,0
L8_k240,0.03,-118.49299910842157,8.385399736427107e-32,1,0
L8_k240,0.03,-118.80477554560625,6.789519153920584e-32,1,0
L8_k240,0.03,-119.09283733275421,3.930902611190286e-32,1,0
L8_k240,0.03,-119.2866585300738,3.719707280804378e-32,1,0
L8_k240,0.03,-119.59498688326238,9.608244921812107e-33,1,0
L8_k240,0.03,-119.78927261711465,1.5022819599912994e-32,1,0
L8_k240,0.03,-119.92687718529481,2.387010844177594e-31,1,0
L8_k240,0.03,-120.09029661834074,2.2886282457810082e-32,1,0
L8_k240,0.03,-120.24394751771943,1.3904128859229513e-32,1,0
L8_k240,0.03,-120.35445315843452,2.311748775845111e-32,1,0
L8_k240,0.03,-120.7136015398597,3.136503147931502e-32,1,0
L8_k240,0.03,-120.76818909537606,2.1773498283540283e-32,1,0
L8_k240,0.03,-121.29238304350936,2.5075229950017227e-32,1,0
L8_k240,0.03,-121.63451787534397,8.09517593159931e-35,1,0
L8_k240,0.03,-122.1200173653183,2.2564666719843452e-33,1,0
L8_k240,0.03,-122.28374580807879,7.271618942372139e-34,1,0
L8_k240,0.03,-122.35029087764427,5.123805577627301e-32,1,0
L8_k240,0.03,-122.41945469443746,2.4947649680746327e-33,1,0
L8_k240,0.03,-122.53788131977444,2.4640439204953823e-32,1,0
L8_k240,0.03,-122.65504982463578,9.179977117568758e-33,1,0
L8_k240,0.03,-122.89389788746614,1.1852113286096575e-33,1,0
L8_k240,0.03,-122.96991194433582,1.7471338512139483e-32,1,0
L8_k240,0.03,-123.50756840187533,5.7277757996006e-33,1,0
L8_k240,0.03,-123.807275866374,4.4256482690257755e-32,1,0
L8_k240,3e-05,0.7041327606393182,0.00014897189589963578,0,1
L8_k240,3e-05,1.3647058351533445,6.203081536608859e-05,0,1
L8_k240,3e-05,1.8105275487343775,4.800234943858062e-05,0,1
L8_k240,3e-05,3.942801718190964,1.0487874271510439e-05,0,1
L8_k240,3e-05,4.244137229641687,6.031605716409308e-05,0,1
L8_k240,3e-05,4.819857454490027,7.863370438597951e-05,0,1
L8_k240,3e-05,5.5808344379175026,0.0002020174594464849,0,1
L8_k240,3e-05,7.26376042805483,1.8428142457202963e-05,0,1
L8_k240,3e-05,8.120175662167561,2.3781818230862807e-05,0,1
L8_k240,3e-05,9.653255422992231,6.670440585942161e-06,0,1
L8_k240,3e-05,12.426819000855488,1.750488852217412e-05,0,1
L8_k240,3e-05,14.920444844242056,2.3624014885164156e-06,0,1
L8_k240,3e-05,17.318704745567253,1.1432524687750694e-05,0,1
L8_k240,3e-05,19.766371886525967,0.0002741753231860772,0,1
L8_k240,3e-05,20.96927745077447,0.0002933994839969826,0,1
L8_k240,3e-05,23.011203911731833,7.912484571206978e-05,0,1
L8_k240,3e-05,26.74505651206252,2.6805498485059906e-05,0,1
L8_k240,3e-05,30.313075737115135,3.0884564779167814e-05,0,1
L8_k240,3e-05,32.99856004775219,7.859886081241898e-05,0,1
L8_k240,3e-05,36.166597675484226,2.8884483250636444e-05,0,1
L8_k240,3e-05,38.48199693251867,3.1985004833970693e-05,0,1
L8_k240,3e-05,42.61706670362651,6.420808837190545e-06,0,1
L8_k240,3e-05,45.364049950570404,4.547240850174719e-06,0,1
L8_k240,3e-05,51.20913265908032,1.6084168722586196e-05,0,1
L8_k240,3e-05,53.87248021816167,2.1570982249667725e-06,0,1
L8_k240,3e-05,59.55128702876474,2.0646332123482915e-07,0,1
L8_k240,3e-05,63.744330449932605,8.535459396255935e-07,0,1
L8_k240,3e-05,68.17038873581129,2.404727789298144e-07,0,1
L8_k240,3e-05,80.44834305523028,0.0005412736182565883,0,1
L8_k240,3e-05,82.64582970153512,0.0003081329718101697,0,1
L8_k240,3e-05,86.15119292649443,4.148528000964455e-05,0,1
L8_k240,3e-05,91.996348323533,3.866526219753297e-05,0,1
L8_k240,3e-05,96.84334392604674,5.3852744082918516e-05,0,1
L8_k240,3e-05,99.71843445888263,2.7001953288798724e-05,0,1
L8_k240,3e-05,103.83721976252025,9.443650538820704e-06,0,1
L8_k240,3e-05,110.227892386397,7.24662994241023e-06,0,1
L8_k240,3e-05,114.37576107112868,7.17216658895339e-07,0,1
L8_k240,3e-05,122.38732736153898,1.461150346273763e-08,0,1
L8_k240,3e-05,132.1187769747522,1.5515076692824883e-08,0,1
L8_k240,3e-05,139.92215021477926,1.704193016429209e-08,0,1
L8_k240,3e-05,158.63901817918943,0.00024743329324877826,0,1
L8_k240,3e-05,159.39317854618258,0.001381594748911478,0,1
L8_k240,3e-05,161.98436952226785,0.00021145365101103104,0,1
L8_k240,3e-05,169.6719499815508,9.919786031618654e-05,0,1
L8_k240,3e-05,172.91735994762183,0.00010849607789319989,0,1
L8_k240,3e-05,177.6175573051191,4.031208959566669e-05,0,1
L8_k240,3e-05,186.0482395915473,3.466436276473874e-05,0,1
L8_k240,3e-05,189.62668754453037,8.70879393668397e-06,0,1
L8_k240,3e-05,199.60429362888812,1.6581370179167018e-06,0,1
L8_k240,3e-05,208.51841440467564,1.6754774191519106e-05,0,1
L8_k240,3e-05,213.214611302493,1.3730904273320646e-05,0,1
L8_k240,3e-05,223.79281850929746,3.491273118917322e-05,0,1
L8_k240,3e-05,227.63742391816336,6.310033066578163e-06,0,1
L8_k240,3e-05,236.19475084623645,5.731469277744299e-06,0,1
L8_k240,3e-05,241.76519451321602,2.5234237540694265e-06,0,1
L8_k240,3e-05,251.34367822077607,2.1309062310190778e-06,0,1
L8_k240,3e-05,263.566090292976,4.6510909267729686e-07,0,1
L8_k240,3e-05,270.2555736146499,0.00012691355418984742,0,1
L8_k240,3e-05,274.8394061070276,0.00010223810032973513,0,1
L8_k240,3e-05,282.44341539934106,3.2531137783163084e-05,0,1
L8_k240,3e-05,287.94309201106637,0.00014200108106612376,0,1
L8_k240,3e-05,295.4474365395284,1.1523115747378563e-05,0,1
L8_k240,3e-05,301.258079827252,2.1381673248980712e-05,0,1
L8_k240,3e-05,307.42594851214375,4.153433311578845e-06,0,1
L8_k240,3e-05,316.77121557415524,3.6161116362553544e-06,0,1
L8_k240,3e-05,321.7899327075574,5.645679702918929e-06,0,1
L8_k240,3e-05,331.45987838679787,2.933410663201552e-07,0,1
L8_k240,3e-05,337.48144470444277,8.945421369247452e-08,0,1
L8_k240,3e-05,355.8215751859243,5.8454834616141715e-05,0,1
L8_k240,3e-05,358.22926795754626,3.417912611861135e-05,0,1
L8_k240,3e-05,363.7741524727076,3.117502010037174e-06,0,1
L8_k240,3e-05,370.0818541967339,8.191088781347403e-06,0,1
L8_k240,3e-05,374.5977235317892,2.4671944050505973e-06,0,1
L8_k240,3e-05,384.8365312859744,5.589536394189326e-07,0,1
L8_k240,3e-05,388.24319049722146,9.120815001160626e-08,0,1
L8_k240,3e-05,402.0703279643001,9.793981321597565e-10,0,1
L8_k240,3e-05,417.45196341347304,7.286313874861539e-05,0,1
L8_k240,3e-05,419.54809589254904,2.0524165835300823e-05,0,1
L8_k240,3e-05,424.58145449456157,2.517055294515593e-06,0,1
L8_k240,3e-05,429.74107989927154,8.08491149974541e-06,0,1
L8_k240,3e-05,434.5346254812733,3.675813977943737e-06,0,1
L8_k240,3e-05,442.5235975439108,5.796637043198045e-07,0,1
L8_k240,3e-05,446.0740742310181,1.4234389559581048e-06,0,1
L8_k240,3e-05,450.7081257627873,1.0303939673431628e-07,0,1
L8_k240,3e-05,458.8422911005811,7.329458494123038e-08,0,1
L8_k240,3e-05,463.3953983798996,1.9108289568903115e-08,0,1
L8_k240,3e-05,468.6229820031639,4.728150209469401e-10,0,1
L8_k240,3e-05,476.4203091930997,2.558723687549857e-09,0,1
L8_k240,3e-05,479.43669932012125,2.0197959865337133e-10,0,1
L8_k240,3e-05,483.96422217517454,6.082328807207592e-12,0,1
L8_k240,3e-05,505.4907309347121,1.1929468928419252e-17,0,1
L8_k240,3e-05,528.8219548144211,8.166504053886489e-07,0,1
L8_k240,3e-05,531.0828678871715,1.9955217159275283e-07,0,1
L8_k240,3e-05,533.2817755551007,5.044800704803937e-07,0,1
L8_k240,3e-05,535.4793592327843,1.6464233734650332e-07,0,1
L8_k240,3e-05,541.5150017030463,7.494726307075956e-08,0,1
L8_k240,3e-05,544.6623994307502,3.7838783439497667e-07,0,1
L8_k240,3e-05,546.4054174450023,5.245273967762752e-07,0,1
L8_k240,3e-05,549.3454350877989,6.819590648480072e-08,0,1
L8_k240,3e-05,552.786053500409,1.405939114211456e-08,0,1
L8_k240,3e-05,558.188500771618,8.35616466535167e-08,0,1
L8_k240,3e-05,561.764853387973,2.5964904571683636e-08,0,1
L8_k240,3e-05,564.0144227314681,1.3997154372151304e-08,0,1
L8_k240,3e-05,567.4707261289955,5.803316109967241e-10,0,1
L8_k240,3e-05,571.9609097709899,1.6038309163202527e-09,0,1
L8_k240,3e-05,574.7121924367906,6.961136049799355e-09,0,1
L8_k240,3e-05,576.7816057218367,1.823076645298083e-09,0,1
L8_k240,3e-05,580.185150206089,1.37654057210458e-10,0,1
L8_k240,3e-05,582.537844415209,2.0891184341913888e-11,0,1
L8_k240,3e-05,587.4169754167563,1.4058211291219743e-10,0,1
L8_k240,3e-05,589.7007528418904,1.7095603663515964e-11,0,1
L8_k240,3e-05,591.8133778574297,2.255169775621893e-11,0,1
L8_k240,3e-05,593.4416022040593,8.556597503030026e-13,0,1
L8_k240,3e-05,593.9349729205314,3.802925705164002e-12,0,1
L8_k240,3e-05,596.2357342391707,9.308435291024493e-14,0,1
L8_k240,3e-05,598.2945917545497,3.771746078226605e-14,0,1
L8_k240,3e-05,600.3426636081514,2.0691168020577494e-15,0,1
L8_k240,3e-05,601.6917451729984,4.9268509590889e-19,0,1
L8_k240,3e-05,602.6605675857844,1.1407075980882362e-17,0,1
L8_k240,3e-05,605.0014979603652,9.481026516023346e-23,0,1
L8_k240,3e-05,10093.628715604782,0.04117053887134922,0,1
L8_k240,3e-05,10094.388293326581,0.04694249249661436,0,1
L8_k240,3e-05,10095.723009666805,0.027446705628086723,0,1
L8_k240,3e-05,10096.066744783695,0.002396190829575089,0,1
L8_k240,3e-05,10096.408505787804,0.026648275335496546,0,1
L8_k240,3e-05,10097.65719083447,0.0009320678169385917,0,1
L8_k240,3e-05,10098.622391462979,0.0032305798642704203,0,1
L8_k240,3e-05,10099.971862298846,0.0021171503970700907,0,1
L8_k240,3e-05,10100.799450443948,0.002974258258927737,0,1
L8_k240,3e-05,10102.628094971771,0.0008560286263339686,0,1
L8_k240,3e-05,10106.760041513267,0.011158984549068123,0,1
L8_k240,3e-05,10107.583131832203,0.004757302800368804,0,1
L8_k240,3e-05,10109.660573163406,0.01123639842352119,0,1
L8_k240,3e-05,10111.587030168743,0.007226304957731899,0,1
L8_k240,3e-05,10113.861029530752,0.005058343462333123,0,1
L8_k240,3e-05,10116.28543695543,0.0011578421864020547,0,1
L8_k240,3e-05,10121.445862653074,0.0002448151564752331,0,1
L8_k240,3e-05,10123.413122633814,0.0052260271930348,0,1
L8_k240,3e-05,10125.558459851018,0.0026190257296839175,0,1
L8_k240,3e-05,10129.14854659766,0.0002756010662601676,0,1
L8_k240,3e-05,10133.528687646181,4.520923361975273e-05,0,1
L8_k240,3e-05,10136.501452261224,0.0002482792922190011,0,1
L8_k240,3e-05,10139.957175531918,0.0001428362002133036,0,1
L8_k240,3e-05,10143.225747030137,3.7428166373908304e-05,0,1
L8_k240,3e-05,10146.858656122635,2.6906723600039108e-06,0,1
L8_k240,3e-05,10152.69759754674,1.585892588449244e-05,0,1
L8_k240,3e-05,10155.030945171296,4.612798622572181e-06,0,1
L8_k240,3e-05,10159.105941696947,2.0579341790839273e-07,0,1
L8_k240,3e-05,10162.30899410374,4.787701854042969e-09,0,1
L8_k240,3e-05,10204.168250761035,1.557965332461336e-05,0,1
L8_k240,3e-05,10205.254602912975,0.0016743090465938077,0,1
L8_k240,3e-05,10207.322746562319,0.0005801441237769137,0,1
L8_k240,3e-05,10209.997026168849,0.001582775449026072,0,1
L8_k240,3e-05,10212.618956661798,0.000408457815064751,0,1
L8_k240,3e-05,10222.644141753019,0.002355740649206845,0,1
L8_k240,3e-05,10224.5613898821,0.003644206714114458,0,1
L8_k240,3e-05,10228.587789371266,0.0004890072454972036,0,1
L8_k240,3e-05,10236.707383110159,0.0008184479148731913,0,1
L8_k240,3e-05,10240.689950458858,0.0005799782188610341,0,1
L8_k240,3e-05,10245.925185708888,7.438185794912212e-05,0,1
L8_k240,3e-05,10252.93125880972,0.00020097149522656222,0,1
L8_k240,3e-05,10266.786507654191,0.0005613258300272124,0,1
L8_k240,3e-05,10268.88428721056,0.0031807883552920566,0,1
L8_k240,3e-05,10273.329206734074,0.0025088851434706193,0,1
L8_k240,3e-05,10283.31274349763,0.0032108389530547078,0,1
L8_k240,3e-05,10286.249572459079,0.0026862082783597504,0,1
L8_k240,3e-05,10294.890369858012,0.0004462977555845027,0,1
L8_k240,3e-05,10299.453846444749,0.0005266354070870197,0,1
L8_k240,3e-05,10305.182176630396,7.1742495773995e-05,0,1
L8_k240,3e-05,10313.32784988802,0.00011351674952187732,0,1
L8_k240,3e-05,10322.254008081083,4.938818086801147e-06,0,1
L8_k240,3e-05,10331.80230498245,1.1410594658630877e-05,0,1
L8_k240,3e-05,10338.376773354199,5.488940868322934e-06,0,1
L8_k240,3e-05,10352.354764673286,0.005304210293215669,0,1
L8_k240,3e-05,10354.876903121667,0.003228776736624979,0,1
L8_k240,3e-05,10362.386207541464,0.0005248914538489355,0,1
L8_k240,3e-05,10367.867360002894,0.0012936874636230043,0,1
L8_k240,3e-05,10372.766456669317,0.0004269884102214928,0,1
L8_k240,3e-05,10382.139021248038,0.0003585682995580531,0,1
L8_k240,3e-05,10387.347407811261,3.3628641612117396e-05,0,1
L8_k240,3e-05,10397.1773094114,1.4427563762837121e-05,0,1
L8_k240,3e-05,10404.263451632994,3.4988390050752265e-06,0,1
L8_k240,3e-05,10418.279187227528,0.0018726928722025968,0,1
L8_k240,3e-05,10420.948729084412,0.0008699610545356164,0,1
L8_k240,3e-05,10429.068780263256,0.00021584431120999327,0,1
L8_k240,3e-05,10433.927679962406,0.00028504221900035973,0,1
L8_k240,3e-05,10439.18332766047,5.317698574252147e-05,0,1
L8_k240,3e-05,10446.74245444248,8.748526161257738e-05,0,1
L8_k240,3e-05,10454.936449216944,3.5884421860146945e-06,0,1
L8_k240,3e-05,10462.300635773281,3.320759026567103e-06,0,1
L8_k240,3e-05,10469.22899611277,1.1712068080448803e-06,0,1
L8_k240,3e-05,10480.528770479561,4.44470514360665e-06,0,1
L8_k240,3e-05,10484.21658584313,6.208912594699633e-06,0,1
L8_k240,3e-05,10492.0927234311,4.284767668419609e-07,0,1
L8_k240,3e-05,10498.542287090117,9.193078559205035e-07,0,1
L8_k240,3e-05,10504.196243387783,1.867627564209895e-07,0,1
L8_k240,3e-05,10512.067526958423,1.4512363720166365e-07,0,1
L8_k240,3e-05,10516.842061804908,2.8444207166959514e-08,0,1
L8_k240,3e-05,10532.417578723507,3.445328373568544e-10,0,1
L8_k240,3e-05,10541.877264509505,9.996626787862523e-07,0,1
L8_k240,3e-05,10546.102063748152,9.134409770513787e-07,0,1
L8_k240,3e-05,10551.20254429987,2.141020036333914e-07,0,1
L8_k240,3e-05,10558.003291193021,3.975042021547883e-07,0,1
L8_k240,3e-05,10560.637536406983,6.242776265264384e-07,0,1
L8_k240,3e-05,10568.141459388775,6.206896313057985e-08,0,1
L8_k240,3e-05,10572.495676344932,1.1434454086959069e-07,0,1
L8_k240,3e-05,10577.375119804456,3.879397799774991e-08,0,1
L8_k240,3e-05,10585.509200253635,3.753191126173382e-09,0,1
L8_k240,3e-05,10589.412630086028,1.6347233462302823e-08,0,1
L8_k240,3e-05,10594.998934244226,4.158150640117269e-10,0,1
L8_k240,3e-05,10601.692806494428,3.9437541433906784e-10,0,1
L8_k240,3e-05,10606.57319689893,5.944537072571343e-11,0,1
L8_k240,3e-05,10618.72866710844,5.406060175232283e-10,0,1
L8_k240,3e-05,10621.659479062895,4.777259994384249e-10,0,1
L8_k240,3e-05,10628.049569734427,4.1529486914075937e-10,0,1
L8_k240,3e-05,10631.100741002076,8.684588120136739e-10,0,1
L8_k240,3e-05,10635.76664481694,1.8176249114052503e-09,0,1
L8_k240,3e-05,10639.308183514318,7.966572892295554e-10,0,1
L8_k240,3e-05,10642.976593995842,5.728465944353815e-10,0,1
L8_k240,3e-05,10648.342160273192,8.512232611298075e-10,0,1
L8_k240,3e-05,10650.89039319062,3.258101083144703e-10,0,1
L8_k240,3e-05,10655.896484985093,1.490626579856487e-10,0,1
L8_k240,3e-05,10659.530696796184,9.61141179690406e-11,0,1
L8_k240,3e-05,10662.631513579172,2.6046836023501234e-11,0,1
L8_k240,3e-05,10666.087533750146,5.432135151075652e-11,0,1
L8_k240,3e-05,10669.115553886946,6.423873857229225e-11,0,1
L8_k240,3e-05,10671.841323615161,1.7528165773470945e-11,0,1
L8_k240,3e-05,10673.825409469622,2.2774116682947824e-11,0,1
L8_k240,3e-05,10676.68444164855,2.7821066784506092e-12,0,1
L8_k240,3e-05,10680.059361334026,3.278871611671984e-12,0,1
L8_k240,3e-05,10681.320790261807,7.97893873200287e-13,0,1
L8_k240,3e-05,10683.759668236931,6.878428678102833e-13,0,1
L8_k240,3e-05,10685.079603905326,7.20766142349951e-14,0,1
L8_k240,3e-05,10686.995936215952,8.938903218971211e-15,0,1
L8_k240,3e-05,10688.97643205133,1.7048012332500335e-16,0,1
L8_k240,3e-05,10690.886186278753,5.7075150197555e-17,0,1
L8_k240,3e-05,10691.959804226139,9.709620528952743e-19,0,1
L8_k240,3e-05,10694.04278054983,1.4550495049661524e-20,0,1
L8_k240,3e-05,10694.75836212566,1.374255349612751e-20,0,1
L8_k240,3e-05,10697.424746462504,2.099419147205785e-25,0,1
L8_k240,3e-05,-0.7041327606396877,0.00014897189590016804,0,0
L8_k240,3e-05,-1.3647058351546235,6.20308153657933e-05,0,0
L8_k240,3e-05,-1.8105275487363102,4.800234943846983e-05,0,0
L8_k240,3e-05,-3.942801726821102,1.0487875314880161e-05,0,0
L8_k240,3e-05,-4.244137238081599,6.03160572230754e-05,0,0
L8_k240,3e-05,-4.819857462552385,7.863370397957287e-05,0,0
L8_k240,3e-05,-5.5808344395280685,0.00020201745885258375,0,0
L8_k240,3e-05,-7.263760450095901,1.842814311536328e-05,0,0
L8_k240,3e-05,-8.120175681241733,2.378181760038813e-05,0,0
L8_k240,3e-05,-9.653255438692412,6.6704404729756e-06,0,0
L8_k240,3e-05,-12.426819004574924,1.750488854701403e-05,0,0
L8_k240,3e-05,-14.92044493900697,2.362401623634289e-06,0,0
L8_k240,3e-05,-17.318704834107493,1.143252536748135e-05,0,0
L8_k240,3e-05,-19.766371921211167,0.0002741753372751773,0,0
L8_k240,3e-05,-20.969277498021306,0.0002933994723490987,0,0
L8_k240,3e-05,-23.011203953318592,7.912484270706805e-05,0,0
L8_k240,3e-05,-26.745056550855985,2.6805498538591423e-05,0,0
L8_k240,3e-05,-30.313075811770858,3.088456578829245e-05,0,0
L8_k240,3e-05,-32.99856010159047,7.85988609441194e-05,0,0
L8_k240,3e-05,-36.16659789735564,2.88844849272372e-05,0,0
L8_k240,3e-05,-38.48199707239915,3.1985002135115184e-05,0,0
L8_k240,3e-05,-42.617066992914665,6.420809004481474e-06,0,0
L8_k240,3e-05,-45.36405014684945,4.547240265954336e-06,0,0
L8_k240,3e-05,-51.209132687437936,1.608416890646635e-05,0,0
L8_k240,3e-05,-53.872480384542186,2.1570980143367696e-06,0,0
L8_k240,3e-05,-59.551287571188176,2.0646332683704948e-07,0,0
L8_k240,3e-05,-63.744330547933785,8.53545924344781e-07,0,0
L8_k240,3e-05,-68.17038883543691,2.404727682287913e-07,0,0
L8_k240,3e-05,-80.44834305671613,0.0005412736193557103,0,0
L8_k240,3e-05,-82.64582971231333,0.00030813297168023185,0,0
L8_k240,3e-05,-86.15119298989904,4.14852793723466e-05,0,0
L8_k240,3e-05,-91.99634840454864,3.866526292463212e-05,0,0
L8_k240,3e-05,-96.84334414909729,5.3852749363652347e-05,0,0
L8_k240,3e-05,-99.7184349391454,2.700194841100311e-05,0,0
L8_k240,3e-05,-103.8372200559332,9.443649199877461e-06,0,0
L8_k240,3e-05,-110.22789246378554,7.2466299127503055e-06,0,0
L8_k240,3e-05,-114.37576129616716,7.172165674910146e-07,0,0
L8_k240,3e-05,-122.38732803028269,1.4611501003309277e-08,0,0
L8_k240,3e-05,-132.11877719051918,1.5515076732300063e-08,0,0
L8_k240,3e-05,-139.92215037217602,1.7041929936630827e-08,0,0
L8_k240,3e-05,-158.6390191018152,0.0002474341197821186,0,0
L8_k240,3e-05,-159.393178917046,0.0013815940001635804,0,0
L8_k240,3e-05,-161.98436998569068,0.00021145357691040997,0,0
L8_k240,3e-05,-169.6719508229202,9.91979026163186e-05,0,0
L8_k240,3e-05,-172.9173610478806,0.00010849604572280087,0,0
L8_k240,3e-05,-177.61755809268504,4.03120770595154e-05,0,0
L8_k240,3e-05,-186.0482400493289,3.466436686919712e-05,0,0
L8_k240,3e-05,-189.6266885970701,8.708788695445152e-06,0,0
L8_k240,3e-05,-199.60429429318023,1.6581370061505157e-06,0,0
L8_k240,3e-05,-208.5184145517771,1.675477484205622e-05,0,0
L8_k240,3e-05,-213.21461147840654,1.3730903609007544e-05,0,0
L8_k240,3e-05,-223.79281862754803,3.491273295973641e-05,0,0
L8_k240,3e-05,-227.6374246871344,6.310031412981547e-06,0,0
L8_k240,3e-05,-236.19475121104725,5.731469426452401e-06,0,0
L8_k240,3e-05,-241.76519498994844,2.5234234184075354e-06,0,0
L8_k240,3e-05,-251.34367836927265,2.1309062095238104e-06,0,0
L8_k240,3e-05,-263.5660933969216,4.651096204650214e-07,0,0
L8_k240,3e-05,-270.25557370590025,0.0001269135580651044,0,0
L8_k240,3e-05,-274.8394062826769,0.0001022380977257604,0,0
L8_k240,3e-05,-282.4434159788081,3.253114024517409e-05,0,0
L8_k240,3e-05,-287.9430921428924,0.00014200107856430718,0,0
L8_k240,3e-05,-295.44743778105163,1.1523116545778097e-05,0,0
L8_k240,3e-05,-301.2580803588928,2.1381671822735112e-05,0,0
L8_k240,3e-05,-307.4259494130005,4.153432316526908e-06,0,0
L8_k240,3e-05,-316.7712160395233,3.6161118304416048e-06,0,0
L8_k240,3e-05,-321.7899328701106,5.645679373022538e-06,0,0
L8_k240,3e-05,-331.45987903902085,2.933410658280804e-07,0,0
L8_k240,3e-05,-337.481445447215,8.945418962913052e-08,0,0
L8_k240,3e-05,-355.82157520917156,5.8454836127076016e-05,0,0
L8_k240,3e-05,-358.22926805782424,3.417912499264781e-05,0,0
L8_k240,3e-05,-363.77415301059636,3.1175018252188716e-06,0,0
L8_k240,3e-05,-370.08185433851474,8.191088786640918e-06,0,0
L8_k240,3e-05,-374.59772369718627,2.4671942057468204e-06,0,0
L8_k240,3e-05,-384.83653145742664,5.589536641138186e-07,0,0
L8_k240,3e-05,-388.243190977523,9.120811837877197e-08,0,0
L8_k240,3e-05,-402.0703294569811,9.793981280489815e-10,0,0
L8_k240,3e-05,-417.4519634200383,7.286313939569801e-05,0,0
L8_k240,3e-05,-419.5480959603496,2.0524165392884625e-05,0,0
L8_k240,3e-05,-424.5814549041365,2.5170552846552037e-06,0,0
L8_k240,3e-05,-429.74108001195293,8.0849114581909e-06,0,0
L8_k240,3e-05,-434.5346255954711,3.6758138490430117e-06,0,0
L8_k240,3e-05,-442.5235981689369,5.796638283958285e-07,0,0
L8_k240,3e-05,-446.0740744820879,1.4234388400587274e-06,0,0
L8_k240,3e-05,-450.70812634536543,1.0303936542294916e-07,0,0
L8_k240,3e-05,-458.8422912196037,7.329458528249625e-08,0,0
L8_k240,3e-05,-463.3953986028351,1.910828816006356e-08,0,0
L8_k240,3e-05,-468.62298321124206,4.728147478620913e-10,0,0
L8_k240,3e-05,-476.4203092307739,2.558723702336779e-09,0,0
L8_k240,3e-05,-479.43669949370127,2.0197957042756646e-10,0,0
L8_k240,3e-05,-483.96422228300264,6.082328098879455e-12,0,0
L8_k240,3e-05,-505.49073761064994,1.192946557844346e-17,0,0
L8_k240,3e-05,-528.8219548144444,8.166504054323163e-07,0,0
L8_k240,3e-05,-531.082867890132,1.9955217222093425e-07,0,0
L8_k240,3e-05,-533.2817755604133,5.044800713553065e-07,0,0
L8_k240,3e-05,-535.4793592459089,1.6464233598634048e-07,0,0
L8_k240,3e-05,-541.515001780013,7.494726777419887e-08,0,0
L8_k240,3e-05,-544.6623995880877,3.78387889512231e-07,0,0
L8_k240,3e-05,-546.4054175897033,5.245273483852721e-07,0,0
L8_k240,3e-05,-549.345435348548,6.819589679971294e-08,0,0
L8_k240,3e-05,-552.7860537054,1.4059389370698571e-08,0,0
L8_k240,3e-05,-558.1885007828714,8.356164683626098e-08,0,0
L8_k240,3e-05,-561.7648534560875,2.596490513936681e-08,0,0
L8_k240,3e-05,-564.0144228144758,1.3997153572494103e-08,0,0
L8_k240,3e-05,-567.4707264301586,5.80331517164648e-10,0,0
L8_k240,3e-05,-571.9609098154975,1.6038309317276739e-09,0,0
L8_k240,3e-05,-574.7121924482184,6.9611360501719376e-09,0,0
L8_k240,3e-05,-576.7816057377215,1.823076616393327e-09,0,0
L8_k240,3e-05,-580.1851502283779,1.376540560519736e-10,0,0
L8_k240,3e-05,-582.5378444393052,2.0891183743840366e-11,0,0
L8_k240,3e-05,-587.4169754171932,1.405821129391877e-10,0,0
L8_k240,3e-05,-589.7007528471196,1.709560366910721e-11,0,0
L8_k240,3e-05,-591.813377862094,2.2551697788157847e-11,0,0
L8_k240,3e-05,-593.4416024923772,8.556602723290493e-13,0,0
L8_k240,3e-05,-593.9349729499625,3.802925107858311e-12,0,0
L8_k240,3e-05,-596.2357342411253,9.308435252634294e-14,0,0
L8_k240,3e-05,-598.2945917546265,3.7717460793049793e-14,0,0
L8_k240,3e-05,-600.3426636080927,2.0691168083768652e-15,0,0
L8_k240,3e-05,-601.6917451869155,4.926850716581298e-19,0,0
L8_k240,3e-05,-602.660567586166,1.1407075530788533e-17,0,0
L8_k240,3e-05,-605.0014977559621,9.479874623752797e-23,0,0
L8_k240,3e-05,-10093.628715604778,0.04117053887146532,0,0
L8_k240,3e-05,-10094.388293326574,0.046942492496508684,0,0
L8_k240,3e-05,-10095.723009667427,0.027446705820531155,0,0
L8_k240,3e-05,-10096.066744862366,0.0023961914685949205,0,0
L8_k240,3e-05,-10096.408505794307,0.02664827455220389,0,0
L8_k240,3e-05,-10097.65719094733,0.0009320679440301151,0,0
L8_k240,3e-05,-10098.622391522442,0.0032305798493703244,0,0
L8_k240,3e-05,-10099.971862480357,0.0021171508334631136,0,0
L8_k240,3e-05,-10100.799450534982,0.00297425769879682,0,0
L8_k240,3e-05,-10102.628095009371,0.0008560285938586093,0,0
L8_k240,3e-05,-10106.760041567932,0.011158986451317153,0,0
L8_k240,3e-05,-10107.583132130769,0.004757301327434945,0,0
L8_k240,3e-05,-10109.660573249042,0.011236398512517056,0,0
L8_k240,3e-05,-10111.587030281535,0.0072263046919146005,0,0
L8_k240,3e-05,-10113.86102961093,0.005058343304613363,0,0
L8_k240,3e-05,-10116.28543705876,0.0011578420968622488,0,0
L8_k240,3e-05,-10121.445863638204,0.0002448154205953056,0,0
L8_k240,3e-05,-10123.413122760689,0.00522602720565277,0,0
L8_k240,3e-05,-10125.558459984115,0.0026190254787982264,0,0
L8_k240,3e-05,-10129.148546876444,0.00027560104223256775,0,0
L8_k240,3e-05,-10133.52868907064,4.52092497206837e-05,0,0
L8_k240,3e-05,-10136.501452536857,0.0002482792794784026,0,0
L8_k240,3e-05,-10139.957175797352,0.00014283619352015205,0,0
L8_k240,3e-05,-10143.22574742277,3.742816014940564e-05,0,0
L8_k240,3e-05,-10146.858657089231,2.690670796369888e-06,0,0
L8_k240,3e-05,-10152.697597601338,1.5858926191101142e-05,0,0
L8_k240,3e-05,-10155.030945274448,4.612798217208463e-06,0,0
L8_k240,3e-05,-10159.105941834972,2.057933998161593e-07,0,0
L8_k240,3e-05,-10162.308994357605,4.787700161634829e-09,0,0
L8_k240,3e-05,-10204.168257423195,1.558001435089954e-05,0,0
L8_k240,3e-05,-10205.254603377,0.001674309265280316,0,0
L8_k240,3e-05,-10207.322749285671,0.0005801442286094796,0,0
L8_k240,3e-05,-10209.997027297617,0.00158277529181032,0,0
L8_k240,3e-05,-10212.618958164001,0.0004084573004577206,0,0
L8_k240,3e-05,-10222.644143000263,0.0023557443689100678,0,0
L8_k240,3e-05,-10224.56139153827,0.003644203717166747,0,0
L8_k240,3e-05,-10228.587792450755,0.0004890065806723943,0,0
L8_k240,3e-05,-10236.707384547752,0.0008184483170862939,0,0
L8_k240,3e-05,-10240.689953115334,0.0005799779267246204,0,0
L8_k240,3e-05,-10245.925192735413,7.43817074341454e-05,0,0
L8_k240,3e-05,-10252.93125936848,0.00020097147018982738,0,0
L8_k240,3e-05,-10266.786516347338,0.0005613319232296445,0,0
L8_k240,3e-05,-10268.884290866821,0.0031807836784712483,0,0
L8_k240,3e-05,-10273.329208035311,0.0025088838515460615,0,0
L8_k240,3e-05,-10283.312745327856,0.003210842501046875,0,0
L8_k240,3e-05,-10286.249574962427,0.0026862048481973775,0,0
L8_k240,3e-05,-10294.89037735688,0.0004462985282785065,0,0
L8_k240,3e-05,-10299.453852982868,0.0005266347088303228,0,0
L8_k240,3e-05,-10305.182189117355,7.174220839558328e-05,0,0
L8_k240,3e-05,-10313.327851232625,0.00011351672386522434,0,0
L8_k240,3e-05,-10322.254019870155,4.938814276287313e-06,0,0
L8_k240,3e-05,-10331.8023107961,1.1410602239167734e-05,0,0
L8_k240,3e-05,-10338.376784505675,5.488931920657935e-06,0,0
L8_k240,3e-05,-10352.354765026772,0.005304212119771554,0,0
L8_k240,3e-05,-10354.876904275927,0.003228775162342173,0,0
L8_k240,3e-05,-10362.38621271526,0.0005248918677787276,0,0
L8_k240,3e-05,-10367.867362913654,0.0012936874427827698,0,0
L8_k240,3e-05,-10372.766460452185,0.00042698781357108776,0,0
L8_k240,3e-05,-10382.139022704154,0.00035856835243019204,0,0
L8_k240,3e-05,-10387.34741652189,3.362854563027295e-05,0,0
L8_k240,3e-05,-10397.177314780234,1.442756441994213e-05,0,0
L8_k240,3e-05,-10404.263464285565,3.4988311876018457e-06,0,0
L8_k240,3e-05,-10418.279187584885,0.0018726934585200704,0,0
L8_k240,3e-05,-10420.948730463471,0.0008699605358068357,0,0
L8_k240,3e-05,-10429.068784707571,0.00021584453019207346,0,0
L8_k240,3e-05,-10433.927684300159,0.00028504209472005683,0,0
L8_k240,3e-05,-10439.183336132632,5.317684149791105e-05,0,0
L8_k240,3e-05,-10446.742455391357,8.74852466004146e-05,0,0
L8_k240,3e-05,-10454.936457855734,3.5884402052441046e-06,0,0
L8_k240,3e-05,-10462.300641077467,3.320757595994129e-06,0,0
L8_k240,3e-05,-10469.22900204909,1.1712053835151799e-06,0,0
L8_k240,3e-05,-10480.52877365087,4.444711711074246e-06,0,0
L8_k240,3e-05,-10484.216588600459,6.2089065594590255e-06,0,0
L8_k240,3e-05,-10492.092736853398,4.2847671288786107e-07,0,0
L8_k240,3e-05,-10498.542291836551,9.193076212307118e-07,0,0
L8_k240,3e-05,-10504.19625276531,1.867622650035456e-07,0,0
L8_k240,3e-05,-10512.067530289427,1.4512362081292713e-07,0,0
L8_k240,3e-05,-10516.842065980272,2.8444139368401937e-08,0,0
L8_k240,3e-05,-10532.417626310631,3.445363248666532e-10,0,0
L8_k240,3e-05,-10541.877264870029,9.996628914994239e-07,0,0
L8_k240,3e-05,-10546.102065261657,9.134410896286271e-07,0,0
L8_k240,3e-05,-10551.202552020884,2.1410193030178818e-07,0,0
L8_k240,3e-05,-10558.003304358916,3.9750706203244756e-07,0,0
L8_k240,3e-05,-10560.637543635588,6.242746449619599e-07,0,0
L8_k240,3e-05,-10568.141476864317,6.206911042352537e-08,0,0
L8_k240,3e-05,-10572.495683782367,1.1434434952653804e-07,0,0
L8_k240,3e-05,-10577.3751249412,3.879389486503425e-08,0,0
L8_k240,3e-05,-10585.50921924663,3.75320582208131e-09,0,0
L8_k240,3e-05,-10589.412633176977,1.6347214934058402e-08,0,0
L8_k240,3e-05,-10594.99895490914,4.158122365944696e-10,0,0
L8_k240,3e-05,-10601.692811293182,3.9437518872825397e-10,0,0
L8_k240,3e-05,-10606.573204446619,5.944515045599799e-11,0,0
L8_k240,3e-05,-10618.728668579544,5.406066404087403e-10,0,0
L8_k240,3e-05,-10621.65948267463,4.777255887514763e-10,0,0
L8_k240,3e-05,-10628.049580243569,4.152972779796925e-10,0,0
L8_k240,3e-05,-10631.100749388545,8.68457393330649e-10,0,0
L8_k240,3e-05,-10635.766648476783,1.8176258349369058e-09,0,0
L8_k240,3e-05,-10639.308191293507,7.966563388060705e-10,0,0
L8_k240,3e-05,-10642.976598342273,5.728456415315628e-10,0,0
L8_k240,3e-05,-10648.342162454235,8.512239599028037e-10,0,0
L8_k240,3e-05,-10650.890397319203,3.2580926920900863e-10,0,0
L8_k240,3e-05,-10655.896487858836,1.490626978318166e-10,0,0
L8_k240,3e-05,-10659.53070198803,9.611414987162242e-11,0,0
L8_k240,3e-05,-10662.63152869314,2.6046759063573257e-11,0,0
L8_k240,3e-05,-10666.087538616775,5.432134913124703e-11,0,0
L8_k240,3e-05,-10669.115557527572,6.423873723474118e-11,0,0
L8_k240,3e-05,-10671.84133579643,1.752817823872427e-11,0,0
L8_k240,3e-05,-10673.825413637183,2.277403342848068e-11,0,0
L8_k240,3e-05,-10676.684446592011,2.7820987200208833e-12,0,0
L8_k240,3e-05,-10680.059364848596,3.2788821694664068e-12,0,0
L8_k240,3e-05,-10681.32080104835,7.978823253056409e-13,0,0
L8_k240,3e-05,-10683.759670704023,6.87842916564816e-13,0,0
L8_k240,3e-05,-10685.079611564403,7.207567825541032e-14,0,0
L8_k240,3e-05,-10686.99593952313,8.938858466649378e-15,0,0
L8_k240,3e-05,-10688.976441487903,1.704778455262619e-16,0,0
L8_k240,3e-05,-10690.886188679964,5.707504108047249e-17,0,0
L8_k240,3e-05,-10691.959819407195,9.709133974162747e-19,0,0
L8_k240,3e-05,-10694.042788682154,1.4550522638428454e-20,0,0
L8_k240,3e-05,-10694.758362969484,1.3742523944647364e-20,0,0
L8_k240,3e-05,-10697.424786174166,2.105783684876201e-25,0,0
L8_k240,3e-05,0.7041327606382168,0.00014897189589984985,1,1
L8_k240,3e-05,1.3647058351503745,6.203081536471494e-05,1,1
L8_k240,3e-05,1.8105275487189232,4.800234943860366e-05,1,1
L8_k240,3e-05,3.942800487028009,1.048772551049475e-05,1,1
L8_k240,3e-05,4.244136027088196,6.031604898816648e-05,1,1
L8_k240,3e-05,4.8198563068380835,7.863376231329118e-05,1,1
L8_k240,3e-05,5.580834208715807,0.00020201754396406338,1,1
L8_k240,3e-05,7.263757294137662,1.842804886607892e-05,1,1
L8_k240,3e-05,8.120172950213558,2.378190786831954e-05,1,1
L8_k240,3e-05,9.653253191114551,6.6704566396004336e-06,1,1
L8_k240,3e-05,12.42681847222677,1.7504884986863652e-05,1,1
L8_k240,3e-05,14.920431371885542,2.362382280111673e-06,1,1
L8_k240,3e-05,17.318692158693544,1.1432428054308962e-05,1,1
L8_k240,3e-05,19.7663669557409,0.0002741733202271503,1,1
L8_k240,3e-05,20.969270734167367,0.00029340113992765707,1,1
L8_k240,3e-05,23.011197999775888,7.912527289176157e-05,1,1
L8_k240,3e-05,26.745050996951377,2.6805490879875822e-05,1,1
L8_k240,3e-05,30.31306512327938,3.088442130486722e-05,1,1
L8_k240,3e-05,32.99855239350056,7.859884207370357e-05,1,1
L8_k240,3e-05,36.166566130462364,2.8884244874508142e-05,1,1
L8_k240,3e-05,38.48197704458452,3.198538855195088e-05,1,1
L8_k240,3e-05,42.617025571056594,6.42078505046087e-06,1,1
L8_k240,3e-05,45.36402204259226,4.5473239182175056e-06,1,1
L8_k240,3e-05,51.209128626655655,1.6084142576044785e-05,1,1
L8_k240,3e-05,53.87245655835579,2.1571281767965813e-06,1,1
L8_k240,3e-05,59.55120989163079,2.064625244877125e-07,1,1
L8_k240,3e-05,63.74431651267762,8.535481129016603e-07,1,1
L8_k240,3e-05,68.17037456688598,2.404743008020988e-07,1,1
L8_k240,3e-05,80.44834284387639,0.0005412734618330359,1,1
L8_k240,3e-05,82.64582816841565,0.0003081329903299568,1,1
L8_k240,3e-05,86.15118390673415,4.148537066940769e-05,1,1
L8_k240,3e-05,91.99633679749772,3.866515874445195e-05,1,1
L8_k240,3e-05,96.84331219023036,5.3851992719727944e-05,1,1
L8_k240,3e-05,99.7183661256685,2.70026473164598e-05,1,1
L8_k240,3e-05,103.83717801340046,9.443841049717862e-06,1,1
L8_k240,3e-05,110.22788137382955,7.24663416150968e-06,1,1
L8_k240,3e-05,114.37572904550346,7.172296663920259e-07,1,1
L8_k240,3e-05,122.38723217996633,1.4611853491979324e-08,1,1
L8_k240,3e-05,132.1187462621321,1.55150710730533e-08,1,1
L8_k240,3e-05,139.92212780679108,1.704196260219484e-08,1,1
L8_k240,3e-05,158.63888676738756,0.0002473156006496147,1,1
L8_k240,3e-05,159.39312573493865,0.0013817013633344514,1,1
L8_k240,3e-05,161.98430352135918,0.0002114642043538446,1,1
L8_k240,3e-05,169.67183012811705,9.919183459190701e-05,1,1
L8_k240,3e-05,172.91720321631178,0.00010850066047111411,1,1
L8_k240,3e-05,177.61744510902673,4.031387543846229e-05,1,1
L8_k240,3e-05,186.04817436256297,3.466377786468841e-05,1,1
L8_k240,3e-05,189.62653756467583,8.709540794673468e-06,1,1
L8_k240,3e-05,199.60419895090263,1.6581386920733192e-06,1,1
L8_k240,3e-05,208.51839343483854,1.675468144855282e-05,1,1
L8_k240,3e-05,213.21458622271274,1.3730998974181897e-05,1,1
L8_k240,3e-05,223.79280164554882,3.491247866958397e-05,1,1
L8_k240,3e-05,227.63731424702488,6.310268896168048e-06,1,1
L8_k240,3e-05,236.19469880508996,5.731448055702184e-06,1,1
L8_k240,3e-05,241.76512649663985,2.523471639804973e-06,1,1
L8_k240,3e-05,251.34365702852384,2.130909297361467e-06,1,1
L8_k240,3e-05,263.565647166457,4.650337488717704e-07,1,1
L8_k240,3e-05,270.2555605855745,0.00012691300078294693,1,1
L8_k240,3e-05,274.8393810227637,0.0001022384721092668,1,1
L8_k240,3e-05,282.4433326238898,3.253078600214361e-05,1,1
L8_k240,3e-05,287.943073176215,0.00014200143841073352,1,1
L8_k240,3e-05,295.4472591065868,1.1523001584142381e-05,1,1
L8_k240,3e-05,301.25800383238504,2.1381877052830488e-05,1,1
L8_k240,3e-05,307.4258197096345,4.153575564132105e-06,1,1
L8_k240,3e-05,316.77114901075504,3.6160838507935357e-06,1,1
L8_k240,3e-05,321.789909451793,5.645726893263504e-06,1,1
L8_k240,3e-05,331.45978503342775,2.9334113547583785e-07,1,1
L8_k240,3e-05,337.4813383614822,8.945765845606575e-08,1,1
L8_k240,3e-05,355.82157185448796,5.8454618049342146e-05,1,1
L8_k240,3e-05,358.2292535843169,3.417928748968801e-05,1,1
L8_k240,3e-05,363.774075348282,3.1175284973383204e-06,1,1
L8_k240,3e-05,370.08183385980476,8.19108801094451e-06,1,1
L8_k240,3e-05,374.59769980016114,2.4672229980222724e-06,1,1
L8_k240,3e-05,384.8365066671483,5.589500924518897e-07,1,1
L8_k240,3e-05,388.2431215143717,9.121269290297976e-08,1,1
L8_k240,3e-05,402.07011333886896,9.793987045320146e-10,1,1
L8_k240,3e-05,417.45196246812975,7.286304556686136e-05,1,1
L8_k240,3e-05,419.5480861275432,2.0524229531756122e-05,1,1
L8_k240,3e-05,424.5813954731536,2.517056699600076e-06,1,1
L8_k240,3e-05,429.7410636520239,8.084917475998705e-06,1,1
L8_k240,3e-05,434.5346090059523,3.6758325670741197e-06,1,1
L8_k240,3e-05,442.5235072760518,5.796457784468432e-07,1,1
L8_k240,3e-05,446.0740379538947,1.4234556947871642e-06,1,1
L8_k240,3e-05,450.70804152996965,1.0304392277537468e-07,1,1
L8_k240,3e-05,458.84227386940944,7.329453532320468e-08,1,1
L8_k240,3e-05,463.3953660795522,1.910849358220373e-08,1,1
L8_k240,3e-05,468.62280681189793,4.728546105969988e-10,1,1
L8_k240,3e-05,476.42030372150657,2.558721539088254e-09,1,1
L8_k240,3e-05,479.436674098771,2.0198369903229673e-10,1,1
L8_k240,3e-05,483.96420649952677,6.082431791377899e-12,1,1
L8_k240,3e-05,505.4897524866716,1.1929956040845559e-17,1,1
L8_k240,3e-05,528.8219548107744,8.166503992525207e-07,1,1
L8_k240,3e-05,531.0828674477419,1.9955207827705053e-07,1,1
L8_k240,3e-05,533.2817747652458,5.044799400430749e-07,1,1
L8_k240,3e-05,535.479357278282,1.646425396433147e-07,1,1
L8_k240,3e-05,541.5149901818916,7.494655820185273e-08,1,1
L8_k240,3e-05,544.6623758050258,3.7837954891720913e-07,1,1
L8_k240,3e-05,546.4053956761239,5.245346639244246e-07,1,1
L8_k240,3e-05,549.3453957257294,6.81973652154527e-08,1,1
L8_k240,3e-05,552.7860224146725,1.4059659154551951e-08,1,1
L8_k240,3e-05,558.1884990503934,8.356161843169791e-08,1,1
L8_k240,3e-05,561.7648428977867,2.5964816570194415e-08,1,1
L8_k240,3e-05,564.0144098833694,1.3997277724332744e-08,1,1
L8_k240,3e-05,567.4706790963719,5.803461881868167e-10,1,1
L8_k240,3e-05,571.9609027183326,1.6038284321263727e-09,1,1
L8_k240,3e-05,574.7121906053808,6.961135934134733e-09,1,1
L8_k240,3e-05,576.7816031505511,1.823081300339291e-09,1,1
L8_k240,3e-05,580.1851465221343,1.3765424505645122e-10,1,1
L8_k240,3e-05,582.5378403607559,2.0891284201512002e-11,1,1
L8_k240,3e-05,587.4169753387837,1.405821081832245e-10,1,1
L8_k240,3e-05,589.7007518713394,1.7095602096937304e-11,1,1
L8_k240,3e-05,591.8133769436246,2.2551690784359332e-11,1,1
L8_k240,3e-05,593.4415422482999,8.555489846114836e-13,1,1
L8_k240,3e-05,593.9349666593314,3.803051576310124e-12,1,1
L8_k240,3e-05,596.2357337573774,9.308443819359187e-14,1,1
L8_k240,3e-05,598.2945917295938,3.771746252337526e-14,1,1
L8_k240,3e-05,600.3426635950689,2.0691168380831916e-15,1,1
L8_k240,3e-05,601.691741384447,4.926893898825688e-19,1,1
L8_k240,3e-05,602.6605675802809,1.1407076352853865e-17,1,1
L8_k240,3e-05,605.0014979608621,9.481110080982448e-23,1,1
L8_k240,3e-05,10093.62871560478,0.04117053887137963,1,1
L8_k240,3e-05,10094.388293326574,0.0469424924952171,1,1
L8_k240,3e-05,10095.723009578083,0.02744667830759549,1,1
L8_k240,3e-05,10096.066733616293,0.002396100186211092,1,1
L8_k240,3e-05,10096.408504865143,0.02664838647681574,1,1
L8_k240,3e-05,10097.657174840811,0.0009320498143849103,1,1
L8_k240,3e-05,10098.622383039727,0.0032305819813446823,1,1
L8_k240,3e-05,10099.97183659578,0.002117088615082261,1,1
L8_k240,3e-05,10100.799437554953,0.0029743375667296698,1,1
L8_k240,3e-05,10102.62808964939,0.0008560332229397998,1,1
L8_k240,3e-05,10106.76003377628,0.011158715316884752,1,1
L8_k240,3e-05,10107.583089578347,0.004757511274410165,1,1
L8_k240,3e-05,10109.66056104482,0.011236385830189467,1,1
L8_k240,3e-05,10111.587014207633,0.007226342575553775,1,1
L8_k240,3e-05,10113.861018184296,0.005058365780693949,1,1
L8_k240,3e-05,10116.285422334111,0.0011578548561236796,1,1
L8_k240,3e-05,10121.445723257903,0.0002447777885968527,1,1
L8_k240,3e-05,10123.41310468215,0.005226025406092303,1,1
L8_k240,3e-05,10125.558441018717,0.0026190612270689403,1,1
L8_k240,3e-05,10129.148507151227,0.0002756044658753075,1,1
L8_k240,3e-05,10133.528486097346,4.520695593295625e-05,1,1
L8_k240,3e-05,10136.501413263783,0.0002482810945682311,1,1
L8_k240,3e-05,10139.957137975896,0.00014283714720446253,1,1
L8_k240,3e-05,10143.225691476386,3.742904705723885e-05,1,1
L8_k240,3e-05,10146.858519364498,2.6908936046959884e-06,1,1
L8_k240,3e-05,10152.69758982155,1.585888248182914e-05,1,1
L8_k240,3e-05,10155.030930577266,4.612855975405336e-06,1,1
L8_k240,3e-05,10159.105922170547,2.0579597737122706e-07,1,1
L8_k240,3e-05,10162.308958208007,4.787941202721808e-09,1,1
L8_k240,3e-05,10204.167307641259,1.5528641839569094e-05,1,1
L8_k240,3e-05,10205.254537279898,0.001674278022938634,1,1
L8_k240,3e-05,10207.322361205439,0.0005801293023147872,1,1
L8_k240,3e-05,10209.996866444137,0.0015827976796121755,1,1
L8_k240,3e-05,10212.6187440916,0.00040853064028930275,1,1
L8_k240,3e-05,10222.64396519747,0.0023552141463550696,1,1
L8_k240,3e-05,10224.561155474541,0.003644630910518975,1,1
L8_k240,3e-05,10228.587353526193,0.0004891013525763747,1,1
L8_k240,3e-05,10236.707179608948,0.000818390975685124,1,1
L8_k240,3e-05,10240.689574413798,0.0005800195712398508,1,1
L8_k240,3e-05,10245.924191199783,7.440316869654064e-05,1,1
L8_k240,3e-05,10252.931179723924,0.00020097503829672505,1,1
L8_k240,3e-05,10266.785276732295,0.0005604638603907279,1,1
L8_k240,3e-05,10268.883769904767,0.0031814498789041207,1,1
L8_k240,3e-05,10273.329022568609,0.0025090679711935312,1,1
L8_k240,3e-05,10283.31248435086,0.003210336594269903,1,1
L8_k240,3e-05,10286.249218039564,0.0026866939452574786,1,1
L8_k240,3e-05,10294.889307917221,0.0004461883539753605,1,1
L8_k240,3e-05,10299.452920752941,0.0005267342657423454,1,1
L8_k240,3e-05,10305.180409079569,7.178319532784675e-05,1,1
L8_k240,3e-05,10313.327659536324,0.0001135203803868103,1,1
L8_k240,3e-05,10322.252338933742,4.939357930527832e-06,1,1
L8_k240,3e-05,10331.80148181158,1.1409521097061423e-05,1,1
L8_k240,3e-05,10338.37519468254,5.490208014521929e-06,1,1
L8_k240,3e-05,10352.354714615138,0.00530395162318687,1,1
L8_k240,3e-05,10354.876739662988,0.0032289996760634923,1,1
L8_k240,3e-05,10362.385474773926,0.0005248328396679788,1,1
L8_k240,3e-05,10367.866947761862,0.0012936904005993659,1,1
L8_k240,3e-05,10372.765920921047,0.00042707291777572664,1,1
L8_k240,3e-05,10382.138814954345,0.0003585608043833567,1,1
L8_k240,3e-05,10387.346173879658,3.364224285797628e-05,1,1
L8_k240,3e-05,10397.176548755257,1.4427470343201638e-05,1,1
L8_k240,3e-05,10404.261659323243,3.4999468445028418e-06,1,1
L8_k240,3e-05,10418.27913658804,0.001872609784356488,1,1
L8_k240,3e-05,10420.948533661247,0.0008700345626375061,1,1
L8_k240,3e-05,10429.068150311827,0.00021581327305168985,1,1
L8_k240,3e-05,10433.927065123962,0.00028505982965884607,1,1
L8_k240,3e-05,10439.18212696036,5.3197435110543284e-05,1,1
L8_k240,3e-05,10446.742319939953,8.748738883107156e-05,1,1
L8_k240,3e-05,10454.935224424038,3.588723110806979e-06,1,1
L8_k240,3e-05,10462.299883735785,3.3209617986022978e-06,1,1
L8_k240,3e-05,10469.228154381957,1.171408800899976e-06,1,1
L8_k240,3e-05,10480.528320592428,4.443773495778498e-06,1,1
L8_k240,3e-05,10484.216194682784,6.209768676532527e-06,1,1
L8_k240,3e-05,10492.090818992563,4.284844730728661e-07,1,1
L8_k240,3e-05,10498.541613633524,9.193411087449654e-07,1,1
L8_k240,3e-05,10504.19491277474,1.8683250192457853e-07,1,1
L8_k240,3e-05,10512.067054149073,1.4512595881763178e-07,1,1
L8_k240,3e-05,10516.841469060515,2.845383272034025e-08,1,1
L8_k240,3e-05,10532.410820664405,3.4403840771944856e-10,1,1
L8_k240,3e-05,10541.877213315258,9.99632466469007e-07,1,1
L8_k240,3e-05,10546.101848712931,9.134249572808325e-07,1,1
L8_k240,3e-05,10551.201446941235,2.141124189325593e-07,1,1
L8_k240,3e-05,10558.00141909382,3.970978416144838e-07,1,1
L8_k240,3e-05,10560.636509339134,6.247012762348887e-07,1,1
L8_k240,3e-05,10568.138974265701,6.204803659848602e-08,1,1
L8_k240,3e-05,10572.494618970635,1.1437173117147951e-07,1,1
L8_k240,3e-05,10577.374389137836,3.8805800969210435e-08,1,1
L8_k240,3e-05,10585.5064965744,3.751101265759615e-09,1,1
L8_k240,3e-05,10589.412190151605,1.634986845805648e-08,1,1
L8_k240,3e-05,10594.99599165234,4.16218000602598e-10,1,1
L8_k240,3e-05,10601.692122831199,3.9440751289139133e-10,1,1
L8_k240,3e-05,10606.572121105328,5.94767680508888e-11,1,1
L8_k240,3e-05,10618.728456977491,5.405170265615817e-10,1,1
L8_k240,3e-05,10621.658962952315,4.777846477234259e-10,1,1
L8_k240,3e-05,10628.048066049494,4.1495029851392985e-10,1,1
L8_k240,3e-05,10631.099541163587,8.686616185623987e-10,1,1
L8_k240,3e-05,10635.766120529821,1.8174922920826033e-09,1,1
L8_k240,3e-05,10639.307068243465,7.967934141959994e-10,1,1
L8_k240,3e-05,10642.975970326912,5.729832214985699e-10,1,1
L8_k240,3e-05,10648.341846613645,8.511226504771506e-10,1,1
L8_k240,3e-05,10650.889798934682,3.25930833921288e-10,1,1
L8_k240,3e-05,10655.896070225284,1.4905686965368819e-10,1,1
L8_k240,3e-05,10659.529945661763,9.610944874886597e-11,1,1
L8_k240,3e-05,10662.629323629699,2.6057972311432054e-11,1,1
L8_k240,3e-05,10666.086826793933,5.432165699546453e-11,1,1
L8_k240,3e-05,10669.115023135853,6.423888631626013e-11,1,1
L8_k240,3e-05,10671.839542117763,1.752631870733762e-11,1,1
L8_k240,3e-05,10673.82479862629,2.2786294848758652e-11,1,1
L8_k240,3e-05,10676.6837128224,2.7832757833141775e-12,1,1
L8_k240,3e-05,10680.058838048582,3.2772935449937786e-12,1,1
L8_k240,3e-05,10681.319179662536,7.996167477050957e-13,1,1
L8_k240,3e-05,10683.759295862757,6.878339298760191e-13,1,1
L8_k240,3e-05,10685.078439887806,7.221846841987943e-14,1,1
L8_k240,3e-05,10686.995426383737,8.945737351165614e-15,1,1
L8_k240,3e-05,10688.974947609926,1.7083588977183649e-16,1,1
L8_k240,3e-05,10690.88579390154,5.709359448030962e-17,1,1
L8_k240,3e-05,10691.95723902191,9.791228029329237e-19,1,1
L8_k240,3e-05,10694.041260304644,1.4568906140767297e-20,1,1
L8_k240,3e-05,10694.758196729175,1.3755098694565455e-20,1,1
L8_k240,3e-05,10697.424888686259,2.111112537566199e-25,1,1
L8_k240,3e-05,-0.7041327606405048,0.00014897189590010404,1,0
L8_k240,3e-05,-1.3647058351500476,6.203081536412935e-05,1,0
L8_k240,3e-05,-1.8105275487143828,4.8002349439230114e-05,1,0
L8_k240,3e-05,-3.9428000376806835,1.0487671217048222e-05,1,0
L8_k240,3e-05,-4.244135588196613,6.0316046005038724e-05,1,0
L8_k240,3e-05,-4.819855887992375,7.863378345475186e-05,1,0
L8_k240,3e-05,-5.580834125069124,0.00020201757480968683,1,0
L8_k240,3e-05,-7.263756150401576,1.8428014709792348e-05,1,0
L8_k240,3e-05,-8.12017196048275,2.37819405818135e-05,1,0
L8_k240,3e-05,-9.653252376586877,6.6704624984917315e-06,1,0
L8_k240,3e-05,-12.426818279301457,1.7504883696653133e-05,1,0
L8_k240,3e-05,-14.920426455083863,2.36237527002438e-06,1,0
L8_k240,3e-05,-17.318687565093917,1.143239278820375e-05,1,0
L8_k240,3e-05,-19.766365156239182,0.00027417258924366904,1,0
L8_k240,3e-05,-20.969268282942267,0.00029340174426237953,1,0
L8_k240,3e-05,-23.01119584220792,7.912542879140707e-05,1,0
L8_k240,3e-05,-26.745048984189907,2.680548810428254e-05,1,0
L8_k240,3e-05,-30.313061249692993,3.0884368943156704e-05,1,0
L8_k240,3e-05,-32.998549600023466,7.859883523365642e-05,1,0
L8_k240,3e-05,-36.166554617857265,2.888415788046185e-05,1,0
L8_k240,3e-05,-38.48196978646834,3.198552859040144e-05,1,0
L8_k240,3e-05,-42.617010559594,6.420776370123837e-06,1,0
L8_k240,3e-05,-45.364011857736486,4.547354233755954e-06,1,0
L8_k240,3e-05,-51.209127155005795,1.608413303356909e-05,1,0
L8_k240,3e-05,-53.87244792361443,2.1571391079778108e-06,1,0
L8_k240,3e-05,-59.55118174042554,2.0646223378585884e-07,1,0
L8_k240,3e-05,-63.74431142637389,8.535489060034605e-07,1,0
L8_k240,3e-05,-68.17036939598697,2.404748562040792e-07,1,0
L8_k240,3e-05,-80.44834276674135,0.0005412734047459355,1,0
L8_k240,3e-05,-82.64582760889147,0.00030813299708798653,1,0
L8_k240,3e-05,-86.15118061488734,4.148540375637971e-05,1,0
L8_k240,3e-05,-91.9963325909018,3.866512098724377e-05,1,0
L8_k240,3e-05,-96.84330060756585,5.385171849320579e-05,1,0
L8_k240,3e-05,-99.71834118690228,2.700290061976991e-05,1,0
L8_k240,3e-05,-103.83716277701537,9.443910577743157e-06,1,0
L8_k240,3e-05,-110.22787735469214,7.246635701155354e-06,1,0
L8_k240,3e-05,-114.37571735741894,7.172344136692041e-07,1,0
L8_k240,3e-05,-122.38719744257199,1.4611981242608569e-08,1,0
L8_k240,3e-05,-132.1187350532448,1.5515069021705043e-08,1,0
L8_k240,3e-05,-139.92211962866466,1.704197444025075e-08,1,0
L8_k240,3e-05,-158.63883879937532,0.00024727265672547585,1,0
L8_k240,3e-05,-159.39310646395614,0.0013817402641486593,1,0
L8_k240,3e-05,-161.98427943415908,0.00021146805591343483,1,0
L8_k240,3e-05,-169.67178638318418,9.918963536450424e-05,1,0
L8_k240,3e-05,-172.91714601642875,0.0001085023330248621,1,0
L8_k240,3e-05,-177.61740416360882,4.0314527190366707e-05,1,0
L8_k240,3e-05,-186.04815055589876,3.4663564386371856e-05,1,0
L8_k240,3e-05,-189.62648282984395,8.70981338054292e-06,1,0
L8_k240,3e-05,-199.60416439784964,1.65813930312522e-06,1,0
L8_k240,3e-05,-208.5183857816819,1.675464760069809e-05,1,0
L8_k240,3e-05,-213.2145770695366,1.3731033536277135e-05,1,0
L8_k240,3e-05,-223.7927954905723,3.4912386502341024e-05,1,0
L8_k240,3e-05,-227.63727422021896,6.310354972047246e-06,1,0
L8_k240,3e-05,-236.1946798114155,5.731440309935805e-06,1,0
L8_k240,3e-05,-241.76510167251442,2.523489116961189e-06,1,0
L8_k240,3e-05,-251.34364929366973,2.1309104164306166e-06,1,0
L8_k240,3e-05,-263.5654854348823,4.650062552694812e-07,1,0
L8_k240,3e-05,-270.25555583058167,0.00012691279880645392,1,0
L8_k240,3e-05,-274.83937186781714,0.00010223860779069691,1,0
L8_k240,3e-05,-282.4433024126622,3.2530657612932244e-05,1,0
L8_k240,3e-05,-287.9430663018369,0.0001420015688255674,1,0
L8_k240,3e-05,-295.4471943460781,1.1522959924340104e-05,1,0
L8_k240,3e-05,-301.25797609610237,2.1381951433061036e-05,1,0
L8_k240,3e-05,-307.42577270007126,4.153627484496108e-06,1,0
L8_k240,3e-05,-316.77112471642846,3.616073709683746e-06,1,0
L8_k240,3e-05,-321.7899009638879,5.645744116622137e-06,1,0
L8_k240,3e-05,-331.45975096000285,2.93341160719119e-07,1,0
L8_k240,3e-05,-337.4812995480138,8.945891577619789e-08,1,0
L8_k240,3e-05,-355.8215706384867,5.845453900041284e-05,1,0
L8_k240,3e-05,-358.22924833795105,3.41793463913059e-05,1,0
L8_k240,3e-05,-363.774047197215,3.117538165974894e-06,1,0
L8_k240,3e-05,-370.08182643663196,8.191087729456473e-06,1,0
L8_k240,3e-05,-374.5976911378156,2.4672334348442164e-06,1,0
L8_k240,3e-05,-384.83649768048,5.589487976585475e-07,1,0
L8_k240,3e-05,-388.24309633398417,9.121435123103111e-08,1,0
L8_k240,3e-05,-402.0700349938652,9.79398913878291e-10,1,0
L8_k240,3e-05,-417.45196212303387,7.286301155083693e-05,1,0
L8_k240,3e-05,-419.5480825628176,2.0524252783944037e-05,1,0
L8_k240,3e-05,-424.5813739271683,2.5170572127410647e-06,1,0
L8_k240,3e-05,-429.74105772085727,8.084919657348523e-06,1,0
L8_k240,3e-05,-434.5346029913668,3.6758393532198545e-06,1,0
L8_k240,3e-05,-442.5234743210132,5.796392343129028e-07,1,0
L8_k240,3e-05,-446.07402471008083,1.4234618055038212e-06,1,0
L8_k240,3e-05,-450.70801077848796,1.0304557518538591e-07,1,0
L8_k240,3e-05,-458.8422675783632,7.32945172032524e-08,1,0
L8_k240,3e-05,-463.39535428634167,1.9108568067710716e-08,1,0
L8_k240,3e-05,-468.6227428486679,4.728690662039379e-10,1,0
L8_k240,3e-05,-476.4203017237277,2.5587207545548385e-09,1,0
L8_k240,3e-05,-479.43666488979034,2.0198519619997803e-10,1,0
L8_k240,3e-05,-483.9642007757321,6.08246939498059e-12,1,0
L8_k240,3e-05,-505.48939517792,1.1930134013418519e-17,1,0
L8_k240,3e-05,-528.8219548094447,8.166503970110364e-07,1,0
L8_k240,3e-05,-531.0828672872299,1.9955204419092968e-07,1,0
L8_k240,3e-05,-533.2817744767209,5.044798923926621e-07,1,0
L8_k240,3e-05,-535.4793565642944,1.6464261354067945e-07,1,0
L8_k240,3e-05,-541.514985972592,7.494630066920405e-08,1,0
L8_k240,3e-05,-544.6623671726192,3.7837652152964775e-07,1,0
L8_k240,3e-05,-546.4053877220302,5.245373191650692e-07,1,0
L8_k240,3e-05,-549.3453813422811,6.819789824385926e-08,1,0
L8_k240,3e-05,-552.7860110545353,1.4059757095068755e-08,1,0
L8_k240,3e-05,-558.1884984212547,8.356160811340823e-08,1,0
L8_k240,3e-05,-561.7648390627965,2.5964784394043782e-08,1,0
L8_k240,3e-05,-564.014405185883,1.3997322820773235e-08,1,0
L8_k240,3e-05,-567.4706618973961,5.803515184152444e-10,1,0
L8_k240,3e-05,-571.9609001385262,1.6038275230959705e-09,1,0
L8_k240,3e-05,-574.7121899353081,6.96113589133811e-09,1,0
L8_k240,3e-05,-576.7816022095703,1.8230830037087482e-09,1,0
L8_k240,3e-05,-580.1851451734008,1.3765431380216896e-10,1,0
L8_k240,3e-05,-582.5378388758431,2.0891320769373323e-11,1,0
L8_k240,3e-05,-587.4169753101982,1.4058210644837577e-10,1,0
L8_k240,3e-05,-589.700751515228,1.709560151905782e-11,1,0
L8_k240,3e-05,-591.8133766080144,2.2551688219560005e-11,1,0
L8_k240,3e-05,-593.4415202080822,8.555082638715384e-13,1,0
L8_k240,3e-05,-593.9349643572837,3.803097847056493e-12,1,0
L8_k240,3e-05,-596.2357335798227,9.308446957120078e-14,1,0
L8_k240,3e-05,-598.2945917203539,3.7717463181540394e-14,1,0
L8_k240,3e-05,-600.342663590124,2.069116859650786e-15,1,0
L8_k240,3e-05,-601.6917399835596,4.926909699823723e-19,1,0
L8_k240,3e-05,-602.6605675780853,1.1407076334019536e-17,1,0
L8_k240,3e-05,-605.0014977212448,9.479789878348898e-23,1,0
L8_k240,3e-05,-10093.62871560478,0.04117053887148929,1,0
L8_k240,3e-05,-10094.388293326572,0.04694249249479915,1,0
L8_k240,3e-05,-10095.723009545682,0.027446668331005054,1,0
L8_k240,3e-05,-10096.066729538885,0.002396067096044599,1,0
L8_k240,3e-05,-10096.408504528294,0.026648427052646893,1,0
L8_k240,3e-05,-10097.65716900222,0.0009320432429736769,1,0
L8_k240,3e-05,-10098.622379964921,0.003230582754219435,1,0
L8_k240,3e-05,-10099.971827213481,0.0021170660648468335,1,0
L8_k240,3e-05,-10100.799432850434,0.0029743665146966937,1,0
L8_k240,3e-05,-10102.62808770668,0.000856034900738323,1,0
L8_k240,3e-05,-10106.76003095202,0.011158617037678304,1,0
L8_k240,3e-05,-10107.583074155496,0.004757587377258951,1,0
L8_k240,3e-05,-10109.660556621542,0.011236381233085627,1,0
L8_k240,3e-05,-10111.587008381804,0.00722635630614274,1,0
L8_k240,3e-05,-10113.861014042786,0.005058373926878632,1,0
L8_k240,3e-05,-10116.285416997189,0.0011578594806831261,1,0
L8_k240,3e-05,-10121.445672377342,0.0002447641512966889,1,0
L8_k240,3e-05,-10123.41309813021,0.005226024752266242,1,0
L8_k240,3e-05,-10125.558434145041,0.0026190741832110087,1,0
L8_k240,3e-05,-10129.148492752829,0.0002756057067406152,1,0
L8_k240,3e-05,-10133.528412532089,4.520612479999939e-05,1,0
L8_k240,3e-05,-10136.501399030874,0.0002482817522780765,1,0
L8_k240,3e-05,-10139.957124268329,0.00014283749282542634,1,0
L8_k240,3e-05,-10143.225671199454,3.7429368503287885e-05,1,0
L8_k240,3e-05,-10146.858469450284,2.6909743624958324e-06,1,0
L8_k240,3e-05,-10152.697587001947,1.5858866640044917e-05,1,0
L8_k240,3e-05,-10155.03092525056,4.612876908767293e-06,1,0
L8_k240,3e-05,-10159.105915043376,2.0579691158005552e-07,1,0
L8_k240,3e-05,-10162.30894510589,4.788028568795062e-09,1,0
L8_k240,3e-05,-10204.166963252565,1.5510062346105186e-05,1,0
L8_k240,3e-05,-10205.254513341131,0.0016742666623014045,1,0
L8_k240,3e-05,-10207.322220575137,0.0005801239000437898,1,0
L8_k240,3e-05,-10209.996808154212,0.001582805784801486,1,0
L8_k240,3e-05,-10212.618666515657,0.000408557220201579,1,0
L8_k240,3e-05,-10222.643900736322,0.0023550219411684137,1,0
L8_k240,3e-05,-10224.561069909152,0.0036447857660372334,1,0
L8_k240,3e-05,-10228.587194440115,0.0004891357092734897,1,0
L8_k240,3e-05,-10236.707105314896,0.0008183701871360947,1,0
L8_k240,3e-05,-10240.68943712948,0.0005800346675150738,1,0
L8_k240,3e-05,-10245.92382821541,7.441095069582098e-05,1,0
L8_k240,3e-05,-10252.931150859198,0.0002009763311925359,1,0
L8_k240,3e-05,-10266.784827256462,0.0005601495102255545,1,0
L8_k240,3e-05,-10268.8835812133,0.0031816910913079173,1,0
L8_k240,3e-05,-10273.328955365116,0.002509134678185759,1,0
L8_k240,3e-05,-10283.312389736484,0.0032101531907452975,1,0
L8_k240,3e-05,-10286.24908866156,0.002686871251580093,1,0
L8_k240,3e-05,-10294.888920158619,0.0004461484192085839,1,0
L8_k240,3e-05,-10299.452582851867,0.0005267703514710973,1,0
L8_k240,3e-05,-10305.17976410489,7.179805706271086e-05,1,0
L8_k240,3e-05,-10313.327590071878,0.00011352170482045341,1,0
L8_k240,3e-05,-10322.251729761903,4.939555143030948e-06,1,0
L8_k240,3e-05,-10331.80118138863,1.1409129218486235e-05,1,0
L8_k240,3e-05,-10338.374618715132,5.4906705815428335e-06,1,0
L8_k240,3e-05,-10352.354696346214,0.005303857217779088,1,0
L8_k240,3e-05,-10354.876680008872,0.0032290810394881636,1,0
L8_k240,3e-05,-10362.385207328958,0.0005248114536748508,1,0
L8_k240,3e-05,-10367.866797317101,0.0012936914674419092,1,0
L8_k240,3e-05,-10372.765725417386,0.0004271037604826116,1,0
L8_k240,3e-05,-10382.138739647318,0.0003585580663628527,1,0
L8_k240,3e-05,-10387.34572353387,3.3647209366829915e-05,1,0
L8_k240,3e-05,-10397.176271117856,1.4427436140992256e-05,1,0
L8_k240,3e-05,-10404.26100535144,3.5003513239469063e-06,1,0
L8_k240,3e-05,-10418.279118106084,0.001872579458358745,1,0
L8_k240,3e-05,-10420.948462338629,0.0008700613917481989,1,0
L8_k240,3e-05,-10429.067920354204,0.00021580194426783125,1,0
L8_k240,3e-05,-10433.926840706476,0.00028506625625265977,1,0
L8_k240,3e-05,-10439.181688819946,5.320490086390296e-05,1,0
L8_k240,3e-05,-10446.742270854484,8.748816486293061e-05,1,0
L8_k240,3e-05,-10454.934777394048,3.5888257245594606e-06,1,0
L8_k240,3e-05,-10462.299609288255,3.3210357899327465e-06,1,0
L8_k240,3e-05,-10469.227847217477,1.1714825227337334e-06,1,0
L8_k240,3e-05,-10480.528156358167,4.443433422369995e-06,1,0
L8_k240,3e-05,-10484.216051900494,6.210081145164505e-06,1,0
L8_k240,3e-05,-10492.090123824297,4.284873199462884e-07,1,0
L8_k240,3e-05,-10498.541367851107,9.193532285515686e-07,1,0
L8_k240,3e-05,-10504.194427214177,1.868579641992623e-07,1,0
L8_k240,3e-05,-10512.066881581146,1.4512680475286054e-07,1,0
L8_k240,3e-05,-10516.84125271367,2.845734653844609e-08,1,0
L8_k240,3e-05,-10532.408354400372,3.438584294109193e-10,1,0
L8_k240,3e-05,-10541.877194643619,9.996214445793921e-07,1,0
L8_k240,3e-05,-10546.101770244786,9.13419102972282e-07,1,0
L8_k240,3e-05,-10551.20104643325,2.141162217187004e-07,1,0
L8_k240,3e-05,-10558.000735671169,3.969496596119316e-07,1,0
L8_k240,3e-05,-10560.636134855242,6.248557690617619e-07,1,0
L8_k240,3e-05,-10568.138067574973,6.204041532943532e-08,1,0
L8_k240,3e-05,-10572.494233453182,1.1438164187333792e-07,1,0
L8_k240,3e-05,-10577.374122656496,3.881011276352874e-08,1,0
L8_k240,3e-05,-10585.505510239112,3.750340272617576e-09,1,0
L8_k240,3e-05,-10589.412029755054,1.6350828379263843e-08,1,0
L8_k240,3e-05,-10594.994918806397,4.1636512173420727e-10,1,0
L8_k240,3e-05,-10601.69187361818,3.944192042188271e-10,1,0
L8_k240,3e-05,-10606.571728969724,5.948821714728525e-11,1,0
L8_k240,3e-05,-10618.728380320068,5.40484561044558e-10,1,0
L8_k240,3e-05,-10621.658774685979,4.778060422639651e-10,1,0
L8_k240,3e-05,-10628.047517389434,4.1482467849697393e-10,1,0
L8_k240,3e-05,-10631.099103794593,8.68735573395625e-10,1,0
L8_k240,3e-05,-10635.765929350428,1.81744388857343e-09,1,0
L8_k240,3e-05,-10639.306661631465,7.968430963183028e-10,1,0
L8_k240,3e-05,-10642.975743008259,5.730330224922175e-10,1,0
L8_k240,3e-05,-10648.341732226785,8.510859502906288e-10,1,0
L8_k240,3e-05,-10650.889582264028,3.2597486565493165e-10,1,0
L8_k240,3e-05,-10655.895918934702,1.490547557781892e-10,1,0
L8_k240,3e-05,-10659.529671570577,9.61077410158166e-11,1,0
L8_k240,3e-05,-10662.628525215561,2.6062046508254526e-11,1,0
L8_k240,3e-05,-10666.0865691874,5.4321766061613354e-11,1,0
L8_k240,3e-05,-10669.11482963031,6.423893634723584e-11,1,0
L8_k240,3e-05,-10671.838892892061,1.7525655663393855e-11,1,0
L8_k240,3e-05,-10673.824576280496,2.279072715469312e-11,1,0
L8_k240,3e-05,-10676.683447385174,2.783701680201368e-12,1,0
L8_k240,3e-05,-10680.058647206433,3.2767176188708756e-12,1,0
L8_k240,3e-05,-10681.318593433978,8.002454982154617e-13,1,0
L8_k240,3e-05,-10683.759160284168,6.878305893889637e-13,1,0
L8_k240,3e-05,-10685.078016484944,7.227016841860458e-14,1,0
L8_k240,3e-05,-10686.995240983117,8.948223091682546e-15,1,0
L8_k240,3e-05,-10688.974408163747,1.709654651407691e-16,1,0
L8_k240,3e-05,-10690.885651211089,5.710029035911145e-17,1,0
L8_k240,3e-05,-10691.956309860676,9.821000592761938e-19,1,0
L8_k240,3e-05,-10694.040712781025,1.4575488060749894e-20,1,0
L8_k240,3e-05,-10694.758137332701,1.37595767595546e-20,1,0
L8_k240,3e-05,-10697.424861387482,2.1027383588803475e-25,1,0
