setting,delta_over_D,epsilon_over_gamma,omega_prime_over_D,pi_gamma_A,finite_band_continuum,wide_band_analytic
N4096_eta01,0.01,0.0,1e-12,5.798336493416916e-06,5.798348537452384e-06,5.798275604783564e-06
N4096_eta01,0.01,0.0,1.0715193052376047e-12,6.002105469583016e-06,6.002112375247333e-06,6.002039572469592e-06
N4096_eta01,0.01,0.0,1.148153621496884e-12,6.213032594521566e-06,6.213039619479387e-06,6.212964247463654e-06
N4096_eta01,0.01,0.0,1.2302687708123813e-12,6.431370812046552e-06,6.431383101381883e-06,6.4313012725346465e-06
N4096_eta01,0.01,0.0,1.3182567385564046e-12,6.657426244170186e-06,6.657394321045454e-06,6.657311133723547e-06
N4096_eta01,0.01,0.0,1.4125375446227557e-12,6.891340522113191e-06,6.8913479872493505e-06,6.891263471115106e-06
N4096_eta01,0.01,0.0,1.5135612484362072e-12,7.133537786401695e-06,7.133524866339736e-06,7.133437400530712e-06
N4096_eta01,0.01,0.0,1.621810097358933e-12,7.384193656786231e-06,7.384212803093194e-06,7.384121846526407e-06
N4096_eta01,0.01,0.0,1.7378008287493763e-12,7.64369309486862e-06,7.643712213572358e-06,7.643615887092949e-06
N4096_eta01,0.01,0.0,1.8620871366628655e-12,7.912344268694283e-06,7.912326085702682e-06,7.912229110469584e-06
N4096_eta01,0.01,0.0,1.9952623149688827e-12,8.19037586104115e-06,8.190383598869076e-06,8.19028198449689e-06
N4096_eta01,0.01,0.0,2.1379620895022326e-12,8.4782532358772e-06,8.478214757592507e-06,8.478106238949486e-06
N4096_eta01,0.01,0.0,2.29086765276777e-12,8.776135909438777e-06,8.776155153828028e-06,8.776045261304865e-06
N4096_eta01,0.01,0.0,2.4547089156850334e-12,9.084557378034635e-06,9.084570168791876e-06,9.084454506420249e-06
N4096_eta01,0.01,0.0,2.6302679918953816e-12,9.403810607352883e-06,9.403818465865623e-06,9.403701920606396e-06
N4096_eta01,0.01,0.0,2.8183829312644496e-12,9.734273850046173e-06,9.73429130892938e-06,9.734168380604407e-06
N4096_eta01,0.01,0.0,3.0199517204020193e-12,1.0076423230540939e-05,1.0076373476056914e-05,1.0076248147989005e-05
N4096_eta01,0.01,0.0,3.235936569296281e-12,1.0430467230651233e-05,1.0430479439665618e-05,1.0430349339540458e-05
N4096_eta01,0.01,0.0,3.46736850452531e-12,1.0797045806222815e-05,1.0797030293287437e-05,1.0796894414146634e-05
N4096_eta01,0.01,0.0,3.7153522909717275e-12,1.1176433154022137e-05,1.1176461450651395e-05,1.1176320676815625e-05
N4096_eta01,0.01,0.0,3.9810717055349695e-12,1.1569196364016604e-05,1.1569225287825662e-05,1.1569080800400447e-05
N4096_eta01,0.01,0.0,4.2657951880159344e-12,1.1975824748110308e-05,1.1975792852493284e-05,1.1975643365658552e-05
N4096_eta01,0.01,0.0,4.5708818961487516e-12,1.2396637600048166e-05,1.2396648758190284e-05,1.2396493420289768e-05
N4096_eta01,0.01,0.0,4.897788193684456e-12,1.2832350736108852e-05,1.2832295363259035e-05,1.2832133057620474e-05
N4096_eta01,0.01,0.0,5.2480746024977346e-12,1.3283219519097363e-05,1.3283250078013261e-05,1.3283082015623681e-05
N4096_eta01,0.01,0.0,5.623413251903491e-12,1.375002838212382e-05,1.3750050887446311e-05,1.3749878296989994e-05
N4096_eta01,0.01,0.0,6.025595860743569e-12,1.4233250286673803e-05,1.423325769012168e-05,1.4233078810989443e-05
N4096_eta01,0.01,0.0,6.4565422903465635e-12,1.4733420553648988e-05,1.4733445228207152e-05,1.4733260037889458e-05
N4096_eta01,0.01,0.0,6.918309709189363e-12,1.5251288490882837e-05,1.525121157415208e-05,1.5251018716721935e-05
N4096_eta01,0.01,0.0,7.413102413009163e-12,1.5787152580381855e-05,1.5787172613244437e-05,1.5786972557220157e-05
N4096_eta01,0.01,0.0,7.943282347242821e-12,1.6341983598850492e-05,1.6341966181823016e-05,1.6341760976774495e-05
N4096_eta01,0.01,0.0,8.51138038202376e-12,1.6916217918328634e-05,1.6916259257210672e-05,1.6916045863286187e-05
N4096_eta01,0.01,0.0,9.120108393559116e-12,1.7510690530788688e-05,1.7510733904590186e-05,1.7510512364829952e-05
N4096_eta01,0.01,0.0,9.772372209558112e-12,1.812615267013793e-05,1.8126098010578087e-05,1.8125869707066327e-05
N4096_eta01,0.01,0.0,1.0471285480508984e-11,1.8763073017715456e-05,1.8763089355028544e-05,1.87628520393803e-05
N4096_eta01,0.01,0.0,1.1220184543019653e-11,1.942254359599276e-05,1.942246471702682e-05,1.9422219310754688e-05
N4096_eta01,0.01,0.0,1.2022644346174132e-11,2.0104964516795326e-05,2.0105012713392142e-05,2.010475817642346e-05
N4096_eta01,0.01,0.0,1.2882495516931322e-11,2.0811507199971903e-05,2.081154549870762e-05,2.081128293638729e-05
N4096_eta01,0.01,0.0,1.3803842646028868e-11,2.154290464309715e-05,2.1542908667350552e-05,2.1542636506910104e-05
N4096_eta01,0.01,0.0,1.4791083881682073e-11,2.2299938678696987e-05,2.229997339043491e-05,2.2299691426156148e-05
N4096_eta01,0.01,0.0,1.584893192461111e-11,2.308376017866368e-05,2.3083642227932533e-05,2.308335089516756e-05
N4096_eta01,0.01,0.0,1.698243652461746e-11,2.3894818567555656e-05,2.389485145504674e-05,2.3894549855423853e-05
N4096_eta01,0.01,0.0,1.8197008586099825e-11,2.473458633228111e-05,2.473456904914164e-05,2.4734256104269042e-05
N4096_eta01,0.01,0.0,1.9498445997580418e-11,2.5603735504210486e-05,2.5603795103214505e-05,2.5603471449537658e-05
N4096_eta01,0.01,0.0,2.089296130854041e-11,2.6503503810605133e-05,2.65035683196862e-05,2.65032329047564e-05
N4096_eta01,0.01,0.0,2.2387211385683377e-11,2.7435054071153883e-05,2.7434962123824643e-05,2.7434613926347617e-05
N4096_eta01,0.01,0.0,2.3988329190194848e-11,2.8399061466892462e-05,2.839908580859805e-05,2.8398725694311292e-05
N4096_eta01,0.01,0.0,2.5703957827688646e-11,2.939720195042637e-05,2.9397090829486202e-05,2.93967184379123e-05
N4096_eta01,0.01,0.0,2.7542287033381634e-11,3.0430093203174387e-05,3.0430168687752384e-05,3.0429782807955193e-05
N4096_eta01,0.01,0.0,2.9512092266663903e-11,3.14994881568741e-05,3.1499551682597755e-05,3.149915129728416e-05
N4096_eta01,0.01,0.0,3.1622776601683794e-11,3.260651884621698e-05,3.260651355824609e-05,3.2606099711201365e-05
N4096_eta01,0.01,0.0,3.38844156139202e-11,3.375232908236355e-05,3.375237774247563e-05,3.375194868955984e-05
N4096_eta01,0.01,0.0,3.630780547701018e-11,3.493868940970812e-05,3.49385099388895e-05,3.493806528234536e-05
N4096_eta01,0.01,0.0,3.890451449942805e-11,3.616627142596442e-05,3.6166325371856146e-05,3.61658645806273e-05
N4096_eta01,0.01,0.0,4.168693834703347e-11,3.7437301105344306e-05,3.74372883746365e-05,3.743681140482524e-05
N4096_eta01,0.01,0.0,4.466835921509635e-11,3.8752831901218815e-05,3.875291650585031e-05,3.8752422052304154e-05
N4096_eta01,0.01,0.0,4.78630092322638e-11,4.0114682639236996e-05,4.0114777829916825e-05,4.0114266106383594e-05
N4096_eta01,0.01,0.0,5.1286138399136583e-11,4.152465039609036e-05,4.1524498104375804e-05,4.152396830891991e-05
N4096_eta01,0.01,0.0,5.495408738576248e-11,4.2983722942509735e-05,4.298375988732166e-05,4.29832104986937e-05
N4096_eta01,0.01,0.0,5.888436553555884e-11,4.4494457385390675e-05,4.4494302796657984e-05,4.449373361791744e-05
N4096_eta01,0.01,0.0,6.309573444801942e-11,4.605781209400783e-05,4.605792945758237e-05,4.605733978925477e-05
N4096_eta01,0.01,0.0,6.760829753919819e-11,4.7676401504578203e-05,4.7676504747480265e-05,4.767589446583063e-05
N4096_eta01,0.01,0.0,7.244359600749891e-11,4.9351986931955155e-05,4.935196105891616e-05,4.9351328656797716e-05
N4096_eta01,0.01,0.0,7.762471166286927e-11,5.108622834926922e-05,5.108629639833855e-05,5.1085641231113105e-05
N4096_eta01,0.01,0.0,8.317637711026709e-11,5.288185119507286e-05,5.2881580226856095e-05,5.2880901302273905e-05
N4096_eta01,0.01,0.0,8.912509381337441e-11,5.473986599930462e-05,5.4739954253214464e-05,5.473925069685833e-05
N4096_eta01,0.01,0.0,9.549925860214369e-11,5.666363533300506e-05,5.666363574066154e-05,5.666290650981487e-05
N4096_eta01,0.01,0.0,1.0232929922807536e-10,5.865480089772799e-05,5.8654918801771094e-05,5.865416374954974e-05
N4096_eta01,0.01,0.0,1.0964781961431851e-10,6.0716041338685445e-05,6.071618081677989e-05,6.071539807596819e-05
N4096_eta01,0.01,0.0,1.1748975549395302e-10,6.285012864332418e-05,6.28498797676864e-05,6.284906863473503e-05
N4096_eta01,0.01,0.0,1.2589254117941662e-10,6.505850423332294e-05,6.50585614019962e-05,6.50577209911368e-05
N4096_eta01,0.01,0.0,1.3489628825916532e-10,6.734507294523103e-05,6.734486099271609e-05,6.734399016704547e-05
N4096_eta01,0.01,0.0,1.4454397707459278e-10,6.971132527742717e-05,6.971150640291034e-05,6.971060378460598e-05
N4096_eta01,0.01,0.0,1.5488166189124796e-10,7.216115555892206e-05,7.216132061503612e-05,7.216038532039929e-05
N4096_eta01,0.01,0.0,1.6595869074375598e-10,7.469729410717181e-05,7.469722721639756e-05,7.46962574739624e-05
N4096_eta01,0.01,0.0,1.778279410038923e-10,7.732215559498373e-05,7.73222507180698e-05,7.732124565468362e-05
N4096_eta01,0.01,0.0,1.9054607179632444e-10,8.003992930536128e-05,8.003952345772358e-05,8.003848159123385e-05
N4096_eta01,0.01,0.0,2.0417379446695319e-10,8.285214280023524e-05,8.285228672740053e-05,8.285120706783954e-05
N4096_eta01,0.01,0.0,2.1877616239495518e-10,8.576386782181807e-05,8.576389705864973e-05,8.576277779185335e-05
N4096_eta01,0.01,0.0,2.3442288153199227e-10,8.877766714693498e-05,8.877782778379283e-05,8.877666739723945e-05
N4096_eta01,0.01,0.0,2.511886431509582e-10,9.189747191468867e-05,9.189767472886752e-05,9.189647158874576e-05
N4096_eta01,0.01,0.0,2.691534803926914e-10,9.512756174878388e-05,9.512715964623632e-05,9.512591243170977e-05
N4096_eta01,0.01,0.0,2.884031503126606e-10,9.847004622474004e-05,9.847013613492684e-05,9.846884279261495e-05
N4096_eta01,0.01,0.0,3.090295432513592e-10,0.00010193087788655107,0.00010193059214517729,0.00010192925093569321
N4096_eta01,0.01,0.0,3.311311214825908e-10,0.000105512378852801,0.00010551265608473933,0.00010551126528106029
N4096_eta01,0.01,0.0,3.5481338923357533e-10,0.00010922034140119627,0.00010922060154540561,0.00010921915933005752
N4096_eta01,0.01,0.0,3.801893963205613e-10,0.00011305899617850705,0.00011305885226082452,0.00011305735676367577
N4096_eta01,0.01,0.0,4.073802778041122e-10,0.00011703185479801054,0.00011703198794651661,0.00011703043672014562
N4096_eta01,0.01,0.0,4.3651583224016567e-10,0.0001211453513008559,0.00012114474817386809,0.00012114313925798775
N4096_eta01,0.01,0.0,4.677351412871981e-10,0.000125401806371674,0.00012540203994408766,0.0001254003710110398
N4096_eta01,0.01,0.0,5.011872336272714e-10,0.00012980885694249144,0.0001298089422812085,0.00012980721104220797
N4096_eta01,0.01,0.0,5.370317963702532e-10,0.00013437050053654312,0.00013437071296195258,0.0001343689169029248
N4096_eta01,0.01,0.0,5.754399373371567e-10,0.00013909250138390147,0.00013909279433754884,0.00013909093090553937
N4096_eta01,0.01,0.0,6.165950018614822e-10,0.00014398146275639275,0.00014398081998087304,0.00014397888661612723
N4096_eta01,0.01,0.0,6.606934480075964e-10,0.00014904047835826445,0.0001490406218746808,0.0001490386155754589
N4096_eta01,0.01,0.0,7.079457843841373e-10,0.00015427861332362037,0.00015427823616432225,0.00015427615425614834
N4096_eta01,0.01,0.0,7.585775750291836e-10,0.0001596994911520854,0.00015969991183583285,0.00015969775126427834
N4096_eta01,0.01,0.0,8.128305161640995e-10,0.00016531171246306903,0.00016531211739614546,0.00016530987479409235
N4096_eta01,0.01,0.0,8.709635899560797e-10,0.00017112183120516952,0.00017112154817706309,0.00017111922034464621
N4096_eta01,0.01,0.0,9.332543007969906e-10,0.00017713494809836887,0.00017713513517693446,0.00017713271870762302
N4096_eta01,0.01,0.0,1e-09,0.00018336094200036858,0.00018336005308350304,0.0001833575442358376
N4096_eta01,0.01,0.0,1.0715193052376049e-09,0.00018980335111243974,0.00018980372819306,0.00018980112340229524
N4096_eta01,0.01,0.0,1.148153621496884e-09,0.00019647366086629343,0.0001964738484800648,0.00019647114366001087
N4096_eta01,0.01,0.0,1.2302687708123811e-09,0.0002033781021669711,0.00020337837164103716,0.00020337556261315506
N4096_eta01,0.01,0.0,1.3182567385564074e-09,0.00021052511458229245,0.00021052553499247844,0.0002105226175104697
N4096_eta01,0.01,0.0,1.4125375446227555e-09,0.00021792488309538752,0.00021792386544932242,0.00021792083507226673
N4096_eta01,0.01,0.0,1.5135612484362073e-09,0.00022558195783640013,0.00022558218961056284,0.00022557904166273875
N4096_eta01,0.01,0.0,1.6218100973589298e-09,0.00023351012905094997,0.00023350964442562518,0.0002335063738197074
N4096_eta01,0.01,0.0,1.7378008287493764e-09,0.00024171505505023616,0.00024171568745247237,0.00024171228915436621
N4096_eta01,0.01,0.0,1.8620871366628656e-09,0.00025020948566838934,0.00025021010909633603,0.00025020657763401906
N4096_eta01,0.01,0.0,1.9952623149688786e-09,0.0002590035705828826,0.00025900304364722196,0.0002589993732612656
N4096_eta01,0.01,0.0,2.1379620895022324e-09,0.00026810471670020783,0.0002681049812972584,0.00026810116616356086
N4096_eta01,0.01,0.0,2.29086765276777e-09,0.0002775280799417654,0.0002775267812429978,0.0002775228151075638
N4096_eta01,0.01,0.0,2.4547089156850283e-09,0.0002872790788340644,0.0002872796840754176,0.00028727556045319907
N4096_eta01,0.01,0.0,2.6302679918953816e-09,0.0002973749592807305,0.0002973753255219319,0.0002973710375628683
N4096_eta01,0.01,0.0,2.8183829312644493e-09,0.0003078254291261438,0.00030782575012289155,0.00030782129068180784
N4096_eta01,0.01,0.0,3.019951720402019e-09,0.0003186428260969343,0.0003186434257172231,0.000318638787306135
N4096_eta01,0.01,0.0,3.235936569296281e-09,0.0003298428551292309,0.0003298412584285097,0.00032983643305570644
N4096_eta01,0.01,0.0,3.4673685045253167e-09,0.00034143222997907633,0.00034143260753477414,0.00034142758706953003
N4096_eta01,0.01,0.0,3.715352290971728e-09,0.0003534319024559884,0.0003534313023151607,0.0003534260779420645
N4096_eta01,0.01,0.0,3.981071705534969e-09,0.0003658507167903905,0.00036585165763923527,0.00036584622021941266
N4096_eta01,0.01,0.0,4.2657951880159256e-09,0.00037870754116419553,0.0003787084914949902,0.0003787028314750666
N4096_eta01,0.01,0.0,4.570881896148752e-09,0.00039201808799388345,0.00039201714265060756,0.0003920112499855449
N4096_eta01,0.01,0.0,4.897788193684457e-09,0.00040579311104556206,0.0004057934889781385,0.0004057873530269938
N4096_eta01,0.01,0.0,5.248074602497723e-09,0.00042005584572067927,0.000420053966197094,0.0004200475758145522
N4096_eta01,0.01,0.0,5.62341325190349e-09,0.0004348146222890882,0.0004348155877214727,0.00043480893110703177
N4096_eta01,0.01,0.0,6.025595860743569e-09,0.0004500952956850543,0.00045009596454489997,0.0004500890295002846
N4096_eta01,0.01,0.0,6.456542290346562e-09,0.0004659129845728467,0.000465913326953775,0.00046590610043341574
N4096_eta01,0.01,0.0,6.9183097091893634e-09,0.00048228569541155234,0.00048228654563278246,0.00048227901393286334
N4096_eta01,0.01,0.0,7.413102413009162e-09,0.000499237638181159,0.0004992351543165635,0.000499227303120246
N4096_eta01,0.01,0.0,7.943282347242822e-09,0.0005167787549592152,0.0005167793734504287,0.0005167711875107664
N4096_eta01,0.01,0.0,8.511380382023759e-09,0.0005349408373924621,0.0005349401337726511,0.0005349315971299105
N4096_eta01,0.01,0.0,9.120108393559097e-09,0.0005537377183800024,0.00055373910161783,0.0005537301974771643
N4096_eta01,0.01,0.0,9.772372209558111e-09,0.0005731972693714375,0.0005731987048065528,0.0005731894153664295
N4096_eta01,0.01,0.0,1.0471285480508986e-08,0.00059334380993018,0.0005933421591749361,0.0005933324656739152
N4096_eta01,0.01,0.0,1.122018454301963e-08,0.0006141929493520046,0.0006141934963308772,0.0006141833790253098
N4096_eta01,0.01,0.0,1.2022644346174132e-08,0.0006357802839827621,0.0006357775924234543,0.0006357670304551692
N4096_eta01,0.01,0.0,1.2882495516931322e-08,0.0006581186680576702,0.0006581201977177236,0.0006581091690726086
N4096_eta01,0.01,0.0,1.3803842646028838e-08,0.0006812467972234202,0.0006812479673865602,0.0006812364487685658
N4096_eta01,0.01,0.0,1.479108388168207e-08,0.0007051882099836101,0.0007051884931373858,0.0007051764600011283
N4096_eta01,0.01,0.0,1.584893192461114e-08,0.0007299691372994253,0.0007299703363105142,0.000729957762696708
N4096_eta01,0.01,0.0,1.6982436524617426e-08,0.0007556268937083457,0.0007556230618370639,0.0007556099203061409
N4096_eta01,0.01,0.0,1.8197008586099826e-08,0.0007821762573032422,0.0007821772735741414,0.0007821635350561605
N4096_eta01,0.01,0.0,1.9498445997580454e-08,0.0008096654026380495,0.0008096646505959161,0.0008096502844380958
N4096_eta01,0.01,0.0,2.0892961308540408e-08,0.0008381159799831175,0.0008381179852335786,0.0008381029589770972
N4096_eta01,0.01,0.0,2.2387211385683375e-08,0.0008675690724798267,0.0008675712220591478,0.0008675555013267031
N4096_eta01,0.01,0.0,2.3988329190194897e-08,0.0008980623218555124,0.0008980594983322623,0.00089804304673511
N4096_eta01,0.01,0.0,2.5703957827688646e-08,0.0009296183812994512,0.0009296191858871541,0.0009296019649311018
N4096_eta01,0.01,0.0,2.7542287033381633e-08,0.0009622917418867512,0.0009622879346171206,0.0009622699034792812
N4096_eta01,0.01,0.0,2.951209226666384e-08,0.0009961023110574992,0.0009961047171998393,0.0009960858326559443
N4096_eta01,0.01,0.0,3.162277660168379e-08,0.0010311078892723507,0.0010311098756125721,0.0010310900918986982
N4096_eta01,0.01,0.0,3.388441561392027e-08,0.001067345124487022,0.0010673451693377582,0.0010673244378847904
N4096_eta01,0.01,0.0,3.63078054770101e-08,0.0011048521426947342,0.001104853825002181,0.0011048320942949716
N4096_eta01,0.01,0.0,3.890451449942805e-08,0.0011436864501261476,0.0011436805878562975,0.0011436578033217047
N4096_eta01,0.01,0.0,4.168693834703355e-08,0.0011838701036703321,0.0011838717753244556,0.001183847878982496
N4096_eta01,0.01,0.0,4.4668359215096253e-08,0.0012254759921938212,0.0012254753319141372,0.0012254502623012908
N4096_eta01,0.01,0.0,4.78630092322638e-08,0.0012685380303662345,0.001268540886554787,0.0012685145784229373
N4096_eta01,0.01,0.0,5.128613839913648e-08,0.0013131166193571903,0.0013131198117038354,0.001313092195728
N4096_eta01,0.01,0.0,5.495408738576248e-08,0.0013592700359773657,0.0013592652844426894,0.001359236287017499
N4096_eta01,0.01,0.0,5.888436553555884e-08,0.001407031143934543,0.0014070323499025836,0.0014070018928394534
N4096_eta01,0.01,0.0,6.30957344480193e-08,0.00145648329055697,0.001456477986835962,0.001456445987031636
N4096_eta01,0.01,0.0,6.76082975391982e-08,0.0015076574206442678,0.001507661175385891,0.0015076275445573672
N4096_eta01,0.01,0.0,7.244359600749892e-08,0.0015606396698831266,0.0015606429674693847,0.0015606076117138377
N4096_eta01,0.01,0.0,7.76247116628691e-08,0.001615487119122648,0.0016154865593298044,0.001615449378795106
N4096_eta01,0.01,0.0,8.31763771102671e-08,0.001672255017799375,0.0016722573667903953,0.0016722182552946078
N4096_eta01,0.01,0.0,8.91250938133746e-08,0.001731031993401578,0.0017310231031802622,0.001730981947734947
N4096_eta01,0.01,0.0,9.549925860214349e-08,0.0017918511108608306,0.0017918538598193673,0.0017918105402155706
N4096_eta01,0.01,0.0,1.0232929922807536e-07,0.0018548224547203563,0.0018548221895303488,0.0018547765777719813
N4096_eta01,0.01,0.0,1.0964781961431852e-07,0.0019199992208030947,0.0019200031928087481,0.001919955152643176
N4096_eta01,0.01,0.0,1.174897554939528e-07,0.0019874699062841037,0.0019874746071866485,0.0019874239935472383
N4096_eta01,0.01,0.0,1.2589254117941662e-07,0.0020573247934624595,0.0020573168997245054,0.002057263558068212
N4096_eta01,0.01,0.0,1.3489628825916533e-07,0.0021296115169611787,0.0021296133625865843,0.0021295571282607443
N4096_eta01,0.01,0.0,1.4454397707459281e-07,0.0022044574483041416,0.002204450211995481,0.002204390909582443
N4096_eta01,0.01,0.0,1.5488166189124797e-07,0.002281910885080555,0.0022819166907596107,0.002281854133267377
N4096_eta01,0.01,0.0,1.65958690743756e-07,0.002362099791444784,0.002362105174152911,0.002362039162257786
N4096_eta01,0.01,0.0,1.778279410038923e-07,0.0024451131654646165,0.0024451112796586337,0.0024450416008147016
N4096_eta01,0.01,0.0,1.9054607179632443e-07,0.0025310307169303745,0.0025310339803945774,0.002530960407932045
N4096_eta01,0.01,0.0,2.0417379446695275e-07,0.002619989070800446,0.002619975722544368,0.0026198980146825406
N4096_eta01,0.01,0.0,2.187761623949552e-07,0.002712038029685901,0.002712042546857969,0.002711960445627728
N4096_eta01,0.01,0.0,2.344228815319923e-07,0.0028073434698403787,0.002807344214298693,0.0028072574444284247
N4096_eta01,0.01,0.0,2.511886431509577e-07,0.0029059890103324717,0.002905994336126312,0.0029059026037959947
N4096_eta01,0.01,0.0,2.691534803926914e-07,0.0030081036523975356,0.0030081105083780806,0.0030080134999289883
N4096_eta01,0.01,0.0,2.8840315031266057e-07,0.0031138274343496496,0.0031138144510514053,0.003113711831583858
N4096_eta01,0.01,0.0,3.090295432513592e-07,0.0032232292618658157,0.0032232321520667424,0.0032231235639327734
N4096_eta01,0.01,0.0,3.311311214825908e-07,0.0033365035777778228,0.0033364940161932665,0.003336379077365838
N4096_eta01,0.01,0.0,3.5481338923357537e-07,0.0034537261445783925,0.003453735019039664,0.003453613321399344
N4096_eta01,0.01,0.0,3.8018939632056126e-07,0.00357508619499696,0.0035750948663935637,0.003574965973856019
N4096_eta01,0.01,0.0,4.073802778041122e-07,0.0037007227776696284,0.0037007181589779345,0.0037005816054877026
N4096_eta01,0.01,0.0,4.3651583224016567e-07,0.003830750056403919,0.003830754562814378,0.003830609850215114
N4096_eta01,0.01,0.0,4.677351412871981e-07,0.0039653787676320875,0.003965358985451031,0.003965205581163791
N4096_eta01,0.01,0.0,5.011872336272725e-07,0.004104684336031054,0.004104691758129212,0.004104529092679564
N4096_eta01,0.01,0.0,5.370317963702522e-07,0.004248915851536378,0.004248918824140079,0.004248746288511126
N4096_eta01,0.01,0.0,5.754399373371567e-07,0.004398205247611757,0.004398211933599227,0.004398028876351451
N4096_eta01,0.01,0.0,6.165950018614823e-07,0.0045527389761078375,0.004552748844704488,0.004552554568933722
N4096_eta01,0.01,0.0,6.606934480075952e-07,0.0047127347264091886,0.004712713531873276,0.004712507291881408
N4096_eta01,0.01,0.0,7.079457843841374e-07,0.004878291750398253,0.004878296400749529,0.004878077398515725
N4096_eta01,0.01,0.0,7.585775750291836e-07,0.005049706425957416,0.005049694510457191,0.005049461891827093
N4096_eta01,0.01,0.0,8.128305161640994e-07,0.005227098463191275,0.005227111803242403,0.005226864653820475
N4096_eta01,0.01,0.0,8.709635899560796e-07,0.005410745530239633,0.0054107593416971925,0.005410496682447158
N4096_eta01,0.01,0.0,9.332543007969905e-07,0.0056008656914319725,0.005600855553827697,0.005600576336338037
N4096_eta01,0.01,0.0,1.0000000000000002e-06,0.005797620316126205,0.005797626486177123,0.005797329587555279
N4096_eta01,0.01,0.0,1.0715193052376049e-06,0.00600133477473156,0.006001306065183568,0.006000990282580822
N4096_eta01,0.01,0.0,1.1481536214968817e-06,0.006212124147542913,0.006212136367047073,0.0062118004117608025
N4096_eta01,0.01,0.0,1.2302687708123811e-06,0.006430360270426637,0.006430367896295404,0.006430010387424985
N4096_eta01,0.01,0.0,1.3182567385564074e-06,0.00665625268107713,0.006656259873279007,0.0066558793308997555
N4096_eta01,0.01,0.0,1.4125375446227524e-06,0.006890066643369943,0.0068900805308256515,0.006889675368631153
N4096_eta01,0.01,0.0,1.5135612484362072e-06,0.007132141799566747,0.007132107420228483,0.0071316759376319734
N4096_eta01,0.01,0.0,1.62181009735893e-06,0.00738261995900828,0.007382627726847066,0.007382168100462519
N4096_eta01,0.01,0.0,1.7378008287493763e-06,0.0076419515623464915,0.007641938595479299,0.007641448869949576
N4096_eta01,0.01,0.0,1.8620871366628656e-06,0.007910328031827119,0.007910347465713612,0.007909825543840843
N4096_eta01,0.01,0.0,1.9952623149688787e-06,0.008188150735449299,0.008188172417468938,0.008187616049583468
N4096_eta01,0.01,0.0,2.1379620895022322e-06,0.00847576390331108,0.008475742526905394,0.008475149299404223
N4096_eta01,0.01,0.0,2.29086765276777e-06,0.008773389865302432,0.008773398232849025,0.008772765555856312
N4096_eta01,0.01,0.0,2.454708915685029e-06,0.009081531607923956,0.00908149171390173,0.00908081680798164
N4096_eta01,0.01,0.0,2.6302679918953817e-06,0.009400367071772726,0.009400387276398569,0.00939966715821907
N4096_eta01,0.01,0.0,2.818382931264455e-06,0.009730444615322065,0.009730461753277965,0.009729693220167842
N4096_eta01,0.01,0.0,3.0199517204020134e-06,0.01007210091303085,0.01007210491397803,0.010071284527289406
N4096_eta01,0.01,0.0,3.235936569296281e-06,0.010425701253453126,0.01042571988544591,0.010424843952602247
N4096_eta01,0.01,0.0,3.467368504525317e-06,0.010791778675032204,0.01079172358423826,0.010790788139390032
N4096_eta01,0.01,0.0,3.7153522909717204e-06,0.011170533370205512,0.011170547159742767,0.011169547942904805
N4096_eta01,0.01,0.0,3.981071705534969e-06,0.011562644995427944,0.01156263644845616,0.011561568883002561
N4096_eta01,0.01,0.0,4.265795188015926e-06,0.011968426357308054,0.011968452439201464,0.011967311607597578
N4096_eta01,0.01,0.0,4.570881896148752e-06,0.012388438855720017,0.012388471749135795,0.01238725236676445
N4096_eta01,0.01,0.0,4.897788193684457e-06,0.012823231868300615,0.012823187110343616,0.012821883497251411
N4096_eta01,0.01,0.0,5.248074602497723e-06,0.0132730963336747,0.013273107866663927,0.013271713917094247
N4096_eta01,0.01,0.0,5.623413251903491e-06,0.013738809674073144,0.013738760480435375,0.013737269629936356
N4096_eta01,0.01,0.0,6.025595860743568e-06,0.014220655809442371,0.014220689048629881,0.014219094238566666
N4096_eta01,0.01,0.0,6.456542290346549e-06,0.01471941999630879,0.014719455827828963,0.014717749467080403
N4096_eta01,0.01,0.0,6.9183097091893625e-06,0.01523565397115185,0.015235641767334268,0.015233815690948324
N4096_eta01,0.01,0.0,7.413102413009177e-06,0.015769824694364262,0.015769847049589357,0.015767892474146488
N4096_eta01,0.01,0.0,7.943282347242806e-06,0.016322775451612617,0.016322691636913713,0.016320599112348105
N4096_eta01,0.01,0.0,8.51138038202376e-06,0.016894788860217794,0.01689481582343641,0.016892575181010974
N4096_eta01,0.01,0.0,9.120108393559096e-06,0.01748686785781598,0.017486880790862615,0.01748448108700587
N4096_eta01,0.01,0.0,9.772372209558092e-06,0.018099544403590788,0.018099569166563582,0.01809699862222195
N4096_eta01,0.01,0.0,1.0471285480508985e-05,0.018733541055344912,0.018733585582196625,0.018730831517350152
N4096_eta01,0.01,0.0,1.122018454301963e-05,0.019389749131114478,0.019389657230833166,0.019386705993784913
N4096_eta01,0.01,0.0,1.202264434617413e-05,0.020068515196232633,0.02006853442027701,0.020065371311293913
N4096_eta01,0.01,0.0,1.2882495516931323e-05,0.020771027454141815,0.020770991119916916,0.020767600308781897
N4096_eta01,0.01,0.0,1.3803842646028839e-05,0.02149777655133414,0.021497825498143892,0.021494189935114774
N4096_eta01,0.01,0.0,1.4791083881682073e-05,0.022249795114849202,0.022249860446890153,0.02224596176657152
N4096_eta01,0.01,0.0,1.5848931924611107e-05,0.023028013628450018,0.02302794408951456,0.023023762507047747
N4096_eta01,0.01,0.0,1.6982436524617425e-05,0.023832927926859527,0.023832950267650962,0.02382846446664399
N4096_eta01,0.01,0.0,1.8197008586099827e-05,0.02466587546054194,0.02466577900219428,0.02466096601372694
N4096_eta01,0.01,0.0,1.9498445997580456e-05,0.02552730123309349,0.02552735692293297,0.025522191994950334
N4096_eta01,0.01,0.0,2.0892961308540365e-05,0.02641856707089642,0.026418637660717715,0.02641309411705562
N4096_eta01,0.01,0.0,2.238721138568338e-05,0.02734063236758252,0.0273406021952881,0.02733465128353665
N4096_eta01,0.01,0.0,2.39883291901949e-05,0.028294218722762117,0.028294259151093865,0.02828786987844033
N4096_eta01,0.01,0.0,2.5703957827688645e-05,0.029280794155873466,0.02928064503254691,0.029273783988679233
N4096_eta01,0.01,0.0,2.7542287033381633e-05,0.030300772208983157,0.030300824389142583,0.030293455555244937
N4096_eta01,0.01,0.0,2.9512092266663844e-05,0.031355832712013254,0.0313558898998405,0.03134797444262399
N4096_eta01,0.01,0.0,3.1622776601683795e-05,0.032446954181801664,0.032446962364850694,0.03243845841452333
N4096_eta01,0.01,0.0,3.38844156139202e-05,0.033575122086724626,0.0335751905917101,0.033566053002699874
N4096_eta01,0.01,0.0,3.63078054770101e-05,0.03474194014434539,0.0347417511610622,0.03473193125424825
N4096_eta01,0.01,0.0,3.890451449942805e-05,0.03594779936346019,0.035947848056003394,0.03593729334112166
N4096_eta01,0.01,0.0,4.168693834703355e-05,0.03719467364625952,0.03719471213709876,0.03718336601393485
N4096_eta01,0.01,0.0,4.466835921509625e-05,0.03848356700122632,0.038483600443315974,0.038471401880207735
N4096_eta01,0.01,0.0,4.7863009232263804e-05,0.03981569751272893,0.03981579529705287,0.03980267848514851
N4096_eta01,0.01,0.0,5.128613839913648e-05,0.041192830554614424,0.04119260318917148,0.04117849717082689
N4096_eta01,0.01,0.0,5.495408738576237e-05,0.042615301253795,0.042615353417528146,0.04260018168714588
N4096_eta01,0.01,0.0,5.888436553555884e-05,0.04408535392771606,0.0440853964498191,0.04406907652536368
N4096_eta01,0.01,0.0,6.30957344480193e-05,0.04560406673432689,0.045604101978686334,0.04558654494203895
N4096_eta01,0.01,0.0,6.760829753919819e-05,0.04717273937068257,0.047172856633888156,0.047153966638161356
N4096_eta01,0.01,0.0,7.244359600749891e-05,0.048793339596566496,0.04879306131300473,0.04877273505486446
N4096_eta01,0.01,0.0,7.762471166286911e-05,0.0504660585625238,0.05046612808849036,0.05044425424350171
N4096_eta01,0.01,0.0,8.317637711026709e-05,0.052193367982246275,0.05219347664499479,0.052169935263977146
N4096_eta01,0.01,0.0,8.912509381337441e-05,0.05397655218430785,0.05397653019671103,0.05395119206106124
N4096_eta01,0.01,0.0,9.54992586021435e-05,0.05581660647817974,0.05581671083003551,0.05578943676397949
N4096_eta01,0.01,0.0,0.00010232929922807537,0.05771573595822003,0.057715434212081265,0.05768607434983475
N4096_eta01,0.01,0.0,0.00010964781961431828,0.05967399050677368,0.059674103600577205,0.05964249660642084
N4096_eta01,0.01,0.0,0.00011748975549395304,0.06169386406103659,0.06169410308536066,0.06166007532470363
N4096_eta01,0.01,0.0,0.0001258925411794166,0.0637770273994974,0.06377678998612239,0.06374015464570491
N4096_eta01,0.01,0.0,0.00013489628825916506,0.0659234270725201,0.06592348632524794,0.06588404248074686
N4096_eta01,0.01,0.0,0.0001445439770745928,0.0681355356717993,0.06813546928857882,0.06809300091801519
N4096_eta01,0.01,0.0,0.00015488166189124794,0.07041388498537768,0.07041396058071904,0.0703682355222373
N4096_eta01,0.01,0.0,0.00016595869074375564,0.0727599065449724,0.07276011457520631,0.07271088342798124
N4096_eta01,0.01,0.0,0.0001778279410038923,0.07517544665398652,0.07517500515348098,0.07512200012073199
N4096_eta01,0.01,0.0,0.00019054607179632443,0.07765946657066955,0.07765961112024823,0.07760254479358207
N4096_eta01,0.01,0.0,0.00020417379446695315,0.08021443616857145,0.08021480007662411,0.08015336416117655
N4096_eta01,0.01,0.0,0.0002187761623949552,0.08284181123287648,0.08284131062648524,0.08277517460659617
N4096_eta01,0.01,0.0,0.00023442288153199177,0.08553962884402494,0.08553973278590425,0.08546854253131707
N4096_eta01,0.01,0.0,0.0002511886431509582,0.08831011055257387,0.08831048646059274,0.0882338627733919
N4096_eta01,0.01,0.0,0.0002691534803926914,0.09115424650879923,0.09115379785211547,0.09107133495480486
N4096_eta01,0.01,0.0,0.00028840315031266,0.09406958196551825,0.09406967365055029,0.09398093761578437
N4096_eta01,0.01,0.0,0.0003090295432513592,0.09705747080483607,0.09705787286953099,0.09696239999201259
N4096_eta01,0.01,0.0,0.0003311311214825908,0.10011840347530095,0.10011787617958721,0.10001517129051221
N4096_eta01,0.01,0.0,0.0003548133892335746,0.10324873856136765,0.10324885259781952,0.1031383873219063
N4096_eta01,0.01,0.0,0.00038018939632056124,0.10644906832672232,0.10644962339665379,0.10633083435123442
N4096_eta01,0.01,0.0,0.00040738027780411217,0.10971939417134267,0.10971862310236642,0.10959091003713446
N4096_eta01,0.01,0.0,0.00043651583224016654,0.11305366738344194,0.11305385746585948,0.11291658134065113
N4096_eta01,0.01,0.0,0.00046773514128719813,0.11645236732727496,0.11645285830465935,0.11630533930099743
N4096_eta01,0.01,0.0,0.0005011872336272714,0.11991304721711843,0.11991263513726125,0.11975415059728974
N4096_eta01,0.01,0.0,0.0005370317963702533,0.12342984054689515,0.12342962355988894,0.12325940584372111
N4096_eta01,0.01,0.0,0.0005754399373371566,0.126999512176402,0.12699963035292983,0.12681686460230207
N4096_eta01,0.01,0.0,0.000616595001861481,0.1306170032260265,0.13061777535138192,0.1304215971438932
N4096_eta01,0.01,0.0,0.0006606934480075965,0.1342791402524001,0.13427843017271454,0.13406792304688706
N4096_eta01,0.01,0.0,0.0007079457843841374,0.1379755117767288,0.1379751539690983,0.13774934679618672
N4096_eta01,0.01,0.0,0.0007585775750291821,0.1417004585778137,0.14170062646205164,0.14145849063620208
N4096_eta01,0.01,0.0,0.0008128305161640995,0.1454460453570921,0.14544657862988938,0.14518702504428602
N4096_eta01,0.01,0.0,0.0008709635899560797,0.14920300927928232,0.14920372155641368,0.14892559733000368
N4096_eta01,0.01,0.0,0.0009332543007969886,0.15296258093122483,0.1529616741183546,0.15266375903637616
N4096_eta01,0.01,0.0,0.001,0.15670978431354646,0.15670889039539537,0.1563898930282532
N4096_eta01,0.01,0.0,0.0010715193052376049,0.16043258158849621,0.16043258793738957,0.1600911414077245
N4096_eta01,0.01,0.0,0.001148153621496884,0.16411850220363422,0.1641186783265968,0.1637533357053078
N4096_eta01,0.01,0.0,0.001230268770812381,0.16775150576412204,0.16775170183702912,0.16736093116748732
N4096_eta01,0.01,0.0,0.001318256738556405,0.17131428385622244,0.17131476842703539,0.17089694740506725
N4096_eta01,0.01,0.0,0.0014125375446227553,0.17478868795417613,0.17478950781292635,0.17434291819091974
N4096_eta01,0.01,0.0,0.0015135612484362072,0.17815501947246257,0.17815603196662422,0.1776788538060797
N4096_eta01,0.01,0.0,0.0016218100973589265,0.1813918460382563,0.18139291406079916,0.18088322003153254
N4096_eta01,0.01,0.0,0.0017378008287493763,0.18447618480797195,0.18447718864579854,0.18393293866423155
N4096_eta01,0.01,0.0,0.0018620871366628656,0.18738361621999608,0.18738437866877766,0.18680341528398176
N4096_eta01,0.01,0.0,0.0019952623149688746,0.19008818137305333,0.19008855580696288,0.18946860088167605
N4096_eta01,0.01,0.0,0.0021379620895022326,0.192562307118293,0.19256244143430926,0.191901094827224
N4096_eta01,0.01,0.0,0.00229086765276777,0.19477772661591397,0.19477755629888058,0.19407229742927612
N4096_eta01,0.01,0.0,0.002454708915685024,0.1967056514686361,0.1967044275511768,0.1959526209085419
N4096_eta01,0.01,0.0,0.0026302679918953813,0.19831281263617992,0.19831286199067322,0.19751176782630497
N4096_eta01,0.01,0.0,0.002818382931264449,0.19957137787483223,0.19957229411253408,0.19871908569720664
N4096_eta01,0.01,0.0,0.003019951720402019,0.20045229502405873,0.2004522165308055,0.19954400545601622
N4096_eta01,0.01,0.0,0.003235936569296281,0.20092360722113656,0.20092269840096316,0.19995656940845719
N4096_eta01,0.01,0.0,0.0034673685045253093,0.20095424405584048,0.200954994339355,0.19992805104755876
N4096_eta01,0.01,0.0,0.003715352290971728,0.20052306985937998,0.20052224185423406,0.1994316644725679
N4096_eta01,0.01,0.0,0.003981071705534969,0.19959925242312712,0.19960023936414753,0.19844335501251512
N4096_eta01,0.01,0.0,0.004265795188015917,0.19816916332393664,0.19816828953173107,0.1969426550895509
N4096_eta01,0.01,0.0,0.004570881896148752,0.1962096785598757,0.19621008414057028,0.1949135806342176
N4096_eta01,0.01,0.0,0.004897788193684457,0.19371448217116266,0.193714597609104,0.19234553403460014
N4096_eta01,0.01,0.0,0.0052480746024977125,0.19067762205048736,0.19067694728059775,0.1892341705130729
N4096_eta01,0.01,0.0,0.005623413251903491,0.18709925034354935,0.187099170940697,0.1855821771081061
N4096_eta01,0.01,0.0,0.006025595860743569,0.1829905360496865,0.18299086687960342,0.18139990841848935
N4096_eta01,0.01,0.0,0.006456542290346563,0.17836908696148043,0.1783696405635032,0.17670582229920762
N4096_eta01,0.01,0.0,0.006918309709189364,0.17326076783069672,0.17326130576033133,0.17152666293809887
N4096_eta01,0.01,0.0,0.007413102413009162,0.16769943879335367,0.16769979748925554,0.16589734887670327
N4096_eta01,0.01,0.0,0.007943282347242822,0.16172675704352685,0.16172676945188763,0.15986053952985085
N4096_eta01,0.01,0.0,0.008511380382023759,0.155391199016263,0.15539086881231912,0.15346587467490946
N4096_eta01,0.01,0.0,0.009120108393559078,0.14874674474265626,0.14874670458387257,0.1467689053789895
N4096_eta01,0.01,0.0,0.009772372209558112,0.1418533593494877,0.14185354997422098,0.13982975932806518
N4096_eta01,0.01,0.0,0.010471285480508985,0.1347741052781268,0.1347738409593204,0.13271160555775374
N4096_eta01,0.01,0.0,0.011220184543019608,0.12757142326327414,0.12757155029618045,0.12547900032042245
N4096_eta01,0.01,0.0,0.012022644346174132,0.12031047674339522,0.12031052591964231,0.1181962050499502
N4096_eta01,0.01,0.0,0.012882495516931323,0.11305306900069366,0.11305288397032731,0.11092556794629518
N4096_eta01,0.01,0.0,0.01380384264602881,0.10585762672556578,0.1058575395627282,0.10372605270034514
N4096_eta01,0.01,0.0,0.014791083881682073,0.09877896163669306,0.09877894401501514,0.09665198263296032
N4096_eta01,0.01,0.0,0.01584893192461111,0.09186610022447594,0.09186607775377337,0.08975204827598937
N4096_eta01,0.01,0.0,0.01698243652461746,0.0851617973392655,0.08516172611806931,0.08306860390376224
N4096_eta01,0.01,0.0,0.018197008586099826,0.078702122485921,0.07870204349064691,0.07663725644623048
N4096_eta01,0.01,0.0,0.019498445997580417,0.07251633401454588,0.07251639186079466,0.07048673085816731
N4096_eta01,0.01,0.0,0.02089296130854041,0.06662743596325876,0.06662742467670031,0.06463898094673069
N4096_eta01,0.01,0.0,0.022387211385683378,0.06105137389304158,0.06105137648523348,0.05910950462082416
N4096_eta01,0.01,0.0,0.023988329190194852,0.0557985391299407,0.05579851344637502,0.05390781751340749
N4096_eta01,0.01,0.0,0.02570395782768865,0.050873661187191103,0.05087369882104044,0.04903803835213633
N4096_eta01,0.01,0.0,0.027542287033381633,0.04627701942719742,0.04627703006320732,0.044499542363940506
N4096_eta01,0.01,0.0,0.02951209226666378,0.04200452142437459,0.042004509139774326,0.04028764430400799
N4096_eta01,0.01,0.0,0.0316227766016838,0.03804872830648475,0.0380487141141735,0.03639427934493134
N4096_eta01,0.01,0.0,0.03388441561392021,0.03439945364554999,0.03439944696467096,0.032808657149674535
N4096_eta01,0.01,0.0,0.03630780547701003,0.031044331540020578,0.03104433937440314,0.029517871300739847
N4096_eta01,0.01,0.0,0.03890451449942805,0.02796939308663455,0.02796940435794167,0.026507452412192597
N4096_eta01,0.01,0.0,0.041686938347033464,0.025159534535936362,0.025159526811233665,0.023761858459398575
N4096_eta01,0.01,0.0,0.04466835921509635,0.022598888211997806,0.02259889028461784,0.021264900034515533
N4096_eta01,0.01,0.0,0.0478630092322638,0.020271341772971227,0.020271340497536306,0.019000101401301726
N4096_eta01,0.01,0.0,0.05128613839913638,0.018160685251311225,0.018160688429777735,0.016951000480970445
N4096_eta01,0.01,0.0,0.05495408738576248,0.016250962141718804,0.01625095736922921,0.015101392389411378
N4096_eta01,0.01,0.0,0.05888436553555884,0.0145265780715336,0.014526579215374619,0.013435522014003637
N4096_eta01,0.01,0.0,0.06309573444801918,0.012972542342378527,0.012972545772146833,0.011938231508231097
N4096_eta01,0.01,0.0,0.0676082975391982,0.011574519125092,0.011574520839396283,0.01059506862102375
N4096_eta01,0.01,0.0,0.07244359600749892,0.010318918275836043,0.01031891873568364,0.009392361571327584
N4096_eta01,0.01,0.0,0.07762471166286897,0.009192954226817148,0.009192954542143769,0.008317265811847926
N4096_eta01,0.01,0.0,0.0831763771102671,0.008184670087660204,0.008184670914175704,0.007357787564609513
N4096_eta01,0.01,0.0,0.0891250938133744,0.0072829444850400354,0.007282945814163337,0.006502788503423253
N4096_eta01,0.01,0.0,0.0954992586021437,0.006477484203709268,0.00647748500986351,0.005741975439195924
N4096_eta01,0.01,0.0,0.10232929922807536,0.005758803286335614,0.005758802683998,0.00506587835699867
N4096_eta01,0.01,0.0,0.10964781961431828,0.005118193553769312,0.005118193026975792,0.0044658196743385175
N4096_eta01,0.01,0.0,0.11748975549395302,0.004547694562416703,0.004547695246304537,0.003933877147430241
N4096_eta01,0.01,0.0,0.12589254117941662,0.004040054378353408,0.004040054028303551,0.003462842451259041
N4096_eta01,0.01,0.0,0.13489628825916505,0.0035886770463303833,0.003588677132196437,0.003046177101572419
N4096_eta01,0.01,0.0,0.14454397707459282,0.0031875914838684926,0.0031875914833246217,0.0026779670722201186
N4096_eta01,0.01,0.0,0.15488166189124797,0.0028313988408602206,0.0028313988594225216,0.0023528771876537035
N4096_eta01,0.01,0.0,0.16595869074375563,0.002515232139284073,0.00251523202906527,0.002066106135214424
N4096_eta01,0.01,0.0,0.1778279410038923,0.0022347117993917107,0.0022347120014519417,0.001813342741892914
N4096_eta01,0.01,0.0,0.19054607179632446,0.0019859070908204925,0.0019859068782815304,0.0015907239921197536
N4096_eta01,0.01,0.0,0.20417379446695233,0.0017652925736214645,0.0017652926582215882,0.0013947951233833564
N4096_eta01,0.01,0.0,0.2187761623949552,0.001569716130192225,0.0015697162290336326,0.001222472021690987
N4096_eta01,0.01,0.0,0.23442288153199178,0.0013963608072316478,0.0013963606886340698,0.001071006045875327
N4096_eta01,0.01,0.0,0.2511886431509582,0.0012427131091692241,0.0012427130612764755,0.000937951335509145
N4096_eta01,0.01,0.0,0.26915348039269144,0.0011065343327907584,0.001106534415921761,0.0008211345989787803
N4096_eta01,0.01,0.0,0.28840315031266,0.0009858322861711567,0.0009858323482528498,0.000718627333600931
N4096_eta01,0.01,0.0,0.3090295432513592,0.0008788357755210211,0.0008788357534840951,0.0006287203963336389
N4096_eta01,0.01,0.0,0.3311311214825908,0.0007839718512169078,0.000783971792148633,0.000549900819674826
N4096_eta01,0.01,0.0,0.3548133892335746,0.0006998449765902963,0.0006998449336831596,0.0004808307510544762
N4096_eta01,0.01,0.0,0.38018939632056126,0.0006252179606681092,0.0006252179513240646,0.0004203283839337166
N4096_eta01,0.01,0.0,0.40738027780411223,0.0005589947189102067,0.0005589947351754907,0.00036735074366232834
N4096_eta01,0.01,0.0,0.43651583224016477,0.000500204759329255,0.0005002047869493057,0.0003209781898455195
N4096_eta01,0.01,0.0,0.4677351412871981,0.0004479892297225818,0.0004479892583090361,0.0002804004986324006
N4096_eta01,0.01,0.0,0.5011872336272715,0.0004015883681773379,0.000401588392921404,0.00024490439221562234
N4096_eta01,0.01,0.0,0.5370317963702533,0.000360330206730856,0.0003603302266188381,0.0002138623883104392
N4096_eta01,0.01,0.0,0.5754399373371567,0.0003236203668629321,0.00032362038263806966,0.00018672284896280268
N4096_eta01,0.01,0.0,0.616595001861481,0.00029093273679883417,0.0002909327496749244,0.0001630011153188598
N4096_eta01,0.01,0.0,0.6606934480075964,0.0002618006801641546,0.00026180069122597215,0.00014227162265534232
N4096_eta01,0.01,0.0,0.7079457843841374,0.0002358080012054606,0.00023580801120228783,0.00012416089777389866
N4096_eta01,0.01,0.0,0.7585775750291821,0.00021257741739680487,0.00021257742670971206,0.00010834134861353699
N4096_eta01,0.01,0.0,0.8128305161640995,0.00019174795171333694,0.00019174796038769733,9.45257634928062e-05
N4096_eta01,0.01,0.0,0.8709635899560796,0.0001728943642910955,0.00017289437210010237,8.246244465512652e-05
N4096_eta01,0.01,0.0,0.9332543007969887,0.00015489032823111487,0.00015489033477196327,7.193090768658129e-05
N4096_eta01,0.01,0.0,1.0,9.644317836333174e-05,9.644317833769418e-05,6.273808486038331e-05
N4096_eta01,0.0001,0.0,1.0000000000000002e-14,0.022630308017934524,0.02263135714086211,0.022630945286013084
N4096_eta01,0.0001,0.0,1.0715193052376049e-14,0.023427234146485718,0.023426665645758824,0.02342624520093506
N4096_eta01,0.0001,0.0,1.148153621496884e-14,0.024250459809745634,0.024249933839690582,0.024249493619462676
N4096_eta01,0.0001,0.0,1.2302687708123812e-14,0.025101025123500775,0.025102148572397762,0.025101672706174236
N4096_eta01,0.0001,0.0,1.3182567385564046e-14,0.02598494300510852,0.025984291500448686,0.02598379914034144
N4096_eta01,0.0001,0.0,1.4125375446227557e-14,0.02689716822002537,0.026897434867418548,0.02689692532877416
N4096_eta01,0.0001,0.0,1.5135612484362073e-14,0.027843967322504697,0.027842674562429698,0.027842140661278863
N4096_eta01,0.0001,0.0,1.6218100973589332e-14,0.02881886710300921,0.028821134104769747,0.02882057281022786
N4096_eta01,0.0001,0.0,1.7378008287493765e-14,0.029835385017783135,0.029833986082880064,0.029833389075787205
N4096_eta01,0.0001,0.0,1.8620871366628658e-14,0.03088224754757491,0.030882413126338704,0.030881797778408222
N4096_eta01,0.0001,0.0,1.9952623149688828e-14,0.03196802186772032,0.031967700094282854,0.031967049700241154
N4096_eta01,0.0001,0.0,2.1379620895022327e-14,0.033090202829590604,0.03309113506974228,0.03309043957718915
N4096_eta01,0.0001,0.0,2.29086765276777e-14,0.03425450963955484,0.03425402794724996,0.03425330764338135
N4096_eta01,0.0001,0.0,2.4547089156850338e-14,0.03545891253967866,0.03545780489370981,0.035457041229904354
N4096_eta01,0.0001,0.0,2.6302679918953815e-14,0.03670164529418855,0.036703865859913115,0.036703076419697535
N4096_eta01,0.0001,0.0,2.8183829312644495e-14,0.03799515477093055,0.03799373804168729,0.03799289976058432
N4096_eta01,0.0001,0.0,3.019951720402019e-14,0.03932840334670964,0.039328923324698305,0.039328050038479265
N4096_eta01,0.0001,0.0,3.2359365692962816e-14,0.040712826769634,0.04071103949712878,0.04071012011288311
N4096_eta01,0.0001,0.0,3.46736850452531e-14,0.04213865712663862,0.04214173019414667,0.042140758816853294
N4096_eta01,0.0001,0.0,3.715352290971728e-14,0.04362451915407909,0.043622694947863874,0.043621672923710636
N4096_eta01,0.0001,0.0,3.9810717055349693e-14,0.045155807758038874,0.04515569949986499,0.04515462918282488
N4096_eta01,0.0001,0.0,4.2657951880159345e-14,0.04674221763115428,0.04674258247270213,0.04674145642690361
N4096_eta01,0.0001,0.0,4.570881896148752e-14,0.04838480144992643,0.04838523544203734,0.04838404775329112
N4096_eta01,0.0001,0.0,4.897788193684456e-14,0.050085837005927336,0.05008561924736796,0.05008436278187544
N4096_eta01,0.0001,0.0,5.248074602497734e-14,0.05184778977703746,0.05184575348190301,0.051844429992288624
N4096_eta01,0.0001,0.0,5.623413251903491e-14,0.05366386840976707,0.05366773804790981,0.05366634914318185
N4096_eta01,0.0001,0.0,6.025595860743569e-14,0.05555626381341202,0.055553758382493455,0.055552293776453626
N4096_eta01,0.0001,0.0,6.456542290346563e-14,0.057505279898560774,0.05750605786330306,0.05750451380940811
N4096_eta01,0.0001,0.0,6.918309709189363e-14,0.05952915935379863,0.059526970932252316,0.05952533821792578
N4096_eta01,0.0001,0.0,7.413102413009162e-14,0.061615099032100884,0.06161890156069913,0.061617177813837756
N4096_eta01,0.0001,0.0,7.943282347242822e-14,0.06378650086366325,0.06378433940086209,0.06378252811980191
N4096_eta01,0.0001,0.0,8.51138038202376e-14,0.06602666291737014,0.06602588784805895,0.06602397234509694
N4096_eta01,0.0001,0.0,9.120108393559116e-14,0.06834438163256086,0.06834620919079408,0.06834418446587129
N4096_eta01,0.0001,0.0,9.772372209558112e-14,0.07074872974607543,0.07074806650375115,0.07074593241349983
N4096_eta01,0.0001,0.0,1.0471285480508985e-13,0.07323405279910321,0.07323433953960622,0.07323208137483653
N4096_eta01,0.0001,0.0,1.1220184543019654e-13,0.07581136646890518,0.07580798220898083,0.07580559720827679
N4096_eta01,0.0001,0.0,1.2022644346174131e-13,0.07846592204173762,0.0784720726885435,0.0784695499796805
N4096_eta01,0.0001,0.0,1.2882495516931323e-13,0.08123369876867473,0.0812297810252735,0.08122711762235044
N4096_eta01,0.0001,0.0,1.3803842646028868e-13,0.08408349888121561,0.08408440778306082,0.08408158972539903
N4096_eta01,0.0001,0.0,1.4791083881682072e-13,0.0870415433457298,0.08703935335190544,0.08703637145499338
N4096_eta01,0.0001,0.0,1.584893192461111e-13,0.09009398285728305,0.09009814063114215,0.09009498761312007
N4096_eta01,0.0001,0.0,1.698243652461746e-13,0.09326668204382162,0.09326442410749236,0.09326108683866993
N4096_eta01,0.0001,0.0,1.8197008586099824e-13,0.09654408130214336,0.09654198199597824,0.09653844595581108
N4096_eta01,0.0001,0.0,1.9498445997580416e-13,0.09993022077975748,0.09993471785134134,0.09993097447479049
N4096_eta01,0.0001,0.0,2.0892961308540411e-13,0.10344930307284775,0.10344668591037733,0.1034427192504748
N4096_eta01,0.0001,0.0,2.2387211385683378e-13,0.10708100944975514,0.10708207591947343,0.10707786930412921
N4096_eta01,0.0001,0.0,2.3988329190194847e-13,0.1108503563112461,0.11084521759925185,0.11084076081412138
N4096_eta01,0.0001,0.0,2.570395782768865e-13,0.11473158445328804,0.11474060520873476,0.114735882281425
N4096_eta01,0.0001,0.0,2.7542287033381635e-13,0.11877846094942772,0.11877288927886853,0.11876787987600448
N4096_eta01,0.0001,0.0,2.95120922666639e-13,0.12294622862982206,0.12294687954255477,0.12294156297037037
N4096_eta01,0.0001,0.0,3.1622776601683797e-13,0.1272687901332361,0.12726754745381105,0.12726190986679647
N4096_eta01,0.0001,0.0,3.3884415613920205e-13,0.13173639472345394,0.1317400583349079,0.13173407372492704
N4096_eta01,0.0001,0.0,3.630780547701018e-13,0.13637164317663628,0.13636974245613204,0.13636338869671366
N4096_eta01,0.0001,0.0,3.890451449942805e-13,0.14116654611281454,0.14116212330282868,0.14115537627586222
N4096_eta01,0.0001,0.0,4.168693834703347e-13,0.14611403930271294,0.14612291595710242,0.14611575186921358
N4096_eta01,0.0001,0.0,4.466835921509635e-13,0.15126372431677182,0.15125804315180094,0.15125043159772134
N4096_eta01,0.0001,0.0,4.786300923226381e-13,0.15657154955770852,0.15657362464253627,0.1565655393349511
N4096_eta01,0.0001,0.0,5.128613839913659e-13,0.16208308962858117,0.16207600524338392,0.16206741399129038
N4096_eta01,0.0001,0.0,5.495408738576248e-13,0.16775954863292278,0.1677717513255678,0.16776261705231738
N4096_eta01,0.0001,0.0,5.888436553555884e-13,0.17367490563682528,0.17366765180943167,0.17365794038007099
N4096_eta01,0.0001,0.0,6.309573444801943e-13,0.17977119743629852,0.17977074135409957,0.17976041428623274
N4096_eta01,0.0001,0.0,6.760829753919819e-13,0.1860867565478299,0.18608829738506197,0.18607731588653478
N4096_eta01,0.0001,0.0,7.244359600749892e-13,0.19262622969277945,0.19262786060608544,0.19261617774600953
N4096_eta01,0.0001,0.0,7.762471166286928e-13,0.1993980584340212,0.19939722754675235,0.19938479682499485
N4096_eta01,0.0001,0.0,8.317637711026709e-13,0.20641259226793335,0.2064044733216805,0.20639124373613318
N4096_eta01,0.0001,0.0,8.912509381337441e-13,0.21364249712987907,0.21365795468469923,0.21364387232292895
N4096_eta01,0.0001,0.0,9.54992586021437e-13,0.2211763578105541,0.22116632288915916,0.22115132957074468
N4096_eta01,0.0001,0.0,1.0232929922807536e-12,0.22893543653003479,0.22893852869015016,0.2289225658614713
N4096_eta01,0.0001,0.0,1.0964781961431851e-12,0.236992462425327,0.23698384587337584,0.2369668455834453
N4096_eta01,0.0001,0.0,1.1748975549395302e-12,0.24529683728231388,0.2453118666863124,0.24529375810853196
N4096_eta01,0.0001,0.0,1.258925411794166e-12,0.2539410867644939,0.25393252079814593,0.25391322914866366
N4096_eta01,0.0001,0.0,1.3489628825916534e-12,0.26285923394676025,0.2628560880898458,0.26283553250447744
N4096_eta01,0.0001,0.0,1.445439770745928e-12,0.272085745551244,0.2720932090095223,0.272071302219066
N4096_eta01,0.0001,0.0,1.5488166189124795e-12,0.2816577340960852,0.2816548943420927,0.2816315451502358
N4096_eta01,0.0001,0.0,1.6595869074375598e-12,0.29155134262131344,0.2915525465030534,0.29152765397504066
N4096_eta01,0.0001,0.0,1.7782794100389228e-12,0.3018114196507552,0.3017979606563865,0.3017714206407372
N4096_eta01,0.0001,0.0,1.9054607179632443e-12,0.3123788265658868,0.31240335040150813,0.31237505027669954
N4096_eta01,0.0001,0.0,2.041737944669532e-12,0.3233970260658475,0.3233813564909041,0.32335117558221466
N4096_eta01,0.0001,0.0,2.1877616239495518e-12,0.3347414910014965,0.33474506440973606,0.3347128717054517
N4096_eta01,0.0001,0.0,2.344228815319923e-12,0.34651647503064287,0.3465080148236922,0.34647367162930687
N4096_eta01,0.0001,0.0,2.5118864315095823e-12,0.3586679632322168,0.35868422345926326,0.3586475820801755
N4096_eta01,0.0001,0.0,2.6915348039269142e-12,0.37129707170505816,0.3712881981494621,0.3712490999761026
N4096_eta01,0.0001,0.0,2.884031503126606e-12,0.38434343014674677,0.384334954862826,0.3842932294311147
N4096_eta01,0.0001,0.0,3.090295432513592e-12,0.3978217787731404,0.397840034771866,0.3977954993328959
N4096_eta01,0.0001,0.0,3.311311214825908e-12,0.41183031366350753,0.4118195203937291,0.4117719815113225
N4096_eta01,0.0001,0.0,3.548133892335753e-12,0.42628572563546735,0.42629005993289,0.4262393095156842
N4096_eta01,0.0001,0.0,3.8018939632056125e-12,0.44128921082810807,0.4412688826254739,0.44121469801874047
N4096_eta01,0.0001,0.0,4.073802778041122e-12,0.45673799611047067,0.45677382271131306,0.4567159628660394
N4096_eta01,0.0001,0.0,4.365158322401657e-12,0.47284554754672103,0.4728233302277616,0.47276154178918645
N4096_eta01,0.0001,0.0,4.677351412871982e-12,0.4894340717061647,0.4894365075562671,0.48937051580195756
N4096_eta01,0.0001,0.0,5.011872336272715e-12,0.5066374364157281,0.5066331191000474,0.5065626312983597
N4096_eta01,0.0001,0.0,5.370317963702533e-12,0.524419742949084,0.5244336199406932,0.5243583228718611
N4096_eta01,0.0001,0.0,5.754399373371567e-12,0.5428664728977716,0.5428591790042296,0.5427787368750896
N4096_eta01,0.0001,0.0,6.165950018614822e-12,0.5619494957082015,0.5619317020118918,0.5618457557393568
N4096_eta01,0.0001,0.0,6.6069344800759645e-12,0.5816379331946038,0.5816738586239517,0.5815820230732665
N4096_eta01,0.0001,0.0,7.079457843841373e-12,0.6021323586320825,0.602109105583326,0.6020109695595867
N4096_eta01,0.0001,0.0,7.585775750291836e-12,0.6232533818063356,0.6232617174457232,0.6231568396693155
N4096_eta01,0.0001,0.0,8.128305161640996e-12,0.6451845086270216,0.6451568113449208,0.6450447192115548
N4096_eta01,0.0001,0.0,8.709635899560797e-12,0.6677723245155094,0.6678203755789296,0.667700563737374
N4096_eta01,0.0001,0.0,9.332543007969906e-12,0.6913080326643861,0.691279300184473,0.6911512278152552
N4096_eta01,0.0001,0.0,1e-11,0.7155636374730954,0.7155614079365527,0.7154244951949923
N4096_eta01,0.0001,0.0,1.0715193052376049e-11,0.740687933917215,0.74069548254362,0.7405491098760273
N4096_eta01,0.0001,0.0,1.1481536214968842e-11,0.7667063715383811,0.7667113059942676,0.7665548080950986
N4096_eta01,0.0001,0.0,1.2302687708123813e-11,0.7936424389818447,0.7936396854642986,0.7934723512467872
N4096_eta01,0.0001,0.0,1.3182567385564075e-11,0.8215449791289324,0.8215124917329104,0.8213335597490045
N4096_eta01,0.0001,0.0,1.4125375446227556e-11,0.8503003896605066,0.8503626925664063,0.8501713478636103
N4096_eta01,0.0001,0.0,1.5135612484362072e-11,0.880265271711804,0.8802243901290068,0.8800197594802859
N4096_eta01,0.0001,0.0,1.6218100973589298e-11,0.9111206501370976,0.9111328568768279,0.910914004869267
N4096_eta01,0.0001,0.0,1.7378008287493765e-11,0.9431573181960979,0.9431245719340793,0.9428904984057311
N4096_eta01,0.0001,0.0,1.8620871366628657e-11,0.9761791962412136,0.976237264522946,0.9759868972653511
N4096_eta01,0.0001,0.0,1.995262314968879e-11,1.0105433740888472,1.0105099499570847,1.0102421410868034
N4096_eta01,0.0001,0.0,2.1379620895022327e-11,1.0459964220380233,1.0459829711116417,1.0456964925927141
N4096_eta01,0.0001,0.0,2.2908676527677702e-11,1.0826654226637888,1.082698043286283,1.0823915791557124
N4096_eta01,0.0001,0.0,2.4547089156850283e-11,1.1207127389735143,1.1206982932428895,1.1203704352907253
N4096_eta01,0.0001,0.0,2.6302679918953818e-11,1.1600225445956356,1.16002830567295,1.1596775460484015
N4096_eta01,0.0001,0.0,2.8183829312644493e-11,1.2007874302964285,1.200734167349278,1.2003588912775487
N4096_eta01,0.0001,0.0,3.019951720402019e-11,1.2427654778858952,1.2428635116684856,1.2424619907164807
N4096_eta01,0.0001,0.0,3.235936569296281e-11,1.2865289607756278,1.2864655666989713,1.2860359498642642
N4096_eta01,0.0001,0.0,3.467368504525317e-11,1.331577718436411,1.3315912002270258,1.3311315065728517
N4096_eta01,0.0001,0.0,3.715352290971728e-11,1.378322492562407,1.37829296983111,1.3778010782897394
N4096_eta01,0.0001,0.0,3.9810717055349695e-11,1.4265652332225836,1.426625170138918,1.4260988098683218
N4096_eta01,0.0001,0.0,4.2657951880159254e-11,1.4766772781245558,1.4766438814506968,1.47608062184892
N4096_eta01,0.0001,0.0,4.570881896148752e-11,1.5284425087478823,1.5284070193856283,1.5278042590977539
N4096_eta01,0.0001,0.0,4.897788193684457e-11,1.581896365468872,1.5819743859919322,1.5813293396736068
N4096_eta01,0.0001,0.0,5.2480746024977236e-11,1.637456443175564,1.6374077168970524,1.6367174037723442
N4096_eta01,0.0001,0.0,5.6234132519034906e-11,1.6947521405532615,1.694770733121138,1.6940319625776457
N4096_eta01,0.0001,0.0,6.025595860743569e-11,1.7542077354801737,1.7541291887284132,1.7533385468222207
N4096_eta01,0.0001,0.0,6.456542290346562e-11,1.8154102649613195,1.815550922397893,1.814704754836776
N4096_eta01,0.0001,0.0,6.918309709189364e-11,1.8791945048223284,1.8791059032889166,1.8782002998342981
N4096_eta01,0.0001,0.0,7.413102413009162e-11,1.9448590658182408,1.9448662789557463,1.943897056144167
N4096_eta01,0.0001,0.0,7.943282347242822e-11,2.0129135845093225,2.0129064233106884,2.011869104073995
N4096_eta01,0.0001,0.0,8.511380382023759e-11,2.0832591899561708,2.083302977691692,2.082192773036754
N4096_eta01,0.0001,0.0,9.120108393559097e-11,2.1561594585929846,2.1561348955615673,2.1549466825361
N4096_eta01,0.0001,0.0,9.772372209558111e-11,2.231556764705471,2.231483482425291,2.2302117805534194
N4096_eta01,0.0001,0.0,1.0471285480508986e-10,2.3092811735504357,2.309432430500879,2.30807137882607
N4096_eta01,0.0001,0.0,1.1220184543019632e-10,2.390169712663029,2.3900678540165994,2.3886111844463436
N4096_eta01,0.0001,0.0,1.2022644346174132e-10,2.4734442134668537,2.4734783167457395,2.471919327145084
N4096_eta01,0.0001,0.0,1.2882495516931322e-10,2.5598562029929455,2.5597548568528277,2.558086381551836
N4096_eta01,0.0001,0.0,1.3803842646028838e-10,2.648809745045233,2.648991004655745,2.647205383644265
N4096_eta01,0.0001,0.0,1.479108388168207e-10,2.7413937794469536,2.7412827945109974,2.739371840513096
N4096_eta01,0.0001,0.0,1.5848931924611142e-10,2.8367439976008657,2.8367287687848015,2.8346837324742085
N4096_eta01,0.0001,0.0,1.6982436524617427e-10,2.9353780960788582,2.935429973273001,2.9332415064563166
N4096_eta01,0.0001,0.0,1.8197008586099827e-10,3.0374948966220905,3.0374899434436435,3.0351480594801634
N4096_eta01,0.0001,0.0,1.9498445997580455e-10,3.1430168222140704,3.1430146777749646,3.140508710922938
N4096_eta01,0.0001,0.0,2.0892961308540407e-10,3.2522426684172396,3.2521126008284167,3.2494311621289707
N4096_eta01,0.0001,0.0,2.2387211385683377e-10,3.364638197431126,3.364894510893668,3.3620254417841338
N4096_eta01,0.0001,0.0,2.3988329190194897e-10,3.481648198789334,3.481473511263715,3.478403835316375
N4096_eta01,0.0001,0.0,2.570395782768865e-10,3.601918717602777,3.6019649248306633,3.5986807964177476
N4096_eta01,0.0001,0.0,2.7542287033381637e-10,3.726589990971415,3.7264861883629017,3.722972838604106
N4096_eta01,0.0001,0.0,2.951209226666384e-10,3.854957477111162,3.8551567241336504,3.851398404536821
N4096_eta01,0.0001,0.0,3.1622776601683795e-10,3.98821764013778,3.9880977874035928,3.984077710626208
N4096_eta01,0.0001,0.0,3.3884415613920275e-10,4.125498954560295,4.125432286513277,4.121132564219512
N4096_eta01,0.0001,0.0,3.6307805477010104e-10,4.267112860038377,4.2672845724385,4.262686150446812
N4096_eta01,0.0001,0.0,3.890451449942805e-10,4.413884752638573,4.413780194178703,4.408862785557245
N4096_eta01,0.0001,0.0,4.168693834703355e-10,4.565008383044983,4.565045618838665,4.55978763332629
N4096_eta01,0.0001,0.0,4.4668359215096254e-10,4.721408748278855,4.721207908773534,4.715586380854251
N4096_eta01,0.0001,0.0,4.78630092322638e-10,4.88201011411728,4.882394355997816,4.8763848698077945
N4096_eta01,0.0001,0.0,5.128613839913648e-10,5.048991645318464,5.048732066491666,5.042308678884049
N4096_eta01,0.0001,0.0,5.495408738576249e-10,5.220307034649024,5.220347491180945,5.213482653003094
N4096_eta01,0.0001,0.0,5.888436553555885e-10,5.3974154758013935,5.397365898616161,5.3900303744640965
N4096_eta01,0.0001,0.0,6.30957344480193e-10,5.579754886111324,5.579910784355099,5.572073571038471
N4096_eta01,0.0001,0.0,6.760829753919819e-10,5.7682011868755945,5.768103210946239,5.7597314557267385
N4096_eta01,0.0001,0.0,7.244359600749892e-10,5.9622220406330415,5.962061074365893,5.953119992682032
N4096_eta01,0.0001,0.0,7.762471166286911e-10,6.161522642321588,6.161898289226235,6.15235108361253
N4096_eta01,0.0001,0.0,8.31763771102671e-10,6.36799427195759,6.367723888331119,6.3575316688280425
N4096_eta01,0.0001,0.0,8.91250938133746e-10,6.5795511500636294,6.579641030048697,6.568762737007006
N4096_eta01,0.0001,0.0,9.54992586021435e-10,6.798003892800527,6.797745906879596,6.786138237743607
N4096_eta01,0.0001,0.0,1.0232929922807536e-09,7.02163214990836,7.022126550201547,7.009743891009731
N4096_eta01,0.0001,0.0,1.0964781961431852e-09,7.253192491518986,7.252861524092783,7.2396558878523845
N4096_eta01,0.0001,0.0,1.1748975549395278e-09,7.490028195294966,7.490018503661011,7.475939476968526
N4096_eta01,0.0001,0.0,1.2589254117941663e-09,7.733532003247332,7.733652732770845,7.718647432280567
N4096_eta01,0.0001,0.0,1.3489628825916533e-09,7.983812951428073,7.983805355750833,7.967818397307141
N4096_eta01,0.0001,0.0,1.445439770745928e-09,8.240525888616366,8.240501620462387,8.223475103015664
N4096_eta01,0.0001,0.0,1.5488166189124799e-09,8.504047515773983,8.503748950504146,8.48562245698992
N4096_eta01,0.0001,0.0,1.6595869074375598e-09,8.772876044476082,8.77353488423314,8.754245503183403
N4096_eta01,0.0001,0.0,1.778279410038923e-09,9.050319463963323,9.049824883007528,9.029307253293826
N4096_eta01,0.0001,0.0,1.9054607179632444e-09,9.332426477923297,9.332560010398058,9.3107463929253
N4096_eta01,0.0001,0.0,2.0417379446695276e-09,9.62188297593076,9.621654488384383,9.598474868236636
N4096_eta01,0.0001,0.0,2.187761623949552e-09,9.916505366660232,9.916993138901644,9.892375361743744
N4096_eta01,0.0001,0.0,2.344228815319923e-09,10.218763190426962,10.218428722558627,10.192298669379532
N4096_eta01,0.0001,0.0,2.511886431509577e-09,10.52591657773391,10.525779190619534,10.498060994839403
N4096_eta01,0.0001,0.0,2.6915348039269142e-09,10.838355481666888,10.838824870270935,10.809441181667687
N4096_eta01,0.0001,0.0,2.884031503126606e-09,11.157652680061872,11.157305609127711,11.126177908469083
N4096_eta01,0.0001,0.0,3.0902954325135923e-09,11.480807756348863,11.480917909425337,11.447966878041747
N4096_eta01,0.0001,0.0,3.3113112148259078e-09,11.809741217546426,11.809312089082022,11.774458037085454
N4096_eta01,0.0001,0.0,3.5481338923357537e-09,12.141164326517417,12.142089512576291,12.105252869372388
N4096_eta01,0.0001,0.0,3.8018939632056126e-09,12.479504352236493,12.478799942015497,12.439901811782194
N4096_eta01,0.0001,0.0,4.073802778041122e-09,12.818823965740169,12.818939064867633,12.777901849263756
N4096_eta01,0.0001,0.0,4.365158322401657e-09,13.161932903001357,13.161946262052755,13.118694351417922
N4096_eta01,0.0001,0.0,4.6773514128719815e-09,13.506996729703424,13.50720268671081,13.461663219782363
N4096_eta01,0.0001,0.0,5.0118723362727255e-09,13.854224391137551,13.854029729940727,13.806133420777202
N4096_eta01,0.0001,0.0,5.370317963702522e-09,14.20203138277374,14.201687955151714,14.151369984329484
N4096_eta01,0.0001,0.0,5.754399373371567e-09,14.548408440160722,14.549376586809974,14.496577552084851
N4096_eta01,0.0001,0.0,6.165950018614823e-09,14.89706103113522,14.896233641950058,14.84090056144775
N4096_eta01,0.0001,0.0,6.606934480075952e-09,15.241074130885202,15.241336793310564,15.183424152053341
N4096_eta01,0.0001,0.0,7.0794578438413736e-09,15.584109931492534,15.583705051083022,15.523175879239036
N4096_eta01,0.0001,0.0,7.585775750291836e-09,15.921379343730655,15.922301345523767,15.859128314234221
N4096_eta01,0.0001,0.0,8.128305161640994e-09,16.25676512728509,16.256036084823876,16.190202602738715
N4096_eta01,0.0001,0.0,8.709635899560797e-09,16.583799775140033,16.58377175055279,16.51527304199057
N4096_eta01,0.0001,0.0,9.332543007969905e-09,16.90378024705936,16.9043285780015,16.833172721104045
N4096_eta01,0.0001,0.0,1e-08,17.21692938621995,17.21649134893802,17.142700250289124
N4096_eta01,0.0001,0.0,1.0715193052376048e-08,17.518907598507532,17.519017301024657,17.442627581609752
N4096_eta01,0.0001,0.0,1.1481536214968818e-08,17.811158199161316,17.81064513109291,17.731708897457608
N4096_eta01,0.0001,0.0,1.2302687708123811e-08,18.088768160010417,18.090105039271364,18.00869051339169
N4096_eta01,0.0001,0.0,1.3182567385564074e-08,18.357321408271556,18.356129728119008,18.27232171013842
N4096_eta01,0.0001,0.0,1.4125375446227526e-08,18.607152783837847,18.607466237067364,18.52136637631408
N4096_eta01,0.0001,0.0,1.5135612484362072e-08,18.842938300109815,18.842888457690226,18.75461531000052
N4096_eta01,0.0001,0.0,1.62181009735893e-08,19.060829667643713,19.061210142374573,18.970898995042603
N4096_eta01,0.0001,0.0,1.7378008287493763e-08,19.261708103480753,19.261298188130883,19.169100638345977
N4096_eta01,0.0001,0.0,1.8620871366628656e-08,19.442347119367135,19.442085951150972,19.348169229103682
N4096_eta01,0.0001,0.0,1.995262314968879e-08,19.60143133848202,19.602586327317994,19.507132361312735
N4096_eta01,0.0001,0.0,2.1379620895022325e-08,19.74307198522111,19.741904320935753,19.64510854857416
N4096_eta01,0.0001,0.0,2.2908676527677703e-08,19.858826051134976,19.859248819556512,19.761318756188086
N4096_eta01,0.0001,0.0,2.4547089156850285e-08,19.954374566632826,19.953943298029294,19.855096880816397
N4096_eta01,0.0001,0.0,2.6302679918953814e-08,20.024291045456298,20.025435190064368,19.925898922926887
N4096_eta01,0.0001,0.0,2.818382931264455e-08,20.074387036270235,20.073303690680703,19.97331062181213
N4096_eta01,0.0001,0.0,3.0199517204020135e-08,20.09708583780373,20.09726578748694,19.99705335663461
N4096_eta01,0.0001,0.0,3.2359365692962815e-08,20.09665607551627,20.09718036150593,19.996988158615817
N4096_eta01,0.0001,0.0,3.467368504525317e-08,20.0735471290041,20.073050247748757,19.97311772762027
N4096_eta01,0.0001,0.0,3.7153522909717206e-08,20.0249161678125,20.025022199927122,19.925586399051525
N4096_eta01,0.0001,0.0,3.9810717055349696e-08,19.95377570840568,19.953384760272318,19.854678061963085
N4096_eta01,0.0001,0.0,4.265795188015926e-08,19.857229439722307,19.858564091966166,19.760812084234484
N4096_eta01,0.0001,0.0,4.5708818961487524e-08,19.74254830659897,19.741117885750853,19.64453735321469
N4096_eta01,0.0001,0.0,4.897788193684457e-08,19.601212103097602,19.60172750156397,19.506524588185993
N4096_eta01,0.0001,0.0,5.248074602497723e-08,19.441286288527124,19.441188548608487,19.347557122428437
N4096_eta01,0.0001,0.0,5.623413251903491e-08,19.259942671045756,19.260400141445185,19.168520386041944
N4096_eta01,0.0001,0.0,6.025595860743569e-08,19.06093070680229,19.06035309453219,18.970390344953245
N4096_eta01,0.0001,0.0,6.456542290346549e-08,18.84212615977494,18.842117332435386,18.754221166159578
N4096_eta01,0.0001,0.0,6.918309709189362e-08,18.60596466292807,18.606828797803317,18.52113238421055
N4096_eta01,0.0001,0.0,7.413102413009178e-08,18.35672007399777,18.355676134558315,18.27229583965899
N4096_eta01,0.0001,0.0,7.943282347242806e-08,18.089451631575002,18.08988741051207,18.008922647589113
N4096_eta01,0.0001,0.0,8.511380382023759e-08,17.811038960310558,17.810717123026357,17.732250434550604
N4096_eta01,0.0001,0.0,9.120108393559096e-08,17.518416676263342,17.5194337049218,17.44353105671494
N4096_eta01,0.0001,0.0,9.772372209558092e-08,17.218478545559762,17.217307717103843,17.144018982367836
N4096_eta01,0.0001,0.0,1.0471285480508985e-07,16.9051798991878,16.90560088105328,16.834960489528648
N4096_eta01,0.0001,0.0,1.122018454301963e-07,16.585396900446344,16.585556069889435,16.51758379604201
N4096_eta01,0.0001,0.0,1.202264434617413e-07,16.25846352789224,16.258388342582993,16.19309020628185
N4096_eta01,0.0001,0.0,1.2882495516931324e-07,15.925448982414238,15.925277073296812,15.862646326814364
N4096_eta01,0.0001,0.0,1.380384264602884e-07,15.587435746112364,15.58735919768962,15.52737737392923
N4096_eta01,0.0001,0.0,1.4791083881682074e-07,15.244928256467212,15.245723571105131,15.18836156957683
N4096_eta01,0.0001,0.0,1.584893192461111e-07,14.90244065124072,14.901406410280767,14.84662559941536
N4096_eta01,0.0001,0.0,1.6982436524617427e-07,14.554912790700996,14.555387770910622,14.503141087627366
N4096_eta01,0.0001,0.0,1.8197008586099827e-07,14.208800245028751,14.208588998001781,14.158822027970768
N4096_eta01,0.0001,0.0,1.9498445997580458e-07,13.861192763821792,13.861871074465599,13.8145230990777
N4096_eta01,0.0001,0.0,2.0892961308540366e-07,13.51690653693237,13.516033785473612,13.47103878407677
N4096_eta01,0.0001,0.0,2.2387211385683377e-07,13.171461427522864,13.171815611457822,13.129103209862624
N4096_eta01,0.0001,0.0,2.39883291901949e-07,12.829756716038963,12.829894260850594,12.789390619386626
N4096_eta01,0.0001,0.0,2.570395782768865e-07,12.490984879425056,12.49088775427818,12.452516390774711
N4096_eta01,0.0001,0.0,2.7542287033381637e-07,12.155495663105864,12.155355974564806,12.119038519468843
N4096_eta01,0.0001,0.0,2.9512092266663846e-07,11.82380194729818,11.823802601041693,11.789459483522789
N4096_eta01,0.0001,0.0,3.1622776601683797e-07,11.49616171636354,11.496677352025031,11.464228417273949
N4096_eta01,0.0001,0.0,3.3884415613920205e-07,11.175087579691896,11.174378465428951,11.143743524511924
N4096_eta01,0.0001,0.0,3.6307805477010105e-07,10.856926370538346,10.857255354123422,10.828354668662714
N4096_eta01,0.0001,0.0,3.890451449942805e-07,10.545760179281862,10.545611379468236,10.518366084143773
N4096_eta01,0.0001,0.0,4.1686938347033557e-07,10.239163143823491,10.239706693315298,10.214039159702939
N4096_eta01,0.0001,0.0,4.4668359215096253e-07,9.940518052367299,9.93976110542574,9.915595251061223
N4096_eta01,0.0001,0.0,4.786300923226381e-07,9.645583870154278,9.64595693961877,9.623218486402308
N4096_eta01,0.0001,0.0,5.128613839913648e-07,9.358511211033631,9.358441847932253,9.337058534094652
N4096_eta01,0.0001,0.0,5.495408738576237e-07,9.077051405376459,9.077331557568067,9.057233307428696
N4096_eta01,0.0001,0.0,5.888436553555884e-07,8.80319243349751,8.802712530386284,8.783831586064426
N4096_eta01,0.0001,0.0,6.309573444801931e-07,8.534407305681608,8.534644519185845,8.516915538294619
N4096_eta01,0.0001,0.0,6.760829753919819e-07,8.273090122153615,8.273163008969371,8.256523132137088
N4096_eta01,0.0001,0.0,7.244359600749892e-07,8.01828342592368,8.01828153483394,8.002670426689086
N4096_eta01,0.0001,0.0,7.762471166286911e-07,7.770207688476179,7.769993871115616,7.755353738130493
N4096_eta01,0.0001,0.0,8.31763771102671e-07,7.5281568444569125,7.5282760889418645,7.514551677281148
N4096_eta01,0.0001,0.0,8.912509381337442e-07,7.292933555882511,7.293088481471681,7.280227057734648
N4096_eta01,0.0001,0.0,9.54992586021435e-07,7.064519704750901,7.064377357853684,7.052328675344354
N4096_eta01,0.0001,0.0,1.0232929922807537e-06,6.842166274824203,6.84207670835759,6.83079296126373
N4096_eta01,0.0001,0.0,1.0964781961431828e-06,6.626034972985852,6.626109744256958,6.615545511880113
N4096_eta01,0.0001,0.0,1.1748975549395304e-06,6.416238193170346,6.416390316918608,6.406502499864484
N4096_eta01,0.0001,0.0,1.2589254117941661e-06,6.2129521622042,6.2128242211994555,6.203571971223308
N4096_eta01,0.0001,0.0,1.3489628825916506e-06,6.015417300912095,6.0153103887143615,6.006655033713022
N4096_eta01,0.0001,0.0,1.445439770745928e-06,5.823642268418526,5.823741976836988,5.815646942293245
N4096_eta01,0.0001,0.0,1.5488166189124796e-06,5.637929684780387,5.6380073594620175,5.630438087475177
N4096_eta01,0.0001,0.0,1.6595869074375565e-06,5.457974895305765,5.457991025610102,5.450914892491906
N4096_eta01,0.0001,0.0,1.7782794100389231e-06,5.283816448257514,5.283574391923969,5.276960625196856
N4096_eta01,0.0001,0.0,1.9054607179632443e-06,5.114461763972818,5.114636534994615,5.108456130503427
N4096_eta01,0.0001,0.0,2.0417379446695316e-06,4.951086681624227,4.951054849293976,4.945280489028445
N4096_eta01,0.0001,0.0,2.187761623949552e-06,4.792510818354069,4.7927056362835145,4.78731160740836
N4096_eta01,0.0001,0.0,2.344228815319918e-06,4.639802068936604,4.639464630029719,4.634426745529796
N4096_eta01,0.0001,0.0,2.5118864315095823e-06,4.491066904607031,4.491207464397146,4.486502985666952
N4096_eta01,0.0001,0.0,2.6915348039269138e-06,4.347816329294648,4.3478100866150635,4.343417648253151
N4096_eta01,0.0001,0.0,2.8840315031266e-06,4.209048618570039,4.209149121731182,4.205048658740477
N4096_eta01,0.0001,0.0,3.0902954325135923e-06,4.075088305734887,4.075102192181838,4.071274869725123
N4096_eta01,0.0001,0.0,3.311311214825908e-06,3.945790871954081,3.945548196424932,3.9419763422403187
N4096_eta01,0.0001,0.0,3.548133892335746e-06,3.820225379879873,3.820367550304233,3.8170345898477125
N4096_eta01,0.0001,0.0,3.801893963205613e-06,3.699448541705898,3.6994423945448385,3.696332788894377
N4096_eta01,0.0001,0.0,4.073802778041122e-06,3.58260211258849,3.5826567715186224,3.5797559580475684
N4096_eta01,0.0001,0.0,4.365158322401666e-06,3.4697974807155063,3.469896774170586,3.4671911099751584
N4096_eta01,0.0001,0.0,4.677351412871981e-06,3.3612614967543837,3.361050669759924,3.3585273778071345
N4096_eta01,0.0001,0.0,5.011872336272715e-06,3.256054342255525,3.256009000845938,3.253656118792792
N4096_eta01,0.0001,0.0,5.370317963702533e-06,3.1545503483227773,3.1546646657379385,3.1524709973606777
N4096_eta01,0.0001,0.0,5.754399373371567e-06,3.056914848996083,3.056912980430548,3.054868049592928
N4096_eta01,0.0001,0.0,6.16595001861481e-06,2.962646529971053,2.962651723860952,2.960745730943173
N4096_eta01,0.0001,0.0,6.606934480075964e-06,2.8716787838358555,2.8717811681529293,2.870004948857341
N4096_eta01,0.0001,0.0,7.079457843841373e-06,2.7841646810259535,2.7842040953528513,2.782549081798673
N4096_eta01,0.0001,0.0,7.585775750291821e-06,2.699944823256817,2.6998258020155803,2.698283986032462
N4096_eta01,0.0001,0.0,8.128305161640995e-06,2.618705363626776,2.6185540928627615,2.617117991391664
N4096_eta01,0.0001,0.0,8.709635899560797e-06,2.540359763194617,2.5402992646115266,2.5389618871212005
N4096_eta01,0.0001,0.0,9.332543007969886e-06,2.4649438954432887,2.464974080958363,2.463728898786195
N4096_eta01,0.0001,0.0,1e-05,2.39242499107357,2.3924937396001242,2.391334657127289
N4096_eta01,0.0001,0.0,1.071519305237605e-05,2.3227048578287075,2.3227758320813208,2.321697159654001
N4096_eta01,0.0001,0.0,1.1481536214968841e-05,2.2556779862299132,2.2557402971739062,2.2547367256845043
N4096_eta01,0.0001,0.0,1.230268770812381e-05,2.191253319459316,2.1913093684226093,2.1903759454674376
N4096_eta01,0.0001,0.0,1.3182567385564049e-05,2.129352251382587,2.1294075164245276,2.128539623957236
N4096_eta01,0.0001,0.0,1.4125375446227553e-05,2.069905061662835,2.06996138635691,2.069154719759989
N4096_eta01,0.0001,0.0,1.5135612484362071e-05,2.01285251543315,2.012899731220916,2.012150279720673
N4096_eta01,0.0001,0.0,1.6218100973589265e-05,1.958145230579023,1.9581533412318308,1.9574573695855333
N4096_eta01,0.0001,0.0,1.7378008287493764e-05,1.9057139526238402,1.9056549697577996,1.905009001144887
N4096_eta01,0.0001,0.0,1.8620871366628657e-05,1.855414914141156,1.8553392561889546,1.8547400562415552
N4096_eta01,0.0001,0.0,1.995262314968875e-05,1.807133315902568,1.8071426461073672,1.8065872080185437
N4096_eta01,0.0001,0.0,2.1379620895022326e-05,1.7609721849356796,1.761003309125024,1.7604888397763865
N4096_eta01,0.0001,0.0,2.29086765276777e-05,1.7168579448788432,1.7168610547617646,1.7163849618152005
N4096_eta01,0.0001,0.0,2.4547089156850235e-05,1.674629937827056,1.6746572467477219,1.6742171266489694
N4096_eta01,0.0001,0.0,2.6302679918953814e-05,1.6343914234357988,1.6343347161547304,1.6339283429994476
N4096_eta01,0.0001,0.0,2.8183829312644495e-05,1.5958100313782868,1.5958376737876754,1.5954629890034058
N4096_eta01,0.0001,0.0,3.0199517204020195e-05,1.5590919698608436,1.559111622299304,1.5587667250993205
N4096_eta01,0.0001,0.0,3.235936569296281e-05,1.5241499277052226,1.5241032685293519,1.5237864070968774
N4096_eta01,0.0001,0.0,3.467368504525309e-05,1.490748858423623,1.4907604366097316,1.4904699999732927
N4096_eta01,0.0001,0.0,3.715352290971728e-05,1.4590385610296601,1.459031982420451,1.4587664929832653
N4096_eta01,0.0001,0.0,3.9810717055349695e-05,1.428850343245357,1.4288677100238292,1.4286258167121075
N4096_eta01,0.0001,0.0,4.265795188015917e-05,1.4002298609247923,1.4002182907453689,1.3999987627421826
N4096_eta01,0.0001,0.0,4.570881896148752e-05,1.3730282184587561,1.3730351856057919,1.3728369066388244
N4096_eta01,0.0001,0.0,4.897788193684457e-05,1.3472918934376148,1.3472705718374116,1.3470925349903564
N4096_eta01,0.0001,0.0,5.2480746024977124e-05,1.3228678531217155,1.3228772742362784,1.3227185772550003
N4096_eta01,0.0001,0.0,5.623413251903491e-05,1.299802861189828,1.2998087021063853,1.2996685431721409
N4096_eta01,0.0001,0.0,6.025595860743569e-05,1.278008634060258,1.2780187925404043,1.2778964664835082
N4096_eta01,0.0001,0.0,6.456542290346563e-05,1.257469890632439,1.2574619607501925,1.2573568556784944
N4096_eta01,0.0001,0.0,6.918309709189364e-05,1.238110259221334,1.238093058107025,1.2380046524244528
N4096_eta01,0.0001,0.0,7.413102413009161e-05,1.219884026896651,1.219867338473936,1.2197951982652224
N4096_eta01,0.0001,0.0,7.943282347242822e-05,1.2027544296623982,1.2027404333095641,1.2026842100680792
N4096_eta01,0.0001,0.0,8.51138038202376e-05,1.1866727419398333,1.186668335893755,1.1866277645701246
N4096_eta01,0.0001,0.0,9.120108393559079e-05,1.1716013502966949,1.1716073948705499,1.1715822922205463
N4096_eta01,0.0001,0.0,9.772372209558111e-05,1.1575090239324601,1.1575143171259363,1.1575045803368365
N4096_eta01,0.0001,0.0,0.00010471285480508985,1.1443512186032463,1.1443461798186867,1.1443517853940488
N4096_eta01,0.0001,0.0,0.00011220184543019607,1.1320577517322548,1.1320604511672951,1.1320814540507294
N4096_eta01,0.0001,0.0,0.00012022644346174132,1.1206118586570926,1.1206150193698454,1.120651552288947
N4096_eta01,0.0001,0.0,0.00012882495516931323,1.109966231014303,1.10996822880316,1.1100205018151215
N4096_eta01,0.0001,0.0,0.0001380384264602881,1.1000826354440325,1.1000789224201575,1.1001472226407145
N4096_eta01,0.0001,0.0,0.00014791083881682073,1.0909027192506535,1.0909064890476419,1.0909911805447434
N4096_eta01,0.0001,0.0,0.0001584893192461111,1.082407913543026,1.0824109140885367,1.082512437921346
N4096_eta01,0.0001,0.0,0.0001698243652461746,1.0745535714259051,1.074552831960037,1.074671706342414
N4096_eta01,0.0001,0.0,0.00018197008586099826,1.067296264107462,1.0672935784586595,1.0674303990239533
N4096_eta01,0.0001,0.0,0.00019498445997580418,1.0605972668140797,1.0605952411396171,1.0607506812801755
N4096_eta01,0.0001,0.0,0.00020892961308540412,1.054420176972156,1.054420705734486,1.0545955169845709
N4096_eta01,0.0001,0.0,0.00022387211385683378,1.0487311802395385,1.0487336966089447,1.0489287090334405
N4096_eta01,0.0001,0.0,0.0002398832919019485,1.043497407795024,1.043498809280375,1.0437149318235364
N4096_eta01,0.0001,0.0,0.0002570395782768865,1.0386845329779844,1.0386815330702046,1.0389197538083472
N4096_eta01,0.0001,0.0,0.00027542287033381635,1.0342461427458447,1.0342482620527118,1.034509648281966
N4096_eta01,0.0001,0.0,0.0002951209226666378,1.030168755929,1.030166292573901,1.030451990648444
N4096_eta01,0.0001,0.0,0.000316227766016838,1.0264019483735378,1.0264038057427458,1.026715040559968
N4096_eta01,0.0001,0.0,0.0003388441561392021,1.0229303201942737,1.0229298334338686,1.0232679074401976
N4096_eta01,0.0001,0.0,0.0003630780547701003,1.0197160074645029,1.0197142064766878,1.0200804980408211
N4096_eta01,0.0001,0.0,0.0003890451449942805,1.0167272387783457,1.0167274838330136,1.017123444801459
N4096_eta01,0.0001,0.0,0.0004168693834703347,1.0139397333975548,1.013940861675998,1.014368013888463
N4096_eta01,0.0001,0.0,0.0004466835921509635,1.011324814081075,1.0113260613731863,1.0117859918717893
N4096_eta01,0.0001,0.0,0.00047863009232263805,1.008854112952248,1.0088551954427507,1.0093495500584173
N4096_eta01,0.0001,0.0,0.0005128613839913639,1.0065001067538533,1.006500610595382,1.0070310855363704
N4096_eta01,0.0001,0.0,0.0005495408738576249,1.0042354439999117,1.0042347069992945,1.004803037999724
N4096_eta01,0.0001,0.0,0.0005888436553555884,1.0020308209662707,1.0020297329211365,1.0026376814309135
N4096_eta01,0.0001,0.0,0.0006309573444801918,0.999856816862592,0.9998575539152272,1.0005068897263019
N4096_eta01,0.0001,0.0,0.000676082975391982,0.9976890617827848,0.9976893957772444,0.9983818753843754
N4096_eta01,0.0001,0.0,0.0007244359600749892,0.995496356685253,0.9954955605728792,0.9962329004602934
N4096_eta01,0.0001,0.0,0.0007762471166286897,0.993244286246585,0.9932451152316663,0.9940289591611284
N4096_eta01,0.0001,0.0,0.000831763771102671,0.9909063859237489,0.9909055525050963,0.9917374317582129
N4096_eta01,0.0001,0.0,0.000891250938133744,0.988441866125382,0.9884424245808922,0.9893237099827545
N4096_eta01,0.0001,0.0,0.000954992586021437,0.9858189279441272,0.9858189503890833,0.9867507948179345
N4096_eta01,0.0001,0.0,0.0010232929922807535,0.982996250888732,0.9829955987111498,0.983978868688999
N4096_eta01,0.0001,0.0,0.001096478196143183,0.9799290781860142,0.9799296507067584,0.9809648455824944
N4096_eta01,0.0001,0.0,0.0011748975549395304,0.9765743015496685,0.9765747475140321,0.9776619047128376
N4096_eta01,0.0001,0.0,0.0012589254117941662,0.9728808814924157,0.9728804312826647,0.9740190161295005
N4096_eta01,0.0001,0.0,0.0013489628825916506,0.9687923569957089,0.9687916914966306,0.9699804702618637
N4096_eta01,0.0001,0.0,0.0014454397707459282,0.9642488025691508,0.9642485328663064,0.9654854279726509
N4096_eta01,0.0001,0.0,0.0015488166189124796,0.9591854584670618,0.95918558653378,0.9604675133609085
N4096_eta01,0.0001,0.0,0.0016595869074375565,0.9535314467986555,0.9535317929144292,0.9548544784071193
N4096_eta01,0.0001,0.0,0.001778279410038923,0.9472097649456581,0.9472101921896924,0.9485679765928647
N4096_eta01,0.0001,0.0,0.0019054607179632445,0.9401374373732753,0.9401378671398062,0.9415234917298225
N4096_eta01,0.0001,0.0,0.0020417379446695232,0.9322257178417713,0.9322260923356818,0.933630478069155
N4096_eta01,0.0001,0.0,0.002187761623949552,0.9233805043673454,0.9233807530940716,0.924792777712828
N4096_eta01,0.0001,0.0,0.002344228815319918,0.9135030730301495,0.9135031060673926,0.9149093904021334
N4096_eta01,0.0001,0.0,0.002511886431509582,0.902491207856997,0.902490959456169,0.9038756774140682
N4096_eta01,0.0001,0.0,0.0026915348039269144,0.8902408144792888,0.8902403526362688,0.8915850834852345
N4096_eta01,0.0001,0.0,0.0028840315031266,0.8766481917880288,0.8766478099874009,0.8779314557584512
N4096_eta01,0.0001,0.0,0.003090295432513592,0.8616131932479754,0.861613228962743,0.8628120235871743
N4096_eta01,0.0001,0.0,0.003311311214825908,0.8450430422707017,0.8450434348610885,0.8461310743271255
N4096_eta01,0.0001,0.0,0.003548133892335746,0.8268561294120768,0.8268563916067341,0.8278043150331462
N4096_eta01,0.0001,0.0,0.0038018939632056127,0.8069862187515547,0.8069859974808153,0.8077638464808207
N4096_eta01,0.0001,0.0,0.0040738027780411225,0.7853876585650278,0.785387317690024,0.7859635946426653
N4096_eta01,0.0001,0.0,0.004365158322401648,0.7620418425137381,0.7620420156897783,0.7623849496743149
N4096_eta01,0.0001,0.0,0.004677351412871981,0.7369633607417476,0.7369636503545923,0.7370422622051959
N4096_eta01,0.0001,0.0,0.005011872336272715,0.7102026138083107,0.7102024191744432,0.7099877549496475
N4096_eta01,0.0001,0.0,0.005370317963702533,0.6818490706671805,0.6818488655192112,0.6813153424352719
N4096_eta01,0.0001,0.0,0.005754399373371567,0.6520357745122813,0.6520360495347151,0.6511628331958413
N4096_eta01,0.0001,0.0,0.006165950018614809,0.6209397106423683,0.6209397246170352,0.6197120354193054
N4096_eta01,0.0001,0.0,0.006606934480075964,0.5887764242537566,0.58877617531281,0.5871864099233803
N4096_eta01,0.0001,0.0,0.007079457843841374,0.555797366494039,0.5557975570797555,0.5538461120921949
N4096_eta01,0.0001,0.0,0.007585775750291821,0.5222847783605404,0.522284817947782,0.5199805196495333
N4096_eta01,0.0001,0.0,0.008128305161640995,0.4885387446876405,0.48853854621541265,0.48589862256583455
N4096_eta01,0.0001,0.0,0.008709635899560796,0.45486816272229613,0.4548683358183669,0.45191791067989395
N4096_eta01,0.0001,0.0,0.009332543007969887,0.4215814745562579,0.42158144858824764,0.41835258758980026
N4096_eta01,0.0001,0.0,0.01,0.38897175530656697,0.3889716449871321,0.38550202916557796
N4096_eta01,1e-06,0.0,1e-16,225.67609642748172,225.68245483385886,225.55240577732422
N4096_eta01,1e-06,0.0,1.0715193052376047e-16,233.58721521566414,233.56463557205652,233.42555423180082
N4096_eta01,1e-06,0.0,1.148153621496884e-16,241.7542375548393,241.71845153249242,241.5695963278153
N4096_eta01,1e-06,0.0,1.2302687708123811e-16,250.15285611261592,250.15288592228123,249.99342542022538
N4096_eta01,1e-06,0.0,1.3182567385564046e-16,258.8262818060528,258.8767777951993,258.7061799849217
N4096_eta01,1e-06,0.0,1.4125375446227554e-16,267.8542775202001,267.8997582020646,267.7172450563186
N4096_eta01,1e-06,0.0,1.5135612484362072e-16,277.2407301453633,277.2315766865034,277.0362529658578
N4096_eta01,1e-06,0.0,1.621810097358933e-16,286.9219728081412,286.88212841344017,286.6730832814199
N4096_eta01,1e-06,0.0,1.7378008287493762e-16,296.8808784720069,296.8616515268371,296.637861836892
N4096_eta01,1e-06,0.0,1.8620871366628656e-16,307.16610077541975,307.18032785927363,306.9409587296227
N4096_eta01,1e-06,0.0,1.9952623149688827e-16,317.8273299241067,317.8491720024316,317.59298515089023
N4096_eta01,1e-06,0.0,2.1379620895022324e-16,328.8865863302171,328.8790388600425,328.60478890092503
N4096_eta01,1e-06,0.0,2.29086765276777e-16,340.3287571507051,340.28078724146553,339.9874484252854
N4096_eta01,1e-06,0.0,2.4547089156850334e-16,352.10459041563803,352.0661812228837,351.75226519348234
N4096_eta01,1e-06,0.0,2.6302679918953815e-16,364.21165177459824,364.24647028486413,363.91075422367123
N4096_eta01,1e-06,0.0,2.818382931264449e-16,376.75161696908026,376.8338609434793,376.47463253887673
N4096_eta01,1e-06,0.0,3.0199517204020193e-16,389.80495888631543,389.8399974203811,389.45580532061854
N4096_eta01,1e-06,0.0,3.235936569296281e-16,403.3176532823328,403.27730373032006,402.86634950493794
N4096_eta01,1e-06,0.0,3.4673685045253096e-16,417.20880624588165,417.158069241143,416.71849454372233
N4096_eta01,1e-06,0.0,3.7153522909717274e-16,431.5000879537702,431.4947006266226,431.02460003086713
N4096_eta01,1e-06,0.0,3.981071705534969e-16,446.268409202556,446.2997762724764,445.7971298683719
N4096_eta01,1e-06,0.0,4.265795188015934e-16,461.5662998248659,461.5860599920494,461.04862262198634
N4096_eta01,1e-06,0.0,4.570881896148752e-16,477.4042027517797,477.3662543723343,476.79165768963446
N4096_eta01,1e-06,0.0,4.897788193684456e-16,493.7306308241584,493.653098145542,493.03881687890936
N4096_eta01,1e-06,0.0,5.248074602497734e-16,510.4784543184617,510.4592003861413,509.8026409625321
N4096_eta01,1e-06,0.0,5.623413251903491e-16,527.7063439922185,527.7971747391805,527.0955807533741
N4096_eta01,1e-06,0.0,6.025595860743569e-16,545.5745981040444,545.679608906187,544.9299422137896
N4096_eta01,1e-06,0.0,6.456542290346563e-16,564.1160900480784,564.1187173904655,563.3178250881897
N4096_eta01,1e-06,0.0,6.918309709189362e-16,583.2021774174203,583.1265615059046,582.2710545237661
N4096_eta01,1e-06,0.0,7.413102413009161e-16,602.764504368283,602.7147445103564,601.8011051228656
N4096_eta01,1e-06,0.0,7.943282347242821e-16,622.8753281283731,622.8944531707207,621.9190168526605
N4096_eta01,1e-06,0.0,8.511380382023759e-16,643.6284605050553,643.676595900333,642.6353022248032
N4096_eta01,1e-06,0.0,9.120108393559115e-16,665.0701298175186,665.0711627958898,663.9598441510138
N4096_eta01,1e-06,0.0,9.77237220955811e-16,687.1759598078856,687.0874739654414,685.9017838815695
N4096_eta01,1e-06,0.0,1.0471285480508984e-15,709.8336039615318,709.734168647772,708.4693984445963
N4096_eta01,1e-06,0.0,1.1220184543019653e-15,732.9851643771995,733.0186523051239,731.6699670266837
N4096_eta01,1e-06,0.0,1.2022644346174132e-15,756.7872802016898,756.9473740892792,755.5096257723754
N4096_eta01,1e-06,0.0,1.2882495516931322e-15,781.4201627804875,781.5253430133464,779.9932105340638
N4096_eta01,1e-06,0.0,1.3803842646028866e-15,806.8060581714003,806.7562682142633,805.1240871776737
N4096_eta01,1e-06,0.0,1.4791083881682072e-15,832.747126810824,832.6420671796826,830.9039691466328
N4096_eta01,1e-06,0.0,1.584893192461111e-15,859.2156787821692,859.1828349449623,857.3327221103101
N4096_eta01,1e-06,0.0,1.6982436524617459e-15,886.3237453281665,886.3766740786064,884.4081556770232
N4096_eta01,1e-06,0.0,1.8197008586099823e-15,914.1616724724549,914.2193649456668,912.1258023396982
N4096_eta01,1e-06,0.0,1.9498445997580415e-15,942.7481644441045,942.7041075083814,940.4786840479818
N4096_eta01,1e-06,0.0,2.0892961308540407e-15,971.9777551546255,971.8214464103364,969.4570670676387
N4096_eta01,1e-06,0.0,2.2387211385683378e-15,1001.6562934194443,1001.5588427821818,999.0482060999007
N4096_eta01,1e-06,0.0,2.3988329190194848e-15,1031.77778408244,1031.9004044439382,1029.2360789926856
N4096_eta01,1e-06,0.0,2.5703957827688644e-15,1062.6006882623356,1062.8267650091018,1060.0011137843362
N4096_eta01,1e-06,0.0,2.754228703338163e-15,1094.2391303675884,1094.3146882186334,1091.319910279729
N4096_eta01,1e-06,0.0,2.95120922666639e-15,1126.4480247181123,1126.3367625672709,1123.1649588675978
N4096_eta01,1e-06,0.0,3.1622776601683794e-15,1158.9805007356201,1158.8610940295093,1155.5043598442246
N4096_eta01,1e-06,0.0,3.38844156139202e-15,1191.850621940663,1191.851219436164,1188.3015471077197
N4096_eta01,1e-06,0.0,3.630780547701017e-15,1225.1729970868569,1225.2655695491908,1221.515020720993
N4096_eta01,1e-06,0.0,3.890451449942805e-15,1259.0058801987625,1259.0573734799207,1255.0980934996317
N4096_eta01,1e-06,0.0,4.168693834703347e-15,1293.2952689641197,1293.1743584143567,1288.9986574484894
N4096_eta01,1e-06,0.0,4.466835921509635e-15,1327.7885711322028,1327.5585982576317,1323.1589765289382
N4096_eta01,1e-06,0.0,4.78630092322638e-15,1362.2063942384912,1362.1462142873052,1357.5155128644449
N4096_eta01,1e-06,0.0,5.128613839913658e-15,1396.6329228432596,1396.867373961063,1391.9987940573833
N4096_eta01,1e-06,0.0,5.495408738576247e-15,1431.376149380343,1431.6461256748553,1426.5333297625068
N4096_eta01,1e-06,0.0,5.888436553555883e-15,1466.378040958668,1466.4003292575276,1461.0375860059776
N4096_eta01,1e-06,0.0,6.309573444801943e-15,1501.2064730045631,1501.0417835454207,1495.4240259133044
N4096_eta01,1e-06,0.0,6.760829753919819e-15,1535.5899390319062,1535.476270550763,1529.5992254732014
N4096_eta01,1e-06,0.0,7.244359600749891e-15,1569.5565531496497,1569.603816421125,1563.4640726745497
N4096_eta01,1e-06,0.0,7.762471166286926e-15,1603.1862653578178,1603.3188926548698,1596.9140577693609
N4096_eta01,1e-06,0.0,8.317637711026708e-15,1636.4870397845016,1636.5108767403772,1629.8396614991445
N4096_eta01,1e-06,0.0,8.91250938133744e-15,1669.2864990341013,1669.0645125643948,1662.1268468457192
N4096_eta01,1e-06,0.0,9.549925860214368e-15,1701.1516402563366,1700.8605284652826,1693.6576582110495
N4096_eta01,1e-06,0.0,1.0232929922807536e-14,1731.769094394615,1731.7763315048205,1724.3109298894415
N4096_eta01,1e-06,0.0,1.096478196143185e-14,1761.349914719957,1761.686885253385,1753.96310328139
N4096_eta01,1e-06,0.0,1.1748975549395302e-14,1790.1872509634084,1790.4655826188612,1782.4891495446263
N4096_eta01,1e-06,0.0,1.258925411794166e-14,1818.02105417987,1817.985314210803,1809.763591339888
N4096_eta01,1e-06,0.0,1.3489628825916533e-14,1844.3126889306322,1844.1195989394992,1835.6616140859228
N4096_eta01,1e-06,0.0,1.4454397707459277e-14,1868.8322199725383,1868.743784927217,1860.0602537931723
N4096_eta01,1e-06,0.0,1.5488166189124793e-14,1891.636649132879,1891.7363135070989,1882.8396452228942
N4096_eta01,1e-06,0.0,1.6595869074375597e-14,1912.8150897323883,1912.9800519230346,1903.8843109598474
N4096_eta01,1e-06,0.0,1.7782794100389227e-14,1932.3856687084453,1932.3635981331317,1923.0844691457896
N4096_eta01,1e-06,0.0,1.905460717963244e-14,1950.1025544250233,1949.7826341690713,1940.3373352546157
N4096_eta01,1e-06,0.0,2.0417379446695316e-14,1965.4588100960996,1965.1412084641343,1955.5483915497896
N4096_eta01,1e-06,0.0,2.1877616239495518e-14,1978.2712002946942,1978.3529745574883,1968.6325968858612
N4096_eta01,1e-06,0.0,2.3442288153199227e-14,1988.9525503819125,1989.3423318304058,1979.5155094079068
N4096_eta01,1e-06,0.0,2.511886431509582e-14,1997.7998015590967,1998.0454620114635,1988.1342955382831
N4096_eta01,1e-06,0.0,2.6915348039269138e-14,2004.4901413847772,2004.411217983175,1994.4386004484043
N4096_eta01,1e-06,0.0,2.8840315031266054e-14,2008.5893969601661,2008.401847875054,1998.3912579734522
N4096_eta01,1e-06,0.0,3.090295432513592e-14,2010.0423530641042,2009.9935376242597,1999.9688215673848
N4096_eta01,1e-06,0.0,3.311311214825908e-14,2009.0310403468868,2009.1767571933804,1999.1619022914826
N4096_eta01,1e-06,0.0,3.548133892335753e-14,2005.7793898420068,2005.9563995247245,1995.9753048139905
N4096_eta01,1e-06,0.0,3.8018939632056127e-14,2000.4269565697055,2000.351708737348,1990.4279577673844
N4096_eta01,1e-06,0.0,4.073802778041122e-14,1992.7714876345824,1992.3959988362817,1982.5526403357774
N4096_eta01,1e-06,0.0,4.365158322401656e-14,1982.4253914667424,1982.136178917891,1972.39551239039
N4096_eta01,1e-06,0.0,4.6773514128719814e-14,1969.4918443331574,1969.6320760489655,1960.0154606234337
N4096_eta01,1e-06,0.0,5.0118723362727144e-14,1954.5855493382064,1954.9556037924747,1945.4832777371669
N4096_eta01,1e-06,0.0,5.370317963702532e-14,1938.0127934771658,1938.1897707566688,1928.8806956447188
N4096_eta01,1e-06,0.0,5.754399373371566e-14,1919.5278931703413,1919.427568478749,1910.2992966941943
N4096_eta01,1e-06,0.0,6.165950018614822e-14,1898.9239541848826,1898.7707634132755,1889.8393290483928
N4096_eta01,1e-06,0.0,6.606934480075964e-14,1876.3316718446536,1876.3286159921197,1867.6084535017737
N4096_eta01,1e-06,0.0,7.079457843841373e-14,1852.0444858609,1852.2165638079202,1843.7204492073358
N4096_eta01,1e-06,0.0,7.585775750291835e-14,1826.3989418245606,1826.5548831510798,1818.2939050784607
N4096_eta01,1e-06,0.0,8.128305161640995e-14,1799.5929424240117,1799.4673705868568,1791.45092212301
N4096_eta01,1e-06,0.0,8.709635899560796e-14,1771.4460317960566,1771.0800568142147,1763.3158497869933
N4096_eta01,1e-06,0.0,9.332543007969904e-14,1741.7259601252106,1741.5199754045966,1734.0140766805564
N4096_eta01,1e-06,0.0,9.999999999999999e-14,1710.7411403084948,1710.9140061037526,1703.6708929860235
N4096_eta01,1e-06,0.0,1.0715193052376048e-13,1679.0948937772998,1679.387811163142,1672.4104385618598
N4096_eta01,1e-06,0.0,1.1481536214968841e-13,1646.9711421255124,1647.0648601615328,1640.3547474040365
N4096_eta01,1e-06,0.0,1.2302687708123812e-13,1614.1684459440999,1614.065575723974,1607.6228958379425
N4096_eta01,1e-06,0.0,1.3182567385564074e-13,1580.6112777157614,1580.5065763679395,1574.3302586998054
N4096_eta01,1e-06,0.0,1.4125375446227554e-13,1546.4608478457835,1546.5000388382186,1540.5878749137653
N4096_eta01,1e-06,0.0,1.5135612484362072e-13,1511.981904184649,1512.1531672573271,1506.501921342162
N4096_eta01,1e-06,0.0,1.6218100973589298e-13,1477.4654335811829,1477.5677723846472,1472.1732916225797
N4096_eta01,1e-06,0.0,1.7378008287493764e-13,1443.0029602861243,1442.8399529628443,1437.6972749240454
N4096_eta01,1e-06,0.0,1.8620871366628656e-13,1408.3605425061294,1408.0598653989186,1403.163328157047
N4096_eta01,1e-06,0.0,1.9952623149688787e-13,1373.410766668413,1373.311590161578,1368.654934142622
N4096_eta01,1e-06,0.0,2.1379620895022323e-13,1338.4970613865264,1338.6730717871196,1334.249537558159
N4096_eta01,1e-06,0.0,2.29086765276777e-13,1304.0212294878029,1304.2161267746424,1300.0185500968619
N4096_eta01,1e-06,0.0,2.454708915685028e-13,1269.9829022671004,1270.0065193272048,1266.0274161641275
N4096_eta01,1e-06,0.0,2.6302679918953815e-13,1236.1944472757014,1236.1040830408074,1232.3357305450866
N4096_eta01,1e-06,0.0,2.8183829312644487e-13,1202.618301179376,1202.56288973868,1198.9973997708157
N4096_eta01,1e-06,0.0,3.0199517204020193e-13,1169.3621229298444,1169.4314544658796,1166.0608393457132
N4096_eta01,1e-06,0.0,3.235936569296281e-13,1136.6085339364538,1136.7529667669194,1133.5691995375685
N4096_eta01,1e-06,0.0,3.467368504525316e-13,1104.5313944493996,1104.565546670485,1101.5606130411857
N4096_eta01,1e-06,0.0,3.7153522909717276e-13,1073.0777363482005,1072.902512912024,1070.068458476969
N4096_eta01,1e-06,0.0,3.981071705534969e-13,1041.9992871620207,1041.7926639390207,1039.121634352586
N4096_eta01,1e-06,0.0,4.265795188015925e-13,1011.2689443226831,1011.2605635433599,1008.7448387788188
N4096_eta01,1e-06,0.0,4.570881896148751e-13,981.1759818255306,981.3268273711941,978.9588508738382
N4096_eta01,1e-06,0.0,4.897788193684456e-13,951.9021542573453,952.0084066752477,949.78081040137
N4096_eta01,1e-06,0.0,5.248074602497723e-13,923.337450030972,923.318869327618,921.2244927590464
N4096_eta01,1e-06,0.0,5.62341325190349e-13,895.3362776041936,895.2686706877656,893.3005769579164
N4096_eta01,1e-06,0.0,6.025595860743569e-13,867.8789110377958,867.8654173004699,866.0169047094828
N4096_eta01,1e-06,0.0,6.456542290346562e-13,841.032156214662,841.114117688258,839.3787291616796
N4096_eta01,1e-06,0.0,6.918309709189363e-13,814.9176983323308,815.0174237283694,813.3889522003018
N4096_eta01,1e-06,0.0,7.413102413009162e-13,789.6013766472001,789.575857965937,788.048349559222
N4096_eta01,1e-06,0.0,7.943282347242822e-13,764.9450057375957,764.788027541707,763.3557832639868
N4096_eta01,1e-06,0.0,8.511380382023758e-13,740.7631015479197,740.6508269084376,739.3084011720249
N4096_eta01,1e-06,0.0,9.120108393559095e-13,717.1150542914198,717.159625113947,715.9018235724682
N4096_eta01,1e-06,0.0,9.77237220955811e-13,694.2002188013928,694.3084409841724,693.1303169731585
N4096_eta01,1e-06,0.0,1.0471285480508985e-12,672.048027727706,672.0901061434919,670.9869553354155
N4096_eta01,1e-06,0.0,1.122018454301963e-12,650.5306417493115,650.4964143189216,649.4637691224784
N4096_eta01,1e-06,0.0,1.2022644346174132e-12,629.5593021138504,629.5182598095967,628.5518826085544
N4096_eta01,1e-06,0.0,1.2882495516931321e-12,609.1292981182588,609.1457639074201,608.2416399554581
N4096_eta01,1e-06,0.0,1.3803842646028838e-12,589.2919704282372,589.3683908656191,588.5227206060285
N4096_eta01,1e-06,0.0,1.479108388168207e-12,570.1253673906663,570.1750534458955,569.3842445705351
N4096_eta01,1e-06,0.0,1.584893192461114e-12,551.6152302457772,551.554208926348,550.8148681967152
N4096_eta01,1e-06,0.0,1.6982436524617423e-12,533.6100828765694,533.4939460696909,532.8028710181138
N4096_eta01,1e-06,0.0,1.8197008586099825e-12,516.0206993136144,515.9820635710148,515.336234270982
N4096_eta01,1e-06,0.0,1.949844599758045e-12,498.9461743855088,499.0061410022384,498.4027116588578
N4096_eta01,1e-06,0.0,2.0892961308540406e-12,482.490027793806,482.5536020985154,481.98989292755147
N4096_eta01,1e-06,0.0,2.2387211385683375e-12,466.6071521112076,466.6117715938645,466.0852607928902
N4096_eta01,1e-06,0.0,2.3988329190194897e-12,451.2002806316343,451.1679259393752,450.676241740277
N4096_eta01,1e-06,0.0,2.5703957827688646e-12,436.2259130506629,436.2093381872767,435.75025118981506
N4096_eta01,1e-06,0.0,2.7542287033381634e-12,421.69078497382714,421.7233177564581,421.29473349416253
N4096_eta01,1e-06,0.0,2.951209226666384e-12,407.6400978257976,407.6972455034059,407.2971972090594
N4096_eta01,1e-06,0.0,3.162277660168379e-12,394.1115535013488,394.11860439494706,393.7452460490899
N4096_eta01,1e-06,0.0,3.3884415613920273e-12,381.0441423297002,380.97500624875113,380.6266059140841
N4096_eta01,1e-06,0.0,3.63078054770101e-12,368.3226198891564,368.2542149201933,367.92914834499754
N4096_eta01,1e-06,0.0,3.890451449942805e-12,355.9386239644548,355.94416629876883,355.6409107423102
N4096_eta01,1e-06,0.0,4.168693834703354e-12,343.9819977289439,344.0329852257947,343.7501136551875
N4096_eta01,1e-06,0.0,4.466835921509625e-12,332.4806733172361,332.50899996203333,332.2451754259173
N4096_eta01,1e-06,0.0,4.7863009232263794e-12,321.3723759378721,321.360754109982,321.1147244516519
N4096_eta01,1e-06,0.0,5.128613839913648e-12,310.5992979315076,310.57701649355255,310.34760930418673
N4096_eta01,1e-06,0.0,5.495408738576248e-12,300.14487653887,300.14678910248205,299.9329069285028
N4096_eta01,1e-06,0.0,5.888436553555884e-12,290.0237945383826,290.0593133193818,289.8599291220651
N4096_eta01,1e-06,0.0,6.30957344480193e-12,280.2720911243635,280.3040746109459,280.11822747935724
N4096_eta01,1e-06,0.0,6.7608297539198185e-12,270.8907698376399,270.8708058921891,270.6975969698726
N4096_eta01,1e-06,0.0,7.244359600749891e-12,261.80647679768316,261.74948963820066,261.5880783026636
N4096_eta01,1e-06,0.0,7.76247116628691e-12,252.95843813138305,252.9303589827302,252.77995921658865
N4096_eta01,1e-06,0.0,8.317637711026709e-12,244.38075938752027,244.40389784764577,244.2637748225046
N4096_eta01,1e-06,0.0,8.912509381337459e-12,236.12806881332796,236.16084024655325,236.0303071117599
N4096_eta01,1e-06,0.0,9.549925860214349e-12,228.18574266081447,228.19216888563653,228.07058373444312
N4096_eta01,1e-06,0.0,1.0232929922807536e-11,220.5037063763302,220.48911311384546,220.37587614081494
N4096_eta01,1e-06,0.0,1.0964781961431852e-11,213.05372329659534,213.04314635414923,212.93769717018876
N4096_eta01,1e-06,0.0,1.1748975549395277e-11,205.83323675901536,205.84598305287247,205.74779816313068
N4096_eta01,1e-06,0.0,1.258925411794166e-11,198.86075760200745,198.88957522046465,198.7981656651982
N4096_eta01,1e-06,0.0,1.3489628825916532e-11,192.15713635724282,192.16610865405082,192.081017783459
N4096_eta01,1e-06,0.0,1.445439770745928e-11,185.69795878375868,185.6679988654044,185.58880025066907
N4096_eta01,1e-06,0.0,1.5488166189124796e-11,179.42391311198583,179.38788676219775,179.3141822462204
N4096_eta01,1e-06,0.0,1.65958690743756e-11,173.32093165234218,173.31863415977801,173.25005201771344
N4096_eta01,1e-06,0.0,1.7782794100389227e-11,167.42988210808332,167.453319120288,167.38951234225743
N4096_eta01,1e-06,0.0,1.9054607179632443e-11,161.76946103318758,161.78523118345296,161.7258758622807
N4096_eta01,1e-06,0.0,2.0417379446695275e-11,156.31174944944092,156.30786650575232,156.25266032673682
N4096_eta01,1e-06,0.0,2.187761623949552e-11,151.02606302200394,151.0149229377761,150.96358376506328
N4096_eta01,1e-06,0.0,2.3442288153199227e-11,145.90120165423073,145.90029506566094,145.85255961805694
N4096_eta01,1e-06,0.0,2.511886431509577e-11,140.9418738130004,140.9580692341341,140.91369184696475
N4096_eta01,1e-06,0.0,2.6915348039269138e-11,136.1651772808869,136.1825185758498,136.14127003948883
N4096_eta01,1e-06,0.0,2.8840315031266056e-11,131.57467716645448,131.56809805385666,131.5297645290817
N4096_eta01,1e-06,0.0,3.090295432513592e-11,127.13659092120362,127.10943953916622,127.07382154180252
N4096_eta01,1e-06,0.0,3.3113112148259073e-11,122.81746959087998,122.80134693089136,122.76825838312742
N4096_eta01,1e-06,0.0,3.548133892335753e-11,118.62959270472363,118.63879133392483,118.60805867541438
N4096_eta01,1e-06,0.0,3.801893963205612e-11,114.60070403193345,114.61690629721305,114.58836765521094
N4096_eta01,1e-06,0.0,4.073802778041122e-11,110.72662790390609,110.73098312474715,110.7044875382357
N4096_eta01,1e-06,0.0,4.3651583224016564e-11,106.98306190778128,106.9764662645653,106.9518729586543
N4096_eta01,1e-06,0.0,4.677351412871981e-11,103.35471698123747,103.3489487802038,103.326126488192
N4096_eta01,1e-06,0.0,5.011872336272725e-11,99.83898723034157,99.84416790969271,99.82299423965569
N4096_eta01,1e-06,0.0,5.370317963702521e-11,96.44397644217116,96.45800071568308,96.43836155858769
N4096_eta01,1e-06,0.0,5.754399373371566e-11,93.18060289933803,93.18645982939162,93.1682488060067
N4096_eta01,1e-06,0.0,6.165950018614823e-11,90.03898431992965,90.02568929013458,90.00880723452002
N4096_eta01,1e-06,0.0,6.606934480075951e-11,86.99001473514238,86.97196048231994,86.95631495949105
N4096_eta01,1e-06,0.0,7.079457843841373e-11,84.02419223994441,84.02166817107937,84.00717302641993
N4096_eta01,1e-06,0.0,7.585775750291836e-11,81.16044822123557,81.17132663713642,81.15790157523209
N4096_eta01,1e-06,0.0,8.128305161640994e-11,78.40941776108183,78.41756590968654,78.40513610175803
N4096_eta01,1e-06,0.0,8.709635899560796e-11,75.75849970258298,75.75712809949589,75.7456238163355
N4096_eta01,1e-06,0.0,9.332543007969905e-11,73.19229367264336,73.18686382969061,73.1762200991488
N4096_eta01,1e-06,0.0,1e-10,70.70463554837491,70.703728764433,70.69388505165477
N4096_eta01,1e-06,0.0,1.0715193052376048e-10,68.29725869090787,68.30478023435141,68.29568014320517
N4096_eta01,1e-06,0.0,1.1481536214968816e-10,65.97838886555685,65.98717395745659,65.97876495177894
N4096_eta01,1e-06,0.0,1.230268770812381e-10,63.75058869977738,63.74816085387796,63.740393997563764
N4096_eta01,1e-06,0.0,1.3182567385564075e-10,61.59804861157525,61.58508395394539,61.57791366797916
N4096_eta01,1e-06,0.0,1.4125375446227525e-10,59.503704213155174,59.49537539654087,59.48875923261368
N4096_eta01,1e-06,0.0,1.5135612484362072e-10,57.472555078819646,57.47655351751585,57.47045194644371
N4096_eta01,1e-06,0.0,1.6218100973589297e-10,55.51835191816511,55.52622002514185,55.52059623962122
N4096_eta01,1e-06,0.0,1.7378008287493763e-10,53.63972787954846,53.642057261559785,53.63687699204709
N4096_eta01,1e-06,0.0,1.8620871366628656e-10,51.82492652340033,51.821825547995616,51.81705689089691
N4096_eta01,1e-06,0.0,1.9952623149688787e-10,50.06624176483049,50.06336061189972,50.05897386922457
N4096_eta01,1e-06,0.0,2.1379620895022322e-10,48.362188158642844,48.364571093855254,48.36053862374197
N4096_eta01,1e-06,0.0,2.29086765276777e-10,46.71662853682093,46.72343613264827,46.719732209852296
N4096_eta01,1e-06,0.0,2.4547089156850284e-10,45.13502870718634,45.138003026379025,45.13460371200692
N4096_eta01,1e-06,0.0,2.6302679918953814e-10,43.61274573846586,43.606384967286516,43.60326798745297
N4096_eta01,1e-06,0.0,2.818382931264455e-10,42.13550969534939,42.12675884890158,42.123903481442014
N4096_eta01,1e-06,0.0,3.019951720402013e-10,40.6985818460606,40.69736314318736,40.69475011198269
N4096_eta01,1e-06,0.0,3.235936569296281e-10,39.31124033057552,39.31649584579292,39.314107222233915
N4096_eta01,1e-06,0.0,3.4673685045253166e-10,37.97864457923941,37.98251248759212,37.98033159865619
N4096_eta01,1e-06,0.0,3.71535229097172e-10,36.69456716138454,36.693824210526195,36.69183555306088
N4096_eta01,1e-06,0.0,3.981071705534969e-10,35.451518565874856,35.4488959059579,35.44708506672497
N4096_eta01,1e-06,0.0,4.2657951880159254e-10,34.24654832842802,34.246244413647645,34.244597994767936
N4096_eta01,1e-06,0.0,4.5708818961487517e-10,33.08063934644374,33.08443677961568,33.08294232901816
N4096_eta01,1e-06,0.0,4.897788193684456e-10,31.957959012999,31.962088571022775,31.960734517630904
N4096_eta01,1e-06,0.0,5.248074602497723e-10,30.879442592995932,30.877862246500005,30.876637839753496
N4096_eta01,1e-06,0.0,5.623413251903491e-10,29.836856914531207,29.830465580065592,29.8293608335709
N4096_eta01,1e-06,0.0,6.025595860743568e-10,28.822241307698828,28.81865013714047,28.81765577610026
N4096_eta01,1e-06,0.0,6.456542290346549e-10,27.83887470326132,27.841209800936372,27.840317213141578
N4096_eta01,1e-06,0.0,6.918309709189362e-10,26.893305028180915,26.896979347676503,26.896180537830244
N4096_eta01,1e-06,0.0,7.413102413009177e-10,25.984085785617783,25.98483306914211,25.984120616274094
N4096_eta01,1e-06,0.0,7.943282347242805e-10,25.105343040785144,25.103683441038374,25.10305045879755
N4096_eta01,1e-06,0.0,8.511380382023759e-10,24.2536317093971,24.252479835697187,24.251919935353147
N4096_eta01,1e-06,0.0,9.120108393559096e-10,23.428579867663945,23.430207277755663,23.4297145336995
N4096_eta01,1e-06,0.0,9.772372209558091e-10,22.63254464105551,22.635885241386084,22.6354541589821
N4096_eta01,1e-06,0.0,1.0471285480508984e-09,21.867923754864115,21.86856648776596,21.868191973391983
N4096_eta01,1e-06,0.0,1.122018454301963e-09,21.131120830589026,21.127335941492177,21.127013274613972
N4096_eta01,1e-06,0.0,1.202264434617413e-09,20.415038524223466,20.411309604662293,20.411034411812793
N4096_eta01,1e-06,0.0,1.2882495516931322e-09,19.71918093794982,19.719633507412826,19.719401737942274
N4096_eta01,1e-06,0.0,1.3803842646028836e-09,19.048756234521964,19.05148269371069,19.051290597197504
N4096_eta01,1e-06,0.0,1.4791083881682072e-09,18.404831172585595,18.406060241270843,18.405904346465714
N4096_eta01,1e-06,0.0,1.5848931924611107e-09,17.783466558448932,17.782596314446298,17.782473409664945
N4096_eta01,1e-06,0.0,1.6982436524617425e-09,17.18144868395741,17.180347249042196,17.180254363893656
N4096_eta01,1e-06,0.0,1.8197008586099825e-09,16.597972446525116,16.598594667980368,16.598529056347353
N4096_eta01,1e-06,0.0,1.9498445997580453e-09,16.03434310815028,16.036644626803007,16.036603750989578
N4096_eta01,1e-06,0.0,2.0892961308540364e-09,15.492764619371728,15.493826788030043,15.493808303996854
N4096_eta01,1e-06,0.0,2.2387211385683377e-09,14.971730846953438,14.969493623412209,14.96949536702683
N4096_eta01,1e-06,0.0,2.3988329190194897e-09,14.465913722491631,14.463019643160333,14.463039617389333
N4096_eta01,1e-06,0.0,2.5703957827688646e-09,13.973863292401823,13.973800651239369,13.973837014228273
N4096_eta01,1e-06,0.0,2.7542287033381634e-09,13.499359629881416,13.501253025883752,13.50130407985108
N4096_eta01,1e-06,0.0,2.9512092266663842e-09,13.043833668467522,13.044813024465194,13.044877205369431
N4096_eta01,1e-06,0.0,3.162277660168379e-09,12.604512199870088,12.603936111925927,12.604011979841957
N4096_eta01,1e-06,0.0,3.3884415613920203e-09,12.17887187354397,12.178096311970748,12.178182542135007
N4096_eta01,1e-06,0.0,3.63078054770101e-09,11.766290415569205,11.766785580270211,11.766880954743126
N4096_eta01,1e-06,0.0,3.890451449942805e-09,11.367865167743153,11.369513198925146,11.36961659883517
N4096_eta01,1e-06,0.0,4.168693834703355e-09,10.985303155665065,10.98580519149103,10.98591558981535
N4096_eta01,1e-06,0.0,4.466835921509625e-09,10.617061855069522,10.615203757864276,10.615320212711747
N4096_eta01,1e-06,0.0,4.78630092322638e-09,10.259032172483241,10.257266728363557,10.257388376726798
N4096_eta01,1e-06,0.0,5.128613839913648e-09,9.91107776250371,9.911567036362532,9.911693088305968
N4096_eta01,1e-06,0.0,5.495408738576236e-09,9.576372049559925,9.577692208847898,9.57782194210134
N4096_eta01,1e-06,0.0,5.888436553555884e-09,9.2549993770356,9.255243874296365,9.255376629227134
N4096_eta01,1e-06,0.0,6.30957344480193e-09,8.944455262505938,8.94383728728445,8.943972462223845
N4096_eta01,1e-06,0.0,6.760829753919818e-09,8.643302023813597,8.643100869269452,8.643237916165855
N4096_eta01,1e-06,0.0,7.244359600749891e-09,8.351735811011023,8.352675764987005,8.352814185366315
N4096_eta01,1e-06,0.0,7.76247116628691e-09,8.071327424001629,8.072215413939162,8.072354755149854
N4096_eta01,1e-06,0.0,8.317637711026709e-09,7.802289940715438,7.801385136457252,7.801524988181227
N4096_eta01,1e-06,0.0,8.912509381337441e-09,7.541357263271749,7.5398617338433755,7.540001724853761
N4096_eta01,1e-06,0.0,9.54992586021435e-09,7.287196780212108,7.287333102107373,7.287472897257358
N4096_eta01,1e-06,0.0,1.0232929922807537e-08,7.042532654143257,7.043497858835775,7.043637156261009
N4096_eta01,1e-06,0.0,1.0964781961431828e-08,6.807926610019943,6.8080649827375215,6.808203511258962
N4096_eta01,1e-06,0.0,1.1748975549395302e-08,6.581215533848274,6.580753465431648,6.580890982143792
N4096_eta01,1e-06,0.0,1.2589254117941661e-08,6.361238039364001,6.361291975050572,6.3614282630830195
N4096_eta01,1e-06,0.0,1.3489628825916504e-08,6.14856943459938,6.149418531248352,6.149553397688337
N4096_eta01,1e-06,0.0,1.4454397707459279e-08,5.944785457493,5.9448801912142155,5.945013465179243
N4096_eta01,1e-06,0.0,1.5488166189124795e-08,5.7486019232863255,5.747432746304413,5.7475642771541
N4096_eta01,1e-06,0.0,1.6595869074375564e-08,5.557134562299794,5.556840428914737,5.55697008459284
N4096_eta01,1e-06,0.0,1.7782794100389228e-08,5.372155208565203,5.372875629229336,5.373003294726329
N4096_eta01,1e-06,0.0,1.9054607179632442e-08,5.1951994305917735,5.195318621489075,5.1954441974171734
N4096_eta01,1e-06,0.0,2.0417379446695314e-08,5.024295184334514,5.023957299433549,5.024080700706235
N4096_eta01,1e-06,0.0,2.1877616239495518e-08,4.858343375148207,4.858586920579631,4.858708075188458
N4096_eta01,1e-06,0.0,2.3442288153199178e-08,4.69843562347026,4.699009859007693,4.69912870688941
N4096_eta01,1e-06,0.0,2.511886431509582e-08,4.545652634147643,4.54503536633478,4.545151858322567
N4096_eta01,1e-06,0.0,2.6915348039269137e-08,4.396996878400914,4.396479340561467,4.39659343741427
N4096_eta01,1e-06,0.0,2.8840315031265998e-08,4.25262993588264,4.253164102485795,4.253275773990298
N4096_eta01,1e-06,0.0,3.090295432513592e-08,4.114880429682103,4.114918179384561,4.115027403524677
N4096_eta01,1e-06,0.0,3.311311214825908e-08,3.981780682122292,3.981576095667908,3.9816828578569163
N4096_eta01,1e-06,0.0,3.548133892335746e-08,3.852539191211985,3.8529781702184245,3.8530824625894993
N4096_eta01,1e-06,0.0,3.8018939632056126e-08,3.7290683250722294,3.7289703201317956,3.729072140882518
N4096_eta01,1e-06,0.0,4.0738027780411214e-08,3.6099647469669387,3.609403870579644,3.6095032233669078
N4096_eta01,1e-06,0.0,4.365158322401665e-08,3.4937189558638573,3.494135370520244,3.4942322639017376
N4096_eta01,1e-06,0.0,4.6773514128719815e-08,3.3830984853093975,3.383026413986216,3.383120860905314
N4096_eta01,1e-06,0.0,5.0118723362727144e-08,3.2759263921604416,3.275943466682,3.2760354839928802
N4096_eta01,1e-06,0.0,5.3703179637025324e-08,3.1724728536477143,3.172757697627303,3.1728473056573963
N4096_eta01,1e-06,0.0,5.7543993733715665e-08,3.073893396333274,3.0733448155856835,3.073432037732819
N4096_eta01,1e-06,0.0,6.165950018614809e-08,2.977259082268991,2.9775849100205005,2.977669772382221
N4096_eta01,1e-06,0.0,6.606934480075964e-08,2.885479164945278,2.88536229632358,2.8854448273563467
N4096_eta01,1e-06,0.0,7.079457843841373e-08,2.796347088185968,2.7965653650649536,2.7966455952710945
N4096_eta01,1e-06,0.0,7.58577575029182e-08,2.7113480668745407,2.711086435015346,2.7111643966557764
N4096_eta01,1e-06,0.0,8.128305161640994e-08,2.6286999554737926,2.6288216096970647,2.6288973365279276
N4096_eta01,1e-06,0.0,8.709635899560797e-08,2.5497330057769485,2.5496706372229583,2.54974416425454
N4096_eta01,1e-06,0.0,9.332543007969886e-08,2.473314601964369,2.4735367731883886,2.4736081364647546
N4096_eta01,1e-06,0.0,1e-07,2.400698803851658,2.400326646387263,2.4003958827851686
N4096_eta01,1e-06,0.0,1.0715193052376048e-07,2.3297337753115688,2.329950127130364,2.330017274176181
N4096_eta01,1e-06,0.0,1.148153621496884e-07,2.2623348479699277,2.2623201979531204,2.2623852936565703
N4096_eta01,1e-06,0.0,1.230268770812381e-07,2.197530280154081,2.19735282651071,2.19741590921438
N4096_eta01,1e-06,0.0,1.3182567385564048e-07,2.1347734843358825,2.134966840471066,2.1350279487146904
N4096_eta01,1e-06,0.0,1.4125375446227552e-07,2.0750591741954807,2.0750838042317703,2.0751429766304903
N4096_eta01,1e-06,0.0,1.513561248436207e-07,2.017898100770984,2.017627897304938,2.0176851724407374
N4096_eta01,1e-06,0.0,1.6218100973589264e-07,1.9624910115737675,1.9625257942354732,1.9625812105611604
N4096_eta01,1e-06,0.0,1.7378008287493762e-07,1.9095765226918697,1.9097065459430973,1.9097601416982521
N4096_eta01,1e-06,0.0,1.8620871366628653e-07,1.858972396021382,1.8591014624071796,1.8591532755455886
N4096_eta01,1e-06,0.0,1.9952623149688747e-07,1.8105419622314118,1.8106439966463077,1.8106940647744953
N4096_eta01,1e-06,0.0,2.1379620895022324e-07,1.764244881055511,1.7642696299819078,1.7643179903084287
N4096_eta01,1e-06,0.0,2.29086765276777e-07,1.7198427696534757,1.7199157586168121,1.7199624479120765
N4096_eta01,1e-06,0.0,2.4547089156850235e-07,1.677457167781653,1.6775215816060534,1.6775666361724542
N4096_eta01,1e-06,0.0,2.630267991895381e-07,1.6369244840604382,1.637027990347741,1.6370714459999691
N4096_eta01,1e-06,0.0,2.818382931264449e-07,1.598313731434339,1.598377459776546,1.5984193518319891
N4096_eta01,1e-06,0.0,3.019951720402019e-07,1.56163272710683,1.5615139415005177,1.561554304779647
N4096_eta01,1e-06,0.0,3.235936569296281e-07,1.5263726759146645,1.5263827591828818,1.5264216280195746
N4096_eta01,1e-06,0.0,3.467368504525309e-07,1.4928594777370394,1.4929305065329748,1.4929679147946902
N4096_eta01,1e-06,0.0,3.715352290971728e-07,1.461218723031231,1.461104948333389,1.4611409294510944
N4096_eta01,1e-06,0.0,3.981071705534969e-07,1.4307930993122795,1.4308549249917675,1.4308895119994613
N4096_eta01,1e-06,0.0,4.2657951880159164e-07,1.4021372827742058,1.4021302611636555,1.402163486747267
N4096_eta01,1e-06,0.0,4.5708818961487516e-07,1.3748635358281343,1.3748816790451255,1.3749135756004547
N4096_eta01,1e-06,0.0,4.897788193684457e-07,1.3490151499506433,1.3490607169776672,1.349091316676934
N4096_eta01,1e-06,0.0,5.248074602497712e-07,1.3246024286505031,1.3246196540405923,1.3246489889070097
N4096_eta01,1e-06,0.0,5.62341325190349e-07,1.3015130660055267,1.301511441324923,1.3015395433145245
N4096_eta01,1e-06,0.0,6.025595860743569e-07,1.2796824812385428,1.2796896405843443,1.2797165416741612
N4096_eta01,1e-06,0.0,6.456542290346562e-07,1.2590807103719133,1.2591083709408617,1.259134103222302
N4096_eta01,1e-06,0.0,6.918309709189363e-07,1.2397040903214778,1.2397222642826349,1.2397468600587631
N4096_eta01,1e-06,0.0,7.413102413009162e-07,1.2214842288016556,1.2214864299271848,1.2215099218123882
N4096_eta01,1e-06,0.0,7.943282347242821e-07,1.2043370356861565,1.2043564290337458,1.2043788500541033
N4096_eta01,1e-06,0.0,8.511380382023759e-07,1.1883221418677399,1.1882882591333768,1.1883096428258975
N4096_eta01,1e-06,0.0,9.120108393559077e-07,1.1732292861317284,1.1732383490055485,1.1732587295143584
N4096_eta01,1e-06,0.0,9.77237220955811e-07,1.1591585466954946,1.1591635639672118,1.159182976134669
N4096_eta01,1e-06,0.0,1.0471285480508985e-06,1.1460068946908089,1.1460212214579568,1.1460397009087229
N4096_eta01,1e-06,0.0,1.1220184543019607e-06,1.133766803634947,1.1337691166075585,1.1337866998236943
N4096_eta01,1e-06,0.0,1.2022644346174132e-06,1.1223584351371656,1.1223655572656364,1.122382281650976
N4096_eta01,1e-06,0.0,1.2882495516931322e-06,1.1117857365098152,1.1117694077642046,1.111785311696461
N4096_eta01,1e-06,0.0,1.380384264602881e-06,1.1019391947619708,1.1019401404801794,1.1019552633495693
N4096_eta01,1e-06,0.0,1.479108388168207e-06,1.0928298454951852,1.092837894074577,1.092852276308136
N4096_eta01,1e-06,0.0,1.584893192461111e-06,1.0844185033609854,1.0844235371162148,1.084437220187413
N4096_eta01,1e-06,0.0,1.6982436524617459e-06,1.0766530304881679,1.0766587356579267,1.0766717620816972
N4096_eta01,1e-06,0.0,1.8197008586099824e-06,1.0695006792652908,1.0695060232294278,1.0695184365432504
N4096_eta01,1e-06,0.0,1.9498445997580416e-06,1.0629239257868544,1.0629288716483731,1.0629407163805704
N4096_eta01,1e-06,0.0,2.089296130854041e-06,1.0568858377531416,1.0568917610336217,1.056903082660558
N4096_eta01,1e-06,0.0,2.2387211385683376e-06,1.0513667440782077,1.0513602474338755,1.0513710923282071
N4096_eta01,1e-06,0.0,2.398832919019485e-06,1.0463020626661865,1.046301026560267,1.0463114419328183
N4096_eta01,1e-06,0.0,2.5703957827688647e-06,1.041677481411704,1.0416819922304918,1.0416920260686473
N4096_eta01,1e-06,0.0,2.754228703338163e-06,1.0374804223486926,1.0374722882899454,1.0374819892956946
N4096_eta01,1e-06,0.0,2.9512092266663778e-06,1.0336383436831946,1.0336423529656835,1.0336517704965869
N4096_eta01,1e-06,0.0,3.162277660168379e-06,1.030170340050799,1.0301639548239405,1.0301731388402928
N4096_eta01,1e-06,0.0,3.3884415613920207e-06,1.027007217693625,1.0270102197327087,1.0270192207541113
N4096_eta01,1e-06,0.0,3.6307805477010027e-06,1.0241522917464692,1.0241556484683634,1.0241645175427367
N4096_eta01,1e-06,0.0,3.890451449942805e-06,1.021578097124627,1.0215761248405562,1.0215849135283452
N4096_eta01,1e-06,0.0,4.168693834703346e-06,1.0192541198012666,1.0192489144341073,1.0192576748101356
N4096_eta01,1e-06,0.0,4.466835921509635e-06,1.0171557159337619,1.017152654273231,1.0171614389482686
N4096_eta01,1e-06,0.0,4.78630092322638e-06,1.015268920568357,1.0152673338959926,1.0152761960597045
N4096_eta01,1e-06,0.0,5.128613839913638e-06,1.0135761232540619,1.0135742684810407,1.013583261967598
N4096_eta01,1e-06,0.0,5.4954087385762485e-06,1.0120593594309026,1.0120560647916124,1.0120652441688478
N4096_eta01,1e-06,0.0,5.888436553555884e-06,1.0107001774577844,1.0106965807923214,1.0107060014749598
N4096_eta01,1e-06,0.0,6.309573444801917e-06,1.0094809685645063,1.009480879852646,1.0094905982398286
N4096_eta01,1e-06,0.0,6.760829753919819e-06,1.0083927881408221,1.0083951804789537,1.0084052541160116
N4096_eta01,1e-06,0.0,7.244359600749891e-06,1.0074260214927901,1.0074268025169388,1.0074372902811801
N4096_eta01,1e-06,0.0,7.762471166286896e-06,1.006566900092013,1.006564110741986,1.0065750730521206
N4096_eta01,1e-06,0.0,8.31763771102671e-06,1.005794373418724,1.0057964567101338,1.0058079557588726
N4096_eta01,1e-06,0.0,8.912509381337439e-06,1.0051154777476852,1.0051141196811073,1.0051262196904756
N4096_eta01,1e-06,0.0,9.549925860214369e-06,1.004507165554622,1.0045082473516198,1.0045210148505452
N4096_eta01,1e-06,0.0,1.0232929922807535e-05,1.003971453609235,1.0039707970556864,1.0039843011795098
N4096_eta01,1e-06,0.0,1.0964781961431828e-05,1.003493109976967,1.0034944780027613,1.0035087908144473
N4096_eta01,1e-06,0.0,1.1748975549395302e-05,1.0030747821901131,1.0030726950373468,1.0030878918703174
N4096_eta01,1e-06,0.0,1.2589254117941661e-05,1.0026976789874593,1.0026994943179837,1.0027156541406865
N4096_eta01,1e-06,0.0,1.3489628825916504e-05,1.0023701653643955,1.002369511231465,1.0023867170339826
N4096_eta01,1e-06,0.0,1.445439770745928e-05,1.002079150257446,1.0020779207813804,1.002096259984604
N4096_eta01,1e-06,0.0,1.5488166189124794e-05,1.0018187754614538,1.0018203906198624,1.001839955507965
N4096_eta01,1e-06,0.0,1.6595869074375564e-05,1.0015922834655058,1.001593036828468,1.0016139250056353
N4096_eta01,1e-06,0.0,1.778279410038923e-05,1.001394151711173,1.001392382498779,1.0014146973713807
N4096_eta01,1e-06,0.0,1.9054607179632443e-05,1.0012163765946902,1.0012153191156936,1.0012391704012784
N4096_eta01,1e-06,0.0,2.041737944669523e-05,1.0010581249212855,1.0010590707061855,1.0010845749709185
N4096_eta01,1e-06,0.0,2.187761623949552e-05,1.0009196190011913,1.0009211606832538,1.0009484419095864
N4096_eta01,1e-06,0.0,2.3442288153199178e-05,1.0007982877590014,1.0007993812882052,1.0008285714747918
N4096_eta01,1e-06,0.0,2.511886431509582e-05,1.000691717381933,1.000691765513791,1.0007230053098335
N4096_eta01,1e-06,0.0,2.691534803926914e-05,1.0005975704333228,1.000596561375307,1.0006300007516922
N4096_eta01,1e-06,0.0,2.8840315031265995e-05,1.0005138046079127,1.0005122083858715,1.0005480073456443
N4096_eta01,1e-06,0.0,3.090295432513592e-05,1.0004390037291055,1.0004373160850895,1.0004756454159496
N4096_eta01,1e-06,0.0,3.3113112148259076e-05,1.0003721541612447,1.000370644466446,1.0004116865381236
N4096_eta01,1e-06,0.0,3.548133892335745e-05,1.0003123601746318,1.0003110861475095,1.0003550357570061
N4096_eta01,1e-06,0.0,3.8018939632056124e-05,1.0002587463502126,1.000257650127755,1.000304715395575
N4096_eta01,1e-06,0.0,4.073802778041122e-05,1.000210465567166,1.0002094469810292,1.0002598503016435
N4096_eta01,1e-06,0.0,4.365158322401648e-05,1.0001667202643685,1.000165675332925,1.0002196543828104
N4096_eta01,1e-06,0.0,4.677351412871981e-05,1.0001267675077108,1.0001256094772042,1.0001834182839096
N4096_eta01,1e-06,0.0,5.011872336272714e-05,1.0000899088378121,1.0000885879895274,1.0001504980652596
N4096_eta01,1e-06,0.0,5.3703179637025325e-05,1.0000554735641587,1.0000540032008334,1.000120304744125
N4096_eta01,1e-06,0.0,5.7543993733715664e-05,1.0000228078250233,1.0000212913964575,1.0000922945654762
N4096_eta01,1e-06,0.0,6.165950018614809e-05,0.9999912847871427,0.999989923610258,1.0000659598713117
N4096_eta01,1e-06,0.0,6.606934480075963e-05,0.999960344269408,0.9999593968854223,1.0000408204401243
N4096_eta01,1e-06,0.0,7.079457843841373e-05,0.9999295420558958,0.9999292258750435,1.00001641516949
N4096_eta01,1e-06,0.0,7.58577575029182e-05,0.9998985553952567,0.999898934655787,0.999992293974903
N4096_eta01,1e-06,0.0,8.128305161640995e-05,0.9998671064464626,0.9998680486269226,0.9999680097768389
N4096_eta01,1e-06,0.0,8.709635899560795e-05,0.9998348575385733,0.9998360863643442,0.9999431104453014
N4096_eta01,1e-06,0.0,9.332543007969886e-05,0.9998013920458145,0.9998025512949652,0.9999171305667046
N4096_eta01,1e-06,0.0,9.999999999999999e-05,0.9997662613754984,0.9997669230506703,0.9998895828916273
N4096_eta01,0.0001,2.0,1.0000000000000002e-14,0.11427892392077652,0.11427574233338858,0.11427107723085819
N4096_eta01,0.0001,2.0,1.0715193052376049e-14,0.11828990931379843,0.11829163618548352,0.11828674279770106
N4096_eta01,0.0001,2.0,1.148153621496884e-14,0.12244709930210032,0.12244871154018586,0.12244352016481505
N4096_eta01,0.0001,2.0,1.2302687708123812e-14,0.12675540133358584,0.1267519511671684,0.1267463674999941
N4096_eta01,0.0001,2.0,1.3182567385564046e-14,0.13120429942057085,0.13120631156269627,0.13120041712373331
N4096_eta01,0.0001,2.0,1.4125375446227557e-14,0.13581802579702257,0.13581720655675017,0.13581098161971855
N4096_eta01,0.0001,2.0,1.5135612484362073e-14,0.14058623386172153,0.14059016930014973,0.14058356015900172
N4096_eta01,0.0001,2.0,1.6218100973589332e-14,0.14553778390258432,0.14553087237333734,0.14552384504526122
N4096_eta01,0.0001,2.0,1.7378008287493765e-14,0.1506409659757413,0.15064523602368463,0.15063772848878032
N4096_eta01,0.0001,2.0,1.8620871366628658e-14,0.15593972620440436,0.15593923109258284,0.15593130961705168
N4096_eta01,0.0001,2.0,1.9952623149688828e-14,0.1614184030108689,0.16141934447390904,0.16141090173015712
N4096_eta01,0.0001,2.0,2.1379620895022327e-14,0.1670948771392544,0.16709207920034602,0.16708303980935707
N4096_eta01,0.0001,2.0,2.29086765276777e-14,0.17296259627108598,0.17296404827747633,0.17295448828759602
N4096_eta01,0.0001,2.0,2.4547089156850338e-14,0.1790390602359499,0.17904245160443574,0.1790322490909105
N4096_eta01,0.0001,2.0,2.6302679918953815e-14,0.18534116980190254,0.18533435650909463,0.1853235699600267
N4096_eta01,0.0001,2.0,2.8183829312644495e-14,0.19184310881845612,0.19184747255895712,0.19183595306173312
N4096_eta01,0.0001,2.0,3.019951720402019e-14,0.19859097267738543,0.1985893812674962,0.19857716389991703
N4096_eta01,0.0001,2.0,3.2359365692962816e-14,0.2055628287546478,0.2055682490493319,0.20555524053647203
N4096_eta01,0.0001,2.0,3.46736850452531e-14,0.21280171560731173,0.21279237248571478,0.2127785031326174
N4096_eta01,0.0001,2.0,3.715352290971728e-14,0.22026477371306985,0.22027033000421586,0.22025556382147912
N4096_eta01,0.0001,2.0,3.9810717055349693e-14,0.22801067677587833,0.22801103389628552,0.2279953369231423
N4096_eta01,0.0001,2.0,4.2657951880159345e-14,0.23602496794760844,0.23602376394411873,0.236007049513722
N4096_eta01,0.0001,2.0,4.570881896148752e-14,0.2443192892641739,0.2443180667438845,0.2443002523603452
N4096_eta01,0.0001,2.0,4.897788193684456e-14,0.25290320941073396,0.2529038379873715,0.2528848312343116
N4096_eta01,0.0001,2.0,5.248074602497734e-14,0.26178504527285623,0.26179126932034213,0.2617710186150477
N4096_eta01,0.0001,2.0,5.623413251903491e-14,0.27100281605675125,0.2709909570841934,0.2709694057978548
N4096_eta01,0.0001,2.0,6.025595860743569e-14,0.28050622308375733,0.2805139285998223,0.2804909554188217
N4096_eta01,0.0001,2.0,6.456542290346563e-14,0.29037387031558326,0.2903715027427527,0.2903470144106501
N4096_eta01,0.0001,2.0,6.918309709189363e-14,0.3005688789841544,0.300575457053193,0.30054932740352813
N4096_eta01,0.0001,2.0,7.413102413009162e-14,0.3111494094877482,0.3111379188783484,0.3111100505855816
N4096_eta01,0.0001,2.0,7.943282347242822e-14,0.3220648942733772,0.32207144676389443,0.3220417660378044
N4096_eta01,0.0001,2.0,8.51138038202376e-14,0.33338674614238917,0.3333891719535382,0.33335749655876834
N4096_eta01,0.0001,2.0,9.120108393559116e-14,0.34511028660362386,0.3451045212921856,0.3450707209948154
N4096_eta01,0.0001,2.0,9.772372209558112e-14,0.3572291993678498,0.3572314285120187,0.35719539009177853
N4096_eta01,0.0001,2.0,1.0471285480508985e-13,0.369785352221042,0.3697844142198201,0.3697459428847117
N4096_eta01,0.0001,2.0,1.1220184543019654e-13,0.38276806193044455,0.38277837098327105,0.3827373236424369
N4096_eta01,0.0001,2.0,1.2022644346174131e-13,0.39624761928862184,0.396228815994869,0.39618499938410745
N4096_eta01,0.0001,2.0,1.2882495516931323e-13,0.4101397025924886,0.4101517272081628,0.4101049779853402
N4096_eta01,0.0001,2.0,1.3803842646028868e-13,0.4245664644961203,0.4245637380623818,0.4245138268917837
N4096_eta01,0.0001,2.0,1.4791083881682072e-13,0.43947556495939516,0.43948198215238016,0.4394286924583387
N4096_eta01,0.0001,2.0,1.584893192461111e-13,0.45493658974628415,0.4549242072821459,0.454867319932532
N4096_eta01,0.0001,2.0,1.698243652461746e-13,0.470902052026328,0.4709088207832909,0.47084807410080587
N4096_eta01,0.0001,2.0,1.8197008586099824e-13,0.4874483250492382,0.4874548492857118,0.4873899606167357
N4096_eta01,0.0001,2.0,1.9498445997580416e-13,0.5045960259180433,0.5045819462329911,0.5045126480304047
N4096_eta01,0.0001,2.0,2.0892961308540411e-13,0.5223021510749277,0.5223105190987767,0.5222364905382805
N4096_eta01,0.0001,2.0,2.2387211385683378e-13,0.5406649962338613,0.540661652035474,0.5405825514730862
N4096_eta01,0.0001,2.0,2.3988329190194847e-13,0.559641586533318,0.559657127555464,0.5595726275532068
N4096_eta01,0.0001,2.0,2.570395782768865e-13,0.5793469806469118,0.5793195495465993,0.5792292739111128
N4096_eta01,0.0001,2.0,2.7542287033381635e-13,0.5996552701190614,0.5996723004874032,0.5995758299202341
N4096_eta01,0.0001,2.0,2.95120922666639e-13,0.6207413816417147,0.6207395550549865,0.6206364458395365
N4096_eta01,0.0001,2.0,3.1622776601683797e-13,0.6425431452190223,0.6425462915303958,0.6424361102947073
N4096_eta01,0.0001,2.0,3.3884415613920205e-13,0.6651288998814813,0.6651184525474421,0.6650006786145567
N4096_eta01,0.0001,2.0,3.630780547701018e-13,0.6884772800663215,0.6884827975407735,0.6883569020406388
N4096_eta01,0.0001,2.0,3.890451449942805e-13,0.7126533634492765,0.7126670435697333,0.7125324578274578
N4096_eta01,0.0001,2.0,4.168693834703347e-13,0.7377275333519574,0.737699855144161,0.7375559802498128
N4096_eta01,0.0001,2.0,4.466835921509635e-13,0.7635929442276688,0.7636109229816801,0.7634570925327678
N4096_eta01,0.0001,2.0,4.786300923226381e-13,0.7904373144014699,0.7904309079160958,0.7902664397185456
N4096_eta01,0.0001,2.0,5.128613839913659e-13,0.8181704920194383,0.8181915795635228,0.8180157224831894
N4096_eta01,0.0001,2.0,5.495408738576248e-13,0.8469624756016276,0.8469257955904572,0.8467377319140654
N4096_eta01,0.0001,2.0,5.888436553555884e-13,0.8766455310717733,0.8766675033223001,0.8764663852573408
N4096_eta01,0.0001,2.0,6.309573444801943e-13,0.9074500385941608,0.9074518529129447,0.9072367626421569
N4096_eta01,0.0001,2.0,6.760829753919819e-13,0.9393213252694159,0.9393151781519768,0.9390851447855431
N4096_eta01,0.0001,2.0,7.244359600749892e-13,0.9722984693357675,0.9722950952204299,0.9720490516790161
N4096_eta01,0.0001,2.0,7.762471166286928e-13,1.0064284956023886,1.006430459935627,1.0061672822541823
N4096_eta01,0.0001,2.0,8.317637711026709e-13,1.041736549609599,1.041761476734805,1.041479955020599
N4096_eta01,0.0001,2.0,8.912509381337441e-13,1.0783776370899796,1.0783297076738525,1.0780285496645339
N4096_eta01,0.0001,2.0,9.54992586021437e-13,1.116146577502671,1.1161781301466862,1.115855949591886
N4096_eta01,0.0001,2.0,1.0232929922807536e-12,1.1553604798174113,1.1553511542183668,1.1550064853926287
N4096_eta01,0.0001,2.0,1.0964781961431851e-12,1.1958700591695481,1.1958947421100132,1.1955259791973263
N4096_eta01,0.0001,2.0,1.1748975549395302e-12,1.2379003548636711,1.2378563363794284,1.237461789888624
N4096_eta01,0.0001,2.0,1.258925411794166e-12,1.2812595801134572,1.2812850037928272,1.280862859122049
N4096_eta01,0.0001,2.0,1.3489628825916534e-12,1.3262209035841703,1.3262314479983248,1.3257797581007689
N4096_eta01,0.0001,2.0,1.445439770745928e-12,1.372773790956824,1.3727480584178007,1.3722647350381114
N4096_eta01,0.0001,2.0,1.5488166189124795e-12,1.420877063143279,1.420888944705523,1.420371763229506
N4096_eta01,0.0001,2.0,1.6595869074375598e-12,1.4707146917139715,1.4707100275705747,1.4701565896419146
N4096_eta01,0.0001,2.0,1.7782794100389228e-12,1.5222283243539805,1.5222690262750542,1.521676783913593
N4096_eta01,0.0001,2.0,1.9054607179632443e-12,1.5757007525231117,1.5756255750881756,1.5749917876401078
N4096_eta01,0.0001,2.0,2.041737944669532e-12,1.6307924180632984,1.630841215217316,1.6301629638036228
N4096_eta01,0.0001,2.0,2.1877616239495518e-12,1.6879896317197782,1.687979503231728,1.6872536461813634
N4096_eta01,0.0001,2.0,2.344228815319923e-12,1.7470844791487725,1.7471060060400219,1.7463291885458887
N4096_eta01,0.0001,2.0,2.5118864315095823e-12,1.8083330192697635,1.8082883843600517,1.8074570134436345
N4096_eta01,0.0001,2.0,2.6915348039269142e-12,1.8715713591697796,1.8715964188829335,1.8707066603094746
N4096_eta01,0.0001,2.0,2.884031503126606e-12,1.9370744752357714,1.93710209827778,1.9361498326429738
N4096_eta01,0.0001,2.0,3.090295432513592e-12,2.0049407154557355,2.0048796132634576,2.0038604439366017
N4096_eta01,0.0001,2.0,3.311311214825908e-12,2.0749666527563395,2.075005440188375,2.0739146620069957
N4096_eta01,0.0001,2.0,3.548133892335753e-12,2.147572945987056,2.147558370830005,2.146390951337062
N4096_eta01,0.0001,2.0,3.8018939632056125e-12,2.2225600703915127,2.222619556578227,2.2213701129888523
N4096_eta01,0.0001,2.0,4.073802778041122e-12,2.300379668353188,2.300272555229154,2.2989353215945614
N4096_eta01,0.0001,2.0,4.365158322401657e-12,2.380535533114346,2.3806033409882947,2.3791721588748826
N4096_eta01,0.0001,2.0,4.677351412871982e-12,2.463705227073171,2.46370036101735,2.4621686430700764
N4096_eta01,0.0001,2.0,5.011872336272715e-12,2.5496516697700455,2.549654549147187,2.5480152535991847
N4096_eta01,0.0001,2.0,5.370317963702533e-12,2.638589848965804,2.63855935492166,2.6368049501857187
N4096_eta01,0.0001,2.0,5.754399373371567e-12,2.730493137715935,2.7305107474491157,2.7286331856039467
N4096_eta01,0.0001,2.0,6.165950018614822e-12,2.8255505606667186,2.825607229079491,2.823597911107883
N4096_eta01,0.0001,2.0,6.6069344800759645e-12,2.9240676054547987,2.9239498434261013,2.9217995735041855
N4096_eta01,0.0001,2.0,7.079457843841373e-12,3.0255618929131227,3.025642138837419,3.0233411027207575
N4096_eta01,0.0001,2.0,7.585775750291836e-12,3.1308164740488307,3.1307901790327843,3.128327888603208
N4096_eta01,0.0001,2.0,8.128305161640996e-12,3.23942738493999,3.2395024948482556,3.2368677455418924
N4096_eta01,0.0001,2.0,8.709635899560797e-12,3.3520258515574364,3.351890027038192,3.3490708633916584
N4096_eta01,0.0001,2.0,9.332543007969906e-12,3.467982258555084,3.468066084235417,3.465049742994663
N4096_eta01,0.0001,2.0,1e-11,3.5881329573832104,3.5881462564696704,3.584919114452865
N4096_eta01,0.0001,2.0,1.0715193052376049e-11,3.71229356547253,3.7122483053498745,3.7087958361208884
N4096_eta01,0.0001,2.0,1.1481536214968842e-11,3.840481872912815,3.840492066824833,3.8367987721013
N4096_eta01,0.0001,2.0,1.2302687708123813e-11,3.9729999644865828,3.9729992886167267,3.969048645823034
N4096_eta01,0.0001,2.0,1.3182567385564075e-11,4.109794071469597,4.109893463514081,4.10566786706962
N4096_eta01,0.0001,2.0,1.4125375446227556e-11,4.251497163417552,4.251299636126761,4.246780329597007
N4096_eta01,0.0001,2.0,1.5135612484362072e-11,4.397208027132045,4.397344166377767,4.392511176242295
N4096_eta01,0.0001,2.0,1.6218100973589298e-11,4.548189019165257,4.54815446654311,4.542986528174485
N4096_eta01,0.0001,2.0,1.7378008287493765e-11,4.703786539114352,4.703858680071413,4.698333174678536
N4096_eta01,0.0001,2.0,1.8620871366628657e-11,4.864728625800641,4.8645853475079095,4.858678219595966
N4096_eta01,0.0001,2.0,1.995262314968879e-11,5.0303753616059135,5.030462997765712,5.024148680271308
N4096_eta01,0.0001,2.0,2.1379620895022327e-11,5.201565539306362,5.20161969461854,5.194871034577177
N4096_eta01,0.0001,2.0,2.2908676527677702e-11,5.378323856701717,5.378182538855906,5.370970711315431
N4096_eta01,0.0001,2.0,2.4547089156850283e-11,5.560185520163797,5.560277090274902,5.552571519023076
N4096_eta01,0.0001,2.0,2.6302679918953818e-11,5.748058717729259,5.748026734642593,5.739795007954695
N4096_eta01,0.0001,2.0,2.8183829312644493e-11,5.941402503758763,5.941551969486616,5.932759759776785
N4096_eta01,0.0001,2.0,3.019951720402019e-11,6.14125917384781,6.140969619804016,6.1315805993013806
N4096_eta01,0.0001,2.0,3.235936569296281e-11,6.346193785526756,6.346391964954927,6.336367722417931
N4096_eta01,0.0001,2.0,3.467368504525317e-11,6.557952855598513,6.55792576511989,6.547225734266893
N4096_eta01,0.0001,2.0,3.715352290971728e-11,6.775651258617675,6.775671218938499,6.764252591648737
N4096_eta01,0.0001,2.0,3.9810717055349695e-11,6.999817072283906,6.9997207796408585,6.987538443697913
N4096_eta01,0.0001,2.0,4.2657951880159254e-11,7.230093193530532,7.23015789349,7.217164364989763
N4096_eta01,0.0001,2.0,4.570881896148752e-11,7.4669290469486524,7.467055611300183,7.4532009755134805
N4096_eta01,0.0001,2.0,4.897788193684457e-11,7.710774501873125,7.710475079088108,7.695706942360515
N4096_eta01,0.0001,2.0,5.2480746024977236e-11,7.960241335914972,7.960463904541271,7.9447273585729885
N4096_eta01,0.0001,2.0,5.6234132519034906e-11,8.217125878162417,8.217054397968493,8.200291995401617
N4096_eta01,0.0001,2.0,6.025595860743569e-11,8.480082052718682,8.480261672091029,8.462413425271087
N4096_eta01,0.0001,2.0,6.456542290346562e-11,8.75043481662994,8.750081627510857,8.731085014076701
N4096_eta01,0.0001,2.0,6.918309709189364e-11,9.026247594209226,9.026488781163438,9.006278783078724
N4096_eta01,0.0001,2.0,7.413102413009162e-11,9.309416623731362,9.30943397690394,9.287943142656205
N4096_eta01,0.0001,2.0,7.943282347242822e-11,9.598969572315525,9.598841971772952,9.57600050256844
N4096_eta01,0.0001,2.0,8.511380382023759e-11,9.894557431400592,9.894608889908481,9.870344766186777
N4096_eta01,0.0001,2.0,9.120108393559097e-11,10.1966003366731,10.196599578608957,10.170838719432538
N4096_eta01,0.0001,2.0,9.772372209558111e-11,10.504421559574597,10.504644866038477,10.477311328915832
N4096_eta01,0.0001,2.0,1.0471285480508986e-10,10.819039291216102,10.818538739950931,10.789554968033688
N4096_eta01,0.0001,2.0,1.1220184543019632e-10,11.137650174583975,11.138035474338084,11.1073225945572
N4096_eta01,0.0001,2.0,1.2022644346174132e-10,11.4629438151478,11.462846737420925,11.43032490850839
N4096_eta01,0.0001,2.0,1.2882495516931322e-10,11.792513869071605,11.792638703560769,11.75822752486689
N4096_eta01,0.0001,2.0,1.3803842646028838e-10,12.127328071277306,12.127029222230254,12.090648201798011
N4096_eta01,0.0001,2.0,1.479108388168207e-10,12.465368957911698,12.46558508097097,12.42715417157392
N4096_eta01,0.0001,2.0,1.5848931924611142e-10,12.807699872598622,12.807819429566365,12.76725962804769
N4096_eta01,0.0001,2.0,1.6982436524617427e-10,13.153592110063908,13.153189413961519,13.110423431277917
N4096_eta01,0.0001,2.0,1.8197008586099827e-10,13.500767043659677,13.501094096584795,13.456047096487422
N4096_eta01,0.0001,2.0,1.9498445997580455e-10,13.85097979500366,13.850872732191844,13.803473140726945
N4096_eta01,0.0001,2.0,2.0892961308540407e-10,14.201515754265632,14.201803488075962,14.151983866109877
N4096_eta01,0.0001,2.0,2.2387211385683377e-10,14.55373921786168,14.553102683016599,14.500800662949427
N4096_eta01,0.0001,2.0,2.3988329190194897e-10,14.903426417539176,14.903924640716868,14.84908391918761
N4096_eta01,0.0001,2.0,2.570395782768865e-10,15.25342570455509,15.253362244719142,15.195933623746408
N4096_eta01,0.0001,2.0,2.7542287033381637e-10,15.600553330810715,15.600448286813482,15.540390750428827
N4096_eta01,0.0001,2.0,2.951209226666384e-10,15.94417094161161,15.944157688546149,15.881439505323502
N4096_eta01,0.0001,2.0,3.1622776601683795e-10,16.283339518505432,16.283410681007236,16.218010513913427
N4096_eta01,0.0001,2.0,3.3884415613920275e-10,16.616818995309796,16.61707700928489,16.548985013905252
N4096_eta01,0.0001,2.0,3.6307805477010104e-10,16.9447082671033,16.943981212535327,16.873200105901542
N4096_eta01,0.0001,2.0,3.890451449942805e-10,17.262261580346014,17.262909021183493,17.189455096279364
N4096_eta01,0.0001,2.0,4.168693834703355e-10,17.572814506862848,17.572614885380734,17.496518945004404
N4096_eta01,0.0001,2.0,4.4668359215096254e-10,17.87163546064835,17.87183061793621,17.7931388057802
N4096_eta01,0.0001,2.0,4.78630092322638e-10,18.159770263571513,18.159275118952685,18.078049617293917
N4096_eta01,0.0001,2.0,5.128613839913648e-10,18.43324689633503,18.4336651036481,18.34998467300013
N4096_eta01,0.0001,2.0,5.495408738576249e-10,18.693664798981168,18.693726727847984,18.607687063745892
N4096_eta01,0.0001,2.0,5.888436553555885e-10,18.93871141854474,18.938207971743026,18.849921853683394
N4096_eta01,0.0001,2.0,6.30957344480193e-10,19.16541178703856,19.165891603679935,19.075488816648832
N4096_eta01,0.0001,2.0,6.760829753919819e-10,19.375770548063027,19.375608516396035,19.283235528978526
N4096_eta01,0.0001,2.0,7.244359600749892e-10,19.565937066144905,19.566251200340744,19.472070587152018
N4096_eta01,0.0001,2.0,7.762471166286911e-10,19.737612711062365,19.736787091910198,19.64097669627939
N4096_eta01,0.0001,2.0,8.31763771102671e-10,19.885511404871405,19.88627152239433,19.789023359782153
N4096_eta01,0.0001,2.0,8.91250938133746e-10,20.01403876104459,20.01385998251303,19.915378892962632
N4096_eta01,0.0001,2.0,9.54992586021435e-10,20.118946725544994,20.118819418902135,20.019321484530842
N4096_eta01,0.0001,2.0,1.0232929922807536e-09,20.200521155240367,20.200538291433368,20.10024904118665
N4096_eta01,0.0001,2.0,1.0964781961431852e-09,20.2584329132334,20.258535139619042,20.157687571202988
N4096_eta01,0.0001,2.0,1.1748975549395278e-09,20.292258044254005,20.292465439270423,20.19129789327579
N4096_eta01,0.0001,2.0,1.2589254117941663e-09,20.302929159600268,20.30212656908976,20.200880495826404
N4096_eta01,0.0001,2.0,1.3489628825916533e-09,20.286612921299817,20.287460754981584,20.186378418095345
N4096_eta01,0.0001,2.0,1.445439770745928e-09,20.24886754441343,20.248555912973288,20.14787807594843
N4096_eta01,0.0001,2.0,1.5488166189124799e-09,20.185483576017575,20.185644367743272,20.08560801019502
N4096_eta01,0.0001,2.0,1.6595869074375598e-09,20.099577041388308,20.09909948158604,19.999935591050424
N4096_eta01,0.0001,2.0,1.778279410038923e-09,19.988936444553755,19.989430284224504,19.89136176676195
N4096_eta01,0.0001,2.0,1.9054607179632444e-09,19.857308967426242,19.85727424635787,19.76051399505075
N4096_eta01,0.0001,2.0,2.0417379446695276e-09,19.703872558013167,19.70338838544437,19.60813754082154
N4096_eta01,0.0001,2.0,2.187761623949552e-09,19.52807397155383,19.52863893068246,19.43508536084288
N4096_eta01,0.0001,2.0,2.344228815319923e-09,19.33421283073518,19.333989803350747,19.24230682452736
N4096_eta01,0.0001,2.0,2.511886431509577e-09,19.120263661234237,19.120490187354026,19.030835538783368
N4096_eta01,0.0001,2.0,2.6915348039269142e-09,18.889968892375112,18.889261474596186,18.80177655392583
N4096_eta01,0.0001,2.0,2.884031503126606e-09,18.64070883621504,18.641483868304142,18.55629322708719
N4096_eta01,0.0001,2.0,3.0902954325135923e-09,18.37864290994968,18.378382917891003,18.295594010174796
N4096_eta01,0.0001,2.0,3.3113112148259078e-09,18.101326350159816,18.101216240949782,18.020919412261506
N4096_eta01,0.0001,2.0,3.5481338923357537e-09,17.811195453981362,17.81126066362651,17.7335293627266
N4096_eta01,0.0001,2.0,3.8018939632056126e-09,17.509721752734222,17.509799980790916,17.434691173008446
N4096_eta01,0.0001,2.0,4.073802778041122e-09,17.198018827393717,17.1981135051566,17.125668263072924
N4096_eta01,0.0001,2.0,4.365158322401657e-09,16.87805470020746,16.877465539701703,16.807709785197638
N4096_eta01,0.0001,2.0,4.6773514128719815e-09,16.548358610094308,16.549095872763566,16.482041243862763
N4096_eta01,0.0001,2.0,5.0118723362727255e-09,16.214537306741917,16.21421136204691,16.14985617769122
N4096_eta01,0.0001,2.0,5.370317963702522e-09,15.873868354922214,15.873978641637894,15.812308938550421
N4096_eta01,0.0001,2.0,5.754399373371567e-09,15.529858848461215,15.529517957602145,15.470508574925706
N4096_eta01,0.0001,2.0,6.165950018614823e-09,15.181475858757157,15.181898113189936,15.125513802080961
N4096_eta01,0.0001,2.0,6.606934480075952e-09,14.832244859938385,14.832132482441938,14.778329020675889
N4096_eta01,0.0001,2.0,7.0794578438413736e-09,14.481460158162749,14.481176035069904,14.42990132855051
N4096_eta01,0.0001,2.0,7.585775750291836e-09,14.129529441248241,14.129923301102112,14.081118457273385
N4096_eta01,0.0001,2.0,8.128305161640994e-09,13.77938022440792,13.77920719510973,13.732807555595524
N4096_eta01,0.0001,2.0,8.709635899560797e-09,13.429677503510298,13.429798613508638,13.385734735863446
N4096_eta01,0.0001,2.0,9.332543007969905e-09,13.08285668543115,13.082406715466536,13.04060529635337
N4096_eta01,0.0001,2.0,1e-08,12.737102843985319,12.737679797676776,12.69806453198238
N4096_eta01,0.0001,2.0,1.0715193052376048e-08,12.396458257461829,12.396206675231005,12.358699047500783
N4096_eta01,0.0001,2.0,1.1481536214968818e-08,12.058538002016363,12.058518484213831,12.023038490649931
N4096_eta01,0.0001,2.0,1.2302687708123811e-08,11.725109806185996,11.725090826814004,11.691557627476348
N4096_eta01,0.0001,2.0,1.3182567385564074e-08,11.396231445083874,11.396346185487353,11.364678687656017
N4096_eta01,0.0001,2.0,1.4125375446227526e-08,11.072661418695137,11.072656539345465,11.04277391397506
N4096_eta01,0.0001,2.0,1.5135612484362072e-08,10.754649365889577,10.75434612275842,10.726168256748078
N4096_eta01,0.0001,2.0,1.62181009735893e-08,10.44125355887693,10.441694273018285,10.415142160698863
N4096_eta01,0.0001,2.0,1.7378008287493763e-08,10.13516215187014,10.134938320867974,10.109934398484274
N4096_eta01,0.0001,2.0,1.8620871366628656e-08,9.834193819560843,9.8342764842076,9.81074491146382
N4096_eta01,0.0001,2.0,1.995262314968879e-08,9.540122714637766,9.539870731470048,9.51773762439014
N4096_eta01,0.0001,2.0,2.1379620895022325e-08,9.25150772370156,9.25184958695402,9.2310432063423
N4096_eta01,0.0001,2.0,2.2908676527677703e-08,8.970454323021645,8.970310855663877,8.950761755393597
N4096_eta01,0.0001,2.0,2.4547089156850285e-08,8.695412847277934,8.69532424990496,8.676965389173482
N4096_eta01,0.0001,2.0,2.6302679918953814e-08,8.426798332200361,8.426933904107935,8.409700727641749
N4096_eta01,0.0001,2.0,2.818382931264455e-08,8.16519841661899,8.165160768092466,8.148991258050518
N4096_eta01,0.0001,2.0,3.0199517204020135e-08,7.90996924145392,7.910004872141308,7.8948395752465395
N4096_eta01,0.0001,2.0,3.2359365692962815e-08,7.661687277222819,7.6614474599834,7.647229493189464
N4096_eta01,0.0001,2.0,3.467368504525317e-08,7.419102092238078,7.419452988169643,7.406128025865196
N4096_eta01,0.0001,2.0,3.7153522909717206e-08,7.184152764671609,7.183970992163143,7.171487237693124
N4096_eta01,0.0001,2.0,3.9810717055349696e-08,6.954899374864895,6.954937821082604,6.943245965100278
N4096_eta01,0.0001,2.0,4.265795188015926e-08,6.732388554371046,6.732278244300229,6.721331412201791
N4096_eta01,0.0001,2.0,4.5708818961487524e-08,6.515732907595188,6.515906934051662,6.505660624522092
N4096_eta01,0.0001,2.0,4.897788193684457e-08,6.305800411268233,6.305729828970924,6.296141845450865
N4096_eta01,0.0001,2.0,5.248074602497723e-08,6.101744884803672,6.101645384038124,6.092675760683644
N4096_eta01,0.0001,2.0,5.623413251903491e-08,5.90338292418193,5.903545712733865,5.8951566362800945
N4096_eta01,0.0001,2.0,6.025595860743569e-08,5.711395185229003,5.711317627476714,5.703473356209859
N4096_eta01,0.0001,2.0,6.456542290346549e-08,5.524805917703435,5.524843584478524,5.517510365371923
N4096_eta01,0.0001,2.0,6.918309709189362e-08,5.34416818210236,5.344002539173927,5.337148524089831
N4096_eta01,0.0001,2.0,7.413102413009178e-08,5.16842584117244,5.168670718291368,5.1622658800206525
N4096_eta01,0.0001,2.0,7.943282347242806e-08,4.99884997195441,4.998722314505701,4.992738363288099
N4096_eta01,0.0001,2.0,8.511380382023759e-08,4.8340155613539135,4.834030109399229,4.8284404104725995
N4096_eta01,0.0001,2.0,9.120108393559096e-08,4.674511222326535,4.674466030256398,4.669245522876621
N4096_eta01,0.0001,2.0,9.772372209558092e-08,4.519808773184507,4.519901645942841,4.515026764242059
N4096_eta01,0.0001,2.0,1.0471285480508985e-07,4.3702472185187515,4.3702086068660915,4.36565720283678
N4096_eta01,0.0001,2.0,1.122018454301963e-07,4.2253372298903935,4.225259033724317,4.221010302556781
N4096_eta01,0.0001,2.0,1.202264434617413e-07,4.084797492332233,4.084925859469611,4.080960267414354
N4096_eta01,0.0001,2.0,1.2882495516931324e-07,3.949147318984883,3.9490831286310186,3.9453823435065276
N4096_eta01,0.0001,2.0,1.380384264602884e-07,3.81757920167379,3.8176062578526033,3.8141530822850345
N4096_eta01,0.0001,2.0,1.4791083881682074e-07,3.6904840257471925,3.6903722612468,3.687150568682505
N4096_eta01,0.0001,2.0,1.584893192461111e-07,3.5670912556865404,3.5672599438761483,3.5642546173915797
N4096_eta01,0.0001,2.0,1.6982436524617427e-07,3.4482400799057453,3.4481500664491547,3.445346940345821
N4096_eta01,0.0001,2.0,1.8197008586099827e-07,3.332913174269237,3.3329254840550364,3.3303112882151495
N4096_eta01,0.0001,2.0,1.9498445997580458e-07,3.2215095816813646,3.2214712615477703,3.2190335685041283
N4096_eta01,0.0001,2.0,2.0892961308540366e-07,3.1135986407581147,3.113674767966206,3.1114019426301316
N4096_eta01,0.0001,2.0,2.2387211385683377e-07,3.009461843591497,3.009425752182397,3.0073069041595484
N4096_eta01,0.0001,2.0,2.39883291901949e-07,2.9086582458184305,2.9086164017768787,2.906641340194299
N4096_eta01,0.0001,2.0,2.570395782768865e-07,2.8110750160183358,2.8111413869669026,2.80930057772742
N4096_eta01,0.0001,2.0,2.7542287033381637e-07,2.7169220768832245,2.716897891249961,2.7151824166252565
N4096_eta01,0.0001,2.0,2.9512092266663846e-07,2.6257756041823193,2.6257856302724027,2.6241871507443575
N4096_eta01,0.0001,2.0,3.1622776601683797e-07,2.5377798647268572,2.5377068602968986,2.536217578552929
N4096_eta01,0.0001,2.0,3.3884415613920205e-07,2.4524537876775963,2.4525663775104016,2.451179004499145
N4096_eta01,0.0001,2.0,3.6307805477010105e-07,2.3703324370709,2.370271509298038,2.3689792322513545
N4096_eta01,0.0001,2.0,3.890451449942805e-07,2.2907138685987354,2.290732098498628,2.2895285508273275
N4096_eta01,0.0001,2.0,4.1686938347033557e-07,2.2139183191703067,2.2138604815598093,2.2127397145307874
N4096_eta01,0.0001,2.0,4.4668359215096253e-07,2.1394796452094447,2.1395714614176327,2.1385279175230156
N4096_eta01,0.0001,2.0,4.786300923226381e-07,2.067831893319883,2.067782275843246,2.066810763774499
N4096_eta01,0.0001,2.0,5.128613839913648e-07,1.9984098979517544,1.9984125619244388,1.9975082330661633
N4096_eta01,0.0001,2.0,5.495408738576237e-07,1.9314032698517716,1.9313843172790313,1.9305426436407733
N4096_eta01,0.0001,2.0,5.888436553555884e-07,1.8665731764477453,1.8666218585354653,1.865838612042527
N4096_eta01,0.0001,2.0,6.309573444801931e-07,1.8040790371533069,1.8040517775582274,1.8033230106258922
N4096_eta01,0.0001,2.0,6.760829753919819e-07,1.7436175176782733,1.7436028958448517,1.7429249231629171
N4096_eta01,0.0001,2.0,7.244359600749892e-07,1.685193507712273,1.685206217472922,1.684575598931436
N4096_eta01,0.0001,2.0,7.762471166286911e-07,1.6287773688306766,1.6287948809341393,1.6282084056239612
N4096_eta01,0.0001,2.0,8.31763771102671e-07,1.5743167360763886,1.5743041101537916,1.5737587813786593
N4096_eta01,0.0001,2.0,8.912509381337442e-07,1.5216937643114106,1.5216711649585868,1.5211641861988974
N4096_eta01,0.0001,2.0,9.54992586021435e-07,1.4708104474554575,1.4708352912252256,1.4703640529964646
N4096_eta01,0.0001,2.0,1.0232929922807537e-06,1.421731451274203,1.421737670913483,1.421299738465161
N4096_eta01,0.0001,2.0,1.0964781961431828e-06,1.3743296148202642,1.3743213721617424,1.3739144739658165
N4096_eta01,0.0001,2.0,1.1748975549395304e-06,1.328551850108866,1.3285312996004506,1.32815331658074
N4096_eta01,0.0001,2.0,1.2589254117941661e-06,1.2842953386263958,1.2843141450179438,1.283963100474852
N4096_eta01,0.0001,2.0,1.3489628825916506e-06,1.2416062514078363,1.2416183384946036,1.2412923886819622
N4096_eta01,0.0001,2.0,1.445439770745928e-06,1.2004064796357512,1.200394000104636,1.2000914254179693
N4096_eta01,0.0001,2.0,1.5488166189124796e-06,1.1606028175281515,1.1605928922697615,1.16031208900755
N4096_eta01,0.0001,2.0,1.6595869074375565e-06,1.1221710618203107,1.122168372835507,1.1219078454973717
N4096_eta01,0.0001,2.0,1.7782794100389231e-06,1.085043453311708,1.0850753489289513,1.0848337030167359
N4096_eta01,0.0001,2.0,1.9054607179632443e-06,1.0492927158571734,1.049270231645865,1.0490461669355715
N4096_eta01,0.0001,2.0,2.0417379446695316e-06,1.0147062611499271,1.0147108916053562,1.0145031958599342
N4096_eta01,0.0001,2.0,2.187761623949552e-06,0.9813831555699769,0.9813566154017178,0.9811641584964413
N4096_eta01,0.0001,2.0,2.344228815319918e-06,0.9491252318756687,0.9491680629752317,0.9489897914090907
N4096_eta01,0.0001,2.0,2.5118864315095823e-06,0.9181227202332651,0.9181072259167513,0.9179421576850104
N4096_eta01,0.0001,2.0,2.6915348039269138e-06,0.8881376134573095,0.8881373867147324,0.8879846065192611
N4096_eta01,0.0001,2.0,2.8840315031266e-06,0.8592345326593276,0.8592230789477155,0.8590817337231861
N4096_eta01,0.0001,2.0,3.0902954325135923e-06,0.8313366791161161,0.8313300484203572,0.8311993431557716
N4096_eta01,0.0001,2.0,3.311311214825908e-06,0.8043915713554699,0.8044252152366207,0.8043044090728769
N4096_eta01,0.0001,2.0,3.548133892335746e-06,0.7784924315915018,0.7784766367996272,0.7783650393851358
N4096_eta01,0.0001,2.0,3.801893963205613e-06,0.7534540153271785,0.7534534717242882,0.7533504398116881
N4096_eta01,0.0001,2.0,4.073802778041122e-06,0.7293309998896602,0.7293259446454206,0.7292308789135988
N4096_eta01,0.0001,2.0,4.365158322401666e-06,0.7060825714356777,0.7060653119012849,0.7059776539878584
N4096_eta01,0.0001,2.0,4.677351412871981e-06,0.6836193332656294,0.68364382806988,0.683563057800288
N4096_eta01,0.0001,2.0,5.011872336272715e-06,0.662022693509221,0.6620347133329985,0.6619603461332195
N4096_eta01,0.0001,2.0,5.370317963702533e-06,0.6412259548822651,0.6412121216410804,0.6411437061218207
N4096_eta01,0.0001,2.0,5.754399373371567e-06,0.6211523833393855,0.6211511096500066,0.6210882253510133
N4096_eta01,0.0001,2.0,6.16595001861481e-06,0.6018264323364703,0.6018276063994661,0.6017698616833325
N4096_eta01,0.0001,2.0,6.606934480075964e-06,0.5832317546099318,0.5832183837011764,0.5831654137867057
N4096_eta01,0.0001,2.0,7.079457843841373e-06,0.5653121519656976,0.5653010272040995,0.5652524923299461
N4096_eta01,0.0001,2.0,7.585775750291821e-06,0.5480436725246417,0.548053908102922,0.5480094918128215
N4096_eta01,0.0001,2.0,8.128305161640995e-06,0.5314348629709821,0.5314561554554497,0.5314155629969273
N4096_eta01,0.0001,2.0,8.709635899560797e-06,0.5154735740427472,0.5154876290741714,0.5154505859031545
N4096_eta01,0.0001,2.0,9.332543007969886e-06,0.5001268898516719,0.5001288929571831,0.5000951433414331
N4096_eta01,0.0001,2.0,1e-05,0.485366591074615,0.485361189223927,0.48533049493868075
N4096_eta01,0.0001,2.0,1.071519305237605e-05,0.471174215494004,0.471166412521796,0.47113855163144125
N4096_eta01,0.0001,2.0,1.1481536214968841e-05,0.4575349166675286,0.4575270848706664,0.45750185059069604
N4096_eta01,0.0001,2.0,1.230268770812381e-05,0.4444336923416978,0.4444263309139499,0.4444035305478106
N4096_eta01,0.0001,2.0,1.3182567385564049e-05,0.4318547922772421,0.43184785354668564,0.43182730749250964
N4096_eta01,0.0001,2.0,1.4125375446227553e-05,0.4197818744807843,0.4197759098938236,0.4197574507163643
N4096_eta01,0.0001,2.0,1.5135612484362071e-05,0.40819800353044416,0.40819528761503027,0.40817875917844126
N4096_eta01,0.0001,2.0,1.6218100973589265e-05,0.39708680588410955,0.39709128151625744,0.39707653817365024
N4096_eta01,0.0001,2.0,1.7378008287493764e-05,0.3864377162994486,0.3864496704530265,0.38643657628901706
N4096_eta01,0.0001,2.0,1.8620871366628657e-05,0.3762491642073561,0.37625669451585064,0.3762451226385689
N4096_eta01,0.0001,2.0,1.995262314968875e-05,0.36650526684024554,0.36649903249462235,0.36648886437389383
N4096_eta01,0.0001,2.0,2.1379620895022326e-05,0.35716739677079784,0.3571637796260923,0.3571549044747324
N4096_eta01,0.0001,2.0,2.29086765276777e-05,0.3482393587036064,0.3482384256368066,0.3482307398321735
N4096_eta01,0.0001,2.0,2.4547089156850235e-05,0.33971132625206485,0.3397108331030407,0.3397042396461827
N4096_eta01,0.0001,2.0,2.6302679918953814e-05,0.33156304569911305,0.3315692161593737,0.33156362416929375
N4096_eta01,0.0001,2.0,2.8183829312644495e-05,0.32380626443855287,0.32380211959847727,0.3237974438391941
N4096_eta01,0.0001,2.0,3.0199517204020195e-05,0.31640117753801,0.3163983984163577,0.3163945588545916
N4096_eta01,0.0001,2.0,3.235936569296281e-05,0.309341344113953,0.30934719786956716,0.30934411926101774
N4096_eta01,0.0001,2.0,3.467368504525309e-05,0.30263896495725656,0.3026379341234991,0.30263554562579753
N4096_eta01,0.0001,2.0,3.715352290971728e-05,0.2962558667720218,0.296260275583629,0.2962585103941563
N4096_eta01,0.0001,2.0,3.9810717055349695e-05,0.2902067009542476,0.2902041250140312,0.29020292003088677
N4096_eta01,0.0001,2.0,4.265795188015917e-05,0.28445500956708275,0.2844596025593572,0.2844588980638398
N4096_eta01,0.0001,2.0,4.570881896148752e-05,0.27901773315134687,0.2790170297972337,0.27901676915626483
N4096_eta01,0.0001,2.0,4.897788193684457e-05,0.27386619196512163,0.2738669149571869,0.27386704434416376
N4096_eta01,0.0001,2.0,5.2480746024977124e-05,0.26899925528087537,0.26899993944922374,0.26900040758183186
N4096_eta01,0.0001,2.0,5.623413251903491e-05,0.2644076808982406,0.2644069458495087,0.264407703743064
N4096_eta01,0.0001,2.0,6.025595860743569e-05,0.260081437218194,0.2600789274915931,0.2600799282265097
N4096_eta01,0.0001,2.0,6.456542290346563e-05,0.2560080353938471,0.2560070198088609,0.2560082183108741
N4096_eta01,0.0001,2.0,6.918309709189364e-05,0.25218102679543913,0.2521824935668,0.25218384639859365
N4096_eta01,0.0001,2.0,7.413102413009161e-05,0.24859478092862722,0.24859675011197518,0.24859821527489534
N4096_eta01,0.0001,2.0,7.943282347242822e-05,0.24524023326711694,0.2452413187480176,0.2452428554925913
N4096_eta01,0.0001,2.0,8.51138038202376e-05,0.24210881574553852,0.242107856327454,0.24210942497147472
N4096_eta01,0.0001,2.0,9.120108393559079e-05,0.23918962978197073,0.23918814912199468,0.23918971087500382
N4096_eta01,0.0001,2.0,9.772372209558111e-05,0.23647469126050769,0.23647411700338974,0.2364756337964618
N4096_eta01,0.0001,2.0,0.00010471285480508985,0.23395603689653985,0.23395781993282244,0.23395925425267086
N4096_eta01,0.0001,2.0,0.00011220184543019607,0.23163274885732155,0.2316314667199845,0.23163278144653937
N4096_eta01,0.0001,2.0,0.00012022644346174132,0.22948707926067563,0.2294874259746698,0.22948858422144464
N4096_eta01,0.0001,2.0,0.00012882495516931323,0.22751931944424178,0.22751823913530114,0.22751920409206813
N4096_eta01,0.0001,2.0,0.0001380384264602881,0.22571536364867117,0.22571663542187317,0.22571737019940472
N4096_eta01,0.0001,2.0,0.00014791083881682073,0.22407589017827878,0.2240755485269885,0.2240760160038981
N4096_eta01,0.0001,2.0,0.0001584893192461111,0.2225889588538685,0.22258813482965986,0.22258829750169457
N4096_eta01,0.0001,2.0,0.0001698243652461746,0.22124837435135625,0.2212477928939595,0.22124761272645202
N4096_eta01,0.0001,2.0,0.00018197008586099826,0.22004837076190326,0.22004818399983644,0.22004762228442706
N4096_eta01,0.0001,2.0,0.00019498445997580418,0.21898351415752654,0.21898325344767527,0.2189822706648564
N4096_eta01,0.0001,2.0,0.00020892961308540412,0.2180478311384148,0.2180472523822919,0.21804580807182591
N4096_eta01,0.0001,2.0,0.00022387211385683378,0.2172352462393221,0.2172347598965258,0.21723281253833268
N4096_eta01,0.0001,2.0,0.0002398832919019485,0.21654054380750803,0.21654070519946692,0.21653821210819163
N4096_eta01,0.0001,2.0,0.0002570395782768865,0.21596007684611074,0.21596038966931796,0.2159573069064785
N4096_eta01,0.0001,2.0,0.00027542287033381635,0.21548987831486394,0.21548950865524452,0.2154857909636479
N4096_eta01,0.0001,2.0,0.0002951209226666378,0.21512371456285154,0.21512417294530012,0.21511977371131988
N4096_eta01,0.0001,2.0,0.000316227766016838,0.21486112787920716,0.21486092987740202,0.21485580112777067
N4096_eta01,0.0001,2.0,0.0003388441561392021,0.21469702109047847,0.21469678413604487,0.21469087657706884
N4096_eta01,0.0001,2.0,0.0003630780547701003,0.21462882466506739,0.21462921834762286,0.21462248145622423
N4096_eta01,0.0001,2.0,0.0003890451449942805,0.21465599145524084,0.21465621366067197,0.2146485958384682
N4096_eta01,0.0001,2.0,0.0004168693834703347,0.21477628152167916,0.21477627057305165,0.2147677193768752
N4096_eta01,0.0001,2.0,0.0004466835921509635,0.21498851682361847,0.21498843034541557,0.21497889281035265
N4096_eta01,0.0001,2.0,0.00047863009232263805,0.2152923413507259,0.21529229741905337,0.21528172049335115
N4096_eta01,0.0001,2.0,0.0005128613839913639,0.21568795813042194,0.21568806333661222,0.21567639445183123
N4096_eta01,0.0001,2.0,0.0005495408738576249,0.21617626023329364,0.21617653274718696,0.2161637205519149
N4096_eta01,0.0001,2.0,0.0005888436553555884,0.21675907875380246,0.21675915216426261,0.21674514745581033
N4096_eta01,0.0001,2.0,0.0006309573444801918,0.2174382744069511,0.21743804223815605,0.21742279913418053
N4096_eta01,0.0001,2.0,0.000676082975391982,0.2182159398555132,0.21821603440674714,0.21819951180806024
N4096_eta01,0.0001,2.0,0.0007244359600749892,0.21909668806260946,0.21909671290303936,0.21907887631039846
N4096_eta01,0.0001,2.0,0.0007762471166286897,0.2200845454297437,0.22008446322985947,0.2200652869918704
N4096_eta01,0.0001,2.0,0.000831763771102671,0.2211844575148913,0.22118452836619962,0.22116399845330817
N4096_eta01,0.0001,2.0,0.000891250938133744,0.22240307665262912,0.2224030741527978,0.22238119157462727
N4096_eta01,0.0001,2.0,0.000954992586021437,0.223747392547336,0.2237472655243601,0.2237240505355588
N4096_eta01,0.0001,2.0,0.0010232929922807535,0.2252251715648323,0.2252253555217372,0.22520085279656651
N4096_eta01,0.0001,2.0,0.001096478196143183,0.22684682639165984,0.2268467893408036,0.2268210743409111
N4096_eta01,0.0001,2.0,0.0011748975549395304,0.22862248809415606,0.22862232606959215,0.22859551288537225
N4096_eta01,0.0001,2.0,0.0012589254117941662,0.23056417808066987,0.23056418124843375,0.23053643226548629
N4096_eta01,0.0001,2.0,0.0013489628825916506,0.23268604176505694,0.23268619398037593,0.2326577318132804
N4096_eta01,0.0001,2.0,0.0014454397707459282,0.23500388595185606,0.23500402304689438,0.23497514529874128
N4096_eta01,0.0001,2.0,0.0015488166189124796,0.23753531892477514,0.23753537737903863,0.2375064749347235
N4096_eta01,0.0001,2.0,0.0016595869074375565,0.24030029425888194,0.2403002873366436,0.24027186709127157
N4096_eta01,0.0001,2.0,0.001778279410038923,0.24332146693597675,0.2433214246078481,0.24329413778271058
N4096_eta01,0.0001,2.0,0.0019054607179632445,0.24662453154094133,0.24662448021971925,0.24659915774603147
N4096_eta01,0.0001,2.0,0.0020417379446695232,0.2502386498110711,0.25023861222486565,0.25021630910526527
N4096_eta01,0.0001,2.0,0.002187761623949552,0.2541969783660366,0.2541969771927037,0.25417902831707484
N4096_eta01,0.0001,2.0,0.002344228815319918,0.2585373066398682,0.2585373628022413,0.25852545344505906
N4096_eta01,0.0001,2.0,0.002511886431509582,0.26330282406352723,0.2633029427430952,0.2632991979691495
N4096_eta01,0.0001,2.0,0.0026915348039269144,0.26854303635235377,0.2685431799427892,0.2685502784863234
N4096_eta01,0.0001,2.0,0.0028840315031266,0.2743148325807316,0.27431491002889447,0.2743362300116761
N4096_eta01,0.0001,2.0,0.003090295432513592,0.2806837068760771,0.2806836440852526,0.2807234503735685
N4096_eta01,0.0001,2.0,0.003311311214825908,0.2877252811567032,0.28772513832356467,0.28778882463119265
N4096_eta01,0.0001,2.0,0.003548133892335746,0.2955273458543168,0.2955272883172642,0.29562169167274105
N4096_eta01,0.0001,2.0,0.0038018939632056127,0.3041923038345939,0.3041924167520972,0.30432622812394083
N4096_eta01,0.0001,2.0,0.0040738027780411225,0.3138399204687741,0.31384003556470286,0.31402433891154874
N4096_eta01,0.0001,2.0,0.004365158322401648,0.32461027457231256,0.32461017422451066,0.32485915787178626
N4096_eta01,0.0001,2.0,0.004677351412871981,0.3366674888469104,0.33666737227080035,0.33699927246213923
N4096_eta01,0.0001,2.0,0.005011872336272715,0.3502053156434688,0.3502054290847536,0.35064378728793666
N4096_eta01,0.0001,2.0,0.005370317963702533,0.3654528796929921,0.36545297389440323,0.366028318702954
N4096_eta01,0.0001,2.0,0.005754399373371567,0.3826800054957825,0.3826798391192461,0.3834319421072429
N4096_eta01,0.0001,2.0,0.006165950018614809,0.4022040419823542,0.4022040441189586,0.40318494760236
N4096_eta01,0.0001,2.0,0.006606934480075964,0.4243986636767134,0.4243988400479981,0.42567691105864164
N4096_eta01,0.0001,2.0,0.007079457843841374,0.4496987367472393,0.4496985788882605,0.45136389705021235
N4096_eta01,0.0001,2.0,0.007585775750291821,0.478600917658624,0.4786008855503068,0.4807722921669189
N4096_eta01,0.0001,2.0,0.008128305161640995,0.5116600736319457,0.5116602797211005,0.5144943256968783
N4096_eta01,0.0001,2.0,0.008709635899560796,0.5494645005129198,0.5494642879322114,0.5531659496097564
N4096_eta01,0.0001,2.0,0.009332543007969887,0.592576114105888,0.5925761634445993,0.5974101945813144
N4096_eta01,0.0001,2.0,0.01,0.6414173066448405,0.6414174692210466,0.6477169504618419
N4096_eta01,0.0001,4.0,1.0000000000000002e-14,0.38695411115150624,0.386938643146889,0.38689658655441445
N4096_eta01,0.0001,4.0,1.0715193052376049e-14,0.4005265927209098,0.4005350295643052,0.40049032228736786
N4096_eta01,0.0001,4.0,1.148153621496884e-14,0.4146011155953424,0.4146092103783817,0.4145614822271388
N4096_eta01,0.0001,4.0,1.2302687708123812e-14,0.4291954461411206,0.4291780246102664,0.4291268125377301
N4096_eta01,0.0001,4.0,1.3182567385564046e-14,0.4442478966865409,0.444258218580446,0.4442036444358284
N4096_eta01,0.0001,4.0,1.4125375446227557e-14,0.4598722238206291,0.4598680824771396,0.4598099143751122
N4096_eta01,0.0001,4.0,1.5135612484362073e-14,0.47600694876391525,0.47602630565069814,0.47596418489891573
N4096_eta01,0.0001,4.0,1.6218100973589332e-14,0.49278617536117536,0.49275204414309093,0.49268566618027676
N4096_eta01,0.0001,4.0,1.7378008287493765e-14,0.5100441136540128,0.510065286429032,0.5099942382685576
N4096_eta01,0.0001,4.0,1.8620871366628658e-14,0.5279884871436531,0.5279861857146315,0.5279104740620095
N4096_eta01,0.0001,4.0,1.9952623149688828e-14,0.5465325833052218,0.5465366345319658,0.5464556630256835
N4096_eta01,0.0001,4.0,2.1379620895022327e-14,0.5657517399676294,0.5657385718871085,0.5656518356741513
N4096_eta01,0.0001,4.0,2.29086765276777e-14,0.5856073761624417,0.5856142999737158,0.5855217888384392
N4096_eta01,0.0001,4.0,2.4547089156850338e-14,0.6061711294046861,0.6061880970821522,0.6060891117364295
N4096_eta01,0.0001,4.0,2.6302679918953815e-14,0.6275180764014764,0.6274837816451327,0.6273782128657889
N4096_eta01,0.0001,4.0,2.8183829312644495e-14,0.6495051189150337,0.6495273329016567,0.6494143477381465
N4096_eta01,0.0001,4.0,3.019951720402019e-14,0.6723522333930658,0.6723442828605231,0.6722236474727832
N4096_eta01,0.0001,4.0,3.2359365692962816e-14,0.6959357847313036,0.6959621271555994,0.695833148267519
N4096_eta01,0.0001,4.0,3.46736850452531e-14,0.7204545245476252,0.7204087845559748,0.7202708217637833
N4096_eta01,0.0001,4.0,3.715352290971728e-14,0.7456857449265886,0.7457131082281631,0.7455656063218798
N4096_eta01,0.0001,4.0,3.9810717055349693e-14,0.7719028933083201,0.7719050594901131,0.771747439221413
N4096_eta01,0.0001,4.0,4.2657951880159345e-14,0.799023147061738,0.7990158190530293,0.7988472898005182
N4096_eta01,0.0001,4.0,4.570881896148752e-14,0.8270819927882772,0.827077443708756,0.8268971935459428
N4096_eta01,0.0001,4.0,4.897788193684456e-14,0.8561205673124859,0.8561231416229631,0.8559302871442303
N4096_eta01,0.0001,4.0,5.248074602497734e-14,0.8861561212757192,0.8861870892330653,0.8859808445020834
N4096_eta01,0.0001,4.0,5.623413251903491e-14,0.9173642363783329,0.9173047952552343,0.9170843137415151
N4096_eta01,0.0001,4.0,6.025595860743569e-14,0.9494741469403333,0.9495131853077967,0.9492773551725369
N4096_eta01,0.0001,4.0,6.456542290346563e-14,0.9828617469995977,0.9828501258399797,0.9825978802427968
N4096_eta01,0.0001,4.0,6.918309709189363e-14,1.0173239245485581,1.0173549840104037,1.0170850914598337
N4096_eta01,0.0001,4.0,7.413102413009162e-14,1.0531234224836536,1.0530682539480616,1.0527795232773327
N4096_eta01,0.0001,4.0,7.943282347242822e-14,1.0900000470845939,1.0900318255853572,1.0897230839317944
N4096_eta01,0.0001,4.0,8.51138038202376e-14,1.1282765519388889,1.1282894557098224,1.127959098210525
N4096_eta01,0.0001,4.0,9.120108393559116e-14,1.1679171691675283,1.1678858237146281,1.1675323511255955
N4096_eta01,0.0001,4.0,9.772372209558112e-14,1.2088531724483744,1.2088672369935252,1.2084891324611904
N4096_eta01,0.0001,4.0,1.0471285480508985e-13,1.2512874709340573,1.2512818913549228,1.2508772821539194
N4096_eta01,0.0001,4.0,1.1220184543019654e-13,1.2951284187789431,1.2951791343875432,1.2947462364565256
N4096_eta01,0.0001,4.0,1.2022644346174131e-13,1.3407037535730528,1.3406103069624375,1.340147074825353
N4096_eta01,0.0001,4.0,1.2882495516931323e-13,1.3875676899361005,1.387628176687962,1.3871325674606498
N4096_eta01,0.0001,4.0,1.3803842646028868e-13,1.4363003540717703,1.4362875806579556,1.4357572234159313
N4096_eta01,0.0001,4.0,1.4791083881682072e-13,1.4866171457844546,1.4866448848908584,1.4860773391785673
N4096_eta01,0.0001,4.0,1.584893192461111e-13,1.5388149928041006,1.5387583513416554,1.5381510476078233
N4096_eta01,0.0001,4.0,1.698243652461746e-13,1.5926566434815215,1.5926882707203738,1.5920383670988452
N4096_eta01,0.0001,4.0,1.8197008586099824e-13,1.6484628261524792,1.6484968046164616,1.6478012508214221
N4096_eta01,0.0001,4.0,1.9498445997580416e-13,1.706322821461477,1.7062479864353226,1.705503635860412
N4096_eta01,0.0001,4.0,2.0892961308540411e-13,1.7659611573781921,1.7660081229504185,1.7652114920602378
N4096_eta01,0.0001,4.0,2.2387211385683378e-13,1.8278633428752644,1.8278455033693914,1.8269928703488434
N4096_eta01,0.0001,4.0,2.3988329190194847e-13,1.891755840787951,1.8918304391451712,1.8909179502864712
N4096_eta01,0.0001,4.0,2.570395782768865e-13,1.9581694481470222,1.958035641107831,1.957059086551197
N4096_eta01,0.0001,4.0,2.7542287033381635e-13,2.0264516387489646,2.0265360341976204,2.0254908540364114
N4096_eta01,0.0001,4.0,2.95120922666639e-13,2.0974153880874398,2.09740875786059,2.096290091194723
N4096_eta01,0.0001,4.0,3.1622776601683797e-13,2.17072728461223,2.1707331542669963,2.169535941217517
N4096_eta01,0.0001,4.0,3.3884415613920205e-13,2.2466318532495433,2.246591252664632,2.2453098905900775
N4096_eta01,0.0001,4.0,3.630780547701018e-13,2.3250442551177777,2.325067211786857,2.3236958045071523
N4096_eta01,0.0001,4.0,3.890451449942805e-13,2.406177688574139,2.4062477246243335,2.404779958573802
N4096_eta01,0.0001,4.0,4.168693834703347e-13,2.490366758700545,2.4902219085452773,2.4886510661501178
N4096_eta01,0.0001,4.0,4.466835921509635e-13,2.5769836090011418,2.57708148560061,2.5754003006256627
N4096_eta01,0.0001,4.0,4.786300923226381e-13,2.666953067905658,2.666920502049634,2.665121311829827
N4096_eta01,0.0001,4.0,5.128613839913659e-13,2.759740035676121,2.7598356904102546,2.7579102356971403
N4096_eta01,0.0001,4.0,5.495408738576248e-13,2.856097915969771,2.8559262865670605,2.8538656962110003
N4096_eta01,0.0001,4.0,5.888436553555884e-13,2.955188603931487,2.9552939103622418,2.9530887985455463
N4096_eta01,0.0001,4.0,6.309573444801943e-13,3.0580276746988084,3.0580428054791327,3.0556831122117263
N4096_eta01,0.0001,4.0,6.760829753919819e-13,3.1643311217016876,3.16427962261054,3.161754642890586
N4096_eta01,0.0001,4.0,7.244359600749892e-13,3.2741064682132173,3.2741135800005496,3.2714117915031378
N4096_eta01,0.0001,4.0,7.762471166286928e-13,3.387654975301241,3.387656135084083,3.3847652989212444
N4096_eta01,0.0001,4.0,8.317637711026709e-13,3.5048972408194934,3.5050211420204813,3.5019281745678725
N4096_eta01,0.0001,4.0,8.912509381337441e-13,3.626569431095219,3.6263246551805457,3.6230156069868045
N4096_eta01,0.0001,4.0,9.54992586021437e-13,3.751517531768967,3.751684871323614,3.74814485428106
N4096_eta01,0.0001,4.0,1.0232929922807536e-12,3.881265638137372,3.8812219125579257,3.8774351121262214
N4096_eta01,0.0001,4.0,1.0964781961431851e-12,4.014961724442228,4.01505792428374,4.011007356858711
N4096_eta01,0.0001,4.0,1.1748975549395302e-12,4.153502869434761,4.153316483062774,4.148984160920338
N4096_eta01,0.0001,4.0,1.258925411794166e-12,4.296010110149266,4.296122739445183,4.291489477709467
N4096_eta01,0.0001,4.0,1.3489628825916534e-12,4.443538246593961,4.443603034400516,4.438648392646476
N4096_eta01,0.0001,4.0,1.445439770745928e-12,4.596052071306914,4.595884624310095,4.59058683700761
N4096_eta01,0.0001,4.0,1.5488166189124795e-12,4.752991250658569,4.753095310007115,4.747431260818893
N4096_eta01,0.0001,4.0,1.6595869074375598e-12,4.915400052417441,4.915363202701352,4.90930826083189
N4096_eta01,0.0001,4.0,1.7782794100389228e-12,5.082626199562893,5.0828161022990255,5.076344159328664
N4096_eta01,0.0001,4.0,1.9054607179632443e-12,5.255945841304554,5.2555812445055,5.248664529228067
N4096_eta01,0.0001,4.0,2.041737944669532e-12,5.433537382317698,5.433784563251213,5.426393660693288
N4096_eta01,0.0001,4.0,2.1877616239495518e-12,5.617587320491639,5.617550307861004,5.609653964177114
N4096_eta01,0.0001,4.0,2.344228815319923e-12,5.806959869019464,5.807000183084119,5.798565304593714
N4096_eta01,0.0001,4.0,2.5118864315095823e-12,6.002392382907045,6.002252725283192,5.9932442610807515
N4096_eta01,0.0001,4.0,2.6915348039269142e-12,6.2033330992564455,6.203422393737465,6.193803306624749
N4096_eta01,0.0001,4.0,2.884031503126606e-12,6.410463772756807,6.410618813568286,6.40034990167548
N4096_eta01,0.0001,4.0,3.090295432513592e-12,6.624308694929839,6.623945579001552,6.612985495786732
N4096_eta01,0.0001,4.0,3.311311214825908e-12,6.843235283904869,6.843499300451632,6.831804431305838
N4096_eta01,0.0001,4.0,3.548133892335753e-12,7.0694551431233235,7.0693683327682235,7.056892743211501
N4096_eta01,0.0001,4.0,3.8018939632056125e-12,7.301392206107845,7.301631480917706,7.288326849389023
N4096_eta01,0.0001,4.0,4.073802778041122e-12,7.540818352008794,7.540356586516742,7.5261721259579515
N4096_eta01,0.0001,4.0,4.365158322401657e-12,7.7852882019605865,7.785598909340802,7.770481362755031
N4096_eta01,0.0001,4.0,4.677351412871982e-12,8.037385939586697,8.037399498263838,8.021293094754297
N4096_eta01,0.0001,4.0,5.011872336272715e-12,8.295913032567185,8.295783368138117,8.278629806108762
N4096_eta01,0.0001,4.0,5.370317963702533e-12,8.560731617393557,8.560757570156607,8.5424960046568
N4096_eta01,0.0001,4.0,5.754399373371567e-12,8.832294069152772,8.832309079187574,8.81287616618853
N4096_eta01,0.0001,4.0,6.165950018614822e-12,9.110118917978667,9.110402611344638,9.0897325495508
N4096_eta01,0.0001,4.0,6.6069344800759645e-12,9.395606709136805,9.394978311047485,9.373002885819666
N4096_eta01,0.0001,4.0,7.079457843841373e-12,9.685474064938688,9.685949207401217,9.662597947326585
N4096_eta01,0.0001,4.0,7.585775750291836e-12,9.983323994923301,9.983198734729356,9.958399005320421
N4096_eta01,0.0001,4.0,8.128305161640996e-12,10.286380366953182,10.286578007473803,10.260255188513854
N4096_eta01,0.0001,4.0,8.709635899560797e-12,10.596337814410377,10.595903019172855,10.56798075872181
N4096_eta01,0.0001,4.0,9.332543007969906e-12,10.910649722995752,10.910951871370553,10.88135232426411
N4096_eta01,0.0001,4.0,1e-11,11.231322985208754,11.23146187297268,11.200106016773873
N4096_eta01,0.0001,4.0,1.0715193052376049e-11,11.557595956225036,11.55712662799801,11.523934662509136
N4096_eta01,0.0001,4.0,1.1481536214968842e-11,11.887233659708373,11.887593237619313,11.852484985166631
N4096_eta01,0.0001,4.0,1.2302687708123813e-11,12.222575387813738,12.222459470367816,12.185354883476691
N4096_eta01,0.0001,4.0,1.3182567385564075e-11,12.560876245348531,12.561271100982419,12.52209083341841
N4096_eta01,0.0001,4.0,1.4125375446227556e-11,12.904375739094798,12.903519448564328,12.86218547159752
N4096_eta01,0.0001,4.0,1.5135612484362072e-11,13.247982819629819,13.248639119665848,13.205075423002254
N4096_eta01,0.0001,4.0,1.6218100973589298e-11,13.596103856436928,13.596006097383398,13.550139442772371
N4096_eta01,0.0001,4.0,1.7378008287493765e-11,13.944993762300316,13.94493617160585,13.896696947519413
N4096_eta01,0.0001,4.0,1.8620871366628657e-11,14.29481326147268,14.294683913479304,14.24400701680959
N4096_eta01,0.0001,4.0,1.995262314968879e-11,14.644293506933057,14.644442152555715,14.59126794931072
N4096_eta01,0.0001,4.0,2.1379620895022327e-11,14.993009963407626,14.9933421153327,14.937617460419279
N4096_eta01,0.0001,4.0,2.2908676527677702e-11,15.341384651342022,15.3404543276947,15.282133608507696
N4096_eta01,0.0001,4.0,2.4547089156850283e-11,15.683984847930743,15.684790309895453,15.62383653483517
N4096_eta01,0.0001,4.0,2.6302679918953818e-11,16.02555746595838,16.02530519815508,15.961691097229036
N4096_eta01,0.0001,4.0,2.8183829312644493e-11,16.360565967791366,16.36090133579313,16.294610469482162
N4096_eta01,0.0001,4.0,3.019951720402019e-11,16.69121795014426,16.690432928468258,16.621460766700025
N4096_eta01,0.0001,4.0,3.235936569296281e-11,17.01208155438288,17.012711778055177,16.941066741343242
N4096_eta01,0.0001,4.0,3.467368504525317e-11,17.32645968913048,17.32651412499172,17.252218575348465
N4096_eta01,0.0001,4.0,3.715352290971728e-11,17.631173243749746,17.63058865835297,17.55367977054131
N4096_eta01,0.0001,4.0,3.9810717055349695e-11,17.923155943740046,17.923665562777504,17.844196112845175
N4096_eta01,0.0001,4.0,4.2657951880159254e-11,18.20461960443931,18.204466665138348,18.1225056560243
N4096_eta01,0.0001,4.0,4.570881896148752e-11,18.471252085912944,18.471716517522527,18.38734963860596
N4096_eta01,0.0001,4.0,4.897788193684457e-11,18.72535676554577,18.724154317077293,18.637484214167564
N4096_eta01,0.0001,4.0,5.2480746024977236e-11,18.959468947615612,18.960546513176386,18.871692841538778
N4096_eta01,0.0001,4.0,5.6234132519034906e-11,19.179965287460195,19.17969990686614,19.0887991490367
N4096_eta01,0.0001,4.0,6.025595860743569e-11,19.38053185798793,19.38047501672472,19.287680057137933
N4096_eta01,0.0001,4.0,6.456542290346562e-11,19.561976125081433,19.561799486016746,19.467278918572998
N4096_eta01,0.0001,4.0,6.918309709189364e-11,19.722418787954034,19.72268123010814,19.626618415258033
N4096_eta01,0.0001,4.0,7.413102413009162e-11,19.861941942355184,19.8622210754384,19.764812939177517
N4096_eta01,0.0001,4.0,7.943282347242822e-11,19.980740985765088,19.979624593740542,19.88108018048881
N4096_eta01,0.0001,4.0,8.511380382023759e-11,20.07306827146664,20.074212848410543,19.974751651591372
N4096_eta01,0.0001,4.0,9.120108393559097e-11,20.145846622579093,20.145431799935324,20.045281891119853
N4096_eta01,0.0001,4.0,9.772372209558111e-11,20.192542064117085,20.19286012634445,20.092256116731487
N4096_eta01,0.0001,4.0,1.0471285480508986e-10,20.217081990854872,20.21621525744981,20.11539612959026
N4096_eta01,0.0001,4.0,1.1220184543019632e-10,20.214521252251902,20.21535746437194,20.11456431551749
N4096_eta01,0.0001,4.0,1.2022644346174132e-10,20.19037672083182,20.190291894484464,20.089765636320394
N4096_eta01,0.0001,4.0,1.2882495516931322e-10,20.141797337306684,20.141168496156737,20.041147557876023
N4096_eta01,0.0001,4.0,1.3803842646028838e-10,20.067594294413297,20.068279835688813,19.96899791690461
N4096_eta01,0.0001,4.0,1.479108388168207e-10,19.972297678841315,19.97205686663815,19.87374078364068
N4096_eta01,0.0001,4.0,1.5848931924611142e-10,19.85269864886057,19.85306276172834,19.75593043043086
N4096_eta01,0.0001,4.0,1.6982436524617427e-10,19.713129841329533,19.71198497334157,19.616243564439277
N4096_eta01,0.0001,4.0,1.8197008586099827e-10,19.54840737669544,19.549625726036446,19.45547002419588
N4096_eta01,0.0001,4.0,1.9498445997580455e-10,19.367297700709805,19.366891182508063,19.27450217315095
N4096_eta01,0.0001,4.0,2.0892961308540407e-10,19.16486820569284,19.164779543648926,19.074323247649733
N4096_eta01,0.0001,4.0,2.2387211385683377e-10,18.944426700577864,18.94436836707616,18.855994931276896
N4096_eta01,0.0001,4.0,2.3988329190194897e-10,18.706571527368926,18.70680138413902,18.62064443232618
N4096_eta01,0.0001,4.0,2.570395782768865e-10,18.45314345073276,18.45327509672338,18.369451336688748
N4096_eta01,0.0001,4.0,2.7542287033381637e-10,18.18593965150933,18.185025416364923,18.10363449560599
N4096_eta01,0.0001,4.0,2.951209226666384e-10,17.902198475348015,17.903314595478793,17.82443918770795
N4096_eta01,0.0001,4.0,3.1622776601683795e-10,17.609900657782255,17.609418663683677,17.53312476899097
N4096_eta01,0.0001,4.0,3.3884415613920275e-10,17.30440497560837,17.304615557511333,17.23095299443464
N4096_eta01,0.0001,4.0,3.6307805477010104e-10,16.99080802832714,16.990174100953983,16.91917716239443
N4096_eta01,0.0001,4.0,3.890451449942805e-10,16.6666045880646,16.66734395052145,16.599032199240575
N4096_eta01,0.0001,4.0,4.168693834703355e-10,16.33754084931838,16.337346589938278,16.27172576831386
N4096_eta01,0.0001,4.0,4.4668359215096254e-10,16.00179496100883,16.001367431530984,15.938430455307735
N4096_eta01,0.0001,4.0,4.78630092322638e-10,15.659979856264565,15.66054903776573,15.600277052613269
N4096_eta01,0.0001,4.0,5.128613839913648e-10,15.316218068439165,15.315985463133426,15.258348938685911
N4096_eta01,0.0001,4.0,5.495408738576249e-10,14.968517388769879,14.968717686907071,14.9136775255816
N4096_eta01,0.0001,4.0,5.888436553555885e-10,14.620489084027808,14.619730085051579,14.56723872871677
N4096_eta01,0.0001,4.0,6.30957344480193e-10,14.26899718154302,14.26994788093899,14.21995039768483
N4096_eta01,0.0001,4.0,6.760829753919819e-10,13.920640840281159,13.920235498958164,13.872670635506061
N4096_eta01,0.0001,4.0,7.244359600749892e-10,13.57141525096264,13.571395735794546,13.526196925760853
N4096_eta01,0.0001,4.0,7.762471166286911e-10,13.224233750008738,13.224169665425737,13.181265982330299
N4096_eta01,0.0001,4.0,8.31763771102671e-10,12.879027562647384,12.879237185038146,12.838554234553733
N4096_eta01,0.0001,4.0,8.91250938133746e-10,12.537223204768587,12.537218113997852,12.498678861087916
N4096_eta01,0.0001,4.0,9.54992586021435e-10,12.199183719824587,12.198673761124772,12.162199288190607
N4096_eta01,0.0001,4.0,1.0232929922807536e-09,11.863380963228812,11.864108875811015,11.829619072135436
N4096_eta01,0.0001,4.0,1.0964781961431852e-09,11.534337859038912,11.533973909527322,11.501388090606937
N4096_eta01,0.0001,4.0,1.1748975549395278e-09,11.208528833112814,11.20866751438933,11.177904973872725
N4096_eta01,0.0001,4.0,1.2589254117941663e-09,10.88896049262387,10.888539216679538,10.859519712975763
N4096_eta01,0.0001,4.0,1.3489628825916533e-09,10.573333509202605,10.573892208822588,10.546536388870784
N4096_eta01,0.0001,4.0,1.445439770745928e-09,10.265210231514157,10.264986209153422,10.23921597312768
N4096_eta01,0.0001,4.0,1.5488166189124799e-09,9.962207526470317,9.962040345990125,9.93777915736934
N4096_eta01,0.0001,4.0,1.6595869074375598e-09,9.664978971434163,9.665236030514818,9.642409174867831
N4096_eta01,0.0001,4.0,1.778279410038923e-09,9.374809044504657,9.374719786195877,9.353254583595454
N4096_eta01,0.0001,4.0,1.9054607179632444e-09,9.090531871366496,9.090606010623485,9.070431985450075
N4096_eta01,0.0001,4.0,2.0417379446695276e-09,8.813393660638551,8.812979648655293,8.794028661308893
N4096_eta01,0.0001,4.0,2.187761623949552e-09,8.541304842980237,8.541898761473641,8.524105105994412
N4096_eta01,0.0001,4.0,2.344228815319923e-09,8.277697876175075,8.277396979931119,8.260697451160153
N4096_eta01,0.0001,4.0,2.511886431509577e-09,8.019439353311926,8.019485833246854,8.003819767536996
N4096_eta01,0.0001,4.0,2.6915348039269142e-09,7.768293422786227,7.768156948354266,7.753466240945408
N4096_eta01,0.0001,4.0,2.884031503126606e-09,7.5231503028866875,7.523384116653284,7.50961321900655
N4096_eta01,0.0001,4.0,3.0902954325135923e-09,7.285208133119258,7.285125227602254,7.272221127608992
N4096_eta01,0.0001,4.0,3.3113112148259078e-09,7.053533964444255,7.0533240702565365,7.041236257946877
N4096_eta01,0.0001,4.0,3.5481338923357537e-09,6.827569227797188,6.827912005307163,6.816592426375701
N4096_eta01,0.0001,4.0,3.8018939632056126e-09,6.608991447569515,6.608809511040792,6.598212510472234
N4096_eta01,0.0001,4.0,4.073802778041122e-09,6.395850605261133,6.3959276079410285,6.386009865570351
N4096_eta01,0.0001,4.0,4.365158322401657e-09,6.189437900817221,6.189169167037667,6.179889626709732
N4096_eta01,0.0001,4.0,4.6773514128719815e-09,5.988041621126001,5.988430107451686,5.979749901410073
N4096_eta01,0.0001,4.0,5.0118723362727255e-09,5.79379291539484,5.793600489321817,5.785482858998815
N4096_eta01,0.0001,4.0,5.370317963702522e-09,5.6045860930602736,5.604565508014274,5.596975722401752
N4096_eta01,0.0001,4.0,5.754399373371567e-09,5.42117714535152,5.421206395701646,5.41411166837576
N4096_eta01,0.0001,4.0,6.165950018614823e-09,5.243354941614028,5.2434012366868,5.236770642142429
N4096_eta01,0.0001,4.0,6.606934480075952e-09,5.071034101143285,5.071025702067409,5.064830092288249
N4096_eta01,0.0001,4.0,7.0794578438413736e-09,4.904142343585286,4.903953709974705,4.898165631646588
N4096_eta01,0.0001,4.0,7.585775750291836e-09,4.741753417804,4.7420580166897075,4.736651629682921
N4096_eta01,0.0001,4.0,8.128305161640994e-09,4.585381447129121,4.585210744201848,4.580161741677978
N4096_eta01,0.0001,4.0,8.709635899560797e-09,4.433232304472945,4.433283849281384,4.428569379754563
N4096_eta01,0.0001,4.0,9.332543007969905e-09,4.286294215761612,4.286149538908562,4.281748130529313
N4096_eta01,0.0001,4.0,1e-08,4.143462308371114,4.143680636620029,4.139572123898412
N4096_eta01,0.0001,4.0,1.0715193052376048e-08,4.005855359951225,4.005750904107839,4.001916357190615
N4096_eta01,0.0001,4.0,1.1481536214968818e-08,3.8722883404066843,3.8722353220123935,3.8686569786469294
N4096_eta01,0.0001,4.0,1.2302687708123811e-08,3.742912428269361,3.7430103336872023,3.739671533916974
N4096_eta01,0.0001,4.0,1.3182567385564074e-08,3.617989516476909,3.617954055351947,3.6148391789997736
N4096_eta01,0.0001,4.0,1.4125375446227526e-08,3.496927129811186,3.4969464558740575,3.494040862804307
N4096_eta01,0.0001,4.0,1.5135612484362072e-08,3.380013135479955,3.379869509123146,3.3771594822629747
N4096_eta01,0.0001,4.0,1.62181009735893e-08,3.266379765486604,3.266607321603372,3.2640800127011387
N4096_eta01,0.0001,4.0,1.7378008287493763e-08,3.1571735303832806,3.157046237882568,3.1546896159479054
N4096_eta01,0.0001,4.0,1.8620871366628656e-08,3.051049825515271,3.0510749261110623,3.0488777284682906
N4096_eta01,0.0001,4.0,1.995262314968879e-08,2.9486465231069934,2.9485844457149075,2.946536131604433
N4096_eta01,0.0001,4.0,2.1379620895022325e-08,2.8493604135066617,2.8494682991873255,2.847559005833811
N4096_eta01,0.0001,4.0,2.2908676527677703e-08,2.7536722542743086,2.75362246972744,2.7518429707849106
N4096_eta01,0.0001,4.0,2.4547089156850285e-08,2.6610050698442618,2.660945446307936,2.6592871125953876
N4096_eta01,0.0001,4.0,2.6302679918953814e-08,2.5712297539671773,2.5713382376157856,2.5697930000539166
N4096_eta01,0.0001,4.0,2.818382931264455e-08,2.4847615701507806,2.484704376181635,2.483264690833772
N4096_eta01,0.0001,4.0,3.0199517204020135e-08,2.400926607606537,2.400949913882568,2.3996087290038655
N4096_eta01,0.0001,4.0,3.2359365692962815e-08,2.3200822268253027,2.319983409880153,2.3187341348901604
N4096_eta01,0.0001,4.0,3.467368504525317e-08,2.2415611274484,2.241715911979448,2.2405523882570124
N4096_eta01,0.0001,4.0,3.7153522909717206e-08,2.1661462851355604,2.166060932268715,2.164977405683168
N4096_eta01,0.0001,4.0,3.9810717055349696e-08,2.092926643952605,2.092934417828839,2.0919255129204837
N4096_eta01,0.0001,4.0,4.265795188015926e-08,2.0222728039683573,2.022254717224565,2.0213154129442694
N4096_eta01,0.0001,4.0,4.5708818961487524e-08,1.9538939245151332,1.9539425434052082,1.9530681503318668
N4096_eta01,0.0001,4.0,4.897788193684457e-08,1.8879429582441487,1.8879209335819158,1.8871070725403747
N4096_eta01,0.0001,4.0,5.248074602497723e-08,1.8241668984496626,1.8241152065980368,1.823357788594546
N4096_eta01,0.0001,4.0,5.623413251903491e-08,1.7623612579901795,1.7624529182353674,1.7617481256415821
N4096_eta01,0.0001,4.0,6.025595860743569e-08,1.7029155832274925,1.7028638148687845,1.7022080837801497
N4096_eta01,0.0001,4.0,6.456542290346549e-08,1.6452610883856564,1.6452797858244252,1.644669789526307
N4096_eta01,0.0001,4.0,6.918309709189362e-08,1.5896997710822058,1.5896348147621673,1.5890674482385616
N4096_eta01,0.0001,4.0,7.413102413009178e-08,1.5357629174455392,1.535864930362899,1.5353372957876064
N4096_eta01,0.0001,4.0,7.943282347242806e-08,1.4839640503612515,1.4839081565737375,1.4834175497232942
N4096_eta01,0.0001,4.0,8.511380382023759e-08,1.4337034956749584,1.433704462626494,1.433248360161534
N4096_eta01,0.0001,4.0,9.120108393559096e-08,1.3851987879164909,1.3851957130261208,1.3847717605869092
N4096_eta01,0.0001,4.0,9.772372209558092e-08,1.3383006470207672,1.3383256176748906,1.3379316187425885
N4096_eta01,0.0001,4.0,1.0471285480508985e-07,1.2930515208628623,1.2930396822816328,1.2926735877573046
N4096_eta01,0.0001,4.0,1.122018454301963e-07,1.2493226926981726,1.249285159182153,1.2489450576396468
N4096_eta01,0.0001,4.0,1.202264434617413e-07,1.2069454983151768,1.2070109986813646,1.2066951072522667
N4096_eta01,0.0001,4.0,1.2882495516931324e-07,1.166204693272277,1.166167801012615,1.165874456862921
N4096_eta01,0.0001,4.0,1.380384264602884e-07,1.1266949574086695,1.1267077689923777,1.1264354213551313
N4096_eta01,0.0001,4.0,1.4791083881682074e-07,1.0886288437843676,1.0885846614418606,1.0883318641686488
N4096_eta01,0.0001,4.0,1.584893192461111e-07,1.0516834630714982,1.0517537474280971,1.0515191520286487
N4096_eta01,0.0001,4.0,1.6982436524617427e-07,1.016210976396383,1.0161717613753556,1.015954110512525
N4096_eta01,0.0001,4.0,1.8197008586099827e-07,0.9817942939234101,0.9817968590822214,0.9815949804942614
N4096_eta01,0.0001,4.0,1.9498445997580458e-07,0.9485961406560377,0.9485885746763303,0.9484013754983511
N4096_eta01,0.0001,4.0,2.0892961308540366e-07,0.9164833740930454,0.9165077785286662,0.9163342399882415
N4096_eta01,0.0001,4.0,2.2387211385683377e-07,0.885529428460991,0.8855166361456812,0.885355808608001
N4096_eta01,0.0001,4.0,2.39883291901949e-07,0.8555990906444753,0.8555785680501746,0.8554295663904292
N4096_eta01,0.0001,4.0,2.570395782768865e-07,0.8266228347055754,0.8266582106583332,0.8265202099399261
N4096_eta01,0.0001,4.0,2.7542287033381637e-07,0.7987382140434187,0.7987213781554616,0.798593609594201
N4096_eta01,0.0001,4.0,2.9512092266663846e-07,0.7717292280288921,0.7717350253692957,0.7716167725651344
N4096_eta01,0.0001,4.0,3.1622776601683797e-07,0.7456978542392211,0.7456672116372122,0.7455578070558504
N4096_eta01,0.0001,4.0,3.3884415613920205e-07,0.7204375243389588,0.7204870656601171,0.7203858873481838
N4096_eta01,0.0001,4.0,3.6307805477010105e-07,0.696193099430201,0.6961647513337488,0.6960712198522779
N4096_eta01,0.0001,4.0,3.890451449942805e-07,0.6726642080559377,0.6726714345459395,0.67258501010792
N4096_eta01,0.0001,4.0,4.1686938347033557e-07,0.6500002355948544,0.6499792509269651,0.6498994307253758
N4096_eta01,0.0001,4.0,4.4668359215096253e-07,0.6280250122217861,0.6280612745380851,0.6279875902519437
N4096_eta01,0.0001,4.0,4.786300923226381e-07,0.606912197491518,0.6068914874823342,0.606823502949135
N4096_eta01,0.0001,4.0,5.128613839913648e-07,0.5864452493597805,0.5864447504208867,0.5863820594642808
N4096_eta01,0.0001,4.0,5.495408738576237e-07,0.5666999210006143,0.5666967739768968,0.5666389983794474
N4096_eta01,0.0001,4.0,5.888436553555884e-07,0.5476078419054397,0.547624091008435,0.5475708786198189
N4096_eta01,0.0001,4.0,6.309573444801931e-07,0.5292142572243074,0.5292040297313556,0.5291550527031004
N4096_eta01,0.0001,4.0,6.760829753919819e-07,0.5114225455606994,0.5114146876727728,0.5113696408110299
N4096_eta01,0.0001,4.0,7.244359600749892e-07,0.49422492011384467,0.49423490643514545,0.49419350566375686
N4096_eta01,0.0001,4.0,7.762471166286911e-07,0.47764116029257836,0.47764424725106425,0.47760622817757936
N4096_eta01,0.0001,4.0,8.31763771102671e-07,0.46162694996259085,0.4616229673086725,0.46158808388640105
N4096_eta01,0.0001,4.0,8.912509381337442e-07,0.44616285463473393,0.4461519968273728,0.4461200201071644
N4096_eta01,0.0001,4.0,9.54992586021435e-07,0.43119849850614816,0.4312129168637846,0.4311836338295183
N4096_eta01,0.0001,4.0,1.0232929922807537e-06,0.4167891715651975,0.41678793782784296,0.4167611503100268
N4096_eta01,0.0001,4.0,1.0964781961431828e-06,0.40286214478836146,0.4028598786890076,0.4028354023513011
N4096_eta01,0.0001,4.0,1.1748975549395304e-06,0.38942195175051664,0.38941214685281456,0.3893898102465845
N4096_eta01,0.0001,4.0,1.2589254117941661e-06,0.3764171753730434,0.37642871868812794,0.37640836237049086
N4096_eta01,0.0001,4.0,1.3489628825916506e-06,0.3638925918650643,0.36389412068566895,0.3638755963967689
N4096_eta01,0.0001,4.0,1.445439770745928e-06,0.351797569512035,0.3517934112286676,0.3517765811242179
N4096_eta01,0.0001,4.0,1.5488166189124796e-06,0.3401175516556143,0.3401121629567141,0.3400968988920871
N4096_eta01,0.0001,4.0,1.6595869074375565e-06,0.32883411127480633,0.3288364457041337,0.32882262856654443
N4096_eta01,0.0001,4.0,1.7782794100389231e-06,0.3179422955330078,0.31795280999452014,0.31794032908007286
N4096_eta01,0.0001,4.0,1.9054607179632443e-06,0.3074572612571834,0.3074482710733395,0.3074370235058924
N4096_eta01,0.0001,4.0,2.0417379446695316e-06,0.29730913365915035,0.29731029346072513,0.29730018364977806
N4096_eta01,0.0001,4.0,2.187761623949552e-06,0.2875359694709518,0.2875267760069574,0.2875177151419177
N4096_eta01,0.0001,4.0,2.344228815319918e-06,0.27806803365244886,0.2780860374333258,0.27807794301168176
N4096_eta01,0.0001,4.0,2.5118864315095823e-06,0.2689852045092919,0.2689768023413488,0.26896959772846574
N4096_eta01,0.0001,4.0,2.6915348039269138e-06,0.2601875494488397,0.2601881876735984,0.2601818016919826
N4096_eta01,0.0001,4.0,2.8840315031266e-06,0.25171534583851374,0.2517096896095977,0.2517040561556231
N4096_eta01,0.0001,4.0,3.0902954325135923e-06,0.2435310379421127,0.24353117088050918,0.243526228566737
N4096_eta01,0.0001,4.0,3.311311214825908e-06,0.2356303138425172,0.23564284848655587,0.23563854030788742
N4096_eta01,0.0001,4.0,3.548133892335746e-06,0.22804307620640318,0.22803528180128677,0.22803155482332615
N4096_eta01,0.0001,4.0,3.801893963205613e-06,0.22069894081111666,0.2206993610470538,0.2206961661151428
N4096_eta01,0.0001,4.0,4.073802778041122e-06,0.2136292903859832,0.2136262961261934,0.21362358759369485
N4096_eta01,0.0001,4.0,4.365158322401666e-06,0.2068127836039815,0.20680760579260155,0.20680534126709227
N4096_eta01,0.0001,4.0,4.677351412871981e-06,0.20022387372496317,0.20023510714854703,0.20023324725467617
N4096_eta01,0.0001,4.0,5.011872336272715e-06,0.1938984167203163,0.1939009054517009,0.19389941360954513
N4096_eta01,0.0001,4.0,5.370317963702533e-06,0.1878034531113228,0.18779738421753,0.18779622643534954
N4096_eta01,0.0001,4.0,5.754399373371567e-06,0.1819171546948088,0.18191719560230601,0.18191634028268755
N4096_eta01,0.0001,4.0,6.16595001861481e-06,0.17625343597349108,0.17625325105214718,0.17625266881057142
N4096_eta01,0.0001,4.0,6.606934480075964e-06,0.1708041869252107,0.17079871220364543,0.1707983756985865
N4096_eta01,0.0001,4.0,7.079457843841373e-06,0.16554950207674485,0.16554698202178508,0.1655468657955056
N4096_eta01,0.0001,4.0,7.585775750291821e-06,0.16048573147150444,0.16049169616104,0.16049177649029367
N4096_eta01,0.0001,4.0,8.128305161640995e-06,0.1556184821958917,0.15562671453574176,0.15562696929164846
N4096_eta01,0.0001,4.0,8.709635899560797e-06,0.15094231355285595,0.15094611308604847,0.150946521602453
N4096_eta01,0.0001,4.0,9.332543007969886e-06,0.1464452214300081,0.14644417572613672,0.14644471867580164
N4096_eta01,0.0001,4.0,1e-05,0.14211871102150989,0.14211538646159885,0.14211604573962405
N4096_eta01,0.0001,4.0,1.071519305237605e-05,0.13795807469155133,0.13795442166345054,0.13795518027734777
N4096_eta01,0.0001,4.0,1.1481536214968841e-05,0.13395945403080778,0.13395614248667784,0.13395698445256396
N4096_eta01,0.0001,4.0,1.230268770812381e-05,0.13011860250846372,0.13011558742189727,0.13011649766629918
N4096_eta01,0.0001,4.0,1.3182567385564049e-05,0.1264309010957138,0.12642796496944897,0.12642892923624247
N4096_eta01,0.0001,4.0,1.4125375446227553e-05,0.12289150382265612,0.12288864642616884,0.12288965118820482
N4096_eta01,0.0001,4.0,1.5135612484362071e-05,0.1194952656720284,0.11949315877616193,0.11949419115115094
N4096_eta01,0.0001,4.0,1.6218100973589265e-05,0.11623690628102953,0.11623717767816652,0.11623822534842201
N4096_eta01,0.0001,4.0,1.7378008287493764e-05,0.11311279382304375,0.1131165205435909,0.11311757167924733
N4096_eta01,0.0001,4.0,1.8620871366628657e-05,0.11012338149075493,0.11012713970100588,0.11012818288634924
N4096_eta01,0.0001,4.0,1.995262314968875e-05,0.10726629437156875,0.1072651156448367,0.10726613980740048
N4096_eta01,0.0001,4.0,2.1379620895022326e-05,0.10452826433400862,0.10452665036821547,0.10452764471030951
N4096_eta01,0.0001,4.0,2.29086765276777e-05,0.10190830130861528,0.10190806078243178,0.1019090147147849
N4096_eta01,0.0001,4.0,2.4547089156850235e-05,0.09940681117663347,0.0994057722281669,0.09940667530537334
N4096_eta01,0.0001,4.0,2.6302679918953814e-05,0.09701343337919813,0.09701631208670566,0.09701715394417473
N4096_eta01,0.0001,4.0,2.8183829312644495e-05,0.09473786925821183,0.09473630350256224,0.09473707379467652
N4096_eta01,0.0001,4.0,3.0199517204020195e-05,0.09256354885342111,0.09256245923241015,0.09256314757159989
N4096_eta01,0.0001,4.0,3.235936569296281e-05,0.09048909620670617,0.09049157563882612,0.09049217153526973
N4096_eta01,0.0001,4.0,3.467368504525309e-05,0.08852108021955918,0.0885205268510695,0.0885210196527278
N4096_eta01,0.0001,4.0,3.715352290971728e-05,0.08664537943967217,0.08664625911885909,0.08664663795154598
N4096_eta01,0.0001,4.0,3.9810717055349695e-05,0.084866767646709,0.0848657853887646,0.08486603909594949
N4096_eta01,0.0001,4.0,4.265795188015917e-05,0.08317509505225813,0.08317618013628864,0.08317629721831502
N4096_eta01,0.0001,4.0,4.570881896148752e-05,0.0815749192678137,0.08157457448984923,0.08157454304223898
N4096_eta01,0.0001,4.0,4.897788193684457e-05,0.08005731257776957,0.08005815168551272,0.0800579593360097
N4096_eta01,0.0001,4.0,5.2480746024977124e-05,0.07862436110844943,0.07862414289333108,0.07862377673731441
N4096_eta01,0.0001,4.0,5.623413251903491e-05,0.07727013450745278,0.07726982345732286,0.07726926999119914
N4096_eta01,0.0001,4.0,6.025595860743569e-05,0.07599323848879022,0.07599250959134138,0.07599175464349468
N4096_eta01,0.0001,4.0,6.456542290346563e-05,0.0747894410230828,0.07478955557213125,0.07478858423098259
N4096_eta01,0.0001,4.0,6.918309709189364e-05,0.07365754186289705,0.07365835146865769,0.07365714800735132
N4096_eta01,0.0001,4.0,7.413102413009161e-05,0.0725954521044772,0.07259632144317316,0.07259486924037292
N4096_eta01,0.0001,4.0,7.943282347242822e-05,0.07160028040521532,0.07160092265441409,0.07159920411065711
N4096_eta01,0.0001,4.0,8.51138038202376e-05,0.07066964279606619,0.07066964478676638,0.07066764123578376
N4096_eta01,0.0001,4.0,9.120108393559079e-05,0.0698004435109058,0.0698000102212588,0.0697977018356348
N4096_eta01,0.0001,4.0,9.772372209558111e-05,0.06898984313805856,0.0689895748549549,0.06898694054545905
N4096_eta01,0.0001,4.0,0.00010471285480508985,0.0682354836587666,0.06823592956491113,0.06823294687279893
N4096_eta01,0.0001,4.0,0.00011220184543019607,0.06753699152584859,0.06753670230162279,0.06753334728316399
N4096_eta01,0.0001,4.0,0.00012022644346174132,0.06688961509750843,0.06688956078513715,0.06688580788759393
N4096_eta01,0.0001,4.0,0.00012882495516931323,0.06629244988448439,0.06629221576517466,0.0662880376934155
N4096_eta01,0.0001,4.0,0.0001380384264602881,0.06574210285896934,0.06574242479512239,0.06573779236801956
N4096_eta01,0.0001,4.0,0.00014791083881682073,0.06523817778622634,0.06523799645912477,0.06523287845484659
N4096_eta01,0.0001,4.0,0.0001584893192461111,0.06477702376769573,0.06477679498217788,0.06477115797144439
N4096_eta01,0.0001,4.0,0.0001698243652461746,0.06435680829130266,0.06435674514559228,0.06435055331191797
N4096_eta01,0.0001,4.0,0.00018197008586099826,0.06397577317853659,0.06397583742483172,0.0639690523707267
N4096_eta01,0.0001,4.0,0.00019498445997580418,0.06363210263519682,0.06363213326388674,0.063624713801927
N4096_eta01,0.0001,4.0,0.00020892961308540412,0.06332387593850522,0.0633237704002349,0.06331567232783968
N4096_eta01,0.0001,4.0,0.00022387211385683378,0.06304912876150645,0.0630489681571838,0.06304014401385233
N4096_eta01,0.0001,4.0,0.0002398832919019485,0.0628060576036908,0.0628060326259785,0.06279643143163459
N4096_eta01,0.0001,4.0,0.0002570395782768865,0.06259320980728911,0.0625933616683454,0.0625829286413169
N4096_eta01,0.0001,4.0,0.00027542287033381635,0.062409579032444554,0.062409449680888615,0.062398125933903405
N4096_eta01,0.0001,4.0,0.0002951209226666378,0.06225273749220466,0.06225289207560012,0.06224061428801165
N4096_eta01,0.0001,4.0,0.000316227766016838,0.06212248459594925,0.06212238944526407,0.06210908950952425
N4096_eta01,0.0001,4.0,0.0003388441561392021,0.06201676793047391,0.06201675139825651,0.06200235603842683
N4096_eta01,0.0001,4.0,0.0003630780547701003,0.06193477869418527,0.061934900063670265,0.061919330423506856
N4096_eta01,0.0001,4.0,0.0003890451449942805,0.06187585096096019,0.061875873284362365,0.061859044482218344
N4096_eta01,0.0001,4.0,0.0004168693834703347,0.06183887067920181,0.06183882753199585,0.061820648179457184
N4096_eta01,0.0001,4.0,0.0004466835921509635,0.06182309892059404,0.061823040594078865,0.061803412274880884
N4096_eta01,0.0001,4.0,0.00047863009232263805,0.06182796077769489,0.06182791409812366,0.06180673080348437
N4096_eta01,0.0001,4.0,0.0005128613839913639,0.06185298112395089,0.06185297595221047,0.061830123468256434
N4096_eta01,0.0001,4.0,0.0005495408738576249,0.06189781877319343,0.06189788279439988,0.06187323803684648
N4096_eta01,0.0001,4.0,0.0005888436553555884,0.06196237066791532,0.06196242255568177,0.061935852846355846
N4096_eta01,0.0001,4.0,0.0006309573444801918,0.062046575548747665,0.06204651725267318,0.062017879531825096
N4096_eta01,0.0001,4.0,0.000676082975391982,0.06215022801547665,0.06215022613739811,0.06211936610503142
N4096_eta01,0.0001,4.0,0.0007244359600749892,0.06227371380038596,0.06227374934261649,0.06224050052125795
N4096_eta01,0.0001,4.0,0.0007762471166286897,0.06241747622112961,0.06241743217284032,0.062381614883267496
N4096_eta01,0.0001,4.0,0.000831763771102671,0.06258172684930523,0.06258177020400134,0.06254319044442608
N4096_eta01,0.0001,4.0,0.000891250938133744,0.06276743993408976,0.06276741536943471,0.06272586358749271
N4096_eta01,0.0001,4.0,0.000954992586021437,0.06297519720926041,0.06297518322724734,0.06293043297284738
N4096_eta01,0.0001,4.0,0.0010232929922807535,0.06320601394454181,0.06320606162518694,0.06315786807081136
N4096_eta01,0.0001,4.0,0.001096478196143183,0.06346125134384548,0.06346122100492511,0.06340931931832122
N4096_eta01,0.0001,4.0,0.0011748975549395304,0.06374206205083884,0.06374202661947848,0.0636861301718178
N4096_eta01,0.0001,4.0,0.0012589254117941662,0.06405003009331414,0.06405005297684016,0.06398985136732341
N4096_eta01,0.0001,4.0,0.0013489628825916506,0.06438705542570575,0.0643871008715887,0.06432225774711518
N4096_eta01,0.0001,4.0,0.0014454397707459282,0.0647551942797205,0.06475521742649498,0.06468536807237261
N4096_eta01,0.0001,4.0,0.0015488166189124796,0.06515672386545575,0.06515671964069308,0.06508146831541872
N4096_eta01,0.0001,4.0,0.0016595869074375565,0.0655942430169921,0.06559422203321826,0.06551313901709642
N4096_eta01,0.0001,4.0,0.001778279410038923,0.06607069733150991,0.06607066908493374,0.06598328740872324
N4096_eta01,0.0001,4.0,0.0019054607179632445,0.06658940299509122,0.066589373323517,0.06649518513942115
N4096_eta01,0.0001,4.0,0.0020417379446695232,0.06715408695830845,0.06715406007222458,0.06705251262542608
N4096_eta01,0.0001,4.0,0.002187761623949552,0.06776893924078013,0.06776892010257432,0.06765941125726609
N4096_eta01,0.0001,4.0,0.002344228815319918,0.06843867640387928,0.06843867170551886,0.06832054497518575
N4096_eta01,0.0001,4.0,0.002511886431509582,0.06916861813035538,0.069168634040294,0.06904117306816861
N4096_eta01,0.0001,4.0,0.0026915348039269144,0.06996477944356819,0.06996481405481869,0.06982723648746587
N4096_eta01,0.0001,4.0,0.0028840315031266,0.07083397569191044,0.07083400982256977,0.07068546051823092
N4096_eta01,0.0001,4.0,0.003090295432513592,0.07178392899178379,0.0717839338431457,0.07162347735800928
N4096_eta01,0.0001,4.0,0.003311311214825908,0.07282339032085217,0.07282336075395128,0.07264997305576655
N4096_eta01,0.0001,4.0,0.003548133892335746,0.07396233532864672,0.07396230506140979,0.07377486443367487
N4096_eta01,0.0001,4.0,0.0038018939632056127,0.07521222671622345,0.07521223600708377,0.07500951313275275
N4096_eta01,0.0001,4.0,0.0040738027780411225,0.07658630112265892,0.0765863386535355,0.07636698591143387
N4096_eta01,0.0001,4.0,0.004365158322401648,0.07809983479408063,0.07809983286713054,0.07786237294718291
N4096_eta01,0.0001,4.0,0.004677351412871981,0.0797704017894412,0.07977036531309106,0.07951317937363836
N4096_eta01,0.0001,4.0,0.005011872336272715,0.0816184906333201,0.08161849417407879,0.08133980995005921
N4096_eta01,0.0001,4.0,0.005370317963702533,0.08366825470945968,0.08366829249857954,0.08336617306057986
N4096_eta01,0.0001,4.0,0.005754399373371567,0.08594812454497908,0.08594810450874533,0.08562043882848144
N4096_eta01,0.0001,4.0,0.006165950018614809,0.08849152750359132,0.08849150075575557,0.08813599794597057
N4096_eta01,0.0001,4.0,0.006606934480075964,0.09133845622852908,0.0913384940232964,0.09095268423700288
N4096_eta01,0.0001,4.0,0.007079457843841374,0.0945371026123857,0.09453710028560752,0.09411834701911871
N4096_eta01,0.0001,4.0,0.007585775750291821,0.09814539711017822,0.09814536070647337,0.09769089204121473
N4096_eta01,0.0001,4.0,0.008128305161640995,0.10223394760978292,0.10223398594469016,0.10174095672644838
N4096_eta01,0.0001,4.0,0.008709635899560796,0.10688985319758221,0.10688984947222793,0.10635545363954943
N4096_eta01,0.0001,4.0,0.009332543007969887,0.11222068844586687,0.11222065227093067,0.1116423163382063
N4096_eta01,0.0001,4.0,0.01,0.11836117294930228,0.11836122270794408,0.11773693095010954
N4096_eta01,0.0001,8.0,1.0000000000000002e-14,1.4739386176888947,1.4738787813704053,1.4733192054078108
N4096_eta01,0.0001,8.0,1.0715193052376049e-14,1.5255123777528259,1.525545710829814,1.5249475808262352
N4096_eta01,0.0001,8.0,1.148153621496884e-14,1.5789786946240034,1.5790143569007205,1.5783742454915526
N4096_eta01,0.0001,8.0,1.2302687708123812e-14,1.6344250224806667,1.6343466639992001,1.633660649758544
N4096_eta01,0.0001,8.0,1.3182567385564046e-14,1.6915549194992896,1.6916039846579576,1.6908702140791978
N4096_eta01,0.0001,8.0,1.4125375446227557e-14,1.7508719572212292,1.750853263652583,1.750068377775159
N4096_eta01,0.0001,8.0,1.5135612484362073e-14,1.8120840882917686,1.8121626620226319,1.81132264733096
N4096_eta01,0.0001,8.0,1.6218100973589332e-14,1.8757425863448223,1.875601781090167,1.8747026439593597
N4096_eta01,0.0001,8.0,1.7378008287493765e-14,1.9411542676411537,1.9412430122968276,1.9402801501573796
N4096_eta01,0.0001,8.0,1.8620871366628658e-14,2.0091660546019616,2.0091589669345704,2.008129154935693
N4096_eta01,0.0001,8.0,1.9952623149688828e-14,2.0794216805654,2.079428394300626,2.0783258973638343
N4096_eta01,0.0001,8.0,2.1379620895022327e-14,2.1521731156422024,2.1521297190108375,2.1509489080297217
N4096_eta01,0.0001,8.0,2.29086765276777e-14,2.2273177970883222,2.22734218933649,2.2260790479632337
N4096_eta01,0.0001,8.0,2.4547089156850338e-14,2.30507841049501,2.3051519134724523,2.3037995445198396
N4096_eta01,0.0001,8.0,2.6302679918953815e-14,2.3857944796006185,2.385642581364635,2.3841960236612305
N4096_eta01,0.0001,8.0,2.8183829312644495e-14,2.4688028775200923,2.4689052915960192,2.467356538004967
N4096_eta01,0.0001,8.0,3.019951720402019e-14,2.555062817274825,2.555028619009683,2.5533715899436906
N4096_eta01,0.0001,8.0,3.2359365692962816e-14,2.644006516896037,2.6441076218120085,2.6423341490562295
N4096_eta01,0.0001,8.0,3.46736850452531e-14,2.736419012825932,2.736237926167031,2.7343396629474
N4096_eta01,0.0001,8.0,3.715352290971728e-14,2.831406577148588,2.8315175435413966,2.8294860605593284
N4096_eta01,0.0001,8.0,3.9810717055349693e-14,2.930031824505575,2.9300473993071527,2.927873746895136
N4096_eta01,0.0001,8.0,4.2657951880159345e-14,3.0319845795031912,3.031931610311415,3.0296055879842902
N4096_eta01,0.0001,8.0,4.570881896148752e-14,3.1372699242857522,3.1372760419774197,3.134786884797701
N4096_eta01,0.0001,8.0,4.897788193684456e-14,3.2461874421786407,3.246189174407278,3.2435253346892456
N4096_eta01,0.0001,8.0,5.248074602497734e-14,3.3586509200494943,3.3587812311219887,3.3559309787978653
N4096_eta01,0.0001,8.0,5.623413251903491e-14,3.4754224048911384,3.4751653373383866,3.472116133690593
N4096_eta01,0.0001,8.0,6.025595860743569e-14,3.595282190544533,3.5954576055367813,3.59219530536117
N4096_eta01,0.0001,8.0,6.456542290346563e-14,3.719821244295993,3.719775108828773,3.7162850835207277
N4096_eta01,0.0001,8.0,6.918309709189363e-14,3.848134972894015,3.8482376955068975,3.844504013926527
N4096_eta01,0.0001,8.0,7.413102413009162e-14,3.9811642669306457,3.980966294525321,3.976972446291496
N4096_eta01,0.0001,8.0,7.943282347242822e-14,4.117964319374098,4.118083584946723,4.113812355101083
N4096_eta01,0.0001,8.0,8.51138038202376e-14,4.259647921238964,4.259715369276828,4.255147130435869
N4096_eta01,0.0001,8.0,9.120108393559116e-14,4.406160578790597,4.405986674778655,4.401101335658226
N4096_eta01,0.0001,8.0,9.772372209558112e-14,4.556917002942028,4.557023926692278,4.551800428570015
N4096_eta01,0.0001,8.0,1.0471285480508985e-13,4.712993403840332,4.712955413624698,4.707370442388354
N4096_eta01,0.0001,8.0,1.1220184543019654e-13,4.873707469806455,4.873908047500351,4.867937622618045
N4096_eta01,0.0001,8.0,1.2022644346174131e-13,5.040394148271257,5.040009870898192,5.033628015626386
N4096_eta01,0.0001,8.0,1.2882495516931323e-13,5.2111274197258,5.211387343725197,5.204567004451555
N4096_eta01,0.0001,8.0,1.3803842646028868e-13,5.388206713048395,5.388166989159924,5.380878787103028
N4096_eta01,0.0001,8.0,1.4791083881682072e-13,5.570426418084246,5.570472663453842,5.562685792348518
N4096_eta01,0.0001,8.0,1.584893192461111e-13,5.758577780694311,5.758426062136024,5.75010802773115
N4096_eta01,0.0001,8.0,1.698243652461746e-13,5.9520502593367315,5.952146288416914,5.943262354332175
N4096_eta01,0.0001,8.0,1.8197008586099824e-13,6.15158600615837,6.151748297910741,6.142261682597439
N4096_eta01,0.0001,8.0,1.9498445997580416e-13,6.357721005440783,6.357341840133694,6.347214083391151
N4096_eta01,0.0001,8.0,2.0892961308540411e-13,6.5687575843058745,6.569031727615522,6.558221808340883
N4096_eta01,0.0001,8.0,2.2387211385683378e-13,6.787006216038741,6.786915542758742,6.775380213509728
N4096_eta01,0.0001,8.0,2.3988329190194847e-13,7.010827091648134,7.0110824341086815,6.998776580491452
N4096_eta01,0.0001,8.0,2.570395782768865e-13,7.242103686694326,7.241612977078118,7.228488829192761
N4096_eta01,0.0001,8.0,2.7542287033381635e-13,7.478247896165648,7.47857694632292,7.46458411686736
N4096_eta01,0.0001,8.0,2.95120922666639e-13,7.72201945036779,7.722031637363455,7.707117318423844
N4096_eta01,0.0001,8.0,3.1622776601683797e-13,7.972148824950635,7.972020036470529,7.956129383671704
N4096_eta01,0.0001,8.0,3.3884415613920205e-13,8.22855300270489,8.2285705464109,8.21164556803047
N4096_eta01,0.0001,8.0,3.630780547701018e-13,8.49167321170227,8.491693047631673,8.473673534336179
N4096_eta01,0.0001,8.0,3.890451449942805e-13,8.761078759656979,8.761378114757903,8.742201324775975
N4096_eta01,0.0001,8.0,4.168693834703347e-13,9.03825555939778,9.037594368670126,9.017195203701261
N4096_eta01,0.0001,8.0,4.466835921509635e-13,9.319788987948888,9.320286677774446,9.298597374149715
N4096_eta01,0.0001,8.0,4.786300923226381e-13,9.609505403617499,9.609372750631076,9.586323573385503
N4096_eta01,0.0001,8.0,5.128613839913659e-13,9.90452334114789,9.904741722526644,9.880260555678785
N4096_eta01,0.0001,8.0,5.495408738576248e-13,10.206723555075017,10.206250886188453,10.18026347392058
N4096_eta01,0.0001,8.0,5.888436553555884e-13,10.513396882024736,10.513722598126387,10.486153175533698
N4096_eta01,0.0001,8.0,6.309573444801943e-13,10.826799170245579,10.826942259502676,10.79771343250628
N4096_eta01,0.0001,8.0,6.760829753919819e-13,11.146138837166475,11.145654861549406,11.114688130246016
N4096_eta01,0.0001,8.0,7.244359600749892e-13,11.469198093261056,11.469562705553468,11.43677844531419
N4096_eta01,0.0001,8.0,7.762471166286928e-13,11.798438713051947,11.798321726744055,11.76364004791184
N4096_eta01,0.0001,8.0,8.317637711026709e-13,12.131115612869028,12.13153937465389,12.094880371195773
N4096_eta01,0.0001,8.0,8.912509381337441e-13,12.469686439035126,12.46877161071394,12.430055996004818
N4096_eta01,0.0001,8.0,9.54992586021437e-13,12.808822914134346,12.809520536629602,12.76867020624831
N4096_eta01,0.0001,8.0,1.0232929922807536e-12,13.153339451121443,13.153231879487103,13.11017077688229
N4096_eta01,0.0001,8.0,1.0964781961431851e-12,13.499334069521327,13.49929367871104,13.453948062860928
N4096_eta01,0.0001,8.0,1.1748975549395302e-12,13.847199953698041,13.847033590770252,13.799333463444402
N4096_eta01,0.0001,8.0,1.258925411794166e-12,14.195546466824174,14.195718699871554,14.145598341467192
N4096_eta01,0.0001,8.0,1.3489628825916534e-12,14.54420380701858,14.54455453335196,14.491953481275655
N4096_eta01,0.0001,8.0,1.445439770745928e-12,14.89366581549227,14.892685117537706,14.837549171645712
N4096_eta01,0.0001,8.0,1.5488166189124795e-12,15.238350977247388,15.239193628308493,15.181476000680012
N4096_eta01,0.0001,8.0,1.6595869074375598e-12,15.58336923100267,15.583104248533047,15.52276644803031
N4096_eta01,0.0001,8.0,1.7782794100389228e-12,15.923007145201813,15.923384181683494,15.860397355375104
N4096_eta01,0.0001,8.0,1.9054607179632443e-12,16.25981664650692,16.258947536712594,16.193293348511617
N4096_eta01,0.0001,8.0,2.041737944669532e-12,16.587968941991296,16.588659355007294,16.520331273359375
N4096_eta01,0.0001,8.0,2.1877616239495518e-12,16.9112914513553,16.911341565642385,16.840345693374424
N4096_eta01,0.0001,8.0,2.344228815319923e-12,17.22637708461312,17.22577925936958,17.15213547721785
N4096_eta01,0.0001,8.0,2.5118864315095823e-12,17.530222965964075,17.530728675209254,17.45447148304605
N4096_eta01,0.0001,8.0,2.6915348039269142e-12,17.825070803926902,17.82492592735565,17.7461053197232
N4096_eta01,0.0001,8.0,2.884031503126606e-12,18.106590656944007,18.10709716487211,18.02577913604564
N4096_eta01,0.0001,8.0,3.090295432513592e-12,18.377276046105234,18.37596917773341,18.29223635739431
N4096_eta01,0.0001,8.0,3.311311214825908e-12,18.629117926316123,18.630281376200845,18.544233256019325
N4096_eta01,0.0001,8.0,3.548133892335753e-12,18.869088096823557,18.868798159104067,18.78055120755659
N4096_eta01,0.0001,8.0,3.8018939632056125e-12,19.09034868588449,19.09032194016076,19.000009453729692
N4096_eta01,0.0001,8.0,4.073802778041122e-12,19.293953868498928,19.29370646275155,19.201478160991247
N4096_eta01,0.0001,8.0,4.365158322401657e-12,19.477553279760265,19.47787012085771,19.383891538677428
N4096_eta01,0.0001,8.0,4.677351412871982e-12,19.64151258323644,19.641809181834297,19.546260759643456
N4096_eta01,0.0001,8.0,5.011872336272715e-12,19.785808244717003,19.784610488633184,19.68768641276659
N4096_eta01,0.0001,8.0,5.370317963702533e-12,19.904245826672856,19.90546341570684,19.80737021137639
N4096_eta01,0.0001,8.0,5.754399373371567e-12,20.004110243379323,20.003670771978292,19.904625685516507
N4096_eta01,0.0001,8.0,6.165950018614822e-12,20.07828812905764,20.078658439109425,19.97888759946538
N4096_eta01,0.0001,8.0,6.6069344800759645e-12,20.130976216686186,20.12998345255554,20.029719859177266
N4096_eta01,0.0001,8.0,7.079457843841373e-12,20.15639630586278,20.157340317539326,20.05682170676826
N4096_eta01,0.0001,8.0,7.585775750291836e-12,20.160668606148732,20.1605654414182,20.060032039864666
N4096_eta01,0.0001,8.0,8.128305161640996e-12,20.14029793190041,20.139639501401312,20.03933174107445
N4096_eta01,0.0001,8.0,8.709635899560797e-12,20.093987121984576,20.094687734259217,19.99484395514737
N4096_eta01,0.0001,8.0,9.332543007969906e-12,20.02621260657279,20.02597810732416,19.926832306369594
N4096_eta01,0.0001,8.0,1e-11,19.933511455676264,19.933917436357397,19.8356971040401
N4096_eta01,0.0001,8.0,1.0715193052376049e-11,19.820325340245564,19.819045562757253,19.72196963712278
N4096_eta01,0.0001,8.0,1.1481536214968842e-11,19.680675500519406,19.682027702300754,19.58630470811614
N4096_eta01,0.0001,8.0,1.2302687708123813e-11,19.524096416291577,19.523645225569606,19.4294715988509
N4096_eta01,0.0001,8.0,1.3182567385564075e-11,19.344855737446434,19.344785062652978,19.252343695715837
N4096_eta01,0.0001,8.0,1.4125375446227556e-11,19.146545734719545,19.146427985659688,19.055887027592632
N4096_eta01,0.0001,8.0,1.5135612484362072e-11,18.929345009016053,18.929636082357575,18.841147985926725
N4096_eta01,0.0001,8.0,1.6218100973589298e-11,18.69540028581905,18.695539663330855,18.609240502772092
N4096_eta01,0.0001,8.0,1.7378008287493765e-11,18.446333353160846,18.44532393716213,18.361332959708154
N4096_eta01,0.0001,8.0,1.8620871366628657e-11,18.17899191664855,18.180215637913847,18.098635089050305
N4096_eta01,0.0001,8.0,1.995262314968879e-11,17.90199484225441,17.90146993867922,17.82238510992087
N4096_eta01,0.0001,8.0,2.1379620895022327e-11,17.61011033324324,17.610357830864412,17.533837316911555
N4096_eta01,0.0001,8.0,2.2908676527677702e-11,17.30889451054478,17.30815414406399,17.234250309793108
N4096_eta01,0.0001,8.0,2.4547089156850283e-11,16.9952758104009,16.996126413415325,16.924876020586673
N4096_eta01,0.0001,8.0,2.6302679918953818e-11,16.675749031599544,16.675524679626978,16.606949660825027
N4096_eta01,0.0001,8.0,2.8183829312644493e-11,16.348036427241816,16.347572336757562,16.28168067839253
N4096_eta01,0.0001,8.0,3.019951720402019e-11,16.012849575549367,16.013458054001617,15.950244781146106
N4096_eta01,0.0001,8.0,3.235936569296281e-11,15.674569207514521,15.674328831157524,15.6137770545711
N4096_eta01,0.0001,8.0,3.467368504525317e-11,15.331059147051828,15.331284185075313,15.273366173761215
N4096_eta01,0.0001,8.0,3.715352290971728e-11,14.986233600721395,14.985371379644024,14.930049686541707
N4096_eta01,0.0001,8.0,3.9810717055349695e-11,14.636508191431073,14.637581775739939,14.5848103248624
N4096_eta01,0.0001,8.0,4.2657951880159254e-11,14.289303970838995,14.288848105686986,14.238573285759976
N4096_eta01,0.0001,8.0,4.570881896148752e-11,13.940055235865456,13.940042687170813,13.8922044111446
N4096_eta01,0.0001,8.0,4.897788193684457e-11,13.59207094983792,13.591976471359342,13.54650918718706
N4096_eta01,0.0001,8.0,5.2480746024977236e-11,13.245145315759101,13.245398827557572,13.202232478857635
N4096_eta01,0.0001,8.0,5.6234132519034906e-11,12.90100743543685,12.900997984667743,12.86005891281371
N4096_eta01,0.0001,8.0,6.025595860743569e-11,12.559975565877956,12.559402049037917,12.5206138219345
N4096_eta01,0.0001,8.0,6.456542290346562e-11,12.220365950863412,12.221180476892426,12.184464666932035
N4096_eta01,0.0001,8.0,6.918309709189364e-11,11.887250873363353,11.886845976469726,11.852122854207671
N4096_eta01,0.0001,8.0,7.413102413009162e-11,11.55669755915616,11.556856711746399,11.524045874081859
N4096_eta01,0.0001,8.0,7.943282347242822e-11,11.232104603945807,11.231618753589155,11.200639689343692
N4096_eta01,0.0001,8.0,8.511380382023759e-11,10.910849553667655,10.911488727597593,10.882261310430138
N4096_eta01,0.0001,8.0,9.120108393559097e-11,10.597031471697012,10.596776578402462,10.569221500183907
N4096_eta01,0.0001,8.0,9.772372209558111e-11,10.287934899938989,10.287748412340212,10.261787557829965
N4096_eta01,0.0001,8.0,1.0471285480508986e-10,9.984345575646056,9.984629373118848,9.96018613837239
N4096_eta01,0.0001,8.0,1.1220184543019632e-10,9.687701846297498,9.687606514022692,9.664606069909123
N4096_eta01,0.0001,8.0,1.2022644346174132e-10,9.396747856114144,9.39683162287431,9.375201137287899
N4096_eta01,0.0001,8.0,1.2882495516931322e-10,9.112895585884152,9.112423993295986,9.092092806013746
N4096_eta01,0.0001,8.0,1.3803842646028838e-10,8.833799217660252,8.834473103768236,8.815372865323182
N4096_eta01,0.0001,8.0,1.479108388168207e-10,8.56338129666322,8.563041201704158,8.545105973842908
N4096_eta01,0.0001,8.0,1.5848931924611142e-10,8.298112507290568,8.298165765866678,8.281332095248215
N4096_eta01,0.0001,8.0,1.6982436524617427e-10,8.040018898881955,8.039861852135074,8.024068814841176
N4096_eta01,0.0001,8.0,1.8197008586099827e-10,7.7878580300715505,7.788124308321453,7.7733135310019055
N4096_eta01,0.0001,8.0,1.9498445997580455e-10,7.543023011905978,7.542929858798232,7.5290455180576865
N4096_eta01,0.0001,8.0,2.0892961308540407e-10,7.3044790972902565,7.304239052734198,7.2912278592985835
N4096_eta01,0.0001,8.0,2.2387211385683377e-10,7.071607333398189,7.071998084293125,7.059809250680505
N4096_eta01,0.0001,8.0,2.3988329190194897e-10,6.846347727831015,6.84614048099346,6.834725677236303
N4096_eta01,0.0001,8.0,2.570395782768865e-10,6.6265006491120335,6.626588666975737,6.615901965398403
N4096_eta01,0.0001,8.0,2.7542287033381637e-10,6.413561096515119,6.413255402393808,6.4032532153602535
N4096_eta01,0.0001,8.0,2.951209226666384e-10,6.205604823102163,6.20604510864892,6.196686118301523
N4096_eta01,0.0001,8.0,3.1622776601683795e-10,6.005071929498749,6.004855080357997,5.996100163806575
N4096_eta01,0.0001,8.0,3.3884415613920275e-10,5.809602686625659,5.809576591507243,5.801388743145011
N4096_eta01,0.0001,8.0,3.6307805477010104e-10,5.620057240463704,5.6200959043536,5.612440154284962
N4096_eta01,0.0001,8.0,3.890451449942805e-10,5.436248141056476,5.436295183395591,5.429138514596698
N4096_eta01,0.0001,8.0,4.168693834703355e-10,5.258059742971888,5.258053321559226,5.251364587197701
N4096_eta01,0.0001,8.0,4.4668359215096254e-10,5.0854643485806985,5.0852466873434565,5.078996526808341
N4096_eta01,0.0001,8.0,4.78630092322638e-10,4.9173996118225185,4.917749794328457,4.911910550846297
N4096_eta01,0.0001,8.0,5.128613839913648e-10,4.755631953263873,4.755435901969427,4.749981541300735
N4096_eta01,0.0001,8.0,5.495408738576249e-10,4.598119838162461,4.5981775526095205,4.59308358270622
N4096_eta01,0.0001,8.0,5.888436553555885e-10,4.446006822974576,4.445847048212494,4.441090441291074
N4096_eta01,0.0001,8.0,6.30957344480193e-10,4.298075431816024,4.298316873412063,4.293875990113362
N4096_eta01,0.0001,8.0,6.760829753919819e-10,4.155574164611739,4.155460069025964,4.151314584727085
N4096_eta01,0.0001,8.0,7.244359600749892e-10,4.017216826171966,4.017150559522364,4.013281393646453
N4096_eta01,0.0001,8.0,7.762471166286911e-10,3.8831407517280074,3.8832634400406136,3.8796526876024418
N4096_eta01,0.0001,8.0,8.31763771102671e-10,3.753725571119925,3.7536752253437906,3.750306091316182
N4096_eta01,0.0001,8.0,8.91250938133746e-10,3.628238055821244,3.628264064627023,3.625120801250903
N4096_eta01,0.0001,8.0,9.54992586021435e-10,3.507075250674483,3.506909925927015,3.5039777725506074
N4096_eta01,0.0001,8.0,1.0232929922807536e-09,3.389234451201605,3.3894947521653847,3.386759878130441
N4096_eta01,0.0001,8.0,1.0964781961431852e-09,3.2760473043186766,3.2759025927124052,3.273352042652171
N4096_eta01,0.0001,8.0,1.1748975549395278e-09,3.165995171493714,3.166019711907429,3.16364135389881
N4096_eta01,0.0001,8.0,1.2589254117941663e-09,3.0597933330033906,3.0597346774551912,3.0575171538557444
N4096_eta01,0.0001,8.0,1.3489628825916533e-09,2.9568300839914285,2.956938430883941,2.954871111611765
N4096_eta01,0.0001,8.0,1.445439770745928e-09,2.8575727188597155,2.857524341756617,2.855597280011857
N4096_eta01,0.0001,8.0,1.5488166189124799e-09,2.7614649087331538,2.761388247319405,2.7595921378247827
N4096_eta01,0.0001,8.0,1.6595869074375598e-09,2.668289745740633,2.668428479612282,2.6667546190313516
N4096_eta01,0.0001,8.0,1.778279410038923e-09,2.5786231938380437,2.5785458810436177,2.5769861306939306
N4096_eta01,0.0001,8.0,1.9054607179632444e-09,2.491613835840653,2.491643810121797,2.490190560733275
N4096_eta01,0.0001,8.0,2.0417379446695276e-09,2.4077385318425373,2.407628138283099,2.4062742768149246
N4096_eta01,0.0001,8.0,2.187761623949552e-09,2.326235925511758,2.326407239029039,2.3251461174334382
N4096_eta01,0.0001,8.0,2.344228815319923e-09,2.247984625775637,2.24789197041026,2.24671737617799
N4096_eta01,0.0001,8.0,2.511886431509577e-09,2.1719954091968323,2.17199565155934,2.1709017800670454
N4096_eta01,0.0001,8.0,2.6915348039269142e-09,2.0986335527630433,2.098634034271521,2.097615462751963
N4096_eta01,0.0001,8.0,2.884031503126606e-09,2.0276929893765616,2.027725270221822,2.0267769333092533
N4096_eta01,0.0001,8.0,3.0902954325135923e-09,1.9592029580190604,1.9591898744949574,1.9583070412680128
N4096_eta01,0.0001,8.0,3.3113112148259078e-09,1.8930205738434722,1.8929506860185432,1.8921289384524487
N4096_eta01,0.0001,8.0,3.5481338923357537e-09,1.8288110617434152,1.8289328254284545,1.8281680381587382
N4096_eta01,0.0001,8.0,3.8018939632056126e-09,1.7671352588735536,1.7670636507695636,1.7663519721304581
N4096_eta01,0.0001,8.0,4.073802778041122e-09,1.7072499817099438,1.707272711504553,1.7066105457466727
N4096_eta01,0.0001,8.0,4.365158322401657e-09,1.6495567251302221,1.6494917011823265,1.6488756917915945
N4096_eta01,0.0001,8.0,4.6773514128719815e-09,1.5935526592755886,1.5936544090424323,1.5930814231335844
N4096_eta01,0.0001,8.0,5.0118723362727255e-09,1.5397497538734175,1.5396966709217135,1.53916378460417
N4096_eta01,0.0001,8.0,5.370317963702522e-09,1.4875698316731527,1.4875563196643622,1.4870608043342077
N4096_eta01,0.0001,8.0,5.754399373371567e-09,1.437144431016987,1.437173135245435,1.4367124447740327
N4096_eta01,0.0001,8.0,6.165950018614823e-09,1.3884934243899303,1.3884887948839921,1.3880605535971786
N4096_eta01,0.0001,8.0,6.606934480075952e-09,1.3414442515971605,1.3414468232034245,1.3410488146625847
N4096_eta01,0.0001,8.0,7.0794578438413736e-09,1.2960482493261538,1.2959925427051324,1.2956226991881727
N4096_eta01,0.0001,8.0,7.585775750291836e-09,1.2519794539013454,1.252073024594365,1.2517294172687548
N4096_eta01,0.0001,8.0,8.128305161640994e-09,1.2096919775546273,1.2096370401235226,1.2093178698533837
N4096_eta01,0.0001,8.0,8.709635899560797e-09,1.1686216365972244,1.1686350125327518,1.1683386012812838
N4096_eta01,0.0001,8.0,9.332543007969905e-09,1.1290516267881494,1.1290189696697355,1.1287437524611503
N4096_eta01,0.0001,8.0,1e-08,1.090688054437861,1.0907424973555035,1.0904870147658243
N4096_eta01,0.0001,8.0,1.0715193052376048e-08,1.0537880282036314,1.0537606935688848,1.0535235847028488
N4096_eta01,0.0001,8.0,1.1481536214968818e-08,1.0180489421159427,1.0180301234804006,1.0178101194112654
N4096_eta01,0.0001,8.0,1.2302687708123811e-08,0.9834715417451669,0.983508775389207,0.9833046930259021
N4096_eta01,0.0001,8.0,1.3182567385564074e-08,0.9501742606728549,0.9501560175814774,0.9499667539422909
N4096_eta01,0.0001,8.0,1.4125375446227526e-08,0.9179251538781923,0.917932556146166,0.9177570830082411
N4096_eta01,0.0001,8.0,1.5135612484362072e-08,0.8868407226622131,0.8868003937618463,0.8866377526616825
N4096_eta01,0.0001,8.0,1.62181009735893e-08,0.8566569840032856,0.8567227894633843,0.8565720870288505
N4096_eta01,0.0001,8.0,1.7378008287493763e-08,0.8277020959711172,0.8276642194006172,0.8275246229918556
N4096_eta01,0.0001,8.0,1.8620871366628656e-08,0.7995844818491898,0.7995903385928044,0.7994610722304056
N4096_eta01,0.0001,8.0,1.995262314968879e-08,0.7724804973099897,0.7724679436749162,0.7723482842385753
N4096_eta01,0.0001,8.0,2.1379620895022325e-08,0.7462389816932695,0.7462649366346443,0.7461542103142307
N4096_eta01,0.0001,8.0,2.2908676527677703e-08,0.7209629034696413,0.7209502895342612,0.7208478685157773
N4096_eta01,0.0001,8.0,2.4547089156850285e-08,0.6965125976795858,0.6964940102065316,0.6963993095783987
N4096_eta01,0.0001,8.0,2.6302679918953814e-08,0.6728321913533464,0.6728671089140819,0.6727795837798098
N4096_eta01,0.0001,8.0,2.818382931264455e-08,0.6500613785373656,0.6500415659606948,0.6499607087436292
N4096_eta01,0.0001,8.0,3.0199517204020135e-08,0.6279830474966869,0.6279903002401449,0.6279156381669598
N4096_eta01,0.0001,8.0,3.2359365692962815e-08,0.6067143256836697,0.6066871387039979,0.6066182314573766
N4096_eta01,0.0001,8.0,3.467368504525317e-08,0.5860631293554772,0.5861067867364222,0.5860432242634377
N4096_eta01,0.0001,8.0,3.7153522909717206e-08,0.5662493804941944,0.5662247994148494,0.5661661998818888
N4096_eta01,0.0001,8.0,3.9810717055349696e-08,0.5470161911802607,0.5470175536390435,0.5469635615239989
N4096_eta01,0.0001,8.0,4.265795188015926e-08,0.5284645670910015,0.5284622211113845,0.5284125054228684
N4096_eta01,0.0001,8.0,4.5708818961487524e-08,0.5105255067678217,0.5105367421473807,0.5104909947630779
N4096_eta01,0.0001,8.0,4.897788193684457e-08,0.4932252283955351,0.4932198002967284,0.4931777344137336
N4096_eta01,0.0001,8.0,5.248074602497723e-08,0.4765061892758949,0.4764907977574448,0.47645214644570133
N4096_eta01,0.0001,8.0,5.623413251903491e-08,0.4603019743601502,0.46032983156041923,0.4602943464137233
N4096_eta01,0.0001,8.0,6.025595860743569e-08,0.44473398634115,0.4447176705067091,0.4446851203840108
N4096_eta01,0.0001,8.0,6.456542290346549e-08,0.42963021888201847,0.4296357328366821,0.4296059026879537
N4096_eta01,0.0001,8.0,6.918309709189362e-08,0.41508385706668477,0.4150660646117622,0.4150387543826569
N4096_eta01,0.0001,8.0,7.413102413009178e-08,0.4009627500133328,0.4009913187886905,0.40096634239913437
N4096_eta01,0.0001,8.0,7.943282347242806e-08,0.3874106563515553,0.38739473496798726,0.38737191935918436
N4096_eta01,0.0001,8.0,8.511380382023759e-08,0.37426033171566986,0.37426011979635027,0.3742393040421791
N4096_eta01,0.0001,8.0,9.120108393559096e-08,0.36157119746048905,0.36157182800518106,0.36155286248326207
N4096_eta01,0.0001,8.0,9.772372209558092e-08,0.3493090339460794,0.3493147440659484,0.3492974896847185
N4096_eta01,0.0001,8.0,1.0471285480508985e-07,0.33747718737147747,0.33747426444479084,0.337458591922597
N4096_eta01,0.0001,8.0,1.122018454301963e-07,0.3260472989803315,0.326036280438115,0.3260220696309934
N4096_eta01,0.0001,8.0,1.202264434617413e-07,0.3149676045573584,0.3149871615718211,0.3149743008467326
N4096_eta01,0.0001,8.0,1.2882495516931324e-07,0.3043250801554875,0.3043137395473013,0.3043021251975607
N4096_eta01,0.0001,8.0,1.380384264602884e-07,0.2939995413387309,0.29400329271685505,0.2939928284173107
N4096_eta01,0.0001,8.0,1.4791083881682074e-07,0.2840557423796229,0.2840435310731237,0.2840341273718926
N4096_eta01,0.0001,8.0,1.584893192461111e-07,0.274402789048841,0.2744225817354534,0.27441415558032756
N4096_eta01,0.0001,8.0,1.6982436524617427e-07,0.26514018439436016,0.2651289749186688,0.2651214492154334
N4096_eta01,0.0001,8.0,1.8197008586099827e-07,0.2561511518365857,0.25615163036837607,0.2561449335691612
N4096_eta01,0.0001,8.0,1.9498445997580458e-07,0.24748117547606252,0.2474798442484955,0.2474739099679535
N4096_eta01,0.0001,8.0,2.0892961308540366e-07,0.2390970949198904,0.23910327646628565,0.23909804312389485
N4096_eta01,0.0001,8.0,2.2387211385683377e-07,0.23101533093376256,0.23101193842118267,0.2310073489077943
N4096_eta01,0.0001,8.0,2.39883291901949e-07,0.22320226527897932,0.2231961811636535,0.22319218253073037
N4096_eta01,0.0001,8.0,2.570395782768865e-07,0.215635963591132,0.21564668395098865,0.21564322712095405
N4096_eta01,0.0001,8.0,2.7542287033381637e-07,0.20835984293375864,0.20835444318713114,0.2083514826834187
N4096_eta01,0.0001,8.0,2.9512092266663846e-07,0.20130896981994595,0.20131076173405016,0.2013082554295742
N4096_eta01,0.0001,8.0,3.1622776601683797e-07,0.19451590891480003,0.19450723858266755,0.19450514746541575
N4096_eta01,0.0001,8.0,3.3884415613920205e-07,0.18792152011612018,0.18793575887152483,0.18793404682612816
N4096_eta01,0.0001,8.0,3.6307805477010105e-07,0.18159677409068486,0.18158848424180746,0.1815871178460186
N4096_eta01,0.0001,8.0,3.890451449942805e-07,0.1754558388690566,0.17545784351766583,0.17545679185276206
N4096_eta01,0.0001,8.0,4.1686938347033557e-07,0.16954214703792236,0.1695365237011896,0.16953575817531313
N4096_eta01,0.0001,8.0,4.4668359215096253e-07,0.16380741424588002,0.1638174612715856,0.16381695545516556
N4096_eta01,0.0001,8.0,4.786300923226381e-07,0.15829968665561317,0.1582938337784846,0.15829356325094843
N4096_eta01,0.0001,8.0,5.128613839913648e-07,0.1529593498171514,0.1529590517196942,0.15295899392666149
N4096_eta01,0.0001,8.0,5.495408738576237e-07,0.1478071748464882,0.14780675069386848,0.14780688481414106
N4096_eta01,0.0001,8.0,5.888436553555884e-07,0.14282658900910128,0.1428307838189713,0.1428310906406453
N4096_eta01,0.0001,8.0,6.309573444801931e-07,0.13802799284851433,0.1380252144076318,0.13802567621272926
N4096_eta01,0.0001,8.0,6.760829753919819e-07,0.13338670286222556,0.1333843088908325,0.13338490934784356
N4096_eta01,0.0001,8.0,7.244359600749892e-07,0.12889924572020162,0.12890252998154905,0.12890325404537042
N4096_eta01,0.0001,8.0,7.762471166286911e-07,0.12457407374820652,0.12457453007029053,0.12457536388905378
N4096_eta01,0.0001,8.0,8.31763771102671e-07,0.12039614376194036,0.1203951448447392,0.12039607567303842
N4096_eta01,0.0001,8.0,8.912509381337442e-07,0.1163625984169474,0.11635938712586065,0.11636040324396685
N4096_eta01,0.0001,8.0,9.54992586021435e-07,0.11245796226448959,0.11246244091317666,0.11246353155181708
N4096_eta01,0.0001,8.0,1.0232929922807537e-06,0.10870038496055194,0.10869965563207193,0.10870081090239041
N4096_eta01,0.0001,8.0,1.0964781961431828e-06,0.10506706457833467,0.10506654057622111,0.10506775140456864
N4096_eta01,0.0001,8.0,1.1748975549395304e-06,0.10156165470362691,0.10155875953845096,0.10156001760567183
N4096_eta01,0.0001,8.0,1.2589254117941661e-06,0.09816849239451483,0.098172125623545,0.09817342330844754
N4096_eta01,0.0001,8.0,1.3489628825916506e-06,0.09490251538733799,0.09490259623668439,0.09490392656340747
N4096_eta01,0.0001,8.0,1.445439770745928e-06,0.0917473391189827,0.09174626824141648,0.09174762483042184
N4096_eta01,0.0001,8.0,1.5488166189124796e-06,0.08870102226600889,0.08869937328121123,0.08870075030364542
N4096_eta01,0.0001,8.0,1.6595869074375565e-06,0.08575726600238552,0.08575827325882983,0.08575966539402421
N4096_eta01,0.0001,8.0,1.7782794100389231e-06,0.08291676342358147,0.08291945596790107,0.08292085836378969
N4096_eta01,0.0001,8.0,1.9054607179632443e-06,0.08018203392392349,0.08017953087125385,0.08018093910749802
N4096_eta01,0.0001,8.0,2.0417379446695316e-06,0.07753497486611736,0.07753522502068069,0.07753663507431398
N4096_eta01,0.0001,8.0,2.187761623949552e-06,0.07498578934159507,0.07498337911296986,0.07498478732638228
N4096_eta01,0.0001,8.0,2.344228815319918e-06,0.0725158385973436,0.0725209436771557,0.07252234672824644
N4096_eta01,0.0001,8.0,2.5118864315095823e-06,0.07014754754087421,0.0701449753880617,0.07014637026240657
N4096_eta01,0.0001,8.0,2.6915348039269138e-06,0.0678523788183591,0.06785263350132884,0.06785401746621401
N4096_eta01,0.0001,8.0,2.8840315031266e-06,0.0656428649511376,0.06564117640522212,0.06564254698540667
N4096_eta01,0.0001,8.0,3.0902954325135923e-06,0.06350762664008061,0.06350795828461146,0.0635093132396909
N4096_eta01,0.0001,8.0,3.311311214825908e-06,0.06144703346162328,0.06145042589261547,0.06145176319586265
N4096_eta01,0.0001,8.0,3.548133892335746e-06,0.05946844211357548,0.05946611542547094,0.059467433244045506
N4096_eta01,0.0001,8.0,3.801893963205613e-06,0.057552464870597654,0.05755264949628646,0.05755394617270309
N4096_eta01,0.0001,8.0,4.073802778041122e-06,0.055708671051931086,0.05570773420339354,0.055709008238151295
N4096_eta01,0.0001,8.0,4.365158322401666e-06,0.05393041464428802,0.05392915628908361,0.05393040632436122
N4096_eta01,0.0001,8.0,4.677351412871981e-06,0.05221150023540826,0.052214780384577525,0.05221600518890753
N4096_eta01,0.0001,8.0,5.011872336272715e-06,0.050562100002240276,0.05056254633712711,0.05056374479096583
N4096_eta01,0.0001,8.0,5.370317963702533e-06,0.048972213241423077,0.04897046661520778,0.04897163769732128
N4096_eta01,0.0001,8.0,5.754399373371567e-06,0.04743655382425878,0.04743662378780085,0.04743776656239474
N4096_eta01,0.0001,8.0,6.16595001861481e-06,0.04595928925139523,0.045959168073820424,0.045960281678342194
N4096_eta01,0.0001,8.0,6.606934480075964e-06,0.04453785257507201,0.04453631495778428,0.04453739859133213
N4096_eta01,0.0001,8.0,7.079457843841373e-06,0.04316683878293623,0.043166342867877835,0.0431673957801532
N4096_eta01,0.0001,8.0,7.585775750291821e-06,0.04184573099830592,0.04184759091261494,0.04184861239335861
N4096_eta01,0.0001,8.0,8.128305161640995e-06,0.04057619525834456,0.04057845667235978,0.04057944604121396
N4096_eta01,0.0001,8.0,8.709635899560797e-06,0.039356530752847535,0.03935739404204126,0.03935835063878366
N4096_eta01,0.0001,8.0,9.332543007969886e-06,0.03818339931618487,0.03818291112147278,0.03818383429656982
N4096_eta01,0.0001,8.0,1e-05,0.03705461783200308,0.03705356814978792,0.037054457255216604
N4096_eta01,0.0001,8.0,1.071519305237605e-05,0.03596904912897867,0.03596797548061608,0.03596882986090626
N4096_eta01,0.0001,8.0,1.1481536214968841e-05,0.034925732479106346,0.03492479159476128,0.03492561057821122
N4096_eta01,0.0001,8.0,1.230268770812381e-05,0.03392356792571625,0.03392272114731774,0.03392350403733717
N4096_eta01,0.0001,8.0,1.3182567385564049e-05,0.03296134745428102,0.03296051304635137,0.032961259112887574
N4096_eta01,0.0001,8.0,1.4125375446227553e-05,0.03203780425802474,0.03203695856051964,0.03203766703152331
N4096_eta01,0.0001,8.0,1.5135612484362071e-05,0.031151584915093882,0.03115088945328281,0.0311515595061706
N4096_eta01,0.0001,8.0,1.6218100973589265e-05,0.030301262932780314,0.030301176141691054,0.030301806894762594
N4096_eta01,0.0001,8.0,1.7378008287493764e-05,0.029485801445645245,0.029486725878120693,0.0294873163818881
N4096_eta01,0.0001,8.0,1.8620871366628657e-05,0.028705355294203847,0.028706480953776738,0.028707030182164788
N4096_eta01,0.0001,8.0,1.995262314968875e-05,0.0279596043878731,0.0279594169232894,0.027959923764663976
N4096_eta01,0.0001,8.0,2.1379620895022326e-05,0.027245007846656084,0.027244540850310348,0.02724500409829296
N4096_eta01,0.0001,8.0,2.29086765276777e-05,0.026560942320336255,0.026560889574659772,0.02656130791868426
N4096_eta01,0.0001,8.0,2.4547089156850235e-05,0.025907907068397944,0.025907528002290604,0.025907900017857956
N4096_eta01,0.0001,8.0,2.6302679918953814e-05,0.02528270255807972,0.025283547420120706,0.025283871558705623
N4096_eta01,0.0001,8.0,2.8183829312644495e-05,0.024688489624406694,0.02468806383862761,0.024688338417189246
N4096_eta01,0.0001,8.0,3.0199517204020195e-05,0.02412051715980481,0.024120216366000174,0.0241204395560465
N4096_eta01,0.0001,8.0,3.235936569296281e-05,0.023578461102928373,0.023579165618583947,0.023579335434736712
N4096_eta01,0.0001,8.0,3.467368504525309e-05,0.02306426117995869,0.023064092173322386,0.023064206461325957
N4096_eta01,0.0001,8.0,3.715352290971728e-05,0.022574044799317974,0.022574195068869568,0.022574251492982967
N4096_eta01,0.0001,8.0,3.9810717055349695e-05,0.022108958432576382,0.02210869036299908,0.022108686392705783
N4096_eta01,0.0001,8.0,4.265795188015917e-05,0.02166658828863509,0.02166680975483177,0.021666742650796215
N4096_eta01,0.0001,8.0,4.570881896148752e-05,0.021247901937717813,0.021247799281216166,0.021247666080409736
N4096_eta01,0.0001,8.0,4.897788193684457e-05,0.020850626060558285,0.02085091809727633,0.020850715597188676
N4096_eta01,0.0001,8.0,5.2480746024977124e-05,0.020475550518324018,0.02047543735165471,0.020475162093498048
N4096_eta01,0.0001,8.0,5.623413251903491e-05,0.02012072746406709,0.020120639167275085,0.020120287418080772
N4096_eta01,0.0001,8.0,6.025595860743569e-05,0.01978598904270282,0.019785815738487807,0.019785383471984712
N4096_eta01,0.0001,8.0,6.456542290346563e-05,0.019470181196440586,0.0194702685551963,0.01946975143135049
N4096_eta01,0.0001,8.0,6.918309709189364e-05,0.01917305899575439,0.01917330776396224,0.019172701107046282
N4096_eta01,0.0001,8.0,7.413102413009161e-05,0.018894001389865106,0.018894251675116158,0.01889355045016499
N4096_eta01,0.0001,8.0,7.943282347242822e-05,0.01863222581850872,0.018632426423545463,0.01863162521104352
N4096_eta01,0.0001,8.0,8.51138038202376e-05,0.018387124188303797,0.018387165789085044,0.018386258757717003
N4096_eta01,0.0001,8.0,9.120108393559079e-05,0.018157914630093946,0.018157811180311047,0.018156792057595652
N4096_eta01,0.0001,8.0,9.772372209558111e-05,0.017943790392904987,0.0179437117830666,0.017942573823679968
N4096_eta01,0.0001,8.0,0.00010471285480508985,0.017744129446240858,0.017744224872278128,0.017742960823860142
N4096_eta01,0.0001,8.0,0.00011220184543019607,0.017558772842175368,0.01755871628262482,0.017557318348848595
N4096_eta01,0.0001,8.0,0.00012022644346174132,0.017386596574259942,0.017386561030490046,0.017385020831161613
N4096_eta01,0.0001,8.0,0.00012882495516931323,0.01722718806305652,0.01722714407645732,0.017225452604398943
N4096_eta01,0.0001,8.0,0.0001380384264602881,0.017079791672146172,0.017079861214532976,0.017078008788989817
N4096_eta01,0.0001,8.0,0.00014791083881682073,0.016944175089521604,0.016944120071407498,0.016942096287703053
N4096_eta01,0.0001,8.0,0.0001584893192461111,0.016819393982640294,0.016819341196531473,0.016817134871681707
N4096_eta01,0.0001,8.0,0.0001698243652461746,0.016704958842894663,0.016704959221700354,0.016702558335679952
N4096_eta01,0.0001,8.0,0.00018197008586099826,0.016600391615573758,0.016600424067317626,0.01659781569965313
N4096_eta01,0.0001,8.0,0.00019498445997580418,0.016505179482789414,0.01650520217162363,0.016502372432966865
N4096_eta01,0.0001,8.0,0.00020892961308540412,0.016418793701209786,0.016418777718994235,0.016415711677305597
N4096_eta01,0.0001,8.0,0.00022387211385683378,0.016340694738907084,0.01634065384395718,0.01633733544489972
N4096_eta01,0.0001,8.0,0.0002398832919019485,0.01627037008463609,0.016270353788837233,0.01626676576994995
N4096_eta01,0.0001,8.0,0.0002570395782768865,0.01620737719750736,0.01620742199488597,0.01620354579306653
N4096_eta01,0.0001,8.0,0.00027542287033381635,0.016151458933202172,0.016151425109306405,0.016147240761089268
N4096_eta01,0.0001,8.0,0.0002951209226666378,0.016101913182481824,0.016101952893650386,0.01609743892771539
N4096_eta01,0.0001,8.0,0.000316227766016838,0.016058646956159703,0.01605861902252853,0.01605375234381649
N4096_eta01,0.0001,8.0,0.0003388441561392021,0.016021058206789025,0.016021061765297363,0.016015817530042636
N4096_eta01,0.0001,8.0,0.0003630780547701003,0.01598891481243717,0.01598894454723849,0.01598329602815292
N4096_eta01,0.0001,8.0,0.0003890451449942805,0.015961957111085622,0.01596195639058587,0.01595587483134317
N4096_eta01,0.0001,8.0,0.0004168693834703347,0.01593982811375605,0.015939812239463936,0.015933266697538005
N4096_eta01,0.0001,8.0,0.0004466835921509635,0.015922271662626712,0.01592225317626496,0.01591521035306805
N4096_eta01,0.0001,8.0,0.00047863009232263805,0.015909062352271547,0.015909046540130107,0.015901470597277
N4096_eta01,0.0001,8.0,0.0005128613839913639,0.015899992200169882,0.01589998596094482,0.015891838321334815
N4096_eta01,0.0001,8.0,0.0005495408738576249,0.01589487832734237,0.015894891324578813,0.015886130456837372
N4096_eta01,0.0001,8.0,0.0005888436553555884,0.01589359218527757,0.015893608686984396,0.01588418987163853
N4096_eta01,0.0001,8.0,0.0006309573444801918,0.015896022633501514,0.01589601015622919,0.01588588523180219
N4096_eta01,0.0001,8.0,0.000676082975391982,0.015901998257583726,0.015901993762616223,0.01589111084961599
N4096_eta01,0.0001,8.0,0.0007244359600749892,0.01591147107687075,0.01591148333779116,0.01589978653832768
N4096_eta01,0.0001,8.0,0.0007762471166286897,0.01592444154362445,0.015924428424221287,0.015911857494719208
N4096_eta01,0.0001,8.0,0.000831763771102671,0.015940790951766804,0.015940804236734364,0.015927294230901112
N4096_eta01,0.0001,8.0,0.000891250938133744,0.015960620685900106,0.01596061169801422,0.01594609257687623
N4096_eta01,0.0001,8.0,0.000954992586021437,0.01598387777426598,0.015983877570155892,0.01596827377557902
N4096_eta01,0.0001,8.0,0.0010232929922807535,0.016010644301815435,0.01601065470467998,0.015993884692336754
N4096_eta01,0.0001,8.0,0.001096478196143183,0.016041032120765998,0.01604102243389023,0.01602299816111589
N4096_eta01,0.0001,8.0,0.0011748975549395304,0.0160750938790233,0.01607508712722534,0.016055713490606534
N4096_eta01,0.0001,8.0,0.0012589254117941662,0.016112974743802858,0.01611298293740622,0.01609215715425595
N4096_eta01,0.0001,8.0,0.0013489628825916506,0.01615486202137716,0.016154872762814933,0.016132483689889704
N4096_eta01,0.0001,8.0,0.0014454397707459282,0.01620094620084105,0.01620094945477112,0.0161768768366618
N4096_eta01,0.0001,8.0,0.0015488166189124796,0.016251440955469446,0.016251437301316524,0.016225550939870378
N4096_eta01,0.0001,8.0,0.0016595869074375565,0.016306601044205393,0.01630659382291361,0.016278752657794344
N4096_eta01,0.0001,8.0,0.001778279410038923,0.016366720404666343,0.016366711920269547,0.016336763009301328
N4096_eta01,0.0001,8.0,0.0019054607179632445,0.016432131044507827,0.01643212242049902,0.016399899806731368
N4096_eta01,0.0001,8.0,0.0020417379446695232,0.016503205157332206,0.016503197075269597,0.01646852052569265
N4096_eta01,0.0001,8.0,0.002187761623949552,0.016580358666017782,0.01658035207370987,0.016543025672188474
N4096_eta01,0.0001,8.0,0.002344228815319918,0.016664055648149115,0.01666405214405644,0.016623862718263625
N4096_eta01,0.0001,8.0,0.002511886431509582,0.01675481383101243,0.016754815331705294,0.016711530690536474
N4096_eta01,0.0001,8.0,0.0026915348039269144,0.016853211528852285,0.016853218558069233,0.01680658551210141
N4096_eta01,0.0001,8.0,0.0028840315031266,0.01695989514262191,0.016959904085122768,0.016909646218017795
N4096_eta01,0.0001,8.0,0.003090295432513592,0.017075583487958942,0.01707558703562417,0.01702140218880182
N4096_eta01,0.0001,8.0,0.003311311214825908,0.017201069475877573,0.017201064149875732,0.017142621576100324
N4096_eta01,0.0001,8.0,0.003548133892335746,0.017337232046216622,0.017337223997966993,0.017274161131454732
N4096_eta01,0.0001,8.0,0.0038018939632056127,0.01748505919667839,0.017485058913615934,0.01741697769456689
N4096_eta01,0.0001,8.0,0.0040738027780411225,0.017645670447373283,0.0176456789744038,0.017572141654105648
N4096_eta01,0.0001,8.0,0.004365158322401648,0.017820326325355094,0.017820328426550784,0.017740852764900065
N4096_eta01,0.0001,8.0,0.004677351412871981,0.018010413013124612,0.01801040504454148,0.017924458794363097
N4096_eta01,0.0001,8.0,0.005011872336272715,0.018217484813661883,0.01821748303233993,0.018124477583467323
N4096_eta01,0.0001,8.0,0.005370317963702533,0.01844333157330235,0.01844334022087705,0.01834262325057908
N4096_eta01,0.0001,8.0,0.005754399373371567,0.018689992337799884,0.018689990505626065,0.01858083744933718
N4096_eta01,0.0001,8.0,0.006165950018614809,0.01895973007737673,0.018959722711431554,0.01884132682719642
N4096_eta01,0.0001,8.0,0.006606934480075964,0.019255141012225765,0.019255147386990613,0.019126608136411438
N4096_eta01,0.0001,8.0,0.007079457843841374,0.019579250938179714,0.019579253442658217,0.019439562847624034
N4096_eta01,0.0001,8.0,0.007585775750291821,0.019935485478916395,0.019935477085874516,0.019783503640280115
N4096_eta01,0.0001,8.0,0.008128305161640995,0.020327780764369533,0.020327786224843204,0.020162255839039547
N4096_eta01,0.0001,8.0,0.008709635899560796,0.020760781801954887,0.02076078446824838,0.02058025779473133
N4096_eta01,0.0001,8.0,0.009332543007969887,0.021239848619288175,0.021239840139192327,0.02104268546258099
N4096_eta01,0.0001,8.0,0.01,0.021771239911821803,0.02177124747771533,0.0215556081391619
