phi2_over_pi,phi3_over_pi,chi,ground_parity
-1.0,-1.0,0.39999999999999997,1
-1.0,-0.975,0.3998651106068889,1
-1.0,-0.95,0.3994610017521482,1
-1.0,-0.925,0.39878935193146603,1
-1.0,-0.9,0.39785296036391427,1
-1.0,-0.875,0.3966557495333895,1
-1.0,-0.85,0.3952027686474284,1
-1.0,-0.825,0.39350019790642193,1
-1.0,-0.8,0.3915553534343812,1
-1.0,-0.775,0.3893766926717636,1
-1.0,-0.75,0.38697381996916685,1
-1.0,-0.725,0.3843574920455648,1
-1.0,-0.7,0.3815396228837007,1
-1.0,-0.675,0.3785332875257581,1
-1.0,-0.6499999999999999,0.37535272410212256,1
-1.0,-0.625,0.3720133332728521,1
-1.0,-0.6,0.36853167408395604,1
-1.0,-0.575,0.36492545503836354,1
-1.0,-0.55,0.3612135189557668,1
-1.0,-0.5249999999999999,0.3574158199499214,1
-1.0,-0.5,0.3535533905932738,1
-1.0,-0.475,0.34964829707797157,1
-1.0,-0.44999999999999996,0.3457235799357515,1
-1.0,-0.42499999999999993,0.34180317766961055,1
-1.0,-0.3999999999999999,0.33791183050742224,1
-1.0,-0.375,0.3340749614491063,1
-1.0,-0.35,0.3303185318887148,1
-1.0,-0.32499999999999996,0.3266688693997973,1
-1.0,-0.29999999999999993,0.32315246582652507,1
-1.0,-0.2749999999999999,0.31979574466906774,1
-1.0,-0.25,0.31662479792093173,1
-1.0,-0.22499999999999998,0.3136650940158929,1
-1.0,-0.19999999999999996,0.3109411603452924,1
-1.0,-0.17499999999999993,0.3084762458401081,1
-1.0,-0.1499999999999999,0.3062919712519529,1
-1.0,-0.125,0.30440797683717974,1
-1.0,-0.09999999999999998,0.30284157893141034,1
-1.0,-0.07499999999999996,0.3016074481608193,1
-1.0,-0.04999999999999993,0.30071732254589223,1
-1.0,-0.02499999999999991,0.30017976833780874,1
-1.0,0.0,0.3,1
-1.0,0.025000000000000133,0.30017976833780874,1
-1.0,0.050000000000000044,0.3007173225458922,1
-1.0,0.07499999999999996,0.3016074481608193,1
-1.0,0.10000000000000009,0.3028415789314103,1
-1.0,0.125,0.3044079768371797,1
-1.0,0.15000000000000013,0.3062919712519529,1
-1.0,0.17500000000000004,0.308476245840108,1
-1.0,0.20000000000000018,0.31094116034529234,1
-1.0,0.2250000000000001,0.3136650940158928,1
-1.0,0.25,0.3166247979209316,1
-1.0,0.27500000000000013,0.3197957446690677,1
-1.0,0.30000000000000004,0.32315246582652496,1
-1.0,0.3250000000000002,0.3266688693997972,1
-1.0,0.3500000000000001,0.3303185318887147,1
-1.0,0.375,0.3340749614491062,1
-1.0,0.40000000000000013,0.33791183050742213,1
-1.0,0.42500000000000004,0.3418031776696104,1
-1.0,0.4500000000000002,0.34572357993575137,1
-1.0,0.4750000000000001,0.34964829707797146,1
-1.0,0.5,0.3535533905932737,1
-1.0,0.5250000000000001,0.3574158199499213,1
-1.0,0.55,0.3612135189557667,1
-1.0,0.5750000000000002,0.3649254550383635,1
-1.0,0.6000000000000001,0.36853167408395593,1
-1.0,0.625,0.372013333272852,1
-1.0,0.6500000000000001,0.3753527241021225,1
-1.0,0.675,0.378533287525758,1
-1.0,0.7000000000000002,0.3815396228837007,1
-1.0,0.7250000000000001,0.38435749204556474,1
-1.0,0.75,0.3869738199691668,1
-1.0,0.7750000000000001,0.38937669267176356,1
-1.0,0.8,0.39155535343438114,1
-1.0,0.8250000000000002,0.3935001979064219,1
-1.0,0.8500000000000001,0.3952027686474284,1
-1.0,0.875,0.39665574953338945,1
-1.0,0.9000000000000001,0.39785296036391427,1
-1.0,0.925,0.39878935193146603,1
-1.0,0.9500000000000002,0.39946100175214827,1
-1.0,0.9750000000000001,0.39986511060688884,1
-1.0,1.0,0.39999999999999997,1
-0.975,-1.0,0.3998651106068889,1
-0.975,-0.975,0.40161513894783185,1
-0.975,-0.95,0.4030850470504711,1
-0.975,-0.925,0.4042688710231593,1
-0.975,-0.9,0.40516184666314725,1
-0.975,-0.875,0.40576040292392446,1
-0.975,-0.85,0.40606215694367664,1
-0.975,-0.825,0.4060659106941063,1
-0.975,-0.8,0.40577164928572423,1
-0.975,-0.775,0.40518054094674727,1
-0.975,-0.75,0.40429493867580846,1
-0.975,-0.725,0.4031183835517908,1
-0.975,-0.7,0.4016556096651941,1
-0.975,-0.675,0.399912550612443,1
-0.975,-0.6499999999999999,0.39789634746519825,1
-0.975,-0.625,0.39561535808858994,1
-0.975,-0.6,0.3930791676326172,1
-0.975,-0.575,0.39029859995670635,1
-0.975,-0.55,0.38728572966518077,1
-0.975,-0.5249999999999999,0.38405389432741377,1
-0.975,-0.5,0.3806177063266568,1
-0.975,-0.475,0.3769930636217205,1
-0.975,-0.44999999999999996,0.37319715851165,1
-0.975,-0.42499999999999993,0.3692484832615115,1
-0.975,-0.3999999999999999,0.36516683117458143,1
-0.975,-0.375,0.36097329138157835,1
-0.975,-0.35,0.3566902352628973,1
-0.975,-0.32499999999999996,0.3523412920311831,1
-0.975,-0.29999999999999993,0.34795131059108686,1
-0.975,-0.2749999999999999,0.3435463043808298,1
-0.975,-0.25,0.33915337551662833,1
-0.975,-0.22499999999999998,0.3348006142487577,1
-0.975,-0.19999999999999996,0.33051696955341714,1
-0.975,-0.17499999999999993,0.32633208669779984,1
-0.975,-0.1499999999999999,0.32227610790880507,1
-0.975,-0.125,0.3183794329369647,1
-0.975,-0.09999999999999998,0.31467243742145595,1
-0.975,-0.07499999999999996,0.3111851485968483,1
-0.975,-0.04999999999999993,0.30794688006796117,1
-0.975,-0.02499999999999991,0.30498583008754887,1
-0.975,0.0,0.3023286508940672,1
-0.975,0.025000000000000133,0.3,1
-0.975,0.050000000000000044,0.2980220875646731,1
-0.975,0.07499999999999996,0.2964142367595498,1
-0.975,0.10000000000000009,0.2951924759213801,1
-0.975,0.125,0.29436918189766514,1
-0.975,0.15000000000000013,0.2939527930303352,1
-0.975,0.17500000000000004,0.29394760758382155,1
-0.975,0.20000000000000018,0.2943536792160571,1
-0.975,0.2250000000000001,0.2951668156656291,1
-0.975,0.25,0.2963786807332985,1
-0.975,0.27500000000000013,0.29797699353251667,1
-0.975,0.30000000000000004,0.2999458135339905,1
-0.975,0.3250000000000002,0.30226589568579587,1
-0.975,0.3500000000000001,0.30491509720894505,1
-0.975,0.375,0.30786881666794863,1
-0.975,0.40000000000000013,0.3111004464884855,1
-0.975,0.42500000000000004,0.3145818219540365,1
-0.975,0.4500000000000002,0.3182836524702372,1
-0.975,0.4750000000000001,0.3221759241222627,1
-0.975,0.5,0.32622826588559284,1
-0.975,0.5250000000000001,0.3304102749812658,1
-0.975,0.55,0.3346917995871972,1
-0.975,0.5750000000000002,0.3390431793166757,1
-0.975,0.6000000000000001,0.34343544552361066,1
-0.975,0.625,0.3478404846208048,1
-0.975,0.6500000000000001,0.35223116826905776,1
-0.975,0.675,0.35658145459611723,1
-0.975,0.7000000000000002,0.360866464623732,1
-0.975,0.7250000000000001,0.36506253790050874,1
-0.975,0.75,0.3691472710284652,1
-0.975,0.7750000000000001,0.37309954238881177,1
-0.975,0.8,0.3768995259605824,1
-0.975,0.8250000000000002,0.38052869671490724,1
-0.975,0.8500000000000001,0.3839698296783726,1
-0.975,0.875,0.38720699440328166,1
-0.975,0.9000000000000001,0.39022554626693284,1
-0.975,0.925,0.3930121157481582,1
-0.975,0.9500000000000002,0.3955545965963421,1
-0.975,0.9750000000000001,0.3978421336131896,1
-0.975,1.0,0.3998651106068889,1
-0.95,-1.0,0.3994610017521482,1
-0.95,-0.975,0.4030850470504711,1
-0.95,-0.95,0.4064122253944166,1
-0.95,-0.925,0.4094294957085106,1
-0.95,-0.9,0.41212525219749335,1
-0.95,-0.875,0.41448929677988255,1
-0.95,-0.85,0.4165128147941866,1
-0.95,-0.825,0.4181883540056166,1
-0.95,-0.8,0.41950980689661144,1
-0.95,-0.775,0.4204723961995212,1
-0.95,-0.75,0.421072663619604,1
-0.95,-0.725,0.4213084616972344,1
-0.95,-0.7,0.4211789487667989,1
-0.95,-0.675,0.4206845869836056,1
-0.95,-0.6499999999999999,0.41982714340710764,1
-0.95,-0.625,0.41860969414689825,1
-0.95,-0.6,0.4170366315954404,1
-0.95,-0.575,0.4151136747864709,1
-0.95,-0.55,0.41284788292836705,1
-0.95,-0.5249999999999999,0.4102476721650843,1
-0.95,-0.5,0.4073228356106218,1
-0.95,-0.475,0.40408456668275583,1
-0.95,-0.44999999999999996,0.40054548572349374,1
-0.95,-0.42499999999999993,0.3967196698317834,1
-0.95,-0.3999999999999999,0.39262268574154435,1
-0.95,-0.375,0.38827162544666216,1
-0.95,-0.35,0.3836851440940395,1
-0.95,-0.32499999999999996,0.3788834994241942,1
-0.95,-0.29999999999999993,0.373888591722523,1
-0.95,-0.2749999999999999,0.3687240028381013,1
-0.95,-0.25,0.3634150323150381,1
-0.95,-0.22499999999999998,0.3579887280489884,1
-0.95,-0.19999999999999996,0.3524739081166943,1
-0.95,-0.17499999999999993,0.34690116952436595,1
-0.95,-0.1499999999999999,0.3413028785883826,1
-0.95,-0.125,0.3357131365252762,1
-0.95,-0.09999999999999998,0.3301677126413987,1
-0.95,-0.07499999999999996,0.3247039363686063,1
-0.95,-0.04999999999999993,0.31936053843217294,1
-0.95,-0.02499999999999991,0.31417743085961347,1
-0.95,0.0,0.30919541560186875,1
-0.95,0.025000000000000133,0.3044558125481621,1
-0.95,0.050000000000000044,0.3,1
-0.95,0.07499999999999996,0.2958688645226409,1
-0.95,0.10000000000000009,0.2921021626951683,1
-0.95,0.125,0.2887378045995372,1
-0.95,0.15000000000000013,0.2858110775709467,1
-0.95,0.17500000000000004,0.2833538380260892,1
-0.95,0.20000000000000018,0.28139370793891233,1
-0.95,0.2250000000000001,0.2799533192949763,1
-0.95,0.25,0.27904965311272817,1
-0.95,0.27500000000000013,0.27869351813838805,1
-0.95,0.30000000000000004,0.2788892075103235,1
-0.95,0.3250000000000002,0.2796343598781726,1
-0.95,0.3500000000000001,0.2809200359687254,1
-0.95,0.375,0.28273100451892863,1
-0.95,0.40000000000000013,0.28504621530125784,1
-0.95,0.42500000000000004,0.28783942390734835,1
-0.95,0.4500000000000002,0.29107992461110643,1
-0.95,0.4750000000000001,0.29473334462386785,1
-0.95,0.5,0.298762455037718,1
-0.95,0.5250000000000001,0.30312795964551276,1
-0.95,0.55,0.3077892311575773,1
-0.95,0.5750000000000002,0.31270497360707733,1
-0.95,0.6000000000000001,0.3178337986922389,1
-0.95,0.625,0.3231347115725096,1
-0.95,0.6500000000000001,0.3285675077538531,1
-0.95,0.675,0.3340930870492815,1
-0.95,0.7000000000000002,0.3396736933143199,1
-0.95,0.7250000000000001,0.3452730900042601,1
-0.95,0.75,0.3508566819051647,1
-0.95,0.7750000000000001,0.35639159297030215,1
-0.95,0.8,0.3618467093217599,1
-0.95,0.8250000000000002,0.367192695369433,1
-0.95,0.8500000000000001,0.37240198981386485,1
-0.95,0.875,0.37744878714125357,1
-0.95,0.9000000000000001,0.3823090091525295,1
-0.95,0.925,0.38696027012701734,1
-0.95,0.9500000000000002,0.39138183841659635,1
-0.95,0.9750000000000001,0.39555459659634207,1
-0.95,1.0,0.3994610017521482,1
-0.925,-1.0,0.39878935193146603,1
-0.925,-0.975,0.4042688710231593,1
-0.925,-0.95,0.4094294957085106,1
-0.925,-0.925,0.4142518961127104,1
-0.925,-0.9,0.41871851530487875,1
-0.925,-0.875,0.4228135030186789,1
-0.925,-0.85,0.42652265723447963,1
-0.925,-0.825,0.42983337317435133,1
-0.925,-0.8,0.4327345992210632,1
-0.925,-0.775,0.4352167992697795,1
-0.925,-0.75,0.437271921044635,1
-0.925,-0.725,0.43889336995335376,1
-0.925,-0.7,0.4400759881055499,1
-0.925,-0.675,0.44081603818014925,1
-0.925,-0.6499999999999999,0.4411111918916568,1
-0.925,-0.625,0.4409605228719176,1
-0.925,-0.6,0.4403645038523841,1
-0.925,-0.575,0.43932500810099206,1
-0.925,-0.55,0.43784531513707714,1
-0.925,-0.5249999999999999,0.43593012081697524,1
-0.925,-0.5,0.4335855519516128,1
-0.925,-0.475,0.43081918568489025,1
-0.925,-0.44999999999999996,0.427640073926963,1
-0.925,-0.42499999999999993,0.4240587731980416,1
-0.925,-0.3999999999999999,0.4200873802935585,1
-0.925,-0.375,0.41573957422682317,1
-0.925,-0.35,0.4110306649352283,1
-0.925,-0.32499999999999996,0.40597764924312646,1
-0.925,-0.29999999999999993,0.40059927454809535,1
-0.925,-0.2749999999999999,0.39491611062305054,1
-0.925,-0.25,0.3889506297851379,1
-0.925,-0.22499999999999998,0.3827272954478665,1
-0.925,-0.19999999999999996,0.3762726587121789,1
-0.925,-0.17499999999999993,0.36961546212265406,1
-0.925,-0.1499999999999999,0.36278674896423324,1
-0.925,-0.125,0.35581997543982263,1
-0.925,-0.09999999999999998,0.348751121678078,1
-0.925,-0.07499999999999996,0.341618795697558,1
-0.925,-0.04999999999999993,0.3344643221274902,1
-0.925,-0.02499999999999991,0.32733180460830896,1
-0.925,0.0,0.3202681473688214,1
-0.925,0.025000000000000133,0.31332301759467984,1
-0.925,0.050000000000000044,0.3065487261054113,1
-0.925,0.07499999999999996,0.3,1
-0.925,0.10000000000000009,0.2937336180518903,1
-0.925,0.125,0.28780787879773095,1
-0.925,0.15000000000000013,0.2822818738399871,1
-0.925,0.17500000000000004,0.27721454640500853,1
-0.925,0.20000000000000018,0.2726635290425941,1
-0.925,0.2250000000000001,0.2686837752197632,1
-0.925,0.25,0.26532602680270606,1
-0.925,0.27500000000000013,0.2626351904143166,1
-0.925,0.30000000000000004,0.2606487255405245,1
-0.925,0.3250000000000002,0.25939516941557145,1
-0.925,0.3500000000000001,0.2588929311914439,1
-0.925,0.375,0.2591494755956508,1
-0.925,0.40000000000000013,0.2601609832004395,1
-0.925,0.42500000000000004,0.2619125248819519,1
-0.925,0.4500000000000002,0.2643787310762524,1
-0.925,0.4750000000000001,0.26752488332391294,1
-0.925,0.5,0.27130831644420905,1
-0.925,0.5250000000000001,0.2756800005056296,1
-0.925,0.55,0.2805861732244078,1
-0.925,0.5750000000000002,0.28596991154096574,1
-0.925,0.6000000000000001,0.2917725592838897,1
-0.925,0.625,0.29793495910127027,1
-0.925,0.6500000000000001,0.304398465692388,1
-0.925,0.675,0.31110574046134337,1
-0.925,0.7000000000000002,0.31800134380929207,1
-0.925,0.7250000000000001,0.3250321507225682,1
-0.925,0.75,0.33214761932417997,1
-0.925,0.7750000000000001,0.33929994216347475,1
-0.925,0.8,0.34644410766910716,1
-0.925,0.8250000000000002,0.3535378955541155,1
-0.925,0.8500000000000001,0.36054182588007494,1
-0.925,0.875,0.36741907750003916,1
-0.925,0.9000000000000001,0.3741353880098196,1
-0.925,0.925,0.3806589442783736,1
-0.925,0.9500000000000002,0.38696027012701734,1
-0.925,0.9750000000000001,0.3930121157481582,1
-0.925,1.0,0.39878935193146603,1
-0.9,-1.0,0.39785296036391427,1
-0.9,-0.975,0.40516184666314725,1
-0.9,-0.95,0.41212525219749335,1
-0.9,-0.925,0.41871851530487875,1
-0.9,-0.9,0.424919125429811,1
-0.9,-0.875,0.43070660142986417,1
-0.9,-0.85,0.4360623865277412,1
-0.9,-0.825,0.44096975810262673,1
-0.9,-0.8,0.4454137506314678,1
-0.9,-0.775,0.4493810902422091,1
-0.9,-0.75,0.45286013950776555,1
-0.9,-0.725,0.45584085127973306,1
-0.9,-0.7,0.4583147305274624,1
-0.9,-0.675,0.4602748033074112,1
-0.9,-0.6499999999999999,0.4617155921380791,1
-0.9,-0.625,0.46263309719716755,1
-0.9,-0.6,0.46302478289065124,1
-0.9,-0.575,0.4628895694695281,1
-0.9,-0.55,0.4622278294907807,1
-0.9,-0.5249999999999999,0.46104138903640457,1
-0.9,-0.5,0.4593335337201932,1
-0.9,-0.475,0.457109019628318,1
-0.9,-0.44999999999999996,0.45437408945859,1
-0.9,-0.42499999999999993,0.4511364942465638,1
-0.9,-0.3999999999999999,0.44740552119610316,1
-0.9,-0.375,0.44319202826919685,1
-0.9,-0.35,0.4385084863357448,1
-0.9,-0.32499999999999996,0.43336902983908554,1
-0.9,-0.29999999999999993,0.4277895170964045,1
-0.9,-0.2749999999999999,0.4217876015222701,1
-0.9,-0.25,0.4153828152331338,1
-0.9,-0.22499999999999998,0.4085966666513773,1
-0.9,-0.19999999999999996,0.40145275386413876,1
-0.9,-0.17499999999999993,0.39397689558079685,1
-0.9,-0.1499999999999999,0.386197281537391,1
-0.9,-0.125,0.3781446440627983,1
-0.9,-0.09999999999999998,0.36985245217267104,1
-0.9,-0.07499999999999996,0.3613571288832936,1
-0.9,-0.04999999999999993,0.3526982912871092,1
-0.9,-0.02499999999999991,0.3439190111010285,1
-0.9,0.0,0.3350660906234845,1
-0.9,0.025000000000000133,0.326190344989768,1
-0.9,0.050000000000000044,0.31734687592158195,1
-0.9,0.07499999999999996,0.30859531444419813,1
-0.9,0.10000000000000009,0.3,1
-0.9,0.125,0.2916300509905857,1
-0.9,0.15000000000000013,0.28355926754695615,1
-0.9,0.17500000000000004,0.27586579272346606,1
-0.9,0.20000000000000018,0.26863144623153123,1
-0.9,0.2250000000000001,0.26194064000982925,1
-0.9,0.25,0.25587879396511665,1
-0.9,0.27500000000000013,0.250530200695652,1
-0.9,0.30000000000000004,0.24597534619870942,1
-0.9,0.3250000000000002,0.24228778053455235,1
-0.9,0.3500000000000001,0.23953073943153605,1
-0.9,0.375,0.237753823384171,1
-0.9,0.40000000000000013,0.23699011284249977,1
-0.9,0.42500000000000004,0.23725410351003498,1
-0.9,0.4500000000000002,0.23854076548941744,1
-0.9,0.4750000000000001,0.24082587226338073,1
-0.9,0.5,0.24406754793736019,1
-0.9,0.5250000000000001,0.2482087978506674,1
-0.9,0.55,0.25318066668826167,1
-0.9,0.5750000000000002,0.25890563283744056,1
-0.9,0.6000000000000001,0.2653008909884751,1
-0.9,0.625,0.27228126860779617,1
-0.9,0.6500000000000001,0.27976163169307094,1
-0.9,0.675,0.2876587338016443,1
-0.9,0.7000000000000002,0.29589253491506085,1
-0.9,0.7250000000000001,0.3043870601029651,1
-0.9,0.75,0.31307088648584314,1
-0.9,0.7750000000000001,0.32187734800296014,1
-0.9,0.8,0.33074453823296107,1
-0.9,0.8250000000000002,0.33961517767107136,1
-0.9,0.8500000000000001,0.34843639719346864,1
-0.9,0.875,0.35715947603648296,1
-0.9,0.9000000000000001,0.36573956140660746,1
-0.9,0.925,0.37413538800981955,1
-0.9,0.9500000000000002,0.3823090091525295,1
-0.9,0.9750000000000001,0.3902255462669328,1
-0.9,1.0,0.39785296036391427,1
-0.875,-1.0,0.3966557495333895,1
-0.875,-0.975,0.40576040292392446,1
-0.875,-0.95,0.41448929677988255,1
-0.875,-0.925,0.4228135030186789,1
-0.875,-0.9,0.43070660142986417,1
-0.875,-0.875,0.4381444925424255,1
-0.875,-0.85,0.44510524020470577,1
-0.875,-0.825,0.4515689394810931,1
-0.875,-0.8,0.45751760605611846,1
-0.875,-0.775,0.4629350838821097,1
-0.875,-0.75,0.4678069682985922,1
-0.875,-0.725,0.47212054228707456,1
-0.875,-0.7,0.47586472390582074,1
-0.875,-0.675,0.47903002328052746,1
-0.875,-0.6499999999999999,0.4816085078145241,1
-0.875,-0.625,0.4835937745325771,1
-0.875,-0.6,0.48498092869182585,1
-0.875,-0.575,0.48576656798769663,1
-0.875,-0.55,0.48594877185726965,1
-0.875,-0.5249999999999999,0.4855270955425364,1
-0.875,-0.5,0.48450256872598396,1
-0.875,-0.475,0.4828776986953729,1
-0.875,-0.44999999999999996,0.4806564781377393,1
-0.875,-0.42499999999999993,0.47784439780877047,1
-0.875,-0.3999999999999999,0.47444846447711336,1
-0.875,-0.375,0.4704772247083791,1
-0.875,-0.35,0.4659407952354168,1
-0.875,-0.32499999999999996,0.4608509008650439,1
-0.875,-0.29999999999999993,0.45522092110243817,1
-0.875,-0.2749999999999999,0.4490659469388725,1
-0.875,-0.25,0.44240284955271003,1
-0.875,-0.22499999999999998,0.4352503630239122,1
-0.875,-0.19999999999999996,0.427629183564407,1
-0.875,-0.17499999999999993,0.4195620882245359,1
-0.875,-0.1499999999999999,0.4110740765498258,1
-0.875,-0.125,0.4021925392262963,1
-0.875,-0.09999999999999998,0.3929474583485742,1
-0.875,-0.07499999999999996,0.38337164453605554,1
-0.875,-0.04999999999999993,0.37350101663965535,1
-0.875,-0.02499999999999991,0.3633749301072331,1
-0.875,0.0,0.35303656001519806,1
-0.875,0.025000000000000133,0.34253334401817587,1
-0.875,0.050000000000000044,0.33191748854222475,1
-0.875,0.07499999999999996,0.32124653774061623,1
-0.875,0.10000000000000009,0.31058399802629183,1
-0.875,0.125,0.3,1
-0.875,0.15000000000000013,0.2895719625370707,1
-0.875,0.17500000000000004,0.27938519867949413,1
-0.875,0.20000000000000018,0.26953336805289607,1
-0.875,0.2250000000000001,0.26011863534995644,1
-0.875,0.25,0.25125134180047576,1
-0.875,0.27500000000000013,0.24304894547357778,1
-0.875,0.30000000000000004,0.23563395529357928,1
-0.875,0.3250000000000002,0.22913060280354716,1
-0.875,0.3500000000000001,0.22366010271375406,1
-0.875,0.375,0.21933457907633824,1
-0.875,0.40000000000000013,0.21625007549241163,1
-0.875,0.42500000000000004,0.21447945768934137,1
-0.875,0.4500000000000002,0.21406631560259723,1
-0.875,0.4750000000000001,0.21502101255293227,1
-0.875,0.5,0.21731971204468029,1
-0.875,0.5250000000000001,0.2209065966600369,1
-0.875,0.55,0.22569879567575107,1
-0.875,0.5750000000000002,0.2315930219761232,1
-0.875,0.6000000000000001,0.23847274666210555,1
-0.875,0.625,0.2462149008000143,1
-0.875,0.6500000000000001,0.2546954488809075,1
-0.875,0.675,0.26379356231177636,1
-0.875,0.7000000000000002,0.2733944208207389,1
-0.875,0.7250000000000001,0.2833908460856725,1
-0.875,0.75,0.29368403949295874,1
-0.875,0.7750000000000001,0.30418369093824255,1
-0.875,0.8,0.31480768368846757,1
-0.875,0.8250000000000002,0.3254815670202021,1
-0.875,0.8500000000000001,0.33613791802468157,1
-0.875,0.875,0.34671567275790066,1
-0.875,0.9000000000000001,0.357159476036483,1
-0.875,0.925,0.36741907750003916,1
-0.875,0.9500000000000002,0.3774487871412537,1
-0.875,0.9750000000000001,0.3872069944032817,1
-0.875,1.0,0.39665574953338945,1
-0.85,-1.0,0.3952027686474284,1
-0.85,-0.975,0.40606215694367664,1
-0.85,-0.95,0.4165128147941866,1
-0.85,-0.925,0.42652265723447963,1
-0.85,-0.9,0.4360623865277412,1
-0.85,-0.875,0.44510524020470577,1
-0.85,-0.85,0.453626784748085,1
-0.85,-0.825,0.46160474669429,1
-0.85,-0.8,0.4690188744043383,1
-0.85,-0.775,0.4758508249881122,1
-0.85,-0.75,0.4820840718832975,1
-0.85,-0.725,0.487703829425574,1
-0.85,-0.7,0.4926969914310148,1
-0.85,-0.675,0.4970520813726124,1
-0.85,-0.6499999999999999,0.5007592121938447,1
-0.85,-0.625,0.5038100541829048,1
-0.85,-0.6,0.5061978096479754,1
-0.85,-0.575,0.5079171934002604,1
-0.85,-0.55,0.5089644182785769,1
-0.85,-0.5249999999999999,0.5093371851465419,1
-0.85,-0.5,0.5090346769687029,1
-0.85,-0.475,0.5080575567322438,1
-0.85,-0.44999999999999996,0.5064079691323521,1
-0.85,-0.42499999999999993,0.5040895460876764,1
-0.85,-0.3999999999999999,0.5011074163031697,1
-0.85,-0.375,0.4974682192567015,1
-0.85,-0.35,0.4931801241592646,1
-0.85,-0.32499999999999996,0.4882528546332013,1
-0.85,-0.29999999999999993,0.48269772007645273,1
-0.85,-0.2749999999999999,0.47652765494259036,1
-0.85,-0.25,0.46975726747731705,1
-0.85,-0.22499999999999998,0.46240289982546845,1
-0.85,-0.19999999999999996,0.45448270187433176,1
-0.85,-0.17499999999999993,0.4460167217486298,1
-0.85,-0.1499999999999999,0.43702701654284953,1
-0.85,-0.125,0.4275377876947463,1
-0.85,-0.09999999999999998,0.41757554640055355,1
-0.85,-0.07499999999999996,0.40716931568077086,1
-0.85,-0.04999999999999993,0.39635087715755035,1
-0.85,-0.02499999999999991,0.38515507232496243,1
-0.85,0.0,0.3736201700849308,1
-0.85,0.025000000000000133,0.3617883145419906,1
-0.85,0.050000000000000044,0.34970606936841836,1
-0.85,0.07499999999999996,0.3374250771749547,1
-0.85,0.10000000000000009,0.32500285367457354,1
-0.85,0.125,0.31250373595078285,1
-0.85,0.15000000000000013,0.3,1
-0.85,0.17500000000000004,0.28757315185911525,1
-0.85,0.20000000000000018,0.27531537424083846,1
-0.85,0.2250000000000001,0.263331069566465,1
-0.85,0.25,0.2517383710865412,1
-0.85,0.27500000000000013,0.24067038580705363,1
-0.85,0.30000000000000004,0.23027577917729855,1
-0.85,0.3250000000000002,0.22071811942846783,1
-0.85,0.3500000000000001,0.21217321047645352,1
-0.85,0.375,0.2048235561284493,1
-0.85,0.40000000000000013,0.1988492829971422,1
-0.85,0.42500000000000004,0.19441549446813103,1
-0.85,0.4500000000000002,0.19165719597039735,1
-0.85,0.4750000000000001,0.19066434293774678,1
-0.85,0.5,0.19147051335454704,1
-0.85,0.5250000000000001,0.19404839316043904,1
-0.85,0.55,0.19831346056214166,1
-0.85,0.5750000000000002,0.20413473336501506,1
-0.85,0.6000000000000001,0.2113495142337621,1
-0.85,0.625,0.21977859465937954,1
-0.85,0.6500000000000001,0.22923923088149184,1
-0.85,0.675,0.2395546071012108,1
-0.85,0.7000000000000002,0.250559715185582,1
-0.85,0.7250000000000001,0.2621042806132723,1
-0.85,0.75,0.274053588725143,1
-0.85,0.7750000000000001,0.2862879984803471,1
-0.85,0.8,0.29870174679417716,1
-0.85,0.8250000000000002,0.31120145205556293,1
-0.85,0.8500000000000001,0.3237045669318575,1
-0.85,0.875,0.33613791802468146,1
-0.85,0.9000000000000001,0.3484363971934686,1
-0.85,0.925,0.36054182588007483,1
-0.85,0.9500000000000002,0.3724019898138649,1
-0.85,0.9750000000000001,0.3839698296783726,1
-0.85,1.0,0.39520276864742837,1
-0.825,-1.0,0.39350019790642193,1
-0.825,-0.975,0.4060659106941063,1
-0.825,-0.95,0.4181883540056166,1
-0.825,-0.925,0.42983337317435133,1
-0.825,-0.9,0.44096975810262673,1
-0.825,-0.875,0.4515689394810931,1
-0.825,-0.85,0.46160474669429,1
-0.825,-0.825,0.47105321458544497,1
-0.825,-0.8,0.4798924290208359,1
-0.825,-0.775,0.4881024033493821,1
-0.825,-0.75,0.4956649795314335,1
-0.825,-0.725,0.5025637490195792,1
-0.825,-0.7,0.5087839894979858,1
-0.825,-0.675,0.5143126143907434,1
-0.825,-0.6499999999999999,0.5191381326844411,1
-0.825,-0.625,0.5232506171146231,1
-0.825,-0.6,0.5266416791699166,1
-0.825,-0.575,0.5293044496946957,1
-0.825,-0.55,0.5312335641392467,1
-0.825,-0.5249999999999999,0.5324251517297517,1
-0.825,-0.5,0.5328768280203673,1
-0.825,-0.475,0.5325876904554564,1
-0.825,-0.44999999999999996,0.5315583167193757,1
-0.825,-0.42499999999999993,0.5297907657908383,1
-0.825,-0.3999999999999999,0.5272885817548835,1
-0.825,-0.375,0.5240568005637997,1
-0.825,-0.35,0.5201019600850082,1
-0.825,-0.32499999999999996,0.5154321139354725,1
-0.825,-0.29999999999999993,0.5100568497861174,1
-0.825,-0.2749999999999999,0.5039873130348844,1
-0.825,-0.25,0.4972362370042219,1
-0.825,-0.22499999999999998,0.4898179811315475,1
-0.825,-0.19999999999999996,0.4817485790066563,1
-0.825,-0.17499999999999993,0.47304579859016926,1
-0.825,-0.1499999999999999,0.4637292175502751,1
-0.825,-0.125,0.4538203174179787,1
-0.825,-0.09999999999999998,0.443342601231517,1
-0.825,-0.07499999999999996,0.4323217405803791,1
-0.825,-0.04999999999999993,0.42078575954826697,1
-0.825,-0.02499999999999991,0.4087652650944492,1
-0.825,0.0,0.3962937360328675,1
-0.825,0.025000000000000133,0.3834078861257908,1
-0.825,0.050000000000000044,0.37014812108851,1
-0.825,0.07499999999999996,0.356559114701672,1
-0.825,0.10000000000000009,0.3426905359215397,1
-0.825,0.125,0.32859796692493715,1
-0.825,0.15000000000000013,0.3143440611822999,1
-0.825,0.17500000000000004,0.3,1
-0.825,0.20000000000000018,0.28564731320242304,1
-0.825,0.2250000000000001,0.27138012973657144,1
-0.825,0.25,0.257307907063473,1
-0.825,0.27500000000000013,0.24355863594351673,1
-0.825,0.30000000000000004,0.2302823983759825,1
-0.825,0.3250000000000002,0.2176549233301184,1
-0.825,0.3500000000000001,0.2058803782884441,1
-0.825,0.375,0.19519201484806534,1
-0.825,0.40000000000000013,0.18584852093135415,1
-0.825,0.42500000000000004,0.17812335754941463,1
-0.825,0.4500000000000002,0.17228473903162198,1
-0.825,0.4750000000000001,0.16856627413819214,1
-0.825,0.5,0.16713293251251576,1
-0.825,0.5250000000000001,0.16805202452396767,1
-0.825,0.55,0.171280141574396,1
-0.825,0.5750000000000002,0.176671660019479,1
-0.825,0.6000000000000001,0.18400511547836063,1
-0.825,0.625,0.19301709964175504,1
-0.825,0.6500000000000001,0.2034332374195864,1
-0.825,0.675,0.21499038791371897,1
-0.825,0.7000000000000002,0.22744920522513,1
-0.825,0.7250000000000001,0.2405990841029089,1
-0.825,0.75,0.25425824584693896,1
-0.825,0.7750000000000001,0.2682712737724564,1
-0.825,0.8,0.2825056417071147,1
-0.825,0.8250000000000002,0.29684811504786457,1
-0.825,0.8500000000000001,0.311201452055563,1
-0.825,0.875,0.3254815670202021,1
-0.825,0.9000000000000001,0.3396151776710714,1
-0.825,0.925,0.35353789555411547,1
-0.825,0.9500000000000002,0.3671926953694331,1
-0.825,0.9750000000000001,0.3805286967149073,1
-0.825,1.0,0.3935001979064219,1
-0.8,-1.0,0.3915553534343812,1
-0.8,-0.975,0.40577164928572423,1
-0.8,-0.95,0.41950980689661144,1
-0.8,-0.925,0.4327345992210632,1
-0.8,-0.9,0.4454137506314678,1
-0.8,-0.875,0.45751760605611846,1
-0.8,-0.85,0.4690188744043383,1
-0.8,-0.825,0.4798924290208359,1
-0.8,-0.8,0.4901151521454138,1
-0.8,-0.775,0.499665813489247,1
-0.8,-0.75,0.5085249753727882,1
-0.8,-0.725,0.5166749186184223,1
-0.8,-0.7,0.5240995847090076,1
-0.8,-0.675,0.5307845307242639,1
-0.8,-0.6499999999999999,0.5367168943326699,1
-0.8,-0.625,0.5418853667071521,1
-0.8,-0.6,0.5462801716924972,1
-0.8,-0.575,0.549893049913825,1
-0.8,-0.55,0.5527172468030256,1
-0.8,-0.5249999999999999,0.5547475037522104,1
-0.8,-0.5,0.5559800517940522,1
-0.8,-0.475,0.5564126073693119,1
-0.8,-0.44999999999999996,0.5560443698805865,1
-0.8,-0.42499999999999993,0.5548760208555135,1
-0.8,-0.3999999999999999,0.5529097246584311,1
-0.8,-0.375,0.5501491308023914,1
-0.8,-0.35,0.5465993780287556,1
-0.8,-0.32499999999999996,0.542267100444912,1
-0.8,-0.29999999999999993,0.5371604361479728,1
-0.8,-0.2749999999999999,0.5312890389206967,1
-0.8,-0.25,0.5246640937738921,1
-0.8,-0.22499999999999998,0.5172983373379144,1
-0.8,-0.19999999999999996,0.509206084388372,1
-0.8,-0.17499999999999993,0.5004032621458152,1
-0.8,-0.1499999999999999,0.4909074544398662,1
-0.8,-0.125,0.48073795840688904,1
-0.8,-0.09999999999999998,0.46991585713996437,1
-0.8,-0.07499999999999996,0.4584641126891811,1
-0.8,-0.04999999999999993,0.4464076850990984,1
-0.8,-0.02499999999999991,0.4337736848786592,1
-0.8,0.0,0.4205915685785902,1
-0.8,0.025000000000000133,0.4068933902123077,1
-0.8,0.050000000000000044,0.3927141253890542,1
-0.8,0.07499999999999996,0.37809209063336396,1
-0.8,0.10000000000000009,0.36306948799221705,1
-0.8,0.125,0.347693115421057,1
-0.8,0.15000000000000013,0.33201529756173814,1
-0.8,0.17500000000000004,0.31609511057750334,1
-0.8,0.20000000000000018,0.2999999999999999,1
-0.8,0.2250000000000001,0.2838079230617974,1
-0.8,0.25,0.26761018624975264,1
-0.8,0.27500000000000013,0.25151519006447465,1
-0.8,0.30000000000000004,0.23565332094067284,1
-0.8,0.3250000000000002,0.2201832062314131,1
-0.8,0.3500000000000001,0.20529938553345872,1
-0.8,0.375,0.19124097811707952,1
-0.8,0.40000000000000013,0.17829984963016052,1
-0.8,0.42500000000000004,0.16682474642268627,1
-0.8,0.4500000000000002,0.15721484487479337,1
-0.8,0.4750000000000001,0.14989352702239503,1
-0.8,0.5,0.14525510101061892,1
-0.8,0.5250000000000001,0.14358925002591985,1
-0.8,0.55,0.1450086931415616,1
-0.8,0.5750000000000002,0.14941708015509442,1
-0.8,0.6000000000000001,0.15653657317272518,1
-0.8,0.625,0.16597830050911877,1
-0.8,0.6500000000000001,0.17731887181318198,1
-0.8,0.675,0.19015586800724754,1
-0.8,0.7000000000000002,0.20413605316024336,1
-0.8,0.7250000000000001,0.21896305506921593,1
-0.8,0.75,0.23439379485588477,1
-0.8,0.7750000000000001,0.250230478858894,1
-0.8,0.8,0.26631189606246314,1
-0.8,0.8250000000000002,0.28250564170711473,1
-0.8,0.8500000000000001,0.29870174679417727,1
-0.8,0.875,0.31480768368846757,1
-0.8,0.9000000000000001,0.3307445382329612,1
-0.8,0.925,0.34644410766910716,1
-0.8,0.9500000000000002,0.36184670932176005,1
-0.8,0.9750000000000001,0.37689952596058246,1
-0.8,1.0,0.39155535343438114,1
-0.775,-1.0,0.3893766926717636,1
-0.775,-0.975,0.40518054094674727,1
-0.775,-0.95,0.4204723961995212,1
-0.775,-0.925,0.4352167992697795,1
-0.775,-0.9,0.4493810902422091,1
-0.775,-0.875,0.4629350838821097,1
-0.775,-0.85,0.4758508249881122,1
-0.775,-0.825,0.4881024033493821,1
-0.775,-0.8,0.499665813489247,1
-0.775,-0.775,0.5105188482788731,1
-0.775,-0.75,0.520641018302856,1
-0.775,-0.725,0.5300134908853393,1
-0.775,-0.7,0.5386190441675869,1
-0.775,-0.675,0.5464420327225541,1
-0.775,-0.6499999999999999,0.5534683620081222,1
-0.775,-0.625,0.5596854695750773,1
-0.775,-0.6,0.5650823114131314,1
-0.775,-0.575,0.5696493521773859,1
-0.775,-0.55,0.5733785583168878,1
-0.775,-0.5249999999999999,0.5762633933470442,1
-0.775,-0.5,0.5782988146839733,1
-0.775,-0.475,0.5794812716028852,1
-0.775,-0.44999999999999996,0.579808704003182,1
-0.775,-0.42499999999999993,0.5792805417670462,1
-0.775,-0.3999999999999999,0.5778977045915474,1
-0.775,-0.375,0.575662602261537,1
-0.775,-0.35,0.5725791354162281,1
-0.775,-0.32499999999999996,0.5686526969506074,1
-0.775,-0.29999999999999993,0.563890174288163,1
-0.775,-0.2749999999999999,0.5582999528688248,1
-0.775,-0.25,0.5518919213214183,1
-0.775,-0.22499999999999998,0.5446774789406511,1
-0.775,-0.19999999999999996,0.5366695462740881,1
-0.775,-0.17499999999999993,0.5278825798570084,1
-0.775,-0.1499999999999999,0.5183325924289383,1
-0.775,-0.125,0.5080371803472408,1
-0.775,-0.09999999999999998,0.4970155604109074,1
-0.775,-0.07499999999999996,0.48528861896385916,1
-0.775,-0.04999999999999993,0.4728789770206299,1
-0.775,-0.02499999999999991,0.45981107633162366,1
-0.775,0.0,0.4461112928989648,1
-0.775,0.025000000000000133,0.43180808663813636,1
-0.775,0.050000000000000044,0.41693219890315475,1
-0.775,0.07499999999999996,0.40151691381728305,1
-0.775,0.10000000000000009,0.3855984053140138,1
-0.775,0.125,0.3692162002933391,1
-0.775,0.15000000000000013,0.3524138005330097,1
-0.775,0.17500000000000004,0.3352395237625542,1
-0.775,0.20000000000000018,0.3177476503109284,1
-0.775,0.2250000000000001,0.29999999999999993,1
-0.775,0.25,0.2820681203336388,1
-0.775,0.27500000000000013,0.26403634963300654,1
-0.775,0.30000000000000004,0.24600613754128592,1
-0.775,0.3250000000000002,0.22810216860439994,1
-0.775,0.3500000000000001,0.2104810364475457,1
-0.775,0.375,0.1933433981146298,1
-0.775,0.40000000000000013,0.17695048961780194,1
-0.775,0.42500000000000004,0.16164501233218273,1
-0.775,0.4500000000000002,0.14787333535980843,1
-0.775,0.4750000000000001,0.13619836979985037,1
-0.775,0.5,0.1272791239092197,1
-0.775,0.5250000000000001,0.1217823891598869,1
-0.775,0.55,0.12021381455613796,1
-0.775,0.5750000000000002,0.12273364810867635,1
-0.775,0.6000000000000001,0.12908809966765925,1
-0.775,0.625,0.13871576264239946,1
-0.775,0.6500000000000001,0.15093915374743508,1
-0.775,0.675,0.16511694249466843,1
-0.775,0.7000000000000002,0.1807134908888989,1
-0.775,0.7250000000000001,0.19730853269601628,1
-0.775,0.75,0.2145805248109448,1
-0.775,0.7750000000000001,0.23228417592002165,1
-0.775,0.8,0.2502304788588939,1
-0.775,0.8250000000000002,0.2682712737724564,1
-0.775,0.8500000000000001,0.2862879984803472,1
-0.775,0.875,0.30418369093824243,1
-0.775,0.9000000000000001,0.32187734800296014,1
-0.775,0.925,0.33929994216347475,1
-0.775,0.9500000000000002,0.35639159297030226,1
-0.775,0.9750000000000001,0.3730995423888118,1
-0.775,1.0,0.38937669267176356,1
-0.75,-1.0,0.38697381996916685,1
-0.75,-0.975,0.40429493867580846,1
-0.75,-0.95,0.421072663619604,1
-0.75,-0.925,0.437271921044635,1
-0.75,-0.9,0.45286013950776555,1
-0.75,-0.875,0.4678069682985922,1
-0.75,-0.85,0.4820840718832975,1
-0.75,-0.825,0.4956649795314335,1
-0.75,-0.8,0.5085249753727882,1
-0.75,-0.775,0.520641018302856,1
-0.75,-0.75,0.5319916840530968,1
-0.75,-0.725,0.5425571237815451,1
-0.75,-0.7,0.552319034992652,1
-0.75,-0.675,0.5612606416433513,1
-0.75,-0.6499999999999999,0.5693666810569731,1
-0.75,-0.625,0.5766233958307809,1
-0.75,-0.6,0.5830185293438248,1
-0.75,-0.575,0.5885413237894493,1
-0.75,-0.55,0.5931825198994308,1
-0.75,-0.5249999999999999,0.5969343577144687,1
-0.75,-0.5,0.5997905779032622,1
-0.75,-0.475,0.6017464232503318,1
-0.75,-0.44999999999999996,0.6027986400290974,1
-0.75,-0.42499999999999993,0.6029454790575783,1
-0.75,-0.3999999999999999,0.6021866963041885,1
-0.75,-0.375,0.6005235529743533,1
-0.75,-0.35,0.5979588150683891,1
-0.75,-0.32499999999999996,0.5944967524603235,1
-0.75,-0.29999999999999993,0.5901431376090897,1
-0.75,-0.2749999999999999,0.5849052440810267,1
-0.75,-0.25,0.5787918451395113,1
-0.75,-0.22499999999999998,0.5718132127482798,1
-0.75,-0.19999999999999996,0.5639811174451742,1
-0.75,-0.17499999999999993,0.5553088296799246,1
-0.75,-0.1499999999999999,0.5458111233829154,1
-0.75,-0.125,0.5355042827548144,1
-0.75,-0.09999999999999998,0.5244061135576304,1
-0.75,-0.07499999999999996,0.5125359605714799,1
-0.75,-0.04999999999999993,0.49991473339375386,1
-0.75,-0.02499999999999991,0.4865649434493682,1
-0.75,0.0,0.4725107560258506,1
-0.75,0.025000000000000133,0.4577780624525101,1
-0.75,0.050000000000000044,0.44239457936771986,1
-0.75,0.07499999999999996,0.42638998460046473,1
-0.75,0.10000000000000009,0.40979610289344764,1
-0.75,0.125,0.39264716007241157,1
-0.75,0.15000000000000013,0.3749801321911197,1
-0.75,0.17500000000000004,0.3568352280363496,1
-0.75,0.20000000000000018,0.33825656139054444,1
-0.75,0.2250000000000001,0.3192930972667826,1
-0.75,0.25,0.30000000000000004,1
-0.75,0.27500000000000013,0.2804405807573989,1
-0.75,0.30000000000000004,0.26068915490759414,1
-0.75,0.3250000000000002,0.24083530481169793,1
-0.75,0.3500000000000001,0.22099034911918033,1
-0.75,0.375,0.2012973206036996,1
-0.75,0.40000000000000013,0.18194654803929042,1
-0.75,0.42500000000000004,0.16320006768936263,1
-0.75,0.4500000000000002,0.14542919234944318,1
-0.75,0.4750000000000001,0.12916858937708064,1
-0.75,0.5,0.11517992255649799,1
-0.75,0.5250000000000001,0.1044815486441629,1
-0.75,0.55,0.09822907655435129,1
-0.75,0.5750000000000002,0.09732369282799233,1
-0.75,0.6000000000000001,0.10191336858281688,1
-0.75,0.625,0.11129516712197865,1
-0.75,0.6500000000000001,0.12433988653548822,1
-0.75,0.675,0.1399598628742502,1
-0.75,0.7000000000000002,0.1573093418540333,1
-0.75,0.7250000000000001,0.1757868235908609,1
-0.75,0.75,0.1949747468305832,1
-0.75,0.7750000000000001,0.21458052481094492,1
-0.75,0.8,0.23439379485588477,1
-0.75,0.8250000000000002,0.254258245846939,1
-0.75,0.8500000000000001,0.2740535887251432,1
-0.75,0.875,0.29368403949295874,1
-0.75,0.9000000000000001,0.31307088648584325,1
-0.75,0.925,0.33214761932417997,1
-0.75,0.9500000000000002,0.35085668190516484,1
-0.75,0.9750000000000001,0.36914727102846523,1
-0.75,1.0,0.3869738199691668,1
-0.725,-1.0,0.3843574920455648,1
-0.725,-0.975,0.4031183835517908,1
-0.725,-0.95,0.4213084616972344,1
-0.725,-0.925,0.43889336995335376,1
-0.725,-0.9,0.45584085127973306,1
-0.725,-0.875,0.47212054228707456,1
-0.725,-0.85,0.487703829425574,1
-0.725,-0.825,0.5025637490195792,1
-0.725,-0.8,0.5166749186184223,1
-0.725,-0.775,0.5300134908853393,1
-0.725,-0.75,0.5425571237815451,1
-0.725,-0.725,0.5542849625430252,1
-0.725,-0.7,0.5651776301605173,1
-0.725,-0.675,0.5752172239303348,1
-0.725,-0.6499999999999999,0.5843873162576233,1
-0.725,-0.625,0.5926729583390026,1
-0.725,-0.6,0.6000606856786967,1
-0.725,-0.575,0.6065385246355515,1
-0.725,-0.55,0.6120959993816046,1
-0.725,-0.5249999999999999,0.6167241387927638,1
-0.725,-0.5,0.6204154829005067,1
-0.725,-0.475,0.623164088618891,1
-0.725,-0.44999999999999996,0.6249655345297089,1
-0.725,-0.42499999999999993,0.6258169245650501,1
-0.725,-0.3999999999999999,0.6257168904742846,1
-0.725,-0.375,0.6246655930043844,1
-0.725,-0.35,0.6226647217607669,1
-0.725,-0.32499999999999996,0.6197174937524943,1
-0.725,-0.29999999999999993,0.6158286506624855,1
-0.725,-0.2749999999999999,0.611004454922267,1
-0.725,-0.25,0.605252684713714,1
-0.725,-0.22499999999999998,0.5985826280695655,1
-0.725,-0.19999999999999996,0.5910050763031383,1
-0.725,-0.17499999999999993,0.5825323170693315,1
-0.725,-0.1499999999999999,0.5731781274486335,1
-0.725,-0.125,0.5629577675600271,1
-0.725,-0.09999999999999998,0.5518879753565905,1
-0.725,-0.07499999999999996,0.5399869634518824,1
-0.725,-0.04999999999999993,0.5272744190838703,1
-0.725,-0.02499999999999991,0.5137715086718632,1
-0.725,0.0,0.49950088889787414,1
-0.725,0.025000000000000133,0.4844867269016914,1
-0.725,0.050000000000000044,0.4687547330999792,1
-0.725,0.07499999999999996,0.4523322114467545,1
-0.725,0.10000000000000009,0.4352481338338983,1
-0.725,0.125,0.41753324807957687,1
-0.725,0.15000000000000013,0.3992202330355432,1
-0.725,0.17500000000000004,0.38034392051498367,1
-0.725,0.20000000000000018,0.3609416132450919,1
-0.725,0.2250000000000001,0.34105354298241664,1
-0.725,0.25,0.32072353692116223,1
-0.725,0.27500000000000013,0.29999999999999993,1
-0.725,0.30000000000000004,0.2789373873604333,1
-0.725,0.3250000000000002,0.2575984568960029,1
-0.725,0.3500000000000001,0.23605779863951856,1
-0.725,0.375,0.21440751888638998,1
-0.725,0.40000000000000013,0.192766680741603,1
-0.725,0.42500000000000004,0.17129751263299603,1
-0.725,0.4500000000000002,0.15023417468191874,1
-0.725,0.4750000000000001,0.12993520051028032,1
-0.725,0.5,0.11097949485672504,1
-0.725,0.5250000000000001,0.09433100421976777,1
-0.725,0.55,0.08154692116394062,1
-0.725,0.5750000000000002,0.07473283501423837,1
-0.725,0.6000000000000001,0.07556581685203301,1
-0.725,0.625,0.08381358253769854,1
-0.725,0.6500000000000001,0.0975728649569624,1
-0.725,0.675,0.11481309872331656,1
-0.725,0.7000000000000002,0.1341152218226748,1
-0.725,0.7250000000000001,0.15461363383112858,1
-0.725,0.75,0.17578682359086079,1
-0.725,0.7750000000000001,0.19730853269601634,1
-0.725,0.8,0.21896305506921585,1
-0.725,0.8250000000000002,0.24059908410290892,1
-0.725,0.8500000000000001,0.2621042806132724,1
-0.725,0.875,0.28339084608567244,1
-0.725,0.9000000000000001,0.3043870601029653,1
-0.725,0.925,0.32503215072256814,1
-0.725,0.9500000000000002,0.3452730900042603,1
-0.725,0.9750000000000001,0.3650625379005089,1
-0.725,1.0,0.38435749204556474,1
-0.7,-1.0,0.3815396228837007,1
-0.7,-0.975,0.4016556096651941,1
-0.7,-0.95,0.4211789487667989,1
-0.7,-0.925,0.4400759881055499,1
-0.7,-0.9,0.4583147305274624,1
-0.7,-0.875,0.47586472390582074,1
-0.7,-0.85,0.4926969914310148,1
-0.7,-0.825,0.5087839894979858,1
-0.7,-0.8,0.5240995847090076,1
-0.7,-0.775,0.5386190441675869,1
-0.7,-0.75,0.552319034992652,1
-0.7,-0.725,0.5651776301605173,1
-0.7,-0.7,0.5771743185876873,1
-0.7,-0.675,0.5882900179272531,1
-0.7,-0.6499999999999999,0.598507088946392,1
-0.7,-0.625,0.6078093506350017,1
-0.7,-0.6,0.6161820954005027,1
-0.7,-0.575,0.6236121038547164,1
-0.7,-0.55,0.6300876588112818,1
-0.7,-0.5249999999999999,0.6355985581972994,1
-0.7,-0.5,0.6401361266484206,1
-0.7,-0.475,0.6436932256078477,1
-0.7,-0.44999999999999996,0.6462642617905877,1
-0.7,-0.42499999999999993,0.6478451939076307,1
-0.7,-0.3999999999999999,0.6484335375726454,1
-0.7,-0.375,0.6480283683378814,1
-0.7,-0.35,0.64663032282756,1
-0.7,-0.32499999999999996,0.6442415979571459,1
-0.7,-0.29999999999999993,0.6408659482464817,1
-0.7,-0.2749999999999999,0.6365086812547147,1
-0.7,-0.25,0.631176651186189,1
-0.7,-0.22499999999999998,0.6248782507400215,1
-0.7,-0.19999999999999996,0.6176234013031886,1
-0.7,-0.17499999999999993,0.6094235416191419,1
-0.7,-0.1499999999999999,0.6002916151032607,1
-0.7,-0.125,0.5902420560255377,1
-0.7,-0.09999999999999998,0.5792907748434293,1
-0.7,-0.07499999999999996,0.5674551430488983,1
-0.7,-0.04999999999999993,0.5547539780004922,1
-0.7,-0.02499999999999991,0.5412075283540779,1
-0.7,0.0,0.526837460899398,1
-0.7,0.025000000000000133,0.5116668498756222,1
-0.7,0.050000000000000044,0.4957201702098225,1
-0.7,0.07499999999999996,0.47902329664650467,1
-0.7,0.10000000000000009,0.46160351148870254,1
-0.7,0.125,0.44348952476828385,1
-0.7,0.15000000000000013,0.42471151229038717,1
-0.7,0.17500000000000004,0.4053011794550748,1
-0.7,0.20000000000000018,0.3852918625470915,1
-0.7,0.2250000000000001,0.36471868514946737,1
-0.7,0.25,0.3436187969566667,1
-0.7,0.27500000000000013,0.32203173819253095,1
-0.7,0.30000000000000004,0.3,1
-0.7,0.3250000000000002,0.27756989902421597,1
-0.7,0.3500000000000001,0.2547929718773199,1
-0.7,0.375,0.2317282618020917,1
-0.7,0.40000000000000013,0.2084462025199954,1
-0.7,0.42500000000000004,0.18503550460129406,1
-0.7,0.4500000000000002,0.1616160148341709,1
-0.7,0.4750000000000001,0.13836425425186769,1
-0.7,0.5,0.11556787354934994,1
-0.7,0.5250000000000001,0.09375086849584711,1
-0.7,0.55,0.07397768561821877,1
-0.7,0.5750000000000002,0.05853886544805513,1
-0.7,0.6000000000000001,0.051615321254311355,1
-0.7,0.625,0.05647501984509889,1
-0.7,0.6500000000000001,0.0707065742140493,1
-0.7,0.675,0.08990526958295812,1
-0.7,0.7000000000000002,0.11144967660473126,1
-0.7,0.7250000000000001,0.13411522182267477,1
-0.7,0.75,0.15730934185403317,1
-0.7,0.7750000000000001,0.1807134908888989,1
-0.7,0.8,0.20413605316024322,1
-0.7,0.8250000000000002,0.22744920522512999,1
-0.7,0.8500000000000001,0.250559715185582,1
-0.7,0.875,0.2733944208207387,1
-0.7,0.9000000000000001,0.2958925349150609,1
-0.7,0.925,0.31800134380929196,1
-0.7,0.9500000000000002,0.33967369331431996,1
-0.7,0.9750000000000001,0.36086646462373206,1
-0.7,1.0,0.3815396228837006,1
-0.675,-1.0,0.3785332875257581,1
-0.675,-0.975,0.399912550612443,1
-0.675,-0.95,0.4206845869836056,1
-0.675,-0.925,0.44081603818014925,1
-0.675,-0.9,0.4602748033074112,1
-0.675,-0.875,0.47903002328052746,1
-0.675,-0.85,0.4970520813726124,1
-0.675,-0.825,0.5143126143907434,1
-0.675,-0.8,0.5307845307242639,1
-0.675,-0.775,0.5464420327225541,1
-0.675,-0.75,0.5612606416433513,1
-0.675,-0.725,0.5752172239303348,1
-0.675,-0.7,0.5882900179272531,1
-0.675,-0.675,0.6004586603749683,1
-0.675,-0.6499999999999999,0.6117042122046915,1
-0.675,-0.625,0.622009183259211,1
-0.675,-0.6,0.6313575556595031,1
-0.675,-0.575,0.6397348055969936,1
-0.675,-0.55,0.64712792337873,1
-0.675,-0.5249999999999999,0.653525431588514,1
-0.675,-0.5,0.6589174012548183,1
-0.675,-0.475,0.6632954659383405,1
-0.675,-0.44999999999999996,0.6666528336698997,1
-0.675,-0.42499999999999993,0.6689842966842309,1
-0.675,-0.3999999999999999,0.6702862389078897,1
-0.675,-0.375,0.6705566411705841,1
-0.675,-0.35,0.6697950841192872,1
-0.675,-0.32499999999999996,0.668002748823827,1
-0.675,-0.29999999999999993,0.6651824150716232,1
-0.675,-0.2749999999999999,0.6613384573581453,1
-0.675,-0.25,0.6564768385887826,1
-0.675,-0.22499999999999998,0.6506051015174364,1
-0.675,-0.19999999999999996,0.6437323579576466,1
-0.675,-0.17499999999999993,0.6358692758138343,1
-0.675,-0.1499999999999999,0.6270280639938582,1
-0.675,-0.125,0.6172224552802372,1
-0.675,-0.09999999999999998,0.6064676872570675,1
-0.675,-0.07499999999999996,0.5947804814141943,1
-0.675,-0.04999999999999993,0.5821790205814554,1
-0.675,-0.02499999999999991,0.5686829248864596,1
-0.675,0.0,0.5543132264832252,1
-0.675,0.025000000000000133,0.5390923433716636,1
-0.675,0.050000000000000044,0.5230440527276212,1
-0.675,0.07499999999999996,0.5061934643023938,1
-0.675,0.10000000000000009,0.48856699464825226,1
-0.675,0.125,0.47019234321196557,1
-0.675,0.15000000000000013,0.4510984717580579,1
-0.675,0.17500000000000004,0.4313155892126553,1
-0.675,0.20000000000000018,0.4108751449809593,1
-0.675,0.2250000000000001,0.3898098352958075,1
-0.675,0.25,0.3681536295643369,1
-0.675,0.27500000000000013,0.34594182764329107,1
-0.675,0.30000000000000004,0.3232111656896366,1
-0.675,0.3250000000000002,0.2999999999999998,1
-0.675,0.3500000000000001,0.2763486196642553,1
-0.675,0.375,0.25229977954907307,1
-0.675,0.40000000000000013,0.22789962643883138,1
-0.675,0.42500000000000004,0.203199363500672,1
-0.675,0.4500000000000002,0.17825838999282445,1
-0.675,0.4750000000000001,0.153150622219918,1
-0.675,0.5,0.12797836201052953,1
-0.675,0.5250000000000001,0.10290640254591141,1
-0.675,0.55,0.07825983758732614,1
-0.675,0.5750000000000002,0.054869058759982735,1
-0.675,0.6000000000000001,0.035594392114724725,1
-0.675,0.625,0.030073140862337013,1
-0.675,0.6500000000000001,0.04387650976249643,1
-0.675,0.675,0.06574899530116413,1
-0.675,0.7000000000000002,0.0899052695829583,1
-0.675,0.7250000000000001,0.1148130987233167,1
-0.675,0.75,0.1399598628742502,1
-0.675,0.7750000000000001,0.1651169424946686,1
-0.675,0.8,0.19015586800724754,1
-0.675,0.8250000000000002,0.21499038791371905,1
-0.675,0.8500000000000001,0.23955460710121096,1
-0.675,0.875,0.26379356231177636,1
-0.675,0.9000000000000001,0.2876587338016445,1
-0.675,0.925,0.31110574046134337,1
-0.675,0.9500000000000002,0.3340930870492816,1
-0.675,0.9750000000000001,0.35658145459611734,1
-0.675,1.0,0.378533287525758,1
-0.6499999999999999,-1.0,0.37535272410212256,1
-0.6499999999999999,-0.975,0.39789634746519825,1
-0.6499999999999999,-0.95,0.41982714340710764,1
-0.6499999999999999,-0.925,0.4411111918916568,1
-0.6499999999999999,-0.9,0.4617155921380791,1
-0.6499999999999999,-0.875,0.4816085078145241,1
-0.6499999999999999,-0.85,0.5007592121938447,1
-0.6499999999999999,-0.825,0.5191381326844411,1
-0.6499999999999999,-0.8,0.5367168943326699,1
-0.6499999999999999,-0.775,0.5534683620081222,1
-0.6499999999999999,-0.75,0.5693666810569731,1
-0.6499999999999999,-0.725,0.5843873162576233,1
-0.6499999999999999,-0.7,0.598507088946392,1
-0.6499999999999999,-0.675,0.6117042122046915,1
-0.6499999999999999,-0.6499999999999999,0.6239583240164286,1
-0.6499999999999999,-0.625,0.6352505183174924,1
-0.6499999999999999,-0.6,0.6455633738694948,1
-0.6499999999999999,-0.575,0.6548809808983507,1
-0.6499999999999999,-0.55,0.6631889654454146,1
-0.6499999999999999,-0.5249999999999999,0.6704745113851183,1
-0.6499999999999999,-0.5,0.6767263800686696,1
-0.6499999999999999,-0.475,0.6819349275585577,1
-0.6499999999999999,-0.44999999999999996,0.6860921194234822,1
-0.6499999999999999,-0.42499999999999993,0.6891915430679943,1
-0.6499999999999999,-0.3999999999999999,0.6912284175756509,1
-0.6499999999999999,-0.375,0.6921996010489021,1
-0.6499999999999999,-0.35,0.6921035954332675,1
-0.6499999999999999,-0.32499999999999996,0.6909405488176621,1
-0.6499999999999999,-0.29999999999999993,0.688712255206994,1
-0.6499999999999999,-0.2749999999999999,0.6854221517674205,1
-0.6499999999999999,-0.25,0.6810753135488999,1
-0.6499999999999999,-0.22499999999999998,0.6756784456939549,1
-0.6499999999999999,-0.19999999999999996,0.669239873145863,1
-0.6499999999999999,-0.17499999999999993,0.6617695278738488,1
-0.6499999999999999,-0.1499999999999999,0.6532789336372731,1
-0.6499999999999999,-0.125,0.6437811883153651,1
-0.6499999999999999,-0.09999999999999998,0.6332909438337335,1
-0.6499999999999999,-0.07499999999999996,0.6218243837238216,1
-0.6499999999999999,-0.04999999999999993,0.6093991983567193,1
-0.6499999999999999,-0.02499999999999991,0.5960345578984537,1
-0.6499999999999999,0.0,0.5817510830402522,1
-0.6499999999999999,0.025000000000000133,0.5665708135645929,1
-0.6499999999999999,0.050000000000000044,0.5505171748165704,1
-0.6499999999999999,0.07499999999999996,0.533614942160836,1
-0.6499999999999999,0.10000000000000009,0.515890203518126,1
-0.6499999999999999,0.125,0.49737032009364807,1
-0.6499999999999999,0.15000000000000013,0.4780838854347534,1
-0.6499999999999999,0.17500000000000004,0.45806068299113173,1
-0.6499999999999999,0.20000000000000018,0.4373316424034328,1
-0.6499999999999999,0.2250000000000001,0.4159287948260333,1
-0.6499999999999999,0.25,0.3938852277143149,1
-0.6499999999999999,0.27500000000000013,0.37123503970746485,1
-0.6499999999999999,0.30000000000000004,0.3480132965711309,1
-0.6499999999999999,0.3250000000000002,0.3242559897371644,1
-0.6499999999999999,0.3500000000000001,0.30000000000000016,1
-0.6499999999999999,0.375,0.2752830708320942,1
-0.6499999999999999,0.40000000000000013,0.25014379949865917,1
-0.6499999999999999,0.42500000000000004,0.22462166183831112,1
-0.6499999999999999,0.4500000000000002,0.19875710357325851,1
-0.6499999999999999,0.4750000000000001,0.1725917717977233,1
-0.6499999999999999,0.5,0.14616906864499446,1
-0.6499999999999999,0.5250000000000001,0.11953553733135243,1
-0.6499999999999999,0.55,0.0927447776124596,1
-0.6499999999999999,0.5750000000000002,0.06587113990927626,1
-0.6499999999999999,0.6000000000000001,0.03908023599278893,1
-0.6499999999999999,0.625,0.013553686477535437,1
-0.6499999999999999,0.6500000000000001,0.017793349817682685,1
-0.6499999999999999,0.675,0.04387650976249617,1
-0.6499999999999999,0.7000000000000002,0.07070657421404924,1
-0.6499999999999999,0.7250000000000001,0.09757286495696232,1
-0.6499999999999999,0.75,0.12433988653548801,1
-0.6499999999999999,0.7750000000000001,0.15093915374743508,1
-0.6499999999999999,0.8,0.1773188718131818,1
-0.6499999999999999,0.8250000000000002,0.20343323741958635,1
-0.6499999999999999,0.8500000000000001,0.22923923088149184,1
-0.6499999999999999,0.875,0.25469544888090734,1
-0.6499999999999999,0.9000000000000001,0.27976163169307094,1
-0.6499999999999999,0.925,0.3043984656923879,1
-0.6499999999999999,0.9500000000000002,0.3285675077538532,1
-0.6499999999999999,0.9750000000000001,0.3522311682690578,1
-0.6499999999999999,1.0,0.37535272410212245,1
-0.625,-1.0,0.3720133332728521,1
-0.625,-0.975,0.39561535808858994,1
-0.625,-0.95,0.41860969414689825,1
-0.625,-0.925,0.4409605228719176,1
-0.625,-0.9,0.46263309719716755,1
-0.625,-0.875,0.4835937745325771,1
-0.625,-0.85,0.5038100541829048,1
-0.625,-0.825,0.5232506171146231,1
-0.625,-0.8,0.5418853667071521,1
-0.625,-0.775,0.5596854695750773,1
-0.625,-0.75,0.5766233958307809,1
-0.625,-0.725,0.5926729583390026,1
-0.625,-0.7,0.6078093506350017,1
-0.625,-0.675,0.622009183259211,1
-0.625,-0.6499999999999999,0.6352505183174924,1
-0.625,-0.625,0.6475129021159828,1
-0.625,-0.6,0.6587773957485248,1
-0.625,-0.575,0.6690266035363615,1
-0.625,-0.55,0.6782446992364284,1
-0.625,-0.5249999999999999,0.6864174499477679,1
-0.625,-0.5,0.6935322376563301,1
-0.625,-0.475,0.6995780783674748,1
-0.625,-0.44999999999999996,0.7045456387832744,1
-0.625,-0.42499999999999993,0.7084272504886676,1
-0.625,-0.3999999999999999,0.7112169216168002,1
-0.625,-0.375,0.7129103459697468,1
-0.625,-0.35,0.7135049095763328,1
-0.625,-0.32499999999999996,0.7129996946740835,1
-0.625,-0.29999999999999993,0.7113954811074904,1
-0.625,-0.2749999999999999,0.7086947451398652,1
-0.625,-0.25,0.7049016556810979,1
-0.625,-0.22499999999999998,0.7000220679387184,1
-0.625,-0.19999999999999996,0.6940635145048087,1
-0.625,-0.17499999999999993,0.6870351938966061,1
-0.625,-0.1499999999999999,0.6789479565741474,1
-0.625,-0.125,0.6698142884641244,1
-0.625,-0.09999999999999998,0.6596482920253727,1
-0.625,-0.07499999999999996,0.648465664898294,1
-0.625,-0.04999999999999993,0.6362836761882338,1
-0.625,-0.02499999999999991,0.6231211404417489,1
-0.625,0.0,0.6089983893852956,1
-0.625,0.025000000000000133,0.5939372415088138,1
-0.625,0.050000000000000044,0.5779609695930189,1
-0.625,0.07499999999999996,0.5610942663004028,1
-0.625,0.10000000000000009,0.5433632079782531,1
-0.625,0.125,0.524795216860822,1
-0.625,0.15000000000000013,0.5054190219123937,1
-0.625,0.17500000000000004,0.48526461863176096,1
-0.625,0.20000000000000018,0.46436322825490534,1
-0.625,0.2250000000000001,0.4427472569685637,1
-0.625,0.25,0.4204502560199493,1
-0.625,0.27500000000000013,0.39750688404146794,1
-0.625,0.30000000000000004,0.3739528736182137,1
-0.625,0.3250000000000002,0.34982500532104843,1
-0.625,0.3500000000000001,0.3251610945116583,1
-0.625,0.375,0.30000000000000004,1
-0.625,0.40000000000000013,0.2743816707753156,1
-0.625,0.42500000000000004,0.2483472612437321,1
-0.625,0.4500000000000002,0.22193937542569767,1
-0.625,0.4750000000000001,0.19520256866615754,1
-0.625,0.5,0.16818440396798365,1
-0.625,0.5250000000000001,0.14093782556266984,1
-0.625,0.55,0.11352709490747159,1
-0.625,0.5750000000000002,0.08604527396509852,1
-0.625,0.6000000000000001,0.05868090671235922,1
-0.625,0.625,0.0321215973444372,1
-0.625,0.6500000000000001,0.01355368647753537,1
-0.625,0.675,0.030073140862337013,1
-0.625,0.7000000000000002,0.05647501984509904,1
-0.625,0.7250000000000001,0.08381358253769869,1
-0.625,0.75,0.11129516712197865,1
-0.625,0.7750000000000001,0.13871576264239963,1
-0.625,0.8,0.16597830050911877,1
-0.625,0.8250000000000002,0.19301709964175515,1
-0.625,0.8500000000000001,0.21977859465937968,1
-0.625,0.875,0.2462149008000143,1
-0.625,0.9000000000000001,0.27228126860779633,1
-0.625,0.925,0.29793495910127027,1
-0.625,0.9500000000000002,0.3231347115725098,1
-0.625,0.9750000000000001,0.3478404846208049,1
-0.625,1.0,0.372013333272852,1
-0.6,-1.0,0.36853167408395604,1
-0.6,-0.975,0.3930791676326172,1
-0.6,-0.95,0.4170366315954404,1
-0.6,-0.925,0.4403645038523841,1
-0.6,-0.9,0.46302478289065124,1
-0.6,-0.875,0.48498092869182585,1
-0.6,-0.85,0.5061978096479754,1
-0.6,-0.825,0.5266416791699166,1
-0.6,-0.8,0.5462801716924972,1
-0.6,-0.775,0.5650823114131314,1
-0.6,-0.75,0.5830185293438248,1
-0.6,-0.725,0.6000606856786967,1
-0.6,-0.7,0.6161820954005027,1
-0.6,-0.675,0.6313575556595031,1
-0.6,-0.6499999999999999,0.6455633738694948,1
-0.6,-0.625,0.6587773957485248,1
-0.6,-0.6,0.6709790327294305,1
-0.6,-0.575,0.6821492883058204,1
-0.6,-0.55,0.6922707829806348,1
-0.6,-0.5249999999999999,0.7013277775589988,1
-0.6,-0.5,0.7093061945828287,1
-0.6,-0.475,0.7161936377470648,1
-0.6,-0.44999999999999996,0.7219794091702751,1
-0.6,-0.42499999999999993,0.7266545244184157,0
-0.6,-0.3999999999999999,0.7302117252015762,0
-0.6,-0.375,0.7326454896810172,0
-0.6,-0.35,0.7339520403386519,0
-0.6,-0.32499999999999996,0.7341293493741449,0
-0.6,-0.29999999999999993,0.7331771416065398,0
-0.6,-0.2749999999999999,0.7310968948682569,0
-0.6,-0.25,0.7278918378898234,0
-0.6,-0.22499999999999998,0.7235669456841671,0
-0.6,-0.19999999999999996,0.7181289324500595,1
-0.6,-0.17499999999999993,0.7115862420257415,1
-0.6,-0.1499999999999999,0.7039490359363204,1
-0.6,-0.125,0.6952291790927314,1
-0.6,-0.09999999999999998,0.6854402232166152,1
-0.6,-0.07499999999999996,0.6745973880852573,1
-0.6,-0.04999999999999993,0.6627175407150344,1
-0.6,-0.02499999999999991,0.6498191726322955,1
-0.6,0.0,0.6359223754196724,1
-0.6,0.025000000000000133,0.6210488147768828,1
-0.6,0.050000000000000044,0.6052217034030182,1
-0.6,0.07499999999999996,0.5884657730993076,1
-0.6,0.10000000000000009,0.5708072466179693,1
-0.6,0.125,0.5522738099600019,1
-0.6,0.15000000000000013,0.5328945860769407,1
-0.6,0.17500000000000004,0.5127001112966652,1
-0.6,0.20000000000000018,0.49172231633121727,1
-0.6,0.2250000000000001,0.46999451453236646,1
-0.6,0.25,0.44755140129853904,1
-0.6,0.27500000000000013,0.4244290704762508,1
-0.6,0.30000000000000004,0.40066505671242125,1
-0.6,0.3250000000000002,0.3762984178470319,1
-0.6,0.3500000000000001,0.35136988015587944,1
-0.6,0.375,0.3259220845743865,1
-0.6,0.40000000000000013,0.2999999999999999,1
-0.6,0.42500000000000004,0.273651623102047,1
-0.6,0.4500000000000002,0.24692919105261874,1
-0.6,0.4750000000000001,0.21989136132799234,1
-0.6,0.5,0.19260733290544374,1
-0.6,0.5250000000000001,0.16516517675693115,1
-0.6,0.55,0.13769021423711425,1
-0.6,0.5750000000000002,0.11039050912450883,1
-0.6,0.6000000000000001,0.08368810393753677,1
-0.6,0.625,0.058680906712359295,1
-0.6,0.6500000000000001,0.03908023599278883,1
-0.6,0.675,0.0355943921147248,1
-0.6,0.7000000000000002,0.05161532125431149,1
-0.6,0.7250000000000001,0.07556581685203317,1
-0.6,0.75,0.1019133685828169,1
-0.6,0.7750000000000001,0.12908809966765944,1
-0.6,0.8,0.15653657317272518,1
-0.6,0.8250000000000002,0.18400511547836076,1
-0.6,0.8500000000000001,0.21134951423376225,1
-0.6,0.875,0.23847274666210558,1
-0.6,0.9000000000000001,0.26530089098847526,1
-0.6,0.925,0.29177255928388973,1
-0.6,0.9500000000000002,0.31783379869223904,1
-0.6,0.9750000000000001,0.3434354455236108,1
-0.6,1.0,0.36853167408395593,1
-0.575,-1.0,0.36492545503836354,1
-0.575,-0.975,0.39029859995670635,1
-0.575,-0.95,0.4151136747864709,1
-0.575,-0.925,0.43932500810099206,1
-0.575,-0.9,0.4628895694695281,1
-0.575,-0.875,0.48576656798769663,1
-0.575,-0.85,0.5079171934002604,1
-0.575,-0.825,0.5293044496946957,1
-0.575,-0.8,0.549893049913825,1
-0.575,-0.775,0.5696493521773859,1
-0.575,-0.75,0.5885413237894493,1
-0.575,-0.725,0.6065385246355515,1
-0.575,-0.7,0.6236121038547164,1
-0.575,-0.675,0.6397348055969936,1
-0.575,-0.6499999999999999,0.6548809808983507,1
-0.575,-0.625,0.6690266035363615,1
-0.575,-0.6,0.6821492883058204,1
-0.575,-0.575,0.6942283105582195,1
-0.575,-0.55,0.7052446261379293,1
-0.575,-0.5249999999999999,0.7151808910570956,1
-0.575,-0.5,0.7240214804048916,0
-0.575,-0.475,0.7317525061012227,0
-0.575,-0.44999999999999996,0.7383618331915414,0
-0.575,-0.42499999999999993,0.7438390944459361,0
-0.575,-0.3999999999999999,0.7481757030776605,0
-0.575,-0.375,0.7513648634377248,0
-0.575,-0.35,0.7534015795759736,0
-0.575,-0.32499999999999996,0.754282661587361,0
-0.575,-0.29999999999999993,0.7540067296865288,0
-0.575,-0.2749999999999999,0.7525742159755769,0
-0.575,-0.25,0.749987363890114,0
-0.575,-0.22499999999999998,0.7462502253282443,0
-0.575,-0.19999999999999996,0.7413686554868946,0
-0.575,-0.17499999999999993,0.7353503054507295,0
-0.575,-0.1499999999999999,0.7282046126017837,0
-0.575,-0.125,0.7199427889440152,1
-0.575,-0.09999999999999998,0.7105778074676723,1
-0.575,-0.07499999999999996,0.7001243867155121,1
-0.575,-0.04999999999999993,0.6885989737589773,1
-0.575,-0.02499999999999991,0.6760197258507774,1
-0.575,0.0,0.6624064910955834,1
-0.575,0.025000000000000133,0.6477807885792497,1
-0.575,0.050000000000000044,0.6321657885284458,1
-0.575,0.07499999999999996,0.6155862932502502,1
-0.575,0.10000000000000009,0.5980687198448307,1
-0.575,0.125,0.5796410860230443,1
-0.575,0.15000000000000013,0.5603330008387174,1
-0.575,0.17500000000000004,0.540175662830079,1
-0.575,0.20000000000000018,0.5192018690615349,1
-0.575,0.2250000000000001,0.4974460400328906,1
-0.575,0.25,0.47494426764903935,1
-0.575,0.27500000000000013,0.4517343968677261,1
-0.575,0.30000000000000004,0.4278561570275856,1
-0.575,0.3250000000000002,0.4033513675299693,1
-0.575,0.3500000000000001,0.3782642568868145,1
-0.575,0.375,0.3526419585657952,1
-0.575,0.40000000000000013,0.32653529004440307,1
-0.575,0.42500000000000004,0.30000000000000004,1
-0.575,0.4500000000000002,0.2730988181667799,1
-0.575,0.4750000000000001,0.24590494148613315,1
-0.575,0.5,0.21850822202569206,1
-0.575,0.5250000000000001,0.19102674418808424,1
-0.575,0.55,0.16362991922795214,1
-0.575,0.5750000000000002,0.1365882453008661,1
-0.575,0.6000000000000001,0.11039050912450907,1
-0.575,0.625,0.08604527396509881,1
-0.575,0.6500000000000001,0.06587113990927633,1
-0.575,0.675,0.054869058759982964,1
-0.575,0.7000000000000002,0.05853886544805526,1
-0.575,0.7250000000000001,0.07473283501423851,1
-0.575,0.75,0.0973236928279923,1
-0.575,0.7750000000000001,0.12273364810867646,1
-0.575,0.8,0.14941708015509433,1
-0.575,0.8250000000000002,0.17667166001947907,1
-0.575,0.8500000000000001,0.20413473336501511,1
-0.575,0.875,0.2315930219761231,1
-0.575,0.9000000000000001,0.2589056328374406,1
-0.575,0.925,0.2859699115409657,1
-0.575,0.9500000000000002,0.31270497360707744,1
-0.575,0.9750000000000001,0.3390431793166758,1
-0.575,1.0,0.36492545503836343,1
-0.55,-1.0,0.36121351895576675,1
-0.55,-0.975,0.38728572966518077,1
-0.55,-0.95,0.41284788292836705,1
-0.55,-0.925,0.43784531513707714,1
-0.55,-0.9,0.4622278294907807,1
-0.55,-0.875,0.48594877185726965,1
-0.55,-0.85,0.5089644182785769,1
-0.55,-0.825,0.5312335641392467,1
-0.55,-0.8,0.5527172468030256,1
-0.55,-0.775,0.5733785583168878,1
-0.55,-0.75,0.5931825198994308,1
-0.55,-0.725,0.6120959993816046,1
-0.55,-0.7,0.6300876588112818,1
-0.55,-0.675,0.64712792337873,1
-0.55,-0.6499999999999999,0.6631889654454146,1
-0.55,-0.625,0.6782446992364284,1
-0.55,-0.6,0.6922707829806348,1
-0.55,-0.575,0.7052446261379293,1
-0.55,-0.55,0.7171453999595221,1
-0.55,-0.5249999999999999,0.7279540500631344,0
-0.55,-0.5,0.737653310022642,0
-0.55,-0.475,0.7462277152061759,0
-0.55,-0.44999999999999996,0.7536636162720823,0
-0.55,-0.42499999999999993,0.7599491918651909,0
-0.55,-0.3999999999999999,0.7650744601582519,0
-0.55,-0.375,0.7690312889635719,0
-0.55,-0.35,0.7718134042038389,0
-0.55,-0.32499999999999996,0.7734163965833076,0
-0.55,-0.29999999999999993,0.7738377263442735,0
-0.55,-0.2749999999999999,0.7730767260316307,0
-0.55,-0.25,0.7711346012223691,0
-0.55,-0.22499999999999998,0.7680144292088302,0
-0.55,-0.19999999999999996,0.7637211556559628,0
-0.55,-0.17499999999999993,0.7582615892852265,0
-0.55,-0.1499999999999999,0.7516443946727539,0
-0.55,-0.125,0.7438800832887102,0
-0.55,-0.09999999999999998,0.7349810029506819,0
-0.55,-0.07499999999999996,0.724961325919104,0
-0.55,-0.04999999999999993,0.713837035930842,1
-0.55,-0.02499999999999991,0.7016259145528949,1
-0.55,0.0,0.688347527348428,1
-0.55,0.025000000000000133,0.6740232104911605,1
-0.55,0.050000000000000044,0.6586760586545317,1
-0.55,0.07499999999999996,0.6423309152575614,1
-0.55,0.10000000000000009,0.6250143664967587,1
-0.55,0.125,0.6067547410721356,1
-0.55,0.15000000000000013,0.5875821181838778,1
-0.55,0.17500000000000004,0.5675283473228591,1
-0.55,0.20000000000000018,0.5466270847383855,1
-0.55,0.2250000000000001,0.5249138534517356,1
-0.55,0.25,0.5024261366299173,1
-0.55,0.27500000000000013,0.47920351858488824,1
-0.55,0.30000000000000004,0.4552878945204019,1
-0.55,0.3250000000000002,0.4307237809392875,1
-0.55,0.3500000000000001,0.4055587760048396,1
-0.55,0.375,0.37984424787113674,1
-0.55,0.40000000000000013,0.35363637781552054,1
-0.55,0.42500000000000004,0.32699777061422797,1
-0.55,0.4500000000000002,0.2999999999999997,1
-0.55,0.4750000000000001,0.2727277501094866,1
-0.55,0.5,0.24528579024424296,1
-0.55,0.5250000000000001,0.2178112066475764,1
-0.55,0.55,0.1904958744718383,1
-0.55,0.5750000000000002,0.16362991922795186,1
-0.55,0.6000000000000001,0.13769021423711422,1
-0.55,0.625,0.1135270949074716,1
-0.55,0.6500000000000001,0.09274477761245936,1
-0.55,0.675,0.07825983758732614,1
-0.55,0.7000000000000002,0.07397768561821873,1
-0.55,0.7250000000000001,0.0815469211639407,1
-0.55,0.75,0.09822907655435129,1
-0.55,0.7750000000000001,0.12021381455613811,1
-0.55,0.8,0.1450086931415616,1
-0.55,0.8250000000000002,0.1712801415743961,1
-0.55,0.8500000000000001,0.1983134605621418,1
-0.55,0.875,0.22569879567575107,1
-0.55,0.9000000000000001,0.25318066668826184,1
-0.55,0.925,0.2805861732244078,1
-0.55,0.9500000000000002,0.30778923115757745,1
-0.55,0.9750000000000001,0.33469179958719736,1
-0.55,1.0,0.36121351895576664,1
-0.5249999999999999,-1.0,0.35741581994992133,1
-0.5249999999999999,-0.975,0.38405389432741377,1
-0.5249999999999999,-0.95,0.4102476721650843,1
-0.5249999999999999,-0.925,0.43593012081697524,1
-0.5249999999999999,-0.9,0.4610413890364045,1
-0.5249999999999999,-0.875,0.4855270955425364,1
-0.5249999999999999,-0.85,0.5093371851465419,1
-0.5249999999999999,-0.825,0.5324251517297517,1
-0.5249999999999999,-0.8,0.5547475037522104,1
-0.5249999999999999,-0.775,0.5762633933470442,1
-0.5249999999999999,-0.75,0.5969343577144687,1
-0.5249999999999999,-0.725,0.6167241387927638,1
-0.5249999999999999,-0.7,0.6355985581972994,1
-0.5249999999999999,-0.675,0.653525431588514,1
-0.5249999999999999,-0.6499999999999999,0.6704745113851183,1
-0.5249999999999999,-0.625,0.6864174499477679,1
-0.5249999999999999,-0.6,0.7013277775589988,1
-0.5249999999999999,-0.575,0.7151808910570956,1
-0.5249999999999999,-0.55,0.7279540500631344,0
-0.5249999999999999,-0.5249999999999999,0.7396263785143856,0
-0.5249999999999999,-0.5,0.7501788697782477,0
-0.5249999999999999,-0.475,0.7595943940326368,0
-0.5249999999999999,-0.44999999999999996,0.7678577069047571,0
-0.5249999999999999,-0.42499999999999993,0.7749554585904956,0
-0.5249999999999999,-0.3999999999999999,0.7808762028523835,0
-0.5249999999999999,-0.375,0.7856104054300527,0
-0.5249999999999999,-0.35,0.7891504515041539,0
-0.5249999999999999,-0.32499999999999996,0.7914906519406051,0
-0.5249999999999999,-0.29999999999999993,0.7926272481126166,0
-0.5249999999999999,-0.2749999999999999,0.7925584151576434,0
-0.5249999999999999,-0.25,0.7912842635786601,0
-0.5249999999999999,-0.22499999999999998,0.7888068391468314,0
-0.5249999999999999,-0.19999999999999996,0.7851301211081504,0
-0.5249999999999999,-0.17499999999999993,0.7802600187422786,0
-0.5249999999999999,-0.1499999999999999,0.7742043663698603,0
-0.5249999999999999,-0.125,0.7669729169575579,0
-0.5249999999999999,-0.09999999999999998,0.7585773345307859,0
-0.5249999999999999,-0.07499999999999996,0.7490311856762182,0
-0.5249999999999999,-0.04999999999999993,0.7383499305041299,0
-0.5249999999999999,-0.02499999999999991,0.7265509135505298,0
-0.5249999999999999,0.0,0.7136533552389639,1
-0.5249999999999999,0.025000000000000133,0.6996783447029449,1
-0.5249999999999999,0.050000000000000044,0.6846488350077247,1
-0.5249999999999999,0.07499999999999996,0.668589642126471,1
-0.5249999999999999,0.10000000000000009,0.6515274494521991,1
-0.5249999999999999,0.125,0.6334908202084178,1
-0.5249999999999999,0.15000000000000013,0.6145102209250082,1
-0.5249999999999999,0.17500000000000004,0.5946180602705035,1
-0.5249999999999999,0.20000000000000018,0.5738487491273259,1
-0.5249999999999999,0.2250000000000001,0.5522387900921619,1
-0.5249999999999999,0.25,0.5298269079372244,1
-0.5249999999999999,0.27500000000000013,0.5066542375472932,1
-0.5249999999999999,0.30000000000000004,0.4827645933701221,1
-0.5249999999999999,0.3250000000000002,0.4582048559993135,1
-0.5249999999999999,0.3500000000000001,0.43302552970603503,1
-0.5249999999999999,0.375,0.4072815539666741,1
-0.5249999999999999,0.40000000000000013,0.38103350012624965,1
-0.5249999999999999,0.42500000000000004,0.35434936554350427,1
-0.5249999999999999,0.4500000000000002,0.32730731857229317,1
-0.5249999999999999,0.4750000000000001,0.30000000000000004,1
-0.5249999999999999,0.5,0.27254145213625075,1
-0.5249999999999999,0.5250000000000001,0.2450786329905085,1
-0.5249999999999999,0.55,0.21781120664757667,1
-0.5249999999999999,0.5750000000000002,0.1910267441880842,1
-0.5249999999999999,0.6000000000000001,0.16516517675693132,1
-0.5249999999999999,0.625,0.1409378255626701,1
-0.5249999999999999,0.6500000000000001,0.1195355373313524,1
-0.5249999999999999,0.675,0.1029064025459116,1
-0.5249999999999999,0.7000000000000002,0.0937508684958472,1
-0.5249999999999999,0.7250000000000001,0.09433100421976792,1
-0.5249999999999999,0.75,0.10448154864416297,1
-0.5249999999999999,0.7750000000000001,0.12178238915988704,1
-0.5249999999999999,0.8,0.14358925002591982,1
-0.5249999999999999,0.8250000000000002,0.16805202452396775,1
-0.5249999999999999,0.8500000000000001,0.19404839316043912,1
-0.5249999999999999,0.875,0.22090659666003684,1
-0.5249999999999999,0.9000000000000001,0.24820879785066752,1
-0.5249999999999999,0.925,0.2756800005056295,1
-0.5249999999999999,0.9500000000000002,0.30312795964551287,1
-0.5249999999999999,0.9750000000000001,0.3304102749812659,1
-0.5249999999999999,1.0,0.3574158199499212,1
-0.5,-1.0,0.3535533905932738,1
-0.5,-0.975,0.3806177063266568,1
-0.5,-0.95,0.4073228356106218,1
-0.5,-0.925,0.4335855519516128,1
-0.5,-0.9,0.4593335337201932,1
-0.5,-0.875,0.48450256872598396,1
-0.5,-0.85,0.5090346769687029,1
-0.5,-0.825,0.5328768280203673,1
-0.5,-0.8,0.5559800517940522,1
-0.5,-0.775,0.5782988146839733,1
-0.5,-0.75,0.5997905779032622,1
-0.5,-0.725,0.6204154829005067,1
-0.5,-0.7,0.6401361266484206,1
-0.5,-0.675,0.6589174012548183,1
-0.5,-0.6499999999999999,0.6767263800686696,1
-0.5,-0.625,0.6935322376563301,1
-0.5,-0.6,0.7093061945828287,1
-0.5,-0.575,0.7240214804048914,0
-0.5,-0.55,0.737653310022642,0
-0.5,-0.5249999999999999,0.7501788697782477,0
-0.5,-0.5,0.7615773105863908,0
-0.5,-0.475,0.7718297460369508,0
-0.5,-0.44999999999999996,0.7809192538952137,0
-0.5,-0.42499999999999993,0.7888308797880386,0
-0.5,-0.3999999999999999,0.7955516421396235,0
-0.5,-0.375,0.8010705376319454,0
-0.5,-0.35,0.805378546629754,0
-0.5,-0.32499999999999996,0.8084686381407147,0
-0.5,-0.29999999999999993,0.8103357739871054,0
-0.5,-0.2749999999999999,0.8109769119533219,0
-0.5,-0.25,0.810391007748654,0
-0.5,-0.22499999999999998,0.8085790156916647,0
-0.5,-0.19999999999999996,0.8055438880845629,0
-0.5,-0.17499999999999993,0.8012905733064423,0
-0.5,-0.1499999999999999,0.7958260127161879,0
-0.5,-0.125,0.7891591365224235,0
-0.5,-0.09999999999999998,0.7813008588526217,0
-0.5,-0.07499999999999996,0.7722640723406785,0
-0.5,-0.04999999999999993,0.7620636426571179,0
-0.5,-0.02499999999999991,0.7507164035355021,0
-0.5,0.0,0.7382411530116699,0
-0.5,0.025000000000000133,0.7246586518014083,0
-0.5,0.050000000000000044,0.7099916250140718,1
-0.5,0.07499999999999996,0.6942647687581556,1
-0.5,0.10000000000000009,0.6775047636733781,1
-0.5,0.125,0.6597402980703263,1
-0.5,0.15000000000000013,0.6410021042425431,1
-0.5,0.17500000000000004,0.6213230127389069,1
-0.5,0.20000000000000018,0.6007380310976514,1
-0.5,0.2250000000000001,0.579284455975742,1
-0.5,0.25,0.55700203110803,1
-0.5,0.27500000000000013,0.5339331686431653,1
-0.5,0.30000000000000004,0.5101232589870386,1
-0.5,0.3250000000000002,0.4856211057229663,1
-0.5,0.3500000000000001,0.4604795397399918,1
-0.5,0.375,0.4347562941826186,1
-0.5,0.40000000000000013,0.40851526572017627,1
-0.5,0.42500000000000004,0.3818283592300464,1
-0.5,0.4500000000000002,0.35477823243913875,1
-0.5,0.4750000000000001,0.327462460960384,1
-0.5,0.5,0.3,1
-0.5,0.5250000000000001,0.27254145213625053,1
-0.5,0.55,0.24528579024424293,1
-0.5,0.5750000000000002,0.21850822202569178,1
-0.5,0.6000000000000001,0.19260733290544366,1
-0.5,0.625,0.1681844039679836,1
-0.5,0.6500000000000001,0.14616906864499415,1
-0.5,0.675,0.1279783620105295,1
-0.5,0.7000000000000002,0.11556787354934982,1
-0.5,0.7250000000000001,0.11097949485672504,1
-0.5,0.75,0.11517992255649798,1
-0.5,0.7750000000000001,0.12727912390921978,1
-0.5,0.8,0.14525510101061892,1
-0.5,0.8250000000000002,0.16713293251251587,1
-0.5,0.8500000000000001,0.19147051335454715,1
-0.5,0.875,0.2173197120446803,1
-0.5,0.9000000000000001,0.2440675479373603,1
-0.5,0.925,0.27130831644420905,1
-0.5,0.9500000000000002,0.29876245503771814,1
-0.5,0.9750000000000001,0.326228265885593,1
-0.5,1.0,0.3535533905932737,1
-0.475,-1.0,0.34964829707797157,1
-0.475,-0.975,0.3769930636217205,1
-0.475,-0.95,0.40408456668275583,1
-0.475,-0.925,0.43081918568489025,1
-0.475,-0.9,0.457109019628318,1
-0.475,-0.875,0.4828776986953729,1
-0.475,-0.85,0.5080575567322438,1
-0.475,-0.825,0.5325876904554564,1
-0.475,-0.8,0.5564126073693118,1
-0.475,-0.775,0.5794812716028852,1
-0.475,-0.75,0.6017464232503318,1
-0.475,-0.725,0.623164088618891,1
-0.475,-0.7,0.6436932256078477,1
-0.475,-0.675,0.6632954659383405,1
-0.475,-0.6499999999999999,0.6819349275585577,1
-0.475,-0.625,0.6995780783674748,1
-0.475,-0.6,0.7161936377470648,1
-0.475,-0.575,0.7317525061012227,0
-0.475,-0.55,0.7462277152061759,0
-0.475,-0.5249999999999999,0.7595943940326368,0
-0.475,-0.5,0.7718297460369508,0
-0.475,-0.475,0.7829130348932088,0
-0.475,-0.44999999999999996,0.792825576357065,0
-0.475,-0.42499999999999993,0.8015507344880899,0
-0.475,-0.3999999999999999,0.8090739208620046,0
-0.475,-0.375,0.8153825957130977,0
-0.475,-0.35,0.8204662701862993,0
-0.475,-0.32499999999999996,0.8243165090663579,0
-0.475,-0.29999999999999993,0.8269269335019989,0
-0.475,-0.2749999999999999,0.8282932233660059,0
-0.475,-0.25,0.8284131189956071,0
-0.475,-0.22499999999999998,0.8272864221474675,0
-0.475,-0.19999999999999996,0.8249149960829184,0
-0.475,-0.17499999999999993,0.8213027647760981,0
-0.475,-0.1499999999999999,0.8164557113143445,0
-0.475,-0.125,0.8103818756403715,0
-0.475,-0.09999999999999998,0.8030913518736686,0
-0.475,-0.07499999999999996,0.7945962855489708,0
-0.475,-0.04999999999999993,0.7849108712283982,0
-0.475,-0.02499999999999991,0.7740513510883247,0
-0.475,0.0,0.7620360152618572,0
-0.475,0.025000000000000133,0.748885204945861,0
-0.475,0.050000000000000044,0.7346213195752654,0
-0.475,0.07499999999999996,0.7192688297510903,1
-0.475,0.10000000000000009,0.7028542981159984,1
-0.475,0.125,0.6854064110499372,1
-0.475,0.15000000000000013,0.6669560249768778,1
-0.475,0.17500000000000004,0.6475362323306841,1
-0.475,0.20000000000000018,0.6271824539686827,1
-0.475,0.2250000000000001,0.6059325672607455,1
-0.475,0.25,0.5838270825433909,1
-0.475,0.27500000000000013,0.5609093856065182,1
-0.475,0.30000000000000004,0.537226071139757,1
-0.475,0.3250000000000002,0.5128274028085222,1
-0.475,0.3500000000000001,0.48776795177768667,1
-0.475,0.375,0.4621074901723258,1
-0.475,0.40000000000000013,0.435912254308503,1
-0.475,0.42500000000000004,0.40925675317613874,1
-0.475,0.4500000000000002,0.38222639529978164,1
-0.475,0.4750000000000001,0.3549213670094914,1
-0.475,0.5,0.32746246096038406,1
-0.475,0.5250000000000001,0.2999999999999999,1
-0.475,0.55,0.27272775010948663,1
-0.475,0.5750000000000002,0.24590494148613296,1
-0.475,0.6000000000000001,0.21989136132799236,1
-0.475,0.625,0.1952025686661576,1
-0.475,0.6500000000000001,0.1725917717977231,1
-0.475,0.675,0.15315062221991804,1
-0.475,0.7000000000000002,0.13836425425186763,1
-0.475,0.7250000000000001,0.12993520051028035,1
-0.475,0.75,0.12916858937708067,1
-0.475,0.7750000000000001,0.13619836979985045,1
-0.475,0.8,0.14989352702239506,1
-0.475,0.8250000000000002,0.16856627413819225,1
-0.475,0.8500000000000001,0.1906643429377469,1
-0.475,0.875,0.21502101255293227,1
-0.475,0.9000000000000001,0.24082587226338087,1
-0.475,0.925,0.26752488332391294,1
-0.475,0.9500000000000002,0.294733344623868,1
-0.475,0.9750000000000001,0.32217592412226287,1
-0.475,1.0,0.34964829707797146,1
-0.44999999999999996,-1.0,0.3457235799357515,1
-0.44999999999999996,-0.975,0.37319715851165,1
-0.44999999999999996,-0.95,0.40054548572349374,1
-0.44999999999999996,-0.925,0.427640073926963,1
-0.44999999999999996,-0.9,0.45437408945859,1
-0.44999999999999996,-0.875,0.4806564781377393,1
-0.44999999999999996,-0.85,0.5064079691323521,1
-0.44999999999999996,-0.825,0.5315583167193757,1
-0.44999999999999996,-0.8,0.5560443698805865,1
-0.44999999999999996,-0.775,0.579808704003182,1
-0.44999999999999996,-0.75,0.6027986400290974,1
-0.44999999999999996,-0.725,0.6249655345297089,1
-0.44999999999999996,-0.7,0.6462642617905877,1
-0.44999999999999996,-0.675,0.6666528336698997,1
-0.44999999999999996,-0.6499999999999999,0.6860921194234822,1
-0.44999999999999996,-0.625,0.7045456387832744,1
-0.44999999999999996,-0.6,0.7219794091702751,1
-0.44999999999999996,-0.575,0.7383618331915414,0
-0.44999999999999996,-0.55,0.7536636162720823,0
-0.44999999999999996,-0.5249999999999999,0.7678577069047571,0
-0.44999999999999996,-0.5,0.7809192538952137,0
-0.44999999999999996,-0.475,0.792825576357065,0
-0.44999999999999996,-0.44999999999999996,0.8035561432264064,0
-0.44999999999999996,-0.42499999999999993,0.8130925598188714,0
-0.44999999999999996,-0.3999999999999999,0.8214185595194426,0
-0.44999999999999996,-0.375,0.8285199991264833,0
-0.44999999999999996,-0.35,0.8343848567034675,0
-0.44999999999999996,-0.32499999999999996,0.8390032310510269,0
-0.44999999999999996,-0.29999999999999993,0.8423673421174505,0
-0.44999999999999996,-0.2749999999999999,0.8444715318319141,0
-0.44999999999999996,-0.25,0.845312264982288,0
-0.44999999999999996,-0.22499999999999998,0.8448881298766497,0
-0.44999999999999996,-0.19999999999999996,0.8431998386313244,0
-0.44999999999999996,-0.17499999999999993,0.8402502270238924,0
-0.44999999999999996,-0.1499999999999999,0.8360442539421353,0
-0.44999999999999996,-0.125,0.83058900055396,0
-0.44999999999999996,-0.09999999999999998,0.8238936694238036,0
-0.44999999999999996,-0.07499999999999996,0.8159695839131552,0
-0.44999999999999996,-0.04999999999999993,0.8068301883328917,0
-0.44999999999999996,-0.02499999999999991,0.7964910494708036,0
-0.44999999999999996,0.0,0.7849698603088562,0
-0.44999999999999996,0.025000000000000133,0.7722864469843604,0
-0.44999999999999996,0.050000000000000044,0.7584627803547299,0
-0.44999999999999996,0.07499999999999996,0.7435229939205907,0
-0.44999999999999996,0.10000000000000009,0.7274934103794853,0
-0.44999999999999996,0.125,0.710402579768065,1
-0.44999999999999996,0.15000000000000013,0.6922813330692541,1
-0.44999999999999996,0.17500000000000004,0.6731628564050165,1
-0.44999999999999996,0.20000000000000018,0.65308279263888,1
-0.44999999999999996,0.2250000000000001,0.632079379571148,1
-0.44999999999999996,0.25,0.6101936372136043,1
-0.44999999999999996,0.27500000000000013,0.587469621314066,1
-0.44999999999999996,0.30000000000000004,0.5639547670240618,1
-0.44999999999999996,0.3250000000000002,0.5397003563800844,1
-0.44999999999999996,0.3500000000000001,0.5147621576824497,1
-0.44999999999999996,0.375,0.4892013064050063,1
-0.44999999999999996,0.40000000000000013,0.46308552995212154,1
-0.44999999999999996,0.42500000000000004,0.436490868865459,1
-0.44999999999999996,0.4500000000000002,0.40950412552816146,1
-0.44999999999999996,0.4750000000000001,0.382226395299782,1
-0.44999999999999996,0.5,0.3547782324391391,1
-0.44999999999999996,0.5250000000000001,0.3273073185722933,1
-0.44999999999999996,0.55,0.30000000000000004,1
-0.44999999999999996,0.5750000000000002,0.27309881816677994,1
-0.44999999999999996,0.6000000000000001,0.24692919105261898,1
-0.44999999999999996,0.625,0.22193937542569797,1
-0.44999999999999996,0.6500000000000001,0.19875710357325854,1
-0.44999999999999996,0.675,0.17825838999282476,1
-0.44999999999999996,0.7000000000000002,0.16161601483417104,1
-0.44999999999999996,0.7250000000000001,0.15023417468191894,1
-0.44999999999999996,0.75,0.14542919234944335,1
-0.44999999999999996,0.7750000000000001,0.14787333535980862,1
-0.44999999999999996,0.8,0.15721484487479345,1
-0.44999999999999996,0.8250000000000002,0.17228473903162211,1
-0.44999999999999996,0.8500000000000001,0.19165719597039746,1
-0.44999999999999996,0.875,0.21406631560259723,1
-0.44999999999999996,0.9000000000000001,0.23854076548941752,1
-0.44999999999999996,0.925,0.26437873107625237,1
-0.44999999999999996,0.9500000000000002,0.29107992461110654,1
-0.44999999999999996,0.9750000000000001,0.3182836524702373,1
-0.44999999999999996,1.0,0.3457235799357513,1
-0.42499999999999993,-1.0,0.34180317766961055,1
-0.42499999999999993,-0.975,0.3692484832615115,1
-0.42499999999999993,-0.95,0.3967196698317834,1
-0.42499999999999993,-0.925,0.4240587731980416,1
-0.42499999999999993,-0.9,0.4511364942465638,1
-0.42499999999999993,-0.875,0.47784439780877047,1
-0.42499999999999993,-0.85,0.5040895460876764,1
-0.42499999999999993,-0.825,0.5297907657908383,1
-0.42499999999999993,-0.8,0.5548760208555135,1
-0.42499999999999993,-0.775,0.5792805417670462,1
-0.42499999999999993,-0.75,0.6029454790575783,1
-0.42499999999999993,-0.725,0.6258169245650501,1
-0.42499999999999993,-0.7,0.6478451939076307,1
-0.42499999999999993,-0.675,0.6689842966842309,1
-0.42499999999999993,-0.6499999999999999,0.6891915430679943,1
-0.42499999999999993,-0.625,0.7084272504886676,1
-0.42499999999999993,-0.6,0.7266545244184157,0
-0.42499999999999993,-0.575,0.7438390944459361,0
-0.42499999999999993,-0.55,0.7599491918651909,0
-0.42499999999999993,-0.5249999999999999,0.7749554585904956,0
-0.42499999999999993,-0.5,0.7888308797880386,0
-0.42499999999999993,-0.475,0.8015507344880899,0
-0.42499999999999993,-0.44999999999999996,0.8130925598188714,0
-0.42499999999999993,-0.42499999999999993,0.823436125524913,0
-0.42499999999999993,-0.3999999999999999,0.8325634161990878,0
-0.42499999999999993,-0.375,0.8404586192384594,0
-0.42499999999999993,-0.35,0.8471081169794537,0
-0.42499999999999993,-0.32499999999999996,0.8525004818135894,0
-0.42499999999999993,-0.29999999999999993,0.8566264733572181,0
-0.42499999999999993,-0.2749999999999999,0.8594790369667132,0
-0.42499999999999993,-0.25,0.8610533030687866,0
-0.42499999999999993,-0.22499999999999998,0.8613465869251522,0
-0.42499999999999993,-0.19999999999999996,0.8603583885802978,0
-0.42499999999999993,-0.17499999999999993,0.8580903928577709,0
-0.42499999999999993,-0.1499999999999999,0.854546469380216,0
-0.42499999999999993,-0.125,0.8497326726969878,0
-0.42499999999999993,-0.09999999999999998,0.84365724271598,0
-0.42499999999999993,-0.07499999999999996,0.8363306057591346,0
-0.42499999999999993,-0.04999999999999993,0.8277653767005274,0
-0.42499999999999993,-0.02499999999999991,0.8179763628098058,0
-0.42499999999999993,0.0,0.8069805701220054,0
-0.42499999999999993,0.025000000000000133,0.7947972134000933,0
-0.42499999999999993,0.050000000000000044,0.7814477310658987,0
-0.42499999999999993,0.07499999999999996,0.7669558068710688,0
-0.42499999999999993,0.10000000000000009,0.7513474005933608,0
-0.42499999999999993,0.125,0.7346507907177762,0
-0.42499999999999993,0.15000000000000013,0.7168966329566632,1
-0.42499999999999993,0.17500000000000004,0.6981180396625184,1
-0.42499999999999993,0.20000000000000018,0.6783506868125305,1
-0.42499999999999993,0.2250000000000001,0.6576329574691019,1
-0.42499999999999993,0.25,0.6360061336995955,1
-0.42499999999999993,0.27500000000000013,0.6135146532458884,1
-0.42499999999999993,0.30000000000000004,0.59020645332821,1
-0.42499999999999993,0.3250000000000002,0.5661334326900198,1
-0.42499999999999993,0.3500000000000001,0.5413520756245767,1
-0.42499999999999993,0.375,0.5159243002462153,1
-0.42499999999999993,0.40000000000000013,0.4899186207542294,1
-0.42499999999999993,0.42500000000000004,0.46341175469913376,1
-0.42499999999999993,0.4500000000000002,0.43649086886545885,1
-0.42499999999999993,0.4750000000000001,0.40925675317613874,1
-0.42499999999999993,0.5,0.3818283592300465,1
-0.42499999999999993,0.5250000000000001,0.35434936554350416,1
-0.42499999999999993,0.55,0.3269977706142281,1
-0.42499999999999993,0.5750000000000002,0.2999999999999999,1
-0.42499999999999993,0.6000000000000001,0.2736516231020471,1
-0.42499999999999993,0.625,0.24834726124373224,1
-0.42499999999999993,0.6500000000000001,0.22462166183831095,1
-0.42499999999999993,0.675,0.20319936350067214,1
-0.42499999999999993,0.7000000000000002,0.18503550460129406,1
-0.42499999999999993,0.7250000000000001,0.1712975126329961,1
-0.42499999999999993,0.75,0.16320006768936277,1
-0.42499999999999993,0.7750000000000001,0.16164501233218284,1
-0.42499999999999993,0.8,0.16682474642268635,1
-0.42499999999999993,0.8250000000000002,0.17812335754941477,1
-0.42499999999999993,0.8500000000000001,0.19441549446813114,1
-0.42499999999999993,0.875,0.21447945768934143,1
-0.42499999999999993,0.9000000000000001,0.23725410351003512,1
-0.42499999999999993,0.925,0.2619125248819519,1
-0.42499999999999993,0.9500000000000002,0.28783942390734857,1
-0.42499999999999993,0.9750000000000001,0.3145818219540366,1
-0.42499999999999993,1.0,0.34180317766961044,1
-0.3999999999999999,-1.0,0.33791183050742224,1
-0.3999999999999999,-0.975,0.36516683117458143,1
-0.3999999999999999,-0.95,0.39262268574154435,1
-0.3999999999999999,-0.925,0.4200873802935585,1
-0.3999999999999999,-0.9,0.44740552119610316,1
-0.3999999999999999,-0.875,0.47444846447711336,1
-0.3999999999999999,-0.85,0.5011074163031697,1
-0.3999999999999999,-0.825,0.5272885817548835,1
-0.3999999999999999,-0.8,0.5529097246584311,1
-0.3999999999999999,-0.775,0.5778977045915474,1
-0.3999999999999999,-0.75,0.6021866963041885,1
-0.3999999999999999,-0.725,0.6257168904742846,1
-0.3999999999999999,-0.7,0.6484335375726454,1
-0.3999999999999999,-0.675,0.6702862389078897,1
-0.3999999999999999,-0.6499999999999999,0.6912284175756509,1
-0.3999999999999999,-0.625,0.7112169216168002,1
-0.3999999999999999,-0.6,0.7302117252015762,0
-0.3999999999999999,-0.575,0.7481757030776605,0
-0.3999999999999999,-0.55,0.7650744601582519,0
-0.3999999999999999,-0.5249999999999999,0.7808762028523835,0
-0.3999999999999999,-0.5,0.7955516421396235,0
-0.3999999999999999,-0.475,0.8090739208620046,0
-0.3999999999999999,-0.44999999999999996,0.8214185595194426,0
-0.3999999999999999,-0.42499999999999993,0.8325634161990878,0
-0.3999999999999999,-0.3999999999999999,0.8424886572752645,0
-0.3999999999999999,-0.375,0.8511767362775045,0
-0.3999999999999999,-0.35,0.8586123789055528,0
-0.3999999999999999,-0.32499999999999996,0.8647825726195684,0
-0.3999999999999999,-0.29999999999999993,0.8696765595854995,0
-0.3999999999999999,-0.2749999999999999,0.8732858320351605,0
-0.3999999999999999,-0.25,0.8756041293267547,0
-0.3999999999999999,-0.22499999999999998,0.8766274361788468,0
-0.3999999999999999,-0.19999999999999996,0.8763539817102105,0
-0.3999999999999999,-0.17499999999999993,0.8747842390584697,0
-0.3999999999999999,-0.1499999999999999,0.8719209254794843,0
-0.3999999999999999,-0.125,0.8677690029535534,0
-0.3999999999999999,-0.09999999999999998,0.8623356794499327,0
-0.3999999999999999,-0.07499999999999996,0.8556304111341875,0
-0.3999999999999999,-0.04999999999999993,0.8476649059504037,0
-0.3999999999999999,-0.02499999999999991,0.838453129180244,0
-0.3999999999999999,0.0,0.828011311782998,0
-0.3999999999999999,0.025000000000000133,0.8163579625675202,0
-0.3999999999999999,0.050000000000000044,0.8035138855543035,0
-0.3999999999999999,0.07499999999999996,0.7895022042753099,0
-0.3999999999999999,0.10000000000000009,0.774348395259344,0
-0.3999999999999999,0.125,0.7580803336011211,0
-0.3999999999999999,0.15000000000000013,0.740728354367132,0
-0.3999999999999999,0.17500000000000004,0.7223253347269508,1
-0.3999999999999999,0.20000000000000018,0.7029068032218891,1
-0.3999999999999999,0.2250000000000001,0.6825110846464681,1
-0.3999999999999999,0.25,0.6611794918414554,1
-0.3999999999999999,0.27500000000000013,0.6389565795988567,1
-0.3999999999999999,0.30000000000000004,0.6158904813264306,1
-0.3999999999999999,0.3250000000000002,0.592033356803646,1
-0.3999999999999999,0.3500000000000001,0.5674419903156089,1
-0.3999999999999999,0.375,0.5421785942320118,1
-0.3999999999999999,0.40000000000000013,0.5163118960624631,1
-0.3999999999999999,0.42500000000000004,0.48991862075422943,1
-0.3999999999999999,0.4500000000000002,0.46308552995212143,1
-0.3999999999999999,0.4750000000000001,0.43591225430850317,1
-0.3999999999999999,0.5,0.4085152657201765,1
-0.3999999999999999,0.5250000000000001,0.38103350012624965,1
-0.3999999999999999,0.55,0.35363637781552076,1
-0.3999999999999999,0.5750000000000002,0.326535290044403,1
-0.3999999999999999,0.6000000000000001,0.30000000000000004,1
-0.3999999999999999,0.625,0.27438167077531583,1
-0.3999999999999999,0.6500000000000001,0.2501437994986591,1
-0.3999999999999999,0.675,0.22789962643883158,1
-0.3999999999999999,0.7000000000000002,0.2084462025199955,1
-0.3999999999999999,0.7250000000000001,0.19276668074160314,1
-0.3999999999999999,0.75,0.18194654803929058,1
-0.3999999999999999,0.7750000000000001,0.17695048961780208,1
-0.3999999999999999,0.8,0.17829984963016063,1
-0.3999999999999999,0.8250000000000002,0.18584852093135432,1
-0.3999999999999999,0.8500000000000001,0.1988492829971423,1
-0.3999999999999999,0.875,0.21625007549241163,1
-0.3999999999999999,0.9000000000000001,0.23699011284249988,1
-0.3999999999999999,0.925,0.2601609832004395,1
-0.3999999999999999,0.9500000000000002,0.285046215301258,1
-0.3999999999999999,0.9750000000000001,0.31110044648848567,1
-0.3999999999999999,1.0,0.33791183050742213,1
-0.375,-1.0,0.3340749614491063,1
-0.375,-0.975,0.36097329138157835,1
-0.375,-0.95,0.38827162544666216,1
-0.375,-0.925,0.41573957422682317,1
-0.375,-0.9,0.44319202826919685,1
-0.375,-0.875,0.4704772247083791,1
-0.375,-0.85,0.4974682192567015,1
-0.375,-0.825,0.5240568005637997,1
-0.375,-0.8,0.5501491308023914,1
-0.375,-0.775,0.575662602261537,1
-0.375,-0.75,0.6005235529743533,1
-0.375,-0.725,0.6246655930043844,1
-0.375,-0.7,0.6480283683378814,1
-0.375,-0.675,0.6705566411705841,1
-0.375,-0.6499999999999999,0.6921996010489021,1
-0.375,-0.625,0.7129103459697468,1
-0.375,-0.6,0.7326454896810172,0
-0.375,-0.575,0.7513648634377248,0
-0.375,-0.55,0.7690312889635719,0
-0.375,-0.5249999999999999,0.7856104054300527,0
-0.375,-0.5,0.8010705376319454,0
-0.375,-0.475,0.8153825957130977,0
-0.375,-0.44999999999999996,0.8285199991264833,0
-0.375,-0.42499999999999993,0.8404586192384594,0
-0.375,-0.3999999999999999,0.8511767362775045,0
-0.375,-0.375,0.8606550073016118,0
-0.375,-0.35,0.868876442600782,0
-0.375,-0.32499999999999996,0.8758263885227636,0
-0.375,-0.29999999999999993,0.8814925151556982,0
-0.375,-0.2749999999999999,0.8858648076531316,0
-0.375,-0.25,0.8889355602691957,0
-0.375,-0.22499999999999998,0.8906993724028468,0
-0.375,-0.19999999999999996,0.8911531461438938,0
-0.375,-0.17499999999999993,0.8902960849812215,0
-0.375,-0.1499999999999999,0.8881296934841406,0
-0.375,-0.125,0.8846577779089172,0
-0.375,-0.09999999999999998,0.8798864478212777,0
-0.375,-0.07499999999999996,0.8738241189689357,0
-0.375,-0.04999999999999993,0.866481517793112,0
-0.375,-0.02499999999999991,0.8578716881427051,0
-0.375,0.0,0.8480100009587833,0
-0.375,0.025000000000000133,0.8369141679422614,0
-0.375,0.050000000000000044,0.8246042605191563,0
-0.375,0.07499999999999996,0.8111027357955571,0
-0.375,0.10000000000000009,0.7964344716748346,0
-0.375,0.125,0.7806268139284218,0
-0.375,0.15000000000000013,0.7637096388175967,0
-0.375,0.17500000000000004,0.7457154359245702,0
-0.375,0.20000000000000018,0.7266794172609478,0
-0.375,0.2250000000000001,0.7066396606126867,1
-0.375,0.25,0.6856372976409588,1
-0.375,0.27500000000000013,0.6637167607570402,1
-0.375,0.30000000000000004,0.6409261076151296,1
-0.375,0.3250000000000002,0.6173174487857621,1
-0.375,0.3500000000000001,0.5929475136140454,1
-0.375,0.375,0.5678784026555628,1
-0.375,0.40000000000000013,0.5421785942320114,1
-0.375,0.42500000000000004,0.5159243002462152,1
-0.375,0.4500000000000002,0.4892013064050059,1
-0.375,0.4750000000000001,0.4621074901723257,1
-0.375,0.5,0.4347562941826186,1
-0.375,0.5250000000000001,0.40728155396667387,1
-0.375,0.55,0.37984424787113674,1
-0.375,0.5750000000000002,0.35264195856579494,1
-0.375,0.6000000000000001,0.32592208457438643,1
-0.375,0.625,0.30000000000000004,1
-0.375,0.6500000000000001,0.27528307083209386,1
-0.375,0.675,0.25229977954907307,1
-0.375,0.7000000000000002,0.23172826180209155,1
-0.375,0.7250000000000001,0.2144075188863899,1
-0.375,0.75,0.2012973206036996,1
-0.375,0.7750000000000001,0.19334339811462978,1
-0.375,0.8,0.19124097811707952,1
-0.375,0.8250000000000002,0.19519201484806536,1
-0.375,0.8500000000000001,0.20482355612844932,1
-0.375,0.875,0.21933457907633824,1
-0.375,0.9000000000000001,0.23775382338417111,1
-0.375,0.925,0.2591494755956508,1
-0.375,0.9500000000000002,0.28273100451892874,1
-0.375,0.9750000000000001,0.30786881666794874,1
-0.375,1.0,0.3340749614491062,1
-0.35,-1.0,0.3303185318887148,1
-0.35,-0.975,0.3566902352628972,1
-0.35,-0.95,0.3836851440940395,1
-0.35,-0.925,0.4110306649352283,1
-0.35,-0.9,0.43850848633574474,1
-0.35,-0.875,0.4659407952354168,1
-0.35,-0.85,0.49318012415926454,1
-0.35,-0.825,0.5201019600850082,1
-0.35,-0.8,0.5465993780287556,1
-0.35,-0.775,0.5725791354162281,1
-0.35,-0.75,0.5979588150683891,1
-0.35,-0.725,0.6226647217607669,1
-0.35,-0.7,0.64663032282756,1
-0.35,-0.675,0.6697950841192872,1
-0.35,-0.6499999999999999,0.6921035954332675,1
-0.35,-0.625,0.7135049095763328,1
-0.35,-0.6,0.7339520403386518,0
-0.35,-0.575,0.7534015795759736,0
-0.35,-0.55,0.7718134042038389,0
-0.35,-0.5249999999999999,0.7891504515041539,0
-0.35,-0.5,0.805378546629754,0
-0.35,-0.475,0.8204662701862993,0
-0.35,-0.44999999999999996,0.8343848567034675,0
-0.35,-0.42499999999999993,0.8471081169794537,0
-0.35,-0.3999999999999999,0.8586123789055526,0
-0.35,-0.375,0.868876442600782,0
-0.35,-0.35,0.8778815466169737,0
-0.35,-0.32499999999999996,0.8856113426894838,0
-0.35,-0.29999999999999993,0.8920518770635107,0
-0.35,-0.2749999999999999,0.8971915768619733,0
-0.35,-0.25,0.9010212403083473,0
-0.35,-0.22499999999999998,0.9035340298995808,0
-0.35,-0.19999999999999996,0.9047254678576224,0
-0.35,-0.17499999999999993,0.9045934333867435,0
-0.35,-0.1499999999999999,0.9031381614386164,0
-0.35,-0.125,0.9003622428471123,0
-0.35,-0.09999999999999998,0.8962706258480143,0
-0.35,-0.07499999999999996,0.8908706191528104,0
-0.35,-0.04999999999999993,0.8841718969080274,0
-0.35,-0.02499999999999991,0.8761865060503209,0
-0.35,0.0,0.8669288767721915,0
-0.35,0.025000000000000133,0.8564158370550539,0
-0.35,0.050000000000000044,0.8446666325196855,0
-0.35,0.07499999999999996,0.8317029532071615,0
-0.35,0.10000000000000009,0.8175489693603335,0
-0.35,0.125,0.8022313788589903,0
-0.35,0.15000000000000013,0.7857794697145387,0
-0.35,0.17500000000000004,0.7682252020119764,0
-0.35,0.20000000000000018,0.7496033149801213,0
-0.35,0.2250000000000001,0.7299514665898098,0
-0.35,0.25,0.7093104153842785,1
-0.35,0.27500000000000013,0.6877242573627865,1
-0.35,0.30000000000000004,0.6652407349903756,1
-0.35,0.3250000000000002,0.641911641256214,1
-0.35,0.3500000000000001,0.6177933498176826,1
-0.35,0.375,0.5929475136140455,1
-0.35,0.40000000000000013,0.5674419903156087,1
-0.35,0.42500000000000004,0.5413520756245765,1
-0.35,0.4500000000000002,0.5147621576824495,1
-0.35,0.4750000000000001,0.4877679517776866,1
-0.35,0.5,0.4604795397399918,1
-0.35,0.5250000000000001,0.4330255297060348,1
-0.35,0.55,0.4055587760048396,1
-0.35,0.5750000000000002,0.37826425688681414,1
-0.35,0.6000000000000001,0.35136988015587944,1
-0.35,0.625,0.32516109451165837,1
-0.35,0.6500000000000001,0.2999999999999998,1
-0.35,0.675,0.2763486196642553,1
-0.35,0.7000000000000002,0.25479297187731975,1
-0.35,0.7250000000000001,0.23605779863951848,1
-0.35,0.75,0.22099034911918036,1
-0.35,0.7750000000000001,0.21048103644754568,1
-0.35,0.8,0.20529938553345875,1
-0.35,0.8250000000000002,0.20588037828844416,1
-0.35,0.8500000000000001,0.21217321047645357,1
-0.35,0.875,0.22366010271375406,1
-0.35,0.9000000000000001,0.23953073943153616,1
-0.35,0.925,0.25889293119144396,1
-0.35,0.9500000000000002,0.2809200359687255,1
-0.35,0.9750000000000001,0.3049150972089453,1
-0.35,1.0,0.3303185318887147,1
-0.32499999999999996,-1.0,0.3266688693997973,1
-0.32499999999999996,-0.975,0.3523412920311831,1
-0.32499999999999996,-0.95,0.3788834994241942,1
-0.32499999999999996,-0.925,0.4059776492431265,1
-0.32499999999999996,-0.9,0.43336902983908554,1
-0.32499999999999996,-0.875,0.4608509008650439,1
-0.32499999999999996,-0.85,0.4882528546332013,1
-0.32499999999999996,-0.825,0.5154321139354725,1
-0.32499999999999996,-0.8,0.542267100444912,1
-0.32499999999999996,-0.775,0.5686526969506074,1
-0.32499999999999996,-0.75,0.5944967524603235,1
-0.32499999999999996,-0.725,0.6197174937524943,1
-0.32499999999999996,-0.7,0.6442415979571459,1
-0.32499999999999996,-0.675,0.668002748823827,1
-0.32499999999999996,-0.6499999999999999,0.6909405488176621,1
-0.32499999999999996,-0.625,0.7129996946740835,1
-0.32499999999999996,-0.6,0.7341293493741449,0
-0.32499999999999996,-0.575,0.754282661587361,0
-0.32499999999999996,-0.55,0.7734163965833076,0
-0.32499999999999996,-0.5249999999999999,0.7914906519406051,0
-0.32499999999999996,-0.5,0.8084686381407147,0
-0.32499999999999996,-0.475,0.8243165090663579,0
-0.32499999999999996,-0.44999999999999996,0.8390032310510269,0
-0.32499999999999996,-0.42499999999999993,0.8525004818135895,0
-0.32499999999999996,-0.3999999999999999,0.8647825726195684,0
-0.32499999999999996,-0.375,0.8758263885227636,0
-0.32499999999999996,-0.35,0.8856113426894839,0
-0.32499999999999996,-0.32499999999999996,0.8941193416880648,0
-0.32499999999999996,-0.29999999999999993,0.901334759307764,0
-0.32499999999999996,-0.2749999999999999,0.9072444170043135,0
-0.32499999999999996,-0.25,0.9118375694919326,0
-0.32499999999999996,-0.22499999999999998,0.9151058943415611,0
-0.32499999999999996,-0.19999999999999996,0.9170434847237907,0
-0.32499999999999996,-0.17499999999999993,0.9176468446689385,0
-0.32499999999999996,-0.1499999999999999,0.9169148864189409,0
-0.32499999999999996,-0.125,0.914848929626953,0
-0.32499999999999996,-0.09999999999999998,0.9114527023298242,0
-0.32499999999999996,-0.07499999999999996,0.9067323437842976,0
-0.32499999999999996,-0.04999999999999993,0.9006964094278511,0
-0.32499999999999996,-0.02499999999999991,0.8933558784079065,0
-0.32499999999999996,0.0,0.8847241643279316,0
-0.32499999999999996,0.025000000000000133,0.874817130096625,0
-0.32499999999999996,0.050000000000000044,0.8636531080502028,0
-0.32499999999999996,0.07499999999999996,0.8512529268647031,0
-0.32499999999999996,0.10000000000000009,0.8376399472070494,0
-0.32499999999999996,0.125,0.8228401086192725,0
-0.32499999999999996,0.15000000000000013,0.8068819908284163,0
-0.32499999999999996,0.17500000000000004,0.7897968935775252,0
-0.32499999999999996,0.20000000000000018,0.771618940252095,0
-0.32499999999999996,0.2250000000000001,0.7523852121297302,0
-0.32499999999999996,0.25,0.7321359221448075,0
-0.32499999999999996,0.27500000000000013,0.7109146398252224,1
-0.32499999999999996,0.30000000000000004,0.6887685827927416,1
-0.32499999999999996,0.3250000000000002,0.6657489953011642,1
-0.32499999999999996,0.3500000000000001,0.6419116412562142,1
-0.32499999999999996,0.375,0.6173174487857624,1
-0.32499999999999996,0.40000000000000013,0.592033356803646,1
-0.32499999999999996,0.42500000000000004,0.5661334326900199,1
-0.32499999999999996,0.4500000000000002,0.5397003563800844,1
-0.32499999999999996,0.4750000000000001,0.5128274028085226,1
-0.32499999999999996,0.5,0.4856211057229667,1
-0.32499999999999996,0.5250000000000001,0.4582048559993136,1
-0.32499999999999996,0.55,0.4307237809392878,1
-0.32499999999999996,0.5750000000000002,0.4033513675299694,1
-0.32499999999999996,0.6000000000000001,0.37629841784703216,1
-0.32499999999999996,0.625,0.34982500532104877,1
-0.32499999999999996,0.6500000000000001,0.3242559897371644,1
-0.32499999999999996,0.675,0.30000000000000016,1
-0.32499999999999996,0.7000000000000002,0.27756989902421614,1
-0.32499999999999996,0.7250000000000001,0.25759845689600314,1
-0.32499999999999996,0.75,0.24083530481169818,1
-0.32499999999999996,0.7750000000000001,0.2281021686044001,1
-0.32499999999999996,0.8,0.2201832062314133,1
-0.32499999999999996,0.8250000000000002,0.2176549233301186,1
-0.32499999999999996,0.8500000000000001,0.22071811942846795,1
-0.32499999999999996,0.875,0.22913060280354725,1
-0.32499999999999996,0.9000000000000001,0.2422877805345525,1
-0.32499999999999996,0.925,0.25939516941557145,1
-0.32499999999999996,0.9500000000000002,0.2796343598781727,1
-0.32499999999999996,0.9750000000000001,0.302265895685796,1
-0.32499999999999996,1.0,0.32666886939979717,1
-0.29999999999999993,-1.0,0.323152465826525,1
-0.29999999999999993,-0.975,0.34795131059108686,1
-0.29999999999999993,-0.95,0.373888591722523,1
-0.29999999999999993,-0.925,0.4005992745480953,1
-0.29999999999999993,-0.9,0.4277895170964045,1
-0.29999999999999993,-0.875,0.45522092110243817,1
-0.29999999999999993,-0.85,0.4826977200764527,1
-0.29999999999999993,-0.825,0.5100568497861174,1
-0.29999999999999993,-0.8,0.5371604361479728,1
-0.29999999999999993,-0.775,0.563890174288163,1
-0.29999999999999993,-0.75,0.5901431376090897,1
-0.29999999999999993,-0.725,0.6158286506624855,1
-0.29999999999999993,-0.7,0.6408659482464816,1
-0.29999999999999993,-0.675,0.6651824150716231,1
-0.29999999999999993,-0.6499999999999999,0.688712255206994,1
-0.29999999999999993,-0.625,0.7113954811074904,1
-0.29999999999999993,-0.6,0.7331771416065398,0
-0.29999999999999993,-0.575,0.7540067296865288,0
-0.29999999999999993,-0.55,0.7738377263442735,0
-0.29999999999999993,-0.5249999999999999,0.7926272481126166,0
-0.29999999999999993,-0.5,0.8103357739871054,0
-0.29999999999999993,-0.475,0.8269269335019989,0
-0.29999999999999993,-0.44999999999999996,0.8423673421174505,0
-0.29999999999999993,-0.42499999999999993,0.8566264733572181,0
-0.29999999999999993,-0.3999999999999999,0.8696765595854995,0
-0.29999999999999993,-0.375,0.881492515155698,0
-0.29999999999999993,-0.35,0.8920518770635107,0
-0.29999999999999993,-0.32499999999999996,0.901334759307764,0
-0.29999999999999993,-0.29999999999999993,0.9093238179894105,0
-0.29999999999999993,-0.2749999999999999,0.9160042248239766,0
-0.29999999999999993,-0.25,0.9213636472514003,0
-0.29999999999999993,-0.22499999999999998,0.9253922337338132,0
-0.29999999999999993,-0.19999999999999996,0.9280826031622782,0
-0.29999999999999993,-0.17499999999999993,0.9294298375676584,0
-0.29999999999999993,-0.1499999999999999,0.9294314775641755,0
-0.29999999999999993,-0.125,0.9280875201593555,0
-0.29999999999999993,-0.09999999999999998,0.9254004187513986,0
-0.29999999999999993,-0.07499999999999996,0.9213750853137601,0
-0.29999999999999993,-0.04999999999999993,0.9160188949454603,0
-0.29999999999999993,-0.02499999999999991,0.9093416931529484,0
-0.29999999999999993,0.0,0.9013558064344375,0
-0.29999999999999993,0.025000000000000133,0.8920760569709196,0
-0.29999999999999993,0.050000000000000044,0.8815197825021213,0
-0.29999999999999993,0.07499999999999996,0.8697068627959528,0
-0.29999999999999993,0.10000000000000009,0.8566597545264184,0
-0.29999999999999993,0.125,0.8424035368832958,0
-0.29999999999999993,0.15000000000000013,0.8269659708814101,0
-0.29999999999999993,0.17500000000000004,0.8103775761637909,0
-0.29999999999999993,0.20000000000000018,0.7926717301633496,0
-0.29999999999999993,0.2250000000000001,0.7738847958863797,0
-0.29999999999999993,0.25,0.754056286424122,0
-0.29999999999999993,0.27500000000000013,0.7332290767461837,0
-0.29999999999999993,0.30000000000000004,0.7114496766047311,1
-0.29999999999999993,0.3250000000000002,0.6887685827927413,1
-0.29999999999999993,0.3500000000000001,0.6652407349903756,1
-0.29999999999999993,0.375,0.6409261076151296,1
-0.29999999999999993,0.40000000000000013,0.6158904813264305,1
-0.29999999999999993,0.42500000000000004,0.5902064533282099,1
-0.29999999999999993,0.4500000000000002,0.5639547670240614,1
-0.29999999999999993,0.4750000000000001,0.5372260711397568,1
-0.29999999999999993,0.5,0.5101232589870386,1
-0.29999999999999993,0.5250000000000001,0.482764593370122,1
-0.29999999999999993,0.55,0.45528789452040197,1
-0.29999999999999993,0.5750000000000002,0.4278561570275854,1
-0.29999999999999993,0.6000000000000001,0.40066505671242125,1
-0.29999999999999993,0.625,0.3739528736182138,1
-0.29999999999999993,0.6500000000000001,0.34801329657113056,1
-0.29999999999999993,0.675,0.3232111656896367,1
-0.29999999999999993,0.7000000000000002,0.2999999999999999,1
-0.29999999999999993,0.7250000000000001,0.2789373873604333,1
-0.29999999999999993,0.75,0.2606891549075942,1
-0.29999999999999993,0.7750000000000001,0.2460061375412859,1
-0.29999999999999993,0.8,0.23565332094067287,1
-0.29999999999999993,0.8250000000000002,0.23028239837598252,1
-0.29999999999999993,0.8500000000000001,0.23027577917729855,1
-0.29999999999999993,0.875,0.23563395529357928,1
-0.29999999999999993,0.9000000000000001,0.2459753461987095,1
-0.29999999999999993,0.925,0.2606487255405245,1
-0.29999999999999993,0.9500000000000002,0.27888920751032353,1
-0.29999999999999993,0.9750000000000001,0.2999458135339907,1
-0.29999999999999993,1.0,0.32315246582652496,1
-0.2749999999999999,-1.0,0.31979574466906774,1
-0.2749999999999999,-0.975,0.34354630438082984,1
-0.2749999999999999,-0.95,0.36872400283810136,1
-0.2749999999999999,-0.925,0.39491611062305054,1
-0.2749999999999999,-0.9,0.4217876015222701,1
-0.2749999999999999,-0.875,0.4490659469388725,1
-0.2749999999999999,-0.85,0.47652765494259036,1
-0.2749999999999999,-0.825,0.5039873130348844,1
-0.2749999999999999,-0.8,0.5312890389206967,1
-0.2749999999999999,-0.775,0.5582999528688248,1
-0.2749999999999999,-0.75,0.5849052440810267,1
-0.2749999999999999,-0.725,0.611004454922267,1
-0.2749999999999999,-0.7,0.6365086812547147,1
-0.2749999999999999,-0.675,0.6613384573581453,1
-0.2749999999999999,-0.6499999999999999,0.6854221517674205,1
-0.2749999999999999,-0.625,0.7086947451398653,1
-0.2749999999999999,-0.6,0.7310968948682569,0
-0.2749999999999999,-0.575,0.7525742159755769,0
-0.2749999999999999,-0.55,0.7730767260316307,0
-0.2749999999999999,-0.5249999999999999,0.7925584151576434,0
-0.2749999999999999,-0.5,0.8109769119533219,0
-0.2749999999999999,-0.475,0.8282932233660059,0
-0.2749999999999999,-0.44999999999999996,0.8444715318319143,0
-0.2749999999999999,-0.42499999999999993,0.8594790369667132,0
-0.2749999999999999,-0.3999999999999999,0.8732858320351606,0
-0.2749999999999999,-0.375,0.8858648076531316,0
-0.2749999999999999,-0.35,0.8971915768619734,0
-0.2749999999999999,-0.32499999999999996,0.9072444170043135,0
-0.2749999999999999,-0.29999999999999993,0.9160042248239766,0
-0.2749999999999999,-0.2749999999999999,0.9234544819852666,0
-0.2749999999999999,-0.25,0.9295812288138836,0
-0.2749999999999999,-0.22499999999999998,0.9343730445443906,0
-0.2749999999999999,-0.19999999999999996,0.937821032748524,0
-0.2749999999999999,-0.17499999999999993,0.9399188109384824,0
-0.2749999999999999,-0.1499999999999999,0.940662503608048,0
-0.2749999999999999,-0.125,0.9400507382066454,0
-0.2749999999999999,-0.09999999999999998,0.9380846437492053,0
-0.2749999999999999,-0.07499999999999996,0.9347678519582885,0
-0.2749999999999999,-0.04999999999999993,0.9301065010235791,0
-0.2749999999999999,-0.02499999999999991,0.9241092422565632,0
-0.2749999999999999,0.0,0.916787250124168,0
-0.2749999999999999,0.025000000000000133,0.9081542363745,0
-0.2749999999999999,0.050000000000000044,0.8982264692324119,0
-0.2749999999999999,0.07499999999999996,0.8870227989567345,0
-0.2749999999999999,0.10000000000000009,0.8745646914326966,0
-0.2749999999999999,0.125,0.8608762719453771,0
-0.2749999999999999,0.15000000000000013,0.8459843818733256,0
-0.2749999999999999,0.17500000000000004,0.8299186517957978,0
-0.2749999999999999,0.20000000000000018,0.8127115954761562,0
-0.2749999999999999,0.2250000000000001,0.7943987304404162,0
-0.2749999999999999,0.25,0.7750187325124417,0
-0.2749999999999999,0.27500000000000013,0.7546136338311284,0
-0.2749999999999999,0.30000000000000004,0.7332290767461839,0
-0.2749999999999999,0.3250000000000002,0.7109146398252223,1
-0.2749999999999999,0.3500000000000001,0.6877242573627866,1
-0.2749999999999999,0.375,0.6637167607570404,1
-0.2749999999999999,0.40000000000000013,0.6389565795988567,1
-0.2749999999999999,0.42500000000000004,0.6135146532458885,1
-0.2749999999999999,0.4500000000000002,0.5874696213140659,1
-0.2749999999999999,0.4750000000000001,0.5609093856065183,1
-0.2749999999999999,0.5,0.5339331686431656,1
-0.2749999999999999,0.5250000000000001,0.5066542375472932,1
-0.2749999999999999,0.55,0.47920351858488847,1
-0.2749999999999999,0.5750000000000002,0.45173439686772604,1
-0.2749999999999999,0.6000000000000001,0.424429070476251,1
-0.2749999999999999,0.625,0.3975068840414681,1
-0.2749999999999999,0.6500000000000001,0.37123503970746474,1
-0.2749999999999999,0.675,0.3459418276432913,1
-0.2749999999999999,0.7000000000000002,0.322031738192531,1
-0.2749999999999999,0.7250000000000001,0.30000000000000004,1
-0.2749999999999999,0.75,0.28044058075739914,1
-0.2749999999999999,0.7750000000000001,0.26403634963300665,1
-0.2749999999999999,0.8,0.2515151900644748,1
-0.2749999999999999,0.8250000000000002,0.2435586359435169,1
-0.2749999999999999,0.8500000000000001,0.2406703858070537,1
-0.2749999999999999,0.875,0.2430489454735779,1
-0.2749999999999999,0.9000000000000001,0.2505302006956521,1
-0.2749999999999999,0.925,0.2626351904143166,1
-0.2749999999999999,0.9500000000000002,0.27869351813838816,1
-0.2749999999999999,0.9750000000000001,0.29797699353251683,1
-0.2749999999999999,1.0,0.3197957446690676,1
-0.25,-1.0,0.31662479792093173,1
-0.25,-0.975,0.33915337551662833,1
-0.25,-0.95,0.3634150323150381,1
-0.25,-0.925,0.3889506297851379,1
-0.25,-0.9,0.4153828152331338,1
-0.25,-0.875,0.44240284955271003,1
-0.25,-0.85,0.46975726747731705,1
-0.25,-0.825,0.4972362370042219,1
-0.25,-0.8,0.5246640937738921,1
-0.25,-0.775,0.5518919213214183,1
-0.25,-0.75,0.5787918451395113,1
-0.25,-0.725,0.605252684713714,1
-0.25,-0.7,0.631176651186189,1
-0.25,-0.675,0.6564768385887826,1
-0.25,-0.6499999999999999,0.6810753135488999,1
-0.25,-0.625,0.7049016556810979,1
-0.25,-0.6,0.7278918378898234,0
-0.25,-0.575,0.749987363890114,0
-0.25,-0.55,0.7711346012223691,0
-0.25,-0.5249999999999999,0.7912842635786601,0
-0.25,-0.5,0.810391007748654,0
-0.25,-0.475,0.8284131189956071,0
-0.25,-0.44999999999999996,0.845312264982288,0
-0.25,-0.42499999999999993,0.8610533030687866,0
-0.25,-0.3999999999999999,0.8756041293267547,0
-0.25,-0.375,0.8889355602691957,0
-0.25,-0.35,0.9010212403083473,0
-0.25,-0.32499999999999996,0.9118375694919326,0
-0.25,-0.29999999999999993,0.9213636472514004,0
-0.25,-0.2749999999999999,0.9295812288138836,0
-0.25,-0.25,0.936474691648605,0
-0.25,-0.22499999999999998,0.9420310098875714,0
-0.25,-0.19999999999999996,0.9462397351167,0
-0.25,-0.17499999999999993,0.9490929823051929,0
-0.25,-0.1499999999999999,0.9505854199497511,0
-0.25,-0.125,0.9507142637731961,0
-0.25,-0.09999999999999998,0.9494792735480366,0
-0.25,-0.07499999999999996,0.9468827528260505,0
-0.25,-0.04999999999999993,0.9429295515551605,0
-0.25,-0.02499999999999991,0.9376270717642166,0
-0.25,0.0,0.9309852767041373,0
-0.25,0.025000000000000133,0.9230167040601306,0
-0.25,0.050000000000000044,0.9137364841056801,0
-0.25,0.07499999999999996,0.903162363967905,0
-0.25,0.10000000000000009,0.8913147395321958,0
-0.25,0.125,0.8782166969524049,0
-0.25,0.15000000000000013,0.8638940662781487,0
-0.25,0.17500000000000004,0.8483754903981086,0
-0.25,0.20000000000000018,0.8316925133742459,0
-0.25,0.2250000000000001,0.8138796933690527,0
-0.25,0.25,0.7949747468305832,0
-0.25,0.27500000000000013,0.7750187325124415,0
-0.25,0.30000000000000004,0.754056286424122,0
-0.25,0.3250000000000002,0.7321359221448072,0
-0.25,0.3500000000000001,0.7093104153842784,1
-0.25,0.375,0.6856372976409588,1
-0.25,0.40000000000000013,0.6611794918414552,1
-0.25,0.42500000000000004,0.6360061336995954,1
-0.25,0.4500000000000002,0.610193637213604,1
-0.25,0.4750000000000001,0.5838270825433909,1
-0.25,0.5,0.55700203110803,1
-0.25,0.5250000000000001,0.5298269079372242,1
-0.25,0.55,0.5024261366299173,1
-0.25,0.5750000000000002,0.4749442676490391,1
-0.25,0.6000000000000001,0.447551401298539,1
-0.25,0.625,0.4204502560199493,1
-0.25,0.6500000000000001,0.3938852277143145,1
-0.25,0.675,0.3681536295643369,1
-0.25,0.7000000000000002,0.3436187969566665,1
-0.25,0.7250000000000001,0.3207235369211621,1
-0.25,0.75,0.30000000000000004,1
-0.25,0.7750000000000001,0.28206812033363876,1
-0.25,0.8,0.26761018624975264,1
-0.25,0.8250000000000002,0.25730790706347295,1
-0.25,0.8500000000000001,0.2517383710865411,1
-0.25,0.875,0.25125134180047576,1
-0.25,0.9000000000000001,0.25587879396511665,1
-0.25,0.925,0.26532602680270606,1
-0.25,0.9500000000000002,0.2790496531127282,1
-0.25,0.9750000000000001,0.29637868073329865,1
-0.25,1.0,0.3166247979209316,1
-0.22499999999999998,-1.0,0.3136650940158929,1
-0.22499999999999998,-0.975,0.3348006142487577,1
-0.22499999999999998,-0.95,0.35798872804898835,1
-0.22499999999999998,-0.925,0.38272729544786643,1
-0.22499999999999998,-0.9,0.4085966666513773,1
-0.22499999999999998,-0.875,0.4352503630239121,1
-0.22499999999999998,-0.85,0.46240289982546845,1
-0.22499999999999998,-0.825,0.48981798113154745,1
-0.22499999999999998,-0.8,0.5172983373379144,1
-0.22499999999999998,-0.775,0.5446774789406511,1
-0.22499999999999998,-0.75,0.5718132127482798,1
-0.22499999999999998,-0.725,0.5985826280695655,1
-0.22499999999999998,-0.7,0.6248782507400213,1
-0.22499999999999998,-0.675,0.6506051015174364,1
-0.22499999999999998,-0.6499999999999999,0.6756784456939549,1
-0.22499999999999998,-0.625,0.7000220679387184,1
-0.22499999999999998,-0.6,0.7235669456841671,0
-0.22499999999999998,-0.575,0.7462502253282443,0
-0.22499999999999998,-0.55,0.7680144292088302,0
-0.22499999999999998,-0.5249999999999999,0.7888068391468314,0
-0.22499999999999998,-0.5,0.8085790156916647,0
-0.22499999999999998,-0.475,0.8272864221474675,0
-0.22499999999999998,-0.44999999999999996,0.8448881298766497,0
-0.22499999999999998,-0.42499999999999993,0.8613465869251522,0
-0.22499999999999998,-0.3999999999999999,0.8766274361788468,0
-0.22499999999999998,-0.375,0.8906993724028468,0
-0.22499999999999998,-0.35,0.9035340298995808,0
-0.22499999999999998,-0.32499999999999996,0.915105894341561,0
-0.22499999999999998,-0.29999999999999993,0.9253922337338132,0
-0.22499999999999998,-0.2749999999999999,0.9343730445443905,0
-0.22499999999999998,-0.25,0.9420310098875714,0
-0.22499999999999998,-0.22499999999999998,0.9483514673115726,0
-0.22499999999999998,-0.19999999999999996,0.9533223842747853,0
-0.22499999999999998,-0.17499999999999993,0.9569343398249299,0
-0.22499999999999998,-0.1499999999999999,0.9591805113496595,0
-0.22499999999999998,-0.125,0.9600566655649495,0
-0.22499999999999998,-0.09999999999999998,0.9595611531649527,0
-0.22499999999999998,-0.07499999999999996,0.9576949067869519,0
-0.22499999999999998,-0.04999999999999993,0.9544614421587378,0
-0.22499999999999998,-0.02499999999999991,0.9498668625032801,0
-0.22499999999999998,0.0,0.9439198664865646,0
-0.22499999999999998,0.025000000000000133,0.9366317602188532,0
-0.22499999999999998,0.050000000000000044,0.9280164740681495,0
-0.22499999999999998,0.07499999999999996,0.9180905853297779,0
-0.22499999999999998,0.10000000000000009,0.9068733481326904,0
-0.22499999999999998,0.125,0.8943867323700445,0
-0.22499999999999998,0.15000000000000013,0.8806554739425688,0
-0.22499999999999998,0.17500000000000004,0.8657071392290975,0
-0.22499999999999998,0.20000000000000018,0.8495722074900061,0
-0.22499999999999998,0.2250000000000001,0.8322841759200215,0
-0.22499999999999998,0.25,0.8138796933690527,0
-0.22499999999999998,0.27500000000000013,0.794398730440416,0
-0.22499999999999998,0.30000000000000004,0.7738847958863798,0
-0.22499999999999998,0.3250000000000002,0.75238521212973,0
-0.22499999999999998,0.3500000000000001,0.7299514665898098,0
-0.22499999999999998,0.375,0.7066396606126867,1
-0.22499999999999998,0.40000000000000013,0.682511084646468,1
-0.22499999999999998,0.42500000000000004,0.6576329574691018,1
-0.22499999999999998,0.4500000000000002,0.6320793795711478,1
-0.22499999999999998,0.4750000000000001,0.6059325672607454,1
-0.22499999999999998,0.5,0.5792844559757421,1
-0.22499999999999998,0.5250000000000001,0.5522387900921618,1
-0.22499999999999998,0.55,0.5249138534517358,1
-0.22499999999999998,0.5750000000000002,0.4974460400328904,1
-0.22499999999999998,0.6000000000000001,0.46999451453236646,1
-0.22499999999999998,0.625,0.4427472569685638,1
-0.22499999999999998,0.6500000000000001,0.41592879482603295,1
-0.22499999999999998,0.675,0.3898098352958076,1
-0.22499999999999998,0.7000000000000002,0.36471868514946726,1
-0.22499999999999998,0.7250000000000001,0.34105354298241664,1
-0.22499999999999998,0.75,0.3192930972667827,1
-0.22499999999999998,0.7750000000000001,0.2999999999999999,1
-0.22499999999999998,0.8,0.2838079230617975,1
-0.22499999999999998,0.8250000000000002,0.27138012973657144,1
-0.22499999999999998,0.8500000000000001,0.26333106956646496,1
-0.22499999999999998,0.875,0.26011863534995644,1
-0.22499999999999998,0.9000000000000001,0.26194064000982925,1
-0.22499999999999998,0.925,0.26868377521976317,1
-0.22499999999999998,0.9500000000000002,0.27995331929497635,1
-0.22499999999999998,0.9750000000000001,0.29516681566562913,1
-0.22499999999999998,1.0,0.31366509401589276,1
-0.19999999999999996,-1.0,0.31094116034529246,1
-0.19999999999999996,-0.975,0.3305169695534172,1
-0.19999999999999996,-0.95,0.3524739081166944,1
-0.19999999999999996,-0.925,0.3762726587121789,1
-0.19999999999999996,-0.9,0.4014527538641388,1
-0.19999999999999996,-0.875,0.427629183564407,1
-0.19999999999999996,-0.85,0.4544827018743318,1
-0.19999999999999996,-0.825,0.4817485790066563,1
-0.19999999999999996,-0.8,0.5092060843883721,1
-0.19999999999999996,-0.775,0.5366695462740881,1
-0.19999999999999996,-0.75,0.5639811174451742,1
-0.19999999999999996,-0.725,0.5910050763031384,1
-0.19999999999999996,-0.7,0.6176234013031886,1
-0.19999999999999996,-0.675,0.6437323579576466,1
-0.19999999999999996,-0.6499999999999999,0.669239873145863,1
-0.19999999999999996,-0.625,0.6940635145048087,1
-0.19999999999999996,-0.6,0.7181289324500595,1
-0.19999999999999996,-0.575,0.7413686554868946,0
-0.19999999999999996,-0.55,0.7637211556559629,0
-0.19999999999999996,-0.5249999999999999,0.7851301211081504,0
-0.19999999999999996,-0.5,0.8055438880845629,0
-0.19999999999999996,-0.475,0.8249149960829184,0
-0.19999999999999996,-0.44999999999999996,0.8431998386313245,0
-0.19999999999999996,-0.42499999999999993,0.8603583885802978,0
-0.19999999999999996,-0.3999999999999999,0.8763539817102105,0
-0.19999999999999996,-0.375,0.8911531461438938,0
-0.19999999999999996,-0.35,0.9047254678576225,0
-0.19999999999999996,-0.32499999999999996,0.9170434847237907,0
-0.19999999999999996,-0.29999999999999993,0.9280826031622783,0
-0.19999999999999996,-0.2749999999999999,0.937821032748524,0
-0.19999999999999996,-0.25,0.9462397351167,0
-0.19999999999999996,-0.22499999999999998,0.9533223842747854,0
-0.19999999999999996,-0.19999999999999996,0.959055336066422,0
-0.19999999999999996,-0.17499999999999993,0.9634276050112508,0
-0.19999999999999996,-0.1499999999999999,0.9664308471608845,0
-0.19999999999999996,-0.125,0.968059347944918,0
-0.19999999999999996,-0.09999999999999998,0.9683100142686917,0
-0.19999999999999996,-0.07499999999999996,0.9671823703767124,0
-0.19999999999999996,-0.04999999999999993,0.9646785572250831,0
-0.19999999999999996,-0.02499999999999991,0.9608033353238572,0
-0.19999999999999996,0.0,0.9555640912260156,0
-0.19999999999999996,0.025000000000000133,0.9489708480636817,0
-0.19999999999999996,0.050000000000000044,0.9410362807747754,0
-0.19999999999999996,0.07499999999999996,0.931775736936279,0
-0.19999999999999996,0.10000000000000009,0.9212072644374755,0
-0.19999999999999996,0.125,0.9093516476047737,0
-0.19999999999999996,0.15000000000000013,0.896232453850275,0
-0.19999999999999996,0.17500000000000004,0.8818760934862365,0
-0.19999999999999996,0.20000000000000018,0.8663118960624631,0
-0.19999999999999996,0.2250000000000001,0.8495722074900062,0
-0.19999999999999996,0.25,0.831692513374246,0
-0.19999999999999996,0.27500000000000013,0.8127115954761562,0
-0.19999999999999996,0.30000000000000004,0.7926717301633497,0
-0.19999999999999996,0.3250000000000002,0.771618940252095,0
-0.19999999999999996,0.3500000000000001,0.7496033149801214,0
-0.19999999999999996,0.375,0.726679417260948,0
-0.19999999999999996,0.40000000000000013,0.7029068032218893,1
-0.19999999999999996,0.42500000000000004,0.6783506868125306,1
-0.19999999999999996,0.4500000000000002,0.6530827926388799,1
-0.19999999999999996,0.4750000000000001,0.6271824539686828,1
-0.19999999999999996,0.5,0.6007380310976517,1
-0.19999999999999996,0.5250000000000001,0.5738487491273258,1
-0.19999999999999996,0.55,0.5466270847383856,1
-0.19999999999999996,0.5750000000000002,0.5192018690615346,1
-0.19999999999999996,0.6000000000000001,0.49172231633121743,1
-0.19999999999999996,0.625,0.4643632282549056,1
-0.19999999999999996,0.6500000000000001,0.4373316424034327,1
-0.19999999999999996,0.675,0.4108751449809595,1
-0.19999999999999996,0.7000000000000002,0.3852918625470916,1
-0.19999999999999996,0.7250000000000001,0.360941613245092,1
-0.19999999999999996,0.75,0.3382565613905446,1
-0.19999999999999996,0.7750000000000001,0.31774765031092844,1
-0.19999999999999996,0.8,0.30000000000000004,1
-0.19999999999999996,0.8250000000000002,0.28564731320242315,1
-0.19999999999999996,0.8500000000000001,0.2753153742408385,1
-0.19999999999999996,0.875,0.2695333680528962,1
-0.19999999999999996,0.9000000000000001,0.2686314462315313,1
-0.19999999999999996,0.925,0.2726635290425942,1
-0.19999999999999996,0.9500000000000002,0.28139370793891244,1
-0.19999999999999996,0.9750000000000001,0.2943536792160572,1
-0.19999999999999996,1.0,0.31094116034529234,1
-0.17499999999999993,-1.0,0.3084762458401081,1
-0.17499999999999993,-0.975,0.3263320866977999,1
-0.17499999999999993,-0.95,0.346901169524366,1
-0.17499999999999993,-0.925,0.3696154621226541,1
-0.17499999999999993,-0.9,0.3939768955807969,1
-0.17499999999999993,-0.875,0.4195620882245359,1
-0.17499999999999993,-0.85,0.44601672174862983,1
-0.17499999999999993,-0.825,0.4730457985901693,1
-0.17499999999999993,-0.8,0.5004032621458152,1
-0.17499999999999993,-0.775,0.5278825798570084,1
-0.17499999999999993,-0.75,0.5553088296799247,1
-0.17499999999999993,-0.725,0.5825323170693316,1
-0.17499999999999993,-0.7,0.6094235416191419,1
-0.17499999999999993,-0.675,0.6358692758138345,1
-0.17499999999999993,-0.6499999999999999,0.6617695278738488,1
-0.17499999999999993,-0.625,0.6870351938966061,1
-0.17499999999999993,-0.6,0.7115862420257416,1
-0.17499999999999993,-0.575,0.7353503054507297,0
-0.17499999999999993,-0.55,0.7582615892852266,0
-0.17499999999999993,-0.5249999999999999,0.7802600187422787,0
-0.17499999999999993,-0.5,0.8012905733064423,0
-0.17499999999999993,-0.475,0.8213027647760981,0
-0.17499999999999993,-0.44999999999999996,0.8402502270238925,0
-0.17499999999999993,-0.42499999999999993,0.858090392857771,0
-0.17499999999999993,-0.3999999999999999,0.8747842390584698,0
-0.17499999999999993,-0.375,0.8902960849812215,0
-0.17499999999999993,-0.35,0.9045934333867436,0
-0.17499999999999993,-0.32499999999999996,0.9176468446689385,0
-0.17499999999999993,-0.29999999999999993,0.9294298375676585,0
-0.17499999999999993,-0.2749999999999999,0.9399188109384824,0
-0.17499999999999993,-0.25,0.9490929823051929,0
-0.17499999999999993,-0.22499999999999998,0.9569343398249299,0
-0.17499999999999993,-0.19999999999999996,0.9634276050112508,0
-0.17499999999999993,-0.17499999999999993,0.9685602041322567,0
-0.17499999999999993,-0.1499999999999999,0.9723222466644137,0
-0.17499999999999993,-0.125,0.9747065095645655,0
-0.17499999999999993,-0.09999999999999998,0.9757084264439723,0
-0.17499999999999993,-0.07499999999999996,0.9753260810058265,0
-0.17499999999999993,-0.04999999999999993,0.9735602043554388,0
-0.17499999999999993,-0.02499999999999991,0.9704141760220047,0
-0.17499999999999993,0.0,0.9658940287532126,0
-0.17499999999999993,0.025000000000000133,0.9600084573690892,0
-0.17499999999999993,0.050000000000000044,0.952768832199787,0
-0.17499999999999993,0.07499999999999996,0.9441892178946842,0
-0.17499999999999993,0.10000000000000009,0.9342863986900571,0
-0.17499999999999993,0.125,0.923079911575041,0
-0.17499999999999993,0.15000000000000013,0.9105920892196046,0
-0.17499999999999993,0.17500000000000004,0.8968481150478647,0
-0.17499999999999993,0.20000000000000018,0.8818760934862364,0
-0.17499999999999993,0.2250000000000001,0.8657071392290975,0
-0.17499999999999993,0.25,0.8483754903981086,0
-0.17499999999999993,0.27500000000000013,0.8299186517957976,0
-0.17499999999999993,0.30000000000000004,0.8103775761637909,0
-0.17499999999999993,0.3250000000000002,0.789796893577525,0
-0.17499999999999993,0.3500000000000001,0.7682252020119765,0
-0.17499999999999993,0.375,0.7457154359245702,0
-0.17499999999999993,0.40000000000000013,0.7223253347269508,1
-0.17499999999999993,0.42500000000000004,0.6981180396625182,1
-0.17499999999999993,0.4500000000000002,0.6731628564050165,1
-0.17499999999999993,0.4750000000000001,0.6475362323306841,1
-0.17499999999999993,0.5,0.621323012738907,1
-0.17499999999999993,0.5250000000000001,0.5946180602705033,1
-0.17499999999999993,0.55,0.5675283473228592,1
-0.17499999999999993,0.5750000000000002,0.5401756628300788,1
-0.17499999999999993,0.6000000000000001,0.5127001112966652,1
-0.17499999999999993,0.625,0.48526461863176107,1
-0.17499999999999993,0.6500000000000001,0.4580606829911315,1
-0.17499999999999993,0.675,0.4313155892126554,1
-0.17499999999999993,0.7000000000000002,0.40530117945507477,1
-0.17499999999999993,0.7250000000000001,0.38034392051498367,1
-0.17499999999999993,0.75,0.3568352280363497,1
-0.17499999999999993,0.7750000000000001,0.3352395237625542,1
-0.17499999999999993,0.8,0.31609511057750345,1
-0.17499999999999993,0.8250000000000002,0.30000000000000004,1
-0.17499999999999993,0.8500000000000001,0.28757315185911525,1
-0.17499999999999993,0.875,0.27938519867949424,1
-0.17499999999999993,0.9000000000000001,0.2758657927234662,1
-0.17499999999999993,0.925,0.27721454640500864,1
-0.17499999999999993,0.9500000000000002,0.2833538380260893,1
-0.17499999999999993,0.9750000000000001,0.29394760758382166,1
-0.17499999999999993,1.0,0.308476245840108,1
-0.1499999999999999,-1.0,0.3062919712519529,1
-0.1499999999999999,-0.975,0.32227610790880507,1
-0.1499999999999999,-0.95,0.3413028785883826,1
-0.1499999999999999,-0.925,0.36278674896423324,1
-0.1499999999999999,-0.9,0.386197281537391,1
-0.1499999999999999,-0.875,0.4110740765498258,1
-0.1499999999999999,-0.85,0.43702701654284953,1
-0.1499999999999999,-0.825,0.4637292175502751,1
-0.1499999999999999,-0.8,0.4909074544398662,1
-0.1499999999999999,-0.775,0.5183325924289383,1
-0.1499999999999999,-0.75,0.5458111233829154,1
-0.1499999999999999,-0.725,0.5731781274486335,1
-0.1499999999999999,-0.7,0.6002916151032607,1
-0.1499999999999999,-0.675,0.6270280639938582,1
-0.1499999999999999,-0.6499999999999999,0.6532789336372731,1
-0.1499999999999999,-0.625,0.6789479565741474,1
-0.1499999999999999,-0.6,0.7039490359363204,1
-0.1499999999999999,-0.575,0.7282046126017837,0
-0.1499999999999999,-0.55,0.7516443946727539,0
-0.1499999999999999,-0.5249999999999999,0.7742043663698603,0
-0.1499999999999999,-0.5,0.7958260127161879,0
-0.1499999999999999,-0.475,0.8164557113143445,0
-0.1499999999999999,-0.44999999999999996,0.8360442539421353,0
-0.1499999999999999,-0.42499999999999993,0.8545464693802161,0
-0.1499999999999999,-0.3999999999999999,0.8719209254794843,0
-0.1499999999999999,-0.375,0.8881296934841406,0
-0.1499999999999999,-0.35,0.9031381614386164,0
-0.1499999999999999,-0.32499999999999996,0.9169148864189408,0
-0.1499999999999999,-0.29999999999999993,0.9294314775641757,0
-0.1499999999999999,-0.2749999999999999,0.940662503608048,0
-0.1499999999999999,-0.25,0.9505854199497511,0
-0.1499999999999999,-0.22499999999999998,0.9591805113496596,0
-0.1499999999999999,-0.19999999999999996,0.9664308471608845,0
-0.1499999999999999,-0.17499999999999993,0.9723222466644137,0
-0.1499999999999999,-0.1499999999999999,0.9768432526045898,0
-0.1499999999999999,-0.125,0.9799851114540178,0
-0.1499999999999999,-0.09999999999999998,0.9817417592968878,0
-0.1499999999999999,-0.07499999999999996,0.9821098125263285,0
-0.1499999999999999,-0.04999999999999993,0.981088562820324,0
-0.1499999999999999,-0.02499999999999991,0.9786799761049467,0
-0.1499999999999999,0.0,0.9748886954446171,0
-0.1499999999999999,0.025000000000000133,0.9697220480273029,0
-0.1499999999999999,0.050000000000000044,0.9631900566484262,0
-0.1499999999999999,0.07499999999999996,0.9553054563515676,0
-0.1499999999999999,0.10000000000000009,0.9460837171689636,0
-0.1499999999999999,0.125,0.9355430742343307,0
-0.1499999999999999,0.15000000000000013,0.9237045669318575,0
-0.1499999999999999,0.17500000000000004,0.9105920892196046,0
-0.1499999999999999,0.20000000000000018,0.8962324538502748,0
-0.1499999999999999,0.2250000000000001,0.8806554739425689,0
-0.1499999999999999,0.25,0.8638940662781487,0
-0.1499999999999999,0.27500000000000013,0.8459843818733254,0
-0.1499999999999999,0.30000000000000004,0.8269659708814101,0
-0.1499999999999999,0.3250000000000002,0.8068819908284163,0
-0.1499999999999999,0.3500000000000001,0.7857794697145389,0
-0.1499999999999999,0.375,0.7637096388175967,0
-0.1499999999999999,0.40000000000000013,0.740728354367132,0
-0.1499999999999999,0.42500000000000004,0.7168966329566631,1
-0.1499999999999999,0.4500000000000002,0.6922813330692541,1
-0.1499999999999999,0.4750000000000001,0.6669560249768778,1
-0.1499999999999999,0.5,0.6410021042425433,1
-0.1499999999999999,0.5250000000000001,0.6145102209250082,1
-0.1499999999999999,0.55,0.5875821181838781,1
-0.1499999999999999,0.5750000000000002,0.5603330008387172,1
-0.1499999999999999,0.6000000000000001,0.532894586076941,1
-0.1499999999999999,0.625,0.505419021912394,1
-0.1499999999999999,0.6500000000000001,0.4780838854347532,1
-0.1499999999999999,0.675,0.45109847175805806,1
-0.1499999999999999,0.7000000000000002,0.42471151229038717,1
-0.1499999999999999,0.7250000000000001,0.39922023303554327,1
-0.1499999999999999,0.75,0.37498013219111986,1
-0.1499999999999999,0.7750000000000001,0.35241380053300975,1
-0.1499999999999999,0.8,0.3320152975617383,1
-0.1499999999999999,0.8250000000000002,0.31434406118229996,1
-0.1499999999999999,0.8500000000000001,0.3,1
-0.1499999999999999,0.875,0.2895719625370708,1
-0.1499999999999999,0.9000000000000001,0.2835592675469562,1
-0.1499999999999999,0.925,0.2822818738399871,1
-0.1499999999999999,0.9500000000000002,0.28581107757094676,1
-0.1499999999999999,0.9750000000000001,0.29395279303033534,1
-0.1499999999999999,1.0,0.30629197125195284,1
-0.125,-1.0,0.3044079768371797,1
-0.125,-0.975,0.31837943293696463,1
-0.125,-0.95,0.3357131365252761,1
-0.125,-0.925,0.35581997543982263,1
-0.125,-0.9,0.37814464406279824,1
-0.125,-0.875,0.4021925392262962,1
-0.125,-0.85,0.42753778769474626,1
-0.125,-0.825,0.4538203174179787,1
-0.125,-0.8,0.480737958406889,1
-0.125,-0.775,0.5080371803472407,1
-0.125,-0.75,0.5355042827548144,1
-0.125,-0.725,0.5629577675600271,1
-0.125,-0.7,0.5902420560255377,1
-0.125,-0.675,0.6172224552802371,1
-0.125,-0.6499999999999999,0.643781188315365,1
-0.125,-0.625,0.6698142884641244,1
-0.125,-0.6,0.6952291790927314,1
-0.125,-0.575,0.7199427889440151,1
-0.125,-0.55,0.7438800832887101,0
-0.125,-0.5249999999999999,0.7669729169575579,0
-0.125,-0.5,0.7891591365224235,0
-0.125,-0.475,0.8103818756403715,0
-0.125,-0.44999999999999996,0.83058900055396,0
-0.125,-0.42499999999999993,0.8497326726969878,0
-0.125,-0.3999999999999999,0.8677690029535534,0
-0.125,-0.375,0.8846577779089171,0
-0.125,-0.35,0.9003622428471123,0
-0.125,-0.32499999999999996,0.9148489296269529,0
-0.125,-0.29999999999999993,0.9280875201593555,0
-0.125,-0.2749999999999999,0.9400507382066453,0
-0.125,-0.25,0.950714263773196,0
-0.125,-0.22499999999999998,0.9600566655649495,0
-0.125,-0.19999999999999996,0.9680593479449179,0
-0.125,-0.17499999999999993,0.9747065095645654,0
-0.125,-0.1499999999999999,0.9799851114540177,0
-0.125,-0.125,0.9838848528434312,0
-0.125,-0.09999999999999998,0.9863981533914024,0
-0.125,-0.07499999999999996,0.9875201408359683,0
-0.125,-0.04999999999999993,0.9872486433770267,0
-0.125,-0.02499999999999991,0.9855841863603735,0
-0.125,0.0,0.9825299930753438,0
-0.125,0.025000000000000133,0.9780919897113343,0
-0.125,0.050000000000000044,0.9722788147538244,0
-0.125,0.07499999999999996,0.965101833348556,0
-0.125,0.10000000000000009,0.9565751574347724,0
-0.125,0.125,0.9467156727579006,0
-0.125,0.15000000000000013,0.9355430742343307,0
-0.125,0.17500000000000004,0.9230799115750409,0
-0.125,0.20000000000000018,0.9093516476047735,0
-0.125,0.2250000000000001,0.8943867323700443,0
-0.125,0.25,0.8782166969524047,0
-0.125,0.27500000000000013,0.8608762719453769,0
-0.125,0.30000000000000004,0.8424035368832957,0
-0.125,0.3250000000000002,0.8228401086192721,0
-0.125,0.3500000000000001,0.8022313788589903,0
-0.125,0.375,0.7806268139284217,0
-0.125,0.40000000000000013,0.7580803336011209,0
-0.125,0.42500000000000004,0.7346507907177761,0
-0.125,0.4500000000000002,0.7104025797680648,1
-0.125,0.4750000000000001,0.685406411049937,1
-0.125,0.5,0.6597402980703263,1
-0.125,0.5250000000000001,0.6334908202084175,1
-0.125,0.55,0.6067547410721355,1
-0.125,0.5750000000000002,0.5796410860230439,1
-0.125,0.6000000000000001,0.5522738099600017,1
-0.125,0.625,0.524795216860822,1
-0.125,0.6500000000000001,0.4973703200936477,1
-0.125,0.675,0.4701923432119655,1
-0.125,0.7000000000000002,0.4434895247682836,1
-0.125,0.7250000000000001,0.41753324807957676,1
-0.125,0.75,0.3926471600724115,1
-0.125,0.7750000000000001,0.36921620029333896,1
-0.125,0.8,0.34769311542105696,1
-0.125,0.8250000000000002,0.32859796692493703,1
-0.125,0.8500000000000001,0.3125037359507827,1
-0.125,0.875,0.29999999999999993,1
-0.125,0.9000000000000001,0.2916300509905856,1
-0.125,0.925,0.28780787879773084,1
-0.125,0.9500000000000002,0.28873780459953713,1
-0.125,0.9750000000000001,0.2943691818976652,1
-0.125,1.0,0.30440797683717963,1
-0.09999999999999998,-1.0,0.3028415789314103,1
-0.09999999999999998,-0.975,0.3146724374214559,1
-0.09999999999999998,-0.95,0.33016771264139866,1
-0.09999999999999998,-0.925,0.3487511216780779,1
-0.09999999999999998,-0.9,0.369852452172671,1
-0.09999999999999998,-0.875,0.39294745834857414,1
-0.09999999999999998,-0.85,0.4175755464005535,1
-0.09999999999999998,-0.825,0.443342601231517,1
-0.09999999999999998,-0.8,0.4699158571399643,1
-0.09999999999999998,-0.775,0.49701556041090733,1
-0.09999999999999998,-0.75,0.5244061135576303,1
-0.09999999999999998,-0.725,0.5518879753565905,1
-0.09999999999999998,-0.7,0.5792907748434293,1
-0.09999999999999998,-0.675,0.6064676872570675,1
-0.09999999999999998,-0.6499999999999999,0.6332909438337335,1
-0.09999999999999998,-0.625,0.6596482920253727,1
-0.09999999999999998,-0.6,0.6854402232166152,1
-0.09999999999999998,-0.575,0.7105778074676721,1
-0.09999999999999998,-0.55,0.7349810029506818,0
-0.09999999999999998,-0.5249999999999999,0.7585773345307858,0
-0.09999999999999998,-0.5,0.7813008588526217,0
-0.09999999999999998,-0.475,0.8030913518736686,0
-0.09999999999999998,-0.44999999999999996,0.8238936694238036,0
-0.09999999999999998,-0.42499999999999993,0.84365724271598,0
-0.09999999999999998,-0.3999999999999999,0.8623356794499327,0
-0.09999999999999998,-0.375,0.8798864478212776,0
-0.09999999999999998,-0.35,0.8962706258480143,0
-0.09999999999999998,-0.32499999999999996,0.9114527023298241,0
-0.09999999999999998,-0.29999999999999993,0.9254004187513986,0
-0.09999999999999998,-0.2749999999999999,0.9380846437492052,0
-0.09999999999999998,-0.25,0.9494792735480365,0
-0.09999999999999998,-0.22499999999999998,0.9595611531649527,0
-0.09999999999999998,-0.19999999999999996,0.9683100142686916,0
-0.09999999999999998,-0.17499999999999993,0.9757084264439722,0
-0.09999999999999998,-0.1499999999999999,0.9817417592968877,0
-0.09999999999999998,-0.125,0.9863981533914024,0
-0.09999999999999998,-0.09999999999999998,0.9896684984599461,0
-0.09999999999999998,-0.07499999999999996,0.9915464177082737,0
-0.09999999999999998,-0.04999999999999993,0.9920282573559938,0
-0.09999999999999998,-0.02499999999999991,0.9911130808355673,0
-0.09999999999999998,0.0,0.9888026673276599,0
-0.09999999999999998,0.025000000000000133,0.985101514551269,0
-0.09999999999999998,0.050000000000000044,0.9800168459639412,0
-0.09999999999999998,0.07499999999999996,0.9735586227712467,0
-0.09999999999999998,0.10000000000000009,0.9657395614066073,0
-0.09999999999999998,0.125,0.9565751574347725,0
-0.09999999999999998,0.15000000000000013,0.9460837171689636,0
-0.09999999999999998,0.17500000000000004,0.9342863986900571,0
-0.09999999999999998,0.20000000000000018,0.9212072644374755,0
-0.09999999999999998,0.2250000000000001,0.9068733481326905,0
-0.09999999999999998,0.25,0.8913147395321958,0
-0.09999999999999998,0.27500000000000013,0.8745646914326963,0
-0.09999999999999998,0.30000000000000004,0.8566597545264185,0
-0.09999999999999998,0.3250000000000002,0.8376399472070492,0
-0.09999999999999998,0.3500000000000001,0.8175489693603334,0
-0.09999999999999998,0.375,0.7964344716748346,0
-0.09999999999999998,0.40000000000000013,0.7743483952593438,0
-0.09999999999999998,0.42500000000000004,0.7513474005933608,0
-0.09999999999999998,0.4500000000000002,0.727493410379485,0
-0.09999999999999998,0.4750000000000001,0.7028542981159983,1
-0.09999999999999998,0.5,0.6775047636733782,1
-0.09999999999999998,0.5250000000000001,0.651527449452199,1
-0.09999999999999998,0.55,0.6250143664967587,1
-0.09999999999999998,0.5750000000000002,0.5980687198448305,1
-0.09999999999999998,0.6000000000000001,0.5708072466179693,1
-0.09999999999999998,0.625,0.5433632079782532,1
-0.09999999999999998,0.6500000000000001,0.5158902035181256,1
-0.09999999999999998,0.675,0.4885669946482523,1
-0.09999999999999998,0.7000000000000002,0.46160351148870243,1
-0.09999999999999998,0.7250000000000001,0.4352481338338982,1
-0.09999999999999998,0.75,0.40979610289344764,1
-0.09999999999999998,0.7750000000000001,0.3855984053140137,1
-0.09999999999999998,0.8,0.36306948799221705,1
-0.09999999999999998,0.8250000000000002,0.34269053592153964,1
-0.09999999999999998,0.8500000000000001,0.3250028536745734,1
-0.09999999999999998,0.875,0.31058399802629183,1
-0.09999999999999998,0.9000000000000001,0.29999999999999993,1
-0.09999999999999998,0.925,0.2937336180518903,1
-0.09999999999999998,0.9500000000000002,0.2921021626951683,1
-0.09999999999999998,0.9750000000000001,0.2951924759213801,1
-0.09999999999999998,1.0,0.3028415789314102,1
-0.07499999999999996,-1.0,0.3016074481608193,1
-0.07499999999999996,-0.975,0.3111851485968483,1
-0.07499999999999996,-0.95,0.3247039363686063,1
-0.07499999999999996,-0.925,0.341618795697558,1
-0.07499999999999996,-0.9,0.3613571288832936,1
-0.07499999999999996,-0.875,0.38337164453605554,1
-0.07499999999999996,-0.85,0.40716931568077086,1
-0.07499999999999996,-0.825,0.4323217405803791,1
-0.07499999999999996,-0.8,0.4584641126891811,1
-0.07499999999999996,-0.775,0.48528861896385916,1
-0.07499999999999996,-0.75,0.5125359605714799,1
-0.07499999999999996,-0.725,0.5399869634518824,1
-0.07499999999999996,-0.7,0.5674551430488983,1
-0.07499999999999996,-0.675,0.5947804814141943,1
-0.07499999999999996,-0.6499999999999999,0.6218243837238216,1
-0.07499999999999996,-0.625,0.648465664898294,1
-0.07499999999999996,-0.6,0.6745973880852573,1
-0.07499999999999996,-0.575,0.7001243867155121,1
-0.07499999999999996,-0.55,0.724961325919104,0
-0.07499999999999996,-0.5249999999999999,0.7490311856762182,0
-0.07499999999999996,-0.5,0.7722640723406785,0
-0.07499999999999996,-0.475,0.7945962855489708,0
-0.07499999999999996,-0.44999999999999996,0.8159695839131552,0
-0.07499999999999996,-0.42499999999999993,0.8363306057591348,0
-0.07499999999999996,-0.3999999999999999,0.8556304111341875,0
-0.07499999999999996,-0.375,0.8738241189689357,0
-0.07499999999999996,-0.35,0.8908706191528104,0
-0.07499999999999996,-0.32499999999999996,0.9067323437842976,0
-0.07499999999999996,-0.29999999999999993,0.9213750853137602,0
-0.07499999999999996,-0.2749999999999999,0.9347678519582885,0
-0.07499999999999996,-0.25,0.9468827528260505,0
-0.07499999999999996,-0.22499999999999998,0.9576949067869519,0
-0.07499999999999996,-0.19999999999999996,0.9671823703767124,0
-0.07499999999999996,-0.17499999999999993,0.9753260810058265,0
-0.07499999999999996,-0.1499999999999999,0.9821098125263285,0
-0.07499999999999996,-0.125,0.9875201408359684,0
-0.07499999999999996,-0.09999999999999998,0.9915464177082738,0
-0.07499999999999996,-0.07499999999999996,0.9941807514567077,0
-0.07499999999999996,-0.04999999999999993,0.9954179933942863,0
-0.07499999999999996,-0.02499999999999991,0.9952557293546606,0
-0.07499999999999996,0.0,0.9936942758117019,0
-0.07499999999999996,0.025000000000000133,0.9907366803847435,0
-0.07499999999999996,0.050000000000000044,0.9863887267572334,0
-0.07499999999999996,0.07499999999999996,0.9806589442783735,0
-0.07499999999999996,0.10000000000000009,0.9735586227712467,0
-0.07499999999999996,0.125,0.9651018333485561,0
-0.07499999999999996,0.15000000000000013,0.9553054563515676,0
-0.07499999999999996,0.17500000000000004,0.9441892178946842,0
-0.07499999999999996,0.20000000000000018,0.9317757369362789,0
-0.07499999999999996,0.2250000000000001,0.9180905853297779,0
-0.07499999999999996,0.25,0.903162363967905,0
-0.07499999999999996,0.27500000000000013,0.8870227989567344,0
-0.07499999999999996,0.30000000000000004,0.8697068627959528,0
-0.07499999999999996,0.3250000000000002,0.8512529268647029,0
-0.07499999999999996,0.3500000000000001,0.8317029532071614,0
-0.07499999999999996,0.375,0.8111027357955571,0
-0.07499999999999996,0.40000000000000013,0.7895022042753097,0
-0.07499999999999996,0.42500000000000004,0.7669558068710687,0
-0.07499999999999996,0.4500000000000002,0.7435229939205904,0
-0.07499999999999996,0.4750000000000001,0.7192688297510902,1
-0.07499999999999996,0.5,0.6942647687581556,1
-0.07499999999999996,0.5250000000000001,0.6685896421264709,1
-0.07499999999999996,0.55,0.6423309152575614,1
-0.07499999999999996,0.5750000000000002,0.6155862932502499,1
-0.07499999999999996,0.6000000000000001,0.5884657730993075,1
-0.07499999999999996,0.625,0.5610942663004028,1
-0.07499999999999996,0.6500000000000001,0.5336149421608357,1
-0.07499999999999996,0.675,0.5061934643023938,1
-0.07499999999999996,0.7000000000000002,0.47902329664650445,1
-0.07499999999999996,0.7250000000000001,0.4523322114467544,1
-0.07499999999999996,0.75,0.42638998460046473,1
-0.07499999999999996,0.7750000000000001,0.40151691381728294,1
-0.07499999999999996,0.8,0.37809209063336396,1
-0.07499999999999996,0.8250000000000002,0.3565591147016719,1
-0.07499999999999996,0.8500000000000001,0.3374250771749545,1
-0.07499999999999996,0.875,0.32124653774061623,1
-0.07499999999999996,0.9000000000000001,0.308595314444198,1
-0.07499999999999996,0.925,0.3,1
-0.07499999999999996,0.9500000000000002,0.29586886452264083,1
-0.07499999999999996,0.9750000000000001,0.2964142367595498,1
-0.07499999999999996,1.0,0.3016074481608193,1
-0.04999999999999993,-1.0,0.3007173225458923,1
-0.04999999999999993,-0.975,0.3079468800679612,1
-0.04999999999999993,-0.95,0.319360538432173,1
-0.04999999999999993,-0.925,0.3344643221274903,1
-0.04999999999999993,-0.9,0.3526982912871093,1
-0.04999999999999993,-0.875,0.3735010166396554,1
-0.04999999999999993,-0.85,0.39635087715755035,1
-0.04999999999999993,-0.825,0.420785759548267,1
-0.04999999999999993,-0.8,0.44640768509909845,1
-0.04999999999999993,-0.775,0.47287897702063,1
-0.04999999999999993,-0.75,0.4999147333937539,1
-0.04999999999999993,-0.725,0.5272744190838704,1
-0.04999999999999993,-0.7,0.5547539780004922,1
-0.04999999999999993,-0.675,0.5821790205814554,1
-0.04999999999999993,-0.6499999999999999,0.6093991983567194,1
-0.04999999999999993,-0.625,0.6362836761882339,1
-0.04999999999999993,-0.6,0.6627175407150345,1
-0.04999999999999993,-0.575,0.6885989737589774,1
-0.04999999999999993,-0.55,0.713837035930842,1
-0.04999999999999993,-0.5249999999999999,0.73834993050413,0
-0.04999999999999993,-0.5,0.7620636426571179,0
-0.04999999999999993,-0.475,0.7849108712283982,0
-0.04999999999999993,-0.44999999999999996,0.8068301883328919,0
-0.04999999999999993,-0.42499999999999993,0.8277653767005275,0
-0.04999999999999993,-0.3999999999999999,0.8476649059504038,0
-0.04999999999999993,-0.375,0.866481517793112,0
-0.04999999999999993,-0.35,0.8841718969080276,0
-0.04999999999999993,-0.32499999999999996,0.9006964094278511,0
-0.04999999999999993,-0.29999999999999993,0.9160188949454604,0
-0.04999999999999993,-0.2749999999999999,0.9301065010235791,0
-0.04999999999999993,-0.25,0.9429295515551605,0
-0.04999999999999993,-0.22499999999999998,0.954461442158738,0
-0.04999999999999993,-0.19999999999999996,0.9646785572250831,0
-0.04999999999999993,-0.17499999999999993,0.9735602043554388,0
-0.04999999999999993,-0.1499999999999999,0.981088562820324,0
-0.04999999999999993,-0.125,0.9872486433770268,0
-0.04999999999999993,-0.09999999999999998,0.9920282573559939,0
-0.04999999999999993,-0.07499999999999996,0.9954179933942863,0
-0.04999999999999993,-0.04999999999999993,0.9974112005837702,0
-0.04999999999999993,-0.02499999999999991,0.9980039771331335,0
-0.04999999999999993,0.0,0.9971951639327117,0
-0.04999999999999993,0.025000000000000133,0.9949863426732884,0
-0.04999999999999993,0.050000000000000044,0.9913818384165964,0
-0.04999999999999993,0.07499999999999996,0.9863887267572334,0
-0.04999999999999993,0.10000000000000009,0.9800168459639412,0
-0.04999999999999993,0.125,0.9722788147538245,0
-0.04999999999999993,0.15000000000000013,0.9631900566484262,0
-0.04999999999999993,0.17500000000000004,0.952768832199787,0
-0.04999999999999993,0.20000000000000018,0.9410362807747754,0
-0.04999999999999993,0.2250000000000001,0.9280164740681495,0
-0.04999999999999993,0.25,0.9137364841056801,0
-0.04999999999999993,0.27500000000000013,0.8982264692324117,0
-0.04999999999999993,0.30000000000000004,0.8815197825021213,0
-0.04999999999999993,0.3250000000000002,0.8636531080502027,0
-0.04999999999999993,0.3500000000000001,0.8446666325196858,0
-0.04999999999999993,0.375,0.8246042605191564,0
-0.04999999999999993,0.40000000000000013,0.8035138855543036,0
-0.04999999999999993,0.42500000000000004,0.7814477310658986,0
-0.04999999999999993,0.4500000000000002,0.7584627803547299,0
-0.04999999999999993,0.4750000000000001,0.7346213195752654,0
-0.04999999999999993,0.5,0.7099916250140719,1
-0.04999999999999993,0.5250000000000001,0.6846488350077247,1
-0.04999999999999993,0.55,0.6586760586545319,1
-0.04999999999999993,0.5750000000000002,0.6321657885284457,1
-0.04999999999999993,0.6000000000000001,0.6052217034030183,1
-0.04999999999999993,0.625,0.577960969593019,1
-0.04999999999999993,0.6500000000000001,0.5505171748165701,1
-0.04999999999999993,0.675,0.5230440527276214,1
-0.04999999999999993,0.7000000000000002,0.49572017020982245,1
-0.04999999999999993,0.7250000000000001,0.4687547330999792,1
-0.04999999999999993,0.75,0.44239457936772003,1
-0.04999999999999993,0.7750000000000001,0.41693219890315475,1
-0.04999999999999993,0.8,0.39271412538905437,1
-0.04999999999999993,0.8250000000000002,0.3701481210885101,1
-0.04999999999999993,0.8500000000000001,0.34970606936841836,1
-0.04999999999999993,0.875,0.3319174885422249,1
-0.04999999999999993,0.9000000000000001,0.317346875921582,1
-0.04999999999999993,0.925,0.30654872610541134,1
-0.04999999999999993,0.9500000000000002,0.30000000000000004,1
-0.04999999999999993,0.9750000000000001,0.2980220875646732,1
-0.04999999999999993,1.0,0.3007173225458923,1
-0.02499999999999991,-1.0,0.30017976833780874,1
-0.02499999999999991,-0.975,0.30498583008754887,1
-0.02499999999999991,-0.95,0.31417743085961347,1
-0.02499999999999991,-0.925,0.32733180460830896,1
-0.02499999999999991,-0.9,0.3439190111010285,1
-0.02499999999999991,-0.875,0.3633749301072331,1
-0.02499999999999991,-0.85,0.38515507232496243,1
-0.02499999999999991,-0.825,0.4087652650944492,1
-0.02499999999999991,-0.8,0.4337736848786592,1
-0.02499999999999991,-0.775,0.45981107633162366,1
-0.02499999999999991,-0.75,0.4865649434493682,1
-0.02499999999999991,-0.725,0.5137715086718632,1
-0.02499999999999991,-0.7,0.5412075283540779,1
-0.02499999999999991,-0.675,0.5686829248864596,1
-0.02499999999999991,-0.6499999999999999,0.5960345578984537,1
-0.02499999999999991,-0.625,0.6231211404417489,1
-0.02499999999999991,-0.6,0.6498191726322955,1
-0.02499999999999991,-0.575,0.6760197258507774,1
-0.02499999999999991,-0.55,0.7016259145528949,1
-0.02499999999999991,-0.5249999999999999,0.7265509135505298,0
-0.02499999999999991,-0.5,0.7507164035355021,0
-0.02499999999999991,-0.475,0.7740513510883247,0
-0.02499999999999991,-0.44999999999999996,0.7964910494708036,0
-0.02499999999999991,-0.42499999999999993,0.8179763628098059,0
-0.02499999999999991,-0.3999999999999999,0.838453129180244,0
-0.02499999999999991,-0.375,0.8578716881427051,0
-0.02499999999999991,-0.35,0.8761865060503209,0
-0.02499999999999991,-0.32499999999999996,0.8933558784079064,0
-0.02499999999999991,-0.29999999999999993,0.9093416931529485,0
-0.02499999999999991,-0.2749999999999999,0.9241092422565632,0
-0.02499999999999991,-0.25,0.9376270717642166,0
-0.02499999999999991,-0.22499999999999998,0.9498668625032801,0
-0.02499999999999991,-0.19999999999999996,0.9608033353238572,0
-0.02499999999999991,-0.17499999999999993,0.9704141760220047,0
-0.02499999999999991,-0.1499999999999999,0.9786799761049467,0
-0.02499999999999991,-0.125,0.9855841863603736,0
-0.02499999999999991,-0.09999999999999998,0.9911130808355674,0
-0.02499999999999991,-0.07499999999999996,0.9952557293546606,0
-0.02499999999999991,-0.04999999999999993,0.9980039771331335,0
-0.02499999999999991,-0.02499999999999991,0.9993524304107704,0
-0.02499999999999991,0.0,0.9992984473362165,0
-0.02499999999999991,0.025000000000000133,0.9978421336131895,0
-0.02499999999999991,0.050000000000000044,0.9949863426732884,0
-0.02499999999999991,0.07499999999999996,0.9907366803847435,0
-0.02499999999999991,0.10000000000000009,0.985101514551269,0
-0.02499999999999991,0.125,0.9780919897113345,0
-0.02499999999999991,0.15000000000000013,0.9697220480273029,0
-0.02499999999999991,0.17500000000000004,0.9600084573690892,0
-0.02499999999999991,0.20000000000000018,0.9489708480636817,0
-0.02499999999999991,0.2250000000000001,0.9366317602188533,0
-0.02499999999999991,0.25,0.9230167040601307,0
-0.02499999999999991,0.27500000000000013,0.9081542363744999,0
-0.02499999999999991,0.30000000000000004,0.8920760569709197,0
-0.02499999999999991,0.3250000000000002,0.8748171300966248,0
-0.02499999999999991,0.3500000000000001,0.8564158370550539,0
-0.02499999999999991,0.375,0.8369141679422615,0
-0.02499999999999991,0.40000000000000013,0.8163579625675201,0
-0.02499999999999991,0.42500000000000004,0.7947972134000933,0
-0.02499999999999991,0.4500000000000002,0.7722864469843603,0
-0.02499999999999991,0.4750000000000001,0.748885204945861,0
-0.02499999999999991,0.5,0.7246586518014084,0
-0.02499999999999991,0.5250000000000001,0.6996783447029448,1
-0.02499999999999991,0.55,0.6740232104911607,1
-0.02499999999999991,0.5750000000000002,0.6477807885792495,1
-0.02499999999999991,0.6000000000000001,0.6210488147768828,1
-0.02499999999999991,0.625,0.5939372415088139,1
-0.02499999999999991,0.6500000000000001,0.5665708135645927,1
-0.02499999999999991,0.675,0.5390923433716638,1
-0.02499999999999991,0.7000000000000002,0.5116668498756222,1
-0.02499999999999991,0.7250000000000001,0.4844867269016914,1
-0.02499999999999991,0.75,0.4577780624525103,1
-0.02499999999999991,0.7750000000000001,0.4318080866381363,1
-0.02499999999999991,0.8,0.4068933902123078,1
-0.02499999999999991,0.8250000000000002,0.3834078861257908,1
-0.02499999999999991,0.8500000000000001,0.3617883145419906,1
-0.02499999999999991,0.875,0.342533344018176,1
-0.02499999999999991,0.9000000000000001,0.32619034498976796,1
-0.02499999999999991,0.925,0.31332301759467984,1
-0.02499999999999991,0.9500000000000002,0.30445581254816206,1
-0.02499999999999991,0.9750000000000001,0.3,1
-0.02499999999999991,1.0,0.30017976833780874,1
0.0,-1.0,0.29999999999999993,1
0.0,-0.975,0.30232865089406713,1
0.0,-0.95,0.3091954156018687,1
0.0,-0.925,0.3202681473688214,1
0.0,-0.9,0.33506609062348447,1
0.0,-0.875,0.353036560015198,1
0.0,-0.85,0.3736201700849308,1
0.0,-0.825,0.3962937360328674,1
0.0,-0.8,0.42059156857859015,1
0.0,-0.775,0.4461112928989648,1
0.0,-0.75,0.4725107560258505,1
0.0,-0.725,0.49950088889787414,1
0.0,-0.7,0.526837460899398,1
0.0,-0.675,0.5543132264832251,1
0.0,-0.6499999999999999,0.5817510830402521,1
0.0,-0.625,0.6089983893852956,1
0.0,-0.6,0.6359223754196724,1
0.0,-0.575,0.6624064910955832,1
0.0,-0.55,0.688347527348428,1
0.0,-0.5249999999999999,0.7136533552389638,1
0.0,-0.5,0.7382411530116699,0
0.0,-0.475,0.7620360152618572,0
0.0,-0.44999999999999996,0.7849698603088562,0
0.0,-0.42499999999999993,0.8069805701220054,0
0.0,-0.3999999999999999,0.828011311782998,0
0.0,-0.375,0.8480100009587833,0
0.0,-0.35,0.8669288767721915,0
0.0,-0.32499999999999996,0.8847241643279314,0
0.0,-0.29999999999999993,0.9013558064344375,0
0.0,-0.2749999999999999,0.9167872501241677,0
0.0,-0.25,0.9309852767041372,0
0.0,-0.22499999999999998,0.9439198664865646,0
0.0,-0.19999999999999996,0.9555640912260155,0
0.0,-0.17499999999999993,0.9658940287532125,0
0.0,-0.1499999999999999,0.974888695444617,0
0.0,-0.125,0.9825299930753438,0
0.0,-0.09999999999999998,0.9888026673276599,0
0.0,-0.07499999999999996,0.9936942758117018,0
0.0,-0.04999999999999993,0.9971951639327116,0
0.0,-0.02499999999999991,0.9992984473362164,0
0.0,0.0,0.9999999999999999,0
0.0,0.025000000000000133,0.9992984473362164,0
0.0,0.050000000000000044,0.9971951639327116,0
0.0,0.07499999999999996,0.9936942758117018,0
0.0,0.10000000000000009,0.9888026673276598,0
0.0,0.125,0.9825299930753438,0
0.0,0.15000000000000013,0.9748886954446171,0
0.0,0.17500000000000004,0.9658940287532126,0
0.0,0.20000000000000018,0.9555640912260154,0
0.0,0.2250000000000001,0.9439198664865645,0
0.0,0.25,0.9309852767041372,0
0.0,0.27500000000000013,0.9167872501241676,0
0.0,0.30000000000000004,0.9013558064344375,0
0.0,0.3250000000000002,0.8847241643279312,0
0.0,0.3500000000000001,0.8669288767721914,0
0.0,0.375,0.8480100009587833,0
0.0,0.40000000000000013,0.8280113117829978,0
0.0,0.42500000000000004,0.8069805701220053,0
0.0,0.4500000000000002,0.7849698603088558,0
0.0,0.4750000000000001,0.7620360152618569,0
0.0,0.5,0.7382411530116699,0
0.0,0.5250000000000001,0.7136533552389636,1
0.0,0.55,0.688347527348428,1
0.0,0.5750000000000002,0.6624064910955829,1
0.0,0.6000000000000001,0.6359223754196724,1
0.0,0.625,0.6089983893852956,1
0.0,0.6500000000000001,0.5817510830402518,1
0.0,0.675,0.5543132264832251,1
0.0,0.7000000000000002,0.5268374608993978,1
0.0,0.7250000000000001,0.499500888897874,1
0.0,0.75,0.4725107560258505,1
0.0,0.7750000000000001,0.4461112928989646,1
0.0,0.8,0.42059156857859015,1
0.0,0.8250000000000002,0.3962937360328673,1
0.0,0.8500000000000001,0.37362017008493065,1
0.0,0.875,0.353036560015198,1
0.0,0.9000000000000001,0.33506609062348436,1
0.0,0.925,0.3202681473688214,1
0.0,0.9500000000000002,0.30919541560186864,1
0.0,0.9750000000000001,0.30232865089406713,1
0.0,1.0,0.29999999999999993,1
0.025000000000000133,-1.0,0.30017976833780874,1
0.025000000000000133,-0.975,0.3,1
0.025000000000000133,-0.95,0.3044558125481621,1
0.025000000000000133,-0.925,0.31332301759467984,1
0.025000000000000133,-0.9,0.326190344989768,1
0.025000000000000133,-0.875,0.34253334401817587,1
0.025000000000000133,-0.85,0.3617883145419906,1
0.025000000000000133,-0.825,0.3834078861257908,1
0.025000000000000133,-0.8,0.4068933902123077,1
0.025000000000000133,-0.775,0.43180808663813636,1
0.025000000000000133,-0.75,0.4577780624525101,1
0.025000000000000133,-0.725,0.4844867269016914,1
0.025000000000000133,-0.7,0.5116668498756222,1
0.025000000000000133,-0.675,0.5390923433716636,1
0.025000000000000133,-0.6499999999999999,0.5665708135645929,1
0.025000000000000133,-0.625,0.5939372415088138,1
0.025000000000000133,-0.6,0.6210488147768828,1
0.025000000000000133,-0.575,0.6477807885792497,1
0.025000000000000133,-0.55,0.6740232104911605,1
0.025000000000000133,-0.5249999999999999,0.6996783447029449,1
0.025000000000000133,-0.5,0.7246586518014083,0
0.025000000000000133,-0.475,0.748885204945861,0
0.025000000000000133,-0.44999999999999996,0.7722864469843604,0
0.025000000000000133,-0.42499999999999993,0.7947972134000933,0
0.025000000000000133,-0.3999999999999999,0.8163579625675202,0
0.025000000000000133,-0.375,0.8369141679422614,0
0.025000000000000133,-0.35,0.8564158370550539,0
0.025000000000000133,-0.32499999999999996,0.8748171300966249,0
0.025000000000000133,-0.29999999999999993,0.8920760569709197,0
0.025000000000000133,-0.2749999999999999,0.9081542363745,0
0.025000000000000133,-0.25,0.9230167040601306,0
0.025000000000000133,-0.22499999999999998,0.9366317602188532,0
0.025000000000000133,-0.19999999999999996,0.9489708480636817,0
0.025000000000000133,-0.17499999999999993,0.9600084573690892,0
0.025000000000000133,-0.1499999999999999,0.9697220480273029,0
0.025000000000000133,-0.125,0.9780919897113344,0
0.025000000000000133,-0.09999999999999998,0.9851015145512692,0
0.025000000000000133,-0.07499999999999996,0.9907366803847435,0
0.025000000000000133,-0.04999999999999993,0.9949863426732884,0
0.025000000000000133,-0.02499999999999991,0.9978421336131895,0
0.025000000000000133,0.0,0.9992984473362165,0
0.025000000000000133,0.025000000000000133,0.9993524304107704,0
0.025000000000000133,0.050000000000000044,0.9980039771331336,0
0.025000000000000133,0.07499999999999996,0.9952557293546607,0
0.025000000000000133,0.10000000000000009,0.9911130808355674,0
0.025000000000000133,0.125,0.9855841863603736,0
0.025000000000000133,0.15000000000000013,0.9786799761049468,0
0.025000000000000133,0.17500000000000004,0.9704141760220047,0
0.025000000000000133,0.20000000000000018,0.9608033353238572,0
0.025000000000000133,0.2250000000000001,0.9498668625032801,0
0.025000000000000133,0.25,0.9376270717642167,0
0.025000000000000133,0.27500000000000013,0.9241092422565632,0
0.025000000000000133,0.30000000000000004,0.9093416931529485,0
0.025000000000000133,0.3250000000000002,0.8933558784079064,0
0.025000000000000133,0.3500000000000001,0.8761865060503209,0
0.025000000000000133,0.375,0.8578716881427051,0
0.025000000000000133,0.40000000000000013,0.838453129180244,0
0.025000000000000133,0.42500000000000004,0.8179763628098058,0
0.025000000000000133,0.4500000000000002,0.7964910494708035,0
0.025000000000000133,0.4750000000000001,0.7740513510883247,0
0.025000000000000133,0.5,0.7507164035355022,0
0.025000000000000133,0.5250000000000001,0.7265509135505298,0
0.025000000000000133,0.55,0.701625914552895,1
0.025000000000000133,0.5750000000000002,0.6760197258507772,1
0.025000000000000133,0.6000000000000001,0.6498191726322955,1
0.025000000000000133,0.625,0.6231211404417492,1
0.025000000000000133,0.6500000000000001,0.5960345578984536,1
0.025000000000000133,0.675,0.5686829248864598,1
0.025000000000000133,0.7000000000000002,0.5412075283540778,1
0.025000000000000133,0.7250000000000001,0.5137715086718632,1
0.025000000000000133,0.75,0.48656494344936835,1
0.025000000000000133,0.7750000000000001,0.45981107633162366,1
0.025000000000000133,0.8,0.4337736848786593,1
0.025000000000000133,0.8250000000000002,0.40876526509444927,1
0.025000000000000133,0.8500000000000001,0.3851550723249624,1
0.025000000000000133,0.875,0.3633749301072332,1
0.025000000000000133,0.9000000000000001,0.3439190111010285,1
0.025000000000000133,0.925,0.327331804608309,1
0.025000000000000133,0.9500000000000002,0.3141774308596134,1
0.025000000000000133,0.9750000000000001,0.3049858300875489,1
0.025000000000000133,1.0,0.30017976833780874,1
0.050000000000000044,-1.0,0.3007173225458922,1
0.050000000000000044,-0.975,0.2980220875646731,1
0.050000000000000044,-0.95,0.3,1
0.050000000000000044,-0.925,0.3065487261054113,1
0.050000000000000044,-0.9,0.31734687592158195,1
0.050000000000000044,-0.875,0.33191748854222475,1
0.050000000000000044,-0.85,0.34970606936841836,1
0.050000000000000044,-0.825,0.37014812108851,1
0.050000000000000044,-0.8,0.3927141253890542,1
0.050000000000000044,-0.775,0.41693219890315475,1
0.050000000000000044,-0.75,0.44239457936771986,1
0.050000000000000044,-0.725,0.4687547330999792,1
0.050000000000000044,-0.7,0.4957201702098225,1
0.050000000000000044,-0.675,0.5230440527276212,1
0.050000000000000044,-0.6499999999999999,0.5505171748165704,1
0.050000000000000044,-0.625,0.5779609695930189,1
0.050000000000000044,-0.6,0.6052217034030182,1
0.050000000000000044,-0.575,0.6321657885284458,1
0.050000000000000044,-0.55,0.6586760586545317,1
0.050000000000000044,-0.5249999999999999,0.6846488350077247,1
0.050000000000000044,-0.5,0.7099916250140718,1
0.050000000000000044,-0.475,0.7346213195752654,0
0.050000000000000044,-0.44999999999999996,0.7584627803547299,0
0.050000000000000044,-0.42499999999999993,0.7814477310658987,0
0.050000000000000044,-0.3999999999999999,0.8035138855543035,0
0.050000000000000044,-0.375,0.8246042605191563,0
0.050000000000000044,-0.35,0.8446666325196858,0
0.050000000000000044,-0.32499999999999996,0.8636531080502028,0
0.050000000000000044,-0.29999999999999993,0.8815197825021213,0
0.050000000000000044,-0.2749999999999999,0.8982264692324118,0
0.050000000000000044,-0.25,0.9137364841056801,0
0.050000000000000044,-0.22499999999999998,0.9280164740681495,0
0.050000000000000044,-0.19999999999999996,0.9410362807747753,0
0.050000000000000044,-0.17499999999999993,0.9527688321997869,0
0.050000000000000044,-0.1499999999999999,0.9631900566484262,0
0.050000000000000044,-0.125,0.9722788147538244,0
0.050000000000000044,-0.09999999999999998,0.9800168459639412,0
0.050000000000000044,-0.07499999999999996,0.9863887267572334,0
0.050000000000000044,-0.04999999999999993,0.9913818384165963,0
0.050000000000000044,-0.02499999999999991,0.9949863426732884,0
0.050000000000000044,0.0,0.9971951639327116,0
0.050000000000000044,0.025000000000000133,0.9980039771331336,0
0.050000000000000044,0.050000000000000044,0.99741120058377,0
0.050000000000000044,0.07499999999999996,0.9954179933942863,0
0.050000000000000044,0.10000000000000009,0.9920282573559939,0
0.050000000000000044,0.125,0.9872486433770267,0
0.050000000000000044,0.15000000000000013,0.9810885628203239,0
0.050000000000000044,0.17500000000000004,0.9735602043554386,0
0.050000000000000044,0.20000000000000018,0.964678557225083,0
0.050000000000000044,0.2250000000000001,0.9544614421587378,0
0.050000000000000044,0.25,0.9429295515551605,0
0.050000000000000044,0.27500000000000013,0.930106501023579,0
0.050000000000000044,0.30000000000000004,0.9160188949454603,0
0.050000000000000044,0.3250000000000002,0.9006964094278509,0
0.050000000000000044,0.3500000000000001,0.8841718969080274,0
0.050000000000000044,0.375,0.866481517793112,0
0.050000000000000044,0.40000000000000013,0.8476649059504036,0
0.050000000000000044,0.42500000000000004,0.8277653767005273,0
0.050000000000000044,0.4500000000000002,0.8068301883328916,0
0.050000000000000044,0.4750000000000001,0.7849108712283981,0
0.050000000000000044,0.5,0.7620636426571178,0
0.050000000000000044,0.5250000000000001,0.7383499305041298,0
0.050000000000000044,0.55,0.713837035930842,1
0.050000000000000044,0.5750000000000002,0.688598973758977,1
0.050000000000000044,0.6000000000000001,0.6627175407150344,1
0.050000000000000044,0.625,0.6362836761882339,1
0.050000000000000044,0.6500000000000001,0.609399198356719,1
0.050000000000000044,0.675,0.5821790205814554,1
0.050000000000000044,0.7000000000000002,0.5547539780004921,1
0.050000000000000044,0.7250000000000001,0.5272744190838702,1
0.050000000000000044,0.75,0.49991473339375386,1
0.050000000000000044,0.7750000000000001,0.4728789770206298,1
0.050000000000000044,0.8,0.44640768509909845,1
0.050000000000000044,0.8250000000000002,0.4207857595482669,1
0.050000000000000044,0.8500000000000001,0.3963508771575502,1
0.050000000000000044,0.875,0.37350101663965535,1
0.050000000000000044,0.9000000000000001,0.3526982912871091,1
0.050000000000000044,0.925,0.3344643221274903,1
0.050000000000000044,0.9500000000000002,0.31936053843217277,1
0.050000000000000044,0.9750000000000001,0.3079468800679611,1
0.050000000000000044,1.0,0.3007173225458922,1
0.07499999999999996,-1.0,0.3016074481608193,1
0.07499999999999996,-0.975,0.2964142367595498,1
0.07499999999999996,-0.95,0.2958688645226409,1
0.07499999999999996,-0.925,0.3,1
0.07499999999999996,-0.9,0.30859531444419813,1
0.07499999999999996,-0.875,0.32124653774061623,1
0.07499999999999996,-0.85,0.3374250771749547,1
0.07499999999999996,-0.825,0.356559114701672,1
0.07499999999999996,-0.8,0.37809209063336396,1
0.07499999999999996,-0.775,0.40151691381728305,1
0.07499999999999996,-0.75,0.42638998460046473,1
0.07499999999999996,-0.725,0.4523322114467545,1
0.07499999999999996,-0.7,0.47902329664650467,1
0.07499999999999996,-0.675,0.5061934643023938,1
0.07499999999999996,-0.6499999999999999,0.533614942160836,1
0.07499999999999996,-0.625,0.5610942663004028,1
0.07499999999999996,-0.6,0.5884657730993076,1
0.07499999999999996,-0.575,0.6155862932502502,1
0.07499999999999996,-0.55,0.6423309152575614,1
0.07499999999999996,-0.5249999999999999,0.668589642126471,1
0.07499999999999996,-0.5,0.6942647687581556,1
0.07499999999999996,-0.475,0.7192688297510903,1
0.07499999999999996,-0.44999999999999996,0.7435229939205907,0
0.07499999999999996,-0.42499999999999993,0.7669558068710689,0
0.07499999999999996,-0.3999999999999999,0.7895022042753099,0
0.07499999999999996,-0.375,0.8111027357955571,0
0.07499999999999996,-0.35,0.8317029532071615,0
0.07499999999999996,-0.32499999999999996,0.8512529268647031,0
0.07499999999999996,-0.29999999999999993,0.869706862795953,0
0.07499999999999996,-0.2749999999999999,0.8870227989567345,0
0.07499999999999996,-0.25,0.903162363967905,0
0.07499999999999996,-0.22499999999999998,0.918090585329778,0
0.07499999999999996,-0.19999999999999996,0.931775736936279,0
0.07499999999999996,-0.17499999999999993,0.9441892178946842,0
0.07499999999999996,-0.1499999999999999,0.9553054563515676,0
0.07499999999999996,-0.125,0.9651018333485561,0
0.07499999999999996,-0.09999999999999998,0.9735586227712468,0
0.07499999999999996,-0.07499999999999996,0.9806589442783735,0
0.07499999999999996,-0.04999999999999993,0.9863887267572334,0
0.07499999999999996,-0.02499999999999991,0.9907366803847435,0
0.07499999999999996,0.0,0.9936942758117019,0
0.07499999999999996,0.025000000000000133,0.9952557293546607,0
0.07499999999999996,0.050000000000000044,0.9954179933942863,0
0.07499999999999996,0.07499999999999996,0.9941807514567077,0
0.07499999999999996,0.10000000000000009,0.9915464177082737,0
0.07499999999999996,0.125,0.9875201408359684,0
0.07499999999999996,0.15000000000000013,0.9821098125263286,0
0.07499999999999996,0.17500000000000004,0.9753260810058265,0
0.07499999999999996,0.20000000000000018,0.9671823703767124,0
0.07499999999999996,0.2250000000000001,0.9576949067869519,0
0.07499999999999996,0.25,0.9468827528260505,0
0.07499999999999996,0.27500000000000013,0.9347678519582884,0
0.07499999999999996,0.30000000000000004,0.9213750853137601,0
0.07499999999999996,0.3250000000000002,0.9067323437842975,0
0.07499999999999996,0.3500000000000001,0.8908706191528104,0
0.07499999999999996,0.375,0.8738241189689357,0
0.07499999999999996,0.40000000000000013,0.8556304111341873,0
0.07499999999999996,0.42500000000000004,0.8363306057591345,0
0.07499999999999996,0.4500000000000002,0.815969583913155,0
0.07499999999999996,0.4750000000000001,0.7945962855489707,0
0.07499999999999996,0.5,0.7722640723406785,0
0.07499999999999996,0.5250000000000001,0.7490311856762181,0
0.07499999999999996,0.55,0.724961325919104,0
0.07499999999999996,0.5750000000000002,0.7001243867155118,1
0.07499999999999996,0.6000000000000001,0.6745973880852572,1
0.07499999999999996,0.625,0.648465664898294,1
0.07499999999999996,0.6500000000000001,0.6218243837238213,1
0.07499999999999996,0.675,0.5947804814141943,1
0.07499999999999996,0.7000000000000002,0.5674551430488982,1
0.07499999999999996,0.7250000000000001,0.5399869634518822,1
0.07499999999999996,0.75,0.5125359605714799,1
0.07499999999999996,0.7750000000000001,0.485288618963859,1
0.07499999999999996,0.8,0.4584641126891811,1
0.07499999999999996,0.8250000000000002,0.4323217405803789,1
0.07499999999999996,0.8500000000000001,0.4071693156807707,1
0.07499999999999996,0.875,0.38337164453605554,1
0.07499999999999996,0.9000000000000001,0.36135712888329347,1
0.07499999999999996,0.925,0.341618795697558,1
0.07499999999999996,0.9500000000000002,0.32470393636860617,1
0.07499999999999996,0.9750000000000001,0.31118514859684826,1
0.07499999999999996,1.0,0.3016074481608193,1
0.10000000000000009,-1.0,0.3028415789314103,1
0.10000000000000009,-0.975,0.2951924759213801,1
0.10000000000000009,-0.95,0.2921021626951683,1
0.10000000000000009,-0.925,0.2937336180518903,1
0.10000000000000009,-0.9,0.3,1
0.10000000000000009,-0.875,0.31058399802629183,1
0.10000000000000009,-0.85,0.32500285367457354,1
0.10000000000000009,-0.825,0.3426905359215397,1
0.10000000000000009,-0.8,0.36306948799221705,1
0.10000000000000009,-0.775,0.3855984053140138,1
0.10000000000000009,-0.75,0.40979610289344764,1
0.10000000000000009,-0.725,0.4352481338338983,1
0.10000000000000009,-0.7,0.46160351148870254,1
0.10000000000000009,-0.675,0.48856699464825226,1
0.10000000000000009,-0.6499999999999999,0.515890203518126,1
0.10000000000000009,-0.625,0.5433632079782531,1
0.10000000000000009,-0.6,0.5708072466179693,1
0.10000000000000009,-0.575,0.5980687198448307,1
0.10000000000000009,-0.55,0.6250143664967587,1
0.10000000000000009,-0.5249999999999999,0.6515274494521991,1
0.10000000000000009,-0.5,0.6775047636733781,1
0.10000000000000009,-0.475,0.7028542981159984,1
0.10000000000000009,-0.44999999999999996,0.7274934103794853,0
0.10000000000000009,-0.42499999999999993,0.7513474005933609,0
0.10000000000000009,-0.3999999999999999,0.774348395259344,0
0.10000000000000009,-0.375,0.7964344716748346,0
0.10000000000000009,-0.35,0.8175489693603335,0
0.10000000000000009,-0.32499999999999996,0.8376399472070493,0
0.10000000000000009,-0.29999999999999993,0.8566597545264185,0
0.10000000000000009,-0.2749999999999999,0.8745646914326966,0
0.10000000000000009,-0.25,0.8913147395321958,0
0.10000000000000009,-0.22499999999999998,0.9068733481326905,0
0.10000000000000009,-0.19999999999999996,0.9212072644374755,0
0.10000000000000009,-0.17499999999999993,0.9342863986900571,0
0.10000000000000009,-0.1499999999999999,0.9460837171689636,0
0.10000000000000009,-0.125,0.9565751574347725,0
0.10000000000000009,-0.09999999999999998,0.9657395614066074,0
0.10000000000000009,-0.07499999999999996,0.9735586227712467,0
0.10000000000000009,-0.04999999999999993,0.9800168459639412,0
0.10000000000000009,-0.02499999999999991,0.985101514551269,0
0.10000000000000009,0.0,0.9888026673276599,0
0.10000000000000009,0.025000000000000133,0.9911130808355674,0
0.10000000000000009,0.050000000000000044,0.9920282573559939,0
0.10000000000000009,0.07499999999999996,0.9915464177082737,0
0.10000000000000009,0.10000000000000009,0.9896684984599461,0
0.10000000000000009,0.125,0.9863981533914024,0
0.10000000000000009,0.15000000000000013,0.9817417592968878,0
0.10000000000000009,0.17500000000000004,0.9757084264439722,0
0.10000000000000009,0.20000000000000018,0.9683100142686915,0
0.10000000000000009,0.2250000000000001,0.9595611531649527,0
0.10000000000000009,0.25,0.9494792735480365,0
0.10000000000000009,0.27500000000000013,0.9380846437492051,0
0.10000000000000009,0.30000000000000004,0.9254004187513984,0
0.10000000000000009,0.3250000000000002,0.9114527023298241,0
0.10000000000000009,0.3500000000000001,0.8962706258480142,0
0.10000000000000009,0.375,0.8798864478212777,0
0.10000000000000009,0.40000000000000013,0.8623356794499326,0
0.10000000000000009,0.42500000000000004,0.8436572427159799,0
0.10000000000000009,0.4500000000000002,0.8238936694238034,0
0.10000000000000009,0.4750000000000001,0.8030913518736685,0
0.10000000000000009,0.5,0.7813008588526217,0
0.10000000000000009,0.5250000000000001,0.7585773345307857,0
0.10000000000000009,0.55,0.7349810029506818,0
0.10000000000000009,0.5750000000000002,0.710577807467672,1
0.10000000000000009,0.6000000000000001,0.6854402232166151,1
0.10000000000000009,0.625,0.6596482920253728,1
0.10000000000000009,0.6500000000000001,0.6332909438337332,1
0.10000000000000009,0.675,0.6064676872570675,1
0.10000000000000009,0.7000000000000002,0.5792907748434293,1
0.10000000000000009,0.7250000000000001,0.5518879753565904,1
0.10000000000000009,0.75,0.5244061135576304,1
0.10000000000000009,0.7750000000000001,0.4970155604109072,1
0.10000000000000009,0.8,0.46991585713996437,1
0.10000000000000009,0.8250000000000002,0.4433426012315169,1
0.10000000000000009,0.8500000000000001,0.41757554640055344,1
0.10000000000000009,0.875,0.39294745834857425,1
0.10000000000000009,0.9000000000000001,0.36985245217267093,1
0.10000000000000009,0.925,0.348751121678078,1
0.10000000000000009,0.9500000000000002,0.3301677126413986,1
0.10000000000000009,0.9750000000000001,0.3146724374214559,1
0.10000000000000009,1.0,0.30284157893141034,1
0.125,-1.0,0.30440797683717963,1
0.125,-0.975,0.2943691818976651,1
0.125,-0.95,0.2887378045995372,1
0.125,-0.925,0.28780787879773084,1
0.125,-0.9,0.29163005099058564,1
0.125,-0.875,0.29999999999999993,1
0.125,-0.85,0.3125037359507828,1
0.125,-0.825,0.3285979669249371,1
0.125,-0.8,0.34769311542105696,1
0.125,-0.775,0.36921620029333907,1
0.125,-0.75,0.3926471600724115,1
0.125,-0.725,0.41753324807957687,1
0.125,-0.7,0.4434895247682838,1
0.125,-0.675,0.4701923432119655,1
0.125,-0.6499999999999999,0.497370320093648,1
0.125,-0.625,0.524795216860822,1
0.125,-0.6,0.5522738099600019,1
0.125,-0.575,0.5796410860230442,1
0.125,-0.55,0.6067547410721355,1
0.125,-0.5249999999999999,0.6334908202084177,1
0.125,-0.5,0.6597402980703263,1
0.125,-0.475,0.6854064110499372,1
0.125,-0.44999999999999996,0.710402579768065,1
0.125,-0.42499999999999993,0.7346507907177762,0
0.125,-0.3999999999999999,0.7580803336011211,0
0.125,-0.375,0.7806268139284217,0
0.125,-0.35,0.8022313788589903,0
0.125,-0.32499999999999996,0.8228401086192724,0
0.125,-0.29999999999999993,0.8424035368832958,0
0.125,-0.2749999999999999,0.860876271945377,0
0.125,-0.25,0.8782166969524047,0
0.125,-0.22499999999999998,0.8943867323700445,0
0.125,-0.19999999999999996,0.9093516476047736,0
0.125,-0.17499999999999993,0.9230799115750409,0
0.125,-0.1499999999999999,0.9355430742343306,0
0.125,-0.125,0.9467156727579006,0
0.125,-0.09999999999999998,0.9565751574347725,0
0.125,-0.07499999999999996,0.965101833348556,0
0.125,-0.04999999999999993,0.9722788147538244,0
0.125,-0.02499999999999991,0.9780919897113344,0
0.125,0.0,0.9825299930753438,0
0.125,0.025000000000000133,0.9855841863603735,0
0.125,0.050000000000000044,0.9872486433770267,0
0.125,0.07499999999999996,0.9875201408359683,0
0.125,0.10000000000000009,0.9863981533914022,0
0.125,0.125,0.9838848528434312,0
0.125,0.15000000000000013,0.9799851114540178,0
0.125,0.17500000000000004,0.9747065095645654,0
0.125,0.20000000000000018,0.9680593479449179,0
0.125,0.2250000000000001,0.9600566655649493,0
0.125,0.25,0.950714263773196,0
0.125,0.27500000000000013,0.9400507382066452,0
0.125,0.30000000000000004,0.9280875201593554,0
0.125,0.3250000000000002,0.9148489296269527,0
0.125,0.3500000000000001,0.9003622428471123,0
0.125,0.375,0.8846577779089171,0
0.125,0.40000000000000013,0.8677690029535533,0
0.125,0.42500000000000004,0.8497326726969877,0
0.125,0.4500000000000002,0.8305890005539598,0
0.125,0.4750000000000001,0.8103818756403713,0
0.125,0.5,0.7891591365224235,0
0.125,0.5250000000000001,0.7669729169575576,0
0.125,0.55,0.7438800832887101,0
0.125,0.5750000000000002,0.7199427889440148,1
0.125,0.6000000000000001,0.6952291790927313,1
0.125,0.625,0.6698142884641244,1
0.125,0.6500000000000001,0.6437811883153647,1
0.125,0.675,0.6172224552802371,1
0.125,0.7000000000000002,0.5902420560255375,1
0.125,0.7250000000000001,0.5629577675600269,1
0.125,0.75,0.5355042827548144,1
0.125,0.7750000000000001,0.5080371803472404,1
0.125,0.8,0.480737958406889,1
0.125,0.8250000000000002,0.4538203174179785,1
0.125,0.8500000000000001,0.4275377876947461,1
0.125,0.875,0.4021925392262962,1
0.125,0.9000000000000001,0.37814464406279813,1
0.125,0.925,0.35581997543982263,1
0.125,0.9500000000000002,0.33571313652527596,1
0.125,0.9750000000000001,0.3183794329369646,1
0.125,1.0,0.3044079768371797,1
0.15000000000000013,-1.0,0.3062919712519529,1
0.15000000000000013,-0.975,0.2939527930303352,1
0.15000000000000013,-0.95,0.2858110775709467,1
0.15000000000000013,-0.925,0.2822818738399871,1
0.15000000000000013,-0.9,0.28355926754695615,1
0.15000000000000013,-0.875,0.2895719625370707,1
0.15000000000000013,-0.85,0.3,1
0.15000000000000013,-0.825,0.3143440611822999,1
0.15000000000000013,-0.8,0.33201529756173814,1
0.15000000000000013,-0.775,0.3524138005330097,1
0.15000000000000013,-0.75,0.3749801321911197,1
0.15000000000000013,-0.725,0.3992202330355432,1
0.15000000000000013,-0.7,0.42471151229038717,1
0.15000000000000013,-0.675,0.4510984717580579,1
0.15000000000000013,-0.6499999999999999,0.4780838854347534,1
0.15000000000000013,-0.625,0.5054190219123937,1
0.15000000000000013,-0.6,0.5328945860769408,1
0.15000000000000013,-0.575,0.5603330008387174,1
0.15000000000000013,-0.55,0.5875821181838778,1
0.15000000000000013,-0.5249999999999999,0.6145102209250082,1
0.15000000000000013,-0.5,0.6410021042425431,1
0.15000000000000013,-0.475,0.6669560249768778,1
0.15000000000000013,-0.44999999999999996,0.6922813330692541,1
0.15000000000000013,-0.42499999999999993,0.7168966329566632,1
0.15000000000000013,-0.3999999999999999,0.740728354367132,0
0.15000000000000013,-0.375,0.7637096388175967,0
0.15000000000000013,-0.35,0.7857794697145389,0
0.15000000000000013,-0.32499999999999996,0.8068819908284163,0
0.15000000000000013,-0.29999999999999993,0.8269659708814101,0
0.15000000000000013,-0.2749999999999999,0.8459843818733255,0
0.15000000000000013,-0.25,0.8638940662781487,0
0.15000000000000013,-0.22499999999999998,0.8806554739425688,0
0.15000000000000013,-0.19999999999999996,0.8962324538502748,0
0.15000000000000013,-0.17499999999999993,0.9105920892196043,0
0.15000000000000013,-0.1499999999999999,0.9237045669318575,0
0.15000000000000013,-0.125,0.9355430742343307,0
0.15000000000000013,-0.09999999999999998,0.9460837171689636,0
0.15000000000000013,-0.07499999999999996,0.9553054563515676,0
0.15000000000000013,-0.04999999999999993,0.963190056648426,0
0.15000000000000013,-0.02499999999999991,0.9697220480273029,0
0.15000000000000013,0.0,0.9748886954446171,0
0.15000000000000013,0.025000000000000133,0.9786799761049468,0
0.15000000000000013,0.050000000000000044,0.9810885628203239,0
0.15000000000000013,0.07499999999999996,0.9821098125263286,0
0.15000000000000013,0.10000000000000009,0.9817417592968878,0
0.15000000000000013,0.125,0.9799851114540178,0
0.15000000000000013,0.15000000000000013,0.9768432526045897,0
0.15000000000000013,0.17500000000000004,0.9723222466644136,0
0.15000000000000013,0.20000000000000018,0.9664308471608845,0
0.15000000000000013,0.2250000000000001,0.9591805113496595,0
0.15000000000000013,0.25,0.9505854199497512,0
0.15000000000000013,0.27500000000000013,0.940662503608048,0
0.15000000000000013,0.30000000000000004,0.9294314775641755,0
0.15000000000000013,0.3250000000000002,0.9169148864189407,0
0.15000000000000013,0.3500000000000001,0.9031381614386162,0
0.15000000000000013,0.375,0.8881296934841407,0
0.15000000000000013,0.40000000000000013,0.8719209254794841,0
0.15000000000000013,0.42500000000000004,0.854546469380216,0
0.15000000000000013,0.4500000000000002,0.8360442539421352,0
0.15000000000000013,0.4750000000000001,0.8164557113143445,0
0.15000000000000013,0.5,0.795826012716188,0
0.15000000000000013,0.5250000000000001,0.7742043663698602,0
0.15000000000000013,0.55,0.751644394672754,0
0.15000000000000013,0.5750000000000002,0.7282046126017836,0
0.15000000000000013,0.6000000000000001,0.7039490359363204,1
0.15000000000000013,0.625,0.6789479565741475,1
0.15000000000000013,0.6500000000000001,0.6532789336372729,1
0.15000000000000013,0.675,0.6270280639938584,1
0.15000000000000013,0.7000000000000002,0.6002916151032607,1
0.15000000000000013,0.7250000000000001,0.5731781274486334,1
0.15000000000000013,0.75,0.5458111233829155,1
0.15000000000000013,0.7750000000000001,0.5183325924289381,1
0.15000000000000013,0.8,0.49090745443986633,1
0.15000000000000013,0.8250000000000002,0.4637292175502751,1
0.15000000000000013,0.8500000000000001,0.4370270165428495,1
0.15000000000000013,0.875,0.4110740765498259,1
0.15000000000000013,0.9000000000000001,0.386197281537391,1
0.15000000000000013,0.925,0.3627867489642333,1
0.15000000000000013,0.9500000000000002,0.34130287858838254,1
0.15000000000000013,0.9750000000000001,0.32227610790880507,1
0.15000000000000013,1.0,0.30629197125195295,1
0.17500000000000004,-1.0,0.308476245840108,1
0.17500000000000004,-0.975,0.29394760758382155,1
0.17500000000000004,-0.95,0.2833538380260892,1
0.17500000000000004,-0.925,0.27721454640500853,1
0.17500000000000004,-0.9,0.27586579272346606,1
0.17500000000000004,-0.875,0.27938519867949413,1
0.17500000000000004,-0.85,0.28757315185911525,1
0.17500000000000004,-0.825,0.3,1
0.17500000000000004,-0.8,0.31609511057750334,1
0.17500000000000004,-0.775,0.3352395237625542,1
0.17500000000000004,-0.75,0.3568352280363496,1
0.17500000000000004,-0.725,0.38034392051498367,1
0.17500000000000004,-0.7,0.4053011794550748,1
0.17500000000000004,-0.675,0.4313155892126553,1
0.17500000000000004,-0.6499999999999999,0.45806068299113173,1
0.17500000000000004,-0.625,0.48526461863176096,1
0.17500000000000004,-0.6,0.5127001112966652,1
0.17500000000000004,-0.575,0.540175662830079,1
0.17500000000000004,-0.55,0.5675283473228591,1
0.17500000000000004,-0.5249999999999999,0.5946180602705035,1
0.17500000000000004,-0.5,0.6213230127389069,1
0.17500000000000004,-0.475,0.6475362323306841,1
0.17500000000000004,-0.44999999999999996,0.6731628564050165,1
0.17500000000000004,-0.42499999999999993,0.6981180396625184,1
0.17500000000000004,-0.3999999999999999,0.7223253347269508,1
0.17500000000000004,-0.375,0.7457154359245702,0
0.17500000000000004,-0.35,0.7682252020119765,0
0.17500000000000004,-0.32499999999999996,0.7897968935775252,0
0.17500000000000004,-0.29999999999999993,0.8103775761637909,0
0.17500000000000004,-0.2749999999999999,0.8299186517957976,0
0.17500000000000004,-0.25,0.8483754903981086,0
0.17500000000000004,-0.22499999999999998,0.8657071392290975,0
0.17500000000000004,-0.19999999999999996,0.8818760934862364,0
0.17500000000000004,-0.17499999999999993,0.8968481150478645,0
0.17500000000000004,-0.1499999999999999,0.9105920892196046,0
0.17500000000000004,-0.125,0.9230799115750409,0
0.17500000000000004,-0.09999999999999998,0.9342863986900571,0
0.17500000000000004,-0.07499999999999996,0.9441892178946842,0
0.17500000000000004,-0.04999999999999993,0.9527688321997869,0
0.17500000000000004,-0.02499999999999991,0.9600084573690892,0
0.17500000000000004,0.0,0.9658940287532126,0
0.17500000000000004,0.025000000000000133,0.9704141760220047,0
0.17500000000000004,0.050000000000000044,0.9735602043554386,0
0.17500000000000004,0.07499999999999996,0.9753260810058265,0
0.17500000000000004,0.10000000000000009,0.9757084264439722,0
0.17500000000000004,0.125,0.9747065095645654,0
0.17500000000000004,0.15000000000000013,0.9723222466644136,0
0.17500000000000004,0.17500000000000004,0.9685602041322566,0
0.17500000000000004,0.20000000000000018,0.9634276050112507,0
0.17500000000000004,0.2250000000000001,0.9569343398249299,0
0.17500000000000004,0.25,0.9490929823051929,0
0.17500000000000004,0.27500000000000013,0.9399188109384823,0
0.17500000000000004,0.30000000000000004,0.9294298375676584,0
0.17500000000000004,0.3250000000000002,0.9176468446689383,0
0.17500000000000004,0.3500000000000001,0.9045934333867435,0
0.17500000000000004,0.375,0.8902960849812215,0
0.17500000000000004,0.40000000000000013,0.8747842390584696,0
0.17500000000000004,0.42500000000000004,0.8580903928577708,0
0.17500000000000004,0.4500000000000002,0.8402502270238923,0
0.17500000000000004,0.4750000000000001,0.821302764776098,0
0.17500000000000004,0.5,0.8012905733064422,0
0.17500000000000004,0.5250000000000001,0.7802600187422785,0
0.17500000000000004,0.55,0.7582615892852267,0
0.17500000000000004,0.5750000000000002,0.7353503054507293,0
0.17500000000000004,0.6000000000000001,0.7115862420257414,1
0.17500000000000004,0.625,0.6870351938966061,1
0.17500000000000004,0.6500000000000001,0.6617695278738485,1
0.17500000000000004,0.675,0.6358692758138343,1
0.17500000000000004,0.7000000000000002,0.6094235416191417,1
0.17500000000000004,0.7250000000000001,0.5825323170693314,1
0.17500000000000004,0.75,0.5553088296799247,1
0.17500000000000004,0.7750000000000001,0.5278825798570081,1
0.17500000000000004,0.8,0.5004032621458152,1
0.17500000000000004,0.8250000000000002,0.4730457985901692,1
0.17500000000000004,0.8500000000000001,0.4460167217486296,1
0.17500000000000004,0.875,0.4195620882245359,1
0.17500000000000004,0.9000000000000001,0.39397689558079674,1
0.17500000000000004,0.925,0.36961546212265406,1
0.17500000000000004,0.9500000000000002,0.34690116952436584,1
0.17500000000000004,0.9750000000000001,0.3263320866977998,1
0.17500000000000004,1.0,0.3084762458401081,1
0.20000000000000018,-1.0,0.31094116034529234,1
0.20000000000000018,-0.975,0.2943536792160571,1
0.20000000000000018,-0.95,0.2813937079389123,1
0.20000000000000018,-0.925,0.2726635290425941,1
0.20000000000000018,-0.9,0.2686314462315312,1
0.20000000000000018,-0.875,0.269533368052896,1
0.20000000000000018,-0.85,0.2753153742408384,1
0.20000000000000018,-0.825,0.285647313202423,1
0.20000000000000018,-0.8,0.2999999999999998,1
0.20000000000000018,-0.775,0.31774765031092833,1
0.20000000000000018,-0.75,0.3382565613905444,1
0.20000000000000018,-0.725,0.3609416132450919,1
0.20000000000000018,-0.7,0.38529186254709147,1
0.20000000000000018,-0.675,0.4108751449809593,1
0.20000000000000018,-0.6499999999999999,0.43733164240343275,1
0.20000000000000018,-0.625,0.46436322825490534,1
0.20000000000000018,-0.6,0.4917223163312172,1
0.20000000000000018,-0.575,0.5192018690615348,1
0.20000000000000018,-0.55,0.5466270847383854,1
0.20000000000000018,-0.5249999999999999,0.5738487491273258,1
0.20000000000000018,-0.5,0.6007380310976514,1
0.20000000000000018,-0.475,0.6271824539686827,1
0.20000000000000018,-0.44999999999999996,0.65308279263888,1
0.20000000000000018,-0.42499999999999993,0.6783506868125305,1
0.20000000000000018,-0.3999999999999999,0.7029068032218891,1
0.20000000000000018,-0.375,0.7266794172609478,0
0.20000000000000018,-0.35,0.7496033149801213,0
0.20000000000000018,-0.32499999999999996,0.7716189402520949,0
0.20000000000000018,-0.29999999999999993,0.7926717301633496,0
0.20000000000000018,-0.2749999999999999,0.8127115954761561,0
0.20000000000000018,-0.25,0.8316925133742458,0
0.20000000000000018,-0.22499999999999998,0.8495722074900061,0
0.20000000000000018,-0.19999999999999996,0.866311896062463,0
0.20000000000000018,-0.17499999999999993,0.8818760934862363,0
0.20000000000000018,-0.1499999999999999,0.8962324538502747,0
0.20000000000000018,-0.125,0.9093516476047735,0
0.20000000000000018,-0.09999999999999998,0.9212072644374755,0
0.20000000000000018,-0.07499999999999996,0.9317757369362788,0
0.20000000000000018,-0.04999999999999993,0.9410362807747753,0
0.20000000000000018,-0.02499999999999991,0.9489708480636816,0
0.20000000000000018,0.0,0.9555640912260154,0
0.20000000000000018,0.025000000000000133,0.9608033353238571,0
0.20000000000000018,0.050000000000000044,0.964678557225083,0
0.20000000000000018,0.07499999999999996,0.9671823703767123,0
0.20000000000000018,0.10000000000000009,0.9683100142686913,0
0.20000000000000018,0.125,0.9680593479449179,0
0.20000000000000018,0.15000000000000013,0.9664308471608845,0
0.20000000000000018,0.17500000000000004,0.9634276050112507,0
0.20000000000000018,0.20000000000000018,0.9590553360664219,0
0.20000000000000018,0.2250000000000001,0.9533223842747853,0
0.20000000000000018,0.25,0.9462397351166999,0
0.20000000000000018,0.27500000000000013,0.9378210327485238,0
0.20000000000000018,0.30000000000000004,0.9280826031622781,0
0.20000000000000018,0.3250000000000002,0.9170434847237906,0
0.20000000000000018,0.3500000000000001,0.9047254678576224,0
0.20000000000000018,0.375,0.8911531461438938,0
0.20000000000000018,0.40000000000000013,0.8763539817102104,0
0.20000000000000018,0.42500000000000004,0.8603583885802976,0
0.20000000000000018,0.4500000000000002,0.8431998386313243,0
0.20000000000000018,0.4750000000000001,0.8249149960829183,0
0.20000000000000018,0.5,0.8055438880845629,0
0.20000000000000018,0.5250000000000001,0.7851301211081503,0
0.20000000000000018,0.55,0.7637211556559628,0
0.20000000000000018,0.5750000000000002,0.7413686554868943,0
0.20000000000000018,0.6000000000000001,0.7181289324500594,1
0.20000000000000018,0.625,0.6940635145048089,1
0.20000000000000018,0.6500000000000001,0.6692398731458628,1
0.20000000000000018,0.675,0.6437323579576467,1
0.20000000000000018,0.7000000000000002,0.6176234013031885,1
0.20000000000000018,0.7250000000000001,0.5910050763031383,1
0.20000000000000018,0.75,0.5639811174451742,1
0.20000000000000018,0.7750000000000001,0.536669546274088,1
0.20000000000000018,0.8,0.5092060843883721,1
0.20000000000000018,0.8250000000000002,0.4817485790066562,1
0.20000000000000018,0.8500000000000001,0.45448270187433165,1
0.20000000000000018,0.875,0.427629183564407,1
0.20000000000000018,0.9000000000000001,0.4014527538641387,1
0.20000000000000018,0.925,0.37627265871217896,1
0.20000000000000018,0.9500000000000002,0.35247390811669427,1
0.20000000000000018,0.9750000000000001,0.33051696955341703,1
0.20000000000000018,1.0,0.3109411603452924,1
0.2250000000000001,-1.0,0.3136650940158929,1
0.2250000000000001,-0.975,0.29516681566562913,1
0.2250000000000001,-0.95,0.27995331929497635,1
0.2250000000000001,-0.925,0.2686837752197633,1
0.2250000000000001,-0.9,0.2619406400098293,1
0.2250000000000001,-0.875,0.2601186353499565,1
0.2250000000000001,-0.85,0.26333106956646507,1
0.2250000000000001,-0.825,0.2713801297365715,1
0.2250000000000001,-0.8,0.28380792306179753,1
0.2250000000000001,-0.775,0.3,1
0.2250000000000001,-0.75,0.3192930972667827,1
0.2250000000000001,-0.725,0.34105354298241675,1
0.2250000000000001,-0.7,0.3647186851494674,1
0.2250000000000001,-0.675,0.38980983529580754,1
0.2250000000000001,-0.6499999999999999,0.4159287948260333,1
0.2250000000000001,-0.625,0.4427472569685638,1
0.2250000000000001,-0.6,0.4699945145323665,1
0.2250000000000001,-0.575,0.49744604003289067,1
0.2250000000000001,-0.55,0.5249138534517357,1
0.2250000000000001,-0.5249999999999999,0.5522387900921619,1
0.2250000000000001,-0.5,0.579284455975742,1
0.2250000000000001,-0.475,0.6059325672607455,1
0.2250000000000001,-0.44999999999999996,0.6320793795711481,1
0.2250000000000001,-0.42499999999999993,0.657632957469102,1
0.2250000000000001,-0.3999999999999999,0.6825110846464683,1
0.2250000000000001,-0.375,0.7066396606126867,1
0.2250000000000001,-0.35,0.72995146658981,0
0.2250000000000001,-0.32499999999999996,0.7523852121297302,0
0.2250000000000001,-0.29999999999999993,0.7738847958863798,0
0.2250000000000001,-0.2749999999999999,0.7943987304404162,0
0.2250000000000001,-0.25,0.8138796933690527,0
0.2250000000000001,-0.22499999999999998,0.8322841759200216,0
0.2250000000000001,-0.19999999999999996,0.8495722074900062,0
0.2250000000000001,-0.17499999999999993,0.8657071392290975,0
0.2250000000000001,-0.1499999999999999,0.8806554739425689,0
0.2250000000000001,-0.125,0.8943867323700445,0
0.2250000000000001,-0.09999999999999998,0.9068733481326906,0
0.2250000000000001,-0.07499999999999996,0.9180905853297779,0
0.2250000000000001,-0.04999999999999993,0.9280164740681495,0
0.2250000000000001,-0.02499999999999991,0.9366317602188533,0
0.2250000000000001,0.0,0.9439198664865646,0
0.2250000000000001,0.025000000000000133,0.9498668625032801,0
0.2250000000000001,0.050000000000000044,0.954461442158738,0
0.2250000000000001,0.07499999999999996,0.9576949067869519,0
0.2250000000000001,0.10000000000000009,0.9595611531649527,0
0.2250000000000001,0.125,0.9600566655649495,0
0.2250000000000001,0.15000000000000013,0.9591805113496596,0
0.2250000000000001,0.17500000000000004,0.95693433982493,0
0.2250000000000001,0.20000000000000018,0.9533223842747854,0
0.2250000000000001,0.2250000000000001,0.9483514673115726,0
0.2250000000000001,0.25,0.9420310098875714,0
0.2250000000000001,0.27500000000000013,0.9343730445443905,0
0.2250000000000001,0.30000000000000004,0.9253922337338132,0
0.2250000000000001,0.3250000000000002,0.915105894341561,0
0.2250000000000001,0.3500000000000001,0.9035340298995808,0
0.2250000000000001,0.375,0.8906993724028468,0
0.2250000000000001,0.40000000000000013,0.8766274361788468,0
0.2250000000000001,0.42500000000000004,0.8613465869251522,0
0.2250000000000001,0.4500000000000002,0.8448881298766495,0
0.2250000000000001,0.4750000000000001,0.8272864221474676,0
0.2250000000000001,0.5,0.8085790156916648,0
0.2250000000000001,0.5250000000000001,0.7888068391468313,0
0.2250000000000001,0.55,0.7680144292088302,0
0.2250000000000001,0.5750000000000002,0.746250225328244,0
0.2250000000000001,0.6000000000000001,0.7235669456841671,0
0.2250000000000001,0.625,0.7000220679387185,1
0.2250000000000001,0.6500000000000001,0.6756784456939546,1
0.2250000000000001,0.675,0.6506051015174364,1
0.2250000000000001,0.7000000000000002,0.6248782507400213,1
0.2250000000000001,0.7250000000000001,0.5985826280695655,1
0.2250000000000001,0.75,0.5718132127482799,1
0.2250000000000001,0.7750000000000001,0.544677478940651,1
0.2250000000000001,0.8,0.5172983373379145,1
0.2250000000000001,0.8250000000000002,0.4898179811315474,1
0.2250000000000001,0.8500000000000001,0.4624028998254684,1
0.2250000000000001,0.875,0.43525036302391223,1
0.2250000000000001,0.9000000000000001,0.4085966666513772,1
0.2250000000000001,0.925,0.38272729544786654,1
0.2250000000000001,0.9500000000000002,0.3579887280489883,1
0.2250000000000001,0.9750000000000001,0.3348006142487576,1
0.2250000000000001,1.0,0.31366509401589293,1
0.25,-1.0,0.3166247979209316,1
0.25,-0.975,0.2963786807332985,1
0.25,-0.95,0.27904965311272817,1
0.25,-0.925,0.26532602680270606,1
0.25,-0.9,0.25587879396511665,1
0.25,-0.875,0.25125134180047576,1
0.25,-0.85,0.2517383710865412,1
0.25,-0.825,0.257307907063473,1
0.25,-0.8,0.26761018624975264,1
0.25,-0.775,0.2820681203336388,1
0.25,-0.75,0.30000000000000004,1
0.25,-0.725,0.32072353692116223,1
0.25,-0.7,0.3436187969566667,1
0.25,-0.675,0.3681536295643369,1
0.25,-0.6499999999999999,0.3938852277143149,1
0.25,-0.625,0.4204502560199493,1
0.25,-0.6,0.44755140129853904,1
0.25,-0.575,0.47494426764903935,1
0.25,-0.55,0.5024261366299173,1
0.25,-0.5249999999999999,0.5298269079372244,1
0.25,-0.5,0.55700203110803,1
0.25,-0.475,0.5838270825433909,1
0.25,-0.44999999999999996,0.6101936372136043,1
0.25,-0.42499999999999993,0.6360061336995956,1
0.25,-0.3999999999999999,0.6611794918414554,1
0.25,-0.375,0.6856372976409588,1
0.25,-0.35,0.7093104153842785,1
0.25,-0.32499999999999996,0.7321359221448074,0
0.25,-0.29999999999999993,0.7540562864241223,0
0.25,-0.2749999999999999,0.7750187325124417,0
0.25,-0.25,0.7949747468305832,0
0.25,-0.22499999999999998,0.8138796933690527,0
0.25,-0.19999999999999996,0.831692513374246,0
0.25,-0.17499999999999993,0.8483754903981086,0
0.25,-0.1499999999999999,0.8638940662781487,0
0.25,-0.125,0.8782166969524049,0
0.25,-0.09999999999999998,0.8913147395321959,0
0.25,-0.07499999999999996,0.903162363967905,0
0.25,-0.04999999999999993,0.9137364841056801,0
0.25,-0.02499999999999991,0.9230167040601307,0
0.25,0.0,0.9309852767041373,0
0.25,0.025000000000000133,0.9376270717642167,0
0.25,0.050000000000000044,0.9429295515551605,0
0.25,0.07499999999999996,0.9468827528260505,0
0.25,0.10000000000000009,0.9494792735480365,0
0.25,0.125,0.9507142637731961,0
0.25,0.15000000000000013,0.9505854199497512,0
0.25,0.17500000000000004,0.9490929823051929,0
0.25,0.20000000000000018,0.9462397351166999,0
0.25,0.2250000000000001,0.9420310098875714,0
0.25,0.25,0.936474691648605,0
0.25,0.27500000000000013,0.9295812288138835,0
0.25,0.30000000000000004,0.9213636472514003,0
0.25,0.3250000000000002,0.9118375694919324,0
0.25,0.3500000000000001,0.9010212403083472,0
0.25,0.375,0.8889355602691957,0
0.25,0.40000000000000013,0.8756041293267546,0
0.25,0.42500000000000004,0.8610533030687865,0
0.25,0.4500000000000002,0.8453122649822876,0
0.25,0.4750000000000001,0.828413118995607,0
0.25,0.5,0.810391007748654,0
0.25,0.5250000000000001,0.79128426357866,0
0.25,0.55,0.7711346012223691,0
0.25,0.5750000000000002,0.7499873638901139,0
0.25,0.6000000000000001,0.7278918378898233,0
0.25,0.625,0.7049016556810979,1
0.25,0.6500000000000001,0.6810753135488997,1
0.25,0.675,0.6564768385887826,1
0.25,0.7000000000000002,0.6311766511861889,1
0.25,0.7250000000000001,0.6052526847137137,1
0.25,0.75,0.5787918451395113,1
0.25,0.7750000000000001,0.5518919213214181,1
0.25,0.8,0.5246640937738921,1
0.25,0.8250000000000002,0.4972362370042218,1
0.25,0.8500000000000001,0.46975726747731694,1
0.25,0.875,0.44240284955271003,1
0.25,0.9000000000000001,0.4153828152331337,1
0.25,0.925,0.3889506297851379,1
0.25,0.9500000000000002,0.3634150323150379,1
0.25,0.9750000000000001,0.3391533755166282,1
0.25,1.0,0.31662479792093173,1
0.27500000000000013,-1.0,0.3197957446690677,1
0.27500000000000013,-0.975,0.29797699353251667,1
0.27500000000000013,-0.95,0.27869351813838805,1
0.27500000000000013,-0.925,0.2626351904143166,1
0.27500000000000013,-0.9,0.250530200695652,1
0.27500000000000013,-0.875,0.24304894547357778,1
0.27500000000000013,-0.85,0.24067038580705363,1
0.27500000000000013,-0.825,0.24355863594351673,1
0.27500000000000013,-0.8,0.25151519006447465,1
0.27500000000000013,-0.775,0.26403634963300654,1
0.27500000000000013,-0.75,0.2804405807573989,1
0.27500000000000013,-0.725,0.29999999999999993,1
0.27500000000000013,-0.7,0.32203173819253095,1
0.27500000000000013,-0.675,0.34594182764329107,1
0.27500000000000013,-0.6499999999999999,0.37123503970746485,1
0.27500000000000013,-0.625,0.39750688404146794,1
0.27500000000000013,-0.6,0.4244290704762508,1
0.27500000000000013,-0.575,0.4517343968677261,1
0.27500000000000013,-0.55,0.47920351858488824,1
0.27500000000000013,-0.5249999999999999,0.5066542375472932,1
0.27500000000000013,-0.5,0.5339331686431653,1
0.27500000000000013,-0.475,0.5609093856065182,1
0.27500000000000013,-0.44999999999999996,0.587469621314066,1
0.27500000000000013,-0.42499999999999993,0.6135146532458885,1
0.27500000000000013,-0.3999999999999999,0.6389565795988567,1
0.27500000000000013,-0.375,0.6637167607570402,1
0.27500000000000013,-0.35,0.6877242573627865,1
0.27500000000000013,-0.32499999999999996,0.7109146398252223,1
0.27500000000000013,-0.29999999999999993,0.7332290767461837,0
0.27500000000000013,-0.2749999999999999,0.7546136338311284,0
0.27500000000000013,-0.25,0.7750187325124415,0
0.27500000000000013,-0.22499999999999998,0.7943987304404161,0
0.27500000000000013,-0.19999999999999996,0.8127115954761562,0
0.27500000000000013,-0.17499999999999993,0.8299186517957976,0
0.27500000000000013,-0.1499999999999999,0.8459843818733254,0
0.27500000000000013,-0.125,0.860876271945377,0
0.27500000000000013,-0.09999999999999998,0.8745646914326966,0
0.27500000000000013,-0.07499999999999996,0.8870227989567344,0
0.27500000000000013,-0.04999999999999993,0.8982264692324117,0
0.27500000000000013,-0.02499999999999991,0.9081542363744999,0
0.27500000000000013,0.0,0.9167872501241677,0
0.27500000000000013,0.025000000000000133,0.9241092422565632,0
0.27500000000000013,0.050000000000000044,0.930106501023579,0
0.27500000000000013,0.07499999999999996,0.9347678519582884,0
0.27500000000000013,0.10000000000000009,0.9380846437492051,0
0.27500000000000013,0.125,0.9400507382066453,0
0.27500000000000013,0.15000000000000013,0.940662503608048,0
0.27500000000000013,0.17500000000000004,0.9399188109384823,0
0.27500000000000013,0.20000000000000018,0.9378210327485239,0
0.27500000000000013,0.2250000000000001,0.9343730445443905,0
0.27500000000000013,0.25,0.9295812288138835,0
0.27500000000000013,0.27500000000000013,0.9234544819852664,0
0.27500000000000013,0.30000000000000004,0.9160042248239765,0
0.27500000000000013,0.3250000000000002,0.9072444170043132,0
0.27500000000000013,0.3500000000000001,0.8971915768619733,0
0.27500000000000013,0.375,0.8858648076531316,0
0.27500000000000013,0.40000000000000013,0.8732858320351604,0
0.27500000000000013,0.42500000000000004,0.859479036966713,0
0.27500000000000013,0.4500000000000002,0.844471531831914,0
0.27500000000000013,0.4750000000000001,0.8282932233660057,0
0.27500000000000013,0.5,0.8109769119533219,0
0.27500000000000013,0.5250000000000001,0.7925584151576431,0
0.27500000000000013,0.55,0.7730767260316306,0
0.27500000000000013,0.5750000000000002,0.7525742159755768,0
0.27500000000000013,0.6000000000000001,0.7310968948682568,0
0.27500000000000013,0.625,0.7086947451398652,1
0.27500000000000013,0.6500000000000001,0.6854221517674203,1
0.27500000000000013,0.675,0.6613384573581454,1
0.27500000000000013,0.7000000000000002,0.6365086812547146,1
0.27500000000000013,0.7250000000000001,0.6110044549222668,1
0.27500000000000013,0.75,0.5849052440810268,1
0.27500000000000013,0.7750000000000001,0.5582999528688247,1
0.27500000000000013,0.8,0.5312890389206967,1
0.27500000000000013,0.8250000000000002,0.5039873130348843,1
0.27500000000000013,0.8500000000000001,0.4765276549425902,1
0.27500000000000013,0.875,0.4490659469388725,1
0.27500000000000013,0.9000000000000001,0.42178760152226996,1
0.27500000000000013,0.925,0.39491611062305054,1
0.27500000000000013,0.9500000000000002,0.3687240028381012,1
0.27500000000000013,0.9750000000000001,0.3435463043808297,1
0.27500000000000013,1.0,0.3197957446690678,1
0.30000000000000004,-1.0,0.32315246582652496,1
0.30000000000000004,-0.975,0.2999458135339906,1
0.30000000000000004,-0.95,0.2788892075103235,1
0.30000000000000004,-0.925,0.26064872554052454,1
0.30000000000000004,-0.9,0.24597534619870948,1
0.30000000000000004,-0.875,0.2356339552935793,1
0.30000000000000004,-0.85,0.2302757791772986,1
0.30000000000000004,-0.825,0.23028239837598255,1
0.30000000000000004,-0.8,0.23565332094067287,1
0.30000000000000004,-0.775,0.24600613754128597,1
0.30000000000000004,-0.75,0.2606891549075942,1
0.30000000000000004,-0.725,0.2789373873604334,1
0.30000000000000004,-0.7,0.30000000000000004,1
0.30000000000000004,-0.675,0.3232111656896367,1
0.30000000000000004,-0.6499999999999999,0.34801329657113095,1
0.30000000000000004,-0.625,0.3739528736182138,1
0.30000000000000004,-0.6,0.4006650567124213,1
0.30000000000000004,-0.575,0.42785615702758567,1
0.30000000000000004,-0.55,0.45528789452040197,1
0.30000000000000004,-0.5249999999999999,0.4827645933701222,1
0.30000000000000004,-0.5,0.5101232589870386,1
0.30000000000000004,-0.475,0.537226071139757,1
0.30000000000000004,-0.44999999999999996,0.5639547670240619,1
0.30000000000000004,-0.42499999999999993,0.5902064533282101,1
0.30000000000000004,-0.3999999999999999,0.6158904813264308,1
0.30000000000000004,-0.375,0.6409261076151296,1
0.30000000000000004,-0.35,0.6652407349903757,1
0.30000000000000004,-0.32499999999999996,0.6887685827927416,1
0.30000000000000004,-0.29999999999999993,0.7114496766047312,1
0.30000000000000004,-0.2749999999999999,0.7332290767461839,0
0.30000000000000004,-0.25,0.754056286424122,0
0.30000000000000004,-0.22499999999999998,0.7738847958863798,0
0.30000000000000004,-0.19999999999999996,0.7926717301633497,0
0.30000000000000004,-0.17499999999999993,0.8103775761637909,0
0.30000000000000004,-0.1499999999999999,0.8269659708814101,0
0.30000000000000004,-0.125,0.8424035368832958,0
0.30000000000000004,-0.09999999999999998,0.8566597545264186,0
0.30000000000000004,-0.07499999999999996,0.8697068627959528,0
0.30000000000000004,-0.04999999999999993,0.8815197825021213,0
0.30000000000000004,-0.02499999999999991,0.8920760569709197,0
0.30000000000000004,0.0,0.9013558064344375,0
0.30000000000000004,0.025000000000000133,0.9093416931529485,0
0.30000000000000004,0.050000000000000044,0.9160188949454603,0
0.30000000000000004,0.07499999999999996,0.9213750853137601,0
0.30000000000000004,0.10000000000000009,0.9254004187513984,0
0.30000000000000004,0.125,0.9280875201593555,0
0.30000000000000004,0.15000000000000013,0.9294314775641757,0
0.30000000000000004,0.17500000000000004,0.9294298375676585,0
0.30000000000000004,0.20000000000000018,0.9280826031622782,0
0.30000000000000004,0.2250000000000001,0.9253922337338132,0
0.30000000000000004,0.25,0.9213636472514003,0
0.30000000000000004,0.27500000000000013,0.9160042248239765,0
0.30000000000000004,0.30000000000000004,0.9093238179894105,0
0.30000000000000004,0.3250000000000002,0.901334759307764,0
0.30000000000000004,0.3500000000000001,0.8920518770635106,0
0.30000000000000004,0.375,0.8814925151556982,0
0.30000000000000004,0.40000000000000013,0.8696765595854994,0
0.30000000000000004,0.42500000000000004,0.856626473357218,0
0.30000000000000004,0.4500000000000002,0.8423673421174505,0
0.30000000000000004,0.4750000000000001,0.8269269335019989,0
0.30000000000000004,0.5,0.8103357739871055,0
0.30000000000000004,0.5250000000000001,0.7926272481126165,0
0.30000000000000004,0.55,0.7738377263442737,0
0.30000000000000004,0.5750000000000002,0.7540067296865287,0
0.30000000000000004,0.6000000000000001,0.7331771416065398,0
0.30000000000000004,0.625,0.7113954811074905,1
0.30000000000000004,0.6500000000000001,0.6887122552069938,1
0.30000000000000004,0.675,0.6651824150716231,1
0.30000000000000004,0.7000000000000002,0.6408659482464816,1
0.30000000000000004,0.7250000000000001,0.6158286506624854,1
0.30000000000000004,0.75,0.5901431376090897,1
0.30000000000000004,0.7750000000000001,0.5638901742881629,1
0.30000000000000004,0.8,0.5371604361479729,1
0.30000000000000004,0.8250000000000002,0.5100568497861173,1
0.30000000000000004,0.8500000000000001,0.4826977200764526,1
0.30000000000000004,0.875,0.4552209211024383,1
0.30000000000000004,0.9000000000000001,0.42778951709640445,1
0.30000000000000004,0.925,0.40059927454809535,1
0.30000000000000004,0.9500000000000002,0.3738885917225228,1
0.30000000000000004,0.9750000000000001,0.34795131059108675,1
0.30000000000000004,1.0,0.32315246582652507,1
0.3250000000000002,-1.0,0.32666886939979717,1
0.3250000000000002,-0.975,0.30226589568579587,1
0.3250000000000002,-0.95,0.2796343598781726,1
0.3250000000000002,-0.925,0.2593951694155714,1
0.3250000000000002,-0.9,0.24228778053455233,1
0.3250000000000002,-0.875,0.22913060280354713,1
0.3250000000000002,-0.85,0.2207181194284678,1
0.3250000000000002,-0.825,0.2176549233301184,1
0.3250000000000002,-0.8,0.22018320623141308,1
0.3250000000000002,-0.775,0.2281021686043999,1
0.3250000000000002,-0.75,0.2408353048116979,1
0.3250000000000002,-0.725,0.2575984568960029,1
0.3250000000000002,-0.7,0.27756989902421597,1
0.3250000000000002,-0.675,0.2999999999999998,1
0.3250000000000002,-0.6499999999999999,0.3242559897371644,1
0.3250000000000002,-0.625,0.34982500532104843,1
0.3250000000000002,-0.6,0.37629841784703183,1
0.3250000000000002,-0.575,0.4033513675299693,1
0.3250000000000002,-0.55,0.4307237809392875,1
0.3250000000000002,-0.5249999999999999,0.4582048559993135,1
0.3250000000000002,-0.5,0.4856211057229663,1
0.3250000000000002,-0.475,0.5128274028085222,1
0.3250000000000002,-0.44999999999999996,0.5397003563800844,1
0.3250000000000002,-0.42499999999999993,0.5661334326900198,1
0.3250000000000002,-0.3999999999999999,0.592033356803646,1
0.3250000000000002,-0.375,0.617317448785762,1
0.3250000000000002,-0.35,0.641911641256214,1
0.3250000000000002,-0.32499999999999996,0.665748995301164,1
0.3250000000000002,-0.29999999999999993,0.6887685827927413,1
0.3250000000000002,-0.2749999999999999,0.7109146398252222,1
0.3250000000000002,-0.25,0.7321359221448072,0
0.3250000000000002,-0.22499999999999998,0.75238521212973,0
0.3250000000000002,-0.19999999999999996,0.7716189402520948,0
0.3250000000000002,-0.17499999999999993,0.789796893577525,0
0.3250000000000002,-0.1499999999999999,0.8068819908284162,0
0.3250000000000002,-0.125,0.8228401086192721,0
0.3250000000000002,-0.09999999999999998,0.8376399472070492,0
0.3250000000000002,-0.07499999999999996,0.8512529268647028,0
0.3250000000000002,-0.04999999999999993,0.8636531080502026,0
0.3250000000000002,-0.02499999999999991,0.8748171300966247,0
0.3250000000000002,0.0,0.8847241643279312,0
0.3250000000000002,0.025000000000000133,0.8933558784079062,0
0.3250000000000002,0.050000000000000044,0.9006964094278509,0
0.3250000000000002,0.07499999999999996,0.9067323437842973,0
0.3250000000000002,0.10000000000000009,0.9114527023298239,0
0.3250000000000002,0.125,0.9148489296269527,0
0.3250000000000002,0.15000000000000013,0.9169148864189407,0
0.3250000000000002,0.17500000000000004,0.9176468446689383,0
0.3250000000000002,0.20000000000000018,0.9170434847237906,0
0.3250000000000002,0.2250000000000001,0.915105894341561,0
0.3250000000000002,0.25,0.9118375694919324,0
0.3250000000000002,0.27500000000000013,0.9072444170043131,0
0.3250000000000002,0.30000000000000004,0.9013347593077639,0
0.3250000000000002,0.3250000000000002,0.8941193416880647,0
0.3250000000000002,0.3500000000000001,0.8856113426894836,0
0.3250000000000002,0.375,0.8758263885227635,0
0.3250000000000002,0.40000000000000013,0.8647825726195683,0
0.3250000000000002,0.42500000000000004,0.8525004818135892,0
0.3250000000000002,0.4500000000000002,0.8390032310510268,0
0.3250000000000002,0.4750000000000001,0.8243165090663577,0
0.3250000000000002,0.5,0.8084686381407147,0
0.3250000000000002,0.5250000000000001,0.7914906519406049,0
0.3250000000000002,0.55,0.7734163965833076,0
0.3250000000000002,0.5750000000000002,0.7542826615873608,0
0.3250000000000002,0.6000000000000001,0.7341293493741448,0
0.3250000000000002,0.625,0.7129996946740835,1
0.3250000000000002,0.6500000000000001,0.6909405488176618,1
0.3250000000000002,0.675,0.668002748823827,1
0.3250000000000002,0.7000000000000002,0.6442415979571459,1
0.3250000000000002,0.7250000000000001,0.6197174937524941,1
0.3250000000000002,0.75,0.5944967524603235,1
0.3250000000000002,0.7750000000000001,0.5686526969506073,1
0.3250000000000002,0.8,0.542267100444912,1
0.3250000000000002,0.8250000000000002,0.5154321139354724,1
0.3250000000000002,0.8500000000000001,0.48825285463320117,1
0.3250000000000002,0.875,0.4608509008650439,1
0.3250000000000002,0.9000000000000001,0.4333690298390854,1
0.3250000000000002,0.925,0.4059776492431265,1
0.3250000000000002,0.9500000000000002,0.378883499424194,1
0.3250000000000002,0.9750000000000001,0.352341292031183,1
0.3250000000000002,1.0,0.3266688693997973,1
0.3500000000000001,-1.0,0.3303185318887147,1
0.3500000000000001,-0.975,0.3049150972089451,1
0.3500000000000001,-0.95,0.2809200359687254,1
0.3500000000000001,-0.925,0.25889293119144396,1
0.3500000000000001,-0.9,0.23953073943153605,1
0.3500000000000001,-0.875,0.22366010271375406,1
0.3500000000000001,-0.85,0.21217321047645357,1
0.3500000000000001,-0.825,0.20588037828844413,1
0.3500000000000001,-0.8,0.20529938553345875,1
0.3500000000000001,-0.775,0.21048103644754576,1
0.3500000000000001,-0.75,0.22099034911918036,1
0.3500000000000001,-0.725,0.23605779863951856,1
0.3500000000000001,-0.7,0.2547929718773199,1
0.3500000000000001,-0.675,0.2763486196642553,1
0.3500000000000001,-0.6499999999999999,0.30000000000000016,1
0.3500000000000001,-0.625,0.32516109451165837,1
0.3500000000000001,-0.6,0.3513698801558795,1
0.3500000000000001,-0.575,0.3782642568868145,1
0.3500000000000001,-0.55,0.4055587760048396,1
0.3500000000000001,-0.5249999999999999,0.43302552970603503,1
0.3500000000000001,-0.5,0.4604795397399918,1
0.3500000000000001,-0.475,0.48776795177768667,1
0.3500000000000001,-0.44999999999999996,0.5147621576824497,1
0.3500000000000001,-0.42499999999999993,0.5413520756245768,1
0.3500000000000001,-0.3999999999999999,0.5674419903156089,1
0.3500000000000001,-0.375,0.5929475136140455,1
0.3500000000000001,-0.35,0.6177933498176827,1
0.3500000000000001,-0.32499999999999996,0.6419116412562142,1
0.3500000000000001,-0.29999999999999993,0.6652407349903757,1
0.3500000000000001,-0.2749999999999999,0.6877242573627866,1
0.3500000000000001,-0.25,0.7093104153842785,1
0.3500000000000001,-0.22499999999999998,0.72995146658981,0
0.3500000000000001,-0.19999999999999996,0.7496033149801214,0
0.3500000000000001,-0.17499999999999993,0.7682252020119765,0
0.3500000000000001,-0.1499999999999999,0.785779469714539,0
0.3500000000000001,-0.125,0.8022313788589903,0
0.3500000000000001,-0.09999999999999998,0.8175489693603335,0
0.3500000000000001,-0.07499999999999996,0.8317029532071615,0
0.3500000000000001,-0.04999999999999993,0.8446666325196858,0
0.3500000000000001,-0.02499999999999991,0.856415837055054,0
0.3500000000000001,0.0,0.8669288767721915,0
0.3500000000000001,0.025000000000000133,0.876186506050321,0
0.3500000000000001,0.050000000000000044,0.8841718969080274,0
0.3500000000000001,0.07499999999999996,0.8908706191528104,0
0.3500000000000001,0.10000000000000009,0.8962706258480143,0
0.3500000000000001,0.125,0.9003622428471123,0
0.3500000000000001,0.15000000000000013,0.9031381614386162,0
0.3500000000000001,0.17500000000000004,0.9045934333867435,0
0.3500000000000001,0.20000000000000018,0.9047254678576224,0
0.3500000000000001,0.2250000000000001,0.9035340298995808,0
0.3500000000000001,0.25,0.9010212403083473,0
0.3500000000000001,0.27500000000000013,0.8971915768619733,0
0.3500000000000001,0.30000000000000004,0.8920518770635106,0
0.3500000000000001,0.3250000000000002,0.8856113426894838,0
0.3500000000000001,0.3500000000000001,0.8778815466169735,0
0.3500000000000001,0.375,0.868876442600782,0
0.3500000000000001,0.40000000000000013,0.8586123789055526,0
0.3500000000000001,0.42500000000000004,0.8471081169794535,0
0.3500000000000001,0.4500000000000002,0.8343848567034673,0
0.3500000000000001,0.4750000000000001,0.8204662701862993,0
0.3500000000000001,0.5,0.805378546629754,0
0.3500000000000001,0.5250000000000001,0.7891504515041539,0
0.3500000000000001,0.55,0.7718134042038389,0
0.3500000000000001,0.5750000000000002,0.7534015795759735,0
0.3500000000000001,0.6000000000000001,0.7339520403386517,0
0.3500000000000001,0.625,0.7135049095763328,1
0.3500000000000001,0.6500000000000001,0.6921035954332674,1
0.3500000000000001,0.675,0.6697950841192872,1
0.3500000000000001,0.7000000000000002,0.64663032282756,1
0.3500000000000001,0.7250000000000001,0.6226647217607668,1
0.3500000000000001,0.75,0.5979588150683891,1
0.3500000000000001,0.7750000000000001,0.5725791354162278,1
0.3500000000000001,0.8,0.5465993780287556,1
0.3500000000000001,0.8250000000000002,0.5201019600850081,1
0.3500000000000001,0.8500000000000001,0.49318012415926443,1
0.3500000000000001,0.875,0.4659407952354168,1
0.3500000000000001,0.9000000000000001,0.43850848633574463,1
0.3500000000000001,0.925,0.4110306649352283,1
0.3500000000000001,0.9500000000000002,0.38368514409403925,1
0.3500000000000001,0.9750000000000001,0.35669023526289706,1
0.3500000000000001,1.0,0.3303185318887148,1
0.375,-1.0,0.3340749614491062,1
0.375,-0.975,0.30786881666794863,1
0.375,-0.95,0.28273100451892863,1
0.375,-0.925,0.2591494755956508,1
0.375,-0.9,0.237753823384171,1
0.375,-0.875,0.21933457907633824,1
0.375,-0.85,0.2048235561284493,1
0.375,-0.825,0.19519201484806534,1
0.375,-0.8,0.19124097811707952,1
0.375,-0.775,0.1933433981146298,1
0.375,-0.75,0.2012973206036996,1
0.375,-0.725,0.21440751888638998,1
0.375,-0.7,0.2317282618020917,1
0.375,-0.675,0.25229977954907307,1
0.375,-0.6499999999999999,0.2752830708320942,1
0.375,-0.625,0.30000000000000004,1
0.375,-0.6,0.3259220845743865,1
0.375,-0.575,0.3526419585657952,1
0.375,-0.55,0.37984424787113674,1
0.375,-0.5249999999999999,0.4072815539666741,1
0.375,-0.5,0.4347562941826186,1
0.375,-0.475,0.4621074901723258,1
0.375,-0.44999999999999996,0.4892013064050063,1
0.375,-0.42499999999999993,0.5159243002462154,1
0.375,-0.3999999999999999,0.5421785942320118,1
0.375,-0.375,0.5678784026555628,1
0.375,-0.35,0.5929475136140455,1
0.375,-0.32499999999999996,0.6173174487857623,1
0.375,-0.29999999999999993,0.6409261076151297,1
0.375,-0.2749999999999999,0.6637167607570404,1
0.375,-0.25,0.6856372976409588,1
0.375,-0.22499999999999998,0.7066396606126868,1
0.375,-0.19999999999999996,0.726679417260948,0
0.375,-0.17499999999999993,0.7457154359245702,0
0.375,-0.1499999999999999,0.7637096388175967,0
0.375,-0.125,0.7806268139284218,0
0.375,-0.09999999999999998,0.7964344716748347,0
0.375,-0.07499999999999996,0.8111027357955571,0
0.375,-0.04999999999999993,0.8246042605191564,0
0.375,-0.02499999999999991,0.8369141679422615,0
0.375,0.0,0.8480100009587833,0
0.375,0.025000000000000133,0.8578716881427051,0
0.375,0.050000000000000044,0.866481517793112,0
0.375,0.07499999999999996,0.8738241189689357,0
0.375,0.10000000000000009,0.8798864478212777,0
0.375,0.125,0.8846577779089172,0
0.375,0.15000000000000013,0.8881296934841407,0
0.375,0.17500000000000004,0.8902960849812215,0
0.375,0.20000000000000018,0.8911531461438938,0
0.375,0.2250000000000001,0.8906993724028468,0
0.375,0.25,0.8889355602691957,0
0.375,0.27500000000000013,0.8858648076531316,0
0.375,0.30000000000000004,0.8814925151556982,0
0.375,0.3250000000000002,0.8758263885227636,0
0.375,0.3500000000000001,0.8688764426007819,0
0.375,0.375,0.8606550073016118,0
0.375,0.40000000000000013,0.8511767362775042,0
0.375,0.42500000000000004,0.8404586192384593,0
0.375,0.4500000000000002,0.8285199991264832,0
0.375,0.4750000000000001,0.8153825957130977,0
0.375,0.5,0.8010705376319454,0
0.375,0.5250000000000001,0.7856104054300524,0
0.375,0.55,0.7690312889635719,0
0.375,0.5750000000000002,0.7513648634377246,0
0.375,0.6000000000000001,0.7326454896810172,0
0.375,0.625,0.7129103459697468,1
0.375,0.6500000000000001,0.6921996010489018,1
0.375,0.675,0.6705566411705841,1
0.375,0.7000000000000002,0.6480283683378812,1
0.375,0.7250000000000001,0.6246655930043843,1
0.375,0.75,0.6005235529743533,1
0.375,0.7750000000000001,0.5756626022615368,1
0.375,0.8,0.5501491308023914,1
0.375,0.8250000000000002,0.5240568005637994,1
0.375,0.8500000000000001,0.4974682192567013,1
0.375,0.875,0.4704772247083791,1
0.375,0.9000000000000001,0.44319202826919674,1
0.375,0.925,0.41573957422682317,1
0.375,0.9500000000000002,0.388271625446662,1
0.375,0.9750000000000001,0.3609732913815782,1
0.375,1.0,0.3340749614491063,1
0.40000000000000013,-1.0,0.33791183050742213,1
0.40000000000000013,-0.975,0.3111004464884855,1
0.40000000000000013,-0.95,0.28504621530125784,1
0.40000000000000013,-0.925,0.2601609832004395,1
0.40000000000000013,-0.9,0.23699011284249977,1
0.40000000000000013,-0.875,0.21625007549241163,1
0.40000000000000013,-0.85,0.1988492829971422,1
0.40000000000000013,-0.825,0.18584852093135415,1
0.40000000000000013,-0.8,0.17829984963016052,1
0.40000000000000013,-0.775,0.17695048961780194,1
0.40000000000000013,-0.75,0.18194654803929042,1
0.40000000000000013,-0.725,0.192766680741603,1
0.40000000000000013,-0.7,0.2084462025199954,1
0.40000000000000013,-0.675,0.22789962643883138,1
0.40000000000000013,-0.6499999999999999,0.25014379949865917,1
0.40000000000000013,-0.625,0.2743816707753156,1
0.40000000000000013,-0.6,0.2999999999999999,1
0.40000000000000013,-0.575,0.32653529004440307,1
0.40000000000000013,-0.55,0.35363637781552054,1
0.40000000000000013,-0.5249999999999999,0.38103350012624965,1
0.40000000000000013,-0.5,0.40851526572017627,1
0.40000000000000013,-0.475,0.435912254308503,1
0.40000000000000013,-0.44999999999999996,0.46308552995212154,1
0.40000000000000013,-0.42499999999999993,0.4899186207542294,1
0.40000000000000013,-0.3999999999999999,0.5163118960624631,1
0.40000000000000013,-0.375,0.5421785942320114,1
0.40000000000000013,-0.35,0.5674419903156088,1
0.40000000000000013,-0.32499999999999996,0.592033356803646,1
0.40000000000000013,-0.29999999999999993,0.6158904813264305,1
0.40000000000000013,-0.2749999999999999,0.6389565795988565,1
0.40000000000000013,-0.25,0.6611794918414552,1
0.40000000000000013,-0.22499999999999998,0.682511084646468,1
0.40000000000000013,-0.19999999999999996,0.7029068032218891,1
0.40000000000000013,-0.17499999999999993,0.7223253347269507,1
0.40000000000000013,-0.1499999999999999,0.740728354367132,0
0.40000000000000013,-0.125,0.7580803336011209,0
0.40000000000000013,-0.09999999999999998,0.7743483952593438,0
0.40000000000000013,-0.07499999999999996,0.7895022042753097,0
0.40000000000000013,-0.04999999999999993,0.8035138855543035,0
0.40000000000000013,-0.02499999999999991,0.8163579625675201,0
0.40000000000000013,0.0,0.8280113117829978,0
0.40000000000000013,0.025000000000000133,0.838453129180244,0
0.40000000000000013,0.050000000000000044,0.8476649059504036,0
0.40000000000000013,0.07499999999999996,0.8556304111341873,0
0.40000000000000013,0.10000000000000009,0.8623356794499326,0
0.40000000000000013,0.125,0.8677690029535533,0
0.40000000000000013,0.15000000000000013,0.8719209254794841,0
0.40000000000000013,0.17500000000000004,0.8747842390584696,0
0.40000000000000013,0.20000000000000018,0.8763539817102104,0
0.40000000000000013,0.2250000000000001,0.8766274361788465,0
0.40000000000000013,0.25,0.8756041293267546,0
0.40000000000000013,0.27500000000000013,0.8732858320351604,0
0.40000000000000013,0.30000000000000004,0.8696765595854994,0
0.40000000000000013,0.3250000000000002,0.8647825726195683,0
0.40000000000000013,0.3500000000000001,0.8586123789055526,0
0.40000000000000013,0.375,0.8511767362775042,0
0.40000000000000013,0.40000000000000013,0.8424886572752642,0
0.40000000000000013,0.42500000000000004,0.8325634161990877,0
0.40000000000000013,0.4500000000000002,0.8214185595194424,0
0.40000000000000013,0.4750000000000001,0.8090739208620045,0
0.40000000000000013,0.5,0.7955516421396234,0
0.40000000000000013,0.5250000000000001,0.7808762028523835,0
0.40000000000000013,0.55,0.7650744601582518,0
0.40000000000000013,0.5750000000000002,0.7481757030776602,0
0.40000000000000013,0.6000000000000001,0.7302117252015761,0
0.40000000000000013,0.625,0.7112169216168001,1
0.40000000000000013,0.6500000000000001,0.6912284175756506,1
0.40000000000000013,0.675,0.6702862389078897,1
0.40000000000000013,0.7000000000000002,0.6484335375726453,1
0.40000000000000013,0.7250000000000001,0.6257168904742845,1
0.40000000000000013,0.75,0.6021866963041885,1
0.40000000000000013,0.7750000000000001,0.5778977045915473,1
0.40000000000000013,0.8,0.5529097246584311,1
0.40000000000000013,0.8250000000000002,0.5272885817548832,1
0.40000000000000013,0.8500000000000001,0.5011074163031696,1
0.40000000000000013,0.875,0.4744484644771135,1
0.40000000000000013,0.9000000000000001,0.44740552119610305,1
0.40000000000000013,0.925,0.4200873802935585,1
0.40000000000000013,0.9500000000000002,0.3926226857415442,1
0.40000000000000013,0.9750000000000001,0.3651668311745813,1
0.40000000000000013,1.0,0.33791183050742224,1
0.42500000000000004,-1.0,0.3418031776696104,1
0.42500000000000004,-0.975,0.3145818219540365,1
0.42500000000000004,-0.95,0.28783942390734835,1
0.42500000000000004,-0.925,0.2619125248819519,1
0.42500000000000004,-0.9,0.23725410351003498,1
0.42500000000000004,-0.875,0.2144794576893414,1
0.42500000000000004,-0.85,0.19441549446813103,1
0.42500000000000004,-0.825,0.17812335754941466,1
0.42500000000000004,-0.8,0.1668247464226863,1
0.42500000000000004,-0.775,0.16164501233218273,1
0.42500000000000004,-0.75,0.16320006768936265,1
0.42500000000000004,-0.725,0.17129751263299606,1
0.42500000000000004,-0.7,0.1850355046012941,1
0.42500000000000004,-0.675,0.20319936350067203,1
0.42500000000000004,-0.6499999999999999,0.22462166183831114,1
0.42500000000000004,-0.625,0.24834726124373213,1
0.42500000000000004,-0.6,0.27365162310204705,1
0.42500000000000004,-0.575,0.30000000000000004,1
0.42500000000000004,-0.55,0.32699777061422797,1
0.42500000000000004,-0.5249999999999999,0.35434936554350427,1
0.42500000000000004,-0.5,0.3818283592300464,1
0.42500000000000004,-0.475,0.40925675317613874,1
0.42500000000000004,-0.44999999999999996,0.43649086886545907,1
0.42500000000000004,-0.42499999999999993,0.4634117546991338,1
0.42500000000000004,-0.3999999999999999,0.4899186207542295,1
0.42500000000000004,-0.375,0.5159243002462153,1
0.42500000000000004,-0.35,0.5413520756245767,1
0.42500000000000004,-0.32499999999999996,0.5661334326900199,1
0.42500000000000004,-0.29999999999999993,0.59020645332821,1
0.42500000000000004,-0.2749999999999999,0.6135146532458885,1
0.42500000000000004,-0.25,0.6360061336995955,1
0.42500000000000004,-0.22499999999999998,0.6576329574691019,1
0.42500000000000004,-0.19999999999999996,0.6783506868125306,1
0.42500000000000004,-0.17499999999999993,0.6981180396625182,1
0.42500000000000004,-0.1499999999999999,0.7168966329566632,1
0.42500000000000004,-0.125,0.7346507907177761,0
0.42500000000000004,-0.09999999999999998,0.7513474005933609,0
0.42500000000000004,-0.07499999999999996,0.7669558068710688,0
0.42500000000000004,-0.04999999999999993,0.7814477310658986,0
0.42500000000000004,-0.02499999999999991,0.7947972134000935,0
0.42500000000000004,0.0,0.8069805701220054,0
0.42500000000000004,0.025000000000000133,0.8179763628098059,0
0.42500000000000004,0.050000000000000044,0.8277653767005273,0
0.42500000000000004,0.07499999999999996,0.8363306057591346,0
0.42500000000000004,0.10000000000000009,0.84365724271598,0
0.42500000000000004,0.125,0.8497326726969878,0
0.42500000000000004,0.15000000000000013,0.854546469380216,0
0.42500000000000004,0.17500000000000004,0.8580903928577708,0
0.42500000000000004,0.20000000000000018,0.8603583885802977,0
0.42500000000000004,0.2250000000000001,0.8613465869251522,0
0.42500000000000004,0.25,0.8610533030687866,0
0.42500000000000004,0.27500000000000013,0.8594790369667132,0
0.42500000000000004,0.30000000000000004,0.856626473357218,0
0.42500000000000004,0.3250000000000002,0.8525004818135893,0
0.42500000000000004,0.3500000000000001,0.8471081169794535,0
0.42500000000000004,0.375,0.8404586192384594,0
0.42500000000000004,0.40000000000000013,0.8325634161990877,0
0.42500000000000004,0.42500000000000004,0.8234361255249129,0
0.42500000000000004,0.4500000000000002,0.8130925598188712,0
0.42500000000000004,0.4750000000000001,0.8015507344880898,0
0.42500000000000004,0.5,0.7888308797880386,0
0.42500000000000004,0.5250000000000001,0.7749554585904955,0
0.42500000000000004,0.55,0.7599491918651909,0
0.42500000000000004,0.5750000000000002,0.7438390944459359,0
0.42500000000000004,0.6000000000000001,0.7266545244184155,0
0.42500000000000004,0.625,0.7084272504886676,1
0.42500000000000004,0.6500000000000001,0.689191543067994,1
0.42500000000000004,0.675,0.6689842966842309,1
0.42500000000000004,0.7000000000000002,0.6478451939076307,1
0.42500000000000004,0.7250000000000001,0.6258169245650498,1
0.42500000000000004,0.75,0.6029454790575783,1
0.42500000000000004,0.7750000000000001,0.5792805417670461,1
0.42500000000000004,0.8,0.5548760208555134,1
0.42500000000000004,0.8250000000000002,0.5297907657908382,1
0.42500000000000004,0.8500000000000001,0.5040895460876763,1
0.42500000000000004,0.875,0.47784439780877047,1
0.42500000000000004,0.9000000000000001,0.45113649424656366,1
0.42500000000000004,0.925,0.4240587731980415,1
0.42500000000000004,0.9500000000000002,0.39671966983178325,1
0.42500000000000004,0.9750000000000001,0.36924848326151133,1
0.42500000000000004,1.0,0.3418031776696105,1
0.4500000000000002,-1.0,0.34572357993575137,1
0.4500000000000002,-0.975,0.3182836524702372,1
0.4500000000000002,-0.95,0.29107992461110643,1
0.4500000000000002,-0.925,0.2643787310762524,1
0.4500000000000002,-0.9,0.2385407654894174,1
0.4500000000000002,-0.875,0.21406631560259723,1
0.4500000000000002,-0.85,0.19165719597039735,1
0.4500000000000002,-0.825,0.17228473903162198,1
0.4500000000000002,-0.8,0.15721484487479337,1
0.4500000000000002,-0.775,0.1478733353598084,1
0.4500000000000002,-0.75,0.14542919234944315,1
0.4500000000000002,-0.725,0.15023417468191874,1
0.4500000000000002,-0.7,0.16161601483417087,1
0.4500000000000002,-0.675,0.17825838999282445,1
0.4500000000000002,-0.6499999999999999,0.19875710357325851,1
0.4500000000000002,-0.625,0.22193937542569764,1
0.4500000000000002,-0.6,0.2469291910526187,1
0.4500000000000002,-0.575,0.2730988181667799,1
0.4500000000000002,-0.55,0.2999999999999997,1
0.4500000000000002,-0.5249999999999999,0.32730731857229317,1
0.4500000000000002,-0.5,0.35477823243913875,1
0.4500000000000002,-0.475,0.38222639529978164,1
0.4500000000000002,-0.44999999999999996,0.40950412552816146,1
0.4500000000000002,-0.42499999999999993,0.43649086886545885,1
0.4500000000000002,-0.3999999999999999,0.46308552995212143,1
0.4500000000000002,-0.375,0.4892013064050059,1
0.4500000000000002,-0.35,0.5147621576824495,1
0.4500000000000002,-0.32499999999999996,0.5397003563800843,1
0.4500000000000002,-0.29999999999999993,0.5639547670240614,1
0.4500000000000002,-0.2749999999999999,0.5874696213140658,1
0.4500000000000002,-0.25,0.6101936372136039,1
0.4500000000000002,-0.22499999999999998,0.6320793795711478,1
0.4500000000000002,-0.19999999999999996,0.6530827926388799,1
0.4500000000000002,-0.17499999999999993,0.6731628564050163,1
0.4500000000000002,-0.1499999999999999,0.6922813330692539,1
0.4500000000000002,-0.125,0.7104025797680648,1
0.4500000000000002,-0.09999999999999998,0.727493410379485,0
0.4500000000000002,-0.07499999999999996,0.7435229939205903,0
0.4500000000000002,-0.04999999999999993,0.7584627803547298,0
0.4500000000000002,-0.02499999999999991,0.7722864469843602,0
0.4500000000000002,0.0,0.7849698603088558,0
0.4500000000000002,0.025000000000000133,0.7964910494708035,0
0.4500000000000002,0.050000000000000044,0.8068301883328916,0
0.4500000000000002,0.07499999999999996,0.8159695839131549,0
0.4500000000000002,0.10000000000000009,0.8238936694238033,0
0.4500000000000002,0.125,0.8305890005539598,0
0.4500000000000002,0.15000000000000013,0.8360442539421352,0
0.4500000000000002,0.17500000000000004,0.8402502270238923,0
0.4500000000000002,0.20000000000000018,0.8431998386313243,0
0.4500000000000002,0.2250000000000001,0.8448881298766495,0
0.4500000000000002,0.25,0.8453122649822876,0
0.4500000000000002,0.27500000000000013,0.8444715318319139,0
0.4500000000000002,0.30000000000000004,0.8423673421174503,0
0.4500000000000002,0.3250000000000002,0.8390032310510268,0
0.4500000000000002,0.3500000000000001,0.8343848567034673,0
0.4500000000000002,0.375,0.8285199991264832,0
0.4500000000000002,0.40000000000000013,0.8214185595194424,0
0.4500000000000002,0.42500000000000004,0.8130925598188712,0
0.4500000000000002,0.4500000000000002,0.8035561432264062,0
0.4500000000000002,0.4750000000000001,0.7928255763570647,0
0.4500000000000002,0.5,0.7809192538952135,0
0.4500000000000002,0.5250000000000001,0.7678577069047569,0
0.4500000000000002,0.55,0.7536636162720822,0
0.4500000000000002,0.5750000000000002,0.7383618331915411,0
0.4500000000000002,0.6000000000000001,0.7219794091702749,1
0.4500000000000002,0.625,0.7045456387832743,1
0.4500000000000002,0.6500000000000001,0.6860921194234821,1
0.4500000000000002,0.675,0.6666528336698996,1
0.4500000000000002,0.7000000000000002,0.6462642617905876,1
0.4500000000000002,0.7250000000000001,0.6249655345297088,1
0.4500000000000002,0.75,0.6027986400290973,1
0.4500000000000002,0.7750000000000001,0.5798087040031819,1
0.4500000000000002,0.8,0.5560443698805866,1
0.4500000000000002,0.8250000000000002,0.5315583167193756,1
0.4500000000000002,0.8500000000000001,0.506407969132352,1
0.4500000000000002,0.875,0.4806564781377394,1
0.4500000000000002,0.9000000000000001,0.45437408945859,1
0.4500000000000002,0.925,0.42764007392696307,1
0.4500000000000002,0.9500000000000002,0.40054548572349363,1
0.4500000000000002,0.9750000000000001,0.37319715851164986,1
0.4500000000000002,1.0,0.3457235799357515,1
0.4750000000000001,-1.0,0.34964829707797146,1
0.4750000000000001,-0.975,0.3221759241222627,1
0.4750000000000001,-0.95,0.29473334462386785,1
0.4750000000000001,-0.925,0.26752488332391294,1
0.4750000000000001,-0.9,0.24082587226338073,1
0.4750000000000001,-0.875,0.21502101255293227,1
0.4750000000000001,-0.85,0.19066434293774678,1
0.4750000000000001,-0.825,0.16856627413819214,1
0.4750000000000001,-0.8,0.14989352702239503,1
0.4750000000000001,-0.775,0.13619836979985037,1
0.4750000000000001,-0.75,0.12916858937708064,1
0.4750000000000001,-0.725,0.12993520051028032,1
0.4750000000000001,-0.7,0.13836425425186769,1
0.4750000000000001,-0.675,0.153150622219918,1
0.4750000000000001,-0.6499999999999999,0.1725917717977233,1
0.4750000000000001,-0.625,0.19520256866615754,1
0.4750000000000001,-0.6,0.21989136132799234,1
0.4750000000000001,-0.575,0.24590494148613315,1
0.4750000000000001,-0.55,0.2727277501094866,1
0.4750000000000001,-0.5249999999999999,0.30000000000000004,1
0.4750000000000001,-0.5,0.327462460960384,1
0.4750000000000001,-0.475,0.3549213670094914,1
0.4750000000000001,-0.44999999999999996,0.382226395299782,1
0.4750000000000001,-0.42499999999999993,0.40925675317613874,1
0.4750000000000001,-0.3999999999999999,0.43591225430850317,1
0.4750000000000001,-0.375,0.4621074901723257,1
0.4750000000000001,-0.35,0.48776795177768667,1
0.4750000000000001,-0.32499999999999996,0.5128274028085226,1
0.4750000000000001,-0.29999999999999993,0.537226071139757,1
0.4750000000000001,-0.2749999999999999,0.5609093856065183,1
0.4750000000000001,-0.25,0.5838270825433909,1
0.4750000000000001,-0.22499999999999998,0.6059325672607455,1
0.4750000000000001,-0.19999999999999996,0.6271824539686828,1
0.4750000000000001,-0.17499999999999993,0.6475362323306841,1
0.4750000000000001,-0.1499999999999999,0.6669560249768779,1
0.4750000000000001,-0.125,0.6854064110499372,1
0.4750000000000001,-0.09999999999999998,0.7028542981159984,1
0.4750000000000001,-0.07499999999999996,0.7192688297510903,1
0.4750000000000001,-0.04999999999999993,0.7346213195752654,0
0.4750000000000001,-0.02499999999999991,0.7488852049458611,0
0.4750000000000001,0.0,0.7620360152618572,0
0.4750000000000001,0.025000000000000133,0.7740513510883248,0
0.4750000000000001,0.050000000000000044,0.7849108712283981,0
0.4750000000000001,0.07499999999999996,0.7945962855489708,0
0.4750000000000001,0.10000000000000009,0.8030913518736686,0
0.4750000000000001,0.125,0.8103818756403715,0
0.4750000000000001,0.15000000000000013,0.8164557113143445,0
0.4750000000000001,0.17500000000000004,0.821302764776098,0
0.4750000000000001,0.20000000000000018,0.8249149960829184,0
0.4750000000000001,0.2250000000000001,0.8272864221474676,0
0.4750000000000001,0.25,0.8284131189956071,0
0.4750000000000001,0.27500000000000013,0.8282932233660059,0
0.4750000000000001,0.30000000000000004,0.8269269335019989,0
0.4750000000000001,0.3250000000000002,0.8243165090663578,0
0.4750000000000001,0.3500000000000001,0.8204662701862991,0
0.4750000000000001,0.375,0.8153825957130977,0
0.4750000000000001,0.40000000000000013,0.8090739208620045,0
0.4750000000000001,0.42500000000000004,0.8015507344880898,0
0.4750000000000001,0.4500000000000002,0.7928255763570647,0
0.4750000000000001,0.4750000000000001,0.7829130348932087,0
0.4750000000000001,0.5,0.7718297460369506,0
0.4750000000000001,0.5250000000000001,0.7595943940326367,0
0.4750000000000001,0.55,0.7462277152061759,0
0.4750000000000001,0.5750000000000002,0.7317525061012224,0
0.4750000000000001,0.6000000000000001,0.7161936377470647,1
0.4750000000000001,0.625,0.6995780783674748,1
0.4750000000000001,0.6500000000000001,0.6819349275585574,1
0.4750000000000001,0.675,0.6632954659383405,1
0.4750000000000001,0.7000000000000002,0.6436932256078477,1
0.4750000000000001,0.7250000000000001,0.6231640886188908,1
0.4750000000000001,0.75,0.6017464232503318,1
0.4750000000000001,0.7750000000000001,0.5794812716028851,1
0.4750000000000001,0.8,0.5564126073693118,1
0.4750000000000001,0.8250000000000002,0.5325876904554563,1
0.4750000000000001,0.8500000000000001,0.5080575567322437,1
0.4750000000000001,0.875,0.4828776986953729,1
0.4750000000000001,0.9000000000000001,0.45710901962831785,1
0.4750000000000001,0.925,0.43081918568489025,1
0.4750000000000001,0.9500000000000002,0.4040845666827557,1
0.4750000000000001,0.9750000000000001,0.37699306362172036,1
0.4750000000000001,1.0,0.34964829707797157,1
0.5,-1.0,0.3535533905932737,1
0.5,-0.975,0.32622826588559284,1
0.5,-0.95,0.298762455037718,1
0.5,-0.925,0.27130831644420905,1
0.5,-0.9,0.24406754793736019,1
0.5,-0.875,0.2173197120446803,1
0.5,-0.85,0.19147051335454704,1
0.5,-0.825,0.16713293251251576,1
0.5,-0.8,0.14525510101061892,1
0.5,-0.775,0.12727912390921967,1
0.5,-0.75,0.11517992255649798,1
0.5,-0.725,0.11097949485672502,1
0.5,-0.7,0.11556787354934993,1
0.5,-0.675,0.1279783620105295,1
0.5,-0.6499999999999999,0.14616906864499443,1
0.5,-0.625,0.1681844039679836,1
0.5,-0.6,0.1926073329054437,1
0.5,-0.575,0.21850822202569203,1
0.5,-0.55,0.24528579024424293,1
0.5,-0.5249999999999999,0.27254145213625075,1
0.5,-0.5,0.3,1
0.5,-0.475,0.32746246096038406,1
0.5,-0.44999999999999996,0.3547782324391391,1
0.5,-0.42499999999999993,0.3818283592300465,1
0.5,-0.3999999999999999,0.4085152657201765,1
0.5,-0.375,0.4347562941826186,1
0.5,-0.35,0.4604795397399918,1
0.5,-0.32499999999999996,0.4856211057229667,1
0.5,-0.29999999999999993,0.5101232589870386,1
0.5,-0.2749999999999999,0.5339331686431656,1
0.5,-0.25,0.55700203110803,1
0.5,-0.22499999999999998,0.5792844559757421,1
0.5,-0.19999999999999996,0.6007380310976517,1
0.5,-0.17499999999999993,0.621323012738907,1
0.5,-0.1499999999999999,0.6410021042425433,1
0.5,-0.125,0.6597402980703263,1
0.5,-0.09999999999999998,0.6775047636733782,1
0.5,-0.07499999999999996,0.6942647687581556,1
0.5,-0.04999999999999993,0.7099916250140719,1
0.5,-0.02499999999999991,0.7246586518014084,0
0.5,0.0,0.7382411530116699,0
0.5,0.025000000000000133,0.7507164035355022,0
0.5,0.050000000000000044,0.7620636426571178,0
0.5,0.07499999999999996,0.7722640723406785,0
0.5,0.10000000000000009,0.7813008588526217,0
0.5,0.125,0.7891591365224235,0
0.5,0.15000000000000013,0.795826012716188,0
0.5,0.17500000000000004,0.8012905733064422,0
0.5,0.20000000000000018,0.8055438880845629,0
0.5,0.2250000000000001,0.8085790156916648,0
0.5,0.25,0.810391007748654,0
0.5,0.27500000000000013,0.8109769119533219,0
0.5,0.30000000000000004,0.8103357739871055,0
0.5,0.3250000000000002,0.8084686381407147,0
0.5,0.3500000000000001,0.805378546629754,0
0.5,0.375,0.8010705376319454,0
0.5,0.40000000000000013,0.7955516421396234,0
0.5,0.42500000000000004,0.7888308797880386,0
0.5,0.4500000000000002,0.7809192538952135,0
0.5,0.4750000000000001,0.7718297460369506,0
0.5,0.5,0.7615773105863908,0
0.5,0.5250000000000001,0.7501788697782475,0
0.5,0.55,0.737653310022642,0
0.5,0.5750000000000002,0.7240214804048913,0
0.5,0.6000000000000001,0.7093061945828287,1
0.5,0.625,0.6935322376563301,1
0.5,0.6500000000000001,0.6767263800686694,1
0.5,0.675,0.6589174012548183,1
0.5,0.7000000000000002,0.6401361266484205,1
0.5,0.7250000000000001,0.6204154829005066,1
0.5,0.75,0.5997905779032622,1
0.5,0.7750000000000001,0.5782988146839732,1
0.5,0.8,0.5559800517940522,1
0.5,0.8250000000000002,0.5328768280203671,1
0.5,0.8500000000000001,0.5090346769687029,1
0.5,0.875,0.48450256872598396,1
0.5,0.9000000000000001,0.4593335337201931,1
0.5,0.925,0.4335855519516128,1
0.5,0.9500000000000002,0.40732283561062166,1
0.5,0.9750000000000001,0.38061770632665665,1
0.5,1.0,0.3535533905932738,1
0.5250000000000001,-1.0,0.3574158199499213,1
0.5250000000000001,-0.975,0.3304102749812658,1
0.5250000000000001,-0.95,0.30312795964551276,1
0.5250000000000001,-0.925,0.2756800005056296,1
0.5250000000000001,-0.9,0.2482087978506674,1
0.5250000000000001,-0.875,0.2209065966600369,1
0.5250000000000001,-0.85,0.19404839316043904,1
0.5250000000000001,-0.825,0.16805202452396767,1
0.5250000000000001,-0.8,0.14358925002591985,1
0.5250000000000001,-0.775,0.1217823891598869,1
0.5250000000000001,-0.75,0.10448154864416291,1
0.5250000000000001,-0.725,0.09433100421976777,1
0.5250000000000001,-0.7,0.09375086849584713,1
0.5250000000000001,-0.675,0.10290640254591141,1
0.5250000000000001,-0.6499999999999999,0.11953553733135244,1
0.5250000000000001,-0.625,0.14093782556266987,1
0.5250000000000001,-0.6,0.16516517675693115,1
0.5250000000000001,-0.575,0.19102674418808427,1
0.5250000000000001,-0.55,0.21781120664757644,1
0.5250000000000001,-0.5249999999999999,0.24507863299050853,1
0.5250000000000001,-0.5,0.27254145213625053,1
0.5250000000000001,-0.475,0.2999999999999999,1
0.5250000000000001,-0.44999999999999996,0.3273073185722933,1
0.5250000000000001,-0.42499999999999993,0.35434936554350416,1
0.5250000000000001,-0.3999999999999999,0.38103350012624965,1
0.5250000000000001,-0.375,0.40728155396667387,1
0.5250000000000001,-0.35,0.4330255297060348,1
0.5250000000000001,-0.32499999999999996,0.4582048559993136,1
0.5250000000000001,-0.29999999999999993,0.482764593370122,1
0.5250000000000001,-0.2749999999999999,0.5066542375472932,1
0.5250000000000001,-0.25,0.5298269079372242,1
0.5250000000000001,-0.22499999999999998,0.5522387900921619,1
0.5250000000000001,-0.19999999999999996,0.5738487491273256,1
0.5250000000000001,-0.17499999999999993,0.5946180602705032,1
0.5250000000000001,-0.1499999999999999,0.6145102209250082,1
0.5250000000000001,-0.125,0.6334908202084176,1
0.5250000000000001,-0.09999999999999998,0.6515274494521991,1
0.5250000000000001,-0.07499999999999996,0.6685896421264709,1
0.5250000000000001,-0.04999999999999993,0.6846488350077247,1
0.5250000000000001,-0.02499999999999991,0.6996783447029448,1
0.5250000000000001,0.0,0.7136533552389636,1
0.5250000000000001,0.025000000000000133,0.7265509135505298,0
0.5250000000000001,0.050000000000000044,0.7383499305041298,0
0.5250000000000001,0.07499999999999996,0.7490311856762181,0
0.5250000000000001,0.10000000000000009,0.7585773345307857,0
0.5250000000000001,0.125,0.7669729169575578,0
0.5250000000000001,0.15000000000000013,0.7742043663698602,0
0.5250000000000001,0.17500000000000004,0.7802600187422785,0
0.5250000000000001,0.20000000000000018,0.7851301211081504,0
0.5250000000000001,0.2250000000000001,0.7888068391468311,0
0.5250000000000001,0.25,0.79128426357866,0
0.5250000000000001,0.27500000000000013,0.7925584151576431,0
0.5250000000000001,0.30000000000000004,0.7926272481126164,0
0.5250000000000001,0.3250000000000002,0.7914906519406049,0
0.5250000000000001,0.3500000000000001,0.7891504515041539,0
0.5250000000000001,0.375,0.7856104054300524,0
0.5250000000000001,0.40000000000000013,0.7808762028523835,0
0.5250000000000001,0.42500000000000004,0.7749554585904955,0
0.5250000000000001,0.4500000000000002,0.7678577069047569,0
0.5250000000000001,0.4750000000000001,0.7595943940326367,0
0.5250000000000001,0.5,0.7501788697782475,0
0.5250000000000001,0.5250000000000001,0.7396263785143854,0
0.5250000000000001,0.55,0.7279540500631343,0
0.5250000000000001,0.5750000000000002,0.7151808910570954,1
0.5250000000000001,0.6000000000000001,0.7013277775589987,1
0.5250000000000001,0.625,0.6864174499477678,1
0.5250000000000001,0.6500000000000001,0.670474511385118,1
0.5250000000000001,0.675,0.653525431588514,1
0.5250000000000001,0.7000000000000002,0.6355985581972993,1
0.5250000000000001,0.7250000000000001,0.6167241387927636,1
0.5250000000000001,0.75,0.5969343577144686,1
0.5250000000000001,0.7750000000000001,0.5762633933470441,1
0.5250000000000001,0.8,0.5547475037522104,1
0.5250000000000001,0.8250000000000002,0.5324251517297516,1
0.5250000000000001,0.8500000000000001,0.5093371851465418,1
0.5250000000000001,0.875,0.4855270955425365,1
0.5250000000000001,0.9000000000000001,0.4610413890364044,1
0.5250000000000001,0.925,0.43593012081697524,1
0.5250000000000001,0.9500000000000002,0.4102476721650842,1
0.5250000000000001,0.9750000000000001,0.3840538943274136,1
0.5250000000000001,1.0,0.3574158199499214,1
0.55,-1.0,0.36121351895576664,1
0.55,-0.975,0.3346917995871972,1
0.55,-0.95,0.3077892311575773,1
0.55,-0.925,0.2805861732244078,1
0.55,-0.9,0.25318066668826167,1
0.55,-0.875,0.22569879567575107,1
0.55,-0.85,0.19831346056214166,1
0.55,-0.825,0.171280141574396,1
0.55,-0.8,0.1450086931415616,1
0.55,-0.775,0.12021381455613796,1
0.55,-0.75,0.09822907655435129,1
0.55,-0.725,0.08154692116394062,1
0.55,-0.7,0.07397768561821877,1
0.55,-0.675,0.07825983758732614,1
0.55,-0.6499999999999999,0.09274477761245961,1
0.55,-0.625,0.1135270949074716,1
0.55,-0.6,0.13769021423711425,1
0.55,-0.575,0.16362991922795214,1
0.55,-0.55,0.1904958744718383,1
0.55,-0.5249999999999999,0.21781120664757667,1
0.55,-0.5,0.24528579024424296,1
0.55,-0.475,0.27272775010948663,1
0.55,-0.44999999999999996,0.30000000000000004,1
0.55,-0.42499999999999993,0.3269977706142281,1
0.55,-0.3999999999999999,0.35363637781552076,1
0.55,-0.375,0.37984424787113674,1
0.55,-0.35,0.4055587760048396,1
0.55,-0.32499999999999996,0.4307237809392878,1
0.55,-0.29999999999999993,0.4552878945204021,1
0.55,-0.2749999999999999,0.47920351858488847,1
0.55,-0.25,0.5024261366299173,1
0.55,-0.22499999999999998,0.5249138534517359,1
0.55,-0.19999999999999996,0.5466270847383856,1
0.55,-0.17499999999999993,0.5675283473228591,1
0.55,-0.1499999999999999,0.5875821181838781,1
0.55,-0.125,0.6067547410721356,1
0.55,-0.09999999999999998,0.6250143664967589,1
0.55,-0.07499999999999996,0.6423309152575614,1
0.55,-0.04999999999999993,0.6586760586545318,1
0.55,-0.02499999999999991,0.6740232104911607,1
0.55,0.0,0.688347527348428,1
0.55,0.025000000000000133,0.701625914552895,1
0.55,0.050000000000000044,0.713837035930842,1
0.55,0.07499999999999996,0.724961325919104,0
0.55,0.10000000000000009,0.7349810029506818,0
0.55,0.125,0.7438800832887102,0
0.55,0.15000000000000013,0.751644394672754,0
0.55,0.17500000000000004,0.7582615892852267,0
0.55,0.20000000000000018,0.7637211556559629,0
0.55,0.2250000000000001,0.7680144292088302,0
0.55,0.25,0.7711346012223691,0
0.55,0.27500000000000013,0.7730767260316306,0
0.55,0.30000000000000004,0.7738377263442736,0
0.55,0.3250000000000002,0.7734163965833076,0
0.55,0.3500000000000001,0.7718134042038389,0
0.55,0.375,0.7690312889635719,0
0.55,0.40000000000000013,0.7650744601582518,0
0.55,0.42500000000000004,0.7599491918651909,0
0.55,0.4500000000000002,0.7536636162720822,0
0.55,0.4750000000000001,0.7462277152061759,0
0.55,0.5,0.737653310022642,0
0.55,0.5250000000000001,0.7279540500631343,0
0.55,0.55,0.7171453999595221,1
0.55,0.5750000000000002,0.7052446261379293,1
0.55,0.6000000000000001,0.6922707829806348,1
0.55,0.625,0.6782446992364284,1
0.55,0.6500000000000001,0.6631889654454145,1
0.55,0.675,0.64712792337873,1
0.55,0.7000000000000002,0.6300876588112817,1
0.55,0.7250000000000001,0.6120959993816046,1
0.55,0.75,0.5931825198994308,1
0.55,0.7750000000000001,0.5733785583168876,1
0.55,0.8,0.5527172468030256,1
0.55,0.8250000000000002,0.5312335641392466,1
0.55,0.8500000000000001,0.5089644182785767,1
0.55,0.875,0.48594877185726965,1
0.55,0.9000000000000001,0.4622278294907805,1
0.55,0.925,0.43784531513707714,1
0.55,0.9500000000000002,0.41284788292836694,1
0.55,0.9750000000000001,0.3872857296651806,1
0.55,1.0,0.36121351895576675,1
0.5750000000000002,-1.0,0.3649254550383635,1
0.5750000000000002,-0.975,0.3390431793166757,1
0.5750000000000002,-0.95,0.31270497360707733,1
0.5750000000000002,-0.925,0.28596991154096574,1
0.5750000000000002,-0.9,0.25890563283744056,1
0.5750000000000002,-0.875,0.23159302197612316,1
0.5750000000000002,-0.85,0.20413473336501506,1
0.5750000000000002,-0.825,0.176671660019479,1
0.5750000000000002,-0.8,0.1494170801550944,1
0.5750000000000002,-0.775,0.12273364810867635,1
0.5750000000000002,-0.75,0.09732369282799233,1
0.5750000000000002,-0.725,0.07473283501423837,1
0.5750000000000002,-0.7,0.05853886544805514,1
0.5750000000000002,-0.675,0.05486905875998275,1
0.5750000000000002,-0.6499999999999999,0.06587113990927627,1
0.5750000000000002,-0.625,0.08604527396509853,1
0.5750000000000002,-0.6,0.11039050912450886,1
0.5750000000000002,-0.575,0.1365882453008661,1
0.5750000000000002,-0.55,0.16362991922795186,1
0.5750000000000002,-0.5249999999999999,0.1910267441880842,1
0.5750000000000002,-0.5,0.2185082220256918,1
0.5750000000000002,-0.475,0.24590494148613298,1
0.5750000000000002,-0.44999999999999996,0.27309881816677994,1
0.5750000000000002,-0.42499999999999993,0.2999999999999999,1
0.5750000000000002,-0.3999999999999999,0.326535290044403,1
0.5750000000000002,-0.375,0.35264195856579494,1
0.5750000000000002,-0.35,0.37826425688681425,1
0.5750000000000002,-0.32499999999999996,0.4033513675299693,1
0.5750000000000002,-0.29999999999999993,0.42785615702758545,1
0.5750000000000002,-0.2749999999999999,0.451734396867726,1
0.5750000000000002,-0.25,0.4749442676490391,1
0.5750000000000002,-0.22499999999999998,0.49744604003289045,1
0.5750000000000002,-0.19999999999999996,0.5192018690615346,1
0.5750000000000002,-0.17499999999999993,0.5401756628300788,1
0.5750000000000002,-0.1499999999999999,0.5603330008387172,1
0.5750000000000002,-0.125,0.579641086023044,1
0.5750000000000002,-0.09999999999999998,0.5980687198448306,1
0.5750000000000002,-0.07499999999999996,0.6155862932502499,1
0.5750000000000002,-0.04999999999999993,0.6321657885284457,1
0.5750000000000002,-0.02499999999999991,0.6477807885792495,1
0.5750000000000002,0.0,0.662406491095583,1
0.5750000000000002,0.025000000000000133,0.6760197258507772,1
0.5750000000000002,0.050000000000000044,0.6885989737589772,1
0.5750000000000002,0.07499999999999996,0.7001243867155118,1
0.5750000000000002,0.10000000000000009,0.710577807467672,1
0.5750000000000002,0.125,0.7199427889440149,1
0.5750000000000002,0.15000000000000013,0.7282046126017837,0
0.5750000000000002,0.17500000000000004,0.7353503054507294,0
0.5750000000000002,0.20000000000000018,0.7413686554868945,0
0.5750000000000002,0.2250000000000001,0.746250225328244,0
0.5750000000000002,0.25,0.7499873638901139,0
0.5750000000000002,0.27500000000000013,0.7525742159755768,0
0.5750000000000002,0.30000000000000004,0.7540067296865286,0
0.5750000000000002,0.3250000000000002,0.7542826615873608,0
0.5750000000000002,0.3500000000000001,0.7534015795759735,0
0.5750000000000002,0.375,0.7513648634377246,0
0.5750000000000002,0.40000000000000013,0.7481757030776602,0
0.5750000000000002,0.42500000000000004,0.7438390944459358,0
0.5750000000000002,0.4500000000000002,0.7383618331915411,0
0.5750000000000002,0.4750000000000001,0.7317525061012224,0
0.5750000000000002,0.5,0.7240214804048913,0
0.5750000000000002,0.5250000000000001,0.7151808910570954,1
0.5750000000000002,0.55,0.7052446261379293,1
0.5750000000000002,0.5750000000000002,0.6942283105582193,1
0.5750000000000002,0.6000000000000001,0.6821492883058202,1
0.5750000000000002,0.625,0.6690266035363613,1
0.5750000000000002,0.6500000000000001,0.6548809808983505,1
0.5750000000000002,0.675,0.6397348055969936,1
0.5750000000000002,0.7000000000000002,0.6236121038547164,1
0.5750000000000002,0.7250000000000001,0.6065385246355512,1
0.5750000000000002,0.75,0.5885413237894492,1
0.5750000000000002,0.7750000000000001,0.5696493521773858,1
0.5750000000000002,0.8,0.549893049913825,1
0.5750000000000002,0.8250000000000002,0.5293044496946956,1
0.5750000000000002,0.8500000000000001,0.5079171934002604,1
0.5750000000000002,0.875,0.48576656798769674,1
0.5750000000000002,0.9000000000000001,0.462889569469528,1
0.5750000000000002,0.925,0.43932500810099206,1
0.5750000000000002,0.9500000000000002,0.41511367478647077,1
0.5750000000000002,0.9750000000000001,0.39029859995670624,1
0.5750000000000002,1.0,0.3649254550383636,1
0.6000000000000001,-1.0,0.36853167408395593,1
0.6000000000000001,-0.975,0.34343544552361066,1
0.6000000000000001,-0.95,0.3178337986922389,1
0.6000000000000001,-0.925,0.2917725592838897,1
0.6000000000000001,-0.9,0.2653008909884751,1
0.6000000000000001,-0.875,0.23847274666210555,1
0.6000000000000001,-0.85,0.21134951423376208,1
0.6000000000000001,-0.825,0.18400511547836063,1
0.6000000000000001,-0.8,0.15653657317272518,1
0.6000000000000001,-0.775,0.12908809966765925,1
0.6000000000000001,-0.75,0.10191336858281687,1
0.6000000000000001,-0.725,0.075565816852033,1
0.6000000000000001,-0.7,0.05161532125431135,1
0.6000000000000001,-0.675,0.03559439211472473,1
0.6000000000000001,-0.6499999999999999,0.039080235992788946,1
0.6000000000000001,-0.625,0.05868090671235924,1
0.6000000000000001,-0.6,0.0836881039375368,1
0.6000000000000001,-0.575,0.1103905091245091,1
0.6000000000000001,-0.55,0.13769021423711422,1
0.6000000000000001,-0.5249999999999999,0.16516517675693132,1
0.6000000000000001,-0.5,0.19260733290544368,1
0.6000000000000001,-0.475,0.2198913613279924,1
0.6000000000000001,-0.44999999999999996,0.24692919105261898,1
0.6000000000000001,-0.42499999999999993,0.2736516231020471,1
0.6000000000000001,-0.3999999999999999,0.30000000000000004,1
0.6000000000000001,-0.375,0.32592208457438643,1
0.6000000000000001,-0.35,0.35136988015587944,1
0.6000000000000001,-0.32499999999999996,0.37629841784703216,1
0.6000000000000001,-0.29999999999999993,0.4006650567124213,1
0.6000000000000001,-0.2749999999999999,0.424429070476251,1
0.6000000000000001,-0.25,0.447551401298539,1
0.6000000000000001,-0.22499999999999998,0.4699945145323665,1
0.6000000000000001,-0.19999999999999996,0.4917223163312174,1
0.6000000000000001,-0.17499999999999993,0.5127001112966652,1
0.6000000000000001,-0.1499999999999999,0.532894586076941,1
0.6000000000000001,-0.125,0.5522738099600019,1
0.6000000000000001,-0.09999999999999998,0.5708072466179694,1
0.6000000000000001,-0.07499999999999996,0.5884657730993075,1
0.6000000000000001,-0.04999999999999993,0.6052217034030182,1
0.6000000000000001,-0.02499999999999991,0.6210488147768828,1
0.6000000000000001,0.0,0.6359223754196724,1
0.6000000000000001,0.025000000000000133,0.6498191726322955,1
0.6000000000000001,0.050000000000000044,0.6627175407150344,1
0.6000000000000001,0.07499999999999996,0.6745973880852572,1
0.6000000000000001,0.10000000000000009,0.6854402232166151,1
0.6000000000000001,0.125,0.6952291790927314,1
0.6000000000000001,0.15000000000000013,0.7039490359363204,1
0.6000000000000001,0.17500000000000004,0.7115862420257414,1
0.6000000000000001,0.20000000000000018,0.7181289324500595,1
0.6000000000000001,0.2250000000000001,0.7235669456841671,0
0.6000000000000001,0.25,0.7278918378898233,0
0.6000000000000001,0.27500000000000013,0.7310968948682568,0
0.6000000000000001,0.30000000000000004,0.7331771416065398,0
0.6000000000000001,0.3250000000000002,0.7341293493741448,0
0.6000000000000001,0.3500000000000001,0.7339520403386517,0
0.6000000000000001,0.375,0.7326454896810172,0
0.6000000000000001,0.40000000000000013,0.7302117252015761,0
0.6000000000000001,0.42500000000000004,0.7266545244184155,0
0.6000000000000001,0.4500000000000002,0.7219794091702749,1
0.6000000000000001,0.4750000000000001,0.7161936377470647,1
0.6000000000000001,0.5,0.7093061945828287,1
0.6000000000000001,0.5250000000000001,0.7013277775589987,1
0.6000000000000001,0.55,0.6922707829806348,1
0.6000000000000001,0.5750000000000002,0.6821492883058202,1
0.6000000000000001,0.6000000000000001,0.6709790327294303,1
0.6000000000000001,0.625,0.6587773957485248,1
0.6000000000000001,0.6500000000000001,0.6455633738694946,1
0.6000000000000001,0.675,0.631357555659503,1
0.6000000000000001,0.7000000000000002,0.6161820954005026,1
0.6000000000000001,0.7250000000000001,0.6000606856786965,1
0.6000000000000001,0.75,0.5830185293438247,1
0.6000000000000001,0.7750000000000001,0.5650823114131311,1
0.6000000000000001,0.8,0.5462801716924971,1
0.6000000000000001,0.8250000000000002,0.5266416791699163,1
0.6000000000000001,0.8500000000000001,0.5061978096479752,1
0.6000000000000001,0.875,0.48498092869182574,1
0.6000000000000001,0.9000000000000001,0.4630247828906511,1
0.6000000000000001,0.925,0.44036450385238407,1
0.6000000000000001,0.9500000000000002,0.41703663159544024,1
0.6000000000000001,0.9750000000000001,0.393079167632617,1
0.6000000000000001,1.0,0.368531674083956,1
0.625,-1.0,0.372013333272852,1
0.625,-0.975,0.3478404846208048,1
0.625,-0.95,0.3231347115725096,1
0.625,-0.925,0.29793495910127027,1
0.625,-0.9,0.27228126860779617,1
0.625,-0.875,0.2462149008000143,1
0.625,-0.85,0.21977859465937954,1
0.625,-0.825,0.19301709964175504,1
0.625,-0.8,0.16597830050911877,1
0.625,-0.775,0.13871576264239946,1
0.625,-0.75,0.11129516712197865,1
0.625,-0.725,0.08381358253769854,1
0.625,-0.7,0.05647501984509889,1
0.625,-0.675,0.030073140862337013,1
0.625,-0.6499999999999999,0.013553686477535437,1
0.625,-0.625,0.0321215973444372,1
0.625,-0.6,0.05868090671235931,1
0.625,-0.575,0.08604527396509883,1
0.625,-0.55,0.11352709490747159,1
0.625,-0.5249999999999999,0.1409378255626701,1
0.625,-0.5,0.16818440396798365,1
0.625,-0.475,0.19520256866615762,1
0.625,-0.44999999999999996,0.22193937542569797,1
0.625,-0.42499999999999993,0.24834726124373227,1
0.625,-0.3999999999999999,0.27438167077531583,1
0.625,-0.375,0.30000000000000004,1
0.625,-0.35,0.32516109451165837,1
0.625,-0.32499999999999996,0.3498250053210487,1
0.625,-0.29999999999999993,0.3739528736182138,1
0.625,-0.2749999999999999,0.39750688404146806,1
0.625,-0.25,0.4204502560199493,1
0.625,-0.22499999999999998,0.4427472569685638,1
0.625,-0.19999999999999996,0.4643632282549055,1
0.625,-0.17499999999999993,0.48526461863176096,1
0.625,-0.1499999999999999,0.505419021912394,1
0.625,-0.125,0.524795216860822,1
0.625,-0.09999999999999998,0.5433632079782532,1
0.625,-0.07499999999999996,0.5610942663004028,1
0.625,-0.04999999999999993,0.5779609695930189,1
0.625,-0.02499999999999991,0.5939372415088139,1
0.625,0.0,0.6089983893852956,1
0.625,0.025000000000000133,0.6231211404417492,1
0.625,0.050000000000000044,0.6362836761882339,1
0.625,0.07499999999999996,0.648465664898294,1
0.625,0.10000000000000009,0.6596482920253728,1
0.625,0.125,0.6698142884641244,1
0.625,0.15000000000000013,0.6789479565741475,1
0.625,0.17500000000000004,0.6870351938966061,1
0.625,0.20000000000000018,0.6940635145048089,1
0.625,0.2250000000000001,0.7000220679387184,1
0.625,0.25,0.7049016556810979,1
0.625,0.27500000000000013,0.7086947451398652,1
0.625,0.30000000000000004,0.7113954811074905,1
0.625,0.3250000000000002,0.7129996946740835,1
0.625,0.3500000000000001,0.7135049095763328,1
0.625,0.375,0.7129103459697468,1
0.625,0.40000000000000013,0.7112169216168001,1
0.625,0.42500000000000004,0.7084272504886676,1
0.625,0.4500000000000002,0.7045456387832744,1
0.625,0.4750000000000001,0.6995780783674748,1
0.625,0.5,0.6935322376563301,1
0.625,0.5250000000000001,0.6864174499477678,1
0.625,0.55,0.6782446992364284,1
0.625,0.5750000000000002,0.6690266035363613,1
0.625,0.6000000000000001,0.6587773957485248,1
0.625,0.625,0.6475129021159828,1
0.625,0.6500000000000001,0.6352505183174921,1
0.625,0.675,0.622009183259211,1
0.625,0.7000000000000002,0.6078093506350016,1
0.625,0.7250000000000001,0.5926729583390025,1
0.625,0.75,0.5766233958307809,1
0.625,0.7750000000000001,0.5596854695750771,1
0.625,0.8,0.5418853667071521,1
0.625,0.8250000000000002,0.523250617114623,1
0.625,0.8500000000000001,0.5038100541829047,1
0.625,0.875,0.4835937745325771,1
0.625,0.9000000000000001,0.46263309719716744,1
0.625,0.925,0.4409605228719176,1
0.625,0.9500000000000002,0.4186096941468981,1
0.625,0.9750000000000001,0.39561535808858983,1
0.625,1.0,0.3720133332728521,1
0.6500000000000001,-1.0,0.3753527241021225,1
0.6500000000000001,-0.975,0.35223116826905776,1
0.6500000000000001,-0.95,0.3285675077538531,1
0.6500000000000001,-0.925,0.304398465692388,1
0.6500000000000001,-0.9,0.27976163169307094,1
0.6500000000000001,-0.875,0.2546954488809075,1
0.6500000000000001,-0.85,0.22923923088149184,1
0.6500000000000001,-0.825,0.2034332374195864,1
0.6500000000000001,-0.8,0.17731887181318198,1
0.6500000000000001,-0.775,0.15093915374743508,1
0.6500000000000001,-0.75,0.12433988653548822,1
0.6500000000000001,-0.725,0.0975728649569624,1
0.6500000000000001,-0.7,0.0707065742140493,1
0.6500000000000001,-0.675,0.04387650976249643,1
0.6500000000000001,-0.6499999999999999,0.017793349817682685,1
0.6500000000000001,-0.625,0.01355368647753537,1
0.6500000000000001,-0.6,0.039080235992788835,1
0.6500000000000001,-0.575,0.06587113990927633,1
0.6500000000000001,-0.55,0.09274477761245936,1
0.6500000000000001,-0.5249999999999999,0.11953553733135239,1
0.6500000000000001,-0.5,0.14616906864499418,1
0.6500000000000001,-0.475,0.17259177179772311,1
0.6500000000000001,-0.44999999999999996,0.19875710357325854,1
0.6500000000000001,-0.42499999999999993,0.22462166183831098,1
0.6500000000000001,-0.3999999999999999,0.2501437994986591,1
0.6500000000000001,-0.375,0.27528307083209386,1
0.6500000000000001,-0.35,0.2999999999999999,1
0.6500000000000001,-0.32499999999999996,0.3242559897371644,1
0.6500000000000001,-0.29999999999999993,0.34801329657113067,1
0.6500000000000001,-0.2749999999999999,0.37123503970746474,1
0.6500000000000001,-0.25,0.3938852277143145,1
0.6500000000000001,-0.22499999999999998,0.4159287948260331,1
0.6500000000000001,-0.19999999999999996,0.4373316424034327,1
0.6500000000000001,-0.17499999999999993,0.4580606829911315,1
0.6500000000000001,-0.1499999999999999,0.4780838854347532,1
0.6500000000000001,-0.125,0.4973703200936478,1
0.6500000000000001,-0.09999999999999998,0.5158902035181258,1
0.6500000000000001,-0.07499999999999996,0.5336149421608357,1
0.6500000000000001,-0.04999999999999993,0.5505171748165701,1
0.6500000000000001,-0.02499999999999991,0.5665708135645927,1
0.6500000000000001,0.0,0.5817510830402519,1
0.6500000000000001,0.025000000000000133,0.5960345578984536,1
0.6500000000000001,0.050000000000000044,0.609399198356719,1
0.6500000000000001,0.07499999999999996,0.6218243837238213,1
0.6500000000000001,0.10000000000000009,0.6332909438337332,1
0.6500000000000001,0.125,0.6437811883153648,1
0.6500000000000001,0.15000000000000013,0.6532789336372729,1
0.6500000000000001,0.17500000000000004,0.6617695278738485,1
0.6500000000000001,0.20000000000000018,0.6692398731458629,1
0.6500000000000001,0.2250000000000001,0.6756784456939546,1
0.6500000000000001,0.25,0.6810753135488997,1
0.6500000000000001,0.27500000000000013,0.6854221517674203,1
0.6500000000000001,0.30000000000000004,0.6887122552069938,1
0.6500000000000001,0.3250000000000002,0.6909405488176618,1
0.6500000000000001,0.3500000000000001,0.6921035954332674,1
0.6500000000000001,0.375,0.6921996010489018,1
0.6500000000000001,0.40000000000000013,0.6912284175756506,1
0.6500000000000001,0.42500000000000004,0.689191543067994,1
0.6500000000000001,0.4500000000000002,0.6860921194234821,1
0.6500000000000001,0.4750000000000001,0.6819349275585574,1
0.6500000000000001,0.5,0.6767263800686694,1
0.6500000000000001,0.5250000000000001,0.670474511385118,1
0.6500000000000001,0.55,0.6631889654454145,1
0.6500000000000001,0.5750000000000002,0.6548809808983505,1
0.6500000000000001,0.6000000000000001,0.6455633738694946,1
0.6500000000000001,0.625,0.6352505183174921,1
0.6500000000000001,0.6500000000000001,0.6239583240164284,1
0.6500000000000001,0.675,0.6117042122046915,1
0.6500000000000001,0.7000000000000002,0.598507088946392,1
0.6500000000000001,0.7250000000000001,0.5843873162576232,1
0.6500000000000001,0.75,0.569366681056973,1
0.6500000000000001,0.7750000000000001,0.5534683620081222,1
0.6500000000000001,0.8,0.5367168943326699,1
0.6500000000000001,0.8250000000000002,0.5191381326844411,1
0.6500000000000001,0.8500000000000001,0.5007592121938447,1
0.6500000000000001,0.875,0.4816085078145241,1
0.6500000000000001,0.9000000000000001,0.46171559213807906,1
0.6500000000000001,0.925,0.4411111918916568,1
0.6500000000000001,0.9500000000000002,0.4198271434071076,1
0.6500000000000001,0.9750000000000001,0.3978963474651982,1
0.6500000000000001,1.0,0.3753527241021226,1
0.675,-1.0,0.378533287525758,1
0.675,-0.975,0.35658145459611723,1
0.675,-0.95,0.3340930870492815,1
0.675,-0.925,0.31110574046134337,1
0.675,-0.9,0.2876587338016443,1
0.675,-0.875,0.26379356231177636,1
0.675,-0.85,0.2395546071012108,1
0.675,-0.825,0.21499038791371897,1
0.675,-0.8,0.19015586800724754,1
0.675,-0.775,0.16511694249466843,1
0.675,-0.75,0.1399598628742502,1
0.675,-0.725,0.11481309872331656,1
0.675,-0.7,0.08990526958295812,1
0.675,-0.675,0.06574899530116413,1
0.675,-0.6499999999999999,0.04387650976249617,1
0.675,-0.625,0.030073140862337013,1
0.675,-0.6,0.0355943921147248,1
0.675,-0.575,0.05486905875998298,1
0.675,-0.55,0.07825983758732614,1
0.675,-0.5249999999999999,0.1029064025459116,1
0.675,-0.5,0.12797836201052953,1
0.675,-0.475,0.15315062221991807,1
0.675,-0.44999999999999996,0.17825838999282476,1
0.675,-0.42499999999999993,0.20319936350067214,1
0.675,-0.3999999999999999,0.22789962643883158,1
0.675,-0.375,0.25229977954907307,1
0.675,-0.35,0.2763486196642553,1
0.675,-0.32499999999999996,0.30000000000000016,1
0.675,-0.29999999999999993,0.3232111656896367,1
0.675,-0.2749999999999999,0.3459418276432913,1
0.675,-0.25,0.3681536295643369,1
0.675,-0.22499999999999998,0.3898098352958076,1
0.675,-0.19999999999999996,0.41087514498095945,1
0.675,-0.17499999999999993,0.43131558921265534,1
0.675,-0.1499999999999999,0.45109847175805806,1
0.675,-0.125,0.47019234321196557,1
0.675,-0.09999999999999998,0.4885669946482524,1
0.675,-0.07499999999999996,0.5061934643023938,1
0.675,-0.04999999999999993,0.5230440527276213,1
0.675,-0.02499999999999991,0.5390923433716638,1
0.675,0.0,0.5543132264832252,1
0.675,0.025000000000000133,0.5686829248864598,1
0.675,0.050000000000000044,0.5821790205814554,1
0.675,0.07499999999999996,0.5947804814141943,1
0.675,0.10000000000000009,0.6064676872570675,1
0.675,0.125,0.6172224552802372,1
0.675,0.15000000000000013,0.6270280639938584,1
0.675,0.17500000000000004,0.6358692758138343,1
0.675,0.20000000000000018,0.6437323579576467,1
0.675,0.2250000000000001,0.6506051015174364,1
0.675,0.25,0.6564768385887826,1
0.675,0.27500000000000013,0.6613384573581454,1
0.675,0.30000000000000004,0.6651824150716231,1
0.675,0.3250000000000002,0.668002748823827,1
0.675,0.3500000000000001,0.6697950841192872,1
0.675,0.375,0.6705566411705841,1
0.675,0.40000000000000013,0.6702862389078897,1
0.675,0.42500000000000004,0.6689842966842309,1
0.675,0.4500000000000002,0.6666528336698996,1
0.675,0.4750000000000001,0.6632954659383405,1
0.675,0.5,0.6589174012548183,1
0.675,0.5250000000000001,0.653525431588514,1
0.675,0.55,0.64712792337873,1
0.675,0.5750000000000002,0.6397348055969936,1
0.675,0.6000000000000001,0.631357555659503,1
0.675,0.625,0.622009183259211,1
0.675,0.6500000000000001,0.6117042122046915,1
0.675,0.675,0.6004586603749683,1
0.675,0.7000000000000002,0.5882900179272531,1
0.675,0.7250000000000001,0.5752172239303347,1
0.675,0.75,0.5612606416433513,1
0.675,0.7750000000000001,0.5464420327225541,1
0.675,0.8,0.5307845307242639,1
0.675,0.8250000000000002,0.5143126143907433,1
0.675,0.8500000000000001,0.4970520813726123,1
0.675,0.875,0.47903002328052746,1
0.675,0.9000000000000001,0.46027480330741116,1
0.675,0.925,0.44081603818014925,1
0.675,0.9500000000000002,0.42068458698360545,1
0.675,0.9750000000000001,0.3999125506124429,1
0.675,1.0,0.3785332875257581,1
0.7000000000000002,-1.0,0.3815396228837007,1
0.7000000000000002,-0.975,0.360866464623732,1
0.7000000000000002,-0.95,0.3396736933143199,1
0.7000000000000002,-0.925,0.31800134380929207,1
0.7000000000000002,-0.9,0.29589253491506085,1
0.7000000000000002,-0.875,0.2733944208207389,1
0.7000000000000002,-0.85,0.250559715185582,1
0.7000000000000002,-0.825,0.22744920522513,1
0.7000000000000002,-0.8,0.20413605316024336,1
0.7000000000000002,-0.775,0.1807134908888989,1
0.7000000000000002,-0.75,0.1573093418540333,1
0.7000000000000002,-0.725,0.1341152218226748,1
0.7000000000000002,-0.7,0.11144967660473126,1
0.7000000000000002,-0.675,0.0899052695829583,1
0.7000000000000002,-0.6499999999999999,0.07070657421404924,1
0.7000000000000002,-0.625,0.05647501984509904,1
0.7000000000000002,-0.6,0.05161532125431149,1
0.7000000000000002,-0.575,0.05853886544805527,1
0.7000000000000002,-0.55,0.07397768561821873,1
0.7000000000000002,-0.5249999999999999,0.09375086849584718,1
0.7000000000000002,-0.5,0.11556787354934984,1
0.7000000000000002,-0.475,0.13836425425186763,1
0.7000000000000002,-0.44999999999999996,0.16161601483417104,1
0.7000000000000002,-0.42499999999999993,0.18503550460129406,1
0.7000000000000002,-0.3999999999999999,0.2084462025199955,1
0.7000000000000002,-0.375,0.23172826180209155,1
0.7000000000000002,-0.35,0.2547929718773198,1
0.7000000000000002,-0.32499999999999996,0.2775698990242161,1
0.7000000000000002,-0.29999999999999993,0.29999999999999993,1
0.7000000000000002,-0.2749999999999999,0.32203173819253095,1
0.7000000000000002,-0.25,0.3436187969566665,1
0.7000000000000002,-0.22499999999999998,0.3647186851494673,1
0.7000000000000002,-0.19999999999999996,0.38529186254709147,1
0.7000000000000002,-0.17499999999999993,0.40530117945507477,1
0.7000000000000002,-0.1499999999999999,0.42471151229038717,1
0.7000000000000002,-0.125,0.4434895247682837,1
0.7000000000000002,-0.09999999999999998,0.46160351148870243,1
0.7000000000000002,-0.07499999999999996,0.47902329664650445,1
0.7000000000000002,-0.04999999999999993,0.4957201702098224,1
0.7000000000000002,-0.02499999999999991,0.5116668498756222,1
0.7000000000000002,0.0,0.5268374608993979,1
0.7000000000000002,0.025000000000000133,0.5412075283540778,1
0.7000000000000002,0.050000000000000044,0.5547539780004921,1
0.7000000000000002,0.07499999999999996,0.5674551430488982,1
0.7000000000000002,0.10000000000000009,0.5792907748434293,1
0.7000000000000002,0.125,0.5902420560255376,1
0.7000000000000002,0.15000000000000013,0.6002916151032607,1
0.7000000000000002,0.17500000000000004,0.6094235416191417,1
0.7000000000000002,0.20000000000000018,0.6176234013031885,1
0.7000000000000002,0.2250000000000001,0.6248782507400213,1
0.7000000000000002,0.25,0.6311766511861889,1
0.7000000000000002,0.27500000000000013,0.6365086812547146,1
0.7000000000000002,0.30000000000000004,0.6408659482464816,1
0.7000000000000002,0.3250000000000002,0.6442415979571459,1
0.7000000000000002,0.3500000000000001,0.6466303228275598,1
0.7000000000000002,0.375,0.6480283683378812,1
0.7000000000000002,0.40000000000000013,0.6484335375726453,1
0.7000000000000002,0.42500000000000004,0.6478451939076306,1
0.7000000000000002,0.4500000000000002,0.6462642617905876,1
0.7000000000000002,0.4750000000000001,0.6436932256078477,1
0.7000000000000002,0.5,0.6401361266484205,1
0.7000000000000002,0.5250000000000001,0.6355985581972993,1
0.7000000000000002,0.55,0.6300876588112817,1
0.7000000000000002,0.5750000000000002,0.6236121038547164,1
0.7000000000000002,0.6000000000000001,0.6161820954005026,1
0.7000000000000002,0.625,0.6078093506350016,1
0.7000000000000002,0.6500000000000001,0.598507088946392,1
0.7000000000000002,0.675,0.5882900179272531,1
0.7000000000000002,0.7000000000000002,0.5771743185876873,1
0.7000000000000002,0.7250000000000001,0.5651776301605171,1
0.7000000000000002,0.75,0.552319034992652,1
0.7000000000000002,0.7750000000000001,0.5386190441675868,1
0.7000000000000002,0.8,0.5240995847090076,1
0.7000000000000002,0.8250000000000002,0.5087839894979856,1
0.7000000000000002,0.8500000000000001,0.4926969914310147,1
0.7000000000000002,0.875,0.4758647239058207,1
0.7000000000000002,0.9000000000000001,0.4583147305274623,1
0.7000000000000002,0.925,0.44007598810554993,1
0.7000000000000002,0.9500000000000002,0.42117894876679884,1
0.7000000000000002,0.9750000000000001,0.40165560966519404,1
0.7000000000000002,1.0,0.38153962288370075,1
0.7250000000000001,-1.0,0.38435749204556474,1
0.7250000000000001,-0.975,0.36506253790050874,1
0.7250000000000001,-0.95,0.3452730900042601,1
0.7250000000000001,-0.925,0.3250321507225682,1
0.7250000000000001,-0.9,0.3043870601029651,1
0.7250000000000001,-0.875,0.2833908460856725,1
0.7250000000000001,-0.85,0.2621042806132723,1
0.7250000000000001,-0.825,0.2405990841029089,1
0.7250000000000001,-0.8,0.21896305506921593,1
0.7250000000000001,-0.775,0.19730853269601628,1
0.7250000000000001,-0.75,0.1757868235908609,1
0.7250000000000001,-0.725,0.15461363383112858,1
0.7250000000000001,-0.7,0.13411522182267477,1
0.7250000000000001,-0.675,0.1148130987233167,1
0.7250000000000001,-0.6499999999999999,0.09757286495696232,1
0.7250000000000001,-0.625,0.08381358253769869,1
0.7250000000000001,-0.6,0.07556581685203317,1
0.7250000000000001,-0.575,0.07473283501423851,1
0.7250000000000001,-0.55,0.08154692116394069,1
0.7250000000000001,-0.5249999999999999,0.09433100421976792,1
0.7250000000000001,-0.5,0.11097949485672505,1
0.7250000000000001,-0.475,0.12993520051028035,1
0.7250000000000001,-0.44999999999999996,0.15023417468191894,1
0.7250000000000001,-0.42499999999999993,0.17129751263299614,1
0.7250000000000001,-0.3999999999999999,0.19276668074160314,1
0.7250000000000001,-0.375,0.2144075188863899,1
0.7250000000000001,-0.35,0.23605779863951853,1
0.7250000000000001,-0.32499999999999996,0.2575984568960031,1
0.7250000000000001,-0.29999999999999993,0.2789373873604333,1
0.7250000000000001,-0.2749999999999999,0.3,1
0.7250000000000001,-0.25,0.3207235369211621,1
0.7250000000000001,-0.22499999999999998,0.34105354298241664,1
0.7250000000000001,-0.19999999999999996,0.3609416132450919,1
0.7250000000000001,-0.17499999999999993,0.38034392051498356,1
0.7250000000000001,-0.1499999999999999,0.39922023303554327,1
0.7250000000000001,-0.125,0.41753324807957676,1
0.7250000000000001,-0.09999999999999998,0.4352481338338982,1
0.7250000000000001,-0.07499999999999996,0.4523322114467544,1
0.7250000000000001,-0.04999999999999993,0.4687547330999791,1
0.7250000000000001,-0.02499999999999991,0.4844867269016914,1
0.7250000000000001,0.0,0.499500888897874,1
0.7250000000000001,0.025000000000000133,0.5137715086718632,1
0.7250000000000001,0.050000000000000044,0.5272744190838702,1
0.7250000000000001,0.07499999999999996,0.5399869634518822,1
0.7250000000000001,0.10000000000000009,0.5518879753565904,1
0.7250000000000001,0.125,0.5629577675600269,1
0.7250000000000001,0.15000000000000013,0.5731781274486334,1
0.7250000000000001,0.17500000000000004,0.5825323170693314,1
0.7250000000000001,0.20000000000000018,0.5910050763031383,1
0.7250000000000001,0.2250000000000001,0.5985826280695654,1
0.7250000000000001,0.25,0.6052526847137137,1
0.7250000000000001,0.27500000000000013,0.6110044549222668,1
0.7250000000000001,0.30000000000000004,0.6158286506624853,1
0.7250000000000001,0.3250000000000002,0.6197174937524941,1
0.7250000000000001,0.3500000000000001,0.6226647217607667,1
0.7250000000000001,0.375,0.6246655930043843,1
0.7250000000000001,0.40000000000000013,0.6257168904742845,1
0.7250000000000001,0.42500000000000004,0.6258169245650498,1
0.7250000000000001,0.4500000000000002,0.6249655345297088,1
0.7250000000000001,0.4750000000000001,0.6231640886188908,1
0.7250000000000001,0.5,0.6204154829005066,1
0.7250000000000001,0.5250000000000001,0.6167241387927636,1
0.7250000000000001,0.55,0.6120959993816046,1
0.7250000000000001,0.5750000000000002,0.6065385246355512,1
0.7250000000000001,0.6000000000000001,0.6000606856786965,1
0.7250000000000001,0.625,0.5926729583390025,1
0.7250000000000001,0.6500000000000001,0.5843873162576232,1
0.7250000000000001,0.675,0.5752172239303347,1
0.7250000000000001,0.7000000000000002,0.5651776301605171,1
0.7250000000000001,0.7250000000000001,0.554284962543025,1
0.7250000000000001,0.75,0.542557123781545,1
0.7250000000000001,0.7750000000000001,0.5300134908853392,1
0.7250000000000001,0.8,0.5166749186184222,1
0.7250000000000001,0.8250000000000002,0.5025637490195791,1
0.7250000000000001,0.8500000000000001,0.48770382942557394,1
0.7250000000000001,0.875,0.4721205422870745,1
0.7250000000000001,0.9000000000000001,0.455840851279733,1
0.7250000000000001,0.925,0.43889336995335376,1
0.7250000000000001,0.9500000000000002,0.42130846169723435,1
0.7250000000000001,0.9750000000000001,0.40311838355179064,1
0.7250000000000001,1.0,0.3843574920455648,1
0.75,-1.0,0.3869738199691668,1
0.75,-0.975,0.3691472710284652,1
0.75,-0.95,0.3508566819051647,1
0.75,-0.925,0.33214761932417997,1
0.75,-0.9,0.31307088648584314,1
0.75,-0.875,0.29368403949295874,1
0.75,-0.85,0.274053588725143,1
0.75,-0.825,0.25425824584693896,1
0.75,-0.8,0.23439379485588477,1
0.75,-0.775,0.2145805248109448,1
0.75,-0.75,0.1949747468305832,1
0.75,-0.725,0.17578682359086079,1
0.75,-0.7,0.15730934185403317,1
0.75,-0.675,0.1399598628742502,1
0.75,-0.6499999999999999,0.12433988653548801,1
0.75,-0.625,0.11129516712197865,1
0.75,-0.6,0.10191336858281688,1
0.75,-0.575,0.09732369282799229,1
0.75,-0.55,0.09822907655435129,1
0.75,-0.5249999999999999,0.10448154864416297,1
0.75,-0.5,0.11517992255649799,1
0.75,-0.475,0.1291685893770807,1
0.75,-0.44999999999999996,0.14542919234944335,1
0.75,-0.42499999999999993,0.16320006768936277,1
0.75,-0.3999999999999999,0.18194654803929058,1
0.75,-0.375,0.2012973206036996,1
0.75,-0.35,0.2209903491191804,1
0.75,-0.32499999999999996,0.24083530481169815,1
0.75,-0.29999999999999993,0.26068915490759426,1
0.75,-0.2749999999999999,0.28044058075739914,1
0.75,-0.25,0.30000000000000004,1
0.75,-0.22499999999999998,0.31929309726678273,1
0.75,-0.19999999999999996,0.33825656139054455,1
0.75,-0.17499999999999993,0.3568352280363497,1
0.75,-0.1499999999999999,0.37498013219111986,1
0.75,-0.125,0.39264716007241157,1
0.75,-0.09999999999999998,0.4097961028934477,1
0.75,-0.07499999999999996,0.42638998460046473,1
0.75,-0.04999999999999993,0.44239457936772,1
0.75,-0.02499999999999991,0.4577780624525103,1
0.75,0.0,0.4725107560258506,1
0.75,0.025000000000000133,0.48656494344936835,1
0.75,0.050000000000000044,0.49991473339375386,1
0.75,0.07499999999999996,0.5125359605714799,1
0.75,0.10000000000000009,0.5244061135576304,1
0.75,0.125,0.5355042827548144,1
0.75,0.15000000000000013,0.5458111233829155,1
0.75,0.17500000000000004,0.5553088296799247,1
0.75,0.20000000000000018,0.5639811174451743,1
0.75,0.2250000000000001,0.5718132127482799,1
0.75,0.25,0.5787918451395113,1
0.75,0.27500000000000013,0.5849052440810268,1
0.75,0.30000000000000004,0.5901431376090897,1
0.75,0.3250000000000002,0.5944967524603235,1
0.75,0.3500000000000001,0.5979588150683891,1
0.75,0.375,0.6005235529743533,1
0.75,0.40000000000000013,0.6021866963041885,1
0.75,0.42500000000000004,0.6029454790575783,1
0.75,0.4500000000000002,0.6027986400290973,1
0.75,0.4750000000000001,0.6017464232503318,1
0.75,0.5,0.5997905779032622,1
0.75,0.5250000000000001,0.5969343577144686,1
0.75,0.55,0.5931825198994308,1
0.75,0.5750000000000002,0.5885413237894492,1
0.75,0.6000000000000001,0.5830185293438247,1
0.75,0.625,0.5766233958307809,1
0.75,0.6500000000000001,0.569366681056973,1
0.75,0.675,0.5612606416433513,1
0.75,0.7000000000000002,0.552319034992652,1
0.75,0.7250000000000001,0.542557123781545,1
0.75,0.75,0.5319916840530968,1
0.75,0.7750000000000001,0.5206410183028559,1
0.75,0.8,0.5085249753727882,1
0.75,0.8250000000000002,0.49566497953143346,1
0.75,0.8500000000000001,0.48208407188329744,1
0.75,0.875,0.4678069682985922,1
0.75,0.9000000000000001,0.45286013950776544,1
0.75,0.925,0.437271921044635,1
0.75,0.9500000000000002,0.42107266361960394,1
0.75,0.9750000000000001,0.4042949386758084,1
0.75,1.0,0.38697381996916685,1
0.7750000000000001,-1.0,0.38937669267176356,1
0.7750000000000001,-0.975,0.37309954238881177,1
0.7750000000000001,-0.95,0.35639159297030215,1
0.7750000000000001,-0.925,0.33929994216347475,1
0.7750000000000001,-0.9,0.32187734800296014,1
0.7750000000000001,-0.875,0.30418369093824255,1
0.7750000000000001,-0.85,0.2862879984803471,1
0.7750000000000001,-0.825,0.2682712737724564,1
0.7750000000000001,-0.8,0.250230478858894,1
0.7750000000000001,-0.775,0.23228417592002165,1
0.7750000000000001,-0.75,0.21458052481094492,1
0.7750000000000001,-0.725,0.19730853269601634,1
0.7750000000000001,-0.7,0.1807134908888989,1
0.7750000000000001,-0.675,0.1651169424946686,1
0.7750000000000001,-0.6499999999999999,0.15093915374743508,1
0.7750000000000001,-0.625,0.13871576264239963,1
0.7750000000000001,-0.6,0.12908809966765944,1
0.7750000000000001,-0.575,0.12273364810867646,1
0.7750000000000001,-0.55,0.12021381455613811,1
0.7750000000000001,-0.5249999999999999,0.12178238915988704,1
0.7750000000000001,-0.5,0.1272791239092198,1
0.7750000000000001,-0.475,0.13619836979985045,1
0.7750000000000001,-0.44999999999999996,0.14787333535980862,1
0.7750000000000001,-0.42499999999999993,0.16164501233218284,1
0.7750000000000001,-0.3999999999999999,0.17695048961780208,1
0.7750000000000001,-0.375,0.19334339811462978,1
0.7750000000000001,-0.35,0.2104810364475457,1
0.7750000000000001,-0.32499999999999996,0.22810216860440008,1
0.7750000000000001,-0.29999999999999993,0.24600613754128592,1
0.7750000000000001,-0.2749999999999999,0.2640363496330066,1
0.7750000000000001,-0.25,0.28206812033363876,1
0.7750000000000001,-0.22499999999999998,0.29999999999999993,1
0.7750000000000001,-0.19999999999999996,0.3177476503109284,1
0.7750000000000001,-0.17499999999999993,0.33523952376255417,1
0.7750000000000001,-0.1499999999999999,0.35241380053300975,1
0.7750000000000001,-0.125,0.369216200293339,1
0.7750000000000001,-0.09999999999999998,0.38559840531401374,1
0.7750000000000001,-0.07499999999999996,0.40151691381728294,1
0.7750000000000001,-0.04999999999999993,0.41693219890315475,1
0.7750000000000001,-0.02499999999999991,0.4318080866381363,1
0.7750000000000001,0.0,0.4461112928989646,1
0.7750000000000001,0.025000000000000133,0.45981107633162366,1
0.7750000000000001,0.050000000000000044,0.4728789770206298,1
0.7750000000000001,0.07499999999999996,0.485288618963859,1
0.7750000000000001,0.10000000000000009,0.4970155604109072,1
0.7750000000000001,0.125,0.5080371803472405,1
0.7750000000000001,0.15000000000000013,0.5183325924289381,1
0.7750000000000001,0.17500000000000004,0.5278825798570081,1
0.7750000000000001,0.20000000000000018,0.536669546274088,1
0.7750000000000001,0.2250000000000001,0.544677478940651,1
0.7750000000000001,0.25,0.5518919213214181,1
0.7750000000000001,0.27500000000000013,0.5582999528688247,1
0.7750000000000001,0.30000000000000004,0.5638901742881629,1
0.7750000000000001,0.3250000000000002,0.5686526969506073,1
0.7750000000000001,0.3500000000000001,0.5725791354162278,1
0.7750000000000001,0.375,0.5756626022615368,1
0.7750000000000001,0.40000000000000013,0.5778977045915473,1
0.7750000000000001,0.42500000000000004,0.579280541767046,1
0.7750000000000001,0.4500000000000002,0.5798087040031819,1
0.7750000000000001,0.4750000000000001,0.5794812716028851,1
0.7750000000000001,0.5,0.5782988146839732,1
0.7750000000000001,0.5250000000000001,0.5762633933470441,1
0.7750000000000001,0.55,0.5733785583168876,1
0.7750000000000001,0.5750000000000002,0.5696493521773858,1
0.7750000000000001,0.6000000000000001,0.5650823114131311,1
0.7750000000000001,0.625,0.5596854695750771,1
0.7750000000000001,0.6500000000000001,0.5534683620081222,1
0.7750000000000001,0.675,0.5464420327225541,1
0.7750000000000001,0.7000000000000002,0.5386190441675868,1
0.7750000000000001,0.7250000000000001,0.5300134908853392,1
0.7750000000000001,0.75,0.5206410183028559,1
0.7750000000000001,0.7750000000000001,0.510518848278873,1
0.7750000000000001,0.8,0.4996658134892469,1
0.7750000000000001,0.8250000000000002,0.48810240334938193,1
0.7750000000000001,0.8500000000000001,0.4758508249881121,1
0.7750000000000001,0.875,0.46293508388210963,1
0.7750000000000001,0.9000000000000001,0.449381090242209,1
0.7750000000000001,0.925,0.4352167992697795,1
0.7750000000000001,0.9500000000000002,0.42047239619952115,1
0.7750000000000001,0.9750000000000001,0.40518054094674716,1
0.7750000000000001,1.0,0.3893766926717636,1
0.8,-1.0,0.39155535343438114,1
0.8,-0.975,0.3768995259605824,1
0.8,-0.95,0.3618467093217599,1
0.8,-0.925,0.34644410766910716,1
0.8,-0.9,0.33074453823296107,1
0.8,-0.875,0.31480768368846757,1
0.8,-0.85,0.29870174679417716,1
0.8,-0.825,0.2825056417071147,1
0.8,-0.8,0.26631189606246314,1
0.8,-0.775,0.2502304788588939,1
0.8,-0.75,0.23439379485588477,1
0.8,-0.725,0.21896305506921585,1
0.8,-0.7,0.20413605316024322,1
0.8,-0.675,0.19015586800724754,1
0.8,-0.6499999999999999,0.1773188718131818,1
0.8,-0.625,0.16597830050911877,1
0.8,-0.6,0.15653657317272518,1
0.8,-0.575,0.1494170801550943,1
0.8,-0.55,0.1450086931415616,1
0.8,-0.5249999999999999,0.14358925002591982,1
0.8,-0.5,0.14525510101061892,1
0.8,-0.475,0.14989352702239506,1
0.8,-0.44999999999999996,0.15721484487479345,1
0.8,-0.42499999999999993,0.16682474642268638,1
0.8,-0.3999999999999999,0.17829984963016063,1
0.8,-0.375,0.19124097811707952,1
0.8,-0.35,0.20529938553345878,1
0.8,-0.32499999999999996,0.2201832062314133,1
0.8,-0.29999999999999993,0.23565332094067293,1
0.8,-0.2749999999999999,0.25151519006447476,1
0.8,-0.25,0.26761018624975264,1
0.8,-0.22499999999999998,0.28380792306179753,1
0.8,-0.19999999999999996,0.3,1
0.8,-0.17499999999999993,0.3160951105775034,1
0.8,-0.1499999999999999,0.3320152975617383,1
0.8,-0.125,0.347693115421057,1
0.8,-0.09999999999999998,0.3630694879922171,1
0.8,-0.07499999999999996,0.37809209063336396,1
0.8,-0.04999999999999993,0.3927141253890543,1
0.8,-0.02499999999999991,0.4068933902123078,1
0.8,0.0,0.4205915685785902,1
0.8,0.025000000000000133,0.4337736848786593,1
0.8,0.050000000000000044,0.44640768509909845,1
0.8,0.07499999999999996,0.4584641126891811,1
0.8,0.10000000000000009,0.46991585713996437,1
0.8,0.125,0.48073795840688904,1
0.8,0.15000000000000013,0.49090745443986633,1
0.8,0.17500000000000004,0.5004032621458152,1
0.8,0.20000000000000018,0.5092060843883721,1
0.8,0.2250000000000001,0.5172983373379145,1
0.8,0.25,0.5246640937738921,1
0.8,0.27500000000000013,0.5312890389206967,1
0.8,0.30000000000000004,0.5371604361479728,1
0.8,0.3250000000000002,0.542267100444912,1
0.8,0.3500000000000001,0.5465993780287556,1
0.8,0.375,0.5501491308023914,1
0.8,0.40000000000000013,0.5529097246584311,1
0.8,0.42500000000000004,0.5548760208555134,1
0.8,0.4500000000000002,0.5560443698805866,1
0.8,0.4750000000000001,0.5564126073693118,1
0.8,0.5,0.5559800517940522,1
0.8,0.5250000000000001,0.5547475037522104,1
0.8,0.55,0.5527172468030256,1
0.8,0.5750000000000002,0.549893049913825,1
0.8,0.6000000000000001,0.5462801716924971,1
0.8,0.625,0.5418853667071521,1
0.8,0.6500000000000001,0.5367168943326699,1
0.8,0.675,0.5307845307242639,1
0.8,0.7000000000000002,0.5240995847090076,1
0.8,0.7250000000000001,0.5166749186184222,1
0.8,0.75,0.5085249753727882,1
0.8,0.7750000000000001,0.4996658134892469,1
0.8,0.8,0.4901151521454138,1
0.8,0.8250000000000002,0.47989242902083584,1
0.8,0.8500000000000001,0.4690188744043383,1
0.8,0.875,0.45751760605611846,1
0.8,0.9000000000000001,0.44541375063146776,1
0.8,0.925,0.4327345992210632,1
0.8,0.9500000000000002,0.41950980689661144,1
0.8,0.9750000000000001,0.4057716492857242,1
0.8,1.0,0.3915553534343812,1
0.8250000000000002,-1.0,0.3935001979064219,1
0.8250000000000002,-0.975,0.38052869671490724,1
0.8250000000000002,-0.95,0.367192695369433,1
0.8250000000000002,-0.925,0.3535378955541155,1
0.8250000000000002,-0.9,0.33961517767107136,1
0.8250000000000002,-0.875,0.3254815670202021,1
0.8250000000000002,-0.85,0.31120145205556293,1
0.8250000000000002,-0.825,0.29684811504786457,1
0.8250000000000002,-0.8,0.28250564170711473,1
0.8250000000000002,-0.775,0.2682712737724564,1
0.8250000000000002,-0.75,0.254258245846939,1
0.8250000000000002,-0.725,0.24059908410290892,1
0.8250000000000002,-0.7,0.22744920522512999,1
0.8250000000000002,-0.675,0.21499038791371905,1
0.8250000000000002,-0.6499999999999999,0.20343323741958635,1
0.8250000000000002,-0.625,0.19301709964175515,1
0.8250000000000002,-0.6,0.18400511547836076,1
0.8250000000000002,-0.575,0.17667166001947907,1
0.8250000000000002,-0.55,0.1712801415743961,1
0.8250000000000002,-0.5249999999999999,0.16805202452396775,1
0.8250000000000002,-0.5,0.16713293251251587,1
0.8250000000000002,-0.475,0.16856627413819225,1
0.8250000000000002,-0.44999999999999996,0.17228473903162211,1
0.8250000000000002,-0.42499999999999993,0.1781233575494148,1
0.8250000000000002,-0.3999999999999999,0.18584852093135432,1
0.8250000000000002,-0.375,0.19519201484806536,1
0.8250000000000002,-0.35,0.2058803782884442,1
0.8250000000000002,-0.32499999999999996,0.21765492333011857,1
0.8250000000000002,-0.29999999999999993,0.23028239837598258,1
0.8250000000000002,-0.2749999999999999,0.24355863594351687,1
0.8250000000000002,-0.25,0.25730790706347295,1
0.8250000000000002,-0.22499999999999998,0.2713801297365715,1
0.8250000000000002,-0.19999999999999996,0.2856473132024231,1
0.8250000000000002,-0.17499999999999993,0.3,1
0.8250000000000002,-0.1499999999999999,0.31434406118229996,1
0.8250000000000002,-0.125,0.3285979669249371,1
0.8250000000000002,-0.09999999999999998,0.3426905359215397,1
0.8250000000000002,-0.07499999999999996,0.3565591147016719,1
0.8250000000000002,-0.04999999999999993,0.37014812108851,1
0.8250000000000002,-0.02499999999999991,0.3834078861257908,1
0.8250000000000002,0.0,0.3962937360328674,1
0.8250000000000002,0.025000000000000133,0.40876526509444927,1
0.8250000000000002,0.050000000000000044,0.4207857595482669,1
0.8250000000000002,0.07499999999999996,0.4323217405803789,1
0.8250000000000002,0.10000000000000009,0.4433426012315169,1
0.8250000000000002,0.125,0.45382031741797857,1
0.8250000000000002,0.15000000000000013,0.4637292175502751,1
0.8250000000000002,0.17500000000000004,0.4730457985901692,1
0.8250000000000002,0.20000000000000018,0.48174857900665624,1
0.8250000000000002,0.2250000000000001,0.4898179811315474,1
0.8250000000000002,0.25,0.4972362370042218,1
0.8250000000000002,0.27500000000000013,0.5039873130348843,1
0.8250000000000002,0.30000000000000004,0.5100568497861173,1
0.8250000000000002,0.3250000000000002,0.5154321139354724,1
0.8250000000000002,0.3500000000000001,0.5201019600850081,1
0.8250000000000002,0.375,0.5240568005637994,1
0.8250000000000002,0.40000000000000013,0.5272885817548832,1
0.8250000000000002,0.42500000000000004,0.5297907657908382,1
0.8250000000000002,0.4500000000000002,0.5315583167193756,1
0.8250000000000002,0.4750000000000001,0.5325876904554563,1
0.8250000000000002,0.5,0.5328768280203671,1
0.8250000000000002,0.5250000000000001,0.5324251517297516,1
0.8250000000000002,0.55,0.5312335641392466,1
0.8250000000000002,0.5750000000000002,0.5293044496946956,1
0.8250000000000002,0.6000000000000001,0.5266416791699163,1
0.8250000000000002,0.625,0.523250617114623,1
0.8250000000000002,0.6500000000000001,0.5191381326844411,1
0.8250000000000002,0.675,0.5143126143907433,1
0.8250000000000002,0.7000000000000002,0.5087839894979856,1
0.8250000000000002,0.7250000000000001,0.5025637490195791,1
0.8250000000000002,0.75,0.49566497953143346,1
0.8250000000000002,0.7750000000000001,0.48810240334938193,1
0.8250000000000002,0.8,0.47989242902083584,1
0.8250000000000002,0.8250000000000002,0.47105321458544486,1
0.8250000000000002,0.8500000000000001,0.46160474669429,1
0.8250000000000002,0.875,0.45156893948109306,1
0.8250000000000002,0.9000000000000001,0.4409697581026266,1
0.8250000000000002,0.925,0.42983337317435133,1
0.8250000000000002,0.9500000000000002,0.41818835400561655,1
0.8250000000000002,0.9750000000000001,0.4060659106941062,1
0.8250000000000002,1.0,0.39350019790642193,1
0.8500000000000001,-1.0,0.3952027686474284,1
0.8500000000000001,-0.975,0.3839698296783726,1
0.8500000000000001,-0.95,0.37240198981386485,1
0.8500000000000001,-0.925,0.36054182588007494,1
0.8500000000000001,-0.9,0.34843639719346864,1
0.8500000000000001,-0.875,0.33613791802468157,1
0.8500000000000001,-0.85,0.3237045669318575,1
0.8500000000000001,-0.825,0.311201452055563,1
0.8500000000000001,-0.8,0.29870174679417727,1
0.8500000000000001,-0.775,0.2862879984803472,1
0.8500000000000001,-0.75,0.2740535887251432,1
0.8500000000000001,-0.725,0.2621042806132724,1
0.8500000000000001,-0.7,0.250559715185582,1
0.8500000000000001,-0.675,0.23955460710121096,1
0.8500000000000001,-0.6499999999999999,0.22923923088149184,1
0.8500000000000001,-0.625,0.21977859465937968,1
0.8500000000000001,-0.6,0.21134951423376225,1
0.8500000000000001,-0.575,0.20413473336501511,1
0.8500000000000001,-0.55,0.1983134605621418,1
0.8500000000000001,-0.5249999999999999,0.19404839316043912,1
0.8500000000000001,-0.5,0.19147051335454715,1
0.8500000000000001,-0.475,0.1906643429377469,1
0.8500000000000001,-0.44999999999999996,0.19165719597039746,1
0.8500000000000001,-0.42499999999999993,0.19441549446813114,1
0.8500000000000001,-0.3999999999999999,0.1988492829971423,1
0.8500000000000001,-0.375,0.20482355612844932,1
0.8500000000000001,-0.35,0.21217321047645357,1
0.8500000000000001,-0.32499999999999996,0.22071811942846795,1
0.8500000000000001,-0.29999999999999993,0.23027577917729858,1
0.8500000000000001,-0.2749999999999999,0.24067038580705366,1
0.8500000000000001,-0.25,0.2517383710865411,1
0.8500000000000001,-0.22499999999999998,0.263331069566465,1
0.8500000000000001,-0.19999999999999996,0.2753153742408384,1
0.8500000000000001,-0.17499999999999993,0.28757315185911525,1
0.8500000000000001,-0.1499999999999999,0.3,1
0.8500000000000001,-0.125,0.31250373595078274,1
0.8500000000000001,-0.09999999999999998,0.32500285367457343,1
0.8500000000000001,-0.07499999999999996,0.3374250771749545,1
0.8500000000000001,-0.04999999999999993,0.3497060693684183,1
0.8500000000000001,-0.02499999999999991,0.3617883145419906,1
0.8500000000000001,0.0,0.3736201700849307,1
0.8500000000000001,0.025000000000000133,0.3851550723249624,1
0.8500000000000001,0.050000000000000044,0.3963508771575502,1
0.8500000000000001,0.07499999999999996,0.4071693156807707,1
0.8500000000000001,0.10000000000000009,0.41757554640055344,1
0.8500000000000001,0.125,0.42753778769474615,1
0.8500000000000001,0.15000000000000013,0.4370270165428495,1
0.8500000000000001,0.17500000000000004,0.4460167217486296,1
0.8500000000000001,0.20000000000000018,0.4544827018743317,1
0.8500000000000001,0.2250000000000001,0.46240289982546834,1
0.8500000000000001,0.25,0.46975726747731694,1
0.8500000000000001,0.27500000000000013,0.4765276549425902,1
0.8500000000000001,0.30000000000000004,0.4826977200764526,1
0.8500000000000001,0.3250000000000002,0.48825285463320117,1
0.8500000000000001,0.3500000000000001,0.49318012415926443,1
0.8500000000000001,0.375,0.4974682192567013,1
0.8500000000000001,0.40000000000000013,0.5011074163031696,1
0.8500000000000001,0.42500000000000004,0.5040895460876763,1
0.8500000000000001,0.4500000000000002,0.506407969132352,1
0.8500000000000001,0.4750000000000001,0.5080575567322437,1
0.8500000000000001,0.5,0.5090346769687029,1
0.8500000000000001,0.5250000000000001,0.5093371851465418,1
0.8500000000000001,0.55,0.5089644182785767,1
0.8500000000000001,0.5750000000000002,0.5079171934002604,1
0.8500000000000001,0.6000000000000001,0.5061978096479752,1
0.8500000000000001,0.625,0.5038100541829047,1
0.8500000000000001,0.6500000000000001,0.5007592121938447,1
0.8500000000000001,0.675,0.4970520813726123,1
0.8500000000000001,0.7000000000000002,0.4926969914310147,1
0.8500000000000001,0.7250000000000001,0.48770382942557394,1
0.8500000000000001,0.75,0.48208407188329744,1
0.8500000000000001,0.7750000000000001,0.4758508249881121,1
0.8500000000000001,0.8,0.4690188744043383,1
0.8500000000000001,0.8250000000000002,0.46160474669429,1
0.8500000000000001,0.8500000000000001,0.453626784748085,1
0.8500000000000001,0.875,0.4451052402047058,1
0.8500000000000001,0.9000000000000001,0.4360623865277412,1
0.8500000000000001,0.925,0.4265226572344797,1
0.8500000000000001,0.9500000000000002,0.4165128147941866,1
0.8500000000000001,0.9750000000000001,0.40606215694367664,1
0.8500000000000001,1.0,0.3952027686474285,1
0.875,-1.0,0.39665574953338945,1
0.875,-0.975,0.38720699440328166,1
0.875,-0.95,0.37744878714125357,1
0.875,-0.925,0.36741907750003916,1
0.875,-0.9,0.35715947603648296,1
0.875,-0.875,0.34671567275790066,1
0.875,-0.85,0.33613791802468146,1
0.875,-0.825,0.3254815670202021,1
0.875,-0.8,0.31480768368846757,1
0.875,-0.775,0.30418369093824243,1
0.875,-0.75,0.29368403949295874,1
0.875,-0.725,0.28339084608567244,1
0.875,-0.7,0.2733944208207387,1
0.875,-0.675,0.26379356231177636,1
0.875,-0.6499999999999999,0.25469544888090734,1
0.875,-0.625,0.2462149008000143,1
0.875,-0.6,0.23847274666210558,1
0.875,-0.575,0.23159302197612308,1
0.875,-0.55,0.22569879567575107,1
0.875,-0.5249999999999999,0.22090659666003684,1
0.875,-0.5,0.21731971204468029,1
0.875,-0.475,0.21502101255293227,1
0.875,-0.44999999999999996,0.21406631560259723,1
0.875,-0.42499999999999993,0.21447945768934143,1
0.875,-0.3999999999999999,0.21625007549241163,1
0.875,-0.375,0.21933457907633824,1
0.875,-0.35,0.22366010271375408,1
0.875,-0.32499999999999996,0.22913060280354725,1
0.875,-0.29999999999999993,0.23563395529357933,1
0.875,-0.2749999999999999,0.24304894547357786,1
0.875,-0.25,0.25125134180047576,1
0.875,-0.22499999999999998,0.2601186353499565,1
0.875,-0.19999999999999996,0.2695333680528961,1
0.875,-0.17499999999999993,0.2793851986794942,1
0.875,-0.1499999999999999,0.2895719625370708,1
0.875,-0.125,0.3,1
0.875,-0.09999999999999998,0.3105839980262919,1
0.875,-0.07499999999999996,0.32124653774061623,1
0.875,-0.04999999999999993,0.33191748854222486,1
0.875,-0.02499999999999991,0.342533344018176,1
0.875,0.0,0.35303656001519806,1
0.875,0.025000000000000133,0.3633749301072332,1
0.875,0.050000000000000044,0.37350101663965535,1
0.875,0.07499999999999996,0.38337164453605554,1
0.875,0.10000000000000009,0.39294745834857425,1
0.875,0.125,0.4021925392262963,1
0.875,0.15000000000000013,0.4110740765498259,1
0.875,0.17500000000000004,0.4195620882245359,1
0.875,0.20000000000000018,0.42762918356440704,1
0.875,0.2250000000000001,0.4352503630239122,1
0.875,0.25,0.44240284955271003,1
0.875,0.27500000000000013,0.4490659469388725,1
0.875,0.30000000000000004,0.4552209211024383,1
0.875,0.3250000000000002,0.4608509008650439,1
0.875,0.3500000000000001,0.4659407952354168,1
0.875,0.375,0.4704772247083791,1
0.875,0.40000000000000013,0.4744484644771135,1
0.875,0.42500000000000004,0.47784439780877047,1
0.875,0.4500000000000002,0.4806564781377394,1
0.875,0.4750000000000001,0.4828776986953729,1
0.875,0.5,0.48450256872598396,1
0.875,0.5250000000000001,0.4855270955425365,1
0.875,0.55,0.48594877185726965,1
0.875,0.5750000000000002,0.48576656798769674,1
0.875,0.6000000000000001,0.48498092869182574,1
0.875,0.625,0.4835937745325771,1
0.875,0.6500000000000001,0.4816085078145241,1
0.875,0.675,0.47903002328052746,1
0.875,0.7000000000000002,0.4758647239058207,1
0.875,0.7250000000000001,0.4721205422870745,1
0.875,0.75,0.4678069682985922,1
0.875,0.7750000000000001,0.46293508388210963,1
0.875,0.8,0.45751760605611846,1
0.875,0.8250000000000002,0.45156893948109306,1
0.875,0.8500000000000001,0.4451052402047058,1
0.875,0.875,0.4381444925424255,1
0.875,0.9000000000000001,0.4307066014298641,1
0.875,0.925,0.4228135030186789,1
0.875,0.9500000000000002,0.41448929677988255,1
0.875,0.9750000000000001,0.4057604029239244,1
0.875,1.0,0.3966557495333895,1
0.9000000000000001,-1.0,0.39785296036391427,1
0.9000000000000001,-0.975,0.39022554626693284,1
0.9000000000000001,-0.95,0.3823090091525295,1
0.9000000000000001,-0.925,0.3741353880098196,1
0.9000000000000001,-0.9,0.36573956140660746,1
0.9000000000000001,-0.875,0.357159476036483,1
0.9000000000000001,-0.85,0.3484363971934686,1
0.9000000000000001,-0.825,0.3396151776710714,1
0.9000000000000001,-0.8,0.3307445382329612,1
0.9000000000000001,-0.775,0.32187734800296014,1
0.9000000000000001,-0.75,0.31307088648584325,1
0.9000000000000001,-0.725,0.3043870601029653,1
0.9000000000000001,-0.7,0.2958925349150609,1
0.9000000000000001,-0.675,0.2876587338016445,1
0.9000000000000001,-0.6499999999999999,0.27976163169307094,1
0.9000000000000001,-0.625,0.27228126860779633,1
0.9000000000000001,-0.6,0.26530089098847526,1
0.9000000000000001,-0.575,0.2589056328374406,1
0.9000000000000001,-0.55,0.25318066668826184,1
0.9000000000000001,-0.5249999999999999,0.24820879785066752,1
0.9000000000000001,-0.5,0.2440675479373603,1
0.9000000000000001,-0.475,0.24082587226338087,1
0.9000000000000001,-0.44999999999999996,0.23854076548941752,1
0.9000000000000001,-0.42499999999999993,0.23725410351003512,1
0.9000000000000001,-0.3999999999999999,0.23699011284249988,1
0.9000000000000001,-0.375,0.23775382338417111,1
0.9000000000000001,-0.35,0.23953073943153616,1
0.9000000000000001,-0.32499999999999996,0.2422877805345525,1
0.9000000000000001,-0.29999999999999993,0.24597534619870953,1
0.9000000000000001,-0.2749999999999999,0.2505302006956521,1
0.9000000000000001,-0.25,0.25587879396511665,1
0.9000000000000001,-0.22499999999999998,0.2619406400098293,1
0.9000000000000001,-0.19999999999999996,0.26863144623153123,1
0.9000000000000001,-0.17499999999999993,0.27586579272346606,1
0.9000000000000001,-0.1499999999999999,0.2835592675469562,1
0.9000000000000001,-0.125,0.29163005099058564,1
0.9000000000000001,-0.09999999999999998,0.3,1
0.9000000000000001,-0.07499999999999996,0.308595314444198,1
0.9000000000000001,-0.04999999999999993,0.31734687592158195,1
0.9000000000000001,-0.02499999999999991,0.32619034498976796,1
0.9000000000000001,0.0,0.3350660906234844,1
0.9000000000000001,0.025000000000000133,0.3439190111010285,1
0.9000000000000001,0.050000000000000044,0.3526982912871091,1
0.9000000000000001,0.07499999999999996,0.36135712888329347,1
0.9000000000000001,0.10000000000000009,0.36985245217267093,1
0.9000000000000001,0.125,0.3781446440627982,1
0.9000000000000001,0.15000000000000013,0.386197281537391,1
0.9000000000000001,0.17500000000000004,0.39397689558079674,1
0.9000000000000001,0.20000000000000018,0.4014527538641387,1
0.9000000000000001,0.2250000000000001,0.4085966666513772,1
0.9000000000000001,0.25,0.4153828152331337,1
0.9000000000000001,0.27500000000000013,0.42178760152226996,1
0.9000000000000001,0.30000000000000004,0.4277895170964044,1
0.9000000000000001,0.3250000000000002,0.4333690298390854,1
0.9000000000000001,0.3500000000000001,0.43850848633574463,1
0.9000000000000001,0.375,0.44319202826919674,1
0.9000000000000001,0.40000000000000013,0.44740552119610305,1
0.9000000000000001,0.42500000000000004,0.45113649424656366,1
0.9000000000000001,0.4500000000000002,0.45437408945859,1
0.9000000000000001,0.4750000000000001,0.45710901962831785,1
0.9000000000000001,0.5,0.4593335337201931,1
0.9000000000000001,0.5250000000000001,0.4610413890364044,1
0.9000000000000001,0.55,0.4622278294907805,1
0.9000000000000001,0.5750000000000002,0.462889569469528,1
0.9000000000000001,0.6000000000000001,0.4630247828906511,1
0.9000000000000001,0.625,0.46263309719716744,1
0.9000000000000001,0.6500000000000001,0.46171559213807906,1
0.9000000000000001,0.675,0.46027480330741116,1
0.9000000000000001,0.7000000000000002,0.4583147305274623,1
0.9000000000000001,0.7250000000000001,0.455840851279733,1
0.9000000000000001,0.75,0.45286013950776544,1
0.9000000000000001,0.7750000000000001,0.449381090242209,1
0.9000000000000001,0.8,0.44541375063146776,1
0.9000000000000001,0.8250000000000002,0.4409697581026266,1
0.9000000000000001,0.8500000000000001,0.4360623865277412,1
0.9000000000000001,0.875,0.4307066014298641,1
0.9000000000000001,0.9000000000000001,0.424919125429811,1
0.9000000000000001,0.925,0.4187185153048788,1
0.9000000000000001,0.9500000000000002,0.41212525219749335,1
0.9000000000000001,0.9750000000000001,0.4051618466631472,1
0.9000000000000001,1.0,0.3978529603639143,1
0.925,-1.0,0.39878935193146603,1
0.925,-0.975,0.3930121157481582,1
0.925,-0.95,0.38696027012701734,1
0.925,-0.925,0.3806589442783736,1
0.925,-0.9,0.37413538800981955,1
0.925,-0.875,0.36741907750003916,1
0.925,-0.85,0.36054182588007483,1
0.925,-0.825,0.35353789555411547,1
0.925,-0.8,0.34644410766910716,1
0.925,-0.775,0.33929994216347475,1
0.925,-0.75,0.33214761932417997,1
0.925,-0.725,0.32503215072256814,1
0.925,-0.7,0.31800134380929196,1
0.925,-0.675,0.31110574046134337,1
0.925,-0.6499999999999999,0.3043984656923879,1
0.925,-0.625,0.29793495910127027,1
0.925,-0.6,0.29177255928388973,1
0.925,-0.575,0.2859699115409657,1
0.925,-0.55,0.2805861732244078,1
0.925,-0.5249999999999999,0.2756800005056295,1
0.925,-0.5,0.27130831644420905,1
0.925,-0.475,0.26752488332391294,1
0.925,-0.44999999999999996,0.26437873107625237,1
0.925,-0.42499999999999993,0.2619125248819519,1
0.925,-0.3999999999999999,0.2601609832004395,1
0.925,-0.375,0.2591494755956508,1
0.925,-0.35,0.25889293119144396,1
0.925,-0.32499999999999996,0.25939516941557145,1
0.925,-0.29999999999999993,0.2606487255405245,1
0.925,-0.2749999999999999,0.2626351904143166,1
0.925,-0.25,0.26532602680270606,1
0.925,-0.22499999999999998,0.2686837752197632,1
0.925,-0.19999999999999996,0.27266352904259417,1
0.925,-0.17499999999999993,0.2772145464050086,1
0.925,-0.1499999999999999,0.2822818738399871,1
0.925,-0.125,0.28780787879773095,1
0.925,-0.09999999999999998,0.29373361805189036,1
0.925,-0.07499999999999996,0.3,1
0.925,-0.04999999999999993,0.3065487261054113,1
0.925,-0.02499999999999991,0.31332301759467984,1
0.925,0.0,0.3202681473688214,1
0.925,0.025000000000000133,0.327331804608309,1
0.925,0.050000000000000044,0.3344643221274903,1
0.925,0.07499999999999996,0.341618795697558,1
0.925,0.10000000000000009,0.348751121678078,1
0.925,0.125,0.35581997543982263,1
0.925,0.15000000000000013,0.3627867489642333,1
0.925,0.17500000000000004,0.36961546212265406,1
0.925,0.20000000000000018,0.376272658712179,1
0.925,0.2250000000000001,0.38272729544786654,1
0.925,0.25,0.3889506297851379,1
0.925,0.27500000000000013,0.39491611062305054,1
0.925,0.30000000000000004,0.4005992745480953,1
0.925,0.3250000000000002,0.4059776492431265,1
0.925,0.3500000000000001,0.4110306649352283,1
0.925,0.375,0.41573957422682317,1
0.925,0.40000000000000013,0.4200873802935585,1
0.925,0.42500000000000004,0.4240587731980415,1
0.925,0.4500000000000002,0.42764007392696307,1
0.925,0.4750000000000001,0.43081918568489025,1
0.925,0.5,0.4335855519516128,1
0.925,0.5250000000000001,0.43593012081697524,1
0.925,0.55,0.43784531513707714,1
0.925,0.5750000000000002,0.43932500810099206,1
0.925,0.6000000000000001,0.44036450385238407,1
0.925,0.625,0.4409605228719176,1
0.925,0.6500000000000001,0.4411111918916568,1
0.925,0.675,0.44081603818014925,1
0.925,0.7000000000000002,0.44007598810554993,1
0.925,0.7250000000000001,0.43889336995335376,1
0.925,0.75,0.437271921044635,1
0.925,0.7750000000000001,0.4352167992697795,1
0.925,0.8,0.4327345992210632,1
0.925,0.8250000000000002,0.42983337317435133,1
0.925,0.8500000000000001,0.4265226572344797,1
0.925,0.875,0.4228135030186789,1
0.925,0.9000000000000001,0.4187185153048788,1
0.925,0.925,0.4142518961127104,1
0.925,0.9500000000000002,0.4094294957085106,1
0.925,0.9750000000000001,0.4042688710231593,1
0.925,1.0,0.39878935193146603,1
0.9500000000000002,-1.0,0.39946100175214827,1
0.9500000000000002,-0.975,0.3955545965963421,1
0.9500000000000002,-0.95,0.39138183841659635,1
0.9500000000000002,-0.925,0.38696027012701734,1
0.9500000000000002,-0.9,0.3823090091525295,1
0.9500000000000002,-0.875,0.3774487871412537,1
0.9500000000000002,-0.85,0.3724019898138649,1
0.9500000000000002,-0.825,0.3671926953694331,1
0.9500000000000002,-0.8,0.36184670932176005,1
0.9500000000000002,-0.775,0.35639159297030226,1
0.9500000000000002,-0.75,0.35085668190516484,1
0.9500000000000002,-0.725,0.3452730900042603,1
0.9500000000000002,-0.7,0.33967369331431996,1
0.9500000000000002,-0.675,0.3340930870492816,1
0.9500000000000002,-0.6499999999999999,0.3285675077538532,1
0.9500000000000002,-0.625,0.3231347115725098,1
0.9500000000000002,-0.6,0.31783379869223904,1
0.9500000000000002,-0.575,0.31270497360707744,1
0.9500000000000002,-0.55,0.30778923115757745,1
0.9500000000000002,-0.5249999999999999,0.30312795964551287,1
0.9500000000000002,-0.5,0.29876245503771814,1
0.9500000000000002,-0.475,0.294733344623868,1
0.9500000000000002,-0.44999999999999996,0.29107992461110654,1
0.9500000000000002,-0.42499999999999993,0.28783942390734857,1
0.9500000000000002,-0.3999999999999999,0.285046215301258,1
0.9500000000000002,-0.375,0.28273100451892874,1
0.9500000000000002,-0.35,0.28092003596872556,1
0.9500000000000002,-0.32499999999999996,0.27963435987817264,1
0.9500000000000002,-0.29999999999999993,0.2788892075103236,1
0.9500000000000002,-0.2749999999999999,0.27869351813838816,1
0.9500000000000002,-0.25,0.2790496531127282,1
0.9500000000000002,-0.22499999999999998,0.2799533192949764,1
0.9500000000000002,-0.19999999999999996,0.2813937079389124,1
0.9500000000000002,-0.17499999999999993,0.28335383802608927,1
0.9500000000000002,-0.1499999999999999,0.28581107757094676,1
0.9500000000000002,-0.125,0.2887378045995372,1
0.9500000000000002,-0.09999999999999998,0.29210216269516837,1
0.9500000000000002,-0.07499999999999996,0.29586886452264083,1
0.9500000000000002,-0.04999999999999993,0.3,1
0.9500000000000002,-0.02499999999999991,0.30445581254816206,1
0.9500000000000002,0.0,0.3091954156018687,1
0.9500000000000002,0.025000000000000133,0.3141774308596134,1
0.9500000000000002,0.050000000000000044,0.31936053843217277,1
0.9500000000000002,0.07499999999999996,0.32470393636860617,1
0.9500000000000002,0.10000000000000009,0.3301677126413986,1
0.9500000000000002,0.125,0.33571313652527607,1
0.9500000000000002,0.15000000000000013,0.34130287858838254,1
0.9500000000000002,0.17500000000000004,0.34690116952436584,1
0.9500000000000002,0.20000000000000018,0.35247390811669427,1
0.9500000000000002,0.2250000000000001,0.3579887280489883,1
0.9500000000000002,0.25,0.3634150323150379,1
0.9500000000000002,0.27500000000000013,0.3687240028381012,1
0.9500000000000002,0.30000000000000004,0.37388859172252276,1
0.9500000000000002,0.3250000000000002,0.378883499424194,1
0.9500000000000002,0.3500000000000001,0.38368514409403925,1
0.9500000000000002,0.375,0.388271625446662,1
0.9500000000000002,0.40000000000000013,0.3926226857415442,1
0.9500000000000002,0.42500000000000004,0.39671966983178325,1
0.9500000000000002,0.4500000000000002,0.40054548572349363,1
0.9500000000000002,0.4750000000000001,0.4040845666827557,1
0.9500000000000002,0.5,0.40732283561062166,1
0.9500000000000002,0.5250000000000001,0.4102476721650842,1
0.9500000000000002,0.55,0.41284788292836694,1
0.9500000000000002,0.5750000000000002,0.41511367478647077,1
0.9500000000000002,0.6000000000000001,0.41703663159544024,1
0.9500000000000002,0.625,0.4186096941468981,1
0.9500000000000002,0.6500000000000001,0.4198271434071076,1
0.9500000000000002,0.675,0.42068458698360545,1
0.9500000000000002,0.7000000000000002,0.42117894876679884,1
0.9500000000000002,0.7250000000000001,0.42130846169723435,1
0.9500000000000002,0.75,0.42107266361960394,1
0.9500000000000002,0.7750000000000001,0.42047239619952115,1
0.9500000000000002,0.8,0.41950980689661144,1
0.9500000000000002,0.8250000000000002,0.41818835400561655,1
0.9500000000000002,0.8500000000000001,0.4165128147941866,1
0.9500000000000002,0.875,0.41448929677988255,1
0.9500000000000002,0.9000000000000001,0.41212525219749335,1
0.9500000000000002,0.925,0.4094294957085106,1
0.9500000000000002,0.9500000000000002,0.4064122253944166,1
0.9500000000000002,0.9750000000000001,0.4030850470504711,1
0.9500000000000002,1.0,0.39946100175214827,1
0.9750000000000001,-1.0,0.39986511060688884,1
0.9750000000000001,-0.975,0.3978421336131896,1
0.9750000000000001,-0.95,0.39555459659634207,1
0.9750000000000001,-0.925,0.3930121157481582,1
0.9750000000000001,-0.9,0.3902255462669328,1
0.9750000000000001,-0.875,0.3872069944032817,1
0.9750000000000001,-0.85,0.3839698296783726,1
0.9750000000000001,-0.825,0.3805286967149073,1
0.9750000000000001,-0.8,0.37689952596058246,1
0.9750000000000001,-0.775,0.3730995423888118,1
0.9750000000000001,-0.75,0.36914727102846523,1
0.9750000000000001,-0.725,0.3650625379005089,1
0.9750000000000001,-0.7,0.36086646462373206,1
0.9750000000000001,-0.675,0.35658145459611734,1
0.9750000000000001,-0.6499999999999999,0.3522311682690578,1
0.9750000000000001,-0.625,0.3478404846208049,1
0.9750000000000001,-0.6,0.3434354455236108,1
0.9750000000000001,-0.575,0.3390431793166758,1
0.9750000000000001,-0.55,0.33469179958719736,1
0.9750000000000001,-0.5249999999999999,0.3304102749812659,1
0.9750000000000001,-0.5,0.326228265885593,1
0.9750000000000001,-0.475,0.32217592412226287,1
0.9750000000000001,-0.44999999999999996,0.3182836524702373,1
0.9750000000000001,-0.42499999999999993,0.3145818219540366,1
0.9750000000000001,-0.3999999999999999,0.31110044648848567,1
0.9750000000000001,-0.375,0.30786881666794874,1
0.9750000000000001,-0.35,0.3049150972089453,1
0.9750000000000001,-0.32499999999999996,0.302265895685796,1
0.9750000000000001,-0.29999999999999993,0.2999458135339907,1
0.9750000000000001,-0.2749999999999999,0.2979769935325168,1
0.9750000000000001,-0.25,0.29637868073329865,1
0.9750000000000001,-0.22499999999999998,0.2951668156656292,1
0.9750000000000001,-0.19999999999999996,0.29435367921605715,1
0.9750000000000001,-0.17499999999999993,0.2939476075838216,1
0.9750000000000001,-0.1499999999999999,0.29395279303033534,1
0.9750000000000001,-0.125,0.2943691818976652,1
0.9750000000000001,-0.09999999999999998,0.29519247592138015,1
0.9750000000000001,-0.07499999999999996,0.2964142367595498,1
0.9750000000000001,-0.04999999999999993,0.29802208756467313,1
0.9750000000000001,-0.02499999999999991,0.3,1
0.9750000000000001,0.0,0.3023286508940672,1
0.9750000000000001,0.025000000000000133,0.3049858300875489,1
0.9750000000000001,0.050000000000000044,0.3079468800679611,1
0.9750000000000001,0.07499999999999996,0.31118514859684826,1
0.9750000000000001,0.10000000000000009,0.3146724374214559,1
0.9750000000000001,0.125,0.31837943293696463,1
0.9750000000000001,0.15000000000000013,0.32227610790880507,1
0.9750000000000001,0.17500000000000004,0.3263320866977998,1
0.9750000000000001,0.20000000000000018,0.3305169695534171,1
0.9750000000000001,0.2250000000000001,0.3348006142487576,1
0.9750000000000001,0.25,0.3391533755166282,1
0.9750000000000001,0.27500000000000013,0.3435463043808297,1
0.9750000000000001,0.30000000000000004,0.3479513105910867,1
0.9750000000000001,0.3250000000000002,0.352341292031183,1
0.9750000000000001,0.3500000000000001,0.35669023526289706,1
0.9750000000000001,0.375,0.3609732913815782,1
0.9750000000000001,0.40000000000000013,0.3651668311745813,1
0.9750000000000001,0.42500000000000004,0.36924848326151133,1
0.9750000000000001,0.4500000000000002,0.37319715851164986,1
0.9750000000000001,0.4750000000000001,0.37699306362172036,1
0.9750000000000001,0.5,0.38061770632665665,1
0.9750000000000001,0.5250000000000001,0.3840538943274136,1
0.9750000000000001,0.55,0.3872857296651806,1
0.9750000000000001,0.5750000000000002,0.39029859995670624,1
0.9750000000000001,0.6000000000000001,0.393079167632617,1
0.9750000000000001,0.625,0.39561535808858983,1
0.9750000000000001,0.6500000000000001,0.3978963474651982,1
0.9750000000000001,0.675,0.3999125506124429,1
0.9750000000000001,0.7000000000000002,0.40165560966519404,1
0.9750000000000001,0.7250000000000001,0.40311838355179064,1
0.9750000000000001,0.75,0.4042949386758084,1
0.9750000000000001,0.7750000000000001,0.40518054094674716,1
0.9750000000000001,0.8,0.4057716492857242,1
0.9750000000000001,0.8250000000000002,0.4060659106941062,1
0.9750000000000001,0.8500000000000001,0.40606215694367664,1
0.9750000000000001,0.875,0.4057604029239244,1
0.9750000000000001,0.9000000000000001,0.4051618466631472,1
0.9750000000000001,0.925,0.4042688710231593,1
0.9750000000000001,0.9500000000000002,0.4030850470504711,1
0.9750000000000001,0.9750000000000001,0.40161513894783174,1
0.9750000000000001,1.0,0.39986511060688884,1
1.0,-1.0,0.39999999999999997,1
1.0,-0.975,0.3998651106068889,1
1.0,-0.95,0.3994610017521482,1
1.0,-0.925,0.39878935193146603,1
1.0,-0.9,0.39785296036391427,1
1.0,-0.875,0.39665574953338945,1
1.0,-0.85,0.39520276864742837,1
1.0,-0.825,0.3935001979064219,1
1.0,-0.8,0.39155535343438114,1
1.0,-0.775,0.38937669267176356,1
1.0,-0.75,0.3869738199691668,1
1.0,-0.725,0.38435749204556474,1
1.0,-0.7,0.3815396228837006,1
1.0,-0.675,0.378533287525758,1
1.0,-0.6499999999999999,0.37535272410212245,1
1.0,-0.625,0.372013333272852,1
1.0,-0.6,0.36853167408395593,1
1.0,-0.575,0.36492545503836343,1
1.0,-0.55,0.3612135189557667,1
1.0,-0.5249999999999999,0.3574158199499213,1
1.0,-0.5,0.3535533905932737,1
1.0,-0.475,0.34964829707797146,1
1.0,-0.44999999999999996,0.3457235799357513,1
1.0,-0.42499999999999993,0.34180317766961044,1
1.0,-0.3999999999999999,0.33791183050742213,1
1.0,-0.375,0.3340749614491062,1
1.0,-0.35,0.3303185318887147,1
1.0,-0.32499999999999996,0.32666886939979717,1
1.0,-0.29999999999999993,0.32315246582652496,1
1.0,-0.2749999999999999,0.3197957446690676,1
1.0,-0.25,0.3166247979209316,1
1.0,-0.22499999999999998,0.3136650940158928,1
1.0,-0.19999999999999996,0.3109411603452923,1
1.0,-0.17499999999999993,0.30847624584010797,1
1.0,-0.1499999999999999,0.30629197125195284,1
1.0,-0.125,0.3044079768371797,1
1.0,-0.09999999999999998,0.3028415789314103,1
1.0,-0.07499999999999996,0.3016074481608193,1
1.0,-0.04999999999999993,0.3007173225458922,1
1.0,-0.02499999999999991,0.30017976833780874,1
1.0,0.0,0.3,1
1.0,0.025000000000000133,0.30017976833780874,1
1.0,0.050000000000000044,0.3007173225458922,1
1.0,0.07499999999999996,0.3016074481608193,1
1.0,0.10000000000000009,0.30284157893141034,1
1.0,0.125,0.30440797683717974,1
1.0,0.15000000000000013,0.30629197125195295,1
1.0,0.17500000000000004,0.3084762458401081,1
1.0,0.20000000000000018,0.31094116034529246,1
1.0,0.2250000000000001,0.3136650940158929,1
1.0,0.25,0.31662479792093173,1
1.0,0.27500000000000013,0.3197957446690678,1
1.0,0.30000000000000004,0.32315246582652507,1
1.0,0.3250000000000002,0.32666886939979733,1
1.0,0.3500000000000001,0.3303185318887148,1
1.0,0.375,0.3340749614491063,1
1.0,0.40000000000000013,0.33791183050742224,1
1.0,0.42500000000000004,0.3418031776696105,1
1.0,0.4500000000000002,0.3457235799357515,1
1.0,0.4750000000000001,0.34964829707797157,1
1.0,0.5,0.3535533905932738,1
1.0,0.5250000000000001,0.3574158199499214,1
1.0,0.55,0.3612135189557668,1
1.0,0.5750000000000002,0.3649254550383636,1
1.0,0.6000000000000001,0.368531674083956,1
1.0,0.625,0.3720133332728521,1
1.0,0.6500000000000001,0.3753527241021226,1
1.0,0.675,0.3785332875257581,1
1.0,0.7000000000000002,0.38153962288370075,1
1.0,0.7250000000000001,0.3843574920455648,1
1.0,0.75,0.38697381996916685,1
1.0,0.7750000000000001,0.3893766926717636,1
1.0,0.8,0.3915553534343812,1
1.0,0.8250000000000002,0.39350019790642193,1
1.0,0.8500000000000001,0.3952027686474285,1
1.0,0.875,0.3966557495333895,1
1.0,0.9000000000000001,0.3978529603639143,1
1.0,0.925,0.39878935193146603,1
1.0,0.9500000000000002,0.39946100175214827,1
1.0,0.9750000000000001,0.39986511060688884,1
1.0,1.0,0.39999999999999997,1
