setting,delta_over_D,omega,weight,spin,addition
L4_k240,0.03,1.3425588913958486,0.0012510918956414672,0,1
L4_k240,0.03,1.492268695536033,0.004378568994857961,0,1
L4_k240,0.03,3.816187704576773,5.0444889254883705e-05,0,1
L4_k240,0.03,4.100086846590388,5.240251812179795e-06,0,1
L4_k240,0.03,6.931519053383735,6.687498647300897e-07,0,1
L4_k240,0.03,7.298510364115119,0.002732825760634931,0,1
L4_k240,0.03,7.445842124974794,0.005460023256053246,0,1
L4_k240,0.03,7.502123272072311,0.00933545958169285,0,1
L4_k240,0.03,9.527358492464478,1.0583252155369508e-05,0,1
L4_k240,0.03,9.737526974322106,4.5012691444606095e-05,0,1
L4_k240,0.03,9.820236015517022,5.684043212893682e-05,0,1
L4_k240,0.03,9.998596207672064,0.0,0,1
L4_k240,0.03,10.062124823447792,0.0,0,1
L4_k240,0.03,10.088318327993463,6.8994248832134355e-06,0,1
L4_k240,0.03,10.119189718006966,1.5054360133680118e-06,0,1
L4_k240,0.03,10.1815046004719,0.0,0,1
L4_k240,0.03,10.239928257403005,3.3684194460707534e-08,0,1
L4_k240,0.03,10.315108617098854,6.192032729227425e-32,0,1
L4_k240,0.03,12.423322775024241,2.8379674946617926e-06,0,1
L4_k240,0.03,12.443861871279088,7.930148769154988e-05,0,1
L4_k240,0.03,12.488004829815711,1.8658267575642743e-06,0,1
L4_k240,0.03,12.669608288579779,6.606882229744442e-09,0,1
L4_k240,0.03,14.207922556021753,0.00011099940289394908,0,1
L4_k240,0.03,14.295641519892676,0.0,0,1
L4_k240,0.03,14.313098892769746,6.902242899635332e-05,0,1
L4_k240,0.03,14.357614309573535,0.0,0,1
L4_k240,0.03,14.43975623474969,9.79670523063439e-05,0,1
L4_k240,0.03,14.491373636767413,0.00021617954568763087,0,1
L4_k240,0.03,14.836046617678727,1.879399677227421e-05,0,1
L4_k240,0.03,15.03388911180826,7.565355067277942e-06,0,1
L4_k240,0.03,15.700750927769981,0.0002896201446221314,0,1
L4_k240,0.03,15.816411754061647,3.751119978963633e-05,0,1
L4_k240,0.03,16.102751648289722,2.54459153308921e-06,0,1
L4_k240,0.03,16.107145294693588,0.00025347817859300363,0,1
L4_k240,0.03,16.166450366459184,0.0,0,1
L4_k240,0.03,16.298624980262485,0.0,0,1
L4_k240,0.03,16.703430398608017,0.0,0,1
L4_k240,0.03,16.89538098832932,3.7940878534696356e-07,0,1
L4_k240,0.03,17.036098548499584,1.2284437038311972e-06,0,1
L4_k240,0.03,17.099827816746686,0.0,0,1
L4_k240,0.03,17.166803801373835,5.0520252947109084e-05,0,1
L4_k240,0.03,17.175625248063426,2.8363259860394514e-05,0,1
L4_k240,0.03,18.42797746780673,3.11553337931178e-08,0,1
L4_k240,0.03,18.64408461436073,4.074708348868731e-08,0,1
L4_k240,0.03,18.70641385897782,0.0,0,1
L4_k240,0.03,18.908663873632342,0.0,0,1
L4_k240,0.03,20.188508649249943,0.00018959432466889077,0,1
L4_k240,0.03,20.46310886267111,0.00020671325578407415,0,1
L4_k240,0.03,20.57763556235532,7.382443254422817e-05,0,1
L4_k240,0.03,20.710688100170913,0.0,0,1
L4_k240,0.03,20.79495077119311,0.00011447082214855801,0,1
L4_k240,0.03,20.859803637416125,0.00013765548652239947,0,1
L4_k240,0.03,21.04117646026921,6.477711052615047e-05,0,1
L4_k240,0.03,21.240689534936532,0.0,0,1
L4_k240,0.03,21.241894367516494,0.00011440565063904285,0,1
L4_k240,0.03,21.73939354354191,4.600153014330173e-05,0,1
L4_k240,0.03,22.281589265839465,1.9190777822132452e-05,0,1
L4_k240,0.03,22.427530769421615,4.437642732723961e-05,0,1
L4_k240,0.03,22.538207601658872,5.827452868566721e-05,0,1
L4_k240,0.03,22.686946761771644,0.0,0,1
L4_k240,0.03,22.797622323040205,1.0802295313489193e-08,0,1
L4_k240,0.03,22.89410645923165,1.5338031884267887e-06,0,1
L4_k240,0.03,22.9399305554227,0.0,0,1
L4_k240,0.03,23.08477358273397,0.0,0,1
L4_k240,0.03,23.204670961060035,7.927110118326113e-08,0,1
L4_k240,0.03,23.2676819755338,0.0,0,1
L4_k240,0.03,23.452901607344074,0.0,0,1
L4_k240,0.03,23.460875333826063,1.7059718711464793e-05,0,1
L4_k240,0.03,23.568777141191834,7.117386447330605e-05,0,1
L4_k240,0.03,23.59781005777263,2.899204169458899e-06,0,1
L4_k240,0.03,23.648478413651862,0.0,0,1
L4_k240,0.03,23.650123157554955,1.552079771630843e-06,0,1
L4_k240,0.03,23.74340881701008,8.661237103405316e-07,0,1
L4_k240,0.03,23.925290853544485,5.465502794518772e-09,0,1
L4_k240,0.03,25.159138317365045,7.016121318045774e-08,0,1
L4_k240,0.03,25.226012687126484,1.7450012666237793e-07,0,1
L4_k240,0.03,25.646201986830164,5.572397006526092e-07,0,1
L4_k240,0.03,26.139650638723822,3.304608575339759e-08,0,1
L4_k240,0.03,26.83986073755316,0.00028402301860562144,0,1
L4_k240,0.03,27.12091212467098,0.0002293513334837861,0,1
L4_k240,0.03,27.811919709245526,0.0,0,1
L4_k240,0.03,27.83283104074289,9.94211393666299e-07,0,1
L4_k240,0.03,27.871471252089023,7.861531283629042e-07,0,1
L4_k240,0.03,27.875780381615396,6.25864488144925e-08,0,1
L4_k240,0.03,27.881995110096746,0.0,0,1
L4_k240,0.03,28.08370108200356,1.6220099027351624e-05,0,1
L4_k240,0.03,29.400027851620646,1.5922546799212056e-07,0,1
L4_k240,0.03,29.43784737333136,0.0,0,1
L4_k240,0.03,29.54584758852221,2.510908205383352e-07,0,1
L4_k240,0.03,29.563939699634616,4.087741346952598e-09,0,1
L4_k240,0.03,29.62075576613119,0.0,0,1
L4_k240,0.03,29.6319947768155,0.0,0,1
L4_k240,0.03,29.68015597858304,1.6688555153767123e-07,0,1
L4_k240,0.03,29.821845119590172,6.805430392424372e-08,0,1
L4_k240,0.03,29.884978570466554,0.0,0,1
L4_k240,0.03,29.952626067317677,3.237358448276128e-07,0,1
L4_k240,0.03,30.73005491307845,5.884589707241676e-10,0,1
L4_k240,0.03,30.778334079761144,4.1053816866544213e-10,0,1
L4_k240,0.03,31.58934811129234,1.2063978581854235e-07,0,1
L4_k240,0.03,31.589855516872667,9.147475184554799e-08,0,1
L4_k240,0.03,32.28360242108586,1.790229539188403e-10,0,1
L4_k240,0.03,32.389594864789295,1.8064712768188512e-12,0,1
L4_k240,0.03,33.796865475232806,0.0,0,1
L4_k240,0.03,33.86551147326038,0.0,0,1
L4_k240,0.03,33.866631617041456,5.921460429624441e-09,0,1
L4_k240,0.03,33.89191320133283,7.181699439175472e-09,0,1
L4_k240,0.03,34.06167721118594,3.9046208602433196e-08,0,1
L4_k240,0.03,34.173705852277614,1.6515816219263546e-08,0,1
L4_k240,0.03,36.273300351975735,3.6040818105912434e-35,0,1
L4_k240,0.03,36.4357214927917,3.1499770483928856e-12,0,1
L4_k240,0.03,36.50951324667681,6.356712312804526e-12,0,1
L4_k240,0.03,36.539078982405954,6.776322100952331e-34,0,1
L4_k240,0.03,36.65815935541326,7.978906007298806e-11,0,1
L4_k240,0.03,36.66372583517485,2.520634794895042e-10,0,1
L4_k240,0.03,36.98505864634174,7.046952053551934e-10,0,1
L4_k240,0.03,37.00408006382038,1.327161702492291e-10,0,1
L4_k240,0.03,39.37511597403109,2.566850709631127e-12,0,1
L4_k240,0.03,39.575885058827794,2.958242541050097e-13,0,1
L4_k240,0.03,42.61425454516356,7.913985077262055e-14,0,1
L4_k240,0.03,42.796729477703835,1.2234383016488118e-13,0,1
L4_k240,0.03,-0.6127061389642188,0.028942999290077345,0,0
L4_k240,0.03,-1.2058487781855962,0.004990986321873162,0,0
L4_k240,0.03,-1.3425588913958482,0.0006255459478207313,0,0
L4_k240,0.03,-1.492268695536037,0.002189284497429,0,0
L4_k240,0.03,-3.260812692287849,0.0002711364918842041,0,0
L4_k240,0.03,-3.712145719703101,0.0023727898259830863,0,0
L4_k240,0.03,-3.816187704576773,2.522244462744063e-05,0,0
L4_k240,0.03,-4.100086846590381,2.620125906090082e-06,0,0
L4_k240,0.03,-4.475361775266726,0.056441398868462334,0,0
L4_k240,0.03,-4.690332897068508,0.06996033406864714,0,0
L4_k240,0.03,-6.662697974357434,4.323531144316163e-32,0,0
L4_k240,0.03,-6.880562508214554,7.620326530392843e-10,0,0
L4_k240,0.03,-6.931519053383725,3.3437493236487966e-07,0,0
L4_k240,0.03,-7.037473578325559,4.817004971995604e-09,0,0
L4_k240,0.03,-7.252240757770599,1.2652493333933357e-32,0,0
L4_k240,0.03,-7.298510364115118,0.0013664128803174368,0,0
L4_k240,0.03,-7.415058170945421,7.4389029853625455e-06,0,0
L4_k240,0.03,-7.445842124974793,0.002730011628026428,0,0
L4_k240,0.03,-7.502123272072311,0.004667729790846732,0,0
L4_k240,0.03,-7.5273753878801735,2.9196694368814583e-05,0,0
L4_k240,0.03,-9.29137274844852,4.3913830913219046e-05,0,0
L4_k240,0.03,-9.443799994992347,0.0009610309579255761,0,0
L4_k240,0.03,-9.527358492464483,5.291626077684404e-06,0,0
L4_k240,0.03,-9.685378134931561,0.0009310512237496742,0,0
L4_k240,0.03,-9.737526974322106,2.2506345722305335e-05,0,0
L4_k240,0.03,-9.820236015517025,2.8420216064469704e-05,0,0
L4_k240,0.03,-9.998596207672053,1.6807901100945504e-33,0,0
L4_k240,0.03,-10.062124823447792,1.1000542453833284e-27,0,0
L4_k240,0.03,-10.076236536074974,3.8320499252489785e-05,0,0
L4_k240,0.03,-10.088318327993465,3.449712441603904e-06,0,0
L4_k240,0.03,-10.119189718006968,7.527180066841774e-07,0,0
L4_k240,0.03,-10.181504600471893,6.262519356544678e-34,0,0
L4_k240,0.03,-10.239928257403,1.6842097230347755e-08,0,0
L4_k240,0.03,-10.315108617098858,1.1014305008709218e-34,0,0
L4_k240,0.03,-12.140445176319531,0.009914053898925424,0,0
L4_k240,0.03,-12.40398874847791,0.011630783775457938,0,0
L4_k240,0.03,-12.423322775024245,1.4189837473326047e-06,0,0
L4_k240,0.03,-12.443861871279084,3.965074384578149e-05,0,0
L4_k240,0.03,-12.488004829815713,9.329133787815302e-07,0,0
L4_k240,0.03,-12.669608288579777,3.303441114845994e-09,0,0
L4_k240,0.03,-12.814229023473995,0.11880958578151232,0,0
L4_k240,0.03,-13.230431742534565,0.09047473771479166,0,0
L4_k240,0.03,-13.697345992286467,9.574480587102487e-33,0,0
L4_k240,0.03,-14.045094759900321,0.00494923311621949,0,0
L4_k240,0.03,-14.166002406475599,0.004840839909275599,0,0
L4_k240,0.03,-14.207922556021758,5.549970144696913e-05,0,0
L4_k240,0.03,-14.252783049523154,0.0,0,0
L4_k240,0.03,-14.29564151989268,0.0,0,0
L4_k240,0.03,-14.31309889276975,3.4511214498165136e-05,0,0
L4_k240,0.03,-14.357614309573531,0.0,0,0
L4_k240,0.03,-14.357777084539922,0.01579707422617007,0,0
L4_k240,0.03,-14.439756234749698,4.8983526153165153e-05,0,0
L4_k240,0.03,-14.4828833280154,0.03377563489202127,0,0
L4_k240,0.03,-14.491373636767419,0.0001080897728438764,0,0
L4_k240,0.03,-14.741290551598995,4.8463952812635926e-05,0,0
L4_k240,0.03,-14.791367810578693,0.0004992296480278076,0,0
L4_k240,0.03,-14.836046617678727,9.39699838613899e-06,0,0
L4_k240,0.03,-15.03388911180827,3.782677533638977e-06,0,0
L4_k240,0.03,-15.427292174518362,0.0,0,0
L4_k240,0.03,-15.65175013182473,1.4721216190472286e-05,0,0
L4_k240,0.03,-15.700750927769983,0.00014481007231106422,0,0
L4_k240,0.03,-15.816411754061651,1.875559989482014e-05,0,0
L4_k240,0.03,-15.865902422434976,9.898038025309243e-05,0,0
L4_k240,0.03,-15.937683846020171,1.584948231453179e-06,0,0
L4_k240,0.03,-16.102751648289708,1.2722957665320696e-06,0,0
L4_k240,0.03,-16.10714529469359,0.00012673908929652716,0,0
L4_k240,0.03,-16.122534947766358,2.5492333064263045e-05,0,0
L4_k240,0.03,-16.13053818428436,0.0,0,0
L4_k240,0.03,-16.166450366459188,0.0,0,0
L4_k240,0.03,-16.298624980262492,0.0,0,0
L4_k240,0.03,-16.40562108213927,1.085281690824193e-05,0,0
L4_k240,0.03,-16.70343039860801,0.0,0,0
L4_k240,0.03,-16.73168097578154,1.519279851129601e-32,0,0
L4_k240,0.03,-16.888562300726633,0.0,0,0
L4_k240,0.03,-16.895380988329325,1.8970439267341788e-07,0,0
L4_k240,0.03,-16.986154667675965,9.480193943558206e-08,0,0
L4_k240,0.03,-17.036098548499584,6.142218519151541e-07,0,0
L4_k240,0.03,-17.062484976142972,1.1714784328555782e-05,0,0
L4_k240,0.03,-17.083379283274954,1.66458538204924e-05,0,0
L4_k240,0.03,-17.099827816746686,0.0,0,0
L4_k240,0.03,-17.16680380137384,2.5260126473554044e-05,0,0
L4_k240,0.03,-17.175625248063433,1.4181629930195263e-05,0,0
L4_k240,0.03,-18.173542283754085,0.0014727734584354002,0,0
L4_k240,0.03,-18.427977467806738,1.5577666896552338e-08,0,0
L4_k240,0.03,-18.53154028565923,1.1882136450991468e-07,0,0
L4_k240,0.03,-18.582400370125658,0.002210508436982917,0,0
L4_k240,0.03,-18.644084614360732,2.0373541744366724e-08,0,0
L4_k240,0.03,-18.706413858977818,0.0,0,0
L4_k240,0.03,-18.856516110486805,3.3517548367983784e-07,0,0
L4_k240,0.03,-18.908663873632346,6.360536703777108e-31,0,0
L4_k240,0.03,-20.188508649249947,9.479716233445017e-05,0,0
L4_k240,0.03,-20.417869401518924,0.0,0,0
L4_k240,0.03,-20.41820356266566,0.00014628128559227948,0,0
L4_k240,0.03,-20.46310886267111,0.00010335662789203935,0,0
L4_k240,0.03,-20.47240883514851,4.844195975574331e-05,0,0
L4_k240,0.03,-20.48903758430374,0.0,0,0
L4_k240,0.03,-20.57763556235532,3.6912216272113684e-05,0,0
L4_k240,0.03,-20.729512629596865,0.0,0,0
L4_k240,0.03,-20.794950771193115,5.723541107437354e-05,0,0
L4_k240,0.03,-20.79593045513264,4.614307996188025e-06,0,0
L4_k240,0.03,-20.859803637416125,6.882774326119024e-05,0,0
L4_k240,0.03,-20.91037399864204,7.113870948200901e-05,0,0
L4_k240,0.03,-21.04117646026921,3.238855526307188e-05,0,0
L4_k240,0.03,-21.074563002884304,1.4401882564902865e-05,0,0
L4_k240,0.03,-21.201824947830133,0.0,0,0
L4_k240,0.03,-21.241894367516498,5.7202825319519634e-05,0,0
L4_k240,0.03,-21.329506091138875,8.349712024013628e-05,0,0
L4_k240,0.03,-21.35002368742492,3.485308187567689e-07,0,0
L4_k240,0.03,-21.69727792728141,6.500538912639132e-07,0,0
L4_k240,0.03,-21.739393543541915,2.300076507165076e-05,0,0
L4_k240,0.03,-21.763838350649376,0.0,0,0
L4_k240,0.03,-22.253088481336768,2.6858396673261068e-05,0,0
L4_k240,0.03,-22.281589265839465,9.595388911067588e-06,0,0
L4_k240,0.03,-22.32897813047922,3.823569882521191e-05,0,0
L4_k240,0.03,-22.427530769421615,2.2188213663619473e-05,0,0
L4_k240,0.03,-22.53820760165888,2.9137264342833954e-05,0,0
L4_k240,0.03,-22.69367160893104,0.0,0,0
L4_k240,0.03,-22.7976223230402,5.401147656749063e-09,0,0
L4_k240,0.03,-22.89410645923165,7.669015942134616e-07,0,0
L4_k240,0.03,-22.986830544395513,0.00017707477906914496,0,0
L4_k240,0.03,-23.01895067458244,4.291881934920705e-09,0,0
L4_k240,0.03,-23.04651431130451,2.2799280735316958e-06,0,0
L4_k240,0.03,-23.204670961060028,3.96355505916284e-08,0,0
L4_k240,0.03,-23.417655624244915,1.7170476440846157e-05,0,0
L4_k240,0.03,-23.460875333826067,8.529859355733278e-06,0,0
L4_k240,0.03,-23.568777141191838,3.558693223664899e-05,0,0
L4_k240,0.03,-23.57913703873027,2.7469092930387992e-06,0,0
L4_k240,0.03,-23.597810057772623,1.449602084729456e-06,0,0
L4_k240,0.03,-23.629648780308845,7.899678191926266e-11,0,0
L4_k240,0.03,-23.650123157554958,7.760398858154126e-07,0,0
L4_k240,0.03,-23.74340881701009,4.3306185517025155e-07,0,0
L4_k240,0.03,-23.92529085354449,2.7327513972526632e-09,0,0
L4_k240,0.03,-24.020205179735072,1.636143558394034e-08,0,0
L4_k240,0.03,-24.44927894466854,4.912290855311694e-08,0,0
L4_k240,0.03,-25.069409786952562,0.0,0,0
L4_k240,0.03,-25.159138317365045,3.5080606590222916e-08,0,0
L4_k240,0.03,-25.180585515029627,9.71453717165664e-06,0,0
L4_k240,0.03,-25.226012687126484,8.72500633311618e-08,0,0
L4_k240,0.03,-25.299289159212886,1.2894365751825127e-05,0,0
L4_k240,0.03,-25.4332353553828,0.0,0,0
L4_k240,0.03,-25.512150417645472,1.3186389864394618e-07,0,0
L4_k240,0.03,-25.548929963291634,1.1493972505054848e-06,0,0
L4_k240,0.03,-25.646201986830174,2.7861985032623937e-07,0,0
L4_k240,0.03,-26.139650638723825,1.6523042876698716e-08,0,0
L4_k240,0.03,-26.839860737553167,0.0001420115093028069,0,0
L4_k240,0.03,-27.120912124670987,0.00011467566674189226,0,0
L4_k240,0.03,-27.60926492655545,3.816927255543681e-05,0,0
L4_k240,0.03,-27.629011315194038,0.0,0,0
L4_k240,0.03,-27.691618239006925,0.0,0,0
L4_k240,0.03,-27.716091952710833,0.0,0,0
L4_k240,0.03,-27.731013239931357,1.6372832964982025e-07,0,0
L4_k240,0.03,-27.744330350396265,5.152081315885924e-07,0,0
L4_k240,0.03,-27.77055425954376,9.11225969590028e-06,0,0
L4_k240,0.03,-27.832831040742892,4.971056968331673e-07,0,0
L4_k240,0.03,-27.871471252089027,3.930765641813729e-07,0,0
L4_k240,0.03,-27.875780381615403,3.129322440731861e-08,0,0
L4_k240,0.03,-27.945854418219497,2.1115546837728526e-06,0,0
L4_k240,0.03,-27.975017560074544,0.0,0,0
L4_k240,0.03,-27.97856242394513,3.3757707004623487e-06,0,0
L4_k240,0.03,-28.050299495348117,2.7758323394489955e-06,0,0
L4_k240,0.03,-28.08370108200356,8.110049513676115e-06,0,0
L4_k240,0.03,-28.151191384321564,1.3919028588655139e-06,0,0
L4_k240,0.03,-29.000266637671263,0.00010464816486500567,0,0
L4_k240,0.03,-29.09351648905392,0.00012954772000446207,0,0
L4_k240,0.03,-29.39033389474603,4.094779366308071e-06,0,0
L4_k240,0.03,-29.40002785162065,7.961273399601683e-08,0,0
L4_k240,0.03,-29.437847373331348,0.0,0,0
L4_k240,0.03,-29.521872328631424,3.390323581800413e-08,0,0
L4_k240,0.03,-29.545847588522214,1.255454102691558e-07,0,0
L4_k240,0.03,-29.563939699634616,2.043870673471203e-09,0,0
L4_k240,0.03,-29.62075576613094,0.0,0,0
L4_k240,0.03,-29.63199477681549,0.0,0,0
L4_k240,0.03,-29.68015597858305,8.344277576883627e-08,0,0
L4_k240,0.03,-29.821845119590176,3.402715196212363e-08,0,0
L4_k240,0.03,-29.884978570466558,0.0,0,0
L4_k240,0.03,-29.95262606731768,1.618679224137831e-07,0,0
L4_k240,0.03,-30.289406025513347,0.0,0,0
L4_k240,0.03,-30.299937643293294,1.9787201814839347e-09,0,0
L4_k240,0.03,-30.432869850794297,2.7471766499813734e-11,0,0
L4_k240,0.03,-30.506300193130738,8.021231065858317e-12,0,0
L4_k240,0.03,-30.533818944506613,0.0,0,0
L4_k240,0.03,-30.705483199887226,4.15851795479484e-12,0,0
L4_k240,0.03,-30.73005491307845,2.9422948536017e-10,0,0
L4_k240,0.03,-30.778334079761144,2.0526908433375949e-10,0,0
L4_k240,0.03,-31.393811552437295,0.0,0,0
L4_k240,0.03,-31.49871464823322,3.136580876167576e-08,0,0
L4_k240,0.03,-31.540385279418633,9.07387235946611e-09,0,0
L4_k240,0.03,-31.551362637895064,0.0,0,0
L4_k240,0.03,-31.58934811129235,6.031989291017263e-08,0,0
L4_k240,0.03,-31.589855516872674,4.573737592187288e-08,0,0
L4_k240,0.03,-31.666376238450162,8.015132603309072e-09,0,0
L4_k240,0.03,-31.74121172358833,2.264633343814084e-09,0,0
L4_k240,0.03,-32.28360242108585,8.951147695954383e-11,0,0
L4_k240,0.03,-32.3895948647893,9.032356383683631e-13,0,0
L4_k240,0.03,-33.79686547523281,0.0,0,0
L4_k240,0.03,-33.82046983297973,0.0,0,0
L4_k240,0.03,-33.865511473260376,0.0,0,0
L4_k240,0.03,-33.86663161704146,2.960730214812915e-09,0,0
L4_k240,0.03,-33.891913201332834,3.5908497195882397e-09,0,0
L4_k240,0.03,-33.91948661015619,4.77986739842939e-09,0,0
L4_k240,0.03,-33.98403649597595,4.102924114772397e-09,0,0
L4_k240,0.03,-34.012205421674544,1.1859508086092618e-08,0,0
L4_k240,0.03,-34.02316835507431,0.0,0,0
L4_k240,0.03,-34.06167721118594,1.9523104301217137e-08,0,0
L4_k240,0.03,-34.08272602189437,2.308103576452491e-08,0,0
L4_k240,0.03,-34.16417887842729,9.268669902775792e-10,0,0
L4_k240,0.03,-34.17370585227762,8.257908109630807e-09,0,0
L4_k240,0.03,-34.201219235067505,1.5719818714999836e-08,0,0
L4_k240,0.03,-36.27330035197572,3.8756791966742186e-35,0,0
L4_k240,0.03,-36.282282158388256,2.6642834873832027e-34,0,0
L4_k240,0.03,-36.37477679914324,9.958801058174952e-09,0,0
L4_k240,0.03,-36.4357214927917,1.5749885241920296e-12,0,0
L4_k240,0.03,-36.49737225815804,1.313806106492233e-10,0,0
L4_k240,0.03,-36.509513246676825,3.1783561563323055e-12,0,0
L4_k240,0.03,-36.53907898240597,1.8415793386319143e-34,0,0
L4_k240,0.03,-36.56949717746271,1.4586480371938204e-10,0,0
L4_k240,0.03,-36.600688761728605,1.0147346019419547e-34,0,0
L4_k240,0.03,-36.658159355413254,3.9894530036409584e-11,0,0
L4_k240,0.03,-36.66372583517485,1.2603173974430092e-10,0,0
L4_k240,0.03,-36.670654898144484,6.470882846286079e-10,0,0
L4_k240,0.03,-36.77603942779718,2.7104043951327288e-11,0,0
L4_k240,0.03,-36.971596962881385,3.0447237227628234e-10,0,0
L4_k240,0.03,-36.985058646341756,3.5234760267692633e-10,0,0
L4_k240,0.03,-37.00408006382038,6.635808512482483e-11,0,0
L4_k240,0.03,-39.0026341560742,1.4051724349051814e-12,0,0
L4_k240,0.03,-39.301434344072284,2.598891056672784e-12,0,0
L4_k240,0.03,-39.37511597403109,1.2834253548756276e-12,0,0
L4_k240,0.03,-39.57588505882782,1.4791212700890575e-13,0,0
L4_k240,0.03,-40.0342856909679,8.266940486589929e-13,0,0
L4_k240,0.03,-40.150633566432354,1.4727785863619823e-11,0,0
L4_k240,0.03,-42.287567330068974,1.5722528217506744e-37,0,0
L4_k240,0.03,-42.49617171180698,3.328407717091599e-14,0,0
L4_k240,0.03,-42.57479629869845,3.27495684926398e-34,0,0
L4_k240,0.03,-42.58699713141591,3.0046690324512994e-15,0,0
L4_k240,0.03,-42.61425454516354,3.95699253881212e-14,0,0
L4_k240,0.03,-42.796729477703835,6.117191509284645e-14,0,0
L4_k240,0.03,-42.984656272698864,1.617519846099581e-14,0,0
L4_k240,0.03,-43.12690807834118,4.365709444160333e-13,0,0
L4_k240,0.03,-44.95815206769864,1.7896914132767744e-16,0,0
L4_k240,0.03,-45.59011338732447,5.193888453622852e-17,0,0
L4_k240,0.03,0.6127061389642205,0.028942999290077175,1,1
L4_k240,0.03,1.2058487781855995,0.004990986321873072,1,1
L4_k240,0.03,1.3425588913958564,0.000625545947820796,1,1
L4_k240,0.03,1.4922686955360391,0.002189284497429101,1,1
L4_k240,0.03,3.260812692287856,0.0002711364918842158,1,1
L4_k240,0.03,3.7121457197031047,0.0023727898259831384,1,1
L4_k240,0.03,3.816187704576774,2.5222444627442974e-05,1,1
L4_k240,0.03,4.100086846590378,2.6201259060897583e-06,1,1
L4_k240,0.03,4.475361775266727,0.056441398868463825,1,1
L4_k240,0.03,4.690332897068511,0.06996033406864575,1,1
L4_k240,0.03,6.6626979743574335,3.350198433590214e-32,1,1
L4_k240,0.03,6.880562508214556,7.620326530334825e-10,1,1
L4_k240,0.03,6.931519053383733,3.343749323648939e-07,1,1
L4_k240,0.03,7.03747357832556,4.817004972012168e-09,1,1
L4_k240,0.03,7.252240757770593,1.3727440244350775e-32,1,1
L4_k240,0.03,7.298510364115123,0.0013664128803174869,1,1
L4_k240,0.03,7.415058170945416,7.438902985356007e-06,1,1
L4_k240,0.03,7.4458421249747975,0.0027300116280266954,1,1
L4_k240,0.03,7.502123272072316,0.004667729790846357,1,1
L4_k240,0.03,7.527375387880176,2.9196694368826556e-05,1,1
L4_k240,0.03,9.291372748448518,4.3913830913220585e-05,1,1
L4_k240,0.03,9.443799994992347,0.0009610309579255239,1,1
L4_k240,0.03,9.527358492464481,5.291626077685067e-06,1,1
L4_k240,0.03,9.685378134931563,0.0009310512237497374,1,1
L4_k240,0.03,9.737526974322112,2.2506345722298873e-05,1,1
L4_k240,0.03,9.820236015517038,2.842021606446803e-05,1,1
L4_k240,0.03,9.998596207672051,2.0747338596581265e-34,1,1
L4_k240,0.03,10.062124823447785,0.0,1,1
L4_k240,0.03,10.076236536074976,3.832049925248516e-05,1,1
L4_k240,0.03,10.088318327993461,3.4497124416089603e-06,1,1
L4_k240,0.03,10.119189718006965,7.527180066845936e-07,1,1
L4_k240,0.03,10.181504600471907,1.9754713226553434e-34,1,1
L4_k240,0.03,10.239928257403,1.6842097230357552e-08,1,1
L4_k240,0.03,10.315108617098849,4.296899809015127e-35,1,1
L4_k240,0.03,12.140445176319531,0.009914053898925534,1,1
L4_k240,0.03,12.403988748477918,0.011630783775458177,1,1
L4_k240,0.03,12.423322775024243,1.418983747331812e-06,1,1
L4_k240,0.03,12.443861871279088,3.965074384578212e-05,1,1
L4_k240,0.03,12.488004829815711,9.329133787824139e-07,1,1
L4_k240,0.03,12.66960828857978,3.3034411148428738e-09,1,1
L4_k240,0.03,12.814229023473995,0.11880958578151306,1,1
L4_k240,0.03,13.230431742534561,0.09047473771479053,1,1
L4_k240,0.03,13.697345992286484,6.428150948996915e-32,1,1
L4_k240,0.03,14.045094759900323,0.0049492331162194255,1,1
L4_k240,0.03,14.166002406475599,0.0048408399092758425,1,1
L4_k240,0.03,14.20792255602176,5.549970144696506e-05,1,1
L4_k240,0.03,14.252783049523142,0.0,1,1
L4_k240,0.03,14.295641519892673,0.0,1,1
L4_k240,0.03,14.313098892769748,3.451121449818865e-05,1,1
L4_k240,0.03,14.35761430957352,0.0,1,1
L4_k240,0.03,14.35777708453992,0.01579707422617107,1,1
L4_k240,0.03,14.439756234749698,4.898352615319898e-05,1,1
L4_k240,0.03,14.482883328015395,0.033775634892020706,1,1
L4_k240,0.03,14.491373636767426,0.00010808977284349877,1,1
L4_k240,0.03,14.74129055159899,4.8463952812633764e-05,1,1
L4_k240,0.03,14.791367810578693,0.0004992296480277872,1,1
L4_k240,0.03,14.836046617678727,9.396998386135542e-06,1,1
L4_k240,0.03,15.03388911180826,3.7826775336388326e-06,1,1
L4_k240,0.03,15.427292174518357,0.0,1,1
L4_k240,0.03,15.65175013182473,1.4721216190471519e-05,1,1
L4_k240,0.03,15.700750927769983,0.000144810072311056,1,1
L4_k240,0.03,15.81641175406165,1.875559989481716e-05,1,1
L4_k240,0.03,15.865902422434978,9.898038025308846e-05,1,1
L4_k240,0.03,15.937683846020166,1.584948231453885e-06,1,1
L4_k240,0.03,16.1027516482897,1.272295766527957e-06,1,1
L4_k240,0.03,16.107145294693595,0.00012673908929652914,1,1
L4_k240,0.03,16.122534947766358,2.549233306426628e-05,1,1
L4_k240,0.03,16.13053818428434,0.0,1,1
L4_k240,0.03,16.16645036645918,0.0,1,1
L4_k240,0.03,16.298624980262495,0.0,1,1
L4_k240,0.03,16.405621082139263,1.0852816908242151e-05,1,1
L4_k240,0.03,16.703430398608035,0.0,1,1
L4_k240,0.03,16.73168097578155,0.0,1,1
L4_k240,0.03,16.888562300726637,0.0,1,1
L4_k240,0.03,16.895380988329322,1.897043926734432e-07,1,1
L4_k240,0.03,16.98615466767596,9.480193943561509e-08,1,1
L4_k240,0.03,17.03609854849958,6.142218519154347e-07,1,1
L4_k240,0.03,17.062484976142965,1.1714784328551864e-05,1,1
L4_k240,0.03,17.08337928327495,1.6645853820493275e-05,1,1
L4_k240,0.03,17.09982781674668,0.0,1,1
L4_k240,0.03,17.166803801373845,2.5260126473551686e-05,1,1
L4_k240,0.03,17.175625248063433,1.4181629930201714e-05,1,1
L4_k240,0.03,18.173542283754085,0.0014727734584354549,1,1
L4_k240,0.03,18.427977467806734,1.557766689655501e-08,1,1
L4_k240,0.03,18.53154028565923,1.1882136451011393e-07,1,1
L4_k240,0.03,18.582400370125647,0.0022105084369828712,1,1
L4_k240,0.03,18.644084614360732,2.0373541744331592e-08,1,1
L4_k240,0.03,18.70641385897782,0.0,1,1
L4_k240,0.03,18.856516110486808,3.3517548367984345e-07,1,1
L4_k240,0.03,18.90866387363234,0.0,1,1
L4_k240,0.03,20.188508649249943,9.4797162334448e-05,1,1
L4_k240,0.03,20.417869255983383,0.0,1,1
L4_k240,0.03,20.418203562665656,0.0001462812855922893,1,1
L4_k240,0.03,20.46310886267111,0.00010335662789199459,1,1
L4_k240,0.03,20.472408835148507,4.8441959755780423e-05,1,1
L4_k240,0.03,20.488764565010722,0.0,1,1
L4_k240,0.03,20.57763556235532,3.6912216272112545e-05,1,1
L4_k240,0.03,20.710902992251203,0.0,1,1
L4_k240,0.03,20.79495077119311,5.72354110743203e-05,1,1
L4_k240,0.03,20.795930455132634,4.614307996243809e-06,1,1
L4_k240,0.03,20.85980363741612,6.8827743261197e-05,1,1
L4_k240,0.03,20.910373998642036,7.113870948200519e-05,1,1
L4_k240,0.03,21.041176460269206,3.2388555263074956e-05,1,1
L4_k240,0.03,21.074563002884304,1.4401882564899475e-05,1,1
L4_k240,0.03,21.23686402318909,0.0,1,1
L4_k240,0.03,21.241894367516494,5.720282531951689e-05,1,1
L4_k240,0.03,21.32950609113887,8.349712024013839e-05,1,1
L4_k240,0.03,21.35002368742492,3.485308187567005e-07,1,1
L4_k240,0.03,21.697277927281412,6.500538912640612e-07,1,1
L4_k240,0.03,21.73939354354191,2.3000765071650543e-05,1,1
L4_k240,0.03,21.76381511490307,0.0,1,1
L4_k240,0.03,22.253088481336764,2.685839667325727e-05,1,1
L4_k240,0.03,22.281589265839468,9.595388911066548e-06,1,1
L4_k240,0.03,22.328978130479218,3.8235698825215606e-05,1,1
L4_k240,0.03,22.42753076942161,2.2188213663620703e-05,1,1
L4_k240,0.03,22.538207601658875,2.9137264342834415e-05,1,1
L4_k240,0.03,22.686614535239144,0.0,1,1
L4_k240,0.03,22.797622323040198,5.401147656746048e-09,1,1
L4_k240,0.03,22.89410645923165,7.669015942134647e-07,1,1
L4_k240,0.03,22.986830544395513,0.00017707477906914174,1,1
L4_k240,0.03,23.018950674582435,4.291881934893513e-09,1,1
L4_k240,0.03,23.046514311304506,2.2799280735317254e-06,1,1
L4_k240,0.03,23.204670961060028,3.963555059162621e-08,1,1
L4_k240,0.03,23.417655624244908,1.717047644084673e-05,1,1
L4_k240,0.03,23.460875333826063,8.529859355733357e-06,1,1
L4_k240,0.03,23.56877714119183,3.558693223665563e-05,1,1
L4_k240,0.03,23.579137038730273,2.7469092930338975e-06,1,1
L4_k240,0.03,23.597810057772623,1.449602084728027e-06,1,1
L4_k240,0.03,23.62964878030883,7.899678191755251e-11,1,1
L4_k240,0.03,23.650123157554955,7.760398858153563e-07,1,1
L4_k240,0.03,23.74340881701008,4.3306185517022344e-07,1,1
L4_k240,0.03,23.925290853544485,2.7327513972533742e-09,1,1
L4_k240,0.03,24.02020517973506,1.636143558394763e-08,1,1
L4_k240,0.03,24.44927894466854,4.9122908553122976e-08,1,1
L4_k240,0.03,25.069409786952562,0.0,1,1
L4_k240,0.03,25.15913831736504,3.508060659020377e-08,1,1
L4_k240,0.03,25.180585515029634,9.714537171657325e-06,1,1
L4_k240,0.03,25.226012687126484,8.72500633311878e-08,1,1
L4_k240,0.03,25.29928915921289,1.2894365751825686e-05,1,1
L4_k240,0.03,25.4332353553828,0.0,1,1
L4_k240,0.03,25.512150417645472,1.3186389864394118e-07,1,1
L4_k240,0.03,25.548929963291638,1.149397250505499e-06,1,1
L4_k240,0.03,25.646201986830174,2.7861985032628135e-07,1,1
L4_k240,0.03,26.13965063872382,1.652304287669529e-08,1,1
L4_k240,0.03,26.83986073755316,0.00014201150930280787,1,1
L4_k240,0.03,27.120912124670983,0.00011467566674189386,1,1
L4_k240,0.03,27.609264926555447,3.816927255543764e-05,1,1
L4_k240,0.03,27.629011328180418,0.0,1,1
L4_k240,0.03,27.69248693967986,0.0,1,1
L4_k240,0.03,27.731013239931368,1.6372832965014458e-07,1,1
L4_k240,0.03,27.744330350396268,5.152081315883457e-07,1,1
L4_k240,0.03,27.770554259543758,9.11225969589998e-06,1,1
L4_k240,0.03,27.794576085678536,0.0,1,1
L4_k240,0.03,27.83283104074289,4.971056968332225e-07,1,1
L4_k240,0.03,27.87147125208903,3.9307656418134123e-07,1,1
L4_k240,0.03,27.875780381615396,3.129322440730853e-08,1,1
L4_k240,0.03,27.945854418219493,2.1115546837725363e-06,1,1
L4_k240,0.03,27.97500640675248,0.0,1,1
L4_k240,0.03,27.978562423945128,3.375770700462728e-06,1,1
L4_k240,0.03,28.050299495348117,2.775832339449884e-06,1,1
L4_k240,0.03,28.083701082003557,8.11004951367536e-06,1,1
L4_k240,0.03,28.151191384321564,1.3919028588653913e-06,1,1
L4_k240,0.03,29.000266637671263,0.0001046481648650002,1,1
L4_k240,0.03,29.093516489053915,0.00012954772000446567,1,1
L4_k240,0.03,29.39033389474603,4.094779366308125e-06,1,1
L4_k240,0.03,29.40002785162065,7.961273399600981e-08,1,1
L4_k240,0.03,29.437847373331344,0.0,1,1
L4_k240,0.03,29.521872328631424,3.390323581801711e-08,1,1
L4_k240,0.03,29.54584758852221,1.255454102691504e-07,1,1
L4_k240,0.03,29.563939699634613,2.0438706734720565e-09,1,1
L4_k240,0.03,29.620755766131182,0.0,1,1
L4_k240,0.03,29.631994776815482,0.0,1,1
L4_k240,0.03,29.68015597858305,8.344277576882982e-08,1,1
L4_k240,0.03,29.821845119590176,3.402715196212275e-08,1,1
L4_k240,0.03,29.884978570466572,0.0,1,1
L4_k240,0.03,29.95262606731768,1.6186792241377537e-07,1,1
L4_k240,0.03,30.289406025513323,0.0,1,1
L4_k240,0.03,30.299937643293294,1.9787201814784314e-09,1,1
L4_k240,0.03,30.432869850794294,2.7471766499578414e-11,1,1
L4_k240,0.03,30.50630019313073,8.021231066006324e-12,1,1
L4_k240,0.03,30.53381894450661,0.0,1,1
L4_k240,0.03,30.705483199887233,4.158517954628535e-12,1,1
L4_k240,0.03,30.730054913078447,2.9422948536218647e-10,1,1
L4_k240,0.03,30.77833407976114,2.05269084332581e-10,1,1
L4_k240,0.03,31.393811552437302,0.0,1,1
L4_k240,0.03,31.49871464823322,3.136580876167392e-08,1,1
L4_k240,0.03,31.540385279418626,9.073872359464341e-09,1,1
L4_k240,0.03,31.551362637895057,0.0,1,1
L4_k240,0.03,31.58934811129235,6.031989290922715e-08,1,1
L4_k240,0.03,31.589855516872674,4.573737592282967e-08,1,1
L4_k240,0.03,31.666376238450173,8.015132603309707e-09,1,1
L4_k240,0.03,31.74121172358833,2.264633343816201e-09,1,1
L4_k240,0.03,32.28360242108585,8.951147695938727e-11,1,1
L4_k240,0.03,32.3895948647893,9.032356384178374e-13,1,1
L4_k240,0.03,33.796865475232806,0.0,1,1
L4_k240,0.03,33.82046983297972,0.0,1,1
L4_k240,0.03,33.86551147326039,0.0,1,1
L4_k240,0.03,33.86663161704146,2.960730214810759e-09,1,1
L4_k240,0.03,33.89191320133283,3.590849719588767e-09,1,1
L4_k240,0.03,33.91948661015618,4.779867398429255e-09,1,1
L4_k240,0.03,33.98403649597596,4.102924114772423e-09,1,1
L4_k240,0.03,34.012205421674544,1.1859508086085332e-08,1,1
L4_k240,0.03,34.02316835507431,0.0,1,1
L4_k240,0.03,34.061677211185945,1.9523104301207416e-08,1,1
L4_k240,0.03,34.08272602189437,2.3081035764524442e-08,1,1
L4_k240,0.03,34.16417887842728,9.268669902772793e-10,1,1
L4_k240,0.03,34.173705852277614,8.25790810962872e-09,1,1
L4_k240,0.03,34.20121923506751,1.5719818715009528e-08,1,1
L4_k240,0.03,36.27330035197571,2.4523184308638103e-35,1,1
L4_k240,0.03,36.28228215838825,2.2979693622905374e-34,1,1
L4_k240,0.03,36.37477679914323,9.958801058178097e-09,1,1
L4_k240,0.03,36.43572149279169,1.5749885242061387e-12,1,1
L4_k240,0.03,36.49737225815803,1.3138061064891486e-10,1,1
L4_k240,0.03,36.50951324667679,3.1783561564065074e-12,1,1
L4_k240,0.03,36.539078982405954,9.866069984048253e-35,1,1
L4_k240,0.03,36.5694971774627,1.4586480371961525e-10,1,1
L4_k240,0.03,36.600688761728605,8.239756219397917e-35,1,1
L4_k240,0.03,36.65815935541326,3.989453003650923e-11,1,1
L4_k240,0.03,36.66372583517486,1.2603173974505024e-10,1,1
L4_k240,0.03,36.67065489814447,6.470882846273836e-10,1,1
L4_k240,0.03,36.77603942779719,2.710404395117964e-11,1,1
L4_k240,0.03,36.971596962881385,3.0447237227625055e-10,1,1
L4_k240,0.03,36.98505864634174,3.52347602676972e-10,1,1
L4_k240,0.03,37.00408006382038,6.635808512460197e-11,1,1
L4_k240,0.03,39.00263415607419,1.4051724349547056e-12,1,1
L4_k240,0.03,39.301434344072284,2.598891056509723e-12,1,1
L4_k240,0.03,39.37511597403109,1.2834253548173943e-12,1,1
L4_k240,0.03,39.57588505882781,1.4791212705651829e-13,1,1
L4_k240,0.03,40.03428569096789,8.266940486584658e-13,1,1
L4_k240,0.03,40.15063356643234,1.4727785863779624e-11,1,1
L4_k240,0.03,42.28756733006898,2.319810745136515e-38,1,1
L4_k240,0.03,42.49617171180698,3.328407716296456e-14,1,1
L4_k240,0.03,42.57479629869843,2.3382167844325076e-34,1,1
L4_k240,0.03,42.58699713141589,3.004669034813583e-15,1,1
L4_k240,0.03,42.61425454516355,3.9569925387332834e-14,1,1
L4_k240,0.03,42.796729477703835,6.117191508347427e-14,1,1
L4_k240,0.03,42.98465627269886,1.617519844958355e-14,1,1
L4_k240,0.03,43.12690807834117,4.365709444163483e-13,1,1
L4_k240,0.03,44.958152067698634,1.78969140976471e-16,1,1
L4_k240,0.03,45.59011338732447,5.1938884302072573e-17,1,1
L4_k240,0.03,-1.3425588913958442,0.001251091895641415,1,0
L4_k240,0.03,-1.4922686955360316,0.004378568994858057,1,0
L4_k240,0.03,-3.816187704576773,5.044488925488381e-05,1,0
L4_k240,0.03,-4.100086846590384,5.240251812179601e-06,1,0
L4_k240,0.03,-6.93151905338373,6.687498647301054e-07,1,0
L4_k240,0.03,-7.298510364115125,0.002732825760635055,1,0
L4_k240,0.03,-7.445842124974801,0.005460023256053884,1,0
L4_k240,0.03,-7.502123272072317,0.009335459581692107,1,0
L4_k240,0.03,-9.52735849246448,1.0583252155370416e-05,1,0
L4_k240,0.03,-9.737526974322112,4.501269144460338e-05,1,0
L4_k240,0.03,-9.820236015517025,5.684043212893681e-05,1,0
L4_k240,0.03,-9.998596207672067,0.0,1,0
L4_k240,0.03,-10.062124823447796,0.0,1,0
L4_k240,0.03,-10.088318327993463,6.899424883212296e-06,1,0
L4_k240,0.03,-10.119189718006965,1.5054360133689933e-06,1,0
L4_k240,0.03,-10.181504600471913,0.0,1,0
L4_k240,0.03,-10.23992825740299,3.368419446069738e-08,1,0
L4_k240,0.03,-10.315108617098863,0.0,1,0
L4_k240,0.03,-12.42332277502424,2.837967494660763e-06,1,0
L4_k240,0.03,-12.443861871279088,7.930148769155173e-05,1,0
L4_k240,0.03,-12.488004829815706,1.8658267575649269e-06,1,0
L4_k240,0.03,-12.669608288579775,6.606882229749098e-09,1,0
L4_k240,0.03,-14.20792255602175,0.0001109994028939449,1,0
L4_k240,0.03,-14.295641519892676,0.0,1,0
L4_k240,0.03,-14.313098892769746,6.902242899635041e-05,1,0
L4_k240,0.03,-14.357614309573522,0.0,1,0
L4_k240,0.03,-14.439756234749696,9.796705230634237e-05,1,0
L4_k240,0.03,-14.491373636767417,0.0002161795456876347,1,0
L4_k240,0.03,-14.836046617678727,1.8793996772274133e-05,1,0
L4_k240,0.03,-15.033889111808262,7.565355067277751e-06,1,0
L4_k240,0.03,-15.70075092776998,0.0002896201446221231,1,0
L4_k240,0.03,-15.816411754061656,3.7511199789634124e-05,1,0
L4_k240,0.03,-16.102751648289715,2.5445915330754036e-06,1,0
L4_k240,0.03,-16.107145294693588,0.00025347817859302764,1,0
L4_k240,0.03,-16.166450366459188,0.0,1,0
L4_k240,0.03,-16.29862498026248,0.0,1,0
L4_k240,0.03,-16.703430398608013,0.0,1,0
L4_k240,0.03,-16.895380988329322,3.7940878534692126e-07,1,0
L4_k240,0.03,-17.03609854849959,1.2284437038311604e-06,1,0
L4_k240,0.03,-17.09982781674668,0.0,1,0
L4_k240,0.03,-17.16680380137384,5.052025294710943e-05,1,0
L4_k240,0.03,-17.17562524806343,2.8363259860394876e-05,1,0
L4_k240,0.03,-18.42797746780674,3.115533379311574e-08,1,0
L4_k240,0.03,-18.644084614360736,4.074708348869671e-08,1,0
L4_k240,0.03,-18.70641385897782,0.0,1,0
L4_k240,0.03,-18.908663873632346,0.0,1,0
L4_k240,0.03,-20.188508649249943,0.00018959432466889703,1,0
L4_k240,0.03,-20.46310886267111,0.00020671325578406008,1,0
L4_k240,0.03,-20.577635562355322,7.382443254422964e-05,1,0
L4_k240,0.03,-20.710688100170913,0.0,1,0
L4_k240,0.03,-20.794950771193115,0.00011447082214856572,1,0
L4_k240,0.03,-20.859803637416128,0.0001376554865223984,1,0
L4_k240,0.03,-21.041176460269213,6.477711052614627e-05,1,0
L4_k240,0.03,-21.240689534936514,0.0,1,0
L4_k240,0.03,-21.241894367516498,0.00011440565063904323,1,0
L4_k240,0.03,-21.739393543541915,4.6001530143301195e-05,1,0
L4_k240,0.03,-22.281589265839468,1.91907778221338e-05,1,0
L4_k240,0.03,-22.42753076942161,4.43764273272415e-05,1,0
L4_k240,0.03,-22.538207601658872,5.827452868566925e-05,1,0
L4_k240,0.03,-22.686946761771637,0.0,1,0
L4_k240,0.03,-22.797622323040187,1.0802295313482885e-08,1,0
L4_k240,0.03,-22.894106459231658,1.5338031884269217e-06,1,0
L4_k240,0.03,-22.939930555422702,0.0,1,0
L4_k240,0.03,-23.08477358273396,0.0,1,0
L4_k240,0.03,-23.204670961060028,7.927110118326305e-08,1,0
L4_k240,0.03,-23.267681975533804,0.0,1,0
L4_k240,0.03,-23.452901607344067,0.0,1,0
L4_k240,0.03,-23.460875333826063,1.7059718711467473e-05,1,0
L4_k240,0.03,-23.56877714119183,7.117386447330656e-05,1,0
L4_k240,0.03,-23.597810057772627,2.8992041694563842e-06,1,0
L4_k240,0.03,-23.648478413651873,0.0,1,0
L4_k240,0.03,-23.650123157554958,1.5520797716307083e-06,1,0
L4_k240,0.03,-23.74340881701008,8.661237103404524e-07,1,0
L4_k240,0.03,-23.925290853544475,5.465502794518954e-09,1,0
L4_k240,0.03,-25.159138317365045,7.016121318048734e-08,1,0
L4_k240,0.03,-25.226012687126484,1.745001266623559e-07,1,0
L4_k240,0.03,-25.646201986830174,5.572397006526336e-07,1,0
L4_k240,0.03,-26.139650638723825,3.304608575341042e-08,1,0
L4_k240,0.03,-26.839860737553163,0.00028402301860560854,1,0
L4_k240,0.03,-27.120912124670983,0.0002293513334837953,1,0
L4_k240,0.03,-27.811919709245526,0.0,1,0
L4_k240,0.03,-27.832831040742892,9.942113936663842e-07,1,0
L4_k240,0.03,-27.871471252089027,7.861531283631006e-07,1,0
L4_k240,0.03,-27.875780381615414,6.258644881427719e-08,1,0
L4_k240,0.03,-27.881995110096756,0.0,1,0
L4_k240,0.03,-28.083701082003554,1.6220099027351495e-05,1,0
L4_k240,0.03,-29.40002785162065,1.5922546799215338e-07,1,0
L4_k240,0.03,-29.437847373331348,0.0,1,0
L4_k240,0.03,-29.545847588522207,2.51090820538287e-07,1,0
L4_k240,0.03,-29.56393969963459,4.087741346954017e-09,1,0
L4_k240,0.03,-29.620755766131193,0.0,1,0
L4_k240,0.03,-29.631994776815493,0.0,1,0
L4_k240,0.03,-29.680155978583052,1.6688555153767403e-07,1,0
L4_k240,0.03,-29.821845119590172,6.805430392426149e-08,1,0
L4_k240,0.03,-29.88497857046657,0.0,1,0
L4_k240,0.03,-29.952626067317674,3.2373584482759706e-07,1,0
L4_k240,0.03,-30.730054913078444,5.884589707207872e-10,1,0
L4_k240,0.03,-30.778334079761137,4.1053816866761606e-10,1,0
L4_k240,0.03,-31.58934811129234,1.2063978582003535e-07,1,0
L4_k240,0.03,-31.589855516872664,9.14747518440626e-08,1,0
L4_k240,0.03,-32.28360242108587,1.7902295391902812e-10,1,0
L4_k240,0.03,-32.389594864789295,1.8064712767240455e-12,1,0
L4_k240,0.03,-33.796865475232806,0.0,1,0
L4_k240,0.03,-33.865511473260376,0.0,1,0
L4_k240,0.03,-33.86663161704146,5.9214604296292705e-09,1,0
L4_k240,0.03,-33.891913201332834,7.181699439170365e-09,1,0
L4_k240,0.03,-34.06167721118594,3.90462086024322e-08,1,0
L4_k240,0.03,-34.17370585227762,1.6515816219265395e-08,1,0
L4_k240,0.03,-36.273300351975735,5.933479013604224e-35,1,0
L4_k240,0.03,-36.43572149279169,3.149977048366577e-12,1,0
L4_k240,0.03,-36.509513246676796,6.35671231260112e-12,1,0
L4_k240,0.03,-36.53907898240595,1.0113310653429016e-33,1,0
L4_k240,0.03,-36.658159355413275,7.978906007337824e-11,1,0
L4_k240,0.03,-36.66372583517487,2.5206347948958195e-10,1,0
L4_k240,0.03,-36.98505864634175,7.046952053545707e-10,1,0
L4_k240,0.03,-37.00408006382038,1.3271617024937433e-10,1,0
L4_k240,0.03,-39.375115974031104,2.5668507097403075e-12,1,0
L4_k240,0.03,-39.57588505882781,2.958242540041367e-13,1,0
L4_k240,0.03,-42.61425454516354,7.913985076412734e-14,1,0
L4_k240,0.03,-42.79672947770382,1.223438301682877e-13,1,0
L4_k240,3e-05,1.4882272835524222,1.0770803470876397e-05,0,1
L4_k240,3e-05,1.7708021606776922,1.7868744409645778e-05,0,1
L4_k240,3e-05,3.9938185697709234,1.215505733236031e-06,0,1
L4_k240,3e-05,4.514031921176263,1.25080753685509e-07,0,1
L4_k240,3e-05,8.370722295558974,6.357671723320013e-07,0,1
L4_k240,3e-05,8.966791734611194,4.0715978966531153e-07,0,1
L4_k240,3e-05,12.39050238044273,9.910585707006931e-05,0,1
L4_k240,3e-05,12.524539506840101,8.916116928773798e-05,0,1
L4_k240,3e-05,14.18498570310194,4.551660645934174e-08,0,1
L4_k240,3e-05,14.606545043042114,6.559380470509822e-06,0,1
L4_k240,3e-05,14.847198534695245,1.091244179504273e-06,0,1
L4_k240,3e-05,15.120108601635673,5.315929113375645e-07,0,1
L4_k240,3e-05,15.185005156996597,0.0,0,1
L4_k240,3e-05,15.377725441424781,1.4829433654400025e-08,0,1
L4_k240,3e-05,15.417116007105992,0.0,0,1
L4_k240,3e-05,15.462873256906475,0.0,0,1
L4_k240,3e-05,15.601800850151031,2.5769511603941864e-09,0,1
L4_k240,3e-05,15.72494976622349,0.0,0,1
L4_k240,3e-05,17.443874762348926,3.9096513823698714e-08,0,1
L4_k240,3e-05,17.5858862383808,2.0915755699300695e-06,0,1
L4_k240,3e-05,17.60802551018123,9.187789518853811e-07,0,1
L4_k240,3e-05,18.147978502438892,3.753490676361738e-09,0,1
L4_k240,3e-05,19.85482986291128,2.3435563892015777e-07,0,1
L4_k240,3e-05,20.283542897056833,2.1399791996977654e-08,0,1
L4_k240,3e-05,22.590508043164483,0.0,0,1
L4_k240,3e-05,22.641280299396904,1.303862057791862e-06,0,1
L4_k240,3e-05,22.674559547787275,1.9532073816301965e-06,0,1
L4_k240,3e-05,22.75723787506005,3.7427030700584195e-06,0,1
L4_k240,3e-05,22.785415021031362,0.0,0,1
L4_k240,3e-05,22.822113941499573,2.6951119348921126e-06,0,1
L4_k240,3e-05,25.199913428648543,1.7542807774796336e-06,0,1
L4_k240,3e-05,25.215735971107875,1.471355869136778e-07,0,1
L4_k240,3e-05,25.325168004947066,0.0,0,1
L4_k240,3e-05,25.36189764762738,1.796646221903322e-07,0,1
L4_k240,3e-05,25.49106960715305,2.0388007341674555e-07,0,1
L4_k240,3e-05,25.49139831093882,0.0,0,1
L4_k240,3e-05,25.51843708933243,2.3807446990154826e-08,0,1
L4_k240,3e-05,25.545280565696856,2.3846139868537477e-09,0,1
L4_k240,3e-05,25.58262147059878,0.0,0,1
L4_k240,3e-05,25.748207282926124,0.0,0,1
L4_k240,3e-05,27.94298001174323,7.026043395991037e-10,0,1
L4_k240,3e-05,28.206272013371283,2.5735870735208507e-10,0,1
L4_k240,3e-05,28.28796026684992,0.0,0,1
L4_k240,3e-05,28.483511738377082,0.0,0,1
L4_k240,3e-05,30.15957461905245,3.840204976931361e-08,0,1
L4_k240,3e-05,30.92294051713116,3.192272403786784e-08,0,1
L4_k240,3e-05,32.72712739500935,7.334524382047881e-06,0,1
L4_k240,3e-05,32.93457055043432,5.625083752315998e-06,0,1
L4_k240,3e-05,35.11435094095449,7.550605424252308e-08,0,1
L4_k240,3e-05,35.348425521647705,0.0,0,1
L4_k240,3e-05,35.36138232663624,9.127117315085265e-08,0,1
L4_k240,3e-05,35.469478930149144,7.102486756222219e-09,0,1
L4_k240,3e-05,35.53161243650784,7.545401354133124e-09,0,1
L4_k240,3e-05,35.61050203096391,0.0,0,1
L4_k240,3e-05,35.65690377443164,0.0,0,1
L4_k240,3e-05,35.71501539071654,2.2102848132312572e-08,0,1
L4_k240,3e-05,35.82325890514905,1.0766275560989297e-09,0,1
L4_k240,3e-05,35.88901462454109,0.0,0,1
L4_k240,3e-05,38.09902877449557,1.3571213697187622e-10,0,1
L4_k240,3e-05,38.43503288422822,7.124686870709155e-11,0,1
L4_k240,3e-05,43.124928739601465,2.7223948860544115e-08,0,1
L4_k240,3e-05,43.216849446891715,5.3907995714669316e-08,0,1
L4_k240,3e-05,45.81097400933341,1.017880681022112e-09,0,1
L4_k240,3e-05,45.94945358481893,1.1833574517857632e-10,0,1
L4_k240,3e-05,10009.621616251974,0.005492924992191507,0,1
L4_k240,3e-05,10010.069031169807,0.005681131999561034,0,1
L4_k240,3e-05,10017.074839725712,9.572657393486018e-27,0,1
L4_k240,3e-05,10017.239768116158,0.0014835863476217253,0,1
L4_k240,3e-05,10017.401662225548,0.0008980080315418238,0,1
L4_k240,3e-05,10017.425655403638,0.003746068005454395,0,1
L4_k240,3e-05,10017.548903790823,0.0,0,1
L4_k240,3e-05,10017.719552205961,0.002901106134321324,0,1
L4_k240,3e-05,10019.975729993479,0.0,0,1
L4_k240,3e-05,10020.061282199662,6.36034841326256e-05,0,1
L4_k240,3e-05,10020.088656774738,0.0,0,1
L4_k240,3e-05,10020.107415573557,4.934779441923694e-05,0,1
L4_k240,3e-05,10020.231111140818,0.00012415285584735781,0,1
L4_k240,3e-05,10020.374381414005,6.589840769499804e-05,0,1
L4_k240,3e-05,10022.301583180073,0.004648187923844841,0,1
L4_k240,3e-05,10022.411710715322,0.002030455450386505,0,1
L4_k240,3e-05,10025.01388884203,3.40168747231135e-05,0,1
L4_k240,3e-05,10025.052870245396,0.00023130519730690704,0,1
L4_k240,3e-05,10027.381232879648,0.0,0,1
L4_k240,3e-05,10027.410408035636,5.48003600037169e-06,0,1
L4_k240,3e-05,10027.411198538855,0.0,0,1
L4_k240,3e-05,10027.42092734233,6.246005369583716e-07,0,1
L4_k240,3e-05,10027.481760415421,0.01002606136416639,0,1
L4_k240,3e-05,10027.773031391707,0.008498478012842018,0,1
L4_k240,3e-05,10030.111914291443,0.0,0,1
L4_k240,3e-05,10030.141235456975,0.0,0,1
L4_k240,3e-05,10030.229862326323,2.6983074086995408e-05,0,1
L4_k240,3e-05,10030.229943495946,1.1311913282433395e-05,0,1
L4_k240,3e-05,10030.372971260404,0.0001553728260478894,0,1
L4_k240,3e-05,10030.373346307082,0.0,0,1
L4_k240,3e-05,10030.37352648359,0.00016017141608038414,0,1
L4_k240,3e-05,10030.37399080075,0.0,0,1
L4_k240,3e-05,10030.693030138329,4.171220360301133e-06,0,1
L4_k240,3e-05,10030.784789789308,8.069286418876511e-06,0,1
L4_k240,3e-05,10032.904782577816,8.139545325169323e-07,0,1
L4_k240,3e-05,10033.315914982511,5.661031983377889e-07,0,1
L4_k240,3e-05,10035.416525767256,6.544365735873146e-05,0,1
L4_k240,3e-05,10035.636465317208,8.262110717742584e-05,0,1
L4_k240,3e-05,10037.434456055558,0.0,0,1
L4_k240,3e-05,10037.546738343148,0.0,0,1
L4_k240,3e-05,10037.549382165638,6.106727527848133e-06,0,1
L4_k240,3e-05,10037.592791039217,4.250407548841966e-06,0,1
L4_k240,3e-05,10037.983382429655,1.693217244329031e-05,0,1
L4_k240,3e-05,10038.111842023845,5.195927189651093e-06,0,1
L4_k240,3e-05,10039.974209039476,0.0,0,1
L4_k240,3e-05,10040.159846869019,3.597224107936922e-10,0,1
L4_k240,3e-05,10040.316539052845,3.093983105563551e-10,0,1
L4_k240,3e-05,10040.447628610924,2.1435452687689663e-28,0,1
L4_k240,3e-05,10040.616564129283,4.355437294023104e-08,0,1
L4_k240,3e-05,10040.945925507956,1.4320281561132168e-07,0,1
L4_k240,3e-05,10044.412135922683,4.0588398007956383e-07,0,1
L4_k240,3e-05,10044.629955073731,1.3256917740807605e-07,0,1
L4_k240,3e-05,10046.96679008177,1.971823788805227e-08,0,1
L4_k240,3e-05,10047.344431038358,2.9518699899050167e-09,0,1
L4_k240,3e-05,10051.301015599673,6.736262504451387e-10,0,1
L4_k240,3e-05,10051.960618467783,1.8027609622931016e-09,0,1
L4_k240,3e-05,-0.14170854927687948,7.90733045578982e-05,0,0
L4_k240,3e-05,-1.1399603167499035,1.964363004245527e-05,0,0
L4_k240,3e-05,-1.4882272835529222,5.3854017353767105e-06,0,0
L4_k240,3e-05,-1.770802160675001,8.934372204824925e-06,0,0
L4_k240,3e-05,-3.0319637215199897,2.9323261085326487e-06,0,0
L4_k240,3e-05,-3.7849196746132807,8.77373896886945e-06,0,0
L4_k240,3e-05,-3.9938185697712614,6.077528666182438e-07,0,0
L4_k240,3e-05,-4.514031921177254,6.254037684249975e-08,0,0
L4_k240,3e-05,-5.827523285047015,0.00010506435062881974,0,0
L4_k240,3e-05,-6.0726355535430345,0.00013294817744935269,0,0
L4_k240,3e-05,-7.822106404617641,9.402872005537162e-30,0,0
L4_k240,3e-05,-8.208903077923098,6.103137527876133e-08,0,0
L4_k240,3e-05,-8.370722295560416,3.1788358616841e-07,0,0
L4_k240,3e-05,-8.43556539488982,1.0193301712768068e-08,0,0
L4_k240,3e-05,-8.698869787545785,0.0,0,0
L4_k240,3e-05,-8.966791734609327,2.035798948329155e-07,0,0
L4_k240,3e-05,-9.097114397513224,4.977648353498609e-08,0,0
L4_k240,3e-05,-9.349401680140492,2.82340062841253e-08,0,0
L4_k240,3e-05,-10.667573521942817,6.75575366769598e-10,0,0
L4_k240,3e-05,-11.911175995181397,1.0476900334487724e-08,0,0
L4_k240,3e-05,-12.3905023804416,4.9552928534664795e-05,0,0
L4_k240,3e-05,-12.52453950683803,4.4580584644204654e-05,0,0
L4_k240,3e-05,-14.06972974872631,5.134554301634688e-06,0,0
L4_k240,3e-05,-14.184985703102038,2.2758303229796318e-08,0,0
L4_k240,3e-05,-14.606545043040573,3.2796902352578232e-06,0,0
L4_k240,3e-05,-14.688604111421528,5.862335702825699e-06,0,0
L4_k240,3e-05,-14.847198534695101,5.456220897471663e-07,0,0
L4_k240,3e-05,-15.12010860163487,2.65796455669863e-07,0,0
L4_k240,3e-05,-15.185005156997574,0.0,0,0
L4_k240,3e-05,-15.37772544142525,7.414716827035947e-09,0,0
L4_k240,3e-05,-15.41711600710612,0.0,0,0
L4_k240,3e-05,-15.462873256907892,0.0,0,0
L4_k240,3e-05,-15.60180085015235,1.2884755801470537e-09,0,0
L4_k240,3e-05,-15.724949766223174,0.0,0,0
L4_k240,3e-05,-17.030056630115247,9.77313668878281e-07,0,0
L4_k240,3e-05,-17.44387476234949,1.9548256912573455e-08,0,0
L4_k240,3e-05,-17.51166178549347,2.972274264170928e-09,0,0
L4_k240,3e-05,-17.585886238379903,1.0457877850522527e-06,0,0
L4_k240,3e-05,-17.608025510181434,4.593894758567387e-07,0,0
L4_k240,3e-05,-18.147978502439106,1.8767453381147397e-09,0,0
L4_k240,3e-05,-19.733158788339352,6.903432476720439e-08,0,0
L4_k240,3e-05,-19.768491066927616,3.522217747297586e-07,0,0
L4_k240,3e-05,-19.85482986290981,1.1717781946228698e-07,0,0
L4_k240,3e-05,-20.283542897055725,1.069989599847419e-08,0,0
L4_k240,3e-05,-21.79526784231973,1.4683814430167005e-05,0,0
L4_k240,3e-05,-21.991818384711934,8.395607904940204e-06,0,0
L4_k240,3e-05,-22.039662555407844,0.0,0,0
L4_k240,3e-05,-22.438150544911444,0.0,0,0
L4_k240,3e-05,-22.494139306705996,1.2955691875362363e-06,0,0
L4_k240,3e-05,-22.525560658783178,3.7166291255955775e-06,0,0
L4_k240,3e-05,-22.5905080431611,0.0,0,0
L4_k240,3e-05,-22.641280299397195,6.519310289248723e-07,0,0
L4_k240,3e-05,-22.674559547788277,9.766036908166674e-07,0,0
L4_k240,3e-05,-22.757237875060348,1.8713515350341683e-06,0,0
L4_k240,3e-05,-22.785415021033614,0.0,0,0
L4_k240,3e-05,-22.822113941498507,1.3475559673855614e-06,0,0
L4_k240,3e-05,-24.575141020148124,0.0,0,0
L4_k240,3e-05,-24.750149246727865,3.024631787318986e-08,0,0
L4_k240,3e-05,-24.80597363125358,6.749514983852428e-08,0,0
L4_k240,3e-05,-25.109321673137615,3.414243692086085e-07,0,0
L4_k240,3e-05,-25.19991342865044,8.771403887056827e-07,0,0
L4_k240,3e-05,-25.207980415738888,0.0,0,0
L4_k240,3e-05,-25.215735971106902,7.356779348038413e-08,0,0
L4_k240,3e-05,-25.250366512402614,2.0550175005414372e-07,0,0
L4_k240,3e-05,-25.32516800494689,0.0,0,0
L4_k240,3e-05,-25.36189764762839,8.98323110991694e-08,0,0
L4_k240,3e-05,-25.49106960715345,1.0194003671255843e-07,0,0
L4_k240,3e-05,-25.49139831093909,0.0,0,0
L4_k240,3e-05,-25.51843708933471,1.1903723493295221e-08,0,0
L4_k240,3e-05,-25.54528056569921,1.1923069932191312e-09,0,0
L4_k240,3e-05,-25.582621470597708,0.0,0,0
L4_k240,3e-05,-25.748207282923907,0.0,0,0
L4_k240,3e-05,-27.579244799293782,1.1510378752997852e-05,0,0
L4_k240,3e-05,-27.942980011742954,3.513021697747354e-10,0,0
L4_k240,3e-05,-28.14958508801059,1.5932022302265286e-05,0,0
L4_k240,3e-05,-28.20627201337117,1.2867935367720498e-10,0,0
L4_k240,3e-05,-28.28796026684121,0.0,0,0
L4_k240,3e-05,-28.483511738374453,0.0,0,0
L4_k240,3e-05,-29.93759850193959,3.985508472636169e-08,0,0
L4_k240,3e-05,-30.127556971809085,1.5274327400992798e-09,0,0
L4_k240,3e-05,-30.15957461905122,1.9201024884733125e-08,0,0
L4_k240,3e-05,-30.325913002357694,0.0,0,0
L4_k240,3e-05,-30.860152367491743,6.584991067875245e-12,0,0
L4_k240,3e-05,-30.92294051712951,1.596136201965166e-08,0,0
L4_k240,3e-05,-30.931784227562318,2.6250397231973337e-09,0,0
L4_k240,3e-05,-30.966391498198348,0.0,0,0
L4_k240,3e-05,-32.70666227868537,1.1782082437623666e-10,0,0
L4_k240,3e-05,-32.72712739500765,3.6672621910336693e-06,0,0
L4_k240,3e-05,-32.93457055043348,2.8125418761500036e-06,0,0
L4_k240,3e-05,-33.655832604998935,7.121003496197484e-10,0,0
L4_k240,3e-05,-35.05338336657552,1.444703447131206e-07,0,0
L4_k240,3e-05,-35.11435094095398,3.77530271218842e-08,0,0
L4_k240,3e-05,-35.30028561040357,1.2692294545751737e-07,0,0
L4_k240,3e-05,-35.348425521648714,0.0,0,0
L4_k240,3e-05,-35.36138232663574,4.5635586575106214e-08,0,0
L4_k240,3e-05,-35.46947893015024,3.551243377761563e-09,0,0
L4_k240,3e-05,-35.53161243651003,3.772700677006809e-09,0,0
L4_k240,3e-05,-35.61050203096458,0.0,0,0
L4_k240,3e-05,-35.65690377443337,0.0,0,0
L4_k240,3e-05,-35.71501539071519,1.105142406614564e-08,0,0
L4_k240,3e-05,-35.82325890515187,5.383137779660792e-10,0,0
L4_k240,3e-05,-35.889014624542085,0.0,0,0
L4_k240,3e-05,-38.0990287744956,6.785606848389279e-11,0,0
L4_k240,3e-05,-38.43503288422807,3.562343435326901e-11,0,0
L4_k240,3e-05,-42.69101512114724,8.38874097138818e-08,0,0
L4_k240,3e-05,-43.03527684780066,2.3661254564269633e-08,0,0
L4_k240,3e-05,-43.12492873959916,1.3611974429720245e-08,0,0
L4_k240,3e-05,-43.21684944688962,2.695399785788572e-08,0,0
L4_k240,3e-05,-45.43857182710033,1.933794821344994e-10,0,0
L4_k240,3e-05,-45.73627231030866,8.940705950648998e-10,0,0
L4_k240,3e-05,-45.810974009332796,5.089403404742002e-10,0,0
L4_k240,3e-05,-45.94945358482004,5.916787258450446e-11,0,0
L4_k240,3e-05,-10006.780270320669,0.20771681806930592,0,0
L4_k240,3e-05,-10007.420829405788,0.2041938576748812,0,0
L4_k240,3e-05,-10009.466363781188,1.8528005342397205e-26,0,0
L4_k240,3e-05,-10009.5870274271,0.0008392875899138431,0,0
L4_k240,3e-05,-10009.621616251976,0.002746462495951586,0,0
L4_k240,3e-05,-10009.726062266238,0.002293249090683923,0,0
L4_k240,3e-05,-10009.90832652527,2.4524084463562586e-27,0,0
L4_k240,3e-05,-10010.069031169807,0.002840565999782688,0,0
L4_k240,3e-05,-10010.12978140616,6.290507829767392e-05,0,0
L4_k240,3e-05,-10010.214189790913,0.00012684000575486146,0,0
L4_k240,3e-05,-10012.482901528163,1.5898532450342567e-05,0,0
L4_k240,3e-05,-10012.67710849609,2.792280227775045e-05,0,0
L4_k240,3e-05,-10017.05797606693,2.3870442113979027e-27,0,0
L4_k240,3e-05,-10017.074839725707,0.0,0,0
L4_k240,3e-05,-10017.133003110648,0.00018409472228667715,0,0
L4_k240,3e-05,-10017.239768116156,0.0007417931738408686,0,0
L4_k240,3e-05,-10017.26546274282,0.00022127927599972647,0,0
L4_k240,3e-05,-10017.375889753004,2.482431711231886e-05,0,0
L4_k240,3e-05,-10017.38331057958,0.0,0,0
L4_k240,3e-05,-10017.40166222555,0.0004490040158045064,0,0
L4_k240,3e-05,-10017.42565540364,0.0018730340027057852,0,0
L4_k240,3e-05,-10017.548903790814,0.0,0,0
L4_k240,3e-05,-10017.672834396179,5.190044794839083e-05,0,0
L4_k240,3e-05,-10017.719552205963,0.0014505530671376598,0,0
L4_k240,3e-05,-10019.842226597235,0.0,0,0
L4_k240,3e-05,-10019.957152484174,5.605717104999967e-06,0,0
L4_k240,3e-05,-10019.975729993479,0.0,0,0
L4_k240,3e-05,-10020.035929955997,6.903311170288923e-06,0,0
L4_k240,3e-05,-10020.057613064382,0.0,0,0
L4_k240,3e-05,-10020.06128219966,3.180174206486754e-05,0,0
L4_k240,3e-05,-10020.088656774862,0.0,0,0
L4_k240,3e-05,-10020.107415573553,2.467389721031059e-05,0,0
L4_k240,3e-05,-10020.169546859786,0.00013526884607649046,0,0
L4_k240,3e-05,-10020.231111140816,6.207642791771005e-05,0,0
L4_k240,3e-05,-10020.260503801346,8.094184842638004e-05,0,0
L4_k240,3e-05,-10020.374381414003,3.294920384751602e-05,0,0
L4_k240,3e-05,-10022.301583180075,0.002324093961812286,0,0
L4_k240,3e-05,-10022.41171071532,0.0010152277252823616,0,0
L4_k240,3e-05,-10022.4728522074,0.0009964416841925958,0,0
L4_k240,3e-05,-10022.700957058123,0.002363025768721324,0,0
L4_k240,3e-05,-10024.479788338564,0.0,0,0
L4_k240,3e-05,-10024.59936597049,8.911853960979066e-05,0,0
L4_k240,3e-05,-10024.716628968436,0.0001137093271685653,0,0
L4_k240,3e-05,-10024.8319680033,0.0,0,0
L4_k240,3e-05,-10025.01388884203,1.700843736086446e-05,0,0
L4_k240,3e-05,-10025.052870245398,0.00011565259865184812,0,0
L4_k240,3e-05,-10025.119869920954,5.9752990273037345e-05,0,0
L4_k240,3e-05,-10025.419107937007,5.40203949236362e-06,0,0
L4_k240,3e-05,-10027.149161354564,0.0,0,0
L4_k240,3e-05,-10027.257008756558,6.140816895514738e-07,0,0
L4_k240,3e-05,-10027.264247926549,1.3015113459457749e-06,0,0
L4_k240,3e-05,-10027.410408035634,2.7400180000820086e-06,0,0
L4_k240,3e-05,-10027.420927342331,3.123002679666174e-07,0,0
L4_k240,3e-05,-10027.481760415421,0.0050130306820882565,0,0
L4_k240,3e-05,-10027.530503179842,1.0319204702131387e-05,0,0
L4_k240,3e-05,-10027.558374124614,2.0568497944172457e-05,0,0
L4_k240,3e-05,-10027.685840776883,6.99762710218136e-05,0,0
L4_k240,3e-05,-10027.723403075348,2.6798769742376135e-05,0,0
L4_k240,3e-05,-10027.773031391705,0.0042492390064288186,0,0
L4_k240,3e-05,-10029.950964495016,0.0,0,0
L4_k240,3e-05,-10030.10646280151,1.1170416305362836e-07,0,0
L4_k240,3e-05,-10030.214183754384,3.024207307706394e-07,0,0
L4_k240,3e-05,-10030.229862326323,1.349153667292955e-05,0,0
L4_k240,3e-05,-10030.229943495942,5.655957010876759e-06,0,0
L4_k240,3e-05,-10030.372809155846,0.00022756227982775713,0,0
L4_k240,3e-05,-10030.372971260122,7.768653613496039e-05,0,0
L4_k240,3e-05,-10030.373526482208,8.008279546016158e-05,0,0
L4_k240,3e-05,-10030.373587596525,0.00025749930316715084,0,0
L4_k240,3e-05,-10030.693030138324,2.0856101800702945e-06,0,0
L4_k240,3e-05,-10030.784789789308,4.034643209679122e-06,0,0
L4_k240,3e-05,-10032.7396346083,0.0042359026775078135,0,0
L4_k240,3e-05,-10032.904782577813,4.069772662694042e-07,0,0
L4_k240,3e-05,-10033.177009468473,0.004842106362221864,0,0
L4_k240,3e-05,-10033.31591498251,2.830515991442028e-07,0,0
L4_k240,3e-05,-10035.222822109683,0.0,0,0
L4_k240,3e-05,-10035.284754819762,3.4893458920822614e-05,0,0
L4_k240,3e-05,-10035.33727483013,1.059150104058318e-05,0,0
L4_k240,3e-05,-10035.34975760224,0.0,0,0
L4_k240,3e-05,-10035.416525767254,3.272182868015088e-05,0,0
L4_k240,3e-05,-10035.63646531721,4.131055358816926e-05,0,0
L4_k240,3e-05,-10035.657254645816,6.061562786169378e-07,0,0
L4_k240,3e-05,-10035.896582017156,1.4905912223998263e-06,0,0
L4_k240,3e-05,-10037.434361516489,0.0,0,0
L4_k240,3e-05,-10037.530219718095,0.0,0,0
L4_k240,3e-05,-10037.549382165635,3.053363763712098e-06,0,0
L4_k240,3e-05,-10037.592791039215,2.125203774568111e-06,0,0
L4_k240,3e-05,-10037.661194069258,0.0,0,0
L4_k240,3e-05,-10037.827862107539,2.7465188373962437e-08,0,0
L4_k240,3e-05,-10037.97138709479,1.1109727675916047e-06,0,0
L4_k240,3e-05,-10037.983382429655,8.466086221855749e-06,0,0
L4_k240,3e-05,-10038.028159799003,1.0377262890426252e-06,0,0
L4_k240,3e-05,-10038.045545125464,2.2045232558869302e-07,0,0
L4_k240,3e-05,-10038.111842023845,2.597963594837615e-06,0,0
L4_k240,3e-05,-10038.269199728627,2.1607766573923535e-05,0,0
L4_k240,3e-05,-10038.32901481246,0.0,0,0
L4_k240,3e-05,-10038.348036575753,2.018107947897297e-05,0,0
L4_k240,3e-05,-10039.974209039474,3.698324481596073e-30,0,0
L4_k240,3e-05,-10040.088615246428,0.0,0,0
L4_k240,3e-05,-10040.159846869017,1.7986120539045363e-10,0,0
L4_k240,3e-05,-10040.31653905284,1.5469915520036378e-10,0,0
L4_k240,3e-05,-10040.447628610918,0.0,0,0
L4_k240,3e-05,-10040.50352035511,2.303708034457039e-08,0,0
L4_k240,3e-05,-10040.616564129283,2.177718646958352e-08,0,0
L4_k240,3e-05,-10040.76430192479,2.975197930575113e-08,0,0
L4_k240,3e-05,-10040.867462727263,0.0,0,0
L4_k240,3e-05,-10040.945925507955,7.160140780713613e-08,0,0
L4_k240,3e-05,-10041.245474728637,9.094569772398762e-08,0,0
L4_k240,3e-05,-10041.284356019525,3.4738242755244315e-08,0,0
L4_k240,3e-05,-10043.449041155716,3.5213734096739844e-06,0,0
L4_k240,3e-05,-10044.188244796802,6.961727058529293e-07,0,0
L4_k240,3e-05,-10044.412135922685,2.0294199004558364e-07,0,0
L4_k240,3e-05,-10044.629955073731,6.628458870831631e-08,0,0
L4_k240,3e-05,-10046.245729473325,1.4997498175804704e-08,0,0
L4_k240,3e-05,-10046.815899918773,1.3999632186264628e-08,0,0
L4_k240,3e-05,-10046.96679008177,9.859118944669307e-09,0,0
L4_k240,3e-05,-10047.344431038357,1.4759349951083504e-09,0,0
L4_k240,3e-05,-10048.742268584125,3.328485738107778e-08,0,0
L4_k240,3e-05,-10048.91710456638,1.5876895607548583e-08,0,0
L4_k240,3e-05,-10050.669005515689,4.149797447120637e-32,0,0
L4_k240,3e-05,-10051.083011707751,4.01365357470038e-11,0,0
L4_k240,3e-05,-10051.298280389492,9.106503161415247e-12,0,0
L4_k240,3e-05,-10051.30101559967,3.3681312548290666e-10,0,0
L4_k240,3e-05,-10051.509347841737,1.9782741313002213e-30,0,0
L4_k240,3e-05,-10051.960618467781,9.013804816635069e-10,0,0
L4_k240,3e-05,-10052.147884769423,9.26139037454171e-12,0,0
L4_k240,3e-05,-10052.57427367112,2.830898744998671e-09,0,0
L4_k240,3e-05,-10053.571326386764,7.665848472360148e-11,0,0
L4_k240,3e-05,-10055.099120251072,6.817156140164074e-12,0,0
L4_k240,3e-05,0.14170854927683774,7.907330455781631e-05,1,1
L4_k240,3e-05,1.1399603167497765,1.9643630042489614e-05,1,1
L4_k240,3e-05,1.4882272835517028,5.38540173536968e-06,1,1
L4_k240,3e-05,1.7708021606747653,8.934372204820778e-06,1,1
L4_k240,3e-05,3.031963721519283,2.932326108518261e-06,1,1
L4_k240,3e-05,3.784919674612296,8.77373896887934e-06,1,1
L4_k240,3e-05,3.993818569770388,6.077528666148211e-07,1,1
L4_k240,3e-05,4.514031921175665,6.254037684259733e-08,1,1
L4_k240,3e-05,5.8275232850457925,0.00010506435062869236,1,1
L4_k240,3e-05,6.072635553541847,0.0001329481774495673,1,1
L4_k240,3e-05,7.822106404619893,8.474086053738253e-30,1,1
L4_k240,3e-05,8.20890307792411,6.103137527795354e-08,1,1
L4_k240,3e-05,8.370722295560984,3.1788358616679526e-07,1,1
L4_k240,3e-05,8.435565394888577,1.01933017131203e-08,1,1
L4_k240,3e-05,8.698869787542797,0.0,1,1
L4_k240,3e-05,8.96679173460935,2.035798948308154e-07,1,1
L4_k240,3e-05,9.097114397512417,4.9776483535625804e-08,1,1
L4_k240,3e-05,9.349401680140492,2.8234006282681833e-08,1,1
L4_k240,3e-05,10.667573521941714,6.75575366769893e-10,1,1
L4_k240,3e-05,11.911175995180024,1.04769003342721e-08,1,1
L4_k240,3e-05,12.390502380442776,4.955292853426738e-05,1,1
L4_k240,3e-05,12.524539506839092,4.458058464460061e-05,1,1
L4_k240,3e-05,14.06972974872627,5.134554301625468e-06,1,1
L4_k240,3e-05,14.184985703100356,2.2758303229877812e-08,1,1
L4_k240,3e-05,14.60654504304035,3.2796902351628446e-06,1,1
L4_k240,3e-05,14.688604111420966,5.862335702923637e-06,1,1
L4_k240,3e-05,14.847198534693515,5.456220897604986e-07,1,1
L4_k240,3e-05,15.120108601635366,2.657964556698935e-07,1,1
L4_k240,3e-05,15.185005156991794,0.0,1,1
L4_k240,3e-05,15.377725441425211,7.414716827288915e-09,1,1
L4_k240,3e-05,15.417116007101692,0.0,1,1
L4_k240,3e-05,15.462873256909042,0.0,1,1
L4_k240,3e-05,15.60180085015004,1.2884755802281123e-09,1,1
L4_k240,3e-05,15.724949766225441,0.0,1,1
L4_k240,3e-05,17.03005663011494,9.773136688779727e-07,1,1
L4_k240,3e-05,17.443874762348415,1.9548256912598492e-08,1,1
L4_k240,3e-05,17.51166178549058,2.9722742638754053e-09,1,1
L4_k240,3e-05,17.5858862383799,1.0457877850393799e-06,1,1
L4_k240,3e-05,17.60802551018113,4.593894758666874e-07,1,1
L4_k240,3e-05,18.147978502437503,1.876745338136866e-09,1,1
L4_k240,3e-05,19.73315878833934,6.90343247703951e-08,1,1
L4_k240,3e-05,19.768491066927318,3.5222177472569764e-07,1,1
L4_k240,3e-05,19.854829862909114,1.1717781946237038e-07,1,1
L4_k240,3e-05,20.28354289705444,1.0699895998459937e-08,1,1
L4_k240,3e-05,21.79526784232018,1.468381443008185e-05,1,1
L4_k240,3e-05,21.99181838471189,8.395607904983247e-06,1,1
L4_k240,3e-05,22.039662555407062,0.0,1,1
L4_k240,3e-05,22.438150544910506,0.0,1,1
L4_k240,3e-05,22.494139306703964,1.295569187366133e-06,1,1
L4_k240,3e-05,22.525560658782055,3.716629125769547e-06,1,1
L4_k240,3e-05,22.59050804316214,0.0,1,1
L4_k240,3e-05,22.64128029939647,6.519310289292804e-07,1,1
L4_k240,3e-05,22.674559547787503,9.76603690798864e-07,1,1
L4_k240,3e-05,22.75723787505939,1.871351535039688e-06,1,1
L4_k240,3e-05,22.785415021026843,0.0,1,1
L4_k240,3e-05,22.822113941498024,1.3475559674161766e-06,1,1
L4_k240,3e-05,24.575141020151115,0.0,1,1
L4_k240,3e-05,24.750149246726814,3.024631787219399e-08,1,1
L4_k240,3e-05,24.805973631252712,6.749514983923881e-08,1,1
L4_k240,3e-05,25.109321673136414,3.414243692064495e-07,1,1
L4_k240,3e-05,25.199913428650284,8.771403887226399e-07,1,1
L4_k240,3e-05,25.207980415735868,0.0,1,1
L4_k240,3e-05,25.215735971107414,7.35677934759953e-08,1,1
L4_k240,3e-05,25.250366512403488,2.0550175004456706e-07,1,1
L4_k240,3e-05,25.32516800494635,0.0,1,1
L4_k240,3e-05,25.361897647628112,8.983231109781838e-08,1,1
L4_k240,3e-05,25.491069607152454,1.019400367102785e-07,1,1
L4_k240,3e-05,25.491398310935715,0.0,1,1
L4_k240,3e-05,25.51843708933056,1.1903723496281934e-08,1,1
L4_k240,3e-05,25.54528056569542,1.192306993673258e-09,1,1
L4_k240,3e-05,25.582621470600827,0.0,1,1
L4_k240,3e-05,25.748207282925172,0.0,1,1
L4_k240,3e-05,27.579244799292702,1.1510378752989792e-05,1,1
L4_k240,3e-05,27.94298001174019,3.5130216978649234e-10,1,1
L4_k240,3e-05,28.14958508800987,1.5932022302261945e-05,1,1
L4_k240,3e-05,28.206272013371965,1.2867935365839932e-10,1,1
L4_k240,3e-05,28.287960266838624,0.0,1,1
L4_k240,3e-05,28.483511738371035,0.0,1,1
L4_k240,3e-05,29.937598501939462,3.9855084726959094e-08,1,1
L4_k240,3e-05,30.127556971809568,1.527432740281072e-09,1,1
L4_k240,3e-05,30.15957461905002,1.92010248847555e-08,1,1
L4_k240,3e-05,30.32591300235753,0.0,1,1
L4_k240,3e-05,30.86015236749359,6.584991071060937e-12,1,1
L4_k240,3e-05,30.922940517129966,1.596136201814896e-08,1,1
L4_k240,3e-05,30.931784227560698,2.625039724625827e-09,1,1
L4_k240,3e-05,30.96639149819429,0.0,1,1
L4_k240,3e-05,32.706662278684306,1.1782082435613426e-10,1,1
L4_k240,3e-05,32.72712739500788,3.6672621910051396e-06,1,1
L4_k240,3e-05,32.934570550433314,2.8125418761815264e-06,1,1
L4_k240,3e-05,33.65583260500045,7.121003496044525e-10,1,1
L4_k240,3e-05,35.05338336657651,1.4447034471305878e-07,1,1
L4_k240,3e-05,35.11435094095409,3.775302712260114e-08,1,1
L4_k240,3e-05,35.30028561040392,1.269229454544518e-07,1,1
L4_k240,3e-05,35.348425521647904,0.0,1,1
L4_k240,3e-05,35.361382326635216,4.563558657789909e-08,1,1
L4_k240,3e-05,35.469478930150764,3.5512433778388314e-09,1,1
L4_k240,3e-05,35.53161243650924,3.772700677097058e-09,1,1
L4_k240,3e-05,35.61050203096277,0.0,1,1
L4_k240,3e-05,35.65690377443333,0.0,1,1
L4_k240,3e-05,35.71501539071634,1.1051424065870072e-08,1,1
L4_k240,3e-05,35.82325890515166,5.383137779858059e-10,1,1
L4_k240,3e-05,35.88901462454254,0.0,1,1
L4_k240,3e-05,38.099028774496055,6.785606848609437e-11,1,1
L4_k240,3e-05,38.435032884228484,3.562343435362809e-11,1,1
L4_k240,3e-05,42.69101512114885,8.388740971352194e-08,1,1
L4_k240,3e-05,43.035276847800574,2.3661254564316415e-08,1,1
L4_k240,3e-05,43.12492873960042,1.3611974429519594e-08,1,1
L4_k240,3e-05,43.216849446890286,2.695399785828647e-08,1,1
L4_k240,3e-05,45.438571827098706,1.9337948212994207e-10,1,1
L4_k240,3e-05,45.73627231031007,8.940705950252572e-10,1,1
L4_k240,3e-05,45.81097400933454,5.089403405089329e-10,1,1
L4_k240,3e-05,45.9494535848172,5.916787259190356e-11,1,1
L4_k240,3e-05,10006.78027032067,0.20771681806726064,1,1
L4_k240,3e-05,10007.420829405788,0.20419385767693254,1,1
L4_k240,3e-05,10009.466363781188,5.919759720550977e-29,1,1
L4_k240,3e-05,10009.587027427098,0.0008392875897544705,1,1
L4_k240,3e-05,10009.621616251974,0.002746462495996655,1,1
L4_k240,3e-05,10009.726062266236,0.002293249090789027,1,1
L4_k240,3e-05,10009.908326525274,4.113978591816831e-26,1,1
L4_k240,3e-05,10010.069031169805,0.0028405659998023626,1,1
L4_k240,3e-05,10010.129781406158,6.290507828472746e-05,1,1
L4_k240,3e-05,10010.214189790915,0.00012684000574335162,1,1
L4_k240,3e-05,10012.482901528163,1.5898532450329137e-05,1,1
L4_k240,3e-05,10012.67710849609,2.7922802277449313e-05,1,1
L4_k240,3e-05,10017.057976066939,2.0436335903304065e-27,1,1
L4_k240,3e-05,10017.074839725712,0.0,1,1
L4_k240,3e-05,10017.13300311065,0.00018409472229908276,1,1
L4_k240,3e-05,10017.239768116158,0.000741793173826241,1,1
L4_k240,3e-05,10017.265462742822,0.00022127927600329442,1,1
L4_k240,3e-05,10017.375889753004,2.482431711880862e-05,1,1
L4_k240,3e-05,10017.383310579587,0.0,1,1
L4_k240,3e-05,10017.401662225551,0.00044900401587333035,1,1
L4_k240,3e-05,10017.42565540364,0.001873034002630648,1,1
L4_k240,3e-05,10017.548903790821,0.0,1,1
L4_k240,3e-05,10017.672834396182,5.190044795328463e-05,1,1
L4_k240,3e-05,10017.719552205963,0.0014505530671354767,1,1
L4_k240,3e-05,10019.842226597231,0.0,1,1
L4_k240,3e-05,10019.957152484174,5.605717105115955e-06,1,1
L4_k240,3e-05,10019.975729993484,0.0,1,1
L4_k240,3e-05,10020.035929955997,6.903311169825082e-06,1,1
L4_k240,3e-05,10020.057613063575,0.0,1,1
L4_k240,3e-05,10020.06128219966,3.1801742064235515e-05,1,1
L4_k240,3e-05,10020.088656774751,0.0,1,1
L4_k240,3e-05,10020.107415573553,2.4673897210903685e-05,1,1
L4_k240,3e-05,10020.16954685979,0.00013526884607413818,1,1
L4_k240,3e-05,10020.231111140818,6.207642792171183e-05,1,1
L4_k240,3e-05,10020.260503801348,8.094184842532594e-05,1,1
L4_k240,3e-05,10020.374381414005,3.29492038478039e-05,1,1
L4_k240,3e-05,10022.301583180077,0.0023240939618350744,1,1
L4_k240,3e-05,10022.411710715322,0.0010152277253495524,1,1
L4_k240,3e-05,10022.472852207402,0.0009964416841257585,1,1
L4_k240,3e-05,10022.700957058123,0.0023630257686918393,1,1
L4_k240,3e-05,10024.479788338575,0.0,1,1
L4_k240,3e-05,10024.599365970493,8.911853961042889e-05,1,1
L4_k240,3e-05,10024.716628968437,0.00011370932716683382,1,1
L4_k240,3e-05,10024.831968003306,0.0,1,1
L4_k240,3e-05,10025.013888842028,1.7008437358123317e-05,1,1
L4_k240,3e-05,10025.052870245396,0.0001156525986557406,1,1
L4_k240,3e-05,10025.119869920953,5.975299027376873e-05,1,1
L4_k240,3e-05,10025.419107937008,5.402039492409106e-06,1,1
L4_k240,3e-05,10027.14914351455,0.0,1,1
L4_k240,3e-05,10027.257008756558,6.140816892158856e-07,1,1
L4_k240,3e-05,10027.264247926549,1.301511346254195e-06,1,1
L4_k240,3e-05,10027.410408035632,2.7400180000807757e-06,1,1
L4_k240,3e-05,10027.420927342331,3.1230026791197187e-07,1,1
L4_k240,3e-05,10027.481760415421,0.00501303068214439,1,1
L4_k240,3e-05,10027.530503179845,1.0319204701435379e-05,1,1
L4_k240,3e-05,10027.558374124617,2.0568497943956332e-05,1,1
L4_k240,3e-05,10027.685840776885,6.997627101839828e-05,1,1
L4_k240,3e-05,10027.723403075348,2.6798769745938742e-05,1,1
L4_k240,3e-05,10027.773031391707,0.004249239006367849,1,1
L4_k240,3e-05,10029.951006932652,0.0,1,1
L4_k240,3e-05,10030.106462801512,1.1170416305675167e-07,1,1
L4_k240,3e-05,10030.214183754388,3.024207307821076e-07,1,1
L4_k240,3e-05,10030.229862326325,1.3491536619799174e-05,1,1
L4_k240,3e-05,10030.229943495944,5.655957065502402e-06,1,1
L4_k240,3e-05,10030.372809155882,0.00022756242041645022,1,1
L4_k240,3e-05,10030.37297126039,7.768642080267476e-05,1,1
L4_k240,3e-05,10030.373526483514,8.008554112255952e-05,1,1
L4_k240,3e-05,10030.373587596805,0.00025749653224602423,1,1
L4_k240,3e-05,10030.693030138325,2.085610180063508e-06,1,1
L4_k240,3e-05,10030.784789789308,4.03464320951791e-06,1,1
L4_k240,3e-05,10032.739634608302,0.004235902677471916,1,1
L4_k240,3e-05,10032.904782577814,4.0697726619631825e-07,1,1
L4_k240,3e-05,10033.177009468474,0.004842106362272798,1,1
L4_k240,3e-05,10033.31591498251,2.8305159916669e-07,1,1
L4_k240,3e-05,10035.222822110063,0.0,1,1
L4_k240,3e-05,10035.284754819762,3.489345892210841e-05,1,1
L4_k240,3e-05,10035.337274830137,1.0591501040208333e-05,1,1
L4_k240,3e-05,10035.349756802758,0.0,1,1
L4_k240,3e-05,10035.416525767256,3.27218286791215e-05,1,1
L4_k240,3e-05,10035.63646531721,4.131055358846576e-05,1,1
L4_k240,3e-05,10035.657254645821,6.061562784500431e-07,1,1
L4_k240,3e-05,10035.896582017156,1.4905912224380553e-06,1,1
L4_k240,3e-05,10037.434456018194,0.0,1,1
L4_k240,3e-05,10037.543717036062,0.0,1,1
L4_k240,3e-05,10037.549382165633,3.0533637638651203e-06,1,1
L4_k240,3e-05,10037.592791039213,2.125203774442317e-06,1,1
L4_k240,3e-05,10037.663938345071,0.0,1,1
L4_k240,3e-05,10037.82786210754,2.746518837888409e-08,1,1
L4_k240,3e-05,10037.971387094793,1.1109727683712888e-06,1,1
L4_k240,3e-05,10037.983382429655,8.46608622129735e-06,1,1
L4_k240,3e-05,10038.028159799003,1.0377262889802368e-06,1,1
L4_k240,3e-05,10038.045545125466,2.204523256024315e-07,1,1
L4_k240,3e-05,10038.111842023845,2.597963594800107e-06,1,1
L4_k240,3e-05,10038.26919972863,2.160776657482588e-05,1,1
L4_k240,3e-05,10038.329016660362,0.0,1,1
L4_k240,3e-05,10038.348036575753,2.018107947859062e-05,1,1
L4_k240,3e-05,10039.97420903948,3.7597404748021075e-30,1,1
L4_k240,3e-05,10040.088615246437,0.0,1,1
L4_k240,3e-05,10040.15984686902,1.7986120535256865e-10,1,1
L4_k240,3e-05,10040.316539052847,1.5469915527422265e-10,1,1
L4_k240,3e-05,10040.44762861092,0.0,1,1
L4_k240,3e-05,10040.503520355116,2.3037080345481458e-08,1,1
L4_k240,3e-05,10040.616564129286,2.1777186470150118e-08,1,1
L4_k240,3e-05,10040.764301924792,2.9751979306619767e-08,1,1
L4_k240,3e-05,10040.867462727258,0.0,1,1
L4_k240,3e-05,10040.945925507958,7.160140780803807e-08,1,1
L4_k240,3e-05,10041.245474728641,9.094569772385497e-08,1,1
L4_k240,3e-05,10041.284356019525,3.4738242758296427e-08,1,1
L4_k240,3e-05,10043.449041155716,3.5213734097258944e-06,1,1
L4_k240,3e-05,10044.188244796804,6.961727058739836e-07,1,1
L4_k240,3e-05,10044.412135922683,2.0294199004648465e-07,1,1
L4_k240,3e-05,10044.629955073731,6.628458870813385e-08,1,1
L4_k240,3e-05,10046.245729473329,1.4997498175300342e-08,1,1
L4_k240,3e-05,10046.815899918776,1.3999632187009426e-08,1,1
L4_k240,3e-05,10046.966790081771,9.859118945334855e-09,1,1
L4_k240,3e-05,10047.34443103836,1.4759349951598112e-09,1,1
L4_k240,3e-05,10048.742268584127,3.328485738240847e-08,1,1
L4_k240,3e-05,10048.917104566382,1.5876895606764118e-08,1,1
L4_k240,3e-05,10050.669005515683,1.2208782401142394e-30,1,1
L4_k240,3e-05,10051.083011707751,4.013653575339219e-11,1,1
L4_k240,3e-05,10051.298280389497,9.106503173520936e-12,1,1
L4_k240,3e-05,10051.301015599673,3.3681312548817926e-10,1,1
L4_k240,3e-05,10051.509347841733,4.473521958098592e-31,1,1
L4_k240,3e-05,10051.960618467789,9.013804817303655e-10,1,1
L4_k240,3e-05,10052.147884769425,9.261390374190327e-12,1,1
L4_k240,3e-05,10052.574273671116,2.8308987452924955e-09,1,1
L4_k240,3e-05,10053.571326386766,7.665848475707168e-11,1,1
L4_k240,3e-05,10055.099120251072,6.817156147114061e-12,1,1
L4_k240,3e-05,-1.4882272835519927,1.0770803470889587e-05,1,0
L4_k240,3e-05,-1.770802160677071,1.786874440963008e-05,1,0
L4_k240,3e-05,-3.9938185697710002,1.2155057332341832e-06,1,0
L4_k240,3e-05,-4.514031921178255,1.2508075368439114e-07,1,0
L4_k240,3e-05,-8.370722295558648,6.357671723314912e-07,1,0
L4_k240,3e-05,-8.966791734611336,4.071597896653506e-07,1,0
L4_k240,3e-05,-12.390502380442605,9.910585706908601e-05,1,0
L4_k240,3e-05,-12.524539506839961,8.916116928871401e-05,1,0
L4_k240,3e-05,-14.184985703101427,4.551660645955433e-08,1,0
L4_k240,3e-05,-14.606545043040661,6.559380470499601e-06,1,0
L4_k240,3e-05,-14.847198534694437,1.0912441795111597e-06,1,0
L4_k240,3e-05,-15.120108601634419,5.3159291133795e-07,1,0
L4_k240,3e-05,-15.185005156995686,0.0,1,0
L4_k240,3e-05,-15.377725441426072,1.4829433653990836e-08,1,0
L4_k240,3e-05,-15.417116007104509,0.0,1,0
L4_k240,3e-05,-15.462873256907168,0.0,1,0
L4_k240,3e-05,-15.60180085015248,2.576951160205924e-09,1,0
L4_k240,3e-05,-15.724949766223178,0.0,1,0
L4_k240,3e-05,-17.443874762348138,3.909651382401716e-08,1,0
L4_k240,3e-05,-17.585886238379665,2.091575570033442e-06,1,0
L4_k240,3e-05,-17.608025510180724,9.187789517878677e-07,1,0
L4_k240,3e-05,-18.147978502438658,3.753490676320738e-09,1,0
L4_k240,3e-05,-19.85482986291124,2.3435563891928348e-07,1,0
L4_k240,3e-05,-20.283542897055405,2.139979199723091e-08,1,0
L4_k240,3e-05,-22.590508043159687,0.0,1,0
L4_k240,3e-05,-22.641280299396833,1.30386205786655e-06,1,0
L4_k240,3e-05,-22.674559547788064,1.9532073815306303e-06,1,0
L4_k240,3e-05,-22.757237875059964,3.742703070057075e-06,1,0
L4_k240,3e-05,-22.78541502103122,0.0,1,0
L4_k240,3e-05,-22.822113941498905,2.6951119349229933e-06,1,0
L4_k240,3e-05,-25.199913428648507,1.7542807774342144e-06,1,0
L4_k240,3e-05,-25.215735971104863,1.4713558696199486e-07,1,0
L4_k240,3e-05,-25.325168004947052,0.0,1,0
L4_k240,3e-05,-25.361897647627046,1.7966462219024815e-07,1,0
L4_k240,3e-05,-25.491069607153058,2.0388007341636447e-07,1,0
L4_k240,3e-05,-25.49139831093882,0.0,1,0
L4_k240,3e-05,-25.518437089333823,2.3807446991271302e-08,1,0
L4_k240,3e-05,-25.545280565698235,2.384613986085133e-09,1,0
L4_k240,3e-05,-25.582621470598767,0.0,1,0
L4_k240,3e-05,-25.74820728292596,0.0,1,0
L4_k240,3e-05,-27.94298001174237,7.026043395828033e-10,1,0
L4_k240,3e-05,-28.20627201337261,2.573587073508125e-10,1,0
L4_k240,3e-05,-28.287960266837985,0.0,1,0
L4_k240,3e-05,-28.483511738373764,0.0,1,0
L4_k240,3e-05,-30.159574619050296,3.8402049769172965e-08,1,0
L4_k240,3e-05,-30.922940517129334,3.192272403767096e-08,1,0
L4_k240,3e-05,-32.727127395008296,7.334524382035134e-06,1,0
L4_k240,3e-05,-32.93457055043278,5.625083752331156e-06,1,0
L4_k240,3e-05,-35.114350940953216,7.550605424219497e-08,1,0
L4_k240,3e-05,-35.34842552164868,0.0,1,0
L4_k240,3e-05,-35.36138232663528,9.127117315144663e-08,1,0
L4_k240,3e-05,-35.46947893015031,7.102486755900794e-09,1,0
L4_k240,3e-05,-35.53161243650908,7.545401354002972e-09,1,0
L4_k240,3e-05,-35.61050203096512,0.0,1,0
L4_k240,3e-05,-35.65690377443229,0.0,1,0
L4_k240,3e-05,-35.715015390715834,2.2102848132521088e-08,1,0
L4_k240,3e-05,-35.82325890514982,1.0766275560331058e-09,1,0
L4_k240,3e-05,-35.88901462454307,0.0,1,0
L4_k240,3e-05,-38.09902877449591,1.357121369683663e-10,1,0
L4_k240,3e-05,-38.43503288422831,7.124686870546299e-11,1,0
L4_k240,3e-05,-43.12492873960153,2.722394885959079e-08,1,0
L4_k240,3e-05,-43.216849446892695,5.390799571536689e-08,1,0
L4_k240,3e-05,-45.810974009334004,1.017880681021453e-09,1,0
L4_k240,3e-05,-45.94945358482097,1.1833574517490454e-10,1,0
L4_k240,3e-05,-10009.621616251981,0.005492924992090966,1,0
L4_k240,3e-05,-10010.069031169813,0.005681131999672475,1,0
L4_k240,3e-05,-10017.074839725701,1.2003830210128544e-26,1,0
L4_k240,3e-05,-10017.239768116158,0.001483586347620433,1,0
L4_k240,3e-05,-10017.401662225557,0.0008980080321632474,1,0
L4_k240,3e-05,-10017.425655403642,0.003746068004847687,1,0
L4_k240,3e-05,-10017.54890379082,0.0,1,0
L4_k240,3e-05,-10017.719552205963,0.002901106134318535,1,0
L4_k240,3e-05,-10019.975729993479,0.0,1,0
L4_k240,3e-05,-10020.06128219966,6.360348413186167e-05,1,0
L4_k240,3e-05,-10020.08865677473,0.0,1,0
L4_k240,3e-05,-10020.107415573557,4.9347794418115045e-05,1,0
L4_k240,3e-05,-10020.23111114082,0.00012415285584902198,1,0
L4_k240,3e-05,-10020.374381414005,6.589840769520055e-05,1,0
L4_k240,3e-05,-10022.301583180073,0.0046481879237673255,1,0
L4_k240,3e-05,-10022.41171071532,0.002030455450462178,1,0
L4_k240,3e-05,-10025.013888842033,3.401687472666624e-05,1,0
L4_k240,3e-05,-10025.052870245396,0.00023130519730220217,1,0
L4_k240,3e-05,-10027.381232879652,0.0,1,0
L4_k240,3e-05,-10027.410408035634,5.480035998827153e-06,1,0
L4_k240,3e-05,-10027.41119853885,0.0,1,0
L4_k240,3e-05,-10027.42092734232,6.246005367045424e-07,1,0
L4_k240,3e-05,-10027.481760415425,0.010026061363991189,1,0
L4_k240,3e-05,-10027.773031391707,0.008498478012999161,1,0
L4_k240,3e-05,-10030.111914291434,0.0,1,0
L4_k240,3e-05,-10030.141235456975,0.0,1,0
L4_k240,3e-05,-10030.229862326325,2.698307301213776e-05,1,0
L4_k240,3e-05,-10030.229943495942,1.1311914358143932e-05,1,0
L4_k240,3e-05,-10030.372971260409,0.00015537282945603362,1,0
L4_k240,3e-05,-10030.373346307086,0.0,1,0
L4_k240,3e-05,-10030.373526483598,0.00016017141267232467,1,0
L4_k240,3e-05,-10030.373990800752,0.0,1,0
L4_k240,3e-05,-10030.693030138325,4.171220360147832e-06,1,0
L4_k240,3e-05,-10030.784789789308,8.069286419186637e-06,1,0
L4_k240,3e-05,-10032.904782577818,8.139545325261924e-07,1,0
L4_k240,3e-05,-10033.315914982515,5.661031983264131e-07,1,0
L4_k240,3e-05,-10035.416525767258,6.544365735860316e-05,1,0
L4_k240,3e-05,-10035.636465317211,8.262110717788157e-05,1,0
L4_k240,3e-05,-10037.434456055558,0.0,1,0
L4_k240,3e-05,-10037.546738343148,0.0,1,0
L4_k240,3e-05,-10037.549382165638,6.106727527281725e-06,1,0
L4_k240,3e-05,-10037.592791039215,4.2504075493468305e-06,1,0
L4_k240,3e-05,-10037.983382429655,1.693217244348118e-05,1,0
L4_k240,3e-05,-10038.111842023845,5.195927189481302e-06,1,0
L4_k240,3e-05,-10039.974209039476,0.0,1,0
L4_k240,3e-05,-10040.15984686902,3.597224108038819e-10,1,0
L4_k240,3e-05,-10040.316539052843,3.0939831043927153e-10,1,0
L4_k240,3e-05,-10040.447628610918,0.0,1,0
L4_k240,3e-05,-10040.616564129286,4.355437294087874e-08,1,0
L4_k240,3e-05,-10040.945925507958,1.432028156112046e-07,1,0
L4_k240,3e-05,-10044.412135922687,4.058839800807298e-07,1,0
L4_k240,3e-05,-10044.629955073731,1.325691774154623e-07,1,0
L4_k240,3e-05,-10046.96679008177,1.9718237887558826e-08,1,0
L4_k240,3e-05,-10047.344431038358,2.9518699897056484e-09,1,0
L4_k240,3e-05,-10051.301015599678,6.736262504653693e-10,1,0
L4_k240,3e-05,-10051.96061846779,1.802760962189257e-09,1,0
L6_k240,0.03,1.1839514389608334,0.0005241945374104038,0,1
L6_k240,0.03,1.2924911107077104,0.0028092754391331612,0,1
L6_k240,0.03,3.327785544781557,0.003760867660341313,0,1
L6_k240,0.03,3.338605080634677,6.474098259447934e-05,0,1
L6_k240,0.03,3.431207361431611,0.0052732140484854275,0,1
L6_k240,0.03,3.6276706402458787,2.4532619590151196e-06,0,1
L6_k240,0.03,4.644146521949511,1.4823036685113575e-05,0,1
L6_k240,0.03,4.8484035892532855,1.1706813884874376e-05,0,1
L6_k240,0.03,5.395956631907638,6.794812293621647e-06,0,1
L6_k240,0.03,5.465333325923153,4.508933083113913e-05,0,1
L6_k240,0.03,5.498444685051989,2.1732813063326885e-05,0,1
L6_k240,0.03,5.668876290737257,1.4662436065859182e-28,0,1
L6_k240,0.03,5.7552735475981445,3.230745843322506e-06,0,1
L6_k240,0.03,5.7682573635361445,8.392720821471357e-08,0,1
L6_k240,0.03,5.867099925614721,4.269978501205412e-08,0,1
L6_k240,0.03,5.877794157238578,0.0,0,1
L6_k240,0.03,6.560541601464736,0.0,0,1
L6_k240,0.03,6.642196900084313,1.1029454952609588e-05,0,1
L6_k240,0.03,6.730466801104245,1.2760729646572975e-06,0,1
L6_k240,0.03,7.412941678079924,1.3731618323292413e-05,0,1
L6_k240,0.03,7.4797453985625655,5.069034433702874e-06,0,1
L6_k240,0.03,7.5438164903581635,4.425332098897772e-05,0,1
L6_k240,0.03,7.559387581351431,3.147617790177189e-05,0,1
L6_k240,0.03,7.69839576338979,1.7418589439776246e-05,0,1
L6_k240,0.03,7.809252624925273,1.950479428323729e-09,0,1
L6_k240,0.03,7.895054342122179,1.9000583004493223e-06,0,1
L6_k240,0.03,8.033656294081512,1.2204324268458805e-07,0,1
L6_k240,0.03,8.797582414456397,5.367207328494464e-07,0,1
L6_k240,0.03,8.980326587881423,3.884372121451527e-08,0,1
L6_k240,0.03,9.53545230188048,4.3586311674350797e-05,0,1
L6_k240,0.03,9.692409316265051,2.3927805562067708e-05,0,1
L6_k240,0.03,9.741609091724637,2.552787127308499e-06,0,1
L6_k240,0.03,9.79517879405215,4.644416010911594e-07,0,1
L6_k240,0.03,9.877072176730431,9.068064235633304e-08,0,1
L6_k240,0.03,10.030033936243221,3.3103695797634344e-09,0,1
L6_k240,0.03,10.153107849613622,1.3863557417255587e-07,0,1
L6_k240,0.03,10.625500253212675,9.003395075952815e-05,0,1
L6_k240,0.03,10.643495397949058,9.177452662506161e-05,0,1
L6_k240,0.03,10.862520328266527,3.839138665589004e-11,0,1
L6_k240,0.03,11.06457321979009,2.0420814916149925e-05,0,1
L6_k240,0.03,11.300991515094982,1.544707212697063e-05,0,1
L6_k240,0.03,11.671514993180955,8.437024247849378e-07,0,1
L6_k240,0.03,11.818610537384542,1.2056310667257715e-07,0,1
L6_k240,0.03,11.962405429288188,3.533298390378416e-06,0,1
L6_k240,0.03,12.462082221938752,1.7846127284939623e-05,0,1
L6_k240,0.03,12.51394657538368,7.837971892748704e-06,0,1
L6_k240,0.03,12.559130570170396,0.00023474102086890243,0,1
L6_k240,0.03,13.066584166218671,3.910254551786592e-05,0,1
L6_k240,0.03,13.081233483333296,7.496162666418706e-06,0,1
L6_k240,0.03,13.787204437395024,4.960686077934009e-06,0,1
L6_k240,0.03,14.112692106448844,0.005070845272691445,0,1
L6_k240,0.03,14.178468183738342,0.005597109104317113,0,1
L6_k240,0.03,14.6429687320578,0.00039702338420548436,0,1
L6_k240,0.03,14.670367448123097,0.0012555509165275316,0,1
L6_k240,0.03,14.833362177664851,1.2892276687710264e-06,0,1
L6_k240,0.03,15.337113987002812,2.2440474841602035e-07,0,1
L6_k240,0.03,15.569664164471074,4.2182351884410026e-08,0,1
L6_k240,0.03,16.074336249696934,6.652928347549891e-06,0,1
L6_k240,0.03,16.235554473105335,1.2444501201734803e-05,0,1
L6_k240,0.03,16.43911184303228,3.1315865605449536e-06,0,1
L6_k240,0.03,16.841874324805165,5.921624865213381e-07,0,1
L6_k240,0.03,17.115273077887593,3.890413326930288e-07,0,1
L6_k240,0.03,17.60327933648144,3.5397086184574087e-06,0,1
L6_k240,0.03,17.896527810421766,1.766332534517781e-05,0,1
L6_k240,0.03,18.101296913930792,6.122521641577603e-05,0,1
L6_k240,0.03,18.44321255581179,2.126776456282184e-05,0,1
L6_k240,0.03,18.803207309791684,6.249427662312026e-06,0,1
L6_k240,0.03,19.173274166774675,5.061428911972217e-05,0,1
L6_k240,0.03,19.465298072571226,5.2538496418543564e-05,0,1
L6_k240,0.03,19.932502810596002,6.43174635244393e-05,0,1
L6_k240,0.03,20.24981059778857,2.1716518700161666e-05,0,1
L6_k240,0.03,20.484766334261206,2.477741546548542e-05,0,1
L6_k240,0.03,21.044562204918847,5.473375990868864e-05,0,1
L6_k240,0.03,21.215587857516294,0.00015908109327218272,0,1
L6_k240,0.03,21.46685652123974,0.00010651448999461287,0,1
L6_k240,0.03,21.94038810695005,1.058295019160976e-05,0,1
L6_k240,0.03,22.368284055759563,4.163166647496025e-06,0,1
L6_k240,0.03,22.705690969748037,2.300669649177497e-05,0,1
L6_k240,0.03,23.09678999515284,0.00019610596229471182,0,1
L6_k240,0.03,23.41194996349933,0.00010111565363356627,0,1
L6_k240,0.03,23.95442651124206,1.303174160123166e-06,0,1
L6_k240,0.03,24.291610005376768,1.679264493925115e-05,0,1
L6_k240,0.03,24.661923925162302,0.00012939036780850705,0,1
L6_k240,0.03,24.899194792005066,4.884380346053727e-05,0,1
L6_k240,0.03,25.0234537924667,2.0213987032653413e-05,0,1
L6_k240,0.03,25.663295068398998,5.92945317347099e-08,0,1
L6_k240,0.03,26.550073700171566,1.575054385281734e-05,0,1
L6_k240,0.03,26.64638949613182,1.1434273972901592e-05,0,1
L6_k240,0.03,27.10108454780444,5.6526870870087355e-05,0,1
L6_k240,0.03,27.323393853969588,7.795145977120498e-06,0,1
L6_k240,0.03,27.61575378309494,8.756349044589203e-08,0,1
L6_k240,0.03,28.85701321335117,6.623479430787829e-07,0,1
L6_k240,0.03,29.146363080580223,2.771708083478026e-06,0,1
L6_k240,0.03,29.27277924848132,2.8715042992611318e-06,0,1
L6_k240,0.03,29.64435657858064,1.8926339586121463e-07,0,1
L6_k240,0.03,30.70766597832628,3.0360374852167216e-06,0,1
L6_k240,0.03,30.91575886949083,1.419872506974139e-05,0,1
L6_k240,0.03,31.238026963657518,1.2886956760469475e-05,0,1
L6_k240,0.03,31.432019354552956,1.2371481710388064e-05,0,1
L6_k240,0.03,31.678069913643945,1.587954896408067e-06,0,1
L6_k240,0.03,32.89063007250088,1.521967542405165e-05,0,1
L6_k240,0.03,33.09162628177083,2.301800748757462e-05,0,1
L6_k240,0.03,33.42607106167213,2.5887795257963355e-05,0,1
L6_k240,0.03,33.66659146222406,3.61718483727342e-05,0,1
L6_k240,0.03,34.049312995660415,2.8614334110399695e-07,0,1
L6_k240,0.03,34.776546033810206,3.2842188101049285e-05,0,1
L6_k240,0.03,34.99109962896019,1.4051384627089767e-05,0,1
L6_k240,0.03,35.4167800240004,1.8722508712486502e-06,0,1
L6_k240,0.03,35.65407436233758,9.725991620332506e-06,0,1
L6_k240,0.03,36.28895933732162,1.2313030151626455e-08,0,1
L6_k240,0.03,37.169457907356005,2.9317602744177187e-06,0,1
L6_k240,0.03,37.3138307531011,7.091927883329115e-06,0,1
L6_k240,0.03,37.72254887881622,1.7516208751081704e-05,0,1
L6_k240,0.03,37.956771515797556,9.87983910728089e-06,0,1
L6_k240,0.03,38.40803488862501,8.272438557882257e-09,0,1
L6_k240,0.03,39.17404833126722,8.617137463280234e-09,0,1
L6_k240,0.03,39.63892129585466,4.660123749514417e-09,0,1
L6_k240,0.03,40.242323344302214,5.30080822199368e-09,0,1
L6_k240,0.03,40.624625830035086,2.3575334933998797e-09,0,1
L6_k240,0.03,41.06413712392702,8.644294989173141e-09,0,1
L6_k240,0.03,41.82740179839096,6.555070384425112e-08,0,1
L6_k240,0.03,42.250063650197184,1.6295376954799556e-07,0,1
L6_k240,0.03,42.500898679023344,7.900317225328036e-08,0,1
L6_k240,0.03,42.908486987514586,1.731450201447401e-08,0,1
L6_k240,0.03,43.60611965614513,3.4084916135443555e-07,0,1
L6_k240,0.03,43.896112299537904,6.83602629525816e-06,0,1
L6_k240,0.03,44.19836100719799,8.51326415412696e-06,0,1
L6_k240,0.03,44.39841927287553,8.421039119414303e-06,0,1
L6_k240,0.03,44.76250825384841,2.01683147561543e-06,0,1
L6_k240,0.03,45.286418541028226,5.516749446138315e-09,0,1
L6_k240,0.03,46.072546356508475,3.957860659139959e-09,0,1
L6_k240,0.03,46.47923775676503,2.6400281299177946e-09,0,1
L6_k240,0.03,47.038386145793815,5.173391799860425e-10,0,1
L6_k240,0.03,47.809684407934995,3.89081869479063e-09,0,1
L6_k240,0.03,48.05998695458176,6.444357378367721e-09,0,1
L6_k240,0.03,48.352596908348694,6.434283396267354e-09,0,1
L6_k240,0.03,48.83027434855395,1.8739479718361255e-09,0,1
L6_k240,0.03,49.306189179246886,2.126887959512549e-10,0,1
L6_k240,0.03,49.83981274563378,4.224683209685612e-09,0,1
L6_k240,0.03,50.18579347493937,3.392430964154173e-09,0,1
L6_k240,0.03,50.57399194222281,3.3361989148447534e-09,0,1
L6_k240,0.03,50.79189064670085,1.4463367860682471e-09,0,1
L6_k240,0.03,51.81952990676904,4.225588849748479e-11,0,1
L6_k240,0.03,52.15009892311625,2.863823239353734e-09,0,1
L6_k240,0.03,52.438031773720496,2.21403683588341e-09,0,1
L6_k240,0.03,52.687268982615045,2.2864591209484975e-10,0,1
L6_k240,0.03,53.11658689562416,1.43572990340057e-10,0,1
L6_k240,0.03,54.01538212051263,4.310833755467589e-09,0,1
L6_k240,0.03,54.29204205666882,7.293214877698446e-11,0,1
L6_k240,0.03,54.67061558261771,4.94213356474194e-10,0,1
L6_k240,0.03,54.91966881576115,1.5471266932337495e-10,0,1
L6_k240,0.03,55.150587865607584,1.8331302120259102e-11,0,1
L6_k240,0.03,56.373052830016114,7.20741124566982e-11,0,1
L6_k240,0.03,56.50895610192519,1.5040900919762316e-10,0,1
L6_k240,0.03,56.85336220093038,1.4047372857259193e-10,0,1
L6_k240,0.03,57.08514277297909,4.6230459401818215e-10,0,1
L6_k240,0.03,57.24920306600921,2.733278676275099e-10,0,1
L6_k240,0.03,58.26816425715799,6.377112689761674e-12,0,1
L6_k240,0.03,58.50864811051949,4.677753514081908e-13,0,1
L6_k240,0.03,58.92734424484579,8.256954806050522e-13,0,1
L6_k240,0.03,59.460803567406764,5.955915491345858e-13,0,1
L6_k240,0.03,59.56570118745924,6.290816275576032e-13,0,1
L6_k240,0.03,60.634911697992244,2.5342311601157864e-12,0,1
L6_k240,0.03,60.71987798460168,3.893043420773282e-12,0,1
L6_k240,0.03,61.06445576685052,7.137475973969155e-13,0,1
L6_k240,0.03,61.45378091562669,4.3258782786768694e-13,0,1
L6_k240,0.03,61.781673719750124,1.633641247888795e-14,0,1
L6_k240,0.03,62.597936553875236,5.349086151805779e-13,0,1
L6_k240,0.03,62.71595960873316,5.79540363407415e-12,0,1
L6_k240,0.03,62.83420162001738,3.520501776124888e-12,0,1
L6_k240,0.03,63.42520596266139,3.93796568231785e-14,0,1
L6_k240,0.03,64.03485310059642,5.842701977929213e-15,0,1
L6_k240,0.03,64.34657066474077,8.911849360858415e-15,0,1
L6_k240,0.03,64.77982890292883,3.826619881478322e-15,0,1
L6_k240,0.03,64.93167626898483,3.090192881954681e-14,0,1
L6_k240,0.03,65.3508938321781,5.741259580225911e-16,0,1
L6_k240,0.03,65.8429828856076,3.2931679391409248e-15,0,1
L6_k240,0.03,66.17653782058822,3.7370261505366224e-15,0,1
L6_k240,0.03,66.35487458194176,6.113846355610373e-16,0,1
L6_k240,0.03,66.89274247499591,1.4068746627838143e-14,0,1
L6_k240,0.03,67.07409184882435,8.589278315424152e-15,0,1
L6_k240,0.03,67.29806903681988,5.862554404921241e-16,0,1
L6_k240,0.03,67.47926048703233,7.162038543258311e-16,0,1
L6_k240,0.03,68.36823380893877,1.39021469858866e-17,0,1
L6_k240,0.03,68.91962816284575,4.656531781886245e-15,0,1
L6_k240,0.03,68.9755237605664,6.773947124309797e-16,0,1
L6_k240,0.03,69.06801042127786,2.439088055706747e-15,0,1
L6_k240,0.03,69.5884812094074,6.600727127554244e-18,0,1
L6_k240,0.03,69.92793626206671,8.285230631886864e-17,0,1
L6_k240,0.03,70.10081075851282,4.149590568997059e-17,0,1
L6_k240,0.03,70.54614724844139,1.1439484362486057e-17,0,1
L6_k240,0.03,70.76011023467146,7.254145499594237e-18,0,1
L6_k240,0.03,71.17595420889532,3.519856249739541e-18,0,1
L6_k240,0.03,71.33736267664729,2.259148002903153e-17,0,1
L6_k240,0.03,71.78241616043809,1.0361855350691772e-16,0,1
L6_k240,0.03,71.85940567227523,3.941625205094361e-16,0,1
L6_k240,0.03,72.0407750772628,1.0158387930889333e-16,0,1
L6_k240,0.03,72.53253398806318,5.823493499767554e-16,0,1
L6_k240,0.03,72.56305482347685,9.608704980621342e-17,0,1
L6_k240,0.03,73.17475523137426,1.9246228685889425e-17,0,1
L6_k240,0.03,73.19039830686151,6.999393073392668e-17,0,1
L6_k240,0.03,73.63222122237171,5.040999167818696e-22,0,1
L6_k240,0.03,73.95131884605287,5.845046049873956e-16,0,1
L6_k240,0.03,74.11430057618962,3.2616190474194553e-19,0,1
L6_k240,0.03,74.1529212937165,2.9345778627317934e-16,0,1
L6_k240,0.03,74.19964061749587,5.149176199295812e-19,0,1
L6_k240,0.03,74.2644128532992,2.9203343432243853e-19,0,1
L6_k240,0.03,74.81638786704725,7.727236338809866e-20,0,1
L6_k240,0.03,74.86201246705997,1.3462838512441135e-21,0,1
L6_k240,0.03,75.39313852148739,1.3405322491956506e-21,0,1
L6_k240,0.03,75.5241463692396,3.487373875680107e-24,0,1
L6_k240,0.03,75.8970037147454,2.511914925279118e-21,0,1
L6_k240,0.03,75.91672115208947,1.953676025106547e-21,0,1
L6_k240,0.03,76.30707497655841,6.350924211857452e-20,0,1
L6_k240,0.03,76.31958332600617,3.3113867845288545e-20,0,1
L6_k240,0.03,76.36065776769507,5.063694516930775e-20,0,1
L6_k240,0.03,76.37090273003159,1.1287548342501523e-20,0,1
L6_k240,0.03,76.54665099506062,9.486191226790127e-20,0,1
L6_k240,0.03,76.54841927186621,1.2088818969065662e-21,0,1
L6_k240,0.03,77.07634220767923,2.3623268938407462e-20,0,1
L6_k240,0.03,77.10283404661826,4.9686258365116136e-20,0,1
L6_k240,0.03,77.96545313302958,2.164512294524053e-35,0,1
L6_k240,0.03,78.05155606426156,1.9325545083832257e-21,0,1
L6_k240,0.03,78.07207138279924,8.360416542284284e-22,0,1
L6_k240,0.03,78.18966402557072,4.610592955346737e-21,0,1
L6_k240,0.03,78.20190373805752,7.34608176825912e-21,0,1
L6_k240,0.03,78.55277516357333,1.5697023675660548e-22,0,1
L6_k240,0.03,78.80482784064947,1.21788727098403e-22,0,1
L6_k240,0.03,78.97725225582167,9.881800912489278e-21,0,1
L6_k240,0.03,79.04049081861436,5.990073780606116e-20,0,1
L6_k240,0.03,80.12365839599346,1.591023961509907e-34,0,1
L6_k240,0.03,80.29103102109801,3.170759221290521e-27,0,1
L6_k240,0.03,80.40779787274694,4.1121908444905006e-27,0,1
L6_k240,0.03,80.4180599079467,2.7246784042899478e-24,0,1
L6_k240,0.03,80.48117983549622,4.416774501561717e-34,0,1
L6_k240,0.03,80.64937804448047,1.0342722455794403e-24,0,1
L6_k240,0.03,81.25076148567194,4.415811484929232e-24,0,1
L6_k240,0.03,81.36677570051953,4.472456510965377e-25,0,1
L6_k240,0.03,82.52338208118944,1.706694700574828e-24,0,1
L6_k240,0.03,82.787869683189,1.7571605892540582e-24,0,1
L6_k240,0.03,-0.5946779659402267,0.02702034236698877,0,0
L6_k240,0.03,-1.1241254727181849,0.002460588081012481,0,0
L6_k240,0.03,-1.1839514389608143,0.00026209726870536404,0,0
L6_k240,0.03,-1.2924911107076953,0.0014046377195666565,0,0
L6_k240,0.03,-2.427153743136274,0.019293006937902233,0,0
L6_k240,0.03,-2.640456443479723,0.02193656227587341,0,0
L6_k240,0.03,-2.9487179674632222,8.589242691041551e-06,0,0
L6_k240,0.03,-3.309195461904186,1.7192038183708493e-06,0,0
L6_k240,0.03,-3.3277855447815523,0.001880433830170945,0,0
L6_k240,0.03,-3.3386050806346823,3.237049129720543e-05,0,0
L6_k240,0.03,-3.431207361431605,0.0026366070242424986,0,0
L6_k240,0.03,-3.627670640245875,1.2266309795078954e-06,0,0
L6_k240,0.03,-4.6226807852618945,1.4529847672381138e-05,0,0
L6_k240,0.03,-4.6441465219495095,7.411518342555757e-06,0,0
L6_k240,0.03,-4.7543027456013185,6.604720388467041e-06,0,0
L6_k240,0.03,-4.848403589273807,5.853406957750779e-06,0,0
L6_k240,0.03,-4.866323244593791,0.0001534180552671371,0,0
L6_k240,0.03,-4.970637007439892,0.00024901865059559356,0,0
L6_k240,0.03,-5.360697240451944,0.000167958252952473,0,0
L6_k240,0.03,-5.396166113395988,3.426803633193379e-06,0,0
L6_k240,0.03,-5.456591441333027,0.000402429496534172,0,0
L6_k240,0.03,-5.472839408866095,9.336519897602962e-06,0,0
L6_k240,0.03,-5.499008181694046,1.0142569382105814e-05,0,0
L6_k240,0.03,-5.755508453628023,1.6535252645284555e-06,0,0
L6_k240,0.03,-5.807374151369306,4.503907254979995e-09,0,0
L6_k240,0.03,-5.867866426524343,2.058492001217744e-08,0,0
L6_k240,0.03,-6.584674808730333,0.000264113312359329,0,0
L6_k240,0.03,-6.663944433943543,9.614098428529031e-06,0,0
L6_k240,0.03,-6.730675187349093,7.010698342829309e-05,0,0
L6_k240,0.03,-6.964787752087955,0.005032958050411876,0,0
L6_k240,0.03,-6.9905736113369406,0.00010526337367066655,0,0
L6_k240,0.03,-7.108307518463969,0.006543266130389646,0,0
L6_k240,0.03,-7.37232453842849,0.000992937836416974,0,0
L6_k240,0.03,-7.475555082134563,0.00012179877583057866,0,0
L6_k240,0.03,-7.6386852100087665,1.8605827083926512e-05,0,0
L6_k240,0.03,-7.8341933900413245,2.06024356076614e-06,0,0
L6_k240,0.03,-8.271294576164738,0.12069016195642358,0,0
L6_k240,0.03,-8.365287035152528,0.09589957825616754,0,0
L6_k240,0.03,-8.401247725388144,1.9767838952474124e-05,0,0
L6_k240,0.03,-8.808662190092493,0.007582609561875847,0,0
L6_k240,0.03,-9.077041792152711,0.008350563014798123,0,0
L6_k240,0.03,-9.334557519314629,8.033551321965875e-07,0,0
L6_k240,0.03,-9.541186377485756,2.3463505806700057e-05,0,0
L6_k240,0.03,-9.702299987449615,1.5330880391782362e-05,0,0
L6_k240,0.03,-10.096073032640973,9.852375557071153e-08,0,0
L6_k240,0.03,-10.598038873997206,0.00011648379648615453,0,0
L6_k240,0.03,-10.654772593609515,0.00010483282869713095,0,0
L6_k240,0.03,-11.014588232075583,7.19797992423349e-05,0,0
L6_k240,0.03,-11.273178343052383,8.73281033614733e-06,0,0
L6_k240,0.03,-11.513703570597524,9.216664989339204e-07,0,0
L6_k240,0.03,-11.918125388234982,1.8840147960190948e-06,0,0
L6_k240,0.03,-12.354256942763866,6.303732773068864e-06,0,0
L6_k240,0.03,-12.524380746962686,0.00010870339704222931,0,0
L6_k240,0.03,-12.598308687239637,3.9477990228866645e-05,0,0
L6_k240,0.03,-13.057969426875472,3.708583886272843e-05,0,0
L6_k240,0.03,-13.662904855160882,1.230597059985248e-06,0,0
L6_k240,0.03,-14.106297880626004,0.002083663849763619,0,0
L6_k240,0.03,-14.17303883080602,0.00325118173750051,0,0
L6_k240,0.03,-14.634306566651663,0.0003253924169902953,0,0
L6_k240,0.03,-14.682760220868126,0.0005093567097898407,0,0
L6_k240,0.03,-15.23516999575404,0.0006050393362206295,0,0
L6_k240,0.03,-15.417584134271012,2.3400201974468745e-05,0,0
L6_k240,0.03,-16.038774576984782,0.00236547206553686,0,0
L6_k240,0.03,-16.156773800797048,0.0015327124512409488,0,0
L6_k240,0.03,-16.70047056531091,0.06037371277179681,0,0
L6_k240,0.03,-16.982125854625057,0.05696068348321609,0,0
L6_k240,0.03,-17.111517670543357,0.001499244444356298,0,0
L6_k240,0.03,-17.461038710785445,0.001449068030297996,0,0
L6_k240,0.03,-17.964253408868586,0.005483141204859377,0,0
L6_k240,0.03,-18.088637337520222,0.008075292079836413,0,0
L6_k240,0.03,-18.75671176726538,8.276101333809666e-05,0,0
L6_k240,0.03,-19.179441240167662,9.151795826627804e-05,0,0
L6_k240,0.03,-19.564680655073275,0.000850964832344265,0,0
L6_k240,0.03,-19.71270498945684,0.0008848219037682642,0,0
L6_k240,0.03,-20.256796532155512,2.406425715521902e-05,0,0
L6_k240,0.03,-20.676282198085815,1.8253542816898353e-05,0,0
L6_k240,0.03,-21.13874357064429,0.00014360399456267523,0,0
L6_k240,0.03,-21.413660408987518,0.00015412995365973818,0,0
L6_k240,0.03,-21.939510528539156,9.02733962349117e-06,0,0
L6_k240,0.03,-22.379313336525897,1.3671980178858777e-05,0,0
L6_k240,0.03,-22.774832132023583,7.363454901387805e-05,0,0
L6_k240,0.03,-23.091440951110137,0.00033565784445947674,0,0
L6_k240,0.03,-23.448373836942334,4.709961906951309e-05,0,0
L6_k240,0.03,-24.13928676686428,5.803775568129956e-05,0,0
L6_k240,0.03,-24.60691862980776,7.914426963110148e-05,0,0
L6_k240,0.03,-24.865334142716815,8.139071497666329e-05,0,0
L6_k240,0.03,-25.193810349426553,0.0003866752522337291,0,0
L6_k240,0.03,-25.3463394993884,4.411521033457684e-05,0,0
L6_k240,0.03,-26.526514857611765,3.873287010264919e-05,0,0
L6_k240,0.03,-26.77706090265696,0.00018882275789755575,0,0
L6_k240,0.03,-27.01241587593087,5.74043418031139e-05,0,0
L6_k240,0.03,-27.269040341466525,2.1490781798660565e-05,0,0
L6_k240,0.03,-27.609023109984005,8.435810967007999e-06,0,0
L6_k240,0.03,-28.83916972788095,4.5234306258132885e-07,0,0
L6_k240,0.03,-29.18482005510845,3.0102479997611283e-06,0,0
L6_k240,0.03,-29.51092859850972,7.934507125947837e-07,0,0
L6_k240,0.03,-30.507942859886395,7.150417283248102e-06,0,0
L6_k240,0.03,-30.81645649563569,9.754395093019326e-06,0,0
L6_k240,0.03,-31.106171134386365,1.0991742997713419e-05,0,0
L6_k240,0.03,-31.441554266768495,1.1731321190383165e-05,0,0
L6_k240,0.03,-32.206415139825715,4.729799855275595e-06,0,0
L6_k240,0.03,-32.53416450377376,2.439984012865068e-05,0,0
L6_k240,0.03,-32.941880470764964,2.747536887311739e-05,0,0
L6_k240,0.03,-33.28112580174254,2.4400373154692157e-05,0,0
L6_k240,0.03,-33.64731889105836,2.2625194905048733e-05,0,0
L6_k240,0.03,-34.57128788965325,1.7912806330464257e-06,0,0
L6_k240,0.03,-34.83305668159135,3.063941163733419e-05,0,0
L6_k240,0.03,-35.26314429198798,2.2707143071966825e-05,0,0
L6_k240,0.03,-35.57192502266315,2.3422335826492524e-05,0,0
L6_k240,0.03,-36.047666109176006,0.00010214717809963271,0,0
L6_k240,0.03,-36.58074313037396,4.366105965256266e-07,0,0
L6_k240,0.03,-37.21860971031488,5.366469892185484e-06,0,0
L6_k240,0.03,-37.65279095912851,7.470907569686079e-06,0,0
L6_k240,0.03,-37.9119758551093,7.252705397056273e-06,0,0
L6_k240,0.03,-38.334390234757066,1.3767219322463872e-07,0,0
L6_k240,0.03,-38.99319904289921,1.3123663206367468e-07,0,0
L6_k240,0.03,-39.46641069329063,3.746489293879619e-07,0,0
L6_k240,0.03,-39.979191520009444,1.0089487157634827e-08,0,0
L6_k240,0.03,-40.44539440732179,1.1195206443712186e-08,0,0
L6_k240,0.03,-41.187135586493824,8.294777772982623e-09,0,0
L6_k240,0.03,-41.86968926879882,6.91571517748806e-08,0,0
L6_k240,0.03,-42.27491302293205,1.2825790226073776e-07,0,0
L6_k240,0.03,-42.66067780930824,3.069399395552766e-08,0,0
L6_k240,0.03,-43.57952734407452,1.8535882504695131e-07,0,0
L6_k240,0.03,-43.91000411680801,3.95972955383426e-06,0,0
L6_k240,0.03,-44.254648867111406,6.345225007062221e-06,0,0
L6_k240,0.03,-44.498834780332864,2.3111373304171128e-06,0,0
L6_k240,0.03,-44.810415934977826,6.947845668647165e-07,0,0
L6_k240,0.03,-45.864880800410944,6.3600972708408555e-06,0,0
L6_k240,0.03,-46.08031943446873,7.938627595924476e-06,0,0
L6_k240,0.03,-46.315434135116675,4.147090084179674e-06,0,0
L6_k240,0.03,-46.69088468792647,2.633531868062757e-07,0,0
L6_k240,0.03,-47.46746153293997,1.546321013046103e-08,0,0
L6_k240,0.03,-47.9049056718363,9.716584451815345e-08,0,0
L6_k240,0.03,-48.292297714611784,6.2678859271448e-08,0,0
L6_k240,0.03,-48.81190834668705,3.227499595200512e-09,0,0
L6_k240,0.03,-49.59344823978034,1.2852672427765895e-08,0,0
L6_k240,0.03,-50.01587323551495,9.414492710300748e-09,0,0
L6_k240,0.03,-50.295635544808185,9.685248523987153e-09,0,0
L6_k240,0.03,-50.67580988529596,3.279099636187488e-09,0,0
L6_k240,0.03,-51.81981405845173,3.24634869735563e-09,0,0
L6_k240,0.03,-52.000347339264856,5.999807249963827e-09,0,0
L6_k240,0.03,-52.33141037797326,3.880296726451391e-09,0,0
L6_k240,0.03,-52.747362382053204,3.285732117364344e-10,0,0
L6_k240,0.03,-53.24624235905786,6.881141434641707e-11,0,0
L6_k240,0.03,-54.02490018134681,4.4056667460839735e-09,0,0
L6_k240,0.03,-54.2697619933389,1.7131648450290077e-09,0,0
L6_k240,0.03,-54.72975216834951,1.1315515359525742e-09,0,0
L6_k240,0.03,-55.007844472214856,1.9513645277075475e-10,0,0
L6_k240,0.03,-56.092632090763274,1.4333488188613618e-11,0,0
L6_k240,0.03,-56.45734059219222,2.133838132690135e-10,0,0
L6_k240,0.03,-56.729488138493984,1.9378659566556218e-10,0,0
L6_k240,0.03,-57.07015466174169,5.540063464889444e-10,0,0
L6_k240,0.03,-57.241105120734765,2.7026062660862744e-10,0,0
L6_k240,0.03,-58.2208602285556,2.127314963384814e-11,0,0
L6_k240,0.03,-58.53138072009565,1.3665753577599635e-11,0,0
L6_k240,0.03,-59.11399174066598,9.058510431809457e-13,0,0
L6_k240,0.03,-59.67458189023852,1.8596904208124684e-12,0,0
L6_k240,0.03,-60.13324518811546,8.444317395971971e-11,0,0
L6_k240,0.03,-60.43447072946725,8.60188991595115e-12,0,0
L6_k240,0.03,-60.73306790316841,4.2230253825415084e-12,0,0
L6_k240,0.03,-61.52020124355591,4.794267878449436e-12,0,0
L6_k240,0.03,-61.81744161371956,7.728878258265487e-12,0,0
L6_k240,0.03,-62.110629551893254,2.9959420531140136e-11,0,0
L6_k240,0.03,-62.53028571353067,1.4660563580061443e-12,0,0
L6_k240,0.03,-62.7865350072853,4.032715409957624e-12,0,0
L6_k240,0.03,-63.45135884790344,8.264765925446385e-14,0,0
L6_k240,0.03,-63.83324124914605,7.055574830701416e-15,0,0
L6_k240,0.03,-64.39634697426384,2.73509811939306e-14,0,0
L6_k240,0.03,-64.86225796298302,4.846216099150635e-14,0,0
L6_k240,0.03,-65.10513344240644,4.3614181917986795e-15,0,0
L6_k240,0.03,-65.77975218706334,2.833177338617177e-15,0,0
L6_k240,0.03,-66.2723370877716,7.161344230605915e-15,0,0
L6_k240,0.03,-66.52152741121134,3.928590000649892e-14,0,0
L6_k240,0.03,-66.93481354338701,1.2346981712227516e-14,0,0
L6_k240,0.03,-67.48753949237079,1.0117970370082597e-14,0,0
L6_k240,0.03,-67.82255985691643,4.751936522282101e-14,0,0
L6_k240,0.03,-67.95625348726401,2.274448643617728e-14,0,0
L6_k240,0.03,-68.47267433410006,2.278242529665813e-14,0,0
L6_k240,0.03,-68.60924708268865,1.3901246750528145e-14,0,0
L6_k240,0.03,-69.00579509588619,3.157826289101109e-15,0,0
L6_k240,0.03,-69.53232850062638,2.3287712152451404e-17,0,0
L6_k240,0.03,-69.97507525761442,9.390529933461e-16,0,0
L6_k240,0.03,-70.38974868269909,1.5035891114328173e-16,0,0
L6_k240,0.03,-70.54243304795912,1.7537064470336817e-16,0,0
L6_k240,0.03,-71.16944901547306,1.0680533372747198e-17,0,0
L6_k240,0.03,-71.6052295043942,4.829508360733477e-17,0,0
L6_k240,0.03,-71.79627582763354,1.3035340893775082e-15,0,0
L6_k240,0.03,-72.01667527646526,1.6609391534858056e-16,0,0
L6_k240,0.03,-72.5181736952341,6.727783950182927e-16,0,0
L6_k240,0.03,-72.88900563530602,4.3231691977298674e-17,0,0
L6_k240,0.03,-73.02634766094369,2.367040230087987e-16,0,0
L6_k240,0.03,-73.26691529673046,2.5558486756546247e-17,0,0
L6_k240,0.03,-73.58181687449208,9.913880656185534e-17,0,0
L6_k240,0.03,-73.95169381077218,2.9290832514739217e-16,0,0
L6_k240,0.03,-74.15371034002995,1.4675823352346475e-16,0,0
L6_k240,0.03,-74.76675966830493,3.476227851843041e-16,0,0
L6_k240,0.03,-74.79750206813006,3.5761490275132824e-16,0,0
L6_k240,0.03,-75.3563371234845,4.494907946965834e-19,0,0
L6_k240,0.03,-75.4229814468518,1.3906379693742743e-19,0,0
L6_k240,0.03,-75.93578573257034,6.511486101581457e-19,0,0
L6_k240,0.03,-76.0551660493039,2.927887815054963e-18,0,0
L6_k240,0.03,-76.34519086191494,1.5221653918139485e-18,0,0
L6_k240,0.03,-76.52192531147284,6.323934302707046e-20,0,0
L6_k240,0.03,-76.83082106411784,3.4493101033680785e-21,0,0
L6_k240,0.03,-76.9939085583833,5.877047977320132e-19,0,0
L6_k240,0.03,-77.09527348855833,9.613594242159138e-20,0,0
L6_k240,0.03,-77.50806835217966,1.792061454390767e-24,0,0
L6_k240,0.03,-78.0957845249433,1.3129807305980812e-20,0,0
L6_k240,0.03,-78.15796912135679,4.487186372674222e-20,0,0
L6_k240,0.03,-78.21554734799669,1.2443934059490914e-18,0,0
L6_k240,0.03,-78.50344620524173,8.239044862028947e-23,0,0
L6_k240,0.03,-78.72798793829722,1.715521726636579e-19,0,0
L6_k240,0.03,-78.90216970244165,1.3481390604724583e-21,0,0
L6_k240,0.03,-78.94681840132492,4.632457579324984e-20,0,0
L6_k240,0.03,-79.03683074893789,2.0334763973744746e-20,0,0
L6_k240,0.03,-79.04500139347924,1.0514804765777542e-20,0,0
L6_k240,0.03,-79.3251476801239,3.1941462058618137e-22,0,0
L6_k240,0.03,-80.30338388344401,8.048297885752645e-20,0,0
L6_k240,0.03,-80.33685884362524,1.290888702143241e-19,0,0
L6_k240,0.03,-80.35209863625512,2.0166013060147305e-21,0,0
L6_k240,0.03,-80.4080773637238,1.5948189770589265e-24,0,0
L6_k240,0.03,-80.46774291992075,3.0446448014792787e-24,0,0
L6_k240,0.03,-80.49766915093689,6.825732601349635e-23,0,0
L6_k240,0.03,-80.64937646219389,5.171708453825062e-25,0,0
L6_k240,0.03,-80.67745236449537,8.176684737360551e-23,0,0
L6_k240,0.03,-81.06474133938052,1.3334048202511696e-23,0,0
L6_k240,0.03,-81.24348409622348,3.693719506630997e-23,0,0
L6_k240,0.03,-81.25076148567194,2.20794511178875e-24,0,0
L6_k240,0.03,-81.36677570051953,2.236973518833136e-25,0,0
L6_k240,0.03,-82.25421774260882,4.02040949594809e-34,0,0
L6_k240,0.03,-82.47292730217889,7.4797641691537515e-25,0,0
L6_k240,0.03,-82.52338208118944,8.533419695005462e-25,0,0
L6_k240,0.03,-82.58851338198501,1.4022438727234036e-25,0,0
L6_k240,0.03,-82.6401006348649,2.3932110789575625e-34,0,0
L6_k240,0.03,-82.787869683189,8.785790499943026e-25,0,0
L6_k240,0.03,-82.85152623554747,7.7801475262401e-25,0,0
L6_k240,0.03,-82.9781839661734,5.640997978732833e-24,0,0
L6_k240,0.03,-84.61627649613091,5.195294961639228e-31,0,0
L6_k240,0.03,-85.25182305771233,7.908362693881083e-32,0,0
L6_k240,0.03,0.5946779659402222,0.027020342366988963,1,1
L6_k240,0.03,1.124125472718181,0.0024605880810128116,1,1
L6_k240,0.03,1.1839514389608343,0.00026209726870524104,1,1
L6_k240,0.03,1.2924911107076973,0.001404637719566496,1,1
L6_k240,0.03,2.427153743136272,0.01929300693790198,1,1
L6_k240,0.03,2.6404564434797253,0.021936562275873723,1,1
L6_k240,0.03,2.9487179674632076,8.589242691044519e-06,1,1
L6_k240,0.03,3.3091954619041934,1.7192038183739793e-06,1,1
L6_k240,0.03,3.3277855447815483,0.0018804338301713374,1,1
L6_k240,0.03,3.338605080634689,3.23704912971287e-05,1,1
L6_k240,0.03,3.4312073614315954,0.0026366070242423386,1,1
L6_k240,0.03,3.627670640245886,1.2266309795071727e-06,1,1
L6_k240,0.03,4.622680785261888,1.4529847672381455e-05,1,1
L6_k240,0.03,4.644146521949505,7.411518342554583e-06,1,1
L6_k240,0.03,4.7543027456013185,6.604720388467731e-06,1,1
L6_k240,0.03,4.8484035892738016,5.853406957748651e-06,1,1
L6_k240,0.03,4.866323244593789,0.0001534180552671286,1,1
L6_k240,0.03,4.970637007439891,0.0002490186505955804,1,1
L6_k240,0.03,5.360697240451858,0.00016795825295081934,1,1
L6_k240,0.03,5.396166113331197,3.426803624624737e-06,1,1
L6_k240,0.03,5.456591441301764,0.00040242949479666213,1,1
L6_k240,0.03,5.472839406544162,9.336521353470581e-06,1,1
L6_k240,0.03,5.499008181474962,1.0142569673976198e-05,1,1
L6_k240,0.03,5.755508453612122,1.653525263480734e-06,1,1
L6_k240,0.03,5.807374141192158,4.503907968296082e-09,1,1
L6_k240,0.03,5.86786642621285,2.058492036429021e-08,1,1
L6_k240,0.03,6.584674808728398,0.0002641133123309285,1,1
L6_k240,0.03,6.663944432731083,9.614098106162786e-06,1,1
L6_k240,0.03,6.730675187069592,7.010698370431065e-05,1,1
L6_k240,0.03,6.964787751716612,0.005032957885207164,1,1
L6_k240,0.03,6.990573586026313,0.00010526353547840608,1,1
L6_k240,0.03,7.108307518437472,0.0065432661336757274,1,1
L6_k240,0.03,7.372324538282169,0.0009929378340809893,1,1
L6_k240,0.03,7.4755550804767,0.00012179877769811907,1,1
L6_k240,0.03,7.6386852067608295,1.8605827604097604e-05,1,1
L6_k240,0.03,7.834193384051173,2.0602436821554683e-06,1,1
L6_k240,0.03,8.27129457616286,0.12069016194879471,1,1
L6_k240,0.03,8.36528703512333,0.09589957815533176,1,1
L6_k240,0.03,8.40124764424669,1.976794741056298e-05,1,1
L6_k240,0.03,8.808662190091562,0.007582609561863837,1,1
L6_k240,0.03,9.077041792151345,0.008350563014770085,1,1
L6_k240,0.03,9.334557488384426,8.033550217267381e-07,1,1
L6_k240,0.03,9.54118637576059,2.346350574914995e-05,1,1
L6_k240,0.03,9.702299986357383,1.533088061195956e-05,1,1
L6_k240,0.03,10.096073011052152,9.852375794516745e-08,1,1
L6_k240,0.03,10.598038872600723,0.00011648379021096409,1,1
L6_k240,0.03,10.654772591600178,0.00010483283489785857,1,1
L6_k240,0.03,11.014588231585744,7.197979913962577e-05,1,1
L6_k240,0.03,11.27317833703375,8.732810306092123e-06,1,1
L6_k240,0.03,11.513703535228833,9.216666678229322e-07,1,1
L6_k240,0.03,11.918125376882502,1.8840147579668235e-06,1,1
L6_k240,0.03,12.354256875098303,6.303725824054341e-06,1,1
L6_k240,0.03,12.524380712412452,0.00010870333559657839,1,1
L6_k240,0.03,12.598308633384695,3.947805861692467e-05,1,1
L6_k240,0.03,13.057969426393994,3.708583893357793e-05,1,1
L6_k240,0.03,13.662904822968661,1.2305968003326486e-06,1,1
L6_k240,0.03,14.106297876638465,0.002083663572279244,1,1
L6_k240,0.03,14.173038827317672,0.003251182010342866,1,1
L6_k240,0.03,14.63430641099578,0.0003253904172163895,1,1
L6_k240,0.03,14.68276012573999,0.0005093587121073749,1,1
L6_k240,0.03,15.235169990591874,0.0006050393113124046,1,1
L6_k240,0.03,15.41758401102394,2.3400227689119565e-05,1,1
L6_k240,0.03,16.0387745716913,0.0023654718455125632,1,1
L6_k240,0.03,16.15677379021942,0.0015327126648443825,1,1
L6_k240,0.03,16.70047056502817,0.06037371262975002,1,1
L6_k240,0.03,16.982125851822566,0.05696068165550173,1,1
L6_k240,0.03,17.111517577039574,0.0014992463482074278,1,1
L6_k240,0.03,17.461038702309082,0.001449068092864502,1,1
L6_k240,0.03,17.96425340546758,0.005483140987583406,1,1
L6_k240,0.03,18.088637335908057,0.008075292307388498,1,1
L6_k240,0.03,18.756711756901463,8.276101127332857e-05,1,1
L6_k240,0.03,19.179441214019924,9.15179507887408e-05,1,1
L6_k240,0.03,19.56468063860905,0.0008509646973491715,1,1
L6_k240,0.03,19.712704977280037,0.0008848220469253876,1,1
L6_k240,0.03,20.256796487332767,2.4064257027379837e-05,1,1
L6_k240,0.03,20.67628214093381,1.8253543026089748e-05,1,1
L6_k240,0.03,21.138743557601945,0.0001436039878205839,1,1
L6_k240,0.03,21.41366039868841,0.00015412996141320664,1,1
L6_k240,0.03,21.939510444904677,9.02733887491539e-06,1,1
L6_k240,0.03,22.3793132447752,1.3671978072849003e-05,1,1
L6_k240,0.03,22.77483210130351,7.363454479897879e-05,1,1
L6_k240,0.03,23.091440945067962,0.0003356578494878122,1,1
L6_k240,0.03,23.448373824535764,4.7099622165062055e-05,1,1
L6_k240,0.03,24.139286760439045,5.803775440008805e-05,1,1
L6_k240,0.03,24.6069185945425,7.914425014402713e-05,1,1
L6_k240,0.03,24.86533407114219,8.139071971233649e-05,1,1
L6_k240,0.03,25.193810332179567,0.0003866752277729719,1,1
L6_k240,0.03,25.34633944931337,4.411525109699782e-05,1,1
L6_k240,0.03,26.52651484612668,3.873286481971161e-05,1,1
L6_k240,0.03,26.777060887770503,0.00018882274644240718,1,1
L6_k240,0.03,27.012415819321753,5.740435089967459e-05,1,1
L6_k240,0.03,27.269040301360786,2.149078899375772e-05,1,1
L6_k240,0.03,27.60902310491845,8.435811433113665e-06,1,1
L6_k240,0.03,28.83916971492725,4.5234302220108863e-07,1,1
L6_k240,0.03,29.184820048037235,3.0102479719566e-06,1,1
L6_k240,0.03,29.510928583302263,7.934507770267037e-07,1,1
L6_k240,0.03,30.507942848148264,7.150416456396432e-06,1,1
L6_k240,0.03,30.81645643202824,9.754392571727562e-06,1,1
L6_k240,0.03,31.106171051103612,1.0991744346123324e-05,1,1
L6_k240,0.03,31.441554237296888,1.173132302348569e-05,1,1
L6_k240,0.03,32.20641503268015,4.729796701419521e-06,1,1
L6_k240,0.03,32.53416444636423,2.4399839580668543e-05,1,1
L6_k240,0.03,32.94188040093527,2.7475366605268743e-05,1,1
L6_k240,0.03,33.28112573937684,2.440037698242252e-05,1,1
L6_k240,0.03,33.64731887498144,2.2625197118688235e-05,1,1
L6_k240,0.03,34.57128747892529,1.791274087831426e-06,1,1
L6_k240,0.03,34.83305662096456,3.063941444917568e-05,1,1
L6_k240,0.03,35.2631442017088,2.2707139701398153e-05,1,1
L6_k240,0.03,35.57192496584613,2.3422341931269994e-05,1,1
L6_k240,0.03,36.04766610625644,0.00010214717890430088,1,1
L6_k240,0.03,36.58074288378177,4.366107592714542e-07,1,1
L6_k240,0.03,37.218609681408005,5.366469406669871e-06,1,1
L6_k240,0.03,37.65279088626209,7.470905324895902e-06,1,1
L6_k240,0.03,37.911975793426805,7.25270791222684e-06,1,1
L6_k240,0.03,38.33438978492651,1.3767251474325662e-07,1,1
L6_k240,0.03,38.99319894133053,1.3123663100878872e-07,1,1
L6_k240,0.03,39.46641066867982,3.7464894302925584e-07,1,1
L6_k240,0.03,39.97919105662946,1.0089492743096229e-08,1,1
L6_k240,0.03,40.445394259916306,1.1195212332081347e-08,1,1
L6_k240,0.03,41.187135508491174,8.294777418160662e-09,1,1
L6_k240,0.03,41.86968923422256,6.915714181341831e-08,1,1
L6_k240,0.03,42.27491297700461,1.2825789774188247e-07,1,1
L6_k240,0.03,42.660677690121375,3.0694007446740736e-08,1,1
L6_k240,0.03,43.57952721434912,1.8535861635732571e-07,1,1
L6_k240,0.03,43.91000407576204,3.959728956334156e-06,1,1
L6_k240,0.03,44.25464878961127,6.3452232362966155e-06,1,1
L6_k240,0.03,44.49883460492507,2.311139412492506e-06,1,1
L6_k240,0.03,44.81041585894835,6.947850594307397e-07,1,1
L6_k240,0.03,45.86488078741683,6.360096244666636e-06,1,1
L6_k240,0.03,46.08031939618713,7.938627412788394e-06,1,1
L6_k240,0.03,46.31543409956729,4.147091203982022e-06,1,1
L6_k240,0.03,46.690884642075765,2.63353278887386e-07,1,1
L6_k240,0.03,47.46746142779937,1.5463207380801767e-08,1,1
L6_k240,0.03,47.904905650905796,9.716584474143463e-08,1,1
L6_k240,0.03,48.29229769875739,6.267886299967042e-08,1,1
L6_k240,0.03,48.811908285216845,3.2275002288053426e-09,1,1
L6_k240,0.03,49.59344822271031,1.2852671547900453e-08,1,1
L6_k240,0.03,50.01587314968401,9.4144898975764e-09,1,1
L6_k240,0.03,50.29563547523073,9.685251690376598e-09,1,1
L6_k240,0.03,50.6758098585457,3.2791002730391444e-09,1,1
L6_k240,0.03,51.81981393696682,3.246343035388844e-09,1,1
L6_k240,0.03,52.000347172532244,5.999810959348121e-09,1,1
L6_k240,0.03,52.331410275376754,3.880298243120342e-09,1,1
L6_k240,0.03,52.747362087215336,3.2857358159657357e-10,1,1
L6_k240,0.03,53.24624207763403,6.881147857296576e-11,1,1
L6_k240,0.03,54.024900171632964,4.405666421393661e-09,1,1
L6_k240,0.03,54.26976195714568,1.7131651148975171e-09,1,1
L6_k240,0.03,54.72975214430576,1.1315515271014209e-09,1,1
L6_k240,0.03,55.00784443106297,1.9513652833628482e-10,1,1
L6_k240,0.03,56.09263178930682,1.433345558829785e-11,1,1
L6_k240,0.03,56.4573404255024,2.1338362102557485e-10,1,1
L6_k240,0.03,56.72948782431737,1.9378666831853983e-10,1,1
L6_k240,0.03,57.07015455843847,5.540062108410469e-10,1,1
L6_k240,0.03,57.24110505701703,2.7026091480212335e-10,1,1
L6_k240,0.03,58.220860210936735,2.1273147965023685e-11,1,1
L6_k240,0.03,58.531380691587756,1.3665755167400975e-11,1,1
L6_k240,0.03,59.113991571914646,9.058510529734776e-13,1,1
L6_k240,0.03,59.67458174883885,1.8596897875361286e-12,1,1
L6_k240,0.03,60.13324517734499,8.444317019633301e-11,1,1
L6_k240,0.03,60.43447057764839,8.601891541055235e-12,1,1
L6_k240,0.03,60.73306780946507,4.223028339542463e-12,1,1
L6_k240,0.03,61.520201182593425,4.794265883432631e-12,1,1
L6_k240,0.03,61.817441506523764,7.728877431126949e-12,1,1
L6_k240,0.03,62.1106295332022,2.995942277280538e-11,1,1
L6_k240,0.03,62.530285544784775,1.4660562835089396e-12,1,1
L6_k240,0.03,62.7865349881386,4.032716155729313e-12,1,1
L6_k240,0.03,63.45135877286174,8.264765577956706e-14,1,1
L6_k240,0.03,63.833240752884336,7.055587081445965e-15,1,1
L6_k240,0.03,64.39634691386816,2.7350980116483017e-14,1,1
L6_k240,0.03,64.8622578982089,4.8462149453092315e-14,1,1
L6_k240,0.03,65.10513301845936,4.36143328379832e-15,1,1
L6_k240,0.03,65.77975204037203,2.8331765567191857e-15,1,1
L6_k240,0.03,66.272336821692,7.16133254562142e-15,1,1
L6_k240,0.03,66.52152734910939,3.928590980082728e-14,1,1
L6_k240,0.03,66.93481346913298,1.2346983545971806e-14,1,1
L6_k240,0.03,67.48753928271779,1.0117957861870814e-14,1,1
L6_k240,0.03,67.82255948502049,4.751917111371976e-14,1,1
L6_k240,0.03,67.9562528635783,2.274469037979219e-14,1,1
L6_k240,0.03,68.47267410567977,2.278237243915151e-14,1,1
L6_k240,0.03,68.60924681276506,1.3901302707679372e-14,1,1
L6_k240,0.03,69.00579505474136,3.1578271532223315e-15,1,1
L6_k240,0.03,69.53232766160878,2.328773236411148e-17,1,1
L6_k240,0.03,69.9750752405664,9.390529832390122e-16,1,1
L6_k240,0.03,70.38974837920395,1.503585440452056e-16,1,1
L6_k240,0.03,70.54243288384822,1.7537105345444933e-16,1,1
L6_k240,0.03,71.16944872552962,1.068052519735505e-17,1,1
L6_k240,0.03,71.60522897683342,4.8294824873879185e-17,1,1
L6_k240,0.03,71.79627578855147,1.303534199536161e-15,1,1
L6_k240,0.03,72.01667518037539,1.660940698650784e-16,1,1
L6_k240,0.03,72.51817368878021,6.7277838198316e-16,1,1
L6_k240,0.03,72.88900482473146,4.323123267751684e-17,1,1
L6_k240,0.03,73.02634746506796,2.367044253614108e-16,1,1
L6_k240,0.03,73.26691496792685,2.5558554784161054e-17,1,1
L6_k240,0.03,73.58181686291209,9.913881323634529e-17,1,1
L6_k240,0.03,73.951693809421,2.9290832432104765e-16,1,1
L6_k240,0.03,74.15371033910291,1.467582348648756e-16,1,1
L6_k240,0.03,74.76675966548491,3.476227225196079e-16,1,1
L6_k240,0.03,74.79750206542872,3.5761496516252916e-16,1,1
L6_k240,0.03,75.35633690231603,4.494879589775968e-19,1,1
L6_k240,0.03,75.42298076824116,1.3906659647040795e-19,1,1
L6_k240,0.03,75.93578568758006,6.511481054250095e-19,1,1
L6_k240,0.03,76.0551660364351,2.927888183683831e-18,1,1
L6_k240,0.03,76.34519085148251,1.5221653690271828e-18,1,1
L6_k240,0.03,76.52192516261141,6.323942007978601e-20,1,1
L6_k240,0.03,76.8308196525767,3.449282270830208e-21,1,1
L6_k240,0.03,76.99390854764229,5.877048244471624e-19,1,1
L6_k240,0.03,77.09527347254472,9.613599187216666e-20,1,1
L6_k240,0.03,77.50806585996742,1.7920936604663398e-24,1,1
L6_k240,0.03,78.09578447003946,1.31297766533035e-20,1,1
L6_k240,0.03,78.15796904921925,4.4871847832419074e-20,1,1
L6_k240,0.03,78.21554734717805,1.2443934205193308e-18,1,1
L6_k240,0.03,78.50344573703745,8.239032096285855e-23,1,1
L6_k240,0.03,78.72798793789336,1.715521648999235e-19,1,1
L6_k240,0.03,78.90216789146571,1.3480178209449053e-21,1,1
L6_k240,0.03,78.94681830532248,4.632467976323232e-20,1,1
L6_k240,0.03,79.0368298033813,2.0330981976605377e-20,1,1
L6_k240,0.03,79.045000140354,1.05186185291313e-20,1,1
L6_k240,0.03,79.3251476807283,3.1941417816892226e-22,1,1
L6_k240,0.03,80.3033838834451,8.048298673308211e-20,1,1
L6_k240,0.03,80.33685884365569,1.2908886433672772e-19,1,1
L6_k240,0.03,80.35209863839178,2.0165990809355647e-21,1,1
L6_k240,0.03,80.40807777869436,1.5948388105268816e-24,1,1
L6_k240,0.03,80.46774288965992,3.044567502238337e-24,1,1
L6_k240,0.03,80.49766915120715,6.82573982204404e-23,1,1
L6_k240,0.03,80.64937646220338,5.171664890317788e-25,1,1
L6_k240,0.03,80.6774523644954,8.176647191763772e-23,1,1
L6_k240,0.03,81.06474133938053,1.333422932499276e-23,1,1
L6_k240,0.03,81.24348409622351,3.6937324851472506e-23,1,1
L6_k240,0.03,81.25076148567192,2.2079210253418575e-24,1,1
L6_k240,0.03,81.36677570051954,2.2362952696774937e-25,1,1
L6_k240,0.03,82.25421774260883,3.313314326338837e-34,1,1
L6_k240,0.03,82.47292730217889,7.479762677119981e-25,1,1
L6_k240,0.03,82.52338208118945,8.533541799226986e-25,1,1
L6_k240,0.03,82.58851338198502,1.4028151513828164e-25,1,1
L6_k240,0.03,82.64010063486491,4.686393507007414e-34,1,1
L6_k240,0.03,82.78786968318902,8.785761504922321e-25,1,1
L6_k240,0.03,82.85152623554747,7.778917757137871e-25,1,1
L6_k240,0.03,82.97818396617343,5.640937936206113e-24,1,1
L6_k240,0.03,84.61627649613092,5.74598346700832e-31,1,1
L6_k240,0.03,85.25182305771233,9.206596533420144e-32,1,1
L6_k240,0.03,-1.183951438960833,0.0005241945374104147,1,0
L6_k240,0.03,-1.2924911107077073,0.0028092754391331426,1,0
L6_k240,0.03,-3.3277855447815634,0.003760867660341928,1,0
L6_k240,0.03,-3.338605080634684,6.474098259448454e-05,1,0
L6_k240,0.03,-3.4312073614316136,0.005273214048484815,1,0
L6_k240,0.03,-3.6276706402458707,2.453261959016098e-06,1,0
L6_k240,0.03,-4.644146521949503,1.4823036685113975e-05,1,0
L6_k240,0.03,-4.84840358925328,1.1706813884872967e-05,1,0
L6_k240,0.03,-5.395956631907658,6.794812293624168e-06,1,0
L6_k240,0.03,-5.465333325923166,4.508933083115117e-05,1,0
L6_k240,0.03,-5.498444685052009,2.173281306330952e-05,1,0
L6_k240,0.03,-5.669257062922509,9.393473827519025e-33,1,0
L6_k240,0.03,-5.705762197819727,1.7487904572671242e-29,1,0
L6_k240,0.03,-5.755273547598152,3.2307458433222704e-06,1,0
L6_k240,0.03,-5.768257363536131,8.392720821496726e-08,1,0
L6_k240,0.03,-5.867099925614729,4.269978501208861e-08,1,0
L6_k240,0.03,-5.905166467203208,0.0,1,0
L6_k240,0.03,-6.642196900084306,1.1029454952609569e-05,1,0
L6_k240,0.03,-6.7304668011042486,1.2760729646568418e-06,1,0
L6_k240,0.03,-7.412941678079924,1.3731618323290616e-05,1,0
L6_k240,0.03,-7.479745398562564,5.069034433702975e-06,1,0
L6_k240,0.03,-7.543816490358162,4.42533209889586e-05,1,0
L6_k240,0.03,-7.5593875813514275,3.1476177901794467e-05,1,0
L6_k240,0.03,-7.698395763389792,1.7418589439775786e-05,1,0
L6_k240,0.03,-7.809252624925272,1.9504794283309925e-09,1,0
L6_k240,0.03,-7.895054342122178,1.900058300449596e-06,1,0
L6_k240,0.03,-8.033656294081503,1.220432426846111e-07,1,0
L6_k240,0.03,-8.797582414456398,5.367207328495016e-07,1,0
L6_k240,0.03,-8.980326587881411,3.8843721214498164e-08,1,0
L6_k240,0.03,-9.53545230187212,4.358631165647044e-05,1,0
L6_k240,0.03,-9.692409238864311,2.3927660532034152e-05,1,0
L6_k240,0.03,-9.741600831453564,2.552268324661599e-06,1,0
L6_k240,0.03,-9.795111913088753,4.648650559022879e-07,1,0
L6_k240,0.03,-9.876958501588653,9.089861975774763e-08,1,0
L6_k240,0.03,-10.029290307454666,3.3194336500214462e-09,1,0
L6_k240,0.03,-10.153102800546424,1.3864857781580656e-07,1,0
L6_k240,0.03,-10.625496565350035,8.999075953429761e-05,1,0
L6_k240,0.03,-10.64349008408921,9.181695930102065e-05,1,0
L6_k240,0.03,-10.703510490161538,7.850207614998188e-10,1,0
L6_k240,0.03,-11.064573075637542,2.0420814204225882e-05,1,0
L6_k240,0.03,-11.300991324892356,1.5447075325710553e-05,1,0
L6_k240,0.03,-11.671470916156832,8.430449170761215e-07,1,0
L6_k240,0.03,-11.817287010370931,1.1998667642361483e-07,1,0
L6_k240,0.03,-11.96237672163758,3.5344459810141715e-06,1,0
L6_k240,0.03,-12.460650797505764,1.628930469233405e-05,1,0
L6_k240,0.03,-12.502136152809548,8.033891343548601e-06,1,0
L6_k240,0.03,-12.559028245263065,0.000236101711918211,1,0
L6_k240,0.03,-13.066154006977131,3.68173356163343e-05,1,0
L6_k240,0.03,-13.079421468675026,9.781653136033349e-06,1,0
L6_k240,0.03,-13.787170134358034,4.958728149354028e-06,1,0
L6_k240,0.03,-14.112686321656248,0.005069846815049648,1,0
L6_k240,0.03,-14.178460735595301,0.005598083010779266,1,0
L6_k240,0.03,-14.629220777097041,0.00014538925234572998,1,0
L6_k240,0.03,-14.666752446324987,0.0015005906467965178,1,0
L6_k240,0.03,-14.762147788585592,7.89553425991621e-06,1,0
L6_k240,0.03,-15.26056440865367,1.2743704791710056e-07,1,0
L6_k240,0.03,-15.426170847952282,1.4682318095376776e-07,1,0
L6_k240,0.03,-16.066263662683443,5.845647453375232e-06,1,0
L6_k240,0.03,-16.222677947255708,1.2532835627714984e-05,1,0
L6_k240,0.03,-16.41585194525603,3.781361324672395e-06,1,0
L6_k240,0.03,-16.78868102294425,5.517615653277479e-07,1,0
L6_k240,0.03,-17.066486861208258,4.795485727727536e-07,1,0
L6_k240,0.03,-17.591303710355646,3.2601900768048475e-06,1,0
L6_k240,0.03,-17.88424274415567,1.644681450773297e-05,1,0
L6_k240,0.03,-18.097405125499442,6.233682424340218e-05,1,0
L6_k240,0.03,-18.437869636768188,2.1403928652024635e-05,1,0
L6_k240,0.03,-18.788395089877703,6.273079545751709e-06,1,0
L6_k240,0.03,-19.17079196308084,5.034616827227363e-05,1,0
L6_k240,0.03,-19.463068836852774,5.286492271761881e-05,1,0
L6_k240,0.03,-19.92954053960516,6.340552605473855e-05,1,0
L6_k240,0.03,-20.224197100127935,2.0134558055404795e-05,1,0
L6_k240,0.03,-20.46944888089584,2.7100776559556078e-05,1,0
L6_k240,0.03,-21.019113934932086,4.061940355617057e-05,1,0
L6_k240,0.03,-21.2017880783516,0.0001683243990766435,1,0
L6_k240,0.03,-21.461026059037163,0.00011137465817743902,1,0
L6_k240,0.03,-21.927240809883624,1.0635678234414214e-05,1,0
L6_k240,0.03,-22.329684880099794,3.969765482088288e-06,1,0
L6_k240,0.03,-22.698164449258286,2.3103662609008435e-05,1,0
L6_k240,0.03,-23.095823603746172,0.0001958823115556344,1,0
L6_k240,0.03,-23.41057225455413,0.00010157833016420404,1,0
L6_k240,0.03,-23.84889686090133,1.0248645547253995e-06,1,0
L6_k240,0.03,-24.276244862618192,1.6243642656885024e-05,1,0
L6_k240,0.03,-24.654241618764683,0.00012269073746572822,1,0
L6_k240,0.03,-24.853175805480824,4.312874732462151e-05,1,0
L6_k240,0.03,-24.99980831951905,3.362343853921201e-05,1,0
L6_k240,0.03,-25.625456282174547,6.905254740726167e-08,1,0
L6_k240,0.03,-26.54541794526721,1.4072470800508866e-05,1,0
L6_k240,0.03,-26.63808732211532,1.3064783336252902e-05,1,0
L6_k240,0.03,-27.100478961312625,5.637558987273553e-05,1,0
L6_k240,0.03,-27.32004603036915,7.965910951584157e-06,1,0
L6_k240,0.03,-27.591541449171878,1.1679382501713045e-07,1,0
L6_k240,0.03,-28.852884732352067,6.290367430335752e-07,1,0
L6_k240,0.03,-29.125276654322946,2.1228482414926634e-06,1,0
L6_k240,0.03,-29.25770661631685,3.534567734988223e-06,1,0
L6_k240,0.03,-29.631599137570376,2.0794499713262346e-07,1,0
L6_k240,0.03,-30.696687558029563,2.573646417420495e-06,1,0
L6_k240,0.03,-30.903974632991744,1.3905230001025156e-05,1,0
L6_k240,0.03,-31.201010575478534,1.0747023550314709e-05,1,0
L6_k240,0.03,-31.405479514779614,1.4771607634944583e-05,1,0
L6_k240,0.03,-31.657464411900623,2.0831543534284544e-06,1,0
L6_k240,0.03,-32.88564342352814,1.4093573893430068e-05,1,0
L6_k240,0.03,-33.0775264262829,2.2950722770396883e-05,1,0
L6_k240,0.03,-33.401738815975385,2.401368336238167e-05,1,0
L6_k240,0.03,-33.65237042152735,3.8317745560437375e-05,1,0
L6_k240,0.03,-33.880786667909426,1.1905709311056923e-06,1,0
L6_k240,0.03,-34.77393750911782,3.20203666386682e-05,1,0
L6_k240,0.03,-34.981193335471076,1.4697807101642277e-05,1,0
L6_k240,0.03,-35.37479034405384,1.8071117464357776e-06,1,0
L6_k240,0.03,-35.65122118147235,9.978656657895673e-06,1,0
L6_k240,0.03,-36.18242424861601,1.741982471193757e-08,1,0
L6_k240,0.03,-37.157503435122244,2.3987142787206166e-06,1,0
L6_k240,0.03,-37.30530490790637,7.5514757213717085e-06,1,0
L6_k240,0.03,-37.72030217337947,1.7407131797999954e-05,1,0
L6_k240,0.03,-37.954575583641116,1.0050949862953832e-05,1,0
L6_k240,0.03,-38.289404034302336,2.044669906483213e-08,1,0
L6_k240,0.03,-39.15127382040098,8.275920197991068e-09,1,0
L6_k240,0.03,-39.59067363610243,4.846311916704139e-09,1,0
L6_k240,0.03,-40.153683795609005,3.910493608260263e-09,1,0
L6_k240,0.03,-40.47093226879488,3.629031184086963e-09,1,0
L6_k240,0.03,-41.04540916623758,8.95611250225816e-09,1,0
L6_k240,0.03,-41.81655465300541,6.118923289943619e-08,1,0
L6_k240,0.03,-42.1972038356921,1.1058063817019675e-07,1,0
L6_k240,0.03,-42.40713226515632,1.2529575510343635e-07,1,0
L6_k240,0.03,-42.802188259437074,2.6309599751445944e-08,1,0
L6_k240,0.03,-43.5828594999691,2.8202374792366483e-07,1,0
L6_k240,0.03,-43.891125812817975,6.730894517625925e-06,1,0
L6_k240,0.03,-44.19005136279223,8.314044538472096e-06,1,0
L6_k240,0.03,-44.394268898310635,8.768480296970398e-06,1,0
L6_k240,0.03,-44.76145600435489,2.0336530913119668e-06,1,0
L6_k240,0.03,-45.27014483318221,6.027961399479568e-09,1,0
L6_k240,0.03,-46.06634758519104,3.903145539087243e-09,1,0
L6_k240,0.03,-46.47002871673102,2.690252341852058e-09,1,0
L6_k240,0.03,-47.013367394446426,5.273134979068877e-10,1,0
L6_k240,0.03,-47.754232881930754,2.1910334774792703e-09,1,0
L6_k240,0.03,-47.986593456004364,6.804275871342835e-09,1,0
L6_k240,0.03,-48.3154372022748,7.533175532760374e-09,1,0
L6_k240,0.03,-48.77943287144741,1.9370603623193692e-09,1,0
L6_k240,0.03,-49.1262237936959,3.6408127557167315e-10,1,0
L6_k240,0.03,-49.826895299091255,4.0164131534102675e-09,1,0
L6_k240,0.03,-50.15971225608729,3.4318534349144666e-09,1,0
L6_k240,0.03,-50.54577016952785,3.1838134006758767e-09,1,0
L6_k240,0.03,-50.772736099585295,1.811153228601384e-09,1,0
L6_k240,0.03,-51.61711778222044,1.5009974434294184e-11,1,0
L6_k240,0.03,-52.137628518018026,2.665035917509135e-09,1,0
L6_k240,0.03,-52.401194234644464,2.1000341976072204e-09,1,0
L6_k240,0.03,-52.59816409506848,5.621322558452541e-10,1,0
L6_k240,0.03,-53.10717713999896,1.5157284972322478e-10,1,0
L6_k240,0.03,-54.01465002528722,4.277924645282674e-09,1,0
L6_k240,0.03,-54.19832103911343,9.132745532873619e-11,1,0
L6_k240,0.03,-54.648891755915415,4.4979718634667414e-10,1,0
L6_k240,0.03,-54.86505650315842,1.9632037763221384e-10,1,0
L6_k240,0.03,-55.1029526409922,3.601796352170185e-11,1,0
L6_k240,0.03,-56.340710252532354,3.82998861213647e-11,1,0
L6_k240,0.03,-56.48234340886465,1.7580544167869907e-10,1,0
L6_k240,0.03,-56.82535198442668,1.3012439494508097e-10,1,0
L6_k240,0.03,-57.07680057994138,4.664064427909787e-10,1,0
L6_k240,0.03,-57.246445586817664,2.8796636318950035e-10,1,0
L6_k240,0.03,-58.26406012169602,6.136688095333099e-12,1,0
L6_k240,0.03,-58.444675572706906,6.816882108224191e-13,1,0
L6_k240,0.03,-58.91558217548714,8.425732706013831e-13,1,0
L6_k240,0.03,-59.396838507202325,2.886556877482741e-13,1,0
L6_k240,0.03,-59.5446120241748,9.509540200982456e-13,1,0
L6_k240,0.03,-60.61401426228564,1.4373935249722697e-12,1,0
L6_k240,0.03,-60.7053245844632,4.946342134608429e-12,1,0
L6_k240,0.03,-61.05163972530749,7.436236798226421e-13,1,0
L6_k240,0.03,-61.44382101065172,4.3616189649302104e-13,1,0
L6_k240,0.03,-61.71603853056836,2.6408653019474316e-14,1,0
L6_k240,0.03,-62.55987409797191,2.408437219157161e-13,1,0
L6_k240,0.03,-62.707025914561754,5.7386677345789746e-12,1,0
L6_k240,0.03,-62.830008061600154,3.871218632580134e-12,1,0
L6_k240,0.03,-63.42158205219325,3.9696169196385394e-14,1,0
L6_k240,0.03,-63.975959514881694,4.076278928991884e-15,1,0
L6_k240,0.03,-64.24858856969762,7.35245733588022e-15,1,0
L6_k240,0.03,-64.47027572873793,4.350747554377175e-15,1,0
L6_k240,0.03,-64.9189483510387,3.339873736795865e-14,1,0
L6_k240,0.03,-65.22638592208959,9.681132600464198e-16,1,0
L6_k240,0.03,-65.80445410710351,2.5637316270269774e-15,1,0
L6_k240,0.03,-66.01711251536382,1.815732427093728e-15,1,0
L6_k240,0.03,-66.23221318902851,3.3112804705314145e-15,1,0
L6_k240,0.03,-66.88479915159368,1.2780648668174709e-14,1,0
L6_k240,0.03,-67.04678773218946,8.913950008489816e-15,1,0
L6_k240,0.03,-67.20457473410218,1.5035052083511532e-15,1,0
L6_k240,0.03,-67.47280325088086,7.998262638735571e-16,1,0
L6_k240,0.03,-68.35550350609198,1.272409284270892e-17,1,0
L6_k240,0.03,-68.5927899065071,3.225768839865997e-18,1,0
L6_k240,0.03,-68.9229891847444,5.13172491500248e-15,1,0
L6_k240,0.03,-69.06467323486716,2.6386010313825546e-15,1,0
L6_k240,0.03,-69.54129781837956,6.274494034652308e-18,1,0
L6_k240,0.03,-69.91756612775816,7.68837367527955e-17,1,0
L6_k240,0.03,-70.08563045650823,4.80112051316128e-17,1,0
L6_k240,0.03,-70.50526937816439,8.696754356096782e-18,1,0
L6_k240,0.03,-70.69590298795872,9.20922061730413e-18,1,0
L6_k240,0.03,-70.92279674054919,1.809347411753793e-18,1,0
L6_k240,0.03,-71.26857239147584,1.0245653660131941e-17,1,0
L6_k240,0.03,-71.3587964255533,1.5488187471258093e-17,1,0
L6_k240,0.03,-71.78724898501157,1.1716513306833578e-16,1,0
L6_k240,0.03,-71.86096990332248,3.810342005977064e-16,1,0
L6_k240,0.03,-72.04107795670738,1.0101313690653801e-16,1,0
L6_k240,0.03,-72.53257270977483,5.836713122806472e-16,1,0
L6_k240,0.03,-72.56325063788782,9.476185671098419e-17,1,0
L6_k240,0.03,-73.17506280777198,2.0010561708072938e-17,1,0
L6_k240,0.03,-73.19048259019634,6.922954660741878e-17,1,0
L6_k240,0.03,-73.66657507828005,5.777009856699701e-22,1,0
L6_k240,0.03,-73.95131921789876,5.845083106273626e-16,1,0
L6_k240,0.03,-74.15267045872758,2.888761935919422e-16,1,0
L6_k240,0.03,-74.16802966574657,5.385586015258821e-18,1,0
L6_k240,0.03,-74.26261406006233,3.2530615679952197e-19,1,0
L6_k240,0.03,-74.8163859328329,7.726741870929562e-20,1,0
L6_k240,0.03,-74.86194118707787,1.3513319341804354e-21,1,0
L6_k240,0.03,-75.39313818010648,1.3405286685563941e-21,1,0
L6_k240,0.03,-75.52403060783645,3.4930957489442834e-24,1,0
L6_k240,0.03,-75.8969988041971,2.5106587548250626e-21,1,0
L6_k240,0.03,-75.91671466047376,1.9549328042960747e-21,1,0
L6_k240,0.03,-76.3069776569905,6.213102171441588e-20,1,0
L6_k240,0.03,-76.3191388788416,3.4290995171884984e-20,1,0
L6_k240,0.03,-76.36026512363209,4.841570047235052e-20,1,0
L6_k240,0.03,-76.37017188781954,1.370988659720606e-20,1,0
L6_k240,0.03,-76.54665035529028,9.47955447751998e-20,1,0
L6_k240,0.03,-76.54837460300995,1.2752564685492672e-21,1,0
L6_k240,0.03,-77.07634220767923,2.3623267579842555e-20,1,0
L6_k240,0.03,-77.10283404661824,4.968626822473645e-20,1,0
L6_k240,0.03,-77.96544673889606,1.1901721842922765e-35,1,0
L6_k240,0.03,-78.05155606426156,1.9325538751319188e-21,1,0
L6_k240,0.03,-78.07207138279922,8.360418728314097e-22,1,0
L6_k240,0.03,-78.18966402557072,4.610592840850817e-21,1,0
L6_k240,0.03,-78.20190373805752,7.346082604468171e-21,1,0
L6_k240,0.03,-78.55277516357333,1.5697067607275105e-22,1,0
L6_k240,0.03,-78.80482784064948,1.217881044221269e-22,1,0
L6_k240,0.03,-78.97725225582163,9.881795681685476e-21,1,0
L6_k240,0.03,-79.04049081861436,5.990074035335558e-20,1,0
L6_k240,0.03,-80.12365839599344,1.0051597770240804e-34,1,0
L6_k240,0.03,-80.29103102109798,3.1715337785239264e-27,1,0
L6_k240,0.03,-80.40779787274693,4.1056529688335265e-27,1,0
L6_k240,0.03,-80.41805990794668,2.7246772016128738e-24,1,0
L6_k240,0.03,-80.48117983549622,2.4527471015002775e-34,1,0
L6_k240,0.03,-80.64937804448046,1.034263678399475e-24,1,0
L6_k240,0.03,-81.25076148567196,4.415753651168219e-24,1,0
L6_k240,0.03,-81.3667757005195,4.473752605047873e-25,1,0
L6_k240,0.03,-82.52338208118942,1.706722569341364e-24,1,0
L6_k240,0.03,-82.78786968318899,1.7571360320998803e-24,1,0
L6_k240,3e-05,0.32333465708085285,0.00013378160038854,0,1
L6_k240,3e-05,1.3600641220079943,2.0838826348560216e-05,0,1
L6_k240,3e-05,2.102458682106441,6.814418412165545e-05,0,1
L6_k240,3e-05,3.0918521906582175,2.5378582215872664e-06,0,1
L6_k240,3e-05,4.336057325692744,6.988297731790887e-08,0,1
L6_k240,3e-05,4.402422977498862,1.7886968792372026e-07,0,1
L6_k240,3e-05,4.583631672499534,3.3723746233759453e-09,0,1
L6_k240,3e-05,4.911525937623178,1.0859512109950694e-06,0,1
L6_k240,3e-05,5.874509791616866,1.3488074440306408e-06,0,1
L6_k240,3e-05,6.103030311914608,7.592845997093348e-05,0,1
L6_k240,3e-05,6.995069336977345,0.0001355948181584312,0,1
L6_k240,3e-05,7.511051326100445,6.625972225523765e-06,0,1
L6_k240,3e-05,8.460328541667721,7.024852728943862e-06,0,1
L6_k240,3e-05,9.630323639334065,1.3214776201831434e-05,0,1
L6_k240,3e-05,10.068707533244876,1.0909591933216219e-05,0,1
L6_k240,3e-05,10.360557130248276,3.0879206015357226e-05,0,1
L6_k240,3e-05,12.127223324881488,2.7415510520716683e-06,0,1
L6_k240,3e-05,12.487195556211265,6.766599552439326e-06,0,1
L6_k240,3e-05,13.023803258334409,1.0779343730936227e-06,0,1
L6_k240,3e-05,14.414428640815448,7.509754579132211e-07,0,1
L6_k240,3e-05,14.998754584083265,4.954839155811342e-07,0,1
L6_k240,3e-05,16.342171324986488,3.5050969661599392e-06,0,1
L6_k240,3e-05,16.70133912929325,1.718476517286223e-06,0,1
L6_k240,3e-05,19.24147937685825,2.4424237928710495e-08,0,1
L6_k240,3e-05,19.719857496863007,4.3978782727265673e-07,0,1
L6_k240,3e-05,21.970841081085574,4.320306702963623e-08,0,1
L6_k240,3e-05,25.51547667614851,0.00014474276161273949,0,1
L6_k240,3e-05,25.81612777211001,9.955088996279653e-05,0,1
L6_k240,3e-05,27.723485691403276,7.797845470830712e-07,0,1
L6_k240,3e-05,28.44305466695895,2.8505879975270114e-05,0,1
L6_k240,3e-05,30.36613420038022,2.524041565092299e-05,0,1
L6_k240,3e-05,31.143139850697224,2.479577315790685e-06,0,1
L6_k240,3e-05,32.748617220437545,2.7483391852125436e-06,0,1
L6_k240,3e-05,34.702090202299715,1.4935270309370223e-06,0,1
L6_k240,3e-05,35.55056262273288,2.986270196162607e-07,0,1
L6_k240,3e-05,37.14502211840342,2.314500720055083e-08,0,1
L6_k240,3e-05,40.07452773909816,2.882559727562892e-09,0,1
L6_k240,3e-05,42.38889452316185,2.98678495448156e-09,0,1
L6_k240,3e-05,44.73427645992359,3.2858852765321923e-09,0,1
L6_k240,3e-05,49.96692451810191,0.00029418179194417215,0,1
L6_k240,3e-05,50.58054523048277,0.00030363411140259147,0,1
L6_k240,3e-05,52.109398940197046,3.37123676846683e-06,0,1
L6_k240,3e-05,53.514717316641956,8.004361498805615e-05,0,1
L6_k240,3e-05,55.76184456700133,1.0886277679266408e-05,0,1
L6_k240,3e-05,56.693259710893294,3.2199399993097847e-06,0,1
L6_k240,3e-05,58.996696305786934,1.0927067459911337e-05,0,1
L6_k240,3e-05,60.6008931155255,6.608808821368778e-07,0,1
L6_k240,3e-05,62.388866482027545,6.841127074937189e-07,0,1
L6_k240,3e-05,64.91654919445708,9.201257042459927e-06,0,1
L6_k240,3e-05,67.2696012552081,3.4290095009232306e-06,0,1
L6_k240,3e-05,70.41348321454763,1.3469157335016097e-05,0,1
L6_k240,3e-05,71.49520442945598,4.465739839950009e-07,0,1
L6_k240,3e-05,73.43850278890028,2.8636103028924617e-06,0,1
L6_k240,3e-05,76.06859806626306,6.234316485867565e-07,0,1
L6_k240,3e-05,79.02131049950032,5.844164997656286e-07,0,1
L6_k240,3e-05,81.58293944252168,4.679607629439814e-08,0,1
L6_k240,3e-05,84.55831203044403,6.163147234714669e-05,0,1
L6_k240,3e-05,86.764012229455,2.514359817589088e-05,0,1
L6_k240,3e-05,88.67337303876732,3.424055193950455e-06,0,1
L6_k240,3e-05,90.55338928377333,4.885239078635667e-05,0,1
L6_k240,3e-05,91.64522284787648,2.2601476291802385e-06,0,1
L6_k240,3e-05,93.84080643497191,1.262638288196176e-05,0,1
L6_k240,3e-05,96.35072546781674,1.3814343885707876e-06,0,1
L6_k240,3e-05,99.55341912104004,7.581280019609954e-07,0,1
L6_k240,3e-05,101.18775851475309,1.8205907866334536e-06,0,1
L6_k240,3e-05,103.68695787039178,1.3575611980735096e-07,0,1
L6_k240,3e-05,105.15027137637642,4.3377418203349e-08,0,1
L6_k240,3e-05,108.54236099220185,5.181918343112906e-09,0,1
L6_k240,3e-05,111.79954959870287,1.4598630672059532e-05,0,1
L6_k240,3e-05,112.42696817537879,1.1946058243690128e-05,0,1
L6_k240,3e-05,114.95053417547732,2.27054679338958e-06,0,1
L6_k240,3e-05,115.93734022121527,3.051876790888272e-06,0,1
L6_k240,3e-05,118.02709616261413,3.680585018718186e-07,0,1
L6_k240,3e-05,120.95595683397733,1.1146978000631389e-07,0,1
L6_k240,3e-05,121.8598854700985,2.974302959659538e-08,0,1
L6_k240,3e-05,125.94392460882852,3.3517324328239045e-10,0,1
L6_k240,3e-05,131.1745421098315,9.142929836518439e-06,0,1
L6_k240,3e-05,131.40199612613293,2.1758376687168885e-05,0,1
L6_k240,3e-05,132.73426737491295,1.3989764799679808e-07,0,1
L6_k240,3e-05,134.31850371821332,5.10355558219022e-06,0,1
L6_k240,3e-05,135.52526351074624,1.379785636656207e-07,0,1
L6_k240,3e-05,137.003915484844,7.021538161086609e-07,0,1
L6_k240,3e-05,139.91896374218064,3.318013103969485e-07,0,1
L6_k240,3e-05,140.54573920436732,2.1071822498513684e-07,0,1
L6_k240,3e-05,143.00950733080086,1.1403348371993107e-08,0,1
L6_k240,3e-05,143.82416770668266,4.164816916808381e-08,0,1
L6_k240,3e-05,145.7124334231531,2.086916235096919e-09,0,1
L6_k240,3e-05,146.34522277672716,6.931458985528135e-10,0,1
L6_k240,3e-05,149.70808531182342,3.292335565147829e-10,0,1
L6_k240,3e-05,150.0630004517267,3.2310215273575064e-10,0,1
L6_k240,3e-05,152.29740797593038,2.151349379423352e-13,0,1
L6_k240,3e-05,152.71865001545066,1.6539034017286619e-13,0,1
L6_k240,3e-05,165.52495061350643,5.096278683286034e-07,0,1
L6_k240,3e-05,167.59868137409939,5.722106999424669e-09,0,1
L6_k240,3e-05,167.93946306862182,1.518168875129591e-07,0,1
L6_k240,3e-05,168.08053532209783,1.0541971698869423e-08,0,1
L6_k240,3e-05,170.4312073297671,1.915142500264045e-08,0,1
L6_k240,3e-05,171.1500493033103,1.672491000177482e-08,0,1
L6_k240,3e-05,171.46364100853032,2.864101425326202e-07,0,1
L6_k240,3e-05,172.37319632175445,7.884766037609413e-10,0,1
L6_k240,3e-05,173.21752227189555,8.459047135941206e-10,0,1
L6_k240,3e-05,174.13561497991867,1.0079741598383417e-09,0,1
L6_k240,3e-05,174.7546839667087,6.024697312628911e-08,0,1
L6_k240,3e-05,176.2771000598898,1.0646898281437689e-10,0,1
L6_k240,3e-05,177.18900696667035,4.705242558089956e-09,0,1
L6_k240,3e-05,177.45534870584018,3.430132233670872e-10,0,1
L6_k240,3e-05,179.50060857341572,1.9143378699025245e-11,0,1
L6_k240,3e-05,179.82029864330204,1.7622038560422734e-10,0,1
L6_k240,3e-05,180.5008682793585,2.540655611553617e-10,0,1
L6_k240,3e-05,180.68988903704897,2.1224514721236874e-09,0,1
L6_k240,3e-05,180.9237494192506,1.4594908341412353e-11,0,1
L6_k240,3e-05,182.1449738577737,1.5977717988274961e-12,0,1
L6_k240,3e-05,182.49764742143327,1.2732438019057626e-12,0,1
L6_k240,3e-05,183.1898244327733,2.121195405433224e-12,0,1
L6_k240,3e-05,183.33264950187888,5.999300755073119e-13,0,1
L6_k240,3e-05,183.97089183147932,1.0188963771390858e-10,0,1
L6_k240,3e-05,186.19086509871835,1.0999559440998657e-13,0,1
L6_k240,3e-05,186.4058645942783,3.076528649256668e-12,0,1
L6_k240,3e-05,186.48805302700148,2.2164814535985665e-13,0,1
L6_k240,3e-05,188.87610561555763,1.7526207868474215e-16,0,1
L6_k240,3e-05,10030.020462392215,0.06602264493069779,0,1
L6_k240,3e-05,10030.647161298983,0.07178523927493566,0,1
L6_k240,3e-05,10030.721858006578,0.00023824648886081368,0,1
L6_k240,3e-05,10032.567231582349,0.00043464865976707397,0,1
L6_k240,3e-05,10033.037182151726,0.000650854218204626,0,1
L6_k240,3e-05,10033.13312945519,5.4893904727260915e-06,0,1
L6_k240,3e-05,10033.367317700755,0.01940981517457168,0,1
L6_k240,3e-05,10033.819342151202,0.020747682434617644,0,1
L6_k240,3e-05,10034.496791802128,0.00993512533412427,0,1
L6_k240,3e-05,10035.754395086147,0.0011637108219606609,0,1
L6_k240,3e-05,10035.903056130863,0.001348306209508814,0,1
L6_k240,3e-05,10036.220666827407,0.0010335235592858812,0,1
L6_k240,3e-05,10036.896858981914,0.003474592574564765,0,1
L6_k240,3e-05,10037.248623393343,5.155266997437179e-06,0,1
L6_k240,3e-05,10039.235733164709,0.0004027986782445891,0,1
L6_k240,3e-05,10039.368371475259,0.0027756450390008453,0,1
L6_k240,3e-05,10039.769755203639,0.003615544273879391,0,1
L6_k240,3e-05,10040.541033764013,0.0001451835711314058,0,1
L6_k240,3e-05,10042.318429943802,7.575524563994859e-05,0,1
L6_k240,3e-05,10042.82932648076,0.0005521265514748497,0,1
L6_k240,3e-05,10043.657072925967,0.00010556823828144349,0,1
L6_k240,3e-05,10044.24238391244,8.023081008362921e-06,0,1
L6_k240,3e-05,10045.22757671377,2.7956863291451354e-05,0,1
L6_k240,3e-05,10046.171697590762,1.1805582431188117e-05,0,1
L6_k240,3e-05,10048.698570695582,6.509024681097165e-06,0,1
L6_k240,3e-05,10048.895392874249,7.181040023114385e-06,0,1
L6_k240,3e-05,10051.132152537335,3.9753809820450504e-09,0,1
L6_k240,3e-05,10051.271983449555,1.206767516683439e-08,0,1
L6_k240,3e-05,10056.300417786328,8.11476165421524e-16,0,1
L6_k240,3e-05,10064.17441434442,0.0013254421727646414,0,1
L6_k240,3e-05,10064.553841478162,0.002664528495160934,0,1
L6_k240,3e-05,10066.51506265572,0.0009735445574682894,0,1
L6_k240,3e-05,10066.853619730977,0.000494809052589474,0,1
L6_k240,3e-05,10069.463379675948,7.283765882291947e-05,0,1
L6_k240,3e-05,10070.457252476475,0.0017578583281624089,0,1
L6_k240,3e-05,10070.820640598902,0.0042686906684256485,0,1
L6_k240,3e-05,10073.546696168214,0.0003776928705831223,0,1
L6_k240,3e-05,10074.31535738916,0.0015309548575856975,0,1
L6_k240,3e-05,10075.80785845494,0.00011778335504521918,0,1
L6_k240,3e-05,10076.970966142124,0.00016290784617205224,0,1
L6_k240,3e-05,10079.847330990542,0.0001721336693698999,0,1
L6_k240,3e-05,10082.572253361655,6.315322138025322e-06,0,1
L6_k240,3e-05,10084.120173706991,0.0053690188842558315,0,1
L6_k240,3e-05,10086.560670248922,0.0021597825422870567,0,1
L6_k240,3e-05,10089.767371820306,0.004693187476285531,0,1
L6_k240,3e-05,10090.493524421849,0.0011356153808699844,0,1
L6_k240,3e-05,10093.10958492738,0.001320379715238432,0,1
L6_k240,3e-05,10094.32611614434,3.402107061653237e-05,0,1
L6_k240,3e-05,10095.68972109484,0.00013032258141528112,0,1
L6_k240,3e-05,10098.90294747389,9.954555744653255e-05,0,1
L6_k240,3e-05,10101.323695530782,4.760972572767634e-06,0,1
L6_k240,3e-05,10103.425019969265,1.1910590446090024e-05,0,1
L6_k240,3e-05,10105.944811500973,6.061516994679738e-06,0,1
L6_k240,3e-05,10110.628233495505,0.0003630853817168423,0,1
L6_k240,3e-05,10111.255914676678,0.007827382078724654,0,1
L6_k240,3e-05,10113.633054172678,0.0003824795379574779,0,1
L6_k240,3e-05,10114.657225488176,0.0020094161007848544,0,1
L6_k240,3e-05,10116.132022671987,0.0005953922030077749,0,1
L6_k240,3e-05,10117.897017661624,0.00020429971077617757,0,1
L6_k240,3e-05,10120.448774481132,0.00033886153162460646,0,1
L6_k240,3e-05,10123.43338028702,2.4471559624034694e-05,0,1
L6_k240,3e-05,10125.379851709971,1.1836167134391621e-05,0,1
L6_k240,3e-05,10128.692996965803,1.1990507500034154e-06,0,1
L6_k240,3e-05,10131.95028567637,0.001814533046754692,0,1
L6_k240,3e-05,10132.416106549144,0.0008617238043052139,0,1
L6_k240,3e-05,10135.086619175428,0.0005986469248416444,0,1
L6_k240,3e-05,10136.535935826601,0.00010826494082778927,0,1
L6_k240,3e-05,10138.161258469165,7.163125551989068e-05,0,1
L6_k240,3e-05,10140.747670627676,8.534801002274549e-05,0,1
L6_k240,3e-05,10143.761028649104,6.3650117756563126e-06,0,1
L6_k240,3e-05,10145.711054921012,1.2157436361790939e-06,0,1
L6_k240,3e-05,10147.621330561331,8.534216397134997e-07,0,1
L6_k240,3e-05,10151.008791015782,1.8701138133485574e-06,0,1
L6_k240,3e-05,10152.059973358,6.695193615773374e-06,0,1
L6_k240,3e-05,10154.739935680638,7.320684437318409e-07,0,1
L6_k240,3e-05,10156.197110061745,1.1358445663053114e-06,0,1
L6_k240,3e-05,10158.042076513982,2.0442288354061934e-07,0,1
L6_k240,3e-05,10160.623235709128,1.170085156529956e-07,0,1
L6_k240,3e-05,10161.970273326428,5.4696229785604794e-08,0,1
L6_k240,3e-05,10163.90828912008,4.866362696861649e-10,0,1
L6_k240,3e-05,10170.13417990603,1.7456601467674793e-06,0,1
L6_k240,3e-05,10171.897824429294,2.6042070965696514e-07,0,1
L6_k240,3e-05,10172.395619210765,4.923342426319617e-07,0,1
L6_k240,3e-05,10174.753759594641,9.349402875743805e-08,0,1
L6_k240,3e-05,10176.149102143792,9.71800837785845e-07,0,1
L6_k240,3e-05,10177.343763564437,7.488047922316213e-08,0,1
L6_k240,3e-05,10179.446814051114,2.455071620888143e-07,0,1
L6_k240,3e-05,10181.416248936874,1.3383266010503205e-08,0,1
L6_k240,3e-05,10182.049367692005,1.672893520024017e-08,0,1
L6_k240,3e-05,10184.95297840089,2.1593408119716667e-09,0,1
L6_k240,3e-05,10185.551428675844,1.516427784347835e-08,0,1
L6_k240,3e-05,10188.218789010954,7.694658461867848e-11,0,1
L6_k240,3e-05,10188.73945213348,7.889503157704258e-10,0,1
L6_k240,3e-05,10191.065078743346,3.435612782360508e-11,0,1
L6_k240,3e-05,10194.645781326379,1.0053084082282077e-09,0,1
L6_k240,3e-05,10194.877023920935,7.848160337478583e-10,0,1
L6_k240,3e-05,10197.415916187407,2.1860067332710556e-09,0,1
L6_k240,3e-05,10199.105048447971,1.2159841039734327e-11,0,1
L6_k240,3e-05,10199.883414417118,3.5640363783335045e-09,0,1
L6_k240,3e-05,10201.99280330629,3.328836412791662e-10,0,1
L6_k240,3e-05,10202.299934378536,3.2920865681330067e-10,0,1
L6_k240,3e-05,10203.863052664205,4.3560798201064095e-10,0,1
L6_k240,3e-05,10204.409340577056,6.141923877358184e-10,0,1
L6_k240,3e-05,10205.995866225367,4.363020649347183e-11,0,1
L6_k240,3e-05,10206.754857987866,6.412728985817464e-11,0,1
L6_k240,3e-05,10207.336466395976,1.338500537738533e-10,0,1
L6_k240,3e-05,10208.37510405544,3.0652087560133128e-12,0,1
L6_k240,3e-05,10209.326663833855,2.9445511417908233e-11,0,1
L6_k240,3e-05,10209.966402062517,1.3955279184201135e-10,0,1
L6_k240,3e-05,10210.455006831766,1.2164210066468942e-11,0,1
L6_k240,3e-05,10211.298379257783,3.985167429723076e-12,0,1
L6_k240,3e-05,10211.814476159692,2.0236058716548313e-11,0,1
L6_k240,3e-05,10212.794883699598,8.388651715503183e-13,0,1
L6_k240,3e-05,10213.842364807286,9.82722844851259e-14,0,1
L6_k240,3e-05,10213.892367644128,6.803549558031742e-13,0,1
L6_k240,3e-05,10214.35884839594,3.6722844014447415e-13,0,1
L6_k240,3e-05,10214.87085294649,1.454445018098028e-12,0,1
L6_k240,3e-05,10215.191854862936,1.7909939766681934e-14,0,1
L6_k240,3e-05,10216.366204608652,4.389716705633571e-16,0,1
L6_k240,3e-05,10217.700023845415,9.865240874978428e-17,0,1
L6_k240,3e-05,-0.32333465708085996,0.0001337816003881836,0,0
L6_k240,3e-05,-1.3600641220078842,2.0838826348610205e-05,0,0
L6_k240,3e-05,-2.1024586821052225,6.81441841217043e-05,0,0
L6_k240,3e-05,-3.091852190656919,2.537858221602158e-06,0,0
L6_k240,3e-05,-4.3360574048908145,6.988324131257085e-08,0,0
L6_k240,3e-05,-4.402423088563969,1.7886951191006807e-07,0,0
L6_k240,3e-05,-4.583635125038368,3.3723063037855896e-09,0,0
L6_k240,3e-05,-4.91152594106444,1.0859511937329284e-06,0,0
L6_k240,3e-05,-5.874509831015876,1.3488079959586793e-06,0,0
L6_k240,3e-05,-6.103030313191333,7.592845947325957e-05,0,0
L6_k240,3e-05,-6.995069338173151,0.000135594818720425,0,0
L6_k240,3e-05,-7.51105137629547,6.625971966514101e-06,0,0
L6_k240,3e-05,-8.460328639409122,7.024853771658331e-06,0,0
L6_k240,3e-05,-9.630327011324665,1.321509010810079e-05,0,0
L6_k240,3e-05,-10.068740292342484,1.0910889060456239e-05,0,0
L6_k240,3e-05,-10.360564241054075,3.0877608343413414e-05,0,0
L6_k240,3e-05,-12.127472528551138,2.746544632211119e-06,0,0
L6_k240,3e-05,-12.487483493545383,6.764175054587184e-06,0,0
L6_k240,3e-05,-13.024413297358693,1.0754653439999394e-06,0,0
L6_k240,3e-05,-14.414839505850717,7.516360414885792e-07,0,0
L6_k240,3e-05,-14.999305296784117,4.947830327336641e-07,0,0
L6_k240,3e-05,-16.342235542097576,3.5058559220213246e-06,0,0
L6_k240,3e-05,-16.70141066857023,1.7176440065268088e-06,0,0
L6_k240,3e-05,-19.24182818607067,2.4452329731873933e-08,0,0
L6_k240,3e-05,-19.719872670305502,4.397589670057275e-07,0,0
L6_k240,3e-05,-21.970847041114432,4.320295117433451e-08,0,0
L6_k240,3e-05,-25.515477572813374,0.00014474382838801695,0,0
L6_k240,3e-05,-25.81613000489543,9.954986051048003e-05,0,0
L6_k240,3e-05,-27.72392583121654,7.806772955415104e-07,0,0
L6_k240,3e-05,-28.4430717686176,2.850508415279597e-05,0,0
L6_k240,3e-05,-30.36616441088576,2.5241925151678137e-05,0,0
L6_k240,3e-05,-31.143474342474782,2.4781224184315115e-06,0,0
L6_k240,3e-05,-32.74868742772936,2.748219293676655e-06,0,0
L6_k240,3e-05,-34.70226039674803,1.4938620444351752e-06,0,0
L6_k240,3e-05,-35.55117282410352,2.982463752771496e-07,0,0
L6_k240,3e-05,-37.14557341814937,2.3122175876452433e-08,0,0
L6_k240,3e-05,-40.074916541201205,2.882375432512603e-09,0,0
L6_k240,3e-05,-42.38914581164401,2.986650106647232e-09,0,0
L6_k240,3e-05,-44.73440901605193,3.2857193317646635e-09,0,0
L6_k240,3e-05,-49.966926066322046,0.00029418408078581875,0,0
L6_k240,3e-05,-50.58055075267236,0.0003036328918311945,0,0
L6_k240,3e-05,-52.11010810823779,3.3723727232455675e-06,0,0
L6_k240,3e-05,-53.5147516044662,8.004254385058218e-05,0,0
L6_k240,3e-05,-55.76258761322597,1.0899614951304255e-05,0,0
L6_k240,3e-05,-56.69587028637144,3.2067144922974646e-06,0,0
L6_k240,3e-05,-58.99697225673557,1.0927879715957228e-05,0,0
L6_k240,3e-05,-60.60468381377155,6.596933622862537e-07,0,0
L6_k240,3e-05,-62.39009459242208,6.83378520885553e-07,0,0
L6_k240,3e-05,-64.9165764835428,9.201203992932066e-06,0,0
L6_k240,3e-05,-67.26964680675944,3.428973515702096e-06,0,0
L6_k240,3e-05,-70.41353777193086,1.347042263160547e-05,0,0
L6_k240,3e-05,-71.49755978149406,4.455006838087365e-07,0,0
L6_k240,3e-05,-73.43858720849207,2.863407212865536e-06,0,0
L6_k240,3e-05,-76.06869555894176,6.234093086542182e-07,0,0
L6_k240,3e-05,-79.02138817023632,5.844234877890419e-07,0,0
L6_k240,3e-05,-81.584286704558,4.680280115360125e-08,0,0
L6_k240,3e-05,-84.55831560264082,6.163165047067623e-05,0,0
L6_k240,3e-05,-86.76405506893053,2.514441255974524e-05,0,0
L6_k240,3e-05,-88.67434964972313,3.4257637153145695e-06,0,0
L6_k240,3e-05,-90.55359454335604,4.8861746874847794e-05,0,0
L6_k240,3e-05,-91.6484597239178,2.248914610605168e-06,0,0
L6_k240,3e-05,-93.84087960818232,1.2625685025000903e-05,0,0
L6_k240,3e-05,-96.35089094796322,1.381326414177443e-06,0,0
L6_k240,3e-05,-99.55381412002512,7.583705503552648e-07,0,0
L6_k240,3e-05,-101.18796933692681,1.8204094855049745e-06,0,0
L6_k240,3e-05,-103.68947520645796,1.3590427205754962e-07,0,0
L6_k240,3e-05,-105.15467130593782,4.3136405999408844e-08,0,0
L6_k240,3e-05,-108.55263524138505,5.194134643684503e-09,0,0
L6_k240,3e-05,-111.7996738514619,1.4604859731789167e-05,0,0
L6_k240,3e-05,-112.42717813223675,1.194006312550477e-05,0,0
L6_k240,3e-05,-114.95110218924901,2.272117693161473e-06,0,0
L6_k240,3e-05,-115.93765486116436,3.0501378749057194e-06,0,0
L6_k240,3e-05,-118.02731504476489,3.679747729275665e-07,0,0
L6_k240,3e-05,-120.95632305603604,1.1151495455162879e-07,0,0
L6_k240,3e-05,-121.860548494836,2.968920503472374e-08,0,0
L6_k240,3e-05,-125.94510040474378,3.3511855945338455e-10,0,0
L6_k240,3e-05,-131.17489819538895,9.178398412879743e-06,0,0
L6_k240,3e-05,-131.402247118635,2.1723808412785195e-05,0,0
L6_k240,3e-05,-132.7409259072273,1.3946968000347405e-07,0,0
L6_k240,3e-05,-134.31865959834025,5.103727800468347e-06,0,0
L6_k240,3e-05,-135.52872154244605,1.3746702184521553e-07,0,0
L6_k240,3e-05,-137.0040304565101,7.02027499851764e-07,0,0
L6_k240,3e-05,-139.91921058985716,3.3201632171885127e-07,0,0
L6_k240,3e-05,-140.5460796742704,2.105001626242252e-07,0,0
L6_k240,3e-05,-143.0108962221169,1.1426126168912979e-08,0,0
L6_k240,3e-05,-143.82443237970156,4.16227856164471e-08,0,0
L6_k240,3e-05,-145.71343168758435,2.088771573194733e-09,0,0
L6_k240,3e-05,-146.34616482540142,6.90153279780669e-10,0,0
L6_k240,3e-05,-149.70814121824714,3.293135866605514e-10,0,0
L6_k240,3e-05,-150.06303927753467,3.23020578163871e-10,0,0
L6_k240,3e-05,-152.29791382238787,2.153026761721973e-13,0,0
L6_k240,3e-05,-152.71883604308124,1.651578762155778e-13,0,0
L6_k240,3e-05,-165.5249506135058,5.096278683293393e-07,0,0
L6_k240,3e-05,-167.59868253111247,5.722185521782646e-09,0,0
L6_k240,3e-05,-167.93946410967055,1.5181857428096314e-07,0,0
L6_k240,3e-05,-168.08054595783713,1.054020737457095e-08,0,0
L6_k240,3e-05,-170.4312118640524,1.9151884385081276e-08,0,0
L6_k240,3e-05,-171.15021541162488,1.6741952011633448e-08,0,0
L6_k240,3e-05,-171.46365344842542,2.86393813912696e-07,0,0
L6_k240,3e-05,-172.37419894934104,7.880197775884848e-10,0,0
L6_k240,3e-05,-173.2180371727631,8.455093811722565e-10,0,0
L6_k240,3e-05,-174.1358640187238,1.0079574634810287e-09,0,0
L6_k240,3e-05,-174.75468523647368,6.024667464091303e-08,0,0
L6_k240,3e-05,-176.27719742942594,1.0647832142252952e-10,0,0
L6_k240,3e-05,-177.18901567576333,4.7054369396052085e-09,0,0
L6_k240,3e-05,-177.4554161996336,3.428033396299923e-10,0,0
L6_k240,3e-05,-179.501087018744,1.921642571575386e-11,0,0
L6_k240,3e-05,-179.82043315635013,1.761776066859744e-10,0,0
L6_k240,3e-05,-180.5012918294089,2.5509871393738977e-10,0,0
L6_k240,3e-05,-180.68995434565872,2.121586650950957e-09,0,0
L6_k240,3e-05,-180.92461589077956,1.4396090161136198e-11,0,0
L6_k240,3e-05,-182.14498027868143,1.5977815453429469e-12,0,0
L6_k240,3e-05,-182.49765007377496,1.2732198645303572e-12,0,0
L6_k240,3e-05,-183.189824598463,2.1211973654968212e-12,0,0
L6_k240,3e-05,-183.3326496993843,5.999276102329574e-13,0,0
L6_k240,3e-05,-183.9708918314779,1.0188963771293543e-10,0,0
L6_k240,3e-05,-186.19086509872,1.0999559448004156e-13,0,0
L6_k240,3e-05,-186.40586459427604,3.0765286491831026e-12,0,0
L6_k240,3e-05,-186.48805302700285,2.2164814537064224e-13,0,0
L6_k240,3e-05,-188.87610561555772,1.7526207747426172e-16,0,0
L6_k240,3e-05,-10030.020462392213,0.06602264493219573,0,0
L6_k240,3e-05,-10030.647161298983,0.07178523927365163,0,0
L6_k240,3e-05,-10030.721858006578,0.00023824648887241332,0,0
L6_k240,3e-05,-10032.567231582352,0.0004346486597847816,0,0
L6_k240,3e-05,-10033.037182169935,0.0006508545958572062,0,0
L6_k240,3e-05,-10033.133136851238,5.489149129150162e-06,0,0
L6_k240,3e-05,-10033.367317701908,0.019409815066293305,0,0
L6_k240,3e-05,-10033.819342151708,0.020747682420742944,0,0
L6_k240,3e-05,-10034.496791803555,0.009935125347532997,0,0
L6_k240,3e-05,-10035.754439747909,0.0011647642907811877,0,0
L6_k240,3e-05,-10035.903186048157,0.0013476643942083577,0,0
L6_k240,3e-05,-10036.220742023126,0.0010331611834398932,0,0
L6_k240,3e-05,-10036.896871305296,0.0034746713875454297,0,0
L6_k240,3e-05,-10037.252438289575,5.02836892447539e-06,0,0
L6_k240,3e-05,-10039.24046577603,0.0004424304138171956,0,0
L6_k240,3e-05,-10039.369835967826,0.002739424271223523,0,0
L6_k240,3e-05,-10039.76991812206,0.0036122600071222975,0,0
L6_k240,3e-05,-10040.5412840281,0.00014506027961297182,0,0
L6_k240,3e-05,-10042.319210013367,7.601638593570684e-05,0,0
L6_k240,3e-05,-10042.829574110745,0.0005519928597869588,0,0
L6_k240,3e-05,-10043.658146256526,0.00010560964168470883,0,0
L6_k240,3e-05,-10044.248562679131,7.860248350892627e-06,0,0
L6_k240,3e-05,-10045.227728350772,2.7947345359773926e-05,0,0
L6_k240,3e-05,-10046.17172432779,1.1804458003144629e-05,0,0
L6_k240,3e-05,-10048.698601911954,6.510876107115715e-06,0,0
L6_k240,3e-05,-10048.89541668779,7.179182340661112e-06,0,0
L6_k240,3e-05,-10051.134921620229,4.109304883710472e-09,0,0
L6_k240,3e-05,-10051.272656073208,1.1933050896597518e-08,0,0
L6_k240,3e-05,-10056.400419078438,7.863852897204321e-16,0,0
L6_k240,3e-05,-10064.174414410862,0.0013254429010053624,0,0
L6_k240,3e-05,-10064.553841590314,0.002664527953745831,0,0
L6_k240,3e-05,-10066.51508519827,0.0009736925081754255,0,0
L6_k240,3e-05,-10066.853684212905,0.000494664279211012,0,0
L6_k240,3e-05,-10069.465779631042,7.342983700461767e-05,0,0
L6_k240,3e-05,-10070.459364822242,0.0017744193583008954,0,0
L6_k240,3e-05,-10070.821347863432,0.004251606775007968,0,0
L6_k240,3e-05,-10073.549524767124,0.0003804880716859441,0,0
L6_k240,3e-05,-10074.316476922733,0.0015286642518554134,0,0
L6_k240,3e-05,-10075.813320596206,0.00011756476136981176,0,0
L6_k240,3e-05,-10076.971969654074,0.00016255547939655584,0,0
L6_k240,3e-05,-10079.84740064194,0.00017213136380935825,0,0
L6_k240,3e-05,-10082.575806194716,6.33394431084357e-06,0,0
L6_k240,3e-05,-10084.120178969504,0.005369004127283675,0,0
L6_k240,3e-05,-10086.560679044203,0.002159782720261711,0,0
L6_k240,3e-05,-10089.76746402122,0.0046944943195168405,0,0
L6_k240,3e-05,-10090.494104965275,0.001134395083029573,0,0
L6_k240,3e-05,-10093.110048413571,0.0013211368077480558,0,0
L6_k240,3e-05,-10094.353380052382,3.35942880038839e-05,0,0
L6_k240,3e-05,-10095.691527286383,0.00012990824830837685,0,0
L6_k240,3e-05,-10098.903227034903,9.954683449403668e-05,0,0
L6_k240,3e-05,-10101.330308606046,4.764787442145261e-06,0,0
L6_k240,3e-05,-10103.427183788743,1.1902136784946162e-05,0,0
L6_k240,3e-05,-10105.947003688725,6.057297242824017e-06,0,0
L6_k240,3e-05,-10110.633636666475,0.00037141008968183224,0,0
L6_k240,3e-05,-10111.256470335647,0.00782013001353282,0,0
L6_k240,3e-05,-10113.65978998562,0.00040140966400761753,0,0
L6_k240,3e-05,-10114.66593168085,0.0019965587040540952,0,0
L6_k240,3e-05,-10116.141897294146,0.0005895342822914587,0,0
L6_k240,3e-05,-10117.90174839853,0.00020309907112387745,0,0
L6_k240,3e-05,-10120.449104800717,0.00033878941284891113,0,0
L6_k240,3e-05,-10123.435594593891,2.448269436744607e-05,0,0
L6_k240,3e-05,-10125.382779791871,1.1812601687175674e-05,0,0
L6_k240,3e-05,-10128.712968630407,1.2076765976449491e-06,0,0
L6_k240,3e-05,-10131.951230224315,0.001822380093204922,0,0
L6_k240,3e-05,-10132.418604677194,0.0008539755613866027,0,0
L6_k240,3e-05,-10135.087328759178,0.0005989290312778359,0,0
L6_k240,3e-05,-10136.540024964972,0.00010802663152532926,0,0
L6_k240,3e-05,-10138.16286160376,7.148533901537501e-05,0,0
L6_k240,3e-05,-10140.747833637839,8.53398591242389e-05,0,0
L6_k240,3e-05,-10143.76244600773,6.3684341287023945e-06,0,0
L6_k240,3e-05,-10145.719650807641,1.2142123715733867e-06,0,0
L6_k240,3e-05,-10147.626841814264,8.498181291724635e-07,0,0
L6_k240,3e-05,-10151.013714337896,1.8851684419527758e-06,0,0
L6_k240,3e-05,-10152.061540149554,6.680800221156783e-06,0,0
L6_k240,3e-05,-10154.746727042168,7.350661775564055e-07,0,0
L6_k240,3e-05,-10156.200972613608,1.1326574065308902e-06,0,0
L6_k240,3e-05,-10158.047334718844,2.0340623271752228e-07,0,0
L6_k240,3e-05,-10160.626650323846,1.1713823777146028e-07,0,0
L6_k240,3e-05,-10161.973661184187,5.442896129793241e-08,0,0
L6_k240,3e-05,-10163.930534299358,4.678968685723214e-10,0,0
L6_k240,3e-05,-10170.134189717995,1.7456978181167506e-06,0,0
L6_k240,3e-05,-10171.902223666882,2.6517098630920394e-07,0,0
L6_k240,3e-05,-10172.398515063793,4.876637296840548e-07,0,0
L6_k240,3e-05,-10174.7585965198,9.388262703708186e-08,0,0
L6_k240,3e-05,-10176.149943497288,9.719346431986618e-07,0,0
L6_k240,3e-05,-10177.34927872739,7.430505079660209e-08,0,0
L6_k240,3e-05,-10179.447232736087,2.454916729442732e-07,0,0
L6_k240,3e-05,-10181.434594452392,1.3889905346878923e-08,0,0
L6_k240,3e-05,-10182.05882638549,1.6176690144356136e-08,0,0
L6_k240,3e-05,-10184.966163810386,2.2316364062481365e-09,0,0
L6_k240,3e-05,-10185.552819122684,1.508913556960155e-08,0,0
L6_k240,3e-05,-10188.271183255087,8.940354743094968e-11,0,0
L6_k240,3e-05,-10188.743042305461,7.759495227393545e-10,0,0
L6_k240,3e-05,-10191.06574670996,3.4326933702927324e-11,0,0
L6_k240,3e-05,-10194.646132168926,1.0083974936208542e-09,0,0
L6_k240,3e-05,-10194.877498985845,7.817300716253745e-10,0,0
L6_k240,3e-05,-10197.415923993956,2.1860192116661426e-09,0,0
L6_k240,3e-05,-10199.11378356054,1.238443055918307e-11,0,0
L6_k240,3e-05,-10199.883450493682,3.563827884882992e-09,0,0
L6_k240,3e-05,-10201.99716862528,3.4285710798821444e-10,0,0
L6_k240,3e-05,-10202.305489828597,3.1939162344881505e-10,0,0
L6_k240,3e-05,-10203.864540709676,4.371776414503243e-10,0,0
L6_k240,3e-05,-10204.41018160652,6.125093376937666e-10,0,0
L6_k240,3e-05,-10206.001336624768,4.4101198482478556e-11,0,0
L6_k240,3e-05,-10206.763359980892,6.453195323991036e-11,0,0
L6_k240,3e-05,-10207.338583399254,1.3296919872711003e-10,0,0
L6_k240,3e-05,-10208.390270355272,3.0282131798012777e-12,0,0
L6_k240,3e-05,-10209.327836451857,2.9469248326239285e-11,0,0
L6_k240,3e-05,-10209.966626177058,1.3953892917324624e-10,0,0
L6_k240,3e-05,-10210.455735538462,1.2121523075729349e-11,0,0
L6_k240,3e-05,-10211.298530328437,3.98414540431323e-12,0,0
L6_k240,3e-05,-10211.814480233934,2.0235557724810798e-11,0,0
L6_k240,3e-05,-10212.794885328687,8.388613076941795e-13,0,0
L6_k240,3e-05,-10213.84255903897,9.901639882412373e-14,0,0
L6_k240,3e-05,-10213.892394644214,6.796108091103215e-13,0,0
L6_k240,3e-05,-10214.358848517506,3.6722805010809624e-13,0,0
L6_k240,3e-05,-10214.87085294699,1.4544450114272579e-12,0,0
L6_k240,3e-05,-10215.191854863922,1.790993946922572e-14,0,0
L6_k240,3e-05,-10216.36620460865,4.389716600911191e-16,0,0
L6_k240,3e-05,-10217.700023845415,9.865241140673384e-17,0,0
L6_k240,3e-05,0.3233346570789415,0.00013378160038873154,1,1
L6_k240,3e-05,1.3600641220087404,2.0838826348560403e-05,1,1
L6_k240,3e-05,2.1024586821058833,6.814418412155556e-05,1,1
L6_k240,3e-05,3.0918521906576633,2.5378582215971407e-06,1,1
L6_k240,3e-05,4.336057350239855,6.9883059142995e-08,1,1
L6_k240,3e-05,4.402423011922901,1.7886963336727156e-07,1,1
L6_k240,3e-05,4.583632742589096,3.3723534476908245e-09,1,1
L6_k240,3e-05,4.911525938689156,1.085951205653186e-06,1,1
L6_k240,3e-05,5.874509803829362,1.3488076151257174e-06,1,1
L6_k240,3e-05,6.103030312309402,7.592845981685958e-05,1,1
L6_k240,3e-05,6.995069337346861,0.0001355948183323964,1,1
L6_k240,3e-05,7.511051341659419,6.6259721452164294e-06,1,1
L6_k240,3e-05,8.460328571967269,7.0248530522031395e-06,1,1
L6_k240,3e-05,9.630324684824435,1.321487353140936e-05,1,1
L6_k240,3e-05,10.068717690442584,1.0909994080439318e-05,1,1
L6_k240,3e-05,10.360559334923973,3.087871068247826e-05,1,1
L6_k240,3e-05,12.12730065729814,2.7430997587029673e-06,1,1
L6_k240,3e-05,12.487284849277234,6.765847859516834e-06,1,1
L6_k240,3e-05,13.023992296640694,1.0771683634532348e-06,1,1
L6_k240,3e-05,14.414556008589564,7.511801849180974e-07,1,1
L6_k240,3e-05,14.998925138544434,4.952666829545923e-07,1,1
L6_k240,3e-05,16.342191219118277,3.5053320947662835e-06,1,1
L6_k240,3e-05,16.70136128869999,1.718218609882161e-06,1,1
L6_k240,3e-05,19.241587457760414,2.4432935973675394e-08,1,1
L6_k240,3e-05,19.719862196169636,4.397788910924767e-07,1,1
L6_k240,3e-05,21.970842927956834,4.3203031135717243e-08,1,1
L6_k240,3e-05,25.515476954085706,0.00014474309228374623,1,1
L6_k240,3e-05,25.816128464223205,9.955057086255885e-05,1,1
L6_k240,3e-05,27.723622119818252,7.800610754726143e-07,1,1
L6_k240,3e-05,28.443059965856417,2.8505633486073425e-05,1,1
L6_k240,3e-05,30.366143566712836,2.524088374478657e-05,1,1
L6_k240,3e-05,31.143243530573834,2.479126144359401e-06,1,1
L6_k240,3e-05,32.748638982665014,2.7483020325293085e-06,1,1
L6_k240,3e-05,34.70214298394356,1.4936309562162965e-06,1,1
L6_k240,3e-05,35.55075176885114,2.985089467642756e-07,1,1
L6_k240,3e-05,37.14519295544761,2.313792941665411e-08,1,1
L6_k240,3e-05,40.07464823822551,2.8825026039723628e-09,1,1
L6_k240,3e-05,42.38897240514444,2.9867431678879306e-09,1,1
L6_k240,3e-05,44.73431754744378,3.2858338484525812e-09,1,1
L6_k240,3e-05,49.966924998297856,0.00029418250188204654,1,1
L6_k240,3e-05,50.58054694352033,0.0003036337332522974,1,1
L6_k240,3e-05,52.10961891654962,3.371588728609271e-06,1,1
L6_k240,3e-05,53.51472795254703,8.004328323337864e-05,1,1
L6_k240,3e-05,55.762075432127894,1.0890423330261075e-05,1,1
L6_k240,3e-05,56.69406899589575,3.2158283938182416e-06,1,1
L6_k240,3e-05,58.99678191085642,1.0927320680651527e-05,1,1
L6_k240,3e-05,60.602067792417316,6.605109919003757e-07,1,1
L6_k240,3e-05,62.38924643851108,6.83885554218042e-07,1,1
L6_k240,3e-05,64.91655764404513,9.201240645590705e-06,1,1
L6_k240,3e-05,67.26961536843302,3.4289983627085302e-06,1,1
L6_k240,3e-05,70.41350014276527,1.3469550250206142e-05,1,1
L6_k240,3e-05,71.49593421275776,4.462404736122969e-07,1,1
L6_k240,3e-05,73.43852892781568,2.863547454626022e-06,1,1
L6_k240,3e-05,76.06862827306432,6.234247296172441e-07,1,1
L6_k240,3e-05,79.02133457652228,5.844186690616386e-07,1,1
L6_k240,3e-05,81.58335702416902,4.679815394564368e-08,1,1
L6_k240,3e-05,84.55831313769863,6.163152757663209e-05,1,1
L6_k240,3e-05,86.76402551611127,2.51438508754299e-05,1,1
L6_k240,3e-05,88.67367597600858,3.4245848484777027e-06,1,1
L6_k240,3e-05,90.55345301957126,4.885530185091465e-05,1,1
L6_k240,3e-05,91.64622600356444,2.2566540867126533e-06,1,1
L6_k240,3e-05,93.84082909855115,1.2626166906328623e-05,1,1
L6_k240,3e-05,96.35077676700661,1.381400932803418e-06,1,1
L6_k240,3e-05,99.55354167590986,7.582032694190859e-07,1,1
L6_k240,3e-05,101.18782396086974,1.8205345808259618e-06,1,1
L6_k240,3e-05,103.68774034785184,1.3580218473925173e-07,1,1
L6_k240,3e-05,105.15163560140726,4.330249190451927e-08,1,1
L6_k240,3e-05,108.54554050083843,5.185649716104311e-09,1,1
L6_k240,3e-05,111.7995880049645,1.4600556330562665e-05,1,1
L6_k240,3e-05,112.4270330800251,1.194420499502214e-05,1,1
L6_k240,3e-05,114.95070995949447,2.271032802450964e-06,1,1
L6_k240,3e-05,115.93743756258971,3.051338814819185e-06,1,1
L6_k240,3e-05,118.02716391896615,3.680325865643225e-07,1,1
L6_k240,3e-05,120.9560702970345,1.1148377865701596e-07,1,1
L6_k240,3e-05,121.86009076499911,2.97263521439577e-08,1,1
L6_k240,3e-05,125.944288894523,3.35156296732089e-10,1,1
L6_k240,3e-05,131.17465281862764,9.153943015417116e-06,1,1
L6_k240,3e-05,131.40207406064656,2.174764404783947e-05,1,1
L6_k240,3e-05,132.73633029321363,1.3976282507559857e-07,1,1
L6_k240,3e-05,134.31855193658046,5.103609699711426e-06,1,1
L6_k240,3e-05,135.52633249792555,1.3781978129202657e-07,1,1
L6_k240,3e-05,137.00395099517814,7.021148346647607e-07,1,1
L6_k240,3e-05,139.91904014549414,3.3186785712900463e-07,1,1
L6_k240,3e-05,140.54584454463634,2.1065073594065859e-07,1,1
L6_k240,3e-05,143.00993726384192,1.1410387022648149e-08,1,1
L6_k240,3e-05,143.8242495463754,4.164032363792015e-08,1,1
L6_k240,3e-05,145.71274251554968,2.0874903178128778e-09,1,1
L6_k240,3e-05,146.34551389110564,6.922197114340156e-10,1,1
L6_k240,3e-05,149.70810261034552,3.292583180498601e-10,1,1
L6_k240,3e-05,150.06301246401082,3.230769135047053e-10,1,1
L6_k240,3e-05,152.2975645493008,2.1518679877260843e-13,1,1
L6_k240,3e-05,152.7187075331608,1.653184421482319e-13,1,1
L6_k240,3e-05,165.52495061350638,5.096278683286408e-07,1,1
L6_k240,3e-05,167.59868173242734,5.722131318047384e-09,1,1
L6_k240,3e-05,167.93946339105526,1.5181740996054798e-07,1,1
L6_k240,3e-05,168.0805386160736,1.0541425232093785e-08,1,1
L6_k240,3e-05,170.4312087347487,1.9151567357735683e-08,1,1
L6_k240,3e-05,171.15010078074712,1.6730188756482583e-08,1,1
L6_k240,3e-05,171.4636448631225,2.864050851759413e-07,1,1
L6_k240,3e-05,172.37350692932645,7.883344538954004e-10,1,1
L6_k240,3e-05,173.21768161490135,8.457823190190429e-10,1,1
L6_k240,3e-05,174.13569204287631,1.007968980734973e-09,1,1
L6_k240,3e-05,174.754684359642,6.024688077840113e-08,1,1
L6_k240,3e-05,176.27713020732145,1.0647187425803966e-10,1,1
L6_k240,3e-05,177.18900966386812,4.705302768097034e-09,1,1
L6_k240,3e-05,177.45536960620294,3.4294821372763797e-10,1,1
L6_k240,3e-05,179.50075683586942,1.9165977134638083e-11,1,1
L6_k240,3e-05,179.82034028370398,1.7620716406365568e-10,1,1
L6_k240,3e-05,180.5009995566785,2.5438513314550033e-10,1,1
L6_k240,3e-05,180.6899092678833,2.1221842767297363e-09,1,1
L6_k240,3e-05,180.92401734313768,1.4533087166901307e-11,1,1
L6_k240,3e-05,182.1449758439559,1.5977748155039277e-12,1,1
L6_k240,3e-05,182.4976482420153,1.2732363965342207e-12,1,1
L6_k240,3e-05,183.1898244840451,2.121196011991441e-12,1,1
L6_k240,3e-05,183.33264956299723,5.999293126745446e-13,1,1
L6_k240,3e-05,183.97089183147807,1.018896377138454e-10,1,1
L6_k240,3e-05,186.190865098719,1.0999559445573413e-13,1,1
L6_k240,3e-05,186.40586459427533,3.0765286492499104e-12,1,1
L6_k240,3e-05,186.48805302700163,2.2164814530811806e-13,1,1
L6_k240,3e-05,188.87610561555732,1.7526207842023436e-16,1,1
L6_k240,3e-05,10030.020462392209,0.0660226449323829,1,1
L6_k240,3e-05,10030.647161298979,0.07178523927358416,1,1
L6_k240,3e-05,10030.721858006584,0.00023824648881622126,1,1
L6_k240,3e-05,10032.567231582349,0.0004346486597593633,1,1
L6_k240,3e-05,10033.03718214996,0.0006508541815998817,1,1
L6_k240,3e-05,10033.133128740124,5.4894139234040035e-06,1,1
L6_k240,3e-05,10033.367317700646,0.019409815184895457,1,1
L6_k240,3e-05,10033.819342151153,0.02074768243592405,1,1
L6_k240,3e-05,10034.496791801997,0.009935125332815665,1,1
L6_k240,3e-05,10035.754391074599,0.0011636163547389304,1,1
L6_k240,3e-05,10035.90304452299,0.0013483640775444482,1,1
L6_k240,3e-05,10036.22066016832,0.0010335558318175962,1,1
L6_k240,3e-05,10036.896857903608,0.003474585663491906,1,1
L6_k240,3e-05,10037.248296829834,5.166405627674927e-06,1,1
L6_k240,3e-05,10039.235349704682,0.00039978779483529293,1,1
L6_k240,3e-05,10039.368259161753,0.0027783906669472907,1,1
L6_k240,3e-05,10039.76974254643,0.003615799780983489,1,1
L6_k240,3e-05,10040.541014637967,0.00014519307601092399,1,1
L6_k240,3e-05,10042.318373440137,7.573651211893899e-05,1,1
L6_k240,3e-05,10042.829308852319,0.0005521363338594869,1,1
L6_k240,3e-05,10043.656998191904,0.00010556552386653939,1,1
L6_k240,3e-05,10044.241967665335,8.034395969612196e-06,1,1
L6_k240,3e-05,10045.227566899759,2.7957487270840105e-05,1,1
L6_k240,3e-05,10046.171695912275,1.1805653700382538e-05,1,1
L6_k240,3e-05,10048.69856890696,6.508919052539754e-06,1,1
L6_k240,3e-05,10048.895391520191,7.181146028547625e-06,1,1
L6_k240,3e-05,10051.132007649363,3.9685843638065706e-09,1,1
L6_k240,3e-05,10051.271949348644,1.2074509577354263e-08,1,1
L6_k240,3e-05,10056.296418612126,8.127621415111342e-16,1,1
L6_k240,3e-05,10064.17441434282,0.0013254421553811379,1,1
L6_k240,3e-05,10064.553841475537,0.00266452850836572,1,1
L6_k240,3e-05,10066.515062207443,0.0009735416548104653,1,1
L6_k240,3e-05,10066.85361848816,0.0004948119007070612,1,1
L6_k240,3e-05,10069.463344540172,7.282933952740855e-05,1,1
L6_k240,3e-05,10070.457225319149,0.0017576534342786023,1,1
L6_k240,3e-05,10070.82063201435,0.004268903224759538,1,1
L6_k240,3e-05,10073.546674833904,0.0003776737079289053,1,1
L6_k240,3e-05,10074.31535042556,0.001530971943383709,1,1
L6_k240,3e-05,10075.807838092858,0.00011778525168872968,1,1
L6_k240,3e-05,10076.970964328224,0.00016290874878854844,1,1
L6_k240,3e-05,10079.84733118698,0.00017213368195870705,1,1
L6_k240,3e-05,10082.572278564192,6.3154883637580786e-06,1,1
L6_k240,3e-05,10084.12017375675,0.005369018788220445,1,1
L6_k240,3e-05,10086.56067036466,0.00215978257313953,1,1
L6_k240,3e-05,10089.76737347388,0.004693211556997583,1,1
L6_k240,3e-05,10090.493535447355,0.0011355931548922055,1,1
L6_k240,3e-05,10093.109595617614,0.0013203982946426124,1,1
L6_k240,3e-05,10094.326778013787,3.401105568477478e-05,1,1
L6_k240,3e-05,10095.689767375585,0.0001303123433319386,1,1
L6_k240,3e-05,10098.902955952331,9.954563518882089e-05,1,1
L6_k240,3e-05,10101.323917145228,4.761138408369449e-06,1,1
L6_k240,3e-05,10103.425098151596,1.1910318748560869e-05,1,1
L6_k240,3e-05,10105.944897815516,6.061367685301637e-06,1,1
L6_k240,3e-05,10110.62847900762,0.0003634610480333601,1,1
L6_k240,3e-05,10111.255940187835,0.00782705764078031,1,1
L6_k240,3e-05,10113.634361633816,0.0003833809847827593,1,1
L6_k240,3e-05,10114.657648906705,0.002008821433411919,1,1
L6_k240,3e-05,10116.132521605658,0.0005951009969383549,1,1
L6_k240,3e-05,10117.897265997795,0.00020423767663553532,1,1
L6_k240,3e-05,10120.44879284768,0.0003388576582978662,1,1
L6_k240,3e-05,10123.433511140627,2.447227821214377e-05,1,1
L6_k240,3e-05,10125.380030918826,1.1834762452907157e-05,1,1
L6_k240,3e-05,10128.694282601504,1.1996170513207932e-06,1,1
L6_k240,3e-05,10131.950349579354,0.0018150655687637952,1,1
L6_k240,3e-05,10132.416275714504,0.0008611981944578009,1,1
L6_k240,3e-05,10135.08666933024,0.0005986673448326277,1,1
L6_k240,3e-05,10136.53623017585,0.00010824810578462643,1,1
L6_k240,3e-05,10138.161376125752,7.162065258268747e-05,1,1
L6_k240,3e-05,10140.747683019325,8.53474046279488e-05,1,1
L6_k240,3e-05,10143.761140784658,6.365292173638863e-06,1,1
L6_k240,3e-05,10145.711748492125,1.2156261540991082e-06,1,1
L6_k240,3e-05,10147.62178227011,8.531298175219521e-07,1,1
L6_k240,3e-05,10151.009210275508,1.871396857222745e-06,1,1
L6_k240,3e-05,10152.060107679006,6.6939710945675995e-06,1,1
L6_k240,3e-05,10154.74053576029,7.323358624549672e-07,1,1
L6_k240,3e-05,10156.19745467924,1.1355641164083887e-06,1,1
L6_k240,3e-05,10158.04255369252,2.0433123909861666e-07,1,1
L6_k240,3e-05,10160.623553918187,1.1702098664624735e-07,1,1
L6_k240,3e-05,10161.970593025588,5.4671180387081866e-08,1,1
L6_k240,3e-05,10163.91040290456,4.848222920755656e-10,1,1
L6_k240,3e-05,10170.134180889385,1.745663940357788e-06,1,1
L6_k240,3e-05,10171.898273053714,2.6090129659648293e-07,1,1
L6_k240,3e-05,10172.395911971682,4.918619254936775e-07,1,1
L6_k240,3e-05,10174.754260496875,9.353443019583135e-08,1,1
L6_k240,3e-05,10176.149190231721,9.718159802444208e-07,1,1
L6_k240,3e-05,10177.344345275264,7.481972871795525e-08,1,1
L6_k240,3e-05,10179.446859134965,2.455056523959091e-07,1,1
L6_k240,3e-05,10181.418262536221,1.3437363652072285e-08,1,1
L6_k240,3e-05,10182.050371650184,1.6669855583215235e-08,1,1
L6_k240,3e-05,10184.954438833476,2.1671581701175743e-09,1,1
L6_k240,3e-05,10185.551580602436,1.5156150669548276e-08,1,1
L6_k240,3e-05,10188.224647169229,7.81605105279176e-11,1,1
L6_k240,3e-05,10188.739816500974,7.876742020901002e-10,1,1
L6_k240,3e-05,10191.065153135805,3.4352907712856246e-11,1,1
L6_k240,3e-05,10194.645821776963,1.0056644733314268e-09,1,1
L6_k240,3e-05,10194.877078618234,7.844603380854124e-10,1,1
L6_k240,3e-05,10197.415917105604,2.186008220090795e-09,1,1
L6_k240,3e-05,10199.106083274424,1.2186069441950285e-11,1,1
L6_k240,3e-05,10199.883418673302,3.564012094634646e-09,1,1
L6_k240,3e-05,10201.993335489467,3.340862616530603e-10,1,1
L6_k240,3e-05,10202.300594307442,3.2802484582171155e-10,1,1
L6_k240,3e-05,10203.863232882803,4.357983697306637e-10,1,1
L6_k240,3e-05,10204.40944267976,6.139885854992193e-10,1,1
L6_k240,3e-05,10205.996542380666,4.3688291742393426e-11,1,1
L6_k240,3e-05,10206.755901498986,6.417542234322812e-11,1,1
L6_k240,3e-05,10207.336724833869,1.337433388644086e-10,1,1
L6_k240,3e-05,10208.376958579589,3.06043532557745e-12,1,1
L6_k240,3e-05,10209.32680626178,2.944846531834637e-11,1,1
L6_k240,3e-05,10209.96642952432,1.3955115101663602e-10,1,1
L6_k240,3e-05,10210.455096480524,1.2158956557952613e-11,1,1
L6_k240,3e-05,10211.298397961811,3.985041426682508e-12,1,1
L6_k240,3e-05,10211.814476665964,2.0235996531970038e-11,1,1
L6_k240,3e-05,10212.794883903349,8.388646903504376e-13,1,1
L6_k240,3e-05,10213.842389252046,9.83654942057224e-14,1,1
L6_k240,3e-05,10213.892371029962,6.802617416058031e-13,1,1
L6_k240,3e-05,10214.358848411268,3.672283915140788e-13,1,1
L6_k240,3e-05,10214.870852946553,1.4544450160671807e-12,1,1
L6_k240,3e-05,10215.191854863058,1.7909939745403925e-14,1,1
L6_k240,3e-05,10216.366204608652,4.389716734773699e-16,1,1
L6_k240,3e-05,10217.700023845415,9.865240754755046e-17,1,1
L6_k240,3e-05,-0.32333465708090614,0.0001337816003885154,1,0
L6_k240,3e-05,-1.3600641220085663,2.0838826348582896e-05,1,0
L6_k240,3e-05,-2.1024586821065974,6.814418412165254e-05,1,0
L6_k240,3e-05,-3.0918521906566134,2.53785822161078e-06,1,0
L6_k240,3e-05,-4.336057475712986,6.988347739251171e-08,1,0
L6_k240,3e-05,-4.402423187880748,1.788693545035062e-07,1,0
L6_k240,3e-05,-4.583638212466033,3.372245214028766e-09,1,0
L6_k240,3e-05,-4.911525944139147,1.0859511782855301e-06,1,0
L6_k240,3e-05,-5.874509866245926,1.3488084894558218e-06,1,0
L6_k240,3e-05,-6.103030314333983,7.59284590285203e-05,1,0
L6_k240,3e-05,-6.995069339243418,0.0001355948192224415,1,0
L6_k240,3e-05,-7.511051421169107,6.625971734935387e-06,1,0
L6_k240,3e-05,-8.460328726771762,7.024854703480397e-06,1,0
L6_k240,3e-05,-9.63033002400673,1.3215370546531743e-05,1,0
L6_k240,3e-05,-10.068769559411026,1.0912048210243243e-05,1,0
L6_k240,3e-05,-10.360570594531898,3.087618068368398e-05,1,0
L6_k240,3e-05,-12.127694659662529,2.751002761428654e-06,1,0
L6_k240,3e-05,-12.487740617515733,6.76200865063214e-06,1,0
L6_k240,3e-05,-13.02495918626869,1.0732631543104659e-06,1,0
L6_k240,3e-05,-14.415206780954467,7.522269655508472e-07,1,0
L6_k240,3e-05,-14.99979890259092,4.941561890173908e-07,1,0
L6_k240,3e-05,-16.342293051606788,3.506535542305681e-06,1,0
L6_k240,3e-05,-16.70147476027363,1.716898450227382e-06,1,0
L6_k240,3e-05,-19.242140400770886,2.4477525206898167e-08,1,0
L6_k240,3e-05,-19.719886270100034,4.3973308387678344e-07,1,0
L6_k240,3e-05,-21.97085237510874,4.320284743607811e-08,1,0
L6_k240,3e-05,-25.515478374676633,0.00014474478234211758,1,0
L6_k240,3e-05,-25.816132001452612,9.954893991834687e-05,1,0
L6_k240,3e-05,-27.72431945288008,7.814772269451931e-07,1,0
L6_k240,3e-05,-28.443087079092606,2.8504370941929876e-05,1,0
L6_k240,3e-05,-30.366191412682074,2.5243273582475432e-05,1,0
L6_k240,3e-05,-31.143773503804937,2.4768228481779816e-06,1,0
L6_k240,3e-05,-32.748750215832516,2.748111992864066e-06,1,0
L6_k240,3e-05,-34.70241240122289,1.4941610253545993e-06,1,0
L6_k240,3e-05,-35.551718548881425,2.9790661220695724e-07,1,0
L6_k240,3e-05,-37.14606687996512,2.310176217649718e-08,1,0
L6_k240,3e-05,-40.07526443126038,2.8822105903840666e-09,1,0
L6_k240,3e-05,-42.3893706512702,2.9865294056296046e-09,1,0
L6_k240,3e-05,-44.734527589314894,3.285570827664529e-09,1,0
L6_k240,3e-05,-49.9669274489084,0.00029418612451082954,1,0
L6_k240,3e-05,-50.58055568192314,0.0003036318018645728,1,0
L6_k240,3e-05,-52.11074125512583,3.3733900989587693e-06,1,0
L6_k240,3e-05,-53.514782215760476,8.004158359548752e-05,1,0
L6_k240,3e-05,-55.76324803994774,1.091145548800135e-05,1,0
L6_k240,3e-05,-56.698204976237456,3.194978709812415e-06,1,0
L6_k240,3e-05,-58.99721858280362,1.09285949782022e-05,1,0
L6_k240,3e-05,-60.608077633661196,6.586452007246697e-07,1,0
L6_k240,3e-05,-62.39119905015867,6.82718336505865e-07,1,0
L6_k240,3e-05,-64.91660097154838,9.201156160483476e-06,1,0
L6_k240,3e-05,-67.2696876123801,3.4289411933939742e-06,1,0
L6_k240,3e-05,-70.41358645122763,1.3471549121985422e-05,1,0
L6_k240,3e-05,-71.4996696371289,4.445468467027536e-07,1,0
L6_k240,3e-05,-73.43866297162441,2.86322467420022e-06,1,0
L6_k240,3e-05,-76.06878289786731,6.233892741332652e-07,1,0
L6_k240,3e-05,-79.02145766061219,5.844297158184862e-07,1,0
L6_k240,3e-05,-81.58549253484742,4.6808873931486104e-08,1,0
L6_k240,3e-05,-84.55831879949918,6.163180974142634e-05,1,0
L6_k240,3e-05,-86.76409334528367,2.5145139272208733e-05,1,0
L6_k240,3e-05,-88.67522192554551,3.427292238593826e-06,1,0
L6_k240,3e-05,-90.55377735919217,4.887003378796023e-05,1,0
L6_k240,3e-05,-91.65135800232045,2.2389534453194433e-06,1,0
L6_k240,3e-05,-93.84094523929906,1.2625057769224892e-05,1,0
L6_k240,3e-05,-96.35103901218577,1.3812296750718832e-06,1,0
L6_k240,3e-05,-99.55416673521816,7.585869745432357e-07,1,0
L6_k240,3e-05,-101.18815726453869,1.8202472785128576e-06,1,0
L6_k240,3e-05,-103.69171123178475,1.3603575668578625e-07,1,0
L6_k240,3e-05,-105.15860658605456,4.2922416943666826e-08,1,0
L6_k240,3e-05,-108.56187336930674,5.205514105781861e-09,1,0
L6_k240,3e-05,-111.79978594454863,1.461047705217325e-05,1,0
L6_k240,3e-05,-112.42736748391943,1.1934656063389084e-05,1,0
L6_k240,3e-05,-114.95161293470014,2.2735313404108123e-06,1,0
L6_k240,3e-05,-115.93793802738526,3.0485729234490516e-06,1,0
L6_k240,3e-05,-118.02751171782381,3.678995124506336e-07,1,0
L6_k240,3e-05,-120.95665135994605,1.1155543102980858e-07,1,0
L6_k240,3e-05,-121.86114386184832,2.964096512712189e-08,1,0
L6_k240,3e-05,-125.9461545224269,3.350695736432922e-10,1,0
L6_k240,3e-05,-131.1752144025319,9.210005957408886e-06,1,0
L6_k240,3e-05,-131.402470790253,2.1692995417805737e-05,1,0
L6_k240,3e-05,-132.7468960147017,1.3910360921421885e-07,1,0
L6_k240,3e-05,-134.3187999715644,5.1038761234175875e-06,1,0
L6_k240,3e-05,-135.53184108132783,1.3701074485043186e-07,1,0
L6_k240,3e-05,-137.00413442710854,7.019130065928083e-07,1,0
L6_k240,3e-05,-139.91943252878497,3.3220965926383495e-07,1,0
L6_k240,3e-05,-140.5463861153745,2.1030406583476929e-07,1,0
L6_k240,3e-05,-143.01214461693067,1.1446698048790823e-08,1,0
L6_k240,3e-05,-143.8246710037153,4.159987374869195e-08,1,0
L6_k240,3e-05,-145.71432836977948,2.0904411861097607e-09,1,0
L6_k240,3e-05,-146.3470156020303,6.874618658386013e-10,1,0
L6_k240,3e-05,-149.70819153258591,3.2938562257513936e-10,1,0
L6_k240,3e-05,-150.06307422925116,3.229471509006892e-10,1,0
L6_k240,3e-05,-152.29836864687894,2.1545396634362171e-13,1,0
L6_k240,3e-05,-152.71900381225444,1.649484113539639e-13,1,0
L6_k240,3e-05,-165.52495061350754,5.096278683296346e-07,1,0
L6_k240,3e-05,-167.59868357001085,5.722256027117098e-09,1,0
L6_k240,3e-05,-167.93946504428538,1.5182008844334628e-07,1,0
L6_k240,3e-05,-168.08055550731288,1.0538623573245005e-08,1,0
L6_k240,3e-05,-170.43121592997778,1.9152296220776636e-08,1,0
L6_k240,3e-05,-171.15036430301407,1.675724845104794e-08,1,0
L6_k240,3e-05,-171.46366460349057,2.8637915442119836e-07,1,0
L6_k240,3e-05,-172.375098538415,7.876148994195041e-10,1,0
L6_k240,3e-05,-173.21850051937977,8.451540664574885e-10,1,0
L6_k240,3e-05,-174.1360881692187,1.0079425392882509e-09,1,0
L6_k240,3e-05,-174.7546863792338,6.024640585657015e-08,1,0
L6_k240,3e-05,-176.2772849325741,1.0648671358421525e-10,1,0
L6_k240,3e-05,-177.18902349687974,4.705611420722781e-09,1,0
L6_k240,3e-05,-177.45547683108697,3.426149258590464e-10,1,0
L6_k240,3e-05,-179.5015159889691,1.928221942977704e-11,1,0
L6_k240,3e-05,-179.8205541030379,1.761389728210287e-10,1,0
L6_k240,3e-05,-180.50167137648137,2.5602970547478396e-10,1,0
L6_k240,3e-05,-180.69001295922743,2.120804894009893e-09,1,0
L6_k240,3e-05,-180.9253974183069,1.421949971898883e-11,1,0
L6_k240,3e-05,-182.1449860642021,1.5977903126496631e-12,1,0
L6_k240,3e-05,-182.49765246260637,1.2731983025350574e-12,1,0
L6_k240,3e-05,-183.189824747601,2.1211991294298492e-12,1,0
L6_k240,3e-05,-183.33264987714878,5.99925391291735e-13,1,0
L6_k240,3e-05,-183.9708918314797,1.018896377130281e-10,1,0
L6_k240,3e-05,-186.1908650987184,1.0999559443099346e-13,1,0
L6_k240,3e-05,-186.40586459427834,3.076528649116951e-12,1,0
L6_k240,3e-05,-186.4880530270016,2.21648145427742e-13,1,0
L6_k240,3e-05,-188.8761056155565,1.7526207746201552e-16,1,0
L6_k240,3e-05,-10030.020462392215,0.06602264493182639,1,0
L6_k240,3e-05,-10030.64716129898,0.07178523927401548,1,0
L6_k240,3e-05,-10030.72185800658,0.0002382464889200637,1,0
L6_k240,3e-05,-10032.567231582343,0.0004346486597092869,1,0
L6_k240,3e-05,-10033.037182110987,0.0006508533736566609,1,0
L6_k240,3e-05,-10033.13311293439,5.489930872056672e-06,1,0
L6_k240,3e-05,-10033.367317698192,0.019409815415642004,1,0
L6_k240,3e-05,-10033.819342150076,0.020747682465950303,1,0
L6_k240,3e-05,-10034.496791798989,0.009935125304612531,1,0
L6_k240,3e-05,-10035.754297371377,0.0011614084234634764,1,0
L6_k240,3e-05,-10035.902773050013,0.001349712871374503,1,0
L6_k240,3e-05,-10036.220503263528,0.001034311875348485,1,0
L6_k240,3e-05,-10036.896831711138,0.0034744096136286756,1,0
L6_k240,3e-05,-10037.24048497103,5.4431477728462695e-06,1,0
L6_k240,3e-05,-10039.22568031405,0.0003322431049777044,1,0
L6_k240,3e-05,-10039.365671328396,0.0028395352042221555,1,0
L6_k240,3e-05,-10039.769433883544,0.0036219558807182597,1,0
L6_k240,3e-05,-10040.540532631678,0.00014543066697904084,1,0
L6_k240,3e-05,-10042.31687501319,7.5238853766072e-05,1,0
L6_k240,3e-05,-10042.82883561068,0.0005523892986306198,1,0
L6_k240,3e-05,-10043.654926851255,0.00010547949057801803,1,0
L6_k240,3e-05,-10044.230525704628,8.354849061296399e-06,1,0
L6_k240,3e-05,-10045.227292592395,2.7974631472215277e-05,1,0
L6_k240,3e-05,-10046.17164746165,1.1807692817501034e-05,1,0
L6_k240,3e-05,-10048.698512946889,6.505603138236558e-06,1,0
L6_k240,3e-05,-10048.895348896971,7.184473220602042e-06,1,0
L6_k240,3e-05,-10051.127046113112,3.745741868992251e-09,1,0
L6_k240,3e-05,-10051.270826029086,1.2298604345369311e-08,1,0
L6_k240,3e-05,-10056.138333352495,8.662444646254386e-16,1,0
L6_k240,3e-05,-10064.174414249768,0.0013254411363057966,1,0
L6_k240,3e-05,-10064.553841318882,0.0026645292675724027,1,0
L6_k240,3e-05,-10066.515031167151,0.0009733381746942089,1,0
L6_k240,3e-05,-10066.853529981268,0.0004950110572179105,1,0
L6_k240,3e-05,-10069.460120411255,7.204497239432639e-05,1,0
L6_k240,3e-05,-10070.454433807046,0.0017361806018178756,1,0
L6_k240,3e-05,-10070.8197156804,0.0042910707410631875,1,0
L6_k240,3e-05,-10073.543049912,0.00037414697141027953,1,0
L6_k240,3e-05,-10074.313938910735,0.0015338647270390436,1,0
L6_k240,3e-05,-10075.801077763492,0.00011807796358779182,1,0
L6_k240,3e-05,-10076.96975036973,0.00016333671115341053,1,0
L6_k240,3e-05,-10079.847248743215,0.0001721365351956769,1,0
L6_k240,3e-05,-10082.568200303858,6.294610150593511e-06,1,0
L6_k240,3e-05,-10084.120167842915,0.005369035607598984,1,0
L6_k240,3e-05,-10086.560660702311,0.0021597825836945175,1,0
L6_k240,3e-05,-10089.767275127097,0.0046918211533764275,1,0
L6_k240,3e-05,-10090.492921004417,0.0011368930603781785,1,0
L6_k240,3e-05,-10093.109105086356,0.0013195819274370393,1,0
L6_k240,3e-05,-10094.299524741766,3.452719948454708e-05,1,0
L6_k240,3e-05,-10095.688061007142,0.00013070180744216504,1,0
L6_k240,3e-05,-10098.902693969683,9.954461658226854e-05,1,0
L6_k240,3e-05,-10101.317890830569,4.758151482392965e-06,1,0
L6_k240,3e-05,-10103.423183506697,1.1918027409465317e-05,1,0
L6_k240,3e-05,-10105.943009737997,6.065130389040407e-06,1,0
L6_k240,3e-05,-10110.624026337147,0.0003567828561403983,1,0
L6_k240,3e-05,-10111.255490896889,0.007832860118871663,1,0
L6_k240,3e-05,-10113.613246829265,0.0003695509056089342,1,0
L6_k240,3e-05,-10114.65120671611,0.0020182057738659023,1,0
L6_k240,3e-05,-10116.125289953554,0.0005994912054370899,1,0
L6_k240,3e-05,-10117.893878339433,0.00020510811487035985,1,0
L6_k240,3e-05,-10120.448561794672,0.0003389088185216438,1,0
L6_k240,3e-05,-10123.432010463303,2.446517309699969e-05,1,0
L6_k240,3e-05,-10125.378095585143,1.1850629884413359e-05,1,0
L6_k240,3e-05,-10128.681753549325,1.1946218166574237e-06,1,0
L6_k240,3e-05,-10131.949783583412,0.001810379030368264,1,0
L6_k240,3e-05,-10132.41480228351,0.0008658277816639432,1,0
L6_k240,3e-05,-10135.086263347319,0.0005985086232725129,1,0
L6_k240,3e-05,-10136.533944293215,0.00010838620541484444,1,0
L6_k240,3e-05,-10138.160503730402,7.170101290797712e-05,1,0
L6_k240,3e-05,-10140.74759734512,8.535178636207627e-05,1,0
L6_k240,3e-05,-10143.760425250623,6.363622492346445e-06,1,0
L6_k240,3e-05,-10145.707554862045,1.2164830630446977e-06,1,0
L6_k240,3e-05,-10147.619193801476,8.548629112866437e-07,1,0
L6_k240,3e-05,-10151.007013646122,1.864798629428344e-06,1,0
L6_k240,3e-05,-10152.05942448494,6.70030666652404e-06,1,0
L6_k240,3e-05,-10154.737690418722,7.311264749516025e-07,1,0
L6_k240,3e-05,-10156.195885508934,1.13688849797725e-06,1,0
L6_k240,3e-05,-10158.040485896187,2.0474013769184935e-07,1,0
L6_k240,3e-05,-10160.622266335928,1.169745359629139e-07,1,0
L6_k240,3e-05,-10161.96934556398,5.4770756637653374e-08,1,0
L6_k240,3e-05,-10163.902600867556,4.916671456656158e-10,1,0
L6_k240,3e-05,-10170.134177834683,1.7456523035644998e-06,1,0
L6_k240,3e-05,-10171.89694668789,2.594934170179021e-07,1,0
L6_k240,3e-05,-10172.395061038576,4.932475688082466e-07,1,0
L6_k240,3e-05,-10174.752899188183,9.342846857956259e-08,1,0
L6_k240,3e-05,-10176.148960483053,9.717828830108524e-07,1,0
L6_k240,3e-05,-10177.342881701532,7.497604749128738e-08,1,0
L6_k240,3e-05,-10179.446752644935,2.455099939384445e-07,1,0
L6_k240,3e-05,-10181.413786359199,1.3319551955069755e-08,1,0
L6_k240,3e-05,-10182.048196114034,1.6799200417560953e-08,1,0
L6_k240,3e-05,-10184.951548843283,2.1519440884920768e-09,1,0
L6_k240,3e-05,-10185.551286487316,1.5172017138845615e-08,1,0
L6_k240,3e-05,-10188.214282213043,7.60672234499726e-11,1,0
L6_k240,3e-05,-10188.739188999994,7.898828609518322e-10,1,0
L6_k240,3e-05,-10191.065034412166,3.4358193513238e-11,1,0
L6_k240,3e-05,-10194.645765357414,1.0051700985542926e-09,1,0
L6_k240,3e-05,-10194.877003031206,7.849542704120504e-10,1,0
L6_k240,3e-05,-10197.415915961277,2.1860064722191107e-09,1,0
L6_k240,3e-05,-10199.104884129181,1.2156329174522421e-11,1,0
L6_k240,3e-05,-10199.88341390996,3.5640400308672976e-09,1,0
L6_k240,3e-05,-10201.992795417033,3.3287448829924537e-10,1,0
L6_k240,3e-05,-10202.29993446234,3.2921901675132e-10,1,0
L6_k240,3e-05,-10203.863066169153,4.3562595895010785e-10,1,0
L6_k240,3e-05,-10204.40935085313,6.141748176354945e-10,1,0
L6_k240,3e-05,-10205.995984071309,4.3641674745583375e-11,1,0
L6_k240,3e-05,-10206.755075632613,6.414031035604092e-11,1,0
L6_k240,3e-05,-10207.336527005087,1.3382659117724376e-10,1,0
L6_k240,3e-05,-10208.375624363254,3.064111942303694e-12,1,0
L6_k240,3e-05,-10209.326709669176,2.944664554662468e-11,1,0
L6_k240,3e-05,-10209.966411663814,1.3955238420647434e-10,1,0
L6_k240,3e-05,-10210.455040056548,1.2162309373100775e-11,1,0
L6_k240,3e-05,-10211.2983868604,3.985119362816585e-12,1,0
L6_k240,3e-05,-10211.81447637647,2.0236032518777882e-11,1,0
L6_k240,3e-05,-10212.794883795155,8.38864952476607e-13,1,0
L6_k240,3e-05,-10213.842377320942,9.832008160504799e-14,1,0
L6_k240,3e-05,-10213.892369383799,6.803071588666941e-13,1,0
L6_k240,3e-05,-10214.358848404107,3.6722841440114457e-13,1,0
L6_k240,3e-05,-10214.870852946528,1.454445017480821e-12,1,0
L6_k240,3e-05,-10215.191854863004,1.7909939770028177e-14,1,0
L6_k240,3e-05,-10216.36620460865,4.389716748462988e-16,1,0
L6_k240,3e-05,-10217.700023845417,9.865240397354108e-17,1,0
L8_k240,0.03,1.1144203071149117,0.0002651428096865568,0,1
L8_k240,0.03,1.1978332838820365,0.001980107035803188,0,1
L8_k240,0.03,2.2569648041789647,0.0020248462970315875,0,1
L8_k240,0.03,2.3432638326782915,0.0036154168295882416,0,1
L8_k240,0.03,3.1050165693186917,9.037676306863954e-06,0,1
L8_k240,0.03,3.409570135282868,2.4436801944596663e-07,0,1
L8_k240,0.03,3.8749945331677633,2.610072392327023e-07,0,1
L8_k240,0.03,3.88990320090588,6.712714932567143e-07,0,1
L8_k240,0.03,4.233303767719782,1.9911267520799404e-05,0,1
L8_k240,0.03,4.329005502586987,8.432247849959713e-06,0,1
L8_k240,0.03,4.344313746033894,1.6199461739565097e-06,0,1
L8_k240,0.03,4.545463157777496,9.298443920494519e-07,0,1
L8_k240,0.03,4.556163307056391,2.1239311085486578e-08,0,1
L8_k240,0.03,4.635053593967025,3.128124625611585e-08,0,1
L8_k240,0.03,4.963034756184189,4.420609165317706e-08,0,1
L8_k240,0.03,5.056638142364488,1.6053530419588504e-07,0,1
L8_k240,0.03,5.433286361596433,3.728852157563062e-06,0,1
L8_k240,0.03,5.462373196587377,1.7488423595873092e-05,0,1
L8_k240,0.03,5.544159121419277,4.535910067660466e-06,0,1
L8_k240,0.03,5.68536038320586,3.433358567203224e-07,0,1
L8_k240,0.03,6.195988546914593,0.0038956765177626286,0,1
L8_k240,0.03,6.258910302574303,0.004603915071811535,0,1
L8_k240,0.03,6.558712864827553,8.122613012545784e-05,0,1
L8_k240,0.03,6.65167882700442,1.9986486614413327e-05,0,1
L8_k240,0.03,6.806420893134755,9.515027233295163e-06,0,1
L8_k240,0.03,6.926912890934353,3.0520945811861765e-05,0,1
L8_k240,0.03,7.081921459616071,2.849667105139728e-05,0,1
L8_k240,0.03,7.5662471694349955,1.9840989749288653e-06,0,1
L8_k240,0.03,7.902075492203239,1.579741240415883e-05,0,1
L8_k240,0.03,8.064667180826701,0.00011806809957870896,0,1
L8_k240,0.03,8.240471943020626,3.2335497475813305e-05,0,1
L8_k240,0.03,8.43843458790427,1.5829797763952063e-05,0,1
L8_k240,0.03,8.893267769025824,9.914467660642129e-06,0,1
L8_k240,0.03,9.109981715406692,8.391635238932335e-06,0,1
L8_k240,0.03,9.41130415623654,0.00012209253531116938,0,1
L8_k240,0.03,9.581996667169088,1.0371138890356636e-05,0,1
L8_k240,0.03,10.313529524366981,1.446366421213291e-05,0,1
L8_k240,0.03,10.434175018159463,3.240066189635539e-05,0,1
L8_k240,0.03,10.59693958058419,1.0875752876784858e-05,0,1
L8_k240,0.03,11.281531797575333,6.297741790471829e-07,0,1
L8_k240,0.03,11.627275424942336,9.873340434111846e-06,0,1
L8_k240,0.03,12.263413298704453,5.08256088639569e-06,0,1
L8_k240,0.03,12.579211483375882,8.877126319638124e-05,0,1
L8_k240,0.03,12.776250458178557,9.19106320452001e-05,0,1
L8_k240,0.03,13.211653706361332,2.7633819447597002e-05,0,1
L8_k240,0.03,13.664562383192228,0.00025090703711301695,0,1
L8_k240,0.03,13.890774989730655,0.0002694838402301272,0,1
L8_k240,0.03,14.236495740886001,7.81840108285681e-05,0,1
L8_k240,0.03,14.853223717231621,0.00010992299277332138,0,1
L8_k240,0.03,15.103042061211019,0.00016678197953016086,0,1
L8_k240,0.03,15.460148023443976,4.342414273086718e-06,0,1
L8_k240,0.03,15.98567118627843,8.666934082570943e-06,0,1
L8_k240,0.03,16.816817639610655,4.6086132019994075e-06,0,1
L8_k240,0.03,17.232306521499545,6.0876624644895126e-05,0,1
L8_k240,0.03,17.563209614755706,8.651679802843395e-05,0,1
L8_k240,0.03,17.99291831723877,3.236260886721367e-05,0,1
L8_k240,0.03,18.476857760586515,5.546860614029058e-05,0,1
L8_k240,0.03,19.29615146683938,0.006449826773456206,0,1
L8_k240,0.03,19.429810501907397,0.001456778530054055,0,1
L8_k240,0.03,19.690282283211577,7.146800737716628e-05,0,1
L8_k240,0.03,20.56819029979065,5.454014955100175e-06,0,1
L8_k240,0.03,21.10127252328962,1.554132412901215e-05,0,1
L8_k240,0.03,21.660410625909282,5.378398354930674e-06,0,1
L8_k240,0.03,22.226283845196438,0.00010666921699487928,0,1
L8_k240,0.03,22.580505723636435,0.00010010691848332124,0,1
L8_k240,0.03,23.16699504880557,3.332325860144046e-05,0,1
L8_k240,0.03,23.6939160873428,1.8559636653104997e-05,0,1
L8_k240,0.03,24.106625979497128,7.816758536992873e-05,0,1
L8_k240,0.03,25.042868021008513,5.6408319060519933e-05,0,1
L8_k240,0.03,25.34813897485921,3.6332053939100836e-05,0,1
L8_k240,0.03,26.038244621285553,9.929713253208607e-06,0,1
L8_k240,0.03,26.52535728922729,2.211926655496514e-05,0,1
L8_k240,0.03,27.22283332351944,1.0178872250268429e-05,0,1
L8_k240,0.03,27.781513280108676,3.550134124431883e-05,0,1
L8_k240,0.03,28.149927960066368,1.1082442929458715e-05,0,1
L8_k240,0.03,28.940622386545357,7.76339713455905e-05,0,1
L8_k240,0.03,29.35717702700755,5.191632382090832e-06,0,1
L8_k240,0.03,30.292425471985165,1.4336150664655632e-05,0,1
L8_k240,0.03,30.731350711189886,3.965994603687132e-05,0,1
L8_k240,0.03,31.497640686559876,1.9583056825368116e-05,0,1
L8_k240,0.03,31.819043252205518,1.9241112561710255e-05,0,1
L8_k240,0.03,32.78978611683877,4.407365091773323e-05,0,1
L8_k240,0.03,33.09413845875259,1.5379299422598135e-05,0,1
L8_k240,0.03,33.95770381188537,3.1623994521285454e-06,0,1
L8_k240,0.03,34.678769199015974,5.318198844782371e-06,0,1
L8_k240,0.03,35.16881639992643,3.0881092678389964e-05,0,1
L8_k240,0.03,35.67894104211662,4.83570643366023e-06,0,1
L8_k240,0.03,36.40575962974038,1.938320895872243e-06,0,1
L8_k240,0.03,37.03878384287986,2.0929204861646644e-05,0,1
L8_k240,0.03,37.65245571803932,7.11136714471089e-07,0,1
L8_k240,0.03,38.30135255106794,6.384141460745552e-07,0,1
L8_k240,0.03,39.39759346123706,1.8880344977492937e-06,0,1
L8_k240,0.03,40.0416718487233,4.5830504683111027e-07,0,1
L8_k240,0.03,40.55646113804425,4.343356365409738e-06,0,1
L8_k240,0.03,41.56213900401412,3.607218420393337e-06,0,1
L8_k240,0.03,41.79012456917443,6.321614163107028e-06,0,1
L8_k240,0.03,42.66831204405631,7.980462730361452e-06,0,1
L8_k240,0.03,43.38587566404539,4.5449086818054154e-07,0,1
L8_k240,0.03,43.84138582022814,2.0486052443047376e-06,0,1
L8_k240,0.03,44.95278329997217,2.525164602609556e-07,0,1
L8_k240,0.03,45.62790534570469,7.588392920141562e-06,0,1
L8_k240,0.03,46.37530102122564,6.717990471135604e-06,0,1
L8_k240,0.03,46.62677743057998,2.658188471869105e-06,0,1
L8_k240,0.03,47.61713248998164,4.285604855481544e-07,0,1
L8_k240,0.03,48.16865970656285,2.0911858904299576e-07,0,1
L8_k240,0.03,48.89453619050712,4.1344421740823057e-07,0,1
L8_k240,0.03,49.69186870294572,5.703119332682456e-06,0,1
L8_k240,0.03,50.06670918541677,3.6190406086388788e-06,0,1
L8_k240,0.03,50.96317780492619,1.464507843393475e-07,0,1
L8_k240,0.03,51.45853467036714,1.1283087425126165e-07,0,1
L8_k240,0.03,52.2953679265392,5.484542069559155e-08,0,1
L8_k240,0.03,53.07446035006209,1.327603480404843e-08,0,1
L8_k240,0.03,53.8607382787449,3.3545123680218346e-09,0,1
L8_k240,0.03,54.463714664996346,1.6313104802296341e-09,0,1
L8_k240,0.03,55.55525226671498,3.117638949536241e-10,0,1
L8_k240,0.03,56.75964384673239,1.8820865432396983e-09,0,1
L8_k240,0.03,57.608797213264694,8.826611994413995e-09,0,1
L8_k240,0.03,58.30320032476611,5.821704359044858e-08,0,1
L8_k240,0.03,58.67323452670656,1.615805444731525e-06,0,1
L8_k240,0.03,58.9211583085817,5.057404392879096e-07,0,1
L8_k240,0.03,59.93291044170745,2.5446447181902268e-09,0,1
L8_k240,0.03,60.70455703563702,5.158147735064384e-09,0,1
L8_k240,0.03,61.605760448045295,3.785651331618286e-09,0,1
L8_k240,0.03,62.1133440990434,1.7487225323011621e-09,0,1
L8_k240,0.03,62.83431843092528,1.3274902309928383e-09,0,1
L8_k240,0.03,63.40325293556702,5.882902508714432e-10,0,1
L8_k240,0.03,64.38197713856283,5.858529738915382e-10,0,1
L8_k240,0.03,65.13350774747394,1.8170895848443418e-10,0,1
L8_k240,0.03,65.90825628069506,2.2372682293903598e-10,0,1
L8_k240,0.03,66.71864657163152,1.0064595231984161e-10,0,1
L8_k240,0.03,67.18489172827675,1.146926383614054e-10,0,1
L8_k240,0.03,68.18285919932606,2.238556424021519e-10,0,1
L8_k240,0.03,69.38427576317704,4.623670494596949e-11,0,1
L8_k240,0.03,69.90245871604587,1.1772839354099446e-10,0,1
L8_k240,0.03,70.41915288415608,7.668278211668036e-11,0,1
L8_k240,0.03,71.01595066052259,9.189730554869308e-11,0,1
L8_k240,0.03,72.09957420722746,8.165869103009626e-11,0,1
L8_k240,0.03,72.4980368132639,2.0501633604224566e-11,0,1
L8_k240,0.03,73.51394371868888,8.63083754640092e-12,0,1
L8_k240,0.03,74.29630702619471,4.4233404898849194e-11,0,1
L8_k240,0.03,74.63002137965132,2.0300837450384472e-11,0,1
L8_k240,0.03,75.47777432930089,3.401264368182144e-12,0,1
L8_k240,0.03,76.38442210965648,1.8484978696031664e-11,0,1
L8_k240,0.03,76.67100578945231,3.933774193565052e-12,0,1
L8_k240,0.03,77.61237790469319,6.846756467514088e-13,0,1
L8_k240,0.03,78.49287319954256,1.559878975669577e-13,0,1
L8_k240,0.03,78.98472974154843,9.873655078498429e-14,0,1
L8_k240,0.03,79.85650136949297,1.0663109461386725e-13,0,1
L8_k240,0.03,80.8217360731549,9.342159333392007e-14,0,1
L8_k240,0.03,81.07740192956904,9.212154126112708e-14,0,1
L8_k240,0.03,82.09765738526445,6.6338608124360135e-15,0,1
L8_k240,0.03,82.82857263882215,6.864678065506264e-15,0,1
L8_k240,0.03,83.86868297469493,5.837352524538598e-15,0,1
L8_k240,0.03,84.60754197124584,1.662152199365616e-14,0,1
L8_k240,0.03,84.93075421396838,1.0374845611989923e-13,0,1
L8_k240,0.03,85.59858686566947,1.2376328437031403e-15,0,1
L8_k240,0.03,86.54439678312976,5.271818681912042e-16,0,1
L8_k240,0.03,86.95514448897228,5.905162996063356e-16,0,1
L8_k240,0.03,87.9771493561232,4.742869455127767e-16,0,1
L8_k240,0.03,88.33237994341948,2.5322957022948437e-16,0,1
L8_k240,0.03,89.16812860317225,1.9698441305246344e-16,0,1
L8_k240,0.03,90.30411480555372,7.279739748780497e-17,0,1
L8_k240,0.03,90.73941079162843,1.2851487551783413e-17,0,1
L8_k240,0.03,91.40590675601406,9.743636212074252e-17,0,1
L8_k240,0.03,92.10722713115645,6.774424708047176e-17,0,1
L8_k240,0.03,92.57126135562294,7.709222300903324e-17,0,1
L8_k240,0.03,93.1287020010412,2.6486235865856216e-17,0,1
L8_k240,0.03,93.99104092290413,8.248298599743287e-19,0,1
L8_k240,0.03,94.72004565658227,2.1656845340751588e-19,0,1
L8_k240,0.03,95.79596630225046,2.346912630625637e-18,0,1
L8_k240,0.03,96.31361532251367,3.4687503078396886e-17,0,1
L8_k240,0.03,96.60296608504814,9.26048790090084e-18,0,1
L8_k240,0.03,97.18891445327792,8.894082402416718e-18,0,1
L8_k240,0.03,98.12581680369834,5.291094332748011e-18,0,1
L8_k240,0.03,98.29970183868603,2.4148391448511096e-18,0,1
L8_k240,0.03,99.24434360752751,1.776893967759494e-19,0,1
L8_k240,0.03,99.75226834273978,3.750579649912527e-19,0,1
L8_k240,0.03,100.6104642105269,6.083185841203381e-19,0,1
L8_k240,0.03,100.93609831071694,2.8553718075557282e-18,0,1
L8_k240,0.03,101.2636018486152,1.5386701035021618e-18,0,1
L8_k240,0.03,101.44139950996986,6.433305328316032e-19,0,1
L8_k240,0.03,102.82482052512924,1.0862595086995573e-21,0,1
L8_k240,0.03,103.33774976816304,3.449194671384537e-21,0,1
L8_k240,0.03,103.86153742421038,6.8446809292173e-22,0,1
L8_k240,0.03,104.42729998863155,3.3470128676006226e-21,0,1
L8_k240,0.03,104.83193724161292,8.012028354321424e-22,0,1
L8_k240,0.03,105.48642655519107,1.815231425300547e-21,0,1
L8_k240,0.03,105.83717936779698,3.6791531366148523e-22,0,1
L8_k240,0.03,106.51420517394347,3.8429515146511877e-22,0,1
L8_k240,0.03,107.00855127773936,8.128330599657824e-24,0,1
L8_k240,0.03,107.641477832215,2.0543018702160693e-23,0,1
L8_k240,0.03,108.30326869646997,3.596026134458379e-24,0,1
L8_k240,0.03,108.84869801483926,8.653296760792311e-23,0,1
L8_k240,0.03,109.1174023118028,1.0621058667233012e-22,0,1
L8_k240,0.03,109.66861120292272,3.1717116778491494e-24,0,1
L8_k240,0.03,110.14068772839173,3.978461718679031e-23,0,1
L8_k240,0.03,110.2034023554527,5.707503388345066e-23,0,1
L8_k240,0.03,110.9013731390998,1.8095569550404677e-25,0,1
L8_k240,0.03,111.4164567399975,1.5275173847374707e-26,0,1
L8_k240,0.03,112.05355876862077,3.377016651821721e-26,0,1
L8_k240,0.03,112.38711521034085,2.7962695579023106e-26,0,1
L8_k240,0.03,113.05995325002544,7.960895570675473e-27,0,1
L8_k240,0.03,113.32978888727632,9.876078425289567e-27,0,1
L8_k240,0.03,113.4716673681188,8.407331932280319e-27,0,1
L8_k240,0.03,114.45059243886897,4.0494981819738744e-27,0,1
L8_k240,0.03,114.85588065810933,2.5903632075391466e-27,0,1
L8_k240,0.03,114.96142036483036,4.445622452259549e-27,0,1
L8_k240,0.03,115.50129262732837,1.2706657452819707e-28,0,1
L8_k240,0.03,115.92623300184711,6.85517527422722e-27,0,1
L8_k240,0.03,116.1113526044778,9.080653576801537e-28,0,1
L8_k240,0.03,116.29687210973822,1.6800282175312833e-27,0,1
L8_k240,0.03,116.72140849589597,1.314568440551809e-28,0,1
L8_k240,0.03,117.06479091800567,1.4266061575342827e-27,0,1
L8_k240,0.03,117.12592578223405,5.47249290162823e-28,0,1
L8_k240,0.03,117.71564490731328,1.4429091141435612e-30,0,1
L8_k240,0.03,118.19748375172573,5.252506085362402e-32,0,1
L8_k240,0.03,118.48546806829198,1.520559870157238e-31,0,1
L8_k240,0.03,118.80239034728015,1.2595432893407318e-31,0,1
L8_k240,0.03,119.05934758387802,3.164336828612973e-32,0,1
L8_k240,0.03,119.2767181934056,3.597901865590634e-32,0,1
L8_k240,0.03,119.4580459260185,2.0688742308611e-32,0,1
L8_k240,0.03,119.85848048741894,5.424140088560831e-31,0,1
L8_k240,0.03,119.93104484213752,1.1692578723455434e-31,0,1
L8_k240,0.03,120.09643735375724,3.064606407536924e-32,0,1
L8_k240,0.03,120.21001136884112,2.1733021172730376e-32,0,1
L8_k240,0.03,120.35467245861881,6.319830804602698e-32,0,1
L8_k240,0.03,120.71360137816168,1.2794810021503928e-32,0,1
L8_k240,0.03,120.76818900263629,7.205082844161122e-33,0,1
L8_k240,0.03,121.29238304350939,4.805684905408022e-32,0,1
L8_k240,0.03,121.63451787534412,2.320814942589987e-34,0,1
L8_k240,0.03,122.12001736531832,2.468243612586019e-33,0,1
L8_k240,0.03,122.28374580807879,3.515330325858971e-33,0,1
L8_k240,0.03,122.3502908776443,1.589274639808226e-31,0,1
L8_k240,0.03,122.41945469443749,2.692821813024653e-32,0,1
L8_k240,0.03,122.53788131977447,2.2945163611262475e-32,0,1
L8_k240,0.03,122.6550498246358,1.4553815001375186e-32,0,1
L8_k240,0.03,122.89389788746612,6.857855401028249e-32,0,1
L8_k240,0.03,122.96991194433582,6.98918466245179e-32,0,1
L8_k240,0.03,123.50756840187535,7.837746166348769e-32,0,1
L8_k240,0.03,123.80727586637404,5.296955928023069e-32,0,1
L8_k240,0.03,-0.58993252066866,0.026356747271687093,0,0
L8_k240,0.03,-1.0830242781910588,0.0013895553176654144,0,0
L8_k240,0.03,-1.114420307114882,0.00013257140484349334,0,0
L8_k240,0.03,-1.1978332838820354,0.0009900535179020622,0,0
L8_k240,0.03,-1.7747781649170107,0.009907957593360772,0,0
L8_k240,0.03,-1.948549331940725,0.010989968208470575,0,0
L8_k240,0.03,-2.256964804178958,0.0010124231485161646,0,0
L8_k240,0.03,-2.3432638326782897,0.0018077084147934963,0,0
L8_k240,0.03,-2.811534812065871,3.4961986134242704e-06,0,0
L8_k240,0.03,-3.090708549365868,2.0003366293442966e-05,0,0
L8_k240,0.03,-3.1050165693187814,4.518838153360908e-06,0,0
L8_k240,0.03,-3.409570135306264,1.2218400978388287e-07,0,0
L8_k240,0.03,-3.8611274220457075,5.622693083913692e-05,0,0
L8_k240,0.03,-3.8877790535416716,0.00015389657171171447,0,0
L8_k240,0.03,-3.991320966346276,1.1716334064575994e-05,0,0
L8_k240,0.03,-4.057029983868015,0.00042920851253032546,0,0
L8_k240,0.03,-4.263318722038974,4.1887879419375206e-05,0,0
L8_k240,0.03,-4.306278816034142,0.0006848029431359874,0,0
L8_k240,0.03,-4.494281680821201,1.1033108321016147e-06,0,0
L8_k240,0.03,-4.741536548956307,0.0339732573378885,0,0
L8_k240,0.03,-4.848382277151456,0.037234837686950954,0,0
L8_k240,0.03,-5.036254808500207,0.005411103686328563,0,0
L8_k240,0.03,-5.123924990415496,0.00044537615470086305,0,0
L8_k240,0.03,-5.270131674274971,0.00058073843828516,0,0
L8_k240,0.03,-5.464325652409213,2.7225474252556373e-05,0,0
L8_k240,0.03,-6.159431166055514,0.0002137978817500601,0,0
L8_k240,0.03,-6.211772037292945,0.0025151956473964264,0,0
L8_k240,0.03,-6.2710654017748615,0.0015349765733331266,0,0
L8_k240,0.03,-6.596989572110628,4.708551176935578e-05,0,0
L8_k240,0.03,-6.9436442867370785,2.8321303362898094e-05,0,0
L8_k240,0.03,-7.117662923668807,7.172029036490493e-05,0,0
L8_k240,0.03,-7.7483911628611875,3.050078102251667e-05,0,0
L8_k240,0.03,-7.947846890322106,0.0003039272922963522,0,0
L8_k240,0.03,-8.212271882678172,0.0009206496044494757,0,0
L8_k240,0.03,-8.525422476077047,0.00016420460001568768,0,0
L8_k240,0.03,-8.866717406677797,0.0033519065652134546,0,0
L8_k240,0.03,-9.165264698587473,0.003952872297323006,0,0
L8_k240,0.03,-9.397018077545686,0.0020677231614536183,0,0
L8_k240,0.03,-9.91998283979162,0.0006493694487107923,0,0
L8_k240,0.03,-10.114423093306604,0.022281726718670555,0,0
L8_k240,0.03,-10.48940251321824,0.12061989374137512,0,0
L8_k240,0.03,-10.77862802315069,0.1059677421406235,0,0
L8_k240,0.03,-11.207585150545551,0.00032672742683112905,0,0
L8_k240,0.03,-11.594791158215383,0.0013735176364951533,0,0
L8_k240,0.03,-12.150081313216134,0.00014163333278676503,0,0
L8_k240,0.03,-12.384651490652987,0.0028370912239615072,0,0
L8_k240,0.03,-12.706396418091117,0.0019672574951209673,0,0
L8_k240,0.03,-13.450418937232445,0.0006910128808885039,0,0
L8_k240,0.03,-13.660832899520239,0.000794738752354553,0,0
L8_k240,0.03,-13.977839924142774,0.00043876017190429506,0,0
L8_k240,0.03,-14.59559097023243,3.3756348063145844e-05,0,0
L8_k240,0.03,-14.99387906662754,0.00017930622012446348,0,0
L8_k240,0.03,-15.254703214094803,5.937805711546181e-05,0,0
L8_k240,0.03,-16.060045130559423,1.1940363679660762e-05,0,0
L8_k240,0.03,-16.563238524211965,8.051726041734912e-05,0,0
L8_k240,0.03,-17.10929094133022,3.3112494529806446e-05,0,0
L8_k240,0.03,-17.475463586637986,7.937402844020275e-05,0,0
L8_k240,0.03,-18.000450386552192,2.1426878411569212e-05,0,0
L8_k240,0.03,-18.496119142855814,3.47478179871001e-05,0,0
L8_k240,0.03,-19.30349051503069,0.003575743107861382,0,0
L8_k240,0.03,-19.50163306552149,0.00046407831920351685,0,0
L8_k240,0.03,-20.616792007698656,0.02742185085378841,0,0
L8_k240,0.03,-20.795887120536523,0.030606456183967182,0,0
L8_k240,0.03,-21.181967127282874,0.0016586623716747931,0,0
L8_k240,0.03,-21.78045594702367,0.00023676158720516496,0,0
L8_k240,0.03,-22.226285172386678,0.001349110840241687,0,0
L8_k240,0.03,-22.935453681241565,0.00010362889471226991,0,0
L8_k240,0.03,-23.39206719689407,0.000508853802673652,0,0
L8_k240,0.03,-24.03387917864252,0.00011474523181370645,0,0
L8_k240,0.03,-24.604783817994207,2.411381771022422e-05,0,0
L8_k240,0.03,-25.236617021084705,0.00015080668746272888,0,0
L8_k240,0.03,-25.5465418349928,0.000155453672404677,0,0
L8_k240,0.03,-26.3918570336744,0.00020634888960468644,0,0
L8_k240,0.03,-26.67218350842637,6.067086206406404e-05,0,0
L8_k240,0.03,-27.698056927878543,2.0661421344348047e-05,0,0
L8_k240,0.03,-28.2315603059494,1.4016010472233284e-05,0,0
L8_k240,0.03,-28.880358826234303,5.9260964962651896e-05,0,0
L8_k240,0.03,-29.52854522137842,9.621276622024557e-06,0,0
L8_k240,0.03,-30.086712321924015,7.141380718680003e-05,0,0
L8_k240,0.03,-30.71398379297308,7.013184584151225e-05,0,0
L8_k240,0.03,-31.59075186436581,7.1905242095376e-05,0,0
L8_k240,0.03,-31.91092045590558,3.0539996169454956e-05,0,0
L8_k240,0.03,-32.76178245914459,3.495736776025676e-05,0,0
L8_k240,0.03,-33.17274485594811,1.098611262560123e-05,0,0
L8_k240,0.03,-34.085807375504054,3.984532497177862e-06,0,0
L8_k240,0.03,-34.94091480821298,1.585964965598903e-05,0,0
L8_k240,0.03,-35.434955136619536,6.111519428821972e-05,0,0
L8_k240,0.03,-35.9464683464612,9.331208883091958e-06,0,0
L8_k240,0.03,-36.77977790746218,2.423255863780397e-05,0,0
L8_k240,0.03,-37.14813481400826,3.0503288014394658e-05,0,0
L8_k240,0.03,-38.0469955251557,1.201531504771754e-06,0,0
L8_k240,0.03,-39.028624527694944,5.237418684835057e-07,0,0
L8_k240,0.03,-39.71494607221032,2.5576318445330647e-06,0,0
L8_k240,0.03,-40.30378318545189,3.4857505982811238e-06,0,0
L8_k240,0.03,-41.02411811035418,2.6839051401003944e-06,0,0
L8_k240,0.03,-41.67197817439938,7.768779527332879e-06,0,0
L8_k240,0.03,-42.52936110555208,3.2937324618746884e-06,0,0
L8_k240,0.03,-42.926624883113746,6.112145419505395e-06,0,0
L8_k240,0.03,-43.93382637863319,7.611634507781303e-06,0,0
L8_k240,0.03,-44.33109282673788,3.1705106516859427e-06,0,0
L8_k240,0.03,-45.55736653872915,3.3669991335137423e-06,0,0
L8_k240,0.03,-46.091054268514405,2.1789173952449332e-06,0,0
L8_k240,0.03,-46.66065828009453,7.452176875779827e-06,0,0
L8_k240,0.03,-47.204330670024376,2.0508649930316296e-06,0,0
L8_k240,0.03,-48.30066673709274,3.503251575308089e-06,0,0
L8_k240,0.03,-48.845573700984566,1.3528273374589521e-05,0,0
L8_k240,0.03,-49.32780469362954,3.7204915719820756e-06,0,0
L8_k240,0.03,-49.914548125818,3.53565405489306e-06,0,0
L8_k240,0.03,-50.54260708867395,2.0287354269945908e-07,0,0
L8_k240,0.03,-51.41425573465375,1.0685411455958169e-07,0,0
L8_k240,0.03,-52.187301490730825,5.241561264964214e-08,0,0
L8_k240,0.03,-52.97534899382201,2.1355687327275077e-08,0,0
L8_k240,0.03,-53.80171045488245,4.100010369428821e-09,0,0
L8_k240,0.03,-54.52830464979382,1.2044808451024117e-09,0,0
L8_k240,0.03,-55.55086395900496,5.912550404920224e-10,0,0
L8_k240,0.03,-56.748963932866126,1.6247245641546244e-09,0,0
L8_k240,0.03,-57.70099257457978,1.0330201577278312e-08,0,0
L8_k240,0.03,-58.559983329625545,3.8474953740342487e-07,0,0
L8_k240,0.03,-58.805346272122435,7.23440090894895e-07,0,0
L8_k240,0.03,-59.61015656730803,1.3151441901262466e-07,0,0
L8_k240,0.03,-59.945223697141614,1.9051441993501328e-06,0,0
L8_k240,0.03,-60.64555926946559,1.9433494157686275e-08,0,0
L8_k240,0.03,-61.63538676351296,1.8947881691567207e-08,0,0
L8_k240,0.03,-62.23970825986056,4.705350335318656e-09,0,0
L8_k240,0.03,-63.11352325130706,3.759407086325711e-09,0,0
L8_k240,0.03,-63.74932841580641,1.074588338764322e-09,0,0
L8_k240,0.03,-64.71031986121643,1.256435217352754e-09,0,0
L8_k240,0.03,-65.34101790828029,4.422375865080547e-10,0,0
L8_k240,0.03,-65.9128171033753,9.19261876712152e-10,0,0
L8_k240,0.03,-66.92876561809433,2.2436737614679075e-10,0,0
L8_k240,0.03,-67.9221936954685,1.9621670369104898e-10,0,0
L8_k240,0.03,-68.35422337302624,8.405925249116104e-11,0,0
L8_k240,0.03,-69.47660979946079,2.118665918101715e-10,0,0
L8_k240,0.03,-70.04180341040795,2.0303722353184494e-10,0,0
L8_k240,0.03,-70.84107923610593,2.559979565472964e-10,0,0
L8_k240,0.03,-71.45503584051984,3.467698870242977e-11,0,0
L8_k240,0.03,-72.20777632936192,6.502815365998788e-11,0,0
L8_k240,0.03,-73.13989497290686,7.2222752561913995e-12,0,0
L8_k240,0.03,-74.08277894938097,2.204541583972197e-11,0,0
L8_k240,0.03,-74.56826277228053,7.883984319895056e-11,0,0
L8_k240,0.03,-75.2513624626196,6.5998866481361845e-12,0,0
L8_k240,0.03,-76.14755558700084,1.3055953572612864e-11,0,0
L8_k240,0.03,-76.54003937775805,2.47606779977162e-11,0,0
L8_k240,0.03,-77.4927196128777,1.0605082735047534e-12,0,0
L8_k240,0.03,-78.39316938412135,3.2241480915198797e-13,0,0
L8_k240,0.03,-79.23069267840215,1.6966615586498332e-12,0,0
L8_k240,0.03,-79.63190063218629,6.332641213456543e-13,0,0
L8_k240,0.03,-80.52424379083791,7.920876398175456e-13,0,0
L8_k240,0.03,-81.00197312561528,1.5555519007573463e-13,0,0
L8_k240,0.03,-82.14506907883877,3.404574383706641e-14,0,0
L8_k240,0.03,-82.9798812013212,2.9575794108213495e-14,0,0
L8_k240,0.03,-83.51540077611799,5.222827536221392e-13,0,0
L8_k240,0.03,-84.11679157194278,2.8539286810986365e-14,0,0
L8_k240,0.03,-84.90526207484919,5.751562215616249e-14,0,0
L8_k240,0.03,-85.50225078802525,1.264971639794515e-15,0,0
L8_k240,0.03,-86.66373169130611,6.257355540909983e-16,0,0
L8_k240,0.03,-87.33902687929582,4.027893109981979e-16,0,0
L8_k240,0.03,-88.04546848254495,5.944348548583802e-16,0,0
L8_k240,0.03,-89.0397762294468,2.448140536422569e-15,0,0
L8_k240,0.03,-89.47141723361075,4.651181123502586e-15,0,0
L8_k240,0.03,-90.13976257016485,1.9018870414926864e-16,0,0
L8_k240,0.03,-91.04456684316622,5.56979014331608e-16,0,0
L8_k240,0.03,-91.43379468697546,3.5400459670375594e-16,0,0
L8_k240,0.03,-92.24966851006783,4.011664192361793e-16,0,0
L8_k240,0.03,-92.71026343734756,7.844363778859821e-17,0,0
L8_k240,0.03,-93.53966578977635,1.3636383689677188e-17,0,0
L8_k240,0.03,-94.36790541978249,4.162495137862459e-18,0,0
L8_k240,0.03,-95.25767127324161,2.7303998614653143e-17,0,0
L8_k240,0.03,-95.90633548229617,2.5953506421994325e-17,0,0
L8_k240,0.03,-96.32479191965776,2.826560209704148e-17,0,0
L8_k240,0.03,-97.0354407947198,1.851560294243061e-17,0,0
L8_k240,0.03,-97.39609250060764,9.07792468311554e-18,0,0
L8_k240,0.03,-98.20853117661201,7.210203104428022e-18,0,0
L8_k240,0.03,-99.13816811353895,3.9650827026577145e-19,0,0
L8_k240,0.03,-99.63438127722301,4.1186998896227363e-19,0,0
L8_k240,0.03,-100.39031737819106,6.827315615189043e-19,0,0
L8_k240,0.03,-100.9349846727299,1.7314552344246183e-18,0,0
L8_k240,0.03,-101.36436813767338,9.765745865374783e-19,0,0
L8_k240,0.03,-102.12583021686446,3.4960324252034114e-18,0,0
L8_k240,0.03,-102.55637663638399,2.553704165017844e-19,0,0
L8_k240,0.03,-102.98824029601303,9.340596463263971e-20,0,0
L8_k240,0.03,-103.79871471617182,4.107259840588498e-20,0,0
L8_k240,0.03,-104.44073712028407,1.4224435734261073e-20,0,0
L8_k240,0.03,-104.94995724151666,9.465256839014827e-21,0,0
L8_k240,0.03,-105.45997093028231,6.5592012125893435e-21,0,0
L8_k240,0.03,-106.27278268367954,5.172200420105696e-22,0,0
L8_k240,0.03,-106.64638288507261,5.51970833607872e-22,0,0
L8_k240,0.03,-107.40447618554143,1.003734522304728e-21,0,0
L8_k240,0.03,-107.75615397341838,6.468881221332544e-22,0,0
L8_k240,0.03,-108.36007708383973,3.4745117460288504e-22,0,0
L8_k240,0.03,-108.8167133251695,1.7740479907567366e-21,0,0
L8_k240,0.03,-109.13162104003737,1.8570853593265615e-22,0,0
L8_k240,0.03,-109.88233638475117,1.6360443236651503e-22,0,0
L8_k240,0.03,-110.14176640680714,9.182037927983321e-23,0,0
L8_k240,0.03,-110.92564865329207,1.0943555507664327e-24,0,0
L8_k240,0.03,-111.5154242289022,1.9846203033715788e-25,0,0
L8_k240,0.03,-112.14086076996759,1.853627205726934e-24,0,0
L8_k240,0.03,-112.61642177281583,8.602657337278683e-23,0,0
L8_k240,0.03,-112.80552612999773,5.1039960989319966e-23,0,0
L8_k240,0.03,-113.17683990693376,1.6432660845790869e-24,0,0
L8_k240,0.03,-113.42224135773465,5.774935232855019e-25,0,0
L8_k240,0.03,-114.30522815310952,3.876693103828988e-26,0,0
L8_k240,0.03,-114.83475198627445,7.990804767244471e-27,0,0
L8_k240,0.03,-114.99968880814605,1.7629462244004074e-26,0,0
L8_k240,0.03,-115.8522135025478,6.993905631469124e-27,0,0
L8_k240,0.03,-116.01643351642932,2.825218442096513e-27,0,0
L8_k240,0.03,-116.35817887810981,6.2736595779665854e-27,0,0
L8_k240,0.03,-116.8438493580225,7.001292805789156e-28,0,0
L8_k240,0.03,-117.09591870059614,9.336749656407443e-28,0,0
L8_k240,0.03,-117.47851493055083,1.4430308880442194e-27,0,0
L8_k240,0.03,-117.6142882278136,2.313743065831223e-28,0,0
L8_k240,0.03,-118.3006240582608,1.5909412888102762e-31,0,0
L8_k240,0.03,-118.78060199641364,7.130301217895324e-32,0,0
L8_k240,0.03,-119.17701564581087,8.687154440124699e-32,0,0
L8_k240,0.03,-119.58864979636219,6.938616638717607e-32,0,0
L8_k240,0.03,-119.90068779569788,1.4307161552226438e-31,0,0
L8_k240,0.03,-120.19647359202958,5.610021408134312e-32,0,0
L8_k240,0.03,-120.50982775789342,3.478473108239689e-32,0,0
L8_k240,0.03,-120.72397205714155,4.8995573921775606e-32,0,0
L8_k240,0.03,-121.14446297060329,2.463554637955354e-33,0,0
L8_k240,0.03,-121.33738892175033,2.797343556451153e-32,0,0
L8_k240,0.03,-121.49405457016158,4.8412063214136e-33,0,0
L8_k240,0.03,-121.79314605773564,2.6751569158080315e-32,0,0
L8_k240,0.03,-122.21704440990237,1.6608966776289245e-33,0,0
L8_k240,0.03,-122.33357666485239,8.407047637739256e-32,0,0
L8_k240,0.03,-122.46790753712978,2.0349812531707813e-32,0,0
L8_k240,0.03,-122.5652941922519,2.936200759465806e-32,0,0
L8_k240,0.03,-122.66590937671376,7.324610896438113e-32,0,0
L8_k240,0.03,-122.89443662732363,4.479920634166953e-33,0,0
L8_k240,0.03,-122.9650890089799,3.6709027153875812e-34,0,0
L8_k240,0.03,-123.25432937193752,3.1900350998372806e-32,0,0
L8_k240,0.03,-123.48128299936236,2.3353471800558165e-32,0,0
L8_k240,0.03,-123.50756652857493,1.0021978167831471e-32,0,0
L8_k240,0.03,-123.58966024581672,6.974167310563369e-32,0,0
L8_k240,0.03,-123.69856945762767,3.602301662595662e-32,0,0
L8_k240,0.03,-123.80727586549233,1.873623756860922e-33,0,0
L8_k240,0.03,-123.83082827776606,6.783856969713831e-33,0,0
L8_k240,0.03,-123.93524948882715,1.3840625582782704e-32,0,0
L8_k240,0.03,-125.48025539061356,3.0341586276050032e-33,0,0
L8_k240,0.03,-126.11607833818127,2.3427311318194563e-32,0,0
L8_k240,0.03,0.589932520668653,0.026356747271688012,1,1
L8_k240,0.03,1.0830242781910664,0.0013895553176651208,1,1
L8_k240,0.03,1.1144203071149283,0.0001325714048433281,1,1
L8_k240,0.03,1.197833283882032,0.0009900535179019915,1,1
L8_k240,0.03,1.7747781649170054,0.009907957593363645,1,1
L8_k240,0.03,1.9485493319407148,0.010989968208469416,1,1
L8_k240,0.03,2.2569648041789576,0.0010124231485163216,1,1
L8_k240,0.03,2.3432638326782826,0.001807708414794152,1,1
L8_k240,0.03,2.811534812065843,3.496198613417724e-06,1,1
L8_k240,0.03,3.0907085493658757,2.0003366293440618e-05,1,1
L8_k240,0.03,3.105016569318778,4.5188381533767734e-06,1,1
L8_k240,0.03,3.409570135306377,1.221840097839493e-07,1,1
L8_k240,0.03,3.861127463898466,5.62272211829211e-05,1,1
L8_k240,0.03,3.887779114294264,0.00015389638971379557,1,1
L8_k240,0.03,3.9913250126149533,1.1717650447439943e-05,1,1
L8_k240,0.03,4.057030167516254,0.00042920742190372823,1,1
L8_k240,0.03,4.26335523584436,4.1965957795460926e-05,1,1
L8_k240,0.03,4.306281983400961,0.0006847274461842924,1,1
L8_k240,0.03,4.494790277810354,1.1037305992399774e-06,1,1
L8_k240,0.03,4.741536760141835,0.03397342014741337,1,1
L8_k240,0.03,4.84838288021189,0.03723481744654539,1,1
L8_k240,0.03,5.036271627642887,0.005412739024108673,1,1
L8_k240,0.03,5.124170009879519,0.0004438949691170134,1,1
L8_k240,0.03,5.27016503604251,0.0005804613129858654,1,1
L8_k240,0.03,5.464379323189427,2.720284042256674e-05,1,1
L8_k240,0.03,6.161225512647037,0.00023838229828182663,1,1
L8_k240,0.03,6.21250683471728,0.002517482184534094,1,1
L8_k240,0.03,6.271472209889163,0.0015081571428107242,1,1
L8_k240,0.03,6.597182546822592,4.705167803189354e-05,1,1
L8_k240,0.03,6.944006675346978,2.8378019094470303e-05,1,1
L8_k240,0.03,7.117755471869693,7.164837046542729e-05,1,1
L8_k240,0.03,7.749080351798485,3.078747008186172e-05,1,1
L8_k240,0.03,7.948143822273545,0.0003040716277960421,1,1
L8_k240,0.03,8.212410265740383,0.0009206575808311737,1,1
L8_k240,0.03,8.526422042375046,0.00016436125266369698,1,1
L8_k240,0.03,8.866815651910402,0.0033529610712037653,1,1
L8_k240,0.03,9.16545052031743,0.003954968592313141,1,1
L8_k240,0.03,9.397278268175189,0.002064492001590992,1,1
L8_k240,0.03,9.92170142911387,0.0006601359693449323,1,1
L8_k240,0.03,10.114501083702528,0.022273159181314624,1,1
L8_k240,0.03,10.489411339969942,0.12062090672587855,1,1
L8_k240,0.03,10.778634672906625,0.1059648802228141,1,1
L8_k240,0.03,11.208559793683145,0.0003265962295159389,1,1
L8_k240,0.03,11.594953122584785,0.0013731333405457738,1,1
L8_k240,0.03,12.155215534976934,0.0001473457755873832,1,1
L8_k240,0.03,12.385074055062741,0.0028332132745634278,1,1
L8_k240,0.03,12.706567415884955,0.001965226717826765,1,1
L8_k240,0.03,13.451584122905192,0.0006992829495616372,1,1
L8_k240,0.03,13.66284741188493,0.0007893196976619272,1,1
L8_k240,0.03,13.978897783567108,0.00043598526661899127,1,1
L8_k240,0.03,14.601168025308418,3.41956926441978e-05,1,1
L8_k240,0.03,14.995785569116139,0.00017991620468274283,1,1
L8_k240,0.03,15.257179607814724,5.8119097828909535e-05,1,1
L8_k240,0.03,16.061934667553363,1.1982138295009711e-05,1,1
L8_k240,0.03,16.56374508118003,8.054783249620796e-05,1,1
L8_k240,0.03,17.112230729857693,3.3405700685640995e-05,1,1
L8_k240,0.03,17.476900373069956,7.913015535444091e-05,1,1
L8_k240,0.03,18.003462605960962,2.1391093484665175e-05,1,1
L8_k240,0.03,18.49717825857722,3.4672976640000056e-05,1,1
L8_k240,0.03,19.303538874534457,0.0035773038751586495,1,1
L8_k240,0.03,19.50200669207844,0.00046251410048718815,1,1
L8_k240,0.03,20.616845904163128,0.027443066981862642,1,1
L8_k240,0.03,20.79599903351236,0.030590148666235616,1,1
L8_k240,0.03,21.182650280411703,0.001654655465615321,1,1
L8_k240,0.03,21.782811256809627,0.00023708531934624994,1,1
L8_k240,0.03,22.226553895510698,0.0013481407991087376,1,1
L8_k240,0.03,22.938151420962683,0.00010414461527997462,1,1
L8_k240,0.03,23.392635247131725,0.0005083697834847465,1,1
L8_k240,0.03,24.035737252091348,0.00011483724005259478,1,1
L8_k240,0.03,24.61521384951407,2.4163348070816234e-05,1,1
L8_k240,0.03,25.240582951972822,0.00015303429535840996,1,1
L8_k240,0.03,25.54945414808973,0.00015290625177558133,1,1
L8_k240,0.03,26.393048754677842,0.00020744341746838937,1,1
L8_k240,0.03,26.674976966433512,5.945922780831617e-05,1,1
L8_k240,0.03,27.699792517029785,2.074420016723397e-05,1,1
L8_k240,0.03,28.235623901360448,1.3993472759050769e-05,1,1
L8_k240,0.03,28.8812889760816,5.926909982722273e-05,1,1
L8_k240,0.03,29.535945861362606,9.677571925334846e-06,1,1
L8_k240,0.03,30.087694997028155,7.135452103812044e-05,1,1
L8_k240,0.03,30.714566676685397,7.008311891025754e-05,1,1
L8_k240,0.03,31.5923882192303,7.249467790349071e-05,1,1
L8_k240,0.03,31.915036071175432,2.9960937136192253e-05,1,1
L8_k240,0.03,32.763567736190815,3.510130663894399e-05,1,1
L8_k240,0.03,33.1767928357282,1.080759193392599e-05,1,1
L8_k240,0.03,34.088943387531195,3.987938246871485e-06,1,1
L8_k240,0.03,34.94357063275756,1.599886214943827e-05,1,1
L8_k240,0.03,35.43642619763907,6.112328278664664e-05,1,1
L8_k240,0.03,35.95235307496649,9.20242559625152e-06,1,1
L8_k240,0.03,36.78192703580154,2.4380332339986132e-05,1,1
L8_k240,0.03,37.14926975469406,3.032645243527738e-05,1,1
L8_k240,0.03,38.05045232107616,1.197285319559048e-06,1,1
L8_k240,0.03,39.0393015014082,5.342906473540399e-07,1,1
L8_k240,0.03,39.72074682620662,2.577577267575511e-06,1,1
L8_k240,0.03,40.30915114423607,3.4750577069643424e-06,1,1
L8_k240,0.03,41.030658304863636,2.6891521811647696e-06,1,1
L8_k240,0.03,41.673937042441786,7.756071943520385e-06,1,1
L8_k240,0.03,42.538395168210045,3.391006682622765e-06,1,1
L8_k240,0.03,42.93091118058101,6.007893088369955e-06,1,1
L8_k240,0.03,43.93608986782579,7.665231972097039e-06,1,1
L8_k240,0.03,44.335369033220545,3.111325056469266e-06,1,1
L8_k240,0.03,45.56101835229248,3.4126846723694536e-06,1,1
L8_k240,0.03,46.10824758990943,2.20963832330111e-06,1,1
L8_k240,0.03,46.66629386857797,7.43390042159094e-06,1,1
L8_k240,0.03,47.21312351889991,1.996357892277639e-06,1,1
L8_k240,0.03,48.306059589572634,3.5652106275154347e-06,1,1
L8_k240,0.03,48.84961459510064,1.3591556953684082e-05,1,1
L8_k240,0.03,49.34086612722778,3.63785885592937e-06,1,1
L8_k240,0.03,49.91925528296057,3.498153878037139e-06,1,1
L8_k240,0.03,50.55996529676344,1.9237292035031708e-07,1,1
L8_k240,0.03,51.42027338884645,1.0614852677162992e-07,1,1
L8_k240,0.03,52.192280388733465,5.209849990809866e-08,1,1
L8_k240,0.03,52.98012820031176,2.1230945391343733e-08,1,1
L8_k240,0.03,53.812688873500214,4.067184690946315e-09,1,1
L8_k240,0.03,54.54208182504832,1.1689957705643133e-09,1,1
L8_k240,0.03,55.55823511445501,5.878081980120147e-10,1,1
L8_k240,0.03,56.75313770183548,1.6357933235133739e-09,1,1
L8_k240,0.03,57.705357132451354,1.0453964620168694e-08,1,1
L8_k240,0.03,58.56447671345552,4.0028252118886317e-07,1,1
L8_k240,0.03,58.80907621807018,7.090430368292322e-07,1,1
L8_k240,0.03,59.62683564065126,1.4033242245468216e-07,1,1
L8_k240,0.03,59.94617719634863,1.8956204754900509e-06,1,1
L8_k240,0.03,60.65472904708895,1.8927525839413856e-08,1,1
L8_k240,0.03,61.63874568106716,1.8999874644309664e-08,1,1
L8_k240,0.03,62.24956587720301,4.620136924814145e-09,1,1
L8_k240,0.03,63.11985858828347,3.766158021683765e-09,1,1
L8_k240,0.03,63.76287005773704,1.0471487732362378e-09,1,1
L8_k240,0.03,64.71790275474186,1.267079212263134e-09,1,1
L8_k240,0.03,65.36662266270149,4.3922028141061624e-10,1,1
L8_k240,0.03,65.91749934068096,9.046741818756921e-10,1,1
L8_k240,0.03,66.93239809727687,2.2399995700127737e-10,1,1
L8_k240,0.03,67.93086352016734,2.0131226695364066e-10,1,1
L8_k240,0.03,68.37233180143883,7.862972567206736e-11,1,1
L8_k240,0.03,69.48041653352506,2.1361303012746365e-10,1,1
L8_k240,0.03,70.04680298370977,2.0177260786555857e-10,1,1
L8_k240,0.03,70.84393644250918,2.56265674367729e-10,1,1
L8_k240,0.03,71.46946830584942,3.387498671960636e-11,1,1
L8_k240,0.03,72.21025098291587,6.475367179288346e-11,1,1
L8_k240,0.03,73.15036625295555,7.217464037555518e-12,1,1
L8_k240,0.03,74.09170535141678,2.26317242303415e-11,1,1
L8_k240,0.03,74.57153410435832,7.838854019730122e-11,1,1
L8_k240,0.03,75.26635336787416,6.448254658209976e-12,1,1
L8_k240,0.03,76.15558047816609,1.3331065735781916e-11,1,1
L8_k240,0.03,76.54274943781503,2.442762098085519e-11,1,1
L8_k240,0.03,77.4993355471261,1.0536962825017922e-12,1,1
L8_k240,0.03,78.40860900238489,3.2408444891817535e-13,1,1
L8_k240,0.03,79.23801069938536,1.7333249267792816e-12,1,1
L8_k240,0.03,79.64847817473802,5.929973207926552e-13,1,1
L8_k240,0.03,80.52797966289054,7.94388959937047e-13,1,1
L8_k240,0.03,81.01013685944355,1.499783531564518e-13,1,1
L8_k240,0.03,82.15114604859066,3.416129332608073e-14,1,1
L8_k240,0.03,82.99558464706973,3.05632863002891e-14,1,1
L8_k240,0.03,83.51650605508101,5.216319314163748e-13,1,1
L8_k240,0.03,84.1246017027771,2.8020720883624162e-14,1,1
L8_k240,0.03,84.90644134399749,5.746417993124717e-14,1,1
L8_k240,0.03,85.518348728113,1.1959847533988475e-15,1,1
L8_k240,0.03,86.67313096315529,6.32973669195192e-16,1,1
L8_k240,0.03,87.35768654568864,4.0058055853375266e-16,1,1
L8_k240,0.03,88.05345155908026,5.888676701766145e-16,1,1
L8_k240,0.03,89.04398091041897,2.4858447573401236e-15,1,1
L8_k240,0.03,89.47435807744907,4.620647688643992e-15,1,1
L8_k240,0.03,90.16522870465789,1.82911946847112e-16,1,1
L8_k240,0.03,91.05665702875399,5.793387821864467e-16,1,1
L8_k240,0.03,91.451857615537,3.3079440595059326e-16,1,1
L8_k240,0.03,92.25522416436209,4.03142720469099e-16,1,1
L8_k240,0.03,92.72473590321675,7.407205478086884e-17,1,1
L8_k240,0.03,93.55132298442855,1.3406216598287429e-17,1,1
L8_k240,0.03,94.38510016806899,4.126078467775391e-18,1,1
L8_k240,0.03,95.26169939742822,2.7508554521294983e-17,1,1
L8_k240,0.03,95.92005209467118,2.690178773592338e-17,1,1
L8_k240,0.03,96.33761521655106,2.730757896567729e-17,1,1
L8_k240,0.03,97.04817086148695,1.895823654065494e-17,1,1
L8_k240,0.03,97.40978155591013,8.39053524461842e-18,1,1
L8_k240,0.03,98.20981900434083,7.19216980343654e-18,1,1
L8_k240,0.03,99.15902885815574,4.1608743074361918e-19,1,1
L8_k240,0.03,99.6590066794278,3.964671969813629e-19,1,1
L8_k240,0.03,100.40475603775042,6.985622312157594e-19,1,1
L8_k240,0.03,100.94460159928357,1.745694314361253e-18,1,1
L8_k240,0.03,101.37464070722847,9.424247497261452e-19,1,1
L8_k240,0.03,102.12733320078178,3.5056399416224924e-18,1,1
L8_k240,0.03,102.57741280492755,2.4793100397150244e-19,1,1
L8_k240,0.03,103.00376585920984,8.612965848522708e-20,1,1
L8_k240,0.03,103.80319045272076,4.0977734007644753e-20,1,1
L8_k240,0.03,104.45150428551113,1.4282443640422646e-20,1,1
L8_k240,0.03,104.96204490610262,9.31146675867306e-21,1,1
L8_k240,0.03,105.46559829294117,6.4343555464022086e-21,1,1
L8_k240,0.03,106.31637071414454,5.908834386212319e-22,1,1
L8_k240,0.03,106.6874735609041,4.734547425003371e-22,1,1
L8_k240,0.03,107.41970330511343,1.053817607346533e-21,1,1
L8_k240,0.03,107.78006439220468,5.965317598516986e-22,1,1
L8_k240,0.03,108.38038387740762,3.5217256414926736e-22,1,1
L8_k240,0.03,108.8207873946644,1.7754916535841377e-21,1,1
L8_k240,0.03,109.14553210283103,1.680362762861117e-22,1,1
L8_k240,0.03,109.88508208219928,1.6505609058029486e-22,1,1
L8_k240,0.03,110.1441147471755,8.989375910273691e-23,1,1
L8_k240,0.03,110.93481370695076,1.0861364842084873e-24,1,1
L8_k240,0.03,111.55047905951291,1.9746536000891336e-25,1,1
L8_k240,0.03,112.14807085327695,1.893919261143367e-24,1,1
L8_k240,0.03,112.61756563199421,8.687832609108397e-23,1,1
L8_k240,0.03,112.8076816930373,5.023060194985685e-23,1,1
L8_k240,0.03,113.19026048301463,1.5951665927037721e-24,1,1
L8_k240,0.03,113.42851145625743,5.312161316242642e-25,1,1
L8_k240,0.03,114.3064328867324,3.872542904581383e-26,1,1
L8_k240,0.03,114.85217329955205,9.280981517825032e-27,1,1
L8_k240,0.03,115.00547643440932,1.6282156918161215e-26,1,1
L8_k240,0.03,115.85760761388285,7.44872818606559e-27,1,1
L8_k240,0.03,116.03824374817141,2.424298259720991e-27,1,1
L8_k240,0.03,116.35982862682553,6.209048806377457e-27,1,1
L8_k240,0.03,116.84777330916779,7.050352643614965e-28,1,1
L8_k240,0.03,117.09714163839519,9.237431655747607e-28,1,1
L8_k240,0.03,117.47820021308661,1.4392117980616565e-27,1,1
L8_k240,0.03,117.6128445417846,2.40773486052706e-28,1,1
L8_k240,0.03,118.33285580025405,1.1585035735484812e-31,1,1
L8_k240,0.03,118.80942537209023,1.0086624189937106e-31,1,1
L8_k240,0.03,119.18532124816598,9.507804425105598e-32,1,1
L8_k240,0.03,119.63195609705264,4.1563412204998825e-32,1,1
L8_k240,0.03,119.86146637523741,4.05451959731128e-31,1,1
L8_k240,0.03,120.20606305155236,8.476775434026808e-32,1,1
L8_k240,0.03,120.44384764117993,1.8341497584731522e-32,1,1
L8_k240,0.03,120.70244521340516,5.430987141243918e-32,1,1
L8_k240,0.03,121.22026164540245,8.221768297443636e-33,1,1
L8_k240,0.03,121.37163778938887,1.7264173175077607e-32,1,1
L8_k240,0.03,121.53853212427111,4.958619561743757e-33,1,1
L8_k240,0.03,121.79758016635537,2.1635025248094585e-32,1,1
L8_k240,0.03,122.27718879889763,1.5641310575766982e-32,1,1
L8_k240,0.03,122.34883760648887,2.483050750024043e-31,1,1
L8_k240,0.03,122.48046172297006,5.398406300257697e-32,1,1
L8_k240,0.03,122.64797240205337,8.588891093638267e-32,1,1
L8_k240,0.03,122.73810121985423,2.800179494065763e-32,1,1
L8_k240,0.03,122.89278782509687,2.1209477310119207e-32,1,1
L8_k240,0.03,122.96959542535583,2.369791680156347e-32,1,1
L8_k240,0.03,123.25432918385634,3.0497608602271345e-32,1,1
L8_k240,0.03,123.48128285950878,5.229706923076968e-32,1,1
L8_k240,0.03,123.5075679290512,1.0581150238492736e-31,1,1
L8_k240,0.03,123.58965983678263,4.017594798709515e-33,1,1
L8_k240,0.03,123.69856945703765,3.5435961190221737e-32,1,1
L8_k240,0.03,123.80727585475859,2.18020996778708e-34,1,1
L8_k240,0.03,123.83082827731369,1.1562880593845148e-33,1,1
L8_k240,0.03,123.93524948882715,2.937881887442311e-32,1,1
L8_k240,0.03,125.4802553906136,3.691177296020589e-33,1,1
L8_k240,0.03,126.11607833818125,1.2299477446308299e-32,1,1
L8_k240,0.03,-1.1144203071148993,0.00026514280968647244,1,0
L8_k240,0.03,-1.1978332838820325,0.001980107035804325,1,0
L8_k240,0.03,-2.2569648041789514,0.00202484629703114,1,0
L8_k240,0.03,-2.34326383267828,0.003615416829587158,1,0
L8_k240,0.03,-3.105016569318674,9.03767630686903e-06,1,0
L8_k240,0.03,-3.409570135282892,2.443680194463409e-07,1,0
L8_k240,0.03,-3.8749945331677758,2.6100723923515246e-07,1,0
L8_k240,0.03,-3.8899032009058905,6.712714932544675e-07,1,0
L8_k240,0.03,-4.233303767719764,1.991126752082515e-05,1,0
L8_k240,0.03,-4.329005502587299,8.432247850383522e-06,1,0
L8_k240,0.03,-4.344313746036362,1.6199461735442772e-06,1,0
L8_k240,0.03,-4.545463159091093,9.298446505369386e-07,1,0
L8_k240,0.03,-4.556163383821529,2.12390542438278e-08,1,0
L8_k240,0.03,-4.635053595514057,3.128124463106768e-08,1,0
L8_k240,0.03,-4.963034759586505,4.4206095900478456e-08,1,0
L8_k240,0.03,-5.056638145043631,1.6053530166999145e-07,1,0
L8_k240,0.03,-5.433287243014432,3.7291716919179526e-06,1,0
L8_k240,0.03,-5.4623736818468664,1.7488157812101965e-05,1,0
L8_k240,0.03,-5.5441596472765875,4.53586151365917e-06,1,0
L8_k240,0.03,-5.685361257039189,3.4333083408091065e-07,1,0
L8_k240,0.03,-6.195988553596875,0.003895677664345745,1,0
L8_k240,0.03,-6.258910316681082,0.004603914104672489,1,0
L8_k240,0.03,-6.558729466210677,8.126657580771948e-05,1,0
L8_k240,0.03,-6.651931900222338,1.9982219102267287e-05,1,0
L8_k240,0.03,-6.807216378382322,9.548929381565787e-06,1,0
L8_k240,0.03,-6.927082995188049,3.046295023017537e-05,1,0
L8_k240,0.03,-7.081944311160375,2.848451994596637e-05,1,0
L8_k240,0.03,-7.566300028676319,1.9847027047551564e-06,1,0
L8_k240,0.03,-7.902204268245426,1.5828262989663848e-05,1,0
L8_k240,0.03,-8.064735868708155,0.00011809194526378885,1,0
L8_k240,0.03,-8.24071426858705,3.2304592255347156e-05,1,0
L8_k240,0.03,-8.438574693540597,1.5806581396951935e-05,1,0
L8_k240,0.03,-8.893395181418223,9.923148349326277e-06,1,0
L8_k240,0.03,-9.110224548533314,8.38733139612508e-06,1,0
L8_k240,0.03,-9.411321587263082,0.0001220993253782646,1,0
L8_k240,0.03,-9.582083365015624,1.0358823804770075e-05,1,0
L8_k240,0.03,-10.313720764647236,1.4521952613433295e-05,1,0
L8_k240,0.03,-10.434391886328905,3.236777155757913e-05,1,0
L8_k240,0.03,-10.597078509580356,1.0850318679531299e-05,1,0
L8_k240,0.03,-11.281706789793827,6.301623780995909e-07,1,0
L8_k240,0.03,-11.62729167196613,9.873119484550731e-06,1,0
L8_k240,0.03,-12.263702090057393,5.095899316701715e-06,1,0
L8_k240,0.03,-12.579392106706942,8.889954066061329e-05,1,0
L8_k240,0.03,-12.776468472901923,9.179153424640206e-05,1,0
L8_k240,0.03,-13.212035065869527,2.7641293634468376e-05,1,0
L8_k240,0.03,-13.664727299077287,0.00025119211495459274,1,0
L8_k240,0.03,-13.890978946339738,0.00026925196217864034,1,0
L8_k240,0.03,-14.236690008353538,7.811173887013673e-05,1,0
L8_k240,0.03,-14.85339840460468,0.00011004568894810815,1,0
L8_k240,0.03,-15.103197627275154,0.00016668596988591666,1,0
L8_k240,0.03,-15.461674711123678,4.308415524584311e-06,1,0
L8_k240,0.03,-15.985792180116315,8.663759102299313e-06,1,0
L8_k240,0.03,-16.81736033523342,4.622618062459833e-06,1,0
L8_k240,0.03,-17.23255039730169,6.093438366813221e-05,1,0
L8_k240,0.03,-17.56347365904502,8.648745746056647e-05,1,0
L8_k240,0.03,-17.993369434484922,3.234180267987245e-05,1,0
L8_k240,0.03,-18.47699980323294,5.5455381369134884e-05,1,0
L8_k240,0.03,-19.296193362784265,0.006454672057451609,1,0
L8_k240,0.03,-19.43016339248594,0.001452673275005815,1,0
L8_k240,0.03,-19.69124345425234,7.072378726123361e-05,1,0
L8_k240,0.03,-20.56909788735341,5.462217508330331e-06,1,0
L8_k240,0.03,-21.101830221575607,1.5547130705931157e-05,1,0
L8_k240,0.03,-21.66309780956485,5.395608554802843e-06,1,0
L8_k240,0.03,-22.226689478359866,0.00010681685985459473,1,0
L8_k240,0.03,-22.580994728290488,9.997295543254066e-05,1,0
L8_k240,0.03,-23.167851128320287,3.3330066686221996e-05,1,0
L8_k240,0.03,-23.695658812109738,1.8577277829693664e-05,1,0
L8_k240,0.03,-24.106835240875608,7.810001399552374e-05,1,0
L8_k240,0.03,-25.043333719453123,5.6565673099771454e-05,1,0
L8_k240,0.03,-25.349137249123313,3.61935461853904e-05,1,0
L8_k240,0.03,-26.0404452505359,9.959240028816958e-06,1,0
L8_k240,0.03,-26.52633046717789,2.2087875660819795e-05,1,0
L8_k240,0.03,-27.225128421073222,1.0215876991990098e-05,1,0
L8_k240,0.03,-27.783062226417684,3.562364961657681e-05,1,0
L8_k240,0.03,-28.153465879671057,1.0917267885884217e-05,1,0
L8_k240,0.03,-28.940866678614665,7.767174295102645e-05,1,0
L8_k240,0.03,-29.35977460075217,5.14171838032088e-06,1,0
L8_k240,0.03,-30.29325860217562,1.4376197563477485e-05,1,0
L8_k240,0.03,-30.731771881580176,3.96307792569222e-05,1,0
L8_k240,0.03,-31.499212608197176,1.9710489700391565e-05,1,0
L8_k240,0.03,-31.82038299853079,1.9104466345519285e-05,1,0
L8_k240,0.03,-32.79029910166332,4.419104781742586e-05,1,0
L8_k240,0.03,-33.09558391466415,1.5261389104948662e-05,1,0
L8_k240,0.03,-33.95965672593746,3.1667224348669738e-06,1,0
L8_k240,0.03,-34.68174681564159,5.357761105315678e-06,1,0
L8_k240,0.03,-35.16964107880747,3.0873303054792484e-05,1,0
L8_k240,0.03,-35.68180097335682,4.802545208114862e-06,1,0
L8_k240,0.03,-36.40885099733097,1.9370689239887107e-06,1,0
L8_k240,0.03,-37.038997323640224,2.092637001514544e-05,1,0
L8_k240,0.03,-37.655812581521246,7.076077113352955e-07,1,0
L8_k240,0.03,-38.302480826123684,6.365668807866753e-07,1,0
L8_k240,0.03,-39.39792863281028,1.8895225697738346e-06,1,0
L8_k240,0.03,-40.04582320126742,4.61313848160634e-07,1,0
L8_k240,0.03,-40.556865415054276,4.3397781032784115e-06,1,0
L8_k240,0.03,-41.56466540850237,3.6825538845695065e-06,1,0
L8_k240,0.03,-41.791688220630185,6.246939022174369e-06,1,0
L8_k240,0.03,-42.668491721791895,7.980734327734714e-06,1,0
L8_k240,0.03,-43.3904927515747,4.575062820108958e-07,1,0
L8_k240,0.03,-43.841977331371794,2.0437577653699965e-06,1,0
L8_k240,0.03,-44.95508767432184,2.536802156282039e-07,1,0
L8_k240,0.03,-45.628100915856834,7.589942990205576e-06,1,0
L8_k240,0.03,-46.37672620711325,6.777746574070013e-06,1,0
L8_k240,0.03,-46.62990881558753,2.5965957028206167e-06,1,0
L8_k240,0.03,-47.62058630596264,4.3090433010313517e-07,1,0
L8_k240,0.03,-48.17618924770324,2.0710217697324644e-07,1,0
L8_k240,0.03,-48.89677084152574,4.1303645903702155e-07,1,0
L8_k240,0.03,-49.69217530183575,5.708421511160315e-06,1,0
L8_k240,0.03,-50.06707120493256,3.6130152605262068e-06,1,0
L8_k240,0.03,-50.96560078881833,1.468193748636858e-07,1,0
L8_k240,0.03,-51.46031802930273,1.1215734605810109e-07,1,0
L8_k240,0.03,-52.296078702398724,5.480186205576541e-08,1,0
L8_k240,0.03,-53.07578422622413,1.3259798509962606e-08,1,0
L8_k240,0.03,-53.86379119036245,3.3517982482947616e-09,1,0
L8_k240,0.03,-54.46598381696129,1.6192401216212823e-09,1,0
L8_k240,0.03,-55.5573155455386,3.1139856070097464e-10,1,0
L8_k240,0.03,-56.76053076561245,1.8861244932915713e-09,1,0
L8_k240,0.03,-57.610550941412455,8.879031561303227e-09,1,0
L8_k240,0.03,-58.307291936114865,5.965679227541614e-08,1,0
L8_k240,0.03,-58.67378462905956,1.6179600506348302e-06,1,0
L8_k240,0.03,-58.92187877232323,5.021049076059431e-07,1,0
L8_k240,0.03,-59.93669826243772,2.53837114309087e-09,1,0
L8_k240,0.03,-60.70566022660114,5.1540365180789135e-09,1,0
L8_k240,0.03,-61.608082820977295,3.805389120791161e-09,1,0
L8_k240,0.03,-62.11898524623107,1.7319734298350971e-09,1,0
L8_k240,0.03,-62.83803508952144,1.3257040552967445e-09,1,0
L8_k240,0.03,-63.40642204690908,5.822708479198538e-10,1,0
L8_k240,0.03,-64.3827569616655,5.858486537794228e-10,1,0
L8_k240,0.03,-65.13548733683827,1.8152391925534758e-10,1,0
L8_k240,0.03,-65.90939123136008,2.2362815909680105e-10,1,0
L8_k240,0.03,-66.72173357615361,1.0110487132952026e-10,1,0
L8_k240,0.03,-67.18640404275445,1.139883971517475e-10,1,0
L8_k240,0.03,-68.18296482698345,2.2383398220200875e-10,1,0
L8_k240,0.03,-69.38630177728949,4.662932332157151e-11,1,0
L8_k240,0.03,-69.9050894412261,1.1800186913743008e-10,1,0
L8_k240,0.03,-70.4226255559187,7.626149334753999e-11,1,0
L8_k240,0.03,-71.01678295649866,9.166141068221996e-11,1,0
L8_k240,0.03,-72.10031575625796,8.186127088562395e-11,1,0
L8_k240,0.03,-72.5005629758543,2.0287853544584156e-11,1,0
L8_k240,0.03,-73.51586067096692,8.646691217482474e-12,1,0
L8_k240,0.03,-74.29776536891279,4.449461616036935e-11,1,0
L8_k240,0.03,-74.63264373463544,2.0022774725257128e-11,1,0
L8_k240,0.03,-75.4798431944313,3.394127212996001e-12,1,0
L8_k240,0.03,-76.3852604711302,1.8559646651504738e-11,1,0
L8_k240,0.03,-76.67391540687024,3.854374833059219e-12,1,0
L8_k240,0.03,-77.6134267636293,6.839156354110944e-13,1,0
L8_k240,0.03,-78.49710802614021,1.569737213720186e-13,1,0
L8_k240,0.03,-78.98908589706797,9.73395433289723e-14,1,0
L8_k240,0.03,-79.8573446853076,1.0654706060291891e-13,1,0
L8_k240,0.03,-80.82463164222995,9.504719942988752e-14,1,0
L8_k240,0.03,-81.07970894055829,9.043861000732207e-14,1,0
L8_k240,0.03,-82.09943269455837,6.629022763934275e-15,1,0
L8_k240,0.03,-82.82942943408646,6.855641785427536e-15,1,0
L8_k240,0.03,-83.86980506089773,5.849933637060515e-15,1,0
L8_k240,0.03,-84.61002745230522,1.681815625582487e-14,1,0
L8_k240,0.03,-84.9311563271223,1.0355348160161325e-13,1,0
L8_k240,0.03,-85.60326005313424,1.222416092782664e-15,1,0
L8_k240,0.03,-86.55159884426327,5.366343090537567e-16,1,0
L8_k240,0.03,-86.9595632530938,5.791481383590149e-16,1,0
L8_k240,0.03,-87.97986005283555,4.7874270546414e-16,1,0
L8_k240,0.03,-88.33613830300945,2.4832899572487326e-16,1,0
L8_k240,0.03,-89.1685562745836,1.9681458855532868e-16,1,0
L8_k240,0.03,-90.30612950973396,7.338763147367664e-17,1,0
L8_k240,0.03,-90.75915956698152,1.2493861244705158e-17,1,0
L8_k240,0.03,-91.4074337899971,9.735157377137105e-17,1,0
L8_k240,0.03,-92.1097118008807,6.797546237226745e-17,1,0
L8_k240,0.03,-92.57293200049776,7.678156726570771e-17,1,0
L8_k240,0.03,-93.12968907382499,2.6386403666659298e-17,1,0
L8_k240,0.03,-93.99601051057667,8.21090902127708e-19,1,0
L8_k240,0.03,-94.72848116418452,2.1402260682566795e-19,1,0
L8_k240,0.03,-95.79854177775472,2.3744988498431274e-18,1,0
L8_k240,0.03,-96.3148607596827,3.488560967020785e-17,1,0
L8_k240,0.03,-96.6072618108907,9.052772428799165e-18,1,0
L8_k240,0.03,-97.18951005174932,8.877278123166221e-18,1,0
L8_k240,0.03,-98.12829989008952,5.420053778222389e-18,1,0
L8_k240,0.03,-98.30450701319465,2.2842260151102495e-18,1,0
L8_k240,0.03,-99.24878370992127,1.7880866976677382e-19,1,0
L8_k240,0.03,-99.75415715290049,3.7378270699212787e-19,1,0
L8_k240,0.03,-100.61511020914523,6.276720132382917e-19,1,0
L8_k240,0.03,-100.93921717119348,2.865113386146745e-18,1,0
L8_k240,0.03,-101.26995162271169,1.5509174375960539e-18,1,0
L8_k240,0.03,-101.44521564423336,6.013700817648005e-19,1,0
L8_k240,0.03,-102.83066505323542,1.1034286208333935e-21,1,0
L8_k240,0.03,-103.34119527468998,3.451338908927549e-21,1,0
L8_k240,0.03,-103.87749254942146,6.791946585640685e-22,1,0
L8_k240,0.03,-104.43045946229348,3.355242725344149e-21,1,0
L8_k240,0.03,-104.83963791176629,7.795110790159601e-22,1,0
L8_k240,0.03,-105.48796946093192,1.819369666750653e-21,1,0
L8_k240,0.03,-105.84107210179326,3.602824047258425e-22,1,0
L8_k240,0.03,-106.514798516901,3.841291773771707e-22,1,0
L8_k240,0.03,-107.02052739089825,7.868496782883648e-24,1,0
L8_k240,0.03,-107.64295964579675,2.050661237500843e-23,1,0
L8_k240,0.03,-108.31193527977169,3.646722564485775e-24,1,0
L8_k240,0.03,-108.85003896410646,8.71075899169166e-23,1,0
L8_k240,0.03,-109.11844858174098,1.0562607982609041e-22,1,0
L8_k240,0.03,-109.68169386066376,3.209042127171107e-24,1,0
L8_k240,0.03,-110.1519157022553,5.438732914522652e-23,1,0
L8_k240,0.03,-110.21148550140829,4.2365713084727844e-23,1,0
L8_k240,0.03,-110.90483169482683,1.790189709653121e-25,1,0
L8_k240,0.03,-111.42552789110488,1.487609101491189e-26,1,0
L8_k240,0.03,-112.05545776225641,3.389854004715192e-26,1,0
L8_k240,0.03,-112.38859709047416,2.7677556676936335e-26,1,0
L8_k240,0.03,-113.06455793936487,8.189049669770623e-27,1,0
L8_k240,0.03,-113.33874688412055,1.0165824383625637e-26,1,0
L8_k240,0.03,-113.47439533322404,7.87875502780955e-27,1,0
L8_k240,0.03,-114.45097534726365,4.0500403917368284e-27,1,0
L8_k240,0.03,-114.87108019841894,3.34900729106958e-27,1,0
L8_k240,0.03,-114.97115276609652,3.683116530424511e-27,1,0
L8_k240,0.03,-115.52426617880764,1.308900651642141e-28,1,0
L8_k240,0.03,-115.92833220617716,6.972790904097684e-27,1,0
L8_k240,0.03,-116.14480967403419,9.178995224550579e-28,1,0
L8_k240,0.03,-116.30299700966583,1.5383318996299633e-27,1,0
L8_k240,0.03,-116.72673739980627,1.326491484027896e-28,1,0
L8_k240,0.03,-117.06634035590716,1.48379405399427e-27,1,0
L8_k240,0.03,-117.12866790602784,4.912670127648019e-28,1,0
L8_k240,0.03,-117.71580917983978,7.6778199619168465e-31,1,0
L8_k240,0.03,-118.18972059336554,6.602540514789805e-32,1,0
L8_k240,0.03,-118.49299910842157,8.385399736427107e-32,1,0
L8_k240,0.03,-118.80477554560625,6.789519153920584e-32,1,0
L8_k240,0.03,-119.09283733275421,3.930902611190286e-32,1,0
L8_k240,0.03,-119.2866585300738,3.719707280804378e-32,1,0
L8_k240,0.03,-119.59498688326238,9.608244921812107e-33,1,0
L8_k240,0.03,-119.78927261711465,1.5022819599912994e-32,1,0
L8_k240,0.03,-119.92687718529481,2.387010844177594e-31,1,0
L8_k240,0.03,-120.09029661834074,2.2886282457810082e-32,1,0
L8_k240,0.03,-120.24394751771943,1.3904128859229513e-32,1,0
L8_k240,0.03,-120.35445315843452,2.311748775845111e-32,1,0
L8_k240,0.03,-120.7136015398597,3.136503147931502e-32,1,0
L8_k240,0.03,-120.76818909537606,2.1773498283540283e-32,1,0
L8_k240,0.03,-121.29238304350936,2.5075229950017227e-32,1,0
L8_k240,0.03,-121.63451787534397,8.09517593159931e-35,1,0
L8_k240,0.03,-122.1200173653183,2.2564666719843452e-33,1,0
L8_k240,0.03,-122.28374580807879,7.271618942372139e-34,1,0
L8_k240,0.03,-122.35029087764427,5.123805577627301e-32,1,0
L8_k240,0.03,-122.41945469443746,2.4947649680746327e-33,1,0
L8_k240,0.03,-122.53788131977444,2.4640439204953823e-32,1,0
L8_k240,0.03,-122.65504982463578,9.179977117568758e-33,1,0
L8_k240,0.03,-122.89389788746614,1.1852113286096575e-33,1,0
L8_k240,0.03,-122.96991194433582,1.7471338512139483e-32,1,0
L8_k240,0.03,-123.50756840187533,5.7277757996006e-33,1,0
L8_k240,0.03,-123.807275866374,4.4256482690257755e-32,1,0
L8_k240,3e-05,0.7041327606393182,0.00014897189589963578,0,1
L8_k240,3e-05,1.3647058351533445,6.203081536608859e-05,0,1
L8_k240,3e-05,1.8105275487343775,4.800234943858062e-05,0,1
L8_k240,3e-05,3.942801718190964,1.0487874271510439e-05,0,1
L8_k240,3e-05,4.244137229641687,6.031605716409308e-05,0,1
L8_k240,3e-05,4.819857454490027,7.863370438597951e-05,0,1
L8_k240,3e-05,5.5808344379175026,0.0002020174594464849,0,1
L8_k240,3e-05,7.26376042805483,1.8428142457202963e-05,0,1
L8_k240,3e-05,8.120175662167561,2.3781818230862807e-05,0,1
L8_k240,3e-05,9.653255422992231,6.670440585942161e-06,0,1
L8_k240,3e-05,12.426819000855488,1.750488852217412e-05,0,1
L8_k240,3e-05,14.920444844242056,2.3624014885164156e-06,0,1
L8_k240,3e-05,17.318704745567253,1.1432524687750694e-05,0,1
L8_k240,3e-05,19.766371886525967,0.0002741753231860772,0,1
L8_k240,3e-05,20.96927745077447,0.0002933994839969826,0,1
L8_k240,3e-05,23.011203911731833,7.912484571206978e-05,0,1
L8_k240,3e-05,26.74505651206252,2.6805498485059906e-05,0,1
L8_k240,3e-05,30.313075737115135,3.0884564779167814e-05,0,1
L8_k240,3e-05,32.99856004775219,7.859886081241898e-05,0,1
L8_k240,3e-05,36.166597675484226,2.8884483250636444e-05,0,1
L8_k240,3e-05,38.48199693251867,3.1985004833970693e-05,0,1
L8_k240,3e-05,42.61706670362651,6.420808837190545e-06,0,1
L8_k240,3e-05,45.364049950570404,4.547240850174719e-06,0,1
L8_k240,3e-05,51.20913265908032,1.6084168722586196e-05,0,1
L8_k240,3e-05,53.87248021816167,2.1570982249667725e-06,0,1
L8_k240,3e-05,59.55128702876474,2.0646332123482915e-07,0,1
L8_k240,3e-05,63.744330449932605,8.535459396255935e-07,0,1
L8_k240,3e-05,68.17038873581129,2.404727789298144e-07,0,1
L8_k240,3e-05,80.44834305523028,0.0005412736182565883,0,1
L8_k240,3e-05,82.64582970153512,0.0003081329718101697,0,1
L8_k240,3e-05,86.15119292649443,4.148528000964455e-05,0,1
L8_k240,3e-05,91.996348323533,3.866526219753297e-05,0,1
L8_k240,3e-05,96.84334392604674,5.3852744082918516e-05,0,1
L8_k240,3e-05,99.71843445888263,2.7001953288798724e-05,0,1
L8_k240,3e-05,103.83721976252025,9.443650538820704e-06,0,1
L8_k240,3e-05,110.227892386397,7.24662994241023e-06,0,1
L8_k240,3e-05,114.37576107112868,7.17216658895339e-07,0,1
L8_k240,3e-05,122.38732736153898,1.461150346273763e-08,0,1
L8_k240,3e-05,132.1187769747522,1.5515076692824883e-08,0,1
L8_k240,3e-05,139.92215021477926,1.704193016429209e-08,0,1
L8_k240,3e-05,158.63901817918943,0.00024743329324877826,0,1
L8_k240,3e-05,159.39317854618258,0.001381594748911478,0,1
L8_k240,3e-05,161.98436952226785,0.00021145365101103104,0,1
L8_k240,3e-05,169.6719499815508,9.919786031618654e-05,0,1
L8_k240,3e-05,172.91735994762183,0.00010849607789319989,0,1
L8_k240,3e-05,177.6175573051191,4.031208959566669e-05,0,1
L8_k240,3e-05,186.0482395915473,3.466436276473874e-05,0,1
L8_k240,3e-05,189.62668754453037,8.70879393668397e-06,0,1
L8_k240,3e-05,199.60429362888812,1.6581370179167018e-06,0,1
L8_k240,3e-05,208.51841440467564,1.6754774191519106e-05,0,1
L8_k240,3e-05,213.214611302493,1.3730904273320646e-05,0,1
L8_k240,3e-05,223.79281850929746,3.491273118917322e-05,0,1
L8_k240,3e-05,227.63742391816336,6.310033066578163e-06,0,1
L8_k240,3e-05,236.19475084623645,5.731469277744299e-06,0,1
L8_k240,3e-05,241.76519451321602,2.5234237540694265e-06,0,1
L8_k240,3e-05,251.34367822077607,2.1309062310190778e-06,0,1
L8_k240,3e-05,263.566090292976,4.6510909267729686e-07,0,1
L8_k240,3e-05,270.2555736146499,0.00012691355418984742,0,1
L8_k240,3e-05,274.8394061070276,0.00010223810032973513,0,1
L8_k240,3e-05,282.44341539934106,3.2531137783163084e-05,0,1
L8_k240,3e-05,287.94309201106637,0.00014200108106612376,0,1
L8_k240,3e-05,295.4474365395284,1.1523115747378563e-05,0,1
L8_k240,3e-05,301.258079827252,2.1381673248980712e-05,0,1
L8_k240,3e-05,307.42594851214375,4.153433311578845e-06,0,1
L8_k240,3e-05,316.77121557415524,3.6161116362553544e-06,0,1
L8_k240,3e-05,321.7899327075574,5.645679702918929e-06,0,1
L8_k240,3e-05,331.45987838679787,2.933410663201552e-07,0,1
L8_k240,3e-05,337.48144470444277,8.945421369247452e-08,0,1
L8_k240,3e-05,355.8215751859243,5.8454834616141715e-05,0,1
L8_k240,3e-05,358.22926795754626,3.417912611861135e-05,0,1
L8_k240,3e-05,363.7741524727076,3.117502010037174e-06,0,1
L8_k240,3e-05,370.0818541967339,8.191088781347403e-06,0,1
L8_k240,3e-05,374.5977235317892,2.4671944050505973e-06,0,1
L8_k240,3e-05,384.8365312859744,5.589536394189326e-07,0,1
L8_k240,3e-05,388.24319049722146,9.120815001160626e-08,0,1
L8_k240,3e-05,402.0703279643001,9.793981321597565e-10,0,1
L8_k240,3e-05,417.45196341347304,7.286313874861539e-05,0,1
L8_k240,3e-05,419.54809589254904,2.0524165835300823e-05,0,1
L8_k240,3e-05,424.58145449456157,2.517055294515593e-06,0,1
L8_k240,3e-05,429.74107989927154,8.08491149974541e-06,0,1
L8_k240,3e-05,434.5346254812733,3.675813977943737e-06,0,1
L8_k240,3e-05,442.5235975439108,5.796637043198045e-07,0,1
L8_k240,3e-05,446.0740742310181,1.4234389559581048e-06,0,1
L8_k240,3e-05,450.7081257627873,1.0303939673431628e-07,0,1
L8_k240,3e-05,458.8422911005811,7.329458494123038e-08,0,1
L8_k240,3e-05,463.3953983798996,1.9108289568903115e-08,0,1
L8_k240,3e-05,468.6229820031639,4.728150209469401e-10,0,1
L8_k240,3e-05,476.4203091930997,2.558723687549857e-09,0,1
L8_k240,3e-05,479.43669932012125,2.0197959865337133e-10,0,1
L8_k240,3e-05,483.96422217517454,6.082328807207592e-12,0,1
L8_k240,3e-05,505.4907309347121,1.1929468928419252e-17,0,1
L8_k240,3e-05,528.8219548144211,8.166504053886489e-07,0,1
L8_k240,3e-05,531.0828678871715,1.9955217159275283e-07,0,1
L8_k240,3e-05,533.2817755551007,5.044800704803937e-07,0,1
L8_k240,3e-05,535.4793592327843,1.6464233734650332e-07,0,1
L8_k240,3e-05,541.5150017030463,7.494726307075956e-08,0,1
L8_k240,3e-05,544.6623994307502,3.7838783439497667e-07,0,1
L8_k240,3e-05,546.4054174450023,5.245273967762752e-07,0,1
L8_k240,3e-05,549.3454350877989,6.819590648480072e-08,0,1
L8_k240,3e-05,552.786053500409,1.405939114211456e-08,0,1
L8_k240,3e-05,558.188500771618,8.35616466535167e-08,0,1
L8_k240,3e-05,561.764853387973,2.5964904571683636e-08,0,1
L8_k240,3e-05,564.0144227314681,1.3997154372151304e-08,0,1
L8_k240,3e-05,567.4707261289955,5.803316109967241e-10,0,1
L8_k240,3e-05,571.9609097709899,1.6038309163202527e-09,0,1
L8_k240,3e-05,574.7121924367906,6.961136049799355e-09,0,1
L8_k240,3e-05,576.7816057218367,1.823076645298083e-09,0,1
L8_k240,3e-05,580.185150206089,1.37654057210458e-10,0,1
L8_k240,3e-05,582.537844415209,2.0891184341913888e-11,0,1
L8_k240,3e-05,587.4169754167563,1.4058211291219743e-10,0,1
L8_k240,3e-05,589.7007528418904,1.7095603663515964e-11,0,1
L8_k240,3e-05,591.8133778574297,2.255169775621893e-11,0,1
L8_k240,3e-05,593.4416022040593,8.556597503030026e-13,0,1
L8_k240,3e-05,593.9349729205314,3.802925705164002e-12,0,1
L8_k240,3e-05,596.2357342391707,9.308435291024493e-14,0,1
L8_k240,3e-05,598.2945917545497,3.771746078226605e-14,0,1
L8_k240,3e-05,600.3426636081514,2.0691168020577494e-15,0,1
L8_k240,3e-05,601.6917451729984,4.9268509590889e-19,0,1
L8_k240,3e-05,602.6605675857844,1.1407075980882362e-17,0,1
L8_k240,3e-05,605.0014979603652,9.481026516023346e-23,0,1
L8_k240,3e-05,10093.628715604782,0.04117053887134922,0,1
L8_k240,3e-05,10094.388293326581,0.04694249249661436,0,1
L8_k240,3e-05,10095.723009666805,0.027446705628086723,0,1
L8_k240,3e-05,10096.066744783695,0.002396190829575089,0,1
L8_k240,3e-05,10096.408505787804,0.026648275335496546,0,1
L8_k240,3e-05,10097.65719083447,0.0009320678169385917,0,1
L8_k240,3e-05,10098.622391462979,0.0032305798642704203,0,1
L8_k240,3e-05,10099.971862298846,0.0021171503970700907,0,1
L8_k240,3e-05,10100.799450443948,0.002974258258927737,0,1
L8_k240,3e-05,10102.628094971771,0.0008560286263339686,0,1
L8_k240,3e-05,10106.760041513267,0.011158984549068123,0,1
L8_k240,3e-05,10107.583131832203,0.004757302800368804,0,1
L8_k240,3e-05,10109.660573163406,0.01123639842352119,0,1
L8_k240,3e-05,10111.587030168743,0.007226304957731899,0,1
L8_k240,3e-05,10113.861029530752,0.005058343462333123,0,1
L8_k240,3e-05,10116.28543695543,0.0011578421864020547,0,1
L8_k240,3e-05,10121.445862653074,0.0002448151564752331,0,1
L8_k240,3e-05,10123.413122633814,0.0052260271930348,0,1
L8_k240,3e-05,10125.558459851018,0.0026190257296839175,0,1
L8_k240,3e-05,10129.14854659766,0.0002756010662601676,0,1
L8_k240,3e-05,10133.528687646181,4.520923361975273e-05,0,1
L8_k240,3e-05,10136.501452261224,0.0002482792922190011,0,1
L8_k240,3e-05,10139.957175531918,0.0001428362002133036,0,1
L8_k240,3e-05,10143.225747030137,3.7428166373908304e-05,0,1
L8_k240,3e-05,10146.858656122635,2.6906723600039108e-06,0,1
L8_k240,3e-05,10152.69759754674,1.585892588449244e-05,0,1
L8_k240,3e-05,10155.030945171296,4.612798622572181e-06,0,1
L8_k240,3e-05,10159.105941696947,2.0579341790839273e-07,0,1
L8_k240,3e-05,10162.30899410374,4.787701854042969e-09,0,1
L8_k240,3e-05,10204.168250761035,1.557965332461336e-05,0,1
L8_k240,3e-05,10205.254602912975,0.0016743090465938077,0,1
L8_k240,3e-05,10207.322746562319,0.0005801441237769137,0,1
L8_k240,3e-05,10209.997026168849,0.001582775449026072,0,1
L8_k240,3e-05,10212.618956661798,0.000408457815064751,0,1
L8_k240,3e-05,10222.644141753019,0.002355740649206845,0,1
L8_k240,3e-05,10224.5613898821,0.003644206714114458,0,1
L8_k240,3e-05,10228.587789371266,0.0004890072454972036,0,1
L8_k240,3e-05,10236.707383110159,0.0008184479148731913,0,1
L8_k240,3e-05,10240.689950458858,0.0005799782188610341,0,1
L8_k240,3e-05,10245.925185708888,7.438185794912212e-05,0,1
L8_k240,3e-05,10252.93125880972,0.00020097149522656222,0,1
L8_k240,3e-05,10266.786507654191,0.0005613258300272124,0,1
L8_k240,3e-05,10268.88428721056,0.0031807883552920566,0,1
L8_k240,3e-05,10273.329206734074,0.0025088851434706193,0,1
L8_k240,3e-05,10283.31274349763,0.0032108389530547078,0,1
L8_k240,3e-05,10286.249572459079,0.0026862082783597504,0,1
L8_k240,3e-05,10294.890369858012,0.0004462977555845027,0,1
L8_k240,3e-05,10299.453846444749,0.0005266354070870197,0,1
L8_k240,3e-05,10305.182176630396,7.1742495773995e-05,0,1
L8_k240,3e-05,10313.32784988802,0.00011351674952187732,0,1
L8_k240,3e-05,10322.254008081083,4.938818086801147e-06,0,1
L8_k240,3e-05,10331.80230498245,1.1410594658630877e-05,0,1
L8_k240,3e-05,10338.376773354199,5.488940868322934e-06,0,1
L8_k240,3e-05,10352.354764673286,0.005304210293215669,0,1
L8_k240,3e-05,10354.876903121667,0.003228776736624979,0,1
L8_k240,3e-05,10362.386207541464,0.0005248914538489355,0,1
L8_k240,3e-05,10367.867360002894,0.0012936874636230043,0,1
L8_k240,3e-05,10372.766456669317,0.0004269884102214928,0,1
L8_k240,3e-05,10382.139021248038,0.0003585682995580531,0,1
L8_k240,3e-05,10387.347407811261,3.3628641612117396e-05,0,1
L8_k240,3e-05,10397.1773094114,1.4427563762837121e-05,0,1
L8_k240,3e-05,10404.263451632994,3.4988390050752265e-06,0,1
L8_k240,3e-05,10418.279187227528,0.0018726928722025968,0,1
L8_k240,3e-05,10420.948729084412,0.0008699610545356164,0,1
L8_k240,3e-05,10429.068780263256,0.00021584431120999327,0,1
L8_k240,3e-05,10433.927679962406,0.00028504221900035973,0,1
L8_k240,3e-05,10439.18332766047,5.317698574252147e-05,0,1
L8_k240,3e-05,10446.74245444248,8.748526161257738e-05,0,1
L8_k240,3e-05,10454.936449216944,3.5884421860146945e-06,0,1
L8_k240,3e-05,10462.300635773281,3.320759026567103e-06,0,1
L8_k240,3e-05,10469.22899611277,1.1712068080448803e-06,0,1
L8_k240,3e-05,10480.528770479561,4.44470514360665e-06,0,1
L8_k240,3e-05,10484.21658584313,6.208912594699633e-06,0,1
L8_k240,3e-05,10492.0927234311,4.284767668419609e-07,0,1
L8_k240,3e-05,10498.542287090117,9.193078559205035e-07,0,1
L8_k240,3e-05,10504.196243387783,1.867627564209895e-07,0,1
L8_k240,3e-05,10512.067526958423,1.4512363720166365e-07,0,1
L8_k240,3e-05,10516.842061804908,2.8444207166959514e-08,0,1
L8_k240,3e-05,10532.417578723507,3.445328373568544e-10,0,1
L8_k240,3e-05,10541.877264509505,9.996626787862523e-07,0,1
L8_k240,3e-05,10546.102063748152,9.134409770513787e-07,0,1
L8_k240,3e-05,10551.20254429987,2.141020036333914e-07,0,1
L8_k240,3e-05,10558.003291193021,3.975042021547883e-07,0,1
L8_k240,3e-05,10560.637536406983,6.242776265264384e-07,0,1
L8_k240,3e-05,10568.141459388775,6.206896313057985e-08,0,1
L8_k240,3e-05,10572.495676344932,1.1434454086959069e-07,0,1
L8_k240,3e-05,10577.375119804456,3.879397799774991e-08,0,1
L8_k240,3e-05,10585.509200253635,3.753191126173382e-09,0,1
L8_k240,3e-05,10589.412630086028,1.6347233462302823e-08,0,1
L8_k240,3e-05,10594.998934244226,4.158150640117269e-10,0,1
L8_k240,3e-05,10601.692806494428,3.9437541433906784e-10,0,1
L8_k240,3e-05,10606.57319689893,5.944537072571343e-11,0,1
L8_k240,3e-05,10618.72866710844,5.406060175232283e-10,0,1
L8_k240,3e-05,10621.659479062895,4.777259994384249e-10,0,1
L8_k240,3e-05,10628.049569734427,4.1529486914075937e-10,0,1
L8_k240,3e-05,10631.100741002076,8.684588120136739e-10,0,1
L8_k240,3e-05,10635.76664481694,1.8176249114052503e-09,0,1
L8_k240,3e-05,10639.308183514318,7.966572892295554e-10,0,1
L8_k240,3e-05,10642.976593995842,5.728465944353815e-10,0,1
L8_k240,3e-05,10648.342160273192,8.512232611298075e-10,0,1
L8_k240,3e-05,10650.89039319062,3.258101083144703e-10,0,1
L8_k240,3e-05,10655.896484985093,1.490626579856487e-10,0,1
L8_k240,3e-05,10659.530696796184,9.61141179690406e-11,0,1
L8_k240,3e-05,10662.631513579172,2.6046836023501234e-11,0,1
L8_k240,3e-05,10666.087533750146,5.432135151075652e-11,0,1
L8_k240,3e-05,10669.115553886946,6.423873857229225e-11,0,1
L8_k240,3e-05,10671.841323615161,1.7528165773470945e-11,0,1
L8_k240,3e-05,10673.825409469622,2.2774116682947824e-11,0,1
L8_k240,3e-05,10676.68444164855,2.7821066784506092e-12,0,1
L8_k240,3e-05,10680.059361334026,3.278871611671984e-12,0,1
L8_k240,3e-05,10681.320790261807,7.97893873200287e-13,0,1
L8_k240,3e-05,10683.759668236931,6.878428678102833e-13,0,1
L8_k240,3e-05,10685.079603905326,7.20766142349951e-14,0,1
L8_k240,3e-05,10686.995936215952,8.938903218971211e-15,0,1
L8_k240,3e-05,10688.97643205133,1.7048012332500335e-16,0,1
L8_k240,3e-05,10690.886186278753,5.7075150197555e-17,0,1
L8_k240,3e-05,10691.959804226139,9.709620528952743e-19,0,1
L8_k240,3e-05,10694.04278054983,1.4550495049661524e-20,0,1
L8_k240,3e-05,10694.75836212566,1.374255349612751e-20,0,1
L8_k240,3e-05,10697.424746462504,2.099419147205785e-25,0,1
L8_k240,3e-05,-0.7041327606396877,0.00014897189590016804,0,0
L8_k240,3e-05,-1.3647058351546235,6.20308153657933e-05,0,0
L8_k240,3e-05,-1.8105275487363102,4.800234943846983e-05,0,0
L8_k240,3e-05,-3.942801726821102,1.0487875314880161e-05,0,0
L8_k240,3e-05,-4.244137238081599,6.03160572230754e-05,0,0
L8_k240,3e-05,-4.819857462552385,7.863370397957287e-05,0,0
L8_k240,3e-05,-5.5808344395280685,0.00020201745885258375,0,0
L8_k240,3e-05,-7.263760450095901,1.842814311536328e-05,0,0
L8_k240,3e-05,-8.120175681241733,2.378181760038813e-05,0,0
L8_k240,3e-05,-9.653255438692412,6.6704404729756e-06,0,0
L8_k240,3e-05,-12.426819004574924,1.750488854701403e-05,0,0
L8_k240,3e-05,-14.92044493900697,2.362401623634289e-06,0,0
L8_k240,3e-05,-17.318704834107493,1.143252536748135e-05,0,0
L8_k240,3e-05,-19.766371921211167,0.0002741753372751773,0,0
L8_k240,3e-05,-20.969277498021306,0.0002933994723490987,0,0
L8_k240,3e-05,-23.011203953318592,7.912484270706805e-05,0,0
L8_k240,3e-05,-26.745056550855985,2.6805498538591423e-05,0,0
L8_k240,3e-05,-30.313075811770858,3.088456578829245e-05,0,0
L8_k240,3e-05,-32.99856010159047,7.85988609441194e-05,0,0
L8_k240,3e-05,-36.16659789735564,2.88844849272372e-05,0,0
L8_k240,3e-05,-38.48199707239915,3.1985002135115184e-05,0,0
L8_k240,3e-05,-42.617066992914665,6.420809004481474e-06,0,0
L8_k240,3e-05,-45.36405014684945,4.547240265954336e-06,0,0
L8_k240,3e-05,-51.209132687437936,1.608416890646635e-05,0,0
L8_k240,3e-05,-53.872480384542186,2.1570980143367696e-06,0,0
L8_k240,3e-05,-59.551287571188176,2.0646332683704948e-07,0,0
L8_k240,3e-05,-63.744330547933785,8.53545924344781e-07,0,0
L8_k240,3e-05,-68.17038883543691,2.404727682287913e-07,0,0
L8_k240,3e-05,-80.44834305671613,0.0005412736193557103,0,0
L8_k240,3e-05,-82.64582971231333,0.00030813297168023185,0,0
L8_k240,3e-05,-86.15119298989904,4.14852793723466e-05,0,0
L8_k240,3e-05,-91.99634840454864,3.866526292463212e-05,0,0
L8_k240,3e-05,-96.84334414909729,5.3852749363652347e-05,0,0
L8_k240,3e-05,-99.7184349391454,2.700194841100311e-05,0,0
L8_k240,3e-05,-103.8372200559332,9.443649199877461e-06,0,0
L8_k240,3e-05,-110.22789246378554,7.2466299127503055e-06,0,0
L8_k240,3e-05,-114.37576129616716,7.172165674910146e-07,0,0
L8_k240,3e-05,-122.38732803028269,1.4611501003309277e-08,0,0
L8_k240,3e-05,-132.11877719051918,1.5515076732300063e-08,0,0
L8_k240,3e-05,-139.92215037217602,1.7041929936630827e-08,0,0
L8_k240,3e-05,-158.6390191018152,0.0002474341197821186,0,0
L8_k240,3e-05,-159.393178917046,0.0013815940001635804,0,0
L8_k240,3e-05,-161.98436998569068,0.00021145357691040997,0,0
L8_k240,3e-05,-169.6719508229202,9.91979026163186e-05,0,0
L8_k240,3e-05,-172.9173610478806,0.00010849604572280087,0,0
L8_k240,3e-05,-177.61755809268504,4.03120770595154e-05,0,0
L8_k240,3e-05,-186.0482400493289,3.466436686919712e-05,0,0
L8_k240,3e-05,-189.6266885970701,8.708788695445152e-06,0,0
L8_k240,3e-05,-199.60429429318023,1.6581370061505157e-06,0,0
L8_k240,3e-05,-208.5184145517771,1.675477484205622e-05,0,0
L8_k240,3e-05,-213.21461147840654,1.3730903609007544e-05,0,0
L8_k240,3e-05,-223.79281862754803,3.491273295973641e-05,0,0
L8_k240,3e-05,-227.6374246871344,6.310031412981547e-06,0,0
L8_k240,3e-05,-236.19475121104725,5.731469426452401e-06,0,0
L8_k240,3e-05,-241.76519498994844,2.5234234184075354e-06,0,0
L8_k240,3e-05,-251.34367836927265,2.1309062095238104e-06,0,0
L8_k240,3e-05,-263.5660933969216,4.651096204650214e-07,0,0
L8_k240,3e-05,-270.25557370590025,0.0001269135580651044,0,0
L8_k240,3e-05,-274.8394062826769,0.0001022380977257604,0,0
L8_k240,3e-05,-282.4434159788081,3.253114024517409e-05,0,0
L8_k240,3e-05,-287.9430921428924,0.00014200107856430718,0,0
L8_k240,3e-05,-295.44743778105163,1.1523116545778097e-05,0,0
L8_k240,3e-05,-301.2580803588928,2.1381671822735112e-05,0,0
L8_k240,3e-05,-307.4259494130005,4.153432316526908e-06,0,0
L8_k240,3e-05,-316.7712160395233,3.6161118304416048e-06,0,0
L8_k240,3e-05,-321.7899328701106,5.645679373022538e-06,0,0
L8_k240,3e-05,-331.45987903902085,2.933410658280804e-07,0,0
L8_k240,3e-05,-337.481445447215,8.945418962913052e-08,0,0
L8_k240,3e-05,-355.82157520917156,5.8454836127076016e-05,0,0
L8_k240,3e-05,-358.22926805782424,3.417912499264781e-05,0,0
L8_k240,3e-05,-363.77415301059636,3.1175018252188716e-06,0,0
L8_k240,3e-05,-370.08185433851474,8.191088786640918e-06,0,0
L8_k240,3e-05,-374.59772369718627,2.4671942057468204e-06,0,0
L8_k240,3e-05,-384.83653145742664,5.589536641138186e-07,0,0
L8_k240,3e-05,-388.243190977523,9.120811837877197e-08,0,0
L8_k240,3e-05,-402.0703294569811,9.793981280489815e-10,0,0
L8_k240,3e-05,-417.4519634200383,7.286313939569801e-05,0,0
L8_k240,3e-05,-419.5480959603496,2.0524165392884625e-05,0,0
L8_k240,3e-05,-424.5814549041365,2.5170552846552037e-06,0,0
L8_k240,3e-05,-429.74108001195293,8.0849114581909e-06,0,0
L8_k240,3e-05,-434.5346255954711,3.6758138490430117e-06,0,0
L8_k240,3e-05,-442.5235981689369,5.796638283958285e-07,0,0
L8_k240,3e-05,-446.0740744820879,1.4234388400587274e-06,0,0
L8_k240,3e-05,-450.70812634536543,1.0303936542294916e-07,0,0
L8_k240,3e-05,-458.8422912196037,7.329458528249625e-08,0,0
L8_k240,3e-05,-463.3953986028351,1.910828816006356e-08,0,0
L8_k240,3e-05,-468.62298321124206,4.728147478620913e-10,0,0
L8_k240,3e-05,-476.4203092307739,2.558723702336779e-09,0,0
L8_k240,3e-05,-479.43669949370127,2.0197957042756646e-10,0,0
L8_k240,3e-05,-483.96422228300264,6.082328098879455e-12,0,0
L8_k240,3e-05,-505.49073761064994,1.192946557844346e-17,0,0
L8_k240,3e-05,-528.8219548144444,8.166504054323163e-07,0,0
L8_k240,3e-05,-531.082867890132,1.9955217222093425e-07,0,0
L8_k240,3e-05,-533.2817755604133,5.044800713553065e-07,0,0
L8_k240,3e-05,-535.4793592459089,1.6464233598634048e-07,0,0
L8_k240,3e-05,-541.515001780013,7.494726777419887e-08,0,0
L8_k240,3e-05,-544.6623995880877,3.78387889512231e-07,0,0
L8_k240,3e-05,-546.4054175897033,5.245273483852721e-07,0,0
L8_k240,3e-05,-549.345435348548,6.819589679971294e-08,0,0
L8_k240,3e-05,-552.7860537054,1.4059389370698571e-08,0,0
L8_k240,3e-05,-558.1885007828714,8.356164683626098e-08,0,0
L8_k240,3e-05,-561.7648534560875,2.596490513936681e-08,0,0
L8_k240,3e-05,-564.0144228144758,1.3997153572494103e-08,0,0
L8_k240,3e-05,-567.4707264301586,5.80331517164648e-10,0,0
L8_k240,3e-05,-571.9609098154975,1.6038309317276739e-09,0,0
L8_k240,3e-05,-574.7121924482184,6.9611360501719376e-09,0,0
L8_k240,3e-05,-576.7816057377215,1.823076616393327e-09,0,0
L8_k240,3e-05,-580.1851502283779,1.376540560519736e-10,0,0
L8_k240,3e-05,-582.5378444393052,2.0891183743840366e-11,0,0
L8_k240,3e-05,-587.4169754171932,1.405821129391877e-10,0,0
L8_k240,3e-05,-589.7007528471196,1.709560366910721e-11,0,0
L8_k240,3e-05,-591.813377862094,2.2551697788157847e-11,0,0
L8_k240,3e-05,-593.4416024923772,8.556602723290493e-13,0,0
L8_k240,3e-05,-593.9349729499625,3.802925107858311e-12,0,0
L8_k240,3e-05,-596.2357342411253,9.308435252634294e-14,0,0
L8_k240,3e-05,-598.2945917546265,3.7717460793049793e-14,0,0
L8_k240,3e-05,-600.3426636080927,2.0691168083768652e-15,0,0
L8_k240,3e-05,-601.6917451869155,4.926850716581298e-19,0,0
L8_k240,3e-05,-602.660567586166,1.1407075530788533e-17,0,0
L8_k240,3e-05,-605.0014977559621,9.479874623752797e-23,0,0
L8_k240,3e-05,-10093.628715604778,0.04117053887146532,0,0
L8_k240,3e-05,-10094.388293326574,0.046942492496508684,0,0
L8_k240,3e-05,-10095.723009667427,0.027446705820531155,0,0
L8_k240,3e-05,-10096.066744862366,0.0023961914685949205,0,0
L8_k240,3e-05,-10096.408505794307,0.02664827455220389,0,0
L8_k240,3e-05,-10097.65719094733,0.0009320679440301151,0,0
L8_k240,3e-05,-10098.622391522442,0.0032305798493703244,0,0
L8_k240,3e-05,-10099.971862480357,0.0021171508334631136,0,0
L8_k240,3e-05,-10100.799450534982,0.00297425769879682,0,0
L8_k240,3e-05,-10102.628095009371,0.0008560285938586093,0,0
L8_k240,3e-05,-10106.760041567932,0.011158986451317153,0,0
L8_k240,3e-05,-10107.583132130769,0.004757301327434945,0,0
L8_k240,3e-05,-10109.660573249042,0.011236398512517056,0,0
L8_k240,3e-05,-10111.587030281535,0.0072263046919146005,0,0
L8_k240,3e-05,-10113.86102961093,0.005058343304613363,0,0
L8_k240,3e-05,-10116.28543705876,0.0011578420968622488,0,0
L8_k240,3e-05,-10121.445863638204,0.0002448154205953056,0,0
L8_k240,3e-05,-10123.413122760689,0.00522602720565277,0,0
L8_k240,3e-05,-10125.558459984115,0.0026190254787982264,0,0
L8_k240,3e-05,-10129.148546876444,0.00027560104223256775,0,0
L8_k240,3e-05,-10133.52868907064,4.52092497206837e-05,0,0
L8_k240,3e-05,-10136.501452536857,0.0002482792794784026,0,0
L8_k240,3e-05,-10139.957175797352,0.00014283619352015205,0,0
L8_k240,3e-05,-10143.22574742277,3.742816014940564e-05,0,0
L8_k240,3e-05,-10146.858657089231,2.690670796369888e-06,0,0
L8_k240,3e-05,-10152.697597601338,1.5858926191101142e-05,0,0
L8_k240,3e-05,-10155.030945274448,4.612798217208463e-06,0,0
L8_k240,3e-05,-10159.105941834972,2.057933998161593e-07,0,0
L8_k240,3e-05,-10162.308994357605,4.787700161634829e-09,0,0
L8_k240,3e-05,-10204.168257423195,1.558001435089954e-05,0,0
L8_k240,3e-05,-10205.254603377,0.001674309265280316,0,0
L8_k240,3e-05,-10207.322749285671,0.0005801442286094796,0,0
L8_k240,3e-05,-10209.997027297617,0.00158277529181032,0,0
L8_k240,3e-05,-10212.618958164001,0.0004084573004577206,0,0
L8_k240,3e-05,-10222.644143000263,0.0023557443689100678,0,0
L8_k240,3e-05,-10224.56139153827,0.003644203717166747,0,0
L8_k240,3e-05,-10228.587792450755,0.0004890065806723943,0,0
L8_k240,3e-05,-10236.707384547752,0.0008184483170862939,0,0
L8_k240,3e-05,-10240.689953115334,0.0005799779267246204,0,0
L8_k240,3e-05,-10245.925192735413,7.43817074341454e-05,0,0
L8_k240,3e-05,-10252.93125936848,0.00020097147018982738,0,0
L8_k240,3e-05,-10266.786516347338,0.0005613319232296445,0,0
L8_k240,3e-05,-10268.884290866821,0.0031807836784712483,0,0
L8_k240,3e-05,-10273.329208035311,0.0025088838515460615,0,0
L8_k240,3e-05,-10283.312745327856,0.003210842501046875,0,0
L8_k240,3e-05,-10286.249574962427,0.0026862048481973775,0,0
L8_k240,3e-05,-10294.89037735688,0.0004462985282785065,0,0
L8_k240,3e-05,-10299.453852982868,0.0005266347088303228,0,0
L8_k240,3e-05,-10305.182189117355,7.174220839558328e-05,0,0
L8_k240,3e-05,-10313.327851232625,0.00011351672386522434,0,0
L8_k240,3e-05,-10322.254019870155,4.938814276287313e-06,0,0
L8_k240,3e-05,-10331.8023107961,1.1410602239167734e-05,0,0
L8_k240,3e-05,-10338.376784505675,5.488931920657935e-06,0,0
L8_k240,3e-05,-10352.354765026772,0.005304212119771554,0,0
L8_k240,3e-05,-10354.876904275927,0.003228775162342173,0,0
L8_k240,3e-05,-10362.38621271526,0.0005248918677787276,0,0
L8_k240,3e-05,-10367.867362913654,0.0012936874427827698,0,0
L8_k240,3e-05,-10372.766460452185,0.00042698781357108776,0,0
L8_k240,3e-05,-10382.139022704154,0.00035856835243019204,0,0
L8_k240,3e-05,-10387.34741652189,3.362854563027295e-05,0,0
L8_k240,3e-05,-10397.177314780234,1.442756441994213e-05,0,0
L8_k240,3e-05,-10404.263464285565,3.4988311876018457e-06,0,0
L8_k240,3e-05,-10418.279187584885,0.0018726934585200704,0,0
L8_k240,3e-05,-10420.948730463471,0.0008699605358068357,0,0
L8_k240,3e-05,-10429.068784707571,0.00021584453019207346,0,0
L8_k240,3e-05,-10433.927684300159,0.00028504209472005683,0,0
L8_k240,3e-05,-10439.183336132632,5.317684149791105e-05,0,0
L8_k240,3e-05,-10446.742455391357,8.74852466004146e-05,0,0
L8_k240,3e-05,-10454.936457855734,3.5884402052441046e-06,0,0
L8_k240,3e-05,-10462.300641077467,3.320757595994129e-06,0,0
L8_k240,3e-05,-10469.22900204909,1.1712053835151799e-06,0,0
L8_k240,3e-05,-10480.52877365087,4.444711711074246e-06,0,0
L8_k240,3e-05,-10484.216588600459,6.2089065594590255e-06,0,0
L8_k240,3e-05,-10492.092736853398,4.2847671288786107e-07,0,0
L8_k240,3e-05,-10498.542291836551,9.193076212307118e-07,0,0
L8_k240,3e-05,-10504.19625276531,1.867622650035456e-07,0,0
L8_k240,3e-05,-10512.067530289427,1.4512362081292713e-07,0,0
L8_k240,3e-05,-10516.842065980272,2.8444139368401937e-08,0,0
L8_k240,3e-05,-10532.417626310631,3.445363248666532e-10,0,0
L8_k240,3e-05,-10541.877264870029,9.996628914994239e-07,0,0
L8_k240,3e-05,-10546.102065261657,9.134410896286271e-07,0,0
L8_k240,3e-05,-10551.202552020884,2.1410193030178818e-07,0,0
L8_k240,3e-05,-10558.003304358916,3.9750706203244756e-07,0,0
L8_k240,3e-05,-10560.637543635588,6.242746449619599e-07,0,0
L8_k240,3e-05,-10568.141476864317,6.206911042352537e-08,0,0
L8_k240,3e-05,-10572.495683782367,1.1434434952653804e-07,0,0
L8_k240,3e-05,-10577.3751249412,3.879389486503425e-08,0,0
L8_k240,3e-05,-10585.50921924663,3.75320582208131e-09,0,0
L8_k240,3e-05,-10589.412633176977,1.6347214934058402e-08,0,0
L8_k240,3e-05,-10594.99895490914,4.158122365944696e-10,0,0
L8_k240,3e-05,-10601.692811293182,3.9437518872825397e-10,0,0
L8_k240,3e-05,-10606.573204446619,5.944515045599799e-11,0,0
L8_k240,3e-05,-10618.728668579544,5.406066404087403e-10,0,0
L8_k240,3e-05,-10621.65948267463,4.777255887514763e-10,0,0
L8_k240,3e-05,-10628.049580243569,4.152972779796925e-10,0,0
L8_k240,3e-05,-10631.100749388545,8.68457393330649e-10,0,0
L8_k240,3e-05,-10635.766648476783,1.8176258349369058e-09,0,0
L8_k240,3e-05,-10639.308191293507,7.966563388060705e-10,0,0
L8_k240,3e-05,-10642.976598342273,5.728456415315628e-10,0,0
L8_k240,3e-05,-10648.342162454235,8.512239599028037e-10,0,0
L8_k240,3e-05,-10650.890397319203,3.2580926920900863e-10,0,0
L8_k240,3e-05,-10655.896487858836,1.490626978318166e-10,0,0
L8_k240,3e-05,-10659.53070198803,9.611414987162242e-11,0,0
L8_k240,3e-05,-10662.63152869314,2.6046759063573257e-11,0,0
L8_k240,3e-05,-10666.087538616775,5.432134913124703e-11,0,0
L8_k240,3e-05,-10669.115557527572,6.423873723474118e-11,0,0
L8_k240,3e-05,-10671.84133579643,1.752817823872427e-11,0,0
L8_k240,3e-05,-10673.825413637183,2.277403342848068e-11,0,0
L8_k240,3e-05,-10676.684446592011,2.7820987200208833e-12,0,0
L8_k240,3e-05,-10680.059364848596,3.2788821694664068e-12,0,0
L8_k240,3e-05,-10681.32080104835,7.978823253056409e-13,0,0
L8_k240,3e-05,-10683.759670704023,6.87842916564816e-13,0,0
L8_k240,3e-05,-10685.079611564403,7.207567825541032e-14,0,0
L8_k240,3e-05,-10686.99593952313,8.938858466649378e-15,0,0
L8_k240,3e-05,-10688.976441487903,1.704778455262619e-16,0,0
L8_k240,3e-05,-10690.886188679964,5.707504108047249e-17,0,0
L8_k240,3e-05,-10691.959819407195,9.709133974162747e-19,0,0
L8_k240,3e-05,-10694.042788682154,1.4550522638428454e-20,0,0
L8_k240,3e-05,-10694.758362969484,1.3742523944647364e-20,0,0
L8_k240,3e-05,-10697.424786174166,2.105783684876201e-25,0,0
L8_k240,3e-05,0.7041327606382168,0.00014897189589984985,1,1
L8_k240,3e-05,1.3647058351503745,6.203081536471494e-05,1,1
L8_k240,3e-05,1.8105275487189232,4.800234943860366e-05,1,1
L8_k240,3e-05,3.942800487028009,1.048772551049475e-05,1,1
L8_k240,3e-05,4.244136027088196,6.031604898816648e-05,1,1
L8_k240,3e-05,4.8198563068380835,7.863376231329118e-05,1,1
L8_k240,3e-05,5.580834208715807,0.00020201754396406338,1,1
L8_k240,3e-05,7.263757294137662,1.842804886607892e-05,1,1
L8_k240,3e-05,8.120172950213558,2.378190786831954e-05,1,1
L8_k240,3e-05,9.653253191114551,6.6704566396004336e-06,1,1
L8_k240,3e-05,12.42681847222677,1.7504884986863652e-05,1,1
L8_k240,3e-05,14.920431371885542,2.362382280111673e-06,1,1
L8_k240,3e-05,17.318692158693544,1.1432428054308962e-05,1,1
L8_k240,3e-05,19.7663669557409,0.0002741733202271503,1,1
L8_k240,3e-05,20.969270734167367,0.00029340113992765707,1,1
L8_k240,3e-05,23.011197999775888,7.912527289176157e-05,1,1
L8_k240,3e-05,26.745050996951377,2.6805490879875822e-05,1,1
L8_k240,3e-05,30.31306512327938,3.088442130486722e-05,1,1
L8_k240,3e-05,32.99855239350056,7.859884207370357e-05,1,1
L8_k240,3e-05,36.166566130462364,2.8884244874508142e-05,1,1
L8_k240,3e-05,38.48197704458452,3.198538855195088e-05,1,1
L8_k240,3e-05,42.617025571056594,6.42078505046087e-06,1,1
L8_k240,3e-05,45.36402204259226,4.5473239182175056e-06,1,1
L8_k240,3e-05,51.209128626655655,1.6084142576044785e-05,1,1
L8_k240,3e-05,53.87245655835579,2.1571281767965813e-06,1,1
L8_k240,3e-05,59.55120989163079,2.064625244877125e-07,1,1
L8_k240,3e-05,63.74431651267762,8.535481129016603e-07,1,1
L8_k240,3e-05,68.17037456688598,2.404743008020988e-07,1,1
L8_k240,3e-05,80.44834284387639,0.0005412734618330359,1,1
L8_k240,3e-05,82.64582816841565,0.0003081329903299568,1,1
L8_k240,3e-05,86.15118390673415,4.148537066940769e-05,1,1
L8_k240,3e-05,91.99633679749772,3.866515874445195e-05,1,1
L8_k240,3e-05,96.84331219023036,5.3851992719727944e-05,1,1
L8_k240,3e-05,99.7183661256685,2.70026473164598e-05,1,1
L8_k240,3e-05,103.83717801340046,9.443841049717862e-06,1,1
L8_k240,3e-05,110.22788137382955,7.24663416150968e-06,1,1
L8_k240,3e-05,114.37572904550346,7.172296663920259e-07,1,1
L8_k240,3e-05,122.38723217996633,1.4611853491979324e-08,1,1
L8_k240,3e-05,132.1187462621321,1.55150710730533e-08,1,1
L8_k240,3e-05,139.92212780679108,1.704196260219484e-08,1,1
L8_k240,3e-05,158.63888676738756,0.0002473156006496147,1,1
L8_k240,3e-05,159.39312573493865,0.0013817013633344514,1,1
L8_k240,3e-05,161.98430352135918,0.0002114642043538446,1,1
L8_k240,3e-05,169.67183012811705,9.919183459190701e-05,1,1
L8_k240,3e-05,172.91720321631178,0.00010850066047111411,1,1
L8_k240,3e-05,177.61744510902673,4.031387543846229e-05,1,1
L8_k240,3e-05,186.04817436256297,3.466377786468841e-05,1,1
L8_k240,3e-05,189.62653756467583,8.709540794673468e-06,1,1
L8_k240,3e-05,199.60419895090263,1.6581386920733192e-06,1,1
L8_k240,3e-05,208.51839343483854,1.675468144855282e-05,1,1
L8_k240,3e-05,213.21458622271274,1.3730998974181897e-05,1,1
L8_k240,3e-05,223.79280164554882,3.491247866958397e-05,1,1
L8_k240,3e-05,227.63731424702488,6.310268896168048e-06,1,1
L8_k240,3e-05,236.19469880508996,5.731448055702184e-06,1,1
L8_k240,3e-05,241.76512649663985,2.523471639804973e-06,1,1
L8_k240,3e-05,251.34365702852384,2.130909297361467e-06,1,1
L8_k240,3e-05,263.565647166457,4.650337488717704e-07,1,1
L8_k240,3e-05,270.2555605855745,0.00012691300078294693,1,1
L8_k240,3e-05,274.8393810227637,0.0001022384721092668,1,1
L8_k240,3e-05,282.4433326238898,3.253078600214361e-05,1,1
L8_k240,3e-05,287.943073176215,0.00014200143841073352,1,1
L8_k240,3e-05,295.4472591065868,1.1523001584142381e-05,1,1
L8_k240,3e-05,301.25800383238504,2.1381877052830488e-05,1,1
L8_k240,3e-05,307.4258197096345,4.153575564132105e-06,1,1
L8_k240,3e-05,316.77114901075504,3.6160838507935357e-06,1,1
L8_k240,3e-05,321.789909451793,5.645726893263504e-06,1,1
L8_k240,3e-05,331.45978503342775,2.9334113547583785e-07,1,1
L8_k240,3e-05,337.4813383614822,8.945765845606575e-08,1,1
L8_k240,3e-05,355.82157185448796,5.8454618049342146e-05,1,1
L8_k240,3e-05,358.2292535843169,3.417928748968801e-05,1,1
L8_k240,3e-05,363.774075348282,3.1175284973383204e-06,1,1
L8_k240,3e-05,370.08183385980476,8.19108801094451e-06,1,1
L8_k240,3e-05,374.59769980016114,2.4672229980222724e-06,1,1
L8_k240,3e-05,384.8365066671483,5.589500924518897e-07,1,1
L8_k240,3e-05,388.2431215143717,9.121269290297976e-08,1,1
L8_k240,3e-05,402.07011333886896,9.793987045320146e-10,1,1
L8_k240,3e-05,417.45196246812975,7.286304556686136e-05,1,1
L8_k240,3e-05,419.5480861275432,2.0524229531756122e-05,1,1
L8_k240,3e-05,424.5813954731536,2.517056699600076e-06,1,1
L8_k240,3e-05,429.7410636520239,8.084917475998705e-06,1,1
L8_k240,3e-05,434.5346090059523,3.6758325670741197e-06,1,1
L8_k240,3e-05,442.5235072760518,5.796457784468432e-07,1,1
L8_k240,3e-05,446.0740379538947,1.4234556947871642e-06,1,1
L8_k240,3e-05,450.70804152996965,1.0304392277537468e-07,1,1
L8_k240,3e-05,458.84227386940944,7.329453532320468e-08,1,1
L8_k240,3e-05,463.3953660795522,1.910849358220373e-08,1,1
L8_k240,3e-05,468.62280681189793,4.728546105969988e-10,1,1
L8_k240,3e-05,476.42030372150657,2.558721539088254e-09,1,1
L8_k240,3e-05,479.436674098771,2.0198369903229673e-10,1,1
L8_k240,3e-05,483.96420649952677,6.082431791377899e-12,1,1
L8_k240,3e-05,505.4897524866716,1.1929956040845559e-17,1,1
L8_k240,3e-05,528.8219548107744,8.166503992525207e-07,1,1
L8_k240,3e-05,531.0828674477419,1.9955207827705053e-07,1,1
L8_k240,3e-05,533.2817747652458,5.044799400430749e-07,1,1
L8_k240,3e-05,535.479357278282,1.646425396433147e-07,1,1
L8_k240,3e-05,541.5149901818916,7.494655820185273e-08,1,1
L8_k240,3e-05,544.6623758050258,3.7837954891720913e-07,1,1
L8_k240,3e-05,546.4053956761239,5.245346639244246e-07,1,1
L8_k240,3e-05,549.3453957257294,6.81973652154527e-08,1,1
L8_k240,3e-05,552.7860224146725,1.4059659154551951e-08,1,1
L8_k240,3e-05,558.1884990503934,8.356161843169791e-08,1,1
L8_k240,3e-05,561.7648428977867,2.5964816570194415e-08,1,1
L8_k240,3e-05,564.0144098833694,1.3997277724332744e-08,1,1
L8_k240,3e-05,567.4706790963719,5.803461881868167e-10,1,1
L8_k240,3e-05,571.9609027183326,1.6038284321263727e-09,1,1
L8_k240,3e-05,574.7121906053808,6.961135934134733e-09,1,1
L8_k240,3e-05,576.7816031505511,1.823081300339291e-09,1,1
L8_k240,3e-05,580.1851465221343,1.3765424505645122e-10,1,1
L8_k240,3e-05,582.5378403607559,2.0891284201512002e-11,1,1
L8_k240,3e-05,587.4169753387837,1.405821081832245e-10,1,1
L8_k240,3e-05,589.7007518713394,1.7095602096937304e-11,1,1
L8_k240,3e-05,591.8133769436246,2.2551690784359332e-11,1,1
L8_k240,3e-05,593.4415422482999,8.555489846114836e-13,1,1
L8_k240,3e-05,593.9349666593314,3.803051576310124e-12,1,1
L8_k240,3e-05,596.2357337573774,9.308443819359187e-14,1,1
L8_k240,3e-05,598.2945917295938,3.771746252337526e-14,1,1
L8_k240,3e-05,600.3426635950689,2.0691168380831916e-15,1,1
L8_k240,3e-05,601.691741384447,4.926893898825688e-19,1,1
L8_k240,3e-05,602.6605675802809,1.1407076352853865e-17,1,1
L8_k240,3e-05,605.0014979608621,9.481110080982448e-23,1,1
L8_k240,3e-05,10093.62871560478,0.04117053887137963,1,1
L8_k240,3e-05,10094.388293326574,0.0469424924952171,1,1
L8_k240,3e-05,10095.723009578083,0.02744667830759549,1,1
L8_k240,3e-05,10096.066733616293,0.002396100186211092,1,1
L8_k240,3e-05,10096.408504865143,0.02664838647681574,1,1
L8_k240,3e-05,10097.657174840811,0.0009320498143849103,1,1
L8_k240,3e-05,10098.622383039727,0.0032305819813446823,1,1
L8_k240,3e-05,10099.97183659578,0.002117088615082261,1,1
L8_k240,3e-05,10100.799437554953,0.0029743375667296698,1,1
L8_k240,3e-05,10102.62808964939,0.0008560332229397998,1,1
L8_k240,3e-05,10106.76003377628,0.011158715316884752,1,1
L8_k240,3e-05,10107.583089578347,0.004757511274410165,1,1
L8_k240,3e-05,10109.66056104482,0.011236385830189467,1,1
L8_k240,3e-05,10111.587014207633,0.007226342575553775,1,1
L8_k240,3e-05,10113.861018184296,0.005058365780693949,1,1
L8_k240,3e-05,10116.285422334111,0.0011578548561236796,1,1
L8_k240,3e-05,10121.445723257903,0.0002447777885968527,1,1
L8_k240,3e-05,10123.41310468215,0.005226025406092303,1,1
L8_k240,3e-05,10125.558441018717,0.0026190612270689403,1,1
L8_k240,3e-05,10129.148507151227,0.0002756044658753075,1,1
L8_k240,3e-05,10133.528486097346,4.520695593295625e-05,1,1
L8_k240,3e-05,10136.501413263783,0.0002482810945682311,1,1
L8_k240,3e-05,10139.957137975896,0.00014283714720446253,1,1
L8_k240,3e-05,10143.225691476386,3.742904705723885e-05,1,1
L8_k240,3e-05,10146.858519364498,2.6908936046959884e-06,1,1
L8_k240,3e-05,10152.69758982155,1.585888248182914e-05,1,1
L8_k240,3e-05,10155.030930577266,4.612855975405336e-06,1,1
L8_k240,3e-05,10159.105922170547,2.0579597737122706e-07,1,1
L8_k240,3e-05,10162.308958208007,4.787941202721808e-09,1,1
L8_k240,3e-05,10204.167307641259,1.5528641839569094e-05,1,1
L8_k240,3e-05,10205.254537279898,0.001674278022938634,1,1
L8_k240,3e-05,10207.322361205439,0.0005801293023147872,1,1
L8_k240,3e-05,10209.996866444137,0.0015827976796121755,1,1
L8_k240,3e-05,10212.6187440916,0.00040853064028930275,1,1
L8_k240,3e-05,10222.64396519747,0.0023552141463550696,1,1
L8_k240,3e-05,10224.561155474541,0.003644630910518975,1,1
L8_k240,3e-05,10228.587353526193,0.0004891013525763747,1,1
L8_k240,3e-05,10236.707179608948,0.000818390975685124,1,1
L8_k240,3e-05,10240.689574413798,0.0005800195712398508,1,1
L8_k240,3e-05,10245.924191199783,7.440316869654064e-05,1,1
L8_k240,3e-05,10252.931179723924,0.00020097503829672505,1,1
L8_k240,3e-05,10266.785276732295,0.0005604638603907279,1,1
L8_k240,3e-05,10268.883769904767,0.0031814498789041207,1,1
L8_k240,3e-05,10273.329022568609,0.0025090679711935312,1,1
L8_k240,3e-05,10283.31248435086,0.003210336594269903,1,1
L8_k240,3e-05,10286.249218039564,0.0026866939452574786,1,1
L8_k240,3e-05,10294.889307917221,0.0004461883539753605,1,1
L8_k240,3e-05,10299.452920752941,0.0005267342657423454,1,1
L8_k240,3e-05,10305.180409079569,7.178319532784675e-05,1,1
L8_k240,3e-05,10313.327659536324,0.0001135203803868103,1,1
L8_k240,3e-05,10322.252338933742,4.939357930527832e-06,1,1
L8_k240,3e-05,10331.80148181158,1.1409521097061423e-05,1,1
L8_k240,3e-05,10338.37519468254,5.490208014521929e-06,1,1
L8_k240,3e-05,10352.354714615138,0.00530395162318687,1,1
L8_k240,3e-05,10354.876739662988,0.0032289996760634923,1,1
L8_k240,3e-05,10362.385474773926,0.0005248328396679788,1,1
L8_k240,3e-05,10367.866947761862,0.0012936904005993659,1,1
L8_k240,3e-05,10372.765920921047,0.00042707291777572664,1,1
L8_k240,3e-05,10382.138814954345,0.0003585608043833567,1,1
L8_k240,3e-05,10387.346173879658,3.364224285797628e-05,1,1
L8_k240,3e-05,10397.176548755257,1.4427470343201638e-05,1,1
L8_k240,3e-05,10404.261659323243,3.4999468445028418e-06,1,1
L8_k240,3e-05,10418.27913658804,0.001872609784356488,1,1
L8_k240,3e-05,10420.948533661247,0.0008700345626375061,1,1
L8_k240,3e-05,10429.068150311827,0.00021581327305168985,1,1
L8_k240,3e-05,10433.927065123962,0.00028505982965884607,1,1
L8_k240,3e-05,10439.18212696036,5.3197435110543284e-05,1,1
L8_k240,3e-05,10446.742319939953,8.748738883107156e-05,1,1
L8_k240,3e-05,10454.935224424038,3.588723110806979e-06,1,1
L8_k240,3e-05,10462.299883735785,3.3209617986022978e-06,1,1
L8_k240,3e-05,10469.228154381957,1.171408800899976e-06,1,1
L8_k240,3e-05,10480.528320592428,4.443773495778498e-06,1,1
L8_k240,3e-05,10484.216194682784,6.209768676532527e-06,1,1
L8_k240,3e-05,10492.090818992563,4.284844730728661e-07,1,1
L8_k240,3e-05,10498.541613633524,9.193411087449654e-07,1,1
L8_k240,3e-05,10504.19491277474,1.8683250192457853e-07,1,1
L8_k240,3e-05,10512.067054149073,1.4512595881763178e-07,1,1
L8_k240,3e-05,10516.841469060515,2.845383272034025e-08,1,1
L8_k240,3e-05,10532.410820664405,3.4403840771944856e-10,1,1
L8_k240,3e-05,10541.877213315258,9.99632466469007e-07,1,1
L8_k240,3e-05,10546.101848712931,9.134249572808325e-07,1,1
L8_k240,3e-05,10551.201446941235,2.141124189325593e-07,1,1
L8_k240,3e-05,10558.00141909382,3.970978416144838e-07,1,1
L8_k240,3e-05,10560.636509339134,6.247012762348887e-07,1,1
L8_k240,3e-05,10568.138974265701,6.204803659848602e-08,1,1
L8_k240,3e-05,10572.494618970635,1.1437173117147951e-07,1,1
L8_k240,3e-05,10577.374389137836,3.8805800969210435e-08,1,1
L8_k240,3e-05,10585.5064965744,3.751101265759615e-09,1,1
L8_k240,3e-05,10589.412190151605,1.634986845805648e-08,1,1
L8_k240,3e-05,10594.99599165234,4.16218000602598e-10,1,1
L8_k240,3e-05,10601.692122831199,3.9440751289139133e-10,1,1
L8_k240,3e-05,10606.572121105328,5.94767680508888e-11,1,1
L8_k240,3e-05,10618.728456977491,5.405170265615817e-10,1,1
L8_k240,3e-05,10621.658962952315,4.777846477234259e-10,1,1
L8_k240,3e-05,10628.048066049494,4.1495029851392985e-10,1,1
L8_k240,3e-05,10631.099541163587,8.686616185623987e-10,1,1
L8_k240,3e-05,10635.766120529821,1.8174922920826033e-09,1,1
L8_k240,3e-05,10639.307068243465,7.967934141959994e-10,1,1
L8_k240,3e-05,10642.975970326912,5.729832214985699e-10,1,1
L8_k240,3e-05,10648.341846613645,8.511226504771506e-10,1,1
L8_k240,3e-05,10650.889798934682,3.25930833921288e-10,1,1
L8_k240,3e-05,10655.896070225284,1.4905686965368819e-10,1,1
L8_k240,3e-05,10659.529945661763,9.610944874886597e-11,1,1
L8_k240,3e-05,10662.629323629699,2.6057972311432054e-11,1,1
L8_k240,3e-05,10666.086826793933,5.432165699546453e-11,1,1
L8_k240,3e-05,10669.115023135853,6.423888631626013e-11,1,1
L8_k240,3e-05,10671.839542117763,1.752631870733762e-11,1,1
L8_k240,3e-05,10673.82479862629,2.2786294848758652e-11,1,1
L8_k240,3e-05,10676.6837128224,2.7832757833141775e-12,1,1
L8_k240,3e-05,10680.058838048582,3.2772935449937786e-12,1,1
L8_k240,3e-05,10681.319179662536,7.996167477050957e-13,1,1
L8_k240,3e-05,10683.759295862757,6.878339298760191e-13,1,1
L8_k240,3e-05,10685.078439887806,7.221846841987943e-14,1,1
L8_k240,3e-05,10686.995426383737,8.945737351165614e-15,1,1
L8_k240,3e-05,10688.974947609926,1.7083588977183649e-16,1,1
L8_k240,3e-05,10690.88579390154,5.709359448030962e-17,1,1
L8_k240,3e-05,10691.95723902191,9.791228029329237e-19,1,1
L8_k240,3e-05,10694.041260304644,1.4568906140767297e-20,1,1
L8_k240,3e-05,10694.758196729175,1.3755098694565455e-20,1,1
L8_k240,3e-05,10697.424888686259,2.111112537566199e-25,1,1
L8_k240,3e-05,-0.7041327606405048,0.00014897189590010404,1,0
L8_k240,3e-05,-1.3647058351500476,6.203081536412935e-05,1,0
L8_k240,3e-05,-1.8105275487143828,4.8002349439230114e-05,1,0
L8_k240,3e-05,-3.9428000376806835,1.0487671217048222e-05,1,0
L8_k240,3e-05,-4.244135588196613,6.0316046005038724e-05,1,0
L8_k240,3e-05,-4.819855887992375,7.863378345475186e-05,1,0
L8_k240,3e-05,-5.580834125069124,0.00020201757480968683,1,0
L8_k240,3e-05,-7.263756150401576,1.8428014709792348e-05,1,0
L8_k240,3e-05,-8.12017196048275,2.37819405818135e-05,1,0
L8_k240,3e-05,-9.653252376586877,6.6704624984917315e-06,1,0
L8_k240,3e-05,-12.426818279301457,1.7504883696653133e-05,1,0
L8_k240,3e-05,-14.920426455083863,2.36237527002438e-06,1,0
L8_k240,3e-05,-17.318687565093917,1.143239278820375e-05,1,0
L8_k240,3e-05,-19.766365156239182,0.00027417258924366904,1,0
L8_k240,3e-05,-20.969268282942267,0.00029340174426237953,1,0
L8_k240,3e-05,-23.01119584220792,7.912542879140707e-05,1,0
L8_k240,3e-05,-26.745048984189907,2.680548810428254e-05,1,0
L8_k240,3e-05,-30.313061249692993,3.0884368943156704e-05,1,0
L8_k240,3e-05,-32.998549600023466,7.859883523365642e-05,1,0
L8_k240,3e-05,-36.166554617857265,2.888415788046185e-05,1,0
L8_k240,3e-05,-38.48196978646834,3.198552859040144e-05,1,0
L8_k240,3e-05,-42.617010559594,6.420776370123837e-06,1,0
L8_k240,3e-05,-45.364011857736486,4.547354233755954e-06,1,0
L8_k240,3e-05,-51.209127155005795,1.608413303356909e-05,1,0
L8_k240,3e-05,-53.87244792361443,2.1571391079778108e-06,1,0
L8_k240,3e-05,-59.55118174042554,2.0646223378585884e-07,1,0
L8_k240,3e-05,-63.74431142637389,8.535489060034605e-07,1,0
L8_k240,3e-05,-68.17036939598697,2.404748562040792e-07,1,0
L8_k240,3e-05,-80.44834276674135,0.0005412734047459355,1,0
L8_k240,3e-05,-82.64582760889147,0.00030813299708798653,1,0
L8_k240,3e-05,-86.15118061488734,4.148540375637971e-05,1,0
L8_k240,3e-05,-91.9963325909018,3.866512098724377e-05,1,0
L8_k240,3e-05,-96.84330060756585,5.385171849320579e-05,1,0
L8_k240,3e-05,-99.71834118690228,2.700290061976991e-05,1,0
L8_k240,3e-05,-103.83716277701537,9.443910577743157e-06,1,0
L8_k240,3e-05,-110.22787735469214,7.246635701155354e-06,1,0
L8_k240,3e-05,-114.37571735741894,7.172344136692041e-07,1,0
L8_k240,3e-05,-122.38719744257199,1.4611981242608569e-08,1,0
L8_k240,3e-05,-132.1187350532448,1.5515069021705043e-08,1,0
L8_k240,3e-05,-139.92211962866466,1.704197444025075e-08,1,0
L8_k240,3e-05,-158.63883879937532,0.00024727265672547585,1,0
L8_k240,3e-05,-159.39310646395614,0.0013817402641486593,1,0
L8_k240,3e-05,-161.98427943415908,0.00021146805591343483,1,0
L8_k240,3e-05,-169.67178638318418,9.918963536450424e-05,1,0
L8_k240,3e-05,-172.91714601642875,0.0001085023330248621,1,0
L8_k240,3e-05,-177.61740416360882,4.0314527190366707e-05,1,0
L8_k240,3e-05,-186.04815055589876,3.4663564386371856e-05,1,0
L8_k240,3e-05,-189.62648282984395,8.70981338054292e-06,1,0
L8_k240,3e-05,-199.60416439784964,1.65813930312522e-06,1,0
L8_k240,3e-05,-208.5183857816819,1.675464760069809e-05,1,0
L8_k240,3e-05,-213.2145770695366,1.3731033536277135e-05,1,0
L8_k240,3e-05,-223.7927954905723,3.4912386502341024e-05,1,0
L8_k240,3e-05,-227.63727422021896,6.310354972047246e-06,1,0
L8_k240,3e-05,-236.1946798114155,5.731440309935805e-06,1,0
L8_k240,3e-05,-241.76510167251442,2.523489116961189e-06,1,0
L8_k240,3e-05,-251.34364929366973,2.1309104164306166e-06,1,0
L8_k240,3e-05,-263.5654854348823,4.650062552694812e-07,1,0
L8_k240,3e-05,-270.25555583058167,0.00012691279880645392,1,0
L8_k240,3e-05,-274.83937186781714,0.00010223860779069691,1,0
L8_k240,3e-05,-282.4433024126622,3.2530657612932244e-05,1,0
L8_k240,3e-05,-287.9430663018369,0.0001420015688255674,1,0
L8_k240,3e-05,-295.4471943460781,1.1522959924340104e-05,1,0
L8_k240,3e-05,-301.25797609610237,2.1381951433061036e-05,1,0
L8_k240,3e-05,-307.42577270007126,4.153627484496108e-06,1,0
L8_k240,3e-05,-316.77112471642846,3.616073709683746e-06,1,0
L8_k240,3e-05,-321.7899009638879,5.645744116622137e-06,1,0
L8_k240,3e-05,-331.45975096000285,2.93341160719119e-07,1,0
L8_k240,3e-05,-337.4812995480138,8.945891577619789e-08,1,0
L8_k240,3e-05,-355.8215706384867,5.845453900041284e-05,1,0
L8_k240,3e-05,-358.22924833795105,3.41793463913059e-05,1,0
L8_k240,3e-05,-363.774047197215,3.117538165974894e-06,1,0
L8_k240,3e-05,-370.08182643663196,8.191087729456473e-06,1,0
L8_k240,3e-05,-374.5976911378156,2.4672334348442164e-06,1,0
L8_k240,3e-05,-384.83649768048,5.589487976585475e-07,1,0
L8_k240,3e-05,-388.24309633398417,9.121435123103111e-08,1,0
L8_k240,3e-05,-402.0700349938652,9.79398913878291e-10,1,0
L8_k240,3e-05,-417.45196212303387,7.286301155083693e-05,1,0
L8_k240,3e-05,-419.5480825628176,2.0524252783944037e-05,1,0
L8_k240,3e-05,-424.5813739271683,2.5170572127410647e-06,1,0
L8_k240,3e-05,-429.74105772085727,8.084919657348523e-06,1,0
L8_k240,3e-05,-434.5346029913668,3.6758393532198545e-06,1,0
L8_k240,3e-05,-442.5234743210132,5.796392343129028e-07,1,0
L8_k240,3e-05,-446.07402471008083,1.4234618055038212e-06,1,0
L8_k240,3e-05,-450.70801077848796,1.0304557518538591e-07,1,0
L8_k240,3e-05,-458.8422675783632,7.32945172032524e-08,1,0
L8_k240,3e-05,-463.39535428634167,1.9108568067710716e-08,1,0
L8_k240,3e-05,-468.6227428486679,4.728690662039379e-10,1,0
L8_k240,3e-05,-476.4203017237277,2.5587207545548385e-09,1,0
L8_k240,3e-05,-479.43666488979034,2.0198519619997803e-10,1,0
L8_k240,3e-05,-483.9642007757321,6.08246939498059e-12,1,0
L8_k240,3e-05,-505.48939517792,1.1930134013418519e-17,1,0
L8_k240,3e-05,-528.8219548094447,8.166503970110364e-07,1,0
L8_k240,3e-05,-531.0828672872299,1.9955204419092968e-07,1,0
L8_k240,3e-05,-533.2817744767209,5.044798923926621e-07,1,0
L8_k240,3e-05,-535.4793565642944,1.6464261354067945e-07,1,0
L8_k240,3e-05,-541.514985972592,7.494630066920405e-08,1,0
L8_k240,3e-05,-544.6623671726192,3.7837652152964775e-07,1,0
L8_k240,3e-05,-546.4053877220302,5.245373191650692e-07,1,0
L8_k240,3e-05,-549.3453813422811,6.819789824385926e-08,1,0
L8_k240,3e-05,-552.7860110545353,1.4059757095068755e-08,1,0
L8_k240,3e-05,-558.1884984212547,8.356160811340823e-08,1,0
L8_k240,3e-05,-561.7648390627965,2.5964784394043782e-08,1,0
L8_k240,3e-05,-564.014405185883,1.3997322820773235e-08,1,0
L8_k240,3e-05,-567.4706618973961,5.803515184152444e-10,1,0
L8_k240,3e-05,-571.9609001385262,1.6038275230959705e-09,1,0
L8_k240,3e-05,-574.7121899353081,6.96113589133811e-09,1,0
L8_k240,3e-05,-576.7816022095703,1.8230830037087482e-09,1,0
L8_k240,3e-05,-580.1851451734008,1.3765431380216896e-10,1,0
L8_k240,3e-05,-582.5378388758431,2.0891320769373323e-11,1,0
L8_k240,3e-05,-587.4169753101982,1.4058210644837577e-10,1,0
L8_k240,3e-05,-589.700751515228,1.709560151905782e-11,1,0
L8_k240,3e-05,-591.8133766080144,2.2551688219560005e-11,1,0
L8_k240,3e-05,-593.4415202080822,8.555082638715384e-13,1,0
L8_k240,3e-05,-593.9349643572837,3.803097847056493e-12,1,0
L8_k240,3e-05,-596.2357335798227,9.308446957120078e-14,1,0
L8_k240,3e-05,-598.2945917203539,3.7717463181540394e-14,1,0
L8_k240,3e-05,-600.342663590124,2.069116859650786e-15,1,0
L8_k240,3e-05,-601.6917399835596,4.926909699823723e-19,1,0
L8_k240,3e-05,-602.6605675780853,1.1407076334019536e-17,1,0
L8_k240,3e-05,-605.0014977212448,9.479789878348898e-23,1,0
L8_k240,3e-05,-10093.62871560478,0.04117053887148929,1,0
L8_k240,3e-05,-10094.388293326572,0.04694249249479915,1,0
L8_k240,3e-05,-10095.723009545682,0.027446668331005054,1,0
L8_k240,3e-05,-10096.066729538885,0.002396067096044599,1,0
L8_k240,3e-05,-10096.408504528294,0.026648427052646893,1,0
L8_k240,3e-05,-10097.65716900222,0.0009320432429736769,1,0
L8_k240,3e-05,-10098.622379964921,0.003230582754219435,1,0
L8_k240,3e-05,-10099.971827213481,0.0021170660648468335,1,0
L8_k240,3e-05,-10100.799432850434,0.0029743665146966937,1,0
L8_k240,3e-05,-10102.62808770668,0.000856034900738323,1,0
L8_k240,3e-05,-10106.76003095202,0.011158617037678304,1,0
L8_k240,3e-05,-10107.583074155496,0.004757587377258951,1,0
L8_k240,3e-05,-10109.660556621542,0.011236381233085627,1,0
L8_k240,3e-05,-10111.587008381804,0.00722635630614274,1,0
L8_k240,3e-05,-10113.861014042786,0.005058373926878632,1,0
L8_k240,3e-05,-10116.285416997189,0.0011578594806831261,1,0
L8_k240,3e-05,-10121.445672377342,0.0002447641512966889,1,0
L8_k240,3e-05,-10123.41309813021,0.005226024752266242,1,0
L8_k240,3e-05,-10125.558434145041,0.0026190741832110087,1,0
L8_k240,3e-05,-10129.148492752829,0.0002756057067406152,1,0
L8_k240,3e-05,-10133.528412532089,4.520612479999939e-05,1,0
L8_k240,3e-05,-10136.501399030874,0.0002482817522780765,1,0
L8_k240,3e-05,-10139.957124268329,0.00014283749282542634,1,0
L8_k240,3e-05,-10143.225671199454,3.7429368503287885e-05,1,0
L8_k240,3e-05,-10146.858469450284,2.6909743624958324e-06,1,0
L8_k240,3e-05,-10152.697587001947,1.5858866640044917e-05,1,0
L8_k240,3e-05,-10155.03092525056,4.612876908767293e-06,1,0
L8_k240,3e-05,-10159.105915043376,2.0579691158005552e-07,1,0
L8_k240,3e-05,-10162.30894510589,4.788028568795062e-09,1,0
L8_k240,3e-05,-10204.166963252565,1.5510062346105186e-05,1,0
L8_k240,3e-05,-10205.254513341131,0.0016742666623014045,1,0
L8_k240,3e-05,-10207.322220575137,0.0005801239000437898,1,0
L8_k240,3e-05,-10209.996808154212,0.001582805784801486,1,0
L8_k240,3e-05,-10212.618666515657,0.000408557220201579,1,0
L8_k240,3e-05,-10222.643900736322,0.0023550219411684137,1,0
L8_k240,3e-05,-10224.561069909152,0.0036447857660372334,1,0
L8_k240,3e-05,-10228.587194440115,0.0004891357092734897,1,0
L8_k240,3e-05,-10236.707105314896,0.0008183701871360947,1,0
L8_k240,3e-05,-10240.68943712948,0.0005800346675150738,1,0
L8_k240,3e-05,-10245.92382821541,7.441095069582098e-05,1,0
L8_k240,3e-05,-10252.931150859198,0.0002009763311925359,1,0
L8_k240,3e-05,-10266.784827256462,0.0005601495102255545,1,0
L8_k240,3e-05,-10268.8835812133,0.0031816910913079173,1,0
L8_k240,3e-05,-10273.328955365116,0.002509134678185759,1,0
L8_k240,3e-05,-10283.312389736484,0.0032101531907452975,1,0
L8_k240,3e-05,-10286.24908866156,0.002686871251580093,1,0
L8_k240,3e-05,-10294.888920158619,0.0004461484192085839,1,0
L8_k240,3e-05,-10299.452582851867,0.0005267703514710973,1,0
L8_k240,3e-05,-10305.17976410489,7.179805706271086e-05,1,0
L8_k240,3e-05,-10313.327590071878,0.00011352170482045341,1,0
L8_k240,3e-05,-10322.251729761903,4.939555143030948e-06,1,0
L8_k240,3e-05,-10331.80118138863,1.1409129218486235e-05,1,0
L8_k240,3e-05,-10338.374618715132,5.4906705815428335e-06,1,0
L8_k240,3e-05,-10352.354696346214,0.005303857217779088,1,0
L8_k240,3e-05,-10354.876680008872,0.0032290810394881636,1,0
L8_k240,3e-05,-10362.385207328958,0.0005248114536748508,1,0
L8_k240,3e-05,-10367.866797317101,0.0012936914674419092,1,0
L8_k240,3e-05,-10372.765725417386,0.0004271037604826116,1,0
L8_k240,3e-05,-10382.138739647318,0.0003585580663628527,1,0
L8_k240,3e-05,-10387.34572353387,3.3647209366829915e-05,1,0
L8_k240,3e-05,-10397.176271117856,1.4427436140992256e-05,1,0
L8_k240,3e-05,-10404.26100535144,3.5003513239469063e-06,1,0
L8_k240,3e-05,-10418.279118106084,0.001872579458358745,1,0
L8_k240,3e-05,-10420.948462338629,0.0008700613917481989,1,0
L8_k240,3e-05,-10429.067920354204,0.00021580194426783125,1,0
L8_k240,3e-05,-10433.926840706476,0.00028506625625265977,1,0
L8_k240,3e-05,-10439.181688819946,5.320490086390296e-05,1,0
L8_k240,3e-05,-10446.742270854484,8.748816486293061e-05,1,0
L8_k240,3e-05,-10454.934777394048,3.5888257245594606e-06,1,0
L8_k240,3e-05,-10462.299609288255,3.3210357899327465e-06,1,0
L8_k240,3e-05,-10469.227847217477,1.1714825227337334e-06,1,0
L8_k240,3e-05,-10480.528156358167,4.443433422369995e-06,1,0
L8_k240,3e-05,-10484.216051900494,6.210081145164505e-06,1,0
L8_k240,3e-05,-10492.090123824297,4.284873199462884e-07,1,0
L8_k240,3e-05,-10498.541367851107,9.193532285515686e-07,1,0
L8_k240,3e-05,-10504.194427214177,1.868579641992623e-07,1,0
L8_k240,3e-05,-10512.066881581146,1.4512680475286054e-07,1,0
L8_k240,3e-05,-10516.84125271367,2.845734653844609e-08,1,0
L8_k240,3e-05,-10532.408354400372,3.438584294109193e-10,1,0
L8_k240,3e-05,-10541.877194643619,9.996214445793921e-07,1,0
L8_k240,3e-05,-10546.101770244786,9.13419102972282e-07,1,0
L8_k240,3e-05,-10551.20104643325,2.141162217187004e-07,1,0
L8_k240,3e-05,-10558.000735671169,3.969496596119316e-07,1,0
L8_k240,3e-05,-10560.636134855242,6.248557690617619e-07,1,0
L8_k240,3e-05,-10568.138067574973,6.204041532943532e-08,1,0
L8_k240,3e-05,-10572.494233453182,1.1438164187333792e-07,1,0
L8_k240,3e-05,-10577.374122656496,3.881011276352874e-08,1,0
L8_k240,3e-05,-10585.505510239112,3.750340272617576e-09,1,0
L8_k240,3e-05,-10589.412029755054,1.6350828379263843e-08,1,0
L8_k240,3e-05,-10594.994918806397,4.1636512173420727e-10,1,0
L8_k240,3e-05,-10601.69187361818,3.944192042188271e-10,1,0
L8_k240,3e-05,-10606.571728969724,5.948821714728525e-11,1,0
L8_k240,3e-05,-10618.728380320068,5.40484561044558e-10,1,0
L8_k240,3e-05,-10621.658774685979,4.778060422639651e-10,1,0
L8_k240,3e-05,-10628.047517389434,4.1482467849697393e-10,1,0
L8_k240,3e-05,-10631.099103794593,8.68735573395625e-10,1,0
L8_k240,3e-05,-10635.765929350428,1.81744388857343e-09,1,0
L8_k240,3e-05,-10639.306661631465,7.968430963183028e-10,1,0
L8_k240,3e-05,-10642.975743008259,5.730330224922175e-10,1,0
L8_k240,3e-05,-10648.341732226785,8.510859502906288e-10,1,0
L8_k240,3e-05,-10650.889582264028,3.2597486565493165e-10,1,0
L8_k240,3e-05,-10655.895918934702,1.490547557781892e-10,1,0
L8_k240,3e-05,-10659.529671570577,9.61077410158166e-11,1,0
L8_k240,3e-05,-10662.628525215561,2.6062046508254526e-11,1,0
L8_k240,3e-05,-10666.0865691874,5.4321766061613354e-11,1,0
L8_k240,3e-05,-10669.11482963031,6.423893634723584e-11,1,0
L8_k240,3e-05,-10671.838892892061,1.7525655663393855e-11,1,0
L8_k240,3e-05,-10673.824576280496,2.279072715469312e-11,1,0
L8_k240,3e-05,-10676.683447385174,2.783701680201368e-12,1,0
L8_k240,3e-05,-10680.058647206433,3.2767176188708756e-12,1,0
L8_k240,3e-05,-10681.318593433978,8.002454982154617e-13,1,0
L8_k240,3e-05,-10683.759160284168,6.878305893889637e-13,1,0
L8_k240,3e-05,-10685.078016484944,7.227016841860458e-14,1,0
L8_k240,3e-05,-10686.995240983117,8.948223091682546e-15,1,0
L8_k240,3e-05,-10688.974408163747,1.709654651407691e-16,1,0
L8_k240,3e-05,-10690.885651211089,5.710029035911145e-17,1,0
L8_k240,3e-05,-10691.956309860676,9.821000592761938e-19,1,0
L8_k240,3e-05,-10694.040712781025,1.4575488060749894e-20,1,0
L8_k240,3e-05,-10694.758137332701,1.37595767595546e-20,1,0
L8_k240,3e-05,-10697.424861387482,2.1027383588803475e-25,1,0
L8_k480,0.03,1.1144203071149117,0.0002651428096865568,0,1
L8_k480,0.03,1.1978332838820365,0.001980107035803188,0,1
L8_k480,0.03,2.2569648041789647,0.0020248462970315875,0,1
L8_k480,0.03,2.3432638326782915,0.0036154168295882416,0,1
L8_k480,0.03,3.1050165693186917,9.037676306863964e-06,0,1
L8_k480,0.03,3.409570135282868,2.443680194459671e-07,0,1
L8_k480,0.03,3.8749945331677633,2.610072392327044e-07,0,1
L8_k480,0.03,3.88990320090588,6.712714932567136e-07,0,1
L8_k480,0.03,4.233303767719738,1.9911267520735758e-05,0,1
L8_k480,0.03,4.329005502380334,8.43224758223356e-06,0,1
L8_k480,0.03,4.344313744440488,1.6199464383085227e-06,0,1
L8_k480,0.03,4.461658333030956,4.28697343444901e-29,0,1
L8_k480,0.03,4.471642013310709,6.620705483897654e-30,0,1
L8_k480,0.03,4.545462192958484,9.296534854382951e-07,0,1
L8_k480,0.03,4.55610679918146,2.1428960661675358e-08,0,1
L8_k480,0.03,4.563873088168887,2.55813690448086e-31,0,1
L8_k480,0.03,4.635052386438353,3.1282484818866584e-08,0,1
L8_k480,0.03,4.653989949112666,4.1288454374971264e-32,0,1
L8_k480,0.03,4.963031050287473,4.4201249033991985e-08,0,1
L8_k480,0.03,5.056634795827792,1.605375874025963e-07,0,1
L8_k480,0.03,5.429053719445905,2.397095912071846e-06,0,1
L8_k480,0.03,5.4597021538600305,1.8132944385965003e-05,0,1
L8_k480,0.03,5.464459444138842,4.874815267065912e-30,0,1
L8_k480,0.03,5.499253201730098,7.578672093026281e-07,0,1
L8_k480,0.03,5.542323096717436,4.341325007196292e-06,0,1
L8_k480,0.03,5.604944473189628,1.6317917232942585e-07,0,1
L8_k480,0.03,5.689662877927741,3.043399234963744e-07,0,1
L8_k480,0.03,5.707201413387476,1.8309743461610472e-28,0,1
L8_k480,0.03,5.786971062561197,0.0,0,1
L8_k480,0.03,6.195991739815211,0.003896184797611763,0,1
L8_k480,0.03,6.2589157826897965,0.00460345244661043,0,1
L8_k480,0.03,6.452766783327176,7.629744932606704e-08,0,1
L8_k480,0.03,6.561315984304491,8.607374871992155e-05,0,1
L8_k480,0.03,6.672600515079993,4.1359127470495053e-07,0,1
L8_k480,0.03,6.684909803517159,1.8275610714943105e-05,0,1
L8_k480,0.03,6.901156605339084,3.075247125949098e-05,0,1
L8_k480,0.03,6.977731664844347,4.800320908113976e-06,0,1
L8_k480,0.03,7.07869108680647,2.915252163901255e-05,0,1
L8_k480,0.03,7.176073799697671,1.1671899716846848e-07,0,1
L8_k480,0.03,7.502499845439831,8.427188681957e-07,0,1
L8_k480,0.03,7.627116791844923,1.3009043059670617e-06,0,1
L8_k480,0.03,7.6771014696958515,1.3080420797826013e-07,0,1
L8_k480,0.03,7.803178448057564,9.250363885292194e-07,0,1
L8_k480,0.03,7.860467889140141,7.564616664463234e-07,0,1
L8_k480,0.03,7.905414250804457,7.239892095636418e-07,0,1
L8_k480,0.03,7.93082011981354,1.2934612844282578e-05,0,1
L8_k480,0.03,8.036627824971406,7.117961784574602e-05,0,1
L8_k480,0.03,8.127388183497915,6.463008527440392e-05,0,1
L8_k480,0.03,8.304752329032546,1.431645145186482e-05,0,1
L8_k480,0.03,8.400441052117678,9.914796663073423e-06,0,1
L8_k480,0.03,8.426617148930127,4.165406658887361e-06,0,1
L8_k480,0.03,8.500593822970497,1.7516156178504864e-06,0,1
L8_k480,0.03,8.640376689877044,2.6474387397721693e-07,0,1
L8_k480,0.03,8.766198417943878,6.236758396608587e-07,0,1
L8_k480,0.03,8.81597675666186,3.2260733648768293e-06,0,1
L8_k480,0.03,8.983861582066273,1.0849293156527086e-05,0,1
L8_k480,0.03,9.131172028746144,5.589374531256097e-07,0,1
L8_k480,0.03,9.233377136350736,4.170659552076667e-06,0,1
L8_k480,0.03,9.356000162207083,7.862163168804062e-06,0,1
L8_k480,0.03,9.413405490515059,0.0001089503359449049,0,1
L8_k480,0.03,9.525332349455041,1.2130169204405902e-05,0,1
L8_k480,0.03,9.635569599733504,2.4922051837900402e-06,0,1
L8_k480,0.03,9.808775860585031,1.5268567951603793e-07,0,1
L8_k480,0.03,10.05887202557145,2.669992771096395e-08,0,1
L8_k480,0.03,10.265524395074262,1.2448522268881702e-06,0,1
L8_k480,0.03,10.32821914618142,1.2574649760716533e-05,0,1
L8_k480,0.03,10.406848881203503,2.3402234376383248e-05,0,1
L8_k480,0.03,10.494896589766812,1.057158752264433e-05,0,1
L8_k480,0.03,10.593398362573438,9.848883698142382e-06,0,1
L8_k480,0.03,11.0126365466725,4.098019695782072e-08,0,1
L8_k480,0.03,11.146989178005649,1.6054067469080337e-07,0,1
L8_k480,0.03,11.295977973502936,2.817906965017957e-07,0,1
L8_k480,0.03,11.456796989538086,4.037465028347253e-07,0,1
L8_k480,0.03,11.624534936523794,9.015073046199363e-06,0,1
L8_k480,0.03,11.70320763375138,6.44149004430181e-07,0,1
L8_k480,0.03,12.041033402108452,2.79059800226879e-07,0,1
L8_k480,0.03,12.218687496510924,9.500250705926655e-07,0,1
L8_k480,0.03,12.364463214656867,7.856294532116192e-06,0,1
L8_k480,0.03,12.57674987848684,6.279725148139494e-05,0,1
L8_k480,0.03,12.66776030193809,3.704260506494757e-05,0,1
L8_k480,0.03,12.769275319204437,7.094525611483386e-05,0,1
L8_k480,0.03,13.07276368015388,2.055201065682471e-05,0,1
L8_k480,0.03,13.315821448465933,4.360699713009613e-06,0,1
L8_k480,0.03,13.420083647624503,1.8271692449998045e-05,0,1
L8_k480,0.03,13.613540926416727,8.205659705400616e-05,0,1
L8_k480,0.03,13.734377724679424,0.00021163468225622484,0,1
L8_k480,0.03,13.882252487941122,0.00018019322752935434,0,1
L8_k480,0.03,14.053752005796454,4.7663826399609714e-05,0,1
L8_k480,0.03,14.210369002605704,5.637571862845396e-05,0,1
L8_k480,0.03,14.416189855216711,1.2278603085482754e-05,0,1
L8_k480,0.03,14.770321882609636,2.073746110222034e-05,0,1
L8_k480,0.03,14.840282770126356,3.972567740675443e-05,0,1
L8_k480,0.03,14.983627097008158,0.00011770835164959907,0,1
L8_k480,0.03,15.157056566723666,0.00010068894310083669,0,1
L8_k480,0.03,15.568518742531177,4.473902156270299e-08,0,1
L8_k480,0.03,15.885872589749289,4.906252778153557e-06,0,1
L8_k480,0.03,16.023057575265884,4.04111216650713e-06,0,1
L8_k480,0.03,16.168323958566763,5.994123049984572e-07,0,1
L8_k480,0.03,16.594885173102767,2.866856777006234e-07,0,1
L8_k480,0.03,16.698703744349967,1.1847975743716674e-06,0,1
L8_k480,0.03,17.070060398387902,1.7775086650823037e-05,0,1
L8_k480,0.03,17.242483545053762,1.7123969485187268e-05,0,1
L8_k480,0.03,17.374425563951267,5.689470148068292e-05,0,1
L8_k480,0.03,17.601907169358142,4.918337902534682e-05,0,1
L8_k480,0.03,17.80140349149486,2.542659011208e-05,0,1
L8_k480,0.03,18.11219841951546,1.4554371310045212e-05,0,1
L8_k480,0.03,18.320991814581188,1.6549624370369368e-05,0,1
L8_k480,0.03,18.501879041198276,3.436616167794838e-05,0,1
L8_k480,0.03,18.669297905713993,9.17231146738518e-06,0,1
L8_k480,0.03,19.151384663458234,8.095240850595679e-06,0,1
L8_k480,0.03,19.30063362285306,0.00683032048126278,0,1
L8_k480,0.03,19.44109654158078,0.0007815481096498654,0,1
L8_k480,0.03,19.510422173819027,0.0003377812760235282,0,1
L8_k480,0.03,19.775971022687834,1.5223778319484718e-05,0,1
L8_k480,0.03,20.052807487096736,3.2582321356959098e-06,0,1
L8_k480,0.03,20.470534679331603,2.8468598015944497e-07,0,1
L8_k480,0.03,20.69773542800656,5.836726758336714e-06,0,1
L8_k480,0.03,21.016903266564096,2.5678961494033943e-06,0,1
L8_k480,0.03,21.174768321595074,1.2481076276992168e-05,0,1
L8_k480,0.03,21.472149658050185,8.541785991387913e-07,0,1
L8_k480,0.03,21.78380006606164,1.5895005796014521e-06,0,1
L8_k480,0.03,22.08250417284619,2.892750119859559e-05,0,1
L8_k480,0.03,22.27902674489251,7.028791870584409e-05,0,1
L8_k480,0.03,22.44536627073297,5.6932087125762696e-05,0,1
L8_k480,0.03,22.66593085587999,5.2652750008403944e-05,0,1
L8_k480,0.03,23.004025244087458,1.3628324259818424e-05,0,1
L8_k480,0.03,23.299466917235453,2.114903488030923e-05,0,1
L8_k480,0.03,23.467442185242724,6.2858995586180085e-06,0,1
L8_k480,0.03,23.841686248309063,5.020748027212278e-06,0,1
L8_k480,0.03,24.01466836771034,4.6725100251809e-05,0,1
L8_k480,0.03,24.17396663037683,3.719844604386684e-05,0,1
L8_k480,0.03,24.701498494041818,1.3319232394409514e-06,0,1
L8_k480,0.03,25.027780242400034,3.599603609286834e-05,0,1
L8_k480,0.03,25.194761156859844,4.2726812432574554e-05,0,1
L8_k480,0.03,25.52272552514564,1.3501585094905314e-05,0,1
L8_k480,0.03,25.734475567942205,2.1867565654850766e-06,0,1
L8_k480,0.03,26.202079734954957,5.609374568264911e-06,0,1
L8_k480,0.03,26.340119503936865,1.0313802956843459e-05,0,1
L8_k480,0.03,26.554756141392605,7.318881388426565e-06,0,1
L8_k480,0.03,26.766447163940605,8.284769830010622e-06,0,1
L8_k480,0.03,27.39277077771926,1.0320892395430438e-05,0,1
L8_k480,0.03,27.58213122164745,4.584725909491432e-06,0,1
L8_k480,0.03,27.830209472038312,2.2361312813929973e-05,0,1
L8_k480,0.03,27.98482473685348,1.5070153372213384e-05,0,1
L8_k480,0.03,28.489503881516992,1.1186643570892819e-06,0,1
L8_k480,0.03,28.847952874827428,3.0427881191960368e-05,0,1
L8_k480,0.03,28.99840558953026,4.4897852018799684e-05,0,1
L8_k480,0.03,29.103704728561066,7.1051602740252355e-06,0,1
L8_k480,0.03,29.69420716095255,9.263262382387542e-07,0,1
L8_k480,0.03,30.009429952988146,2.451661066523118e-06,0,1
L8_k480,0.03,30.298797549340424,6.3020166041236885e-06,0,1
L8_k480,0.03,30.548234986728545,1.9795331361271544e-05,0,1
L8_k480,0.03,30.783868896506842,2.1441544847440124e-05,0,1
L8_k480,0.03,30.93401672034518,5.901320636703391e-06,0,1
L8_k480,0.03,31.54616206802822,1.5832248964986197e-05,0,1
L8_k480,0.03,31.709296150267615,1.531773659923358e-05,0,1
L8_k480,0.03,31.94549537771595,5.814485746061447e-06,0,1
L8_k480,0.03,32.528551279952715,2.3813560741154445e-06,0,1
L8_k480,0.03,32.77630516406815,2.786364692467658e-05,0,1
L8_k480,0.03,32.93762208552056,2.5913704147786182e-05,0,1
L8_k480,0.03,33.289744482994095,3.190171626310386e-06,0,1
L8_k480,0.03,33.58893390946075,1.0795697766453335e-06,0,1
L8_k480,0.03,34.00635256002544,1.5440482675460555e-06,0,1
L8_k480,0.03,34.29550939009149,2.008152505162994e-06,0,1
L8_k480,0.03,34.65887912070297,1.0605538848362048e-06,0,1
L8_k480,0.03,34.97112040689478,1.0684565502995673e-05,0,1
L8_k480,0.03,35.19125966706146,1.94785183987288e-05,0,1
L8_k480,0.03,35.4166033945776,6.642866549442114e-06,0,1
L8_k480,0.03,35.78174737664959,1.380768999899586e-06,0,1
L8_k480,0.03,36.16101853274997,1.785570517357725e-06,0,1
L8_k480,0.03,36.55494665678118,1.7097381777716067e-07,0,1
L8_k480,0.03,36.96191293869485,1.1792856406593551e-05,0,1
L8_k480,0.03,37.115555546935425,9.84437299626231e-06,0,1
L8_k480,0.03,37.44505802408361,3.276401801765439e-07,0,1
L8_k480,0.03,37.9058301035489,1.659531385985398e-07,0,1
L8_k480,0.03,38.16544376154186,5.691527073573159e-07,0,1
L8_k480,0.03,38.50482936262643,1.3153540183258078e-07,0,1
L8_k480,0.03,38.86247422877829,6.50508572598453e-08,0,1
L8_k480,0.03,39.34867607789229,7.636030612150757e-07,0,1
L8_k480,0.03,39.46973082368338,1.170884557409197e-06,0,1
L8_k480,0.03,39.94865188214149,1.1903644033594732e-07,0,1
L8_k480,0.03,40.4098068076044,1.4074761084940633e-06,0,1
L8_k480,0.03,40.582574661348225,2.9999312572316902e-06,0,1
L8_k480,0.03,40.786581116907776,2.1406855970595103e-07,0,1
L8_k480,0.03,41.38134143396811,5.766032377236561e-07,0,1
L8_k480,0.03,41.68063165083525,6.296749677866863e-06,0,1
L8_k480,0.03,41.81235991438513,2.902848497879467e-06,0,1
L8_k480,0.03,42.44857766292093,3.2038751739019866e-07,0,1
L8_k480,0.03,42.64739880933092,6.702977854798695e-06,0,1
L8_k480,0.03,42.85175730769192,1.2476651362085635e-06,0,1
L8_k480,0.03,43.40717057297844,5.4388880230720174e-08,0,1
L8_k480,0.03,43.764571384072795,1.7327219588169997e-06,0,1
L8_k480,0.03,43.934428460338914,5.258195105428303e-07,0,1
L8_k480,0.03,44.479492284608746,6.23353989554188e-08,0,1
L8_k480,0.03,44.84448353587302,8.506991849166324e-08,0,1
L8_k480,0.03,45.25363350477088,1.8597671630641899e-07,0,1
L8_k480,0.03,45.58207241269991,4.759650936942327e-06,0,1
L8_k480,0.03,45.73336016483166,2.997068117198463e-06,0,1
L8_k480,0.03,46.14016521230277,3.044286823881367e-07,0,1
L8_k480,0.03,46.442867034716066,8.286303835387427e-06,0,1
L8_k480,0.03,46.79217047229271,4.73217193738545e-07,0,1
L8_k480,0.03,47.13318988008851,1.8216990832818668e-07,0,1
L8_k480,0.03,47.71342344158567,2.348854932458429e-07,0,1
L8_k480,0.03,47.849639850922095,2.215217298841551e-07,0,1
L8_k480,0.03,48.30539422609831,4.9767884501035045e-08,0,1
L8_k480,0.03,48.740957225300676,2.2397550697196512e-07,0,1
L8_k480,0.03,48.883660660838096,1.6797100671260105e-07,0,1
L8_k480,0.03,49.58624614605777,1.7525965187433744e-06,0,1
L8_k480,0.03,49.73719312172219,3.9996529960747305e-06,0,1
L8_k480,0.03,50.041645728173194,3.337298473705131e-06,0,1
L8_k480,0.03,50.236749962280605,2.7904673666451214e-07,0,1
L8_k480,0.03,50.71093719693138,8.308831264237486e-08,0,1
L8_k480,0.03,51.22340951771479,1.3287352833772256e-07,0,1
L8_k480,0.03,51.40385289732652,3.6425366379977016e-08,0,1
L8_k480,0.03,51.762550488295105,2.443436194654614e-08,0,1
L8_k480,0.03,52.19434909829532,2.2660942742029742e-08,0,1
L8_k480,0.03,52.383753646252664,2.9724878807806376e-08,0,1
L8_k480,0.03,52.96001496775427,7.531911614850538e-09,0,1
L8_k480,0.03,53.2116303269426,5.3645791571271696e-09,0,1
L8_k480,0.03,53.569611465063524,1.5705315794623485e-09,0,1
L8_k480,0.03,53.993096180215495,1.98616179350077e-09,0,1
L8_k480,0.03,54.37573584358028,1.4327457776036156e-09,0,1
L8_k480,0.03,54.69146007039879,2.0625492343526452e-10,0,1
L8_k480,0.03,55.19760541237388,1.1385100800268967e-10,0,1
L8_k480,0.03,55.565461868950834,2.0220194552592863e-10,0,1
L8_k480,0.03,56.0106322341064,3.3414897635173814e-11,0,1
L8_k480,0.03,56.56909099068511,4.3558612445974197e-10,0,1
L8_k480,0.03,56.82376106775173,1.3791497854448485e-09,0,1
L8_k480,0.03,57.36117473763978,1.8587017620236618e-09,0,1
L8_k480,0.03,57.66809677414137,4.8515932795474205e-09,0,1
L8_k480,0.03,57.96654108308292,1.1342601607027033e-08,0,1
L8_k480,0.03,58.49694041133388,1.2202124261977984e-07,0,1
L8_k480,0.03,58.65993583226141,1.3069290277017226e-06,0,1
L8_k480,0.03,58.86211520909131,7.03938601103986e-07,0,1
L8_k480,0.03,59.07539523432481,3.608232964983045e-08,0,1
L8_k480,0.03,59.472220296363574,2.510408638726487e-09,0,1
L8_k480,0.03,59.924448520381254,1.0002098019698373e-09,0,1
L8_k480,0.03,60.40891709376625,1.8807011230598986e-09,0,1
L8_k480,0.03,60.74687839854444,3.6680504125301196e-09,0,1
L8_k480,0.03,61.09014217168629,5.368966360309857e-10,0,1
L8_k480,0.03,61.567745575762245,2.0767658193174933e-09,0,1
L8_k480,0.03,61.8153367019354,2.289350156137756e-09,0,1
L8_k480,0.03,62.14477086009059,6.108976392742461e-10,0,1
L8_k480,0.03,62.58350478083267,7.424562682972281e-10,0,1
L8_k480,0.03,62.82032661689782,6.471273000062383e-10,0,1
L8_k480,0.03,63.265665262721534,7.015723298825694e-10,0,1
L8_k480,0.03,63.45510912588939,9.385752840458789e-11,0,1
L8_k480,0.03,64.1982234339746,9.860606169760766e-11,0,1
L8_k480,0.03,64.35279273497962,4.5724780357472277e-10,0,1
L8_k480,0.03,64.87273452844377,1.4692669691040267e-10,0,1
L8_k480,0.03,65.11059969195327,5.131630735367549e-11,0,1
L8_k480,0.03,65.62880681760001,1.212840819787938e-10,0,1
L8_k480,0.03,65.94994758326146,1.0223301653418595e-10,0,1
L8_k480,0.03,66.2135337907888,6.433535092209398e-11,0,1
L8_k480,0.03,66.77230590093303,6.21594747463694e-11,0,1
L8_k480,0.03,67.0916756796174,1.0589290564784187e-10,0,1
L8_k480,0.03,67.28583670484926,2.3002137638159536e-11,0,1
L8_k480,0.03,67.88772404084743,8.872789072391921e-12,0,1
L8_k480,0.03,68.18159405211442,2.1110042701823333e-10,0,1
L8_k480,0.03,68.37157898946205,7.070862024039031e-12,0,1
L8_k480,0.03,69.12700350081927,7.188347569784609e-12,0,1
L8_k480,0.03,69.4632215280692,3.494395970817296e-11,0,1
L8_k480,0.03,69.74030281161946,6.198212958823186e-11,0,1
L8_k480,0.03,70.07677575970368,6.14962940948094e-11,0,1
L8_k480,0.03,70.2964741848417,5.758697612393482e-11,0,1
L8_k480,0.03,70.88825815054193,7.474231649326667e-11,0,1
L8_k480,0.03,71.08985123367265,3.0206819017285293e-11,0,1
L8_k480,0.03,71.41193897441644,5.21417643310404e-12,0,1
L8_k480,0.03,72.02064533939388,3.5718076427733875e-11,0,1
L8_k480,0.03,72.21773711728555,5.659788501310724e-11,0,1
L8_k480,0.03,72.55009249570939,6.907167227321266e-12,0,1
L8_k480,0.03,72.92065552740179,2.696047437566257e-12,0,1
L8_k480,0.03,73.42412546730968,3.6136926182124887e-12,0,1
L8_k480,0.03,73.70391193652114,5.264416416205136e-12,0,1
L8_k480,0.03,74.20573478881276,1.4832757094786837e-11,0,1
L8_k480,0.03,74.40685104148487,3.8560498664198907e-11,0,1
L8_k480,0.03,74.66990561132043,9.137247396281045e-12,0,1
L8_k480,0.03,75.08149823937369,1.7142304706070158e-12,0,1
L8_k480,0.03,75.48350838356006,2.29631154337041e-12,0,1
L8_k480,0.03,75.76674479225726,4.847511253120328e-13,0,1
L8_k480,0.03,76.32151408526438,9.47440432026404e-12,0,1
L8_k480,0.03,76.49777534108695,1.2153077792608428e-11,0,1
L8_k480,0.03,76.79007745575076,6.657722352376533e-13,0,1
L8_k480,0.03,77.3184886337035,1.9567616682217757e-13,0,1
L8_k480,0.03,77.58267269939469,4.505061006535812e-13,0,1
L8_k480,0.03,77.88989746459191,1.5487358006273876e-13,0,1
L8_k480,0.03,78.41525042442846,3.536623207219017e-14,0,1
L8_k480,0.03,78.69932364857551,1.3613286052354549e-13,0,1
L8_k480,0.03,78.9831519843523,4.43280706310573e-14,0,1
L8_k480,0.03,79.45808014439638,1.1592410653833917e-14,0,1
L8_k480,0.03,79.77158511278355,6.812845680688914e-14,0,1
L8_k480,0.03,80.01097882078267,3.930290455639178e-14,0,1
L8_k480,0.03,80.73894479162841,3.31659317968249e-14,0,1
L8_k480,0.03,80.91969776910648,6.024208317331903e-14,0,1
L8_k480,0.03,81.0451886048243,8.857093140216765e-14,0,1
L8_k480,0.03,81.70570323570986,2.820521428761892e-15,0,1
L8_k480,0.03,82.04039939673355,3.218720837571226e-15,0,1
L8_k480,0.03,82.28560560333285,2.213650614851382e-15,0,1
L8_k480,0.03,82.75874322806827,5.193987728707721e-15,0,1
L8_k480,0.03,83.00798923335142,1.7068098180559598e-15,0,1
L8_k480,0.03,83.54429247479784,4.46593675022175e-16,0,1
L8_k480,0.03,83.85220510166032,3.7644915356829085e-15,0,1
L8_k480,0.03,84.11661778606305,2.8573644437844138e-15,0,1
L8_k480,0.03,84.65422477389575,1.4592621136109583e-14,0,1
L8_k480,0.03,84.89692724861258,7.426065705464353e-14,0,1
L8_k480,0.03,84.99624938221443,3.011428847534454e-14,0,1
L8_k480,0.03,85.36279923112998,9.232999736740968e-16,0,1
L8_k480,0.03,85.76624870883605,3.9936547579931987e-16,0,1
L8_k480,0.03,86.07581465907066,2.0469384700712272e-16,0,1
L8_k480,0.03,86.65913877719377,2.581595531266484e-16,0,1
L8_k480,0.03,86.8167457604942,6.112855842888193e-16,0,1
L8_k480,0.03,87.1397860252306,1.114579363516852e-16,0,1
L8_k480,0.03,87.63872369389371,7.88249047838298e-17,0,1
L8_k480,0.03,87.98822586442415,2.5236190908621116e-16,0,1
L8_k480,0.03,88.17374193272984,3.4707782637528695e-16,0,1
L8_k480,0.03,88.44953685548165,5.790528766347145e-17,0,1
L8_k480,0.03,89.01651127501276,5.555915149555967e-17,0,1
L8_k480,0.03,89.18519789560938,1.3867807373926796e-16,0,1
L8_k480,0.03,89.410230492581,1.261686368316563e-17,0,1
L8_k480,0.03,90.10834029678885,2.0741054388537592e-18,0,1
L8_k480,0.03,90.34289881414256,7.57716281176263e-17,0,1
L8_k480,0.03,90.66795986795881,1.6914910012503736e-18,0,1
L8_k480,0.03,91.19139342949428,1.2949625227467146e-17,0,1
L8_k480,0.03,91.38748263283269,7.700335223192191e-17,0,1
L8_k480,0.03,91.63053496781758,1.2790900602303791e-17,0,1
L8_k480,0.03,92.04456927965416,4.873592050365256e-17,0,1
L8_k480,0.03,92.37241961281767,3.353689013273218e-17,0,1
L8_k480,0.03,92.56160038939404,5.607978418194019e-17,0,1
L8_k480,0.03,92.95016026981043,1.2406501759572833e-17,0,1
L8_k480,0.03,93.12778710269087,1.8602228451268112e-17,0,1
L8_k480,0.03,93.44735435766482,1.4273052162567953e-18,0,1
L8_k480,0.03,93.72207790199104,3.199093660068671e-19,0,1
L8_k480,0.03,94.20688250205669,4.779168111256469e-19,0,1
L8_k480,0.03,94.57879527831653,7.696193005664679e-20,0,1
L8_k480,0.03,94.85005991663064,4.0336951594516845e-20,0,1
L8_k480,0.03,95.36727962790935,1.5916083418928657e-19,0,1
L8_k480,0.03,95.74377133193542,8.979022603398419e-19,0,1
L8_k480,0.03,95.96599352041885,2.1997275597918533e-18,0,1
L8_k480,0.03,96.29149261464936,2.42918198887563e-17,0,1
L8_k480,0.03,96.46548008857555,1.7290988786202904e-17,0,1
L8_k480,0.03,96.81307795484612,9.848088790499257e-19,0,1
L8_k480,0.03,97.12525702547516,6.6022440652405944e-18,0,1
L8_k480,0.03,97.24343390290616,2.2724245147495588e-18,0,1
L8_k480,0.03,97.47659920879408,6.690335050665998e-19,0,1
L8_k480,0.03,98.16409466607602,5.8455321328611146e-18,0,1
L8_k480,0.03,98.21578047717347,1.3624779606443704e-18,0,1
L8_k480,0.03,98.46048939023281,3.260778735172684e-19,0,1
L8_k480,0.03,98.76488483310887,5.97983111083366e-20,0,1
L8_k480,0.03,99.19991115401578,4.0349040461135865e-20,0,1
L8_k480,0.03,99.42070025007818,1.6997416547265326e-19,0,1
L8_k480,0.03,99.77901812175062,2.9502564572986923e-19,0,1
L8_k480,0.03,99.9543119073144,2.3200811097416262e-20,0,1
L8_k480,0.03,100.36371098530067,5.423505580894155e-20,0,1
L8_k480,0.03,100.70519079403215,8.356357954228896e-19,0,1
L8_k480,0.03,100.84540199952272,7.04295566517046e-19,0,1
L8_k480,0.03,101.02284094784834,2.3722667126135946e-18,0,1
L8_k480,0.03,101.3496435568068,1.5274684476016122e-18,0,1
L8_k480,0.03,101.4922825357365,1.4563094050025458e-19,0,1
L8_k480,0.03,101.75821760490966,2.3222355555615596e-21,0,1
L8_k480,0.03,102.27695695461061,1.45128127234741e-23,0,1
L8_k480,0.03,102.55494629400465,2.8080577895570985e-22,0,1
L8_k480,0.03,102.98580445153524,1.2157555294808538e-21,0,1
L8_k480,0.03,103.20060102523628,3.6314742067141443e-22,0,1
L8_k480,0.03,103.394314610016,2.7602677327164077e-21,0,1
L8_k480,0.03,103.6735795234884,2.6667596225448563e-22,0,1
L8_k480,0.03,104.00577896849344,2.8136129781354885e-22,0,1
L8_k480,0.03,104.34354253111889,1.710835020656877e-21,0,1
L8_k480,0.03,104.48257646978338,1.4439144414734437e-21,0,1
L8_k480,0.03,104.71410745213491,9.134750711673556e-22,0,1
L8_k480,0.03,105.00912385398506,8.501427593188307e-23,0,1
L8_k480,0.03,105.34597447491987,4.809113210797224e-22,0,1
L8_k480,0.03,105.50548502255938,1.1643346459224286e-21,0,1
L8_k480,0.03,105.64533775695504,3.5869601785041836e-22,0,1
L8_k480,0.03,105.84492705997899,2.266734412722572e-22,0,1
L8_k480,0.03,106.32762607208903,5.895777920719891e-23,0,1
L8_k480,0.03,106.52396305632602,3.125403702429821e-22,0,1
L8_k480,0.03,106.61243576824126,3.103455379512991e-23,0,1
L8_k480,0.03,106.93727047186398,3.6623621838337284e-24,0,1
L8_k480,0.03,107.32981239795753,1.6979514957844085e-24,0,1
L8_k480,0.03,107.57793186455767,1.3859753178199014e-23,0,1
L8_k480,0.03,107.75596257823402,6.655064808964201e-24,0,1
L8_k480,0.03,107.96942635838928,1.0284020174374428e-24,0,1
L8_k480,0.03,108.35464803127084,1.6325066594133138e-24,0,1
L8_k480,0.03,108.57468936010318,2.2075783033135645e-24,0,1
L8_k480,0.03,108.79096267631124,3.544310123711602e-23,0,1
L8_k480,0.03,108.9313864483139,6.666251888386642e-23,0,1
L8_k480,0.03,109.09228492129412,4.168525995291017e-23,0,1
L8_k480,0.03,109.1687351717753,4.863901028243393e-23,0,1
L8_k480,0.03,109.71590137515254,4.974824805236022e-25,0,1
L8_k480,0.03,109.80779735083671,2.789870139797057e-24,0,1
L8_k480,0.03,110.14696862187712,3.1646202261124113e-23,0,1
L8_k480,0.03,110.19577262550033,6.423307231743116e-23,0,1
L8_k480,0.03,110.49343412658934,7.238377472022244e-27,0,1
L8_k480,0.03,110.80088416458416,1.3984264473629106e-25,0,1
L8_k480,0.03,110.90206619404118,4.448096595455684e-26,0,1
L8_k480,0.03,111.09923525893453,3.3110630933217954e-26,0,1
L8_k480,0.03,111.34153630795794,8.38451568404506e-27,0,1
L8_k480,0.03,111.67618473275155,3.909919400927435e-27,0,1
L8_k480,0.03,111.92830408189343,4.453174746360084e-27,0,1
L8_k480,0.03,112.05836804152963,2.2329953146796702e-26,0,1
L8_k480,0.03,112.18386568223727,9.113621670117572e-27,0,1
L8_k480,0.03,112.37627443062674,2.0403331094558255e-26,0,1
L8_k480,0.03,112.46681259539254,4.800008566434803e-27,0,1
L8_k480,0.03,112.88178742320119,1.2852693540066468e-27,0,1
L8_k480,0.03,113.10952497033472,6.227432572315402e-27,0,1
L8_k480,0.03,113.19125645264033,3.9700116680927654e-27,0,1
L8_k480,0.03,113.3955680731956,7.051815203298364e-27,0,1
L8_k480,0.03,113.45950300571675,7.753189133274556e-27,0,1
L8_k480,0.03,113.71305923723133,5.077089481096547e-30,0,1
L8_k480,0.03,113.9631556008801,1.0777977391826513e-29,0,1
L8_k480,0.03,114.22572915418306,1.2275530202248146e-29,0,1
L8_k480,0.03,114.43642919881876,3.0229294470738514e-27,0,1
L8_k480,0.03,114.515347228478,1.1592151013526332e-27,0,1
L8_k480,0.03,114.83827930418889,1.9869113671951423e-28,0,1
L8_k480,0.03,114.9124638039707,5.0388721227195964e-27,0,1
L8_k480,0.03,114.97538377414094,1.5656718170575172e-27,0,1
L8_k480,0.03,115.21765035890773,1.0423920877246137e-28,0,1
L8_k480,0.03,115.30150729976398,3.47561840867501e-29,0,1
L8_k480,0.03,115.62212203557705,6.557181126846113e-29,0,1
L8_k480,0.03,115.69472955207104,6.030274061258465e-29,0,1
L8_k480,0.03,115.91102329968368,4.0109530173591825e-27,0,1
L8_k480,0.03,115.96566562641524,3.2301591016265276e-27,0,1
L8_k480,0.03,116.05779309482851,1.1444916650307939e-28,0,1
L8_k480,0.03,116.2427828730213,8.04191446753922e-28,0,1
L8_k480,0.03,116.29491631554201,1.196369543245897e-27,0,1
L8_k480,0.03,116.4644992716282,4.167362414127803e-29,0,1
L8_k480,0.03,116.67906952392403,3.7703923247003497e-29,0,1
L8_k480,0.03,116.73751626239425,9.033457128300666e-29,0,1
L8_k480,0.03,116.81283070546056,2.0614171145147377e-31,0,1
L8_k480,0.03,117.06270034327453,1.3476639185122991e-27,0,1
L8_k480,0.03,117.12230743910028,6.268569266712378e-28,0,1
L8_k480,0.03,117.36038415452926,1.906184525690282e-32,0,1
L8_k480,0.03,117.47596280454225,1.4610071108161905e-32,0,1
L8_k480,0.03,117.71266636588358,1.2520523204457006e-30,0,1
L8_k480,0.03,117.72228837161975,1.942572322104721e-31,0,1
L8_k480,0.03,117.92269567056258,1.222847590028183e-33,0,1
L8_k480,0.03,118.03613364708279,8.206102446129672e-34,0,1
L8_k480,0.03,118.12902951157672,2.458362369390779e-32,0,1
L8_k480,0.03,118.19730328290566,2.0424219943445883e-32,0,1
L8_k480,0.03,118.31896125885685,3.3557015103924345e-33,0,1
L8_k480,0.03,118.45617484948106,1.1007594233794622e-31,0,1
L8_k480,0.03,118.49547287328846,3.2652851831829055e-32,0,1
L8_k480,0.03,118.62562560569903,1.4729193545542046e-32,0,1
L8_k480,0.03,118.73887248657867,5.276174675294634e-32,0,1
L8_k480,0.03,118.85003985538582,8.06687465005011e-32,0,1
L8_k480,0.03,118.9432063329708,2.4200483979178156e-33,0,1
L8_k480,0.03,119.00738993042245,6.535038597708671e-34,0,1
L8_k480,0.03,119.06851023127408,6.322709962604478e-33,0,1
L8_k480,0.03,119.09924713960265,9.578170258895662e-33,0,1
L8_k480,0.03,119.18353950878463,1.27896683468917e-32,0,1
L8_k480,0.03,119.23755100225328,1.1857767280910938e-32,0,1
L8_k480,0.03,119.27671480919125,6.472395165469966e-33,0,1
L8_k480,0.03,119.33006050347343,5.2469014780227194e-33,0,1
L8_k480,0.03,119.35400868109225,2.534073413595339e-33,0,1
L8_k480,0.03,119.40422754985784,7.343747894155191e-33,0,1
L8_k480,0.03,119.44976941259314,1.568489354493735e-32,0,1
L8_k480,0.03,119.6647683600715,4.790026320657654e-34,0,1
L8_k480,0.03,119.71372035062141,1.9101324707466024e-33,0,1
L8_k480,0.03,119.85942666363721,5.44125113914709e-31,0,1
L8_k480,0.03,119.9273989922124,1.1018202404729914e-31,0,1
L8_k480,0.03,120.07576909112417,2.9148919244384404e-32,0,1
L8_k480,0.03,120.18964780263452,2.24799075246578e-32,0,1
L8_k480,0.03,120.23823429357851,6.291297166456703e-34,0,1
L8_k480,0.03,120.2431950512136,3.485065622913657e-33,0,1
L8_k480,0.03,120.2717303251034,4.465115216527198e-34,0,1
L8_k480,0.03,120.35473741364737,6.28404042203932e-32,0,1
L8_k480,0.03,120.71360168901884,1.2868531339861782e-32,0,1
L8_k480,0.03,120.76818915366175,7.263778865963303e-33,0,1
L8_k480,0.03,121.29238304350945,4.802748733721124e-32,0,1
L8_k480,0.03,121.63451787534417,2.2537714242257858e-34,0,1
L8_k480,0.03,122.12001736531832,2.470656688544384e-33,0,1
L8_k480,0.03,122.28374580807879,3.52910235949835e-33,0,1
L8_k480,0.03,122.3502908776443,1.5898743729552338e-31,0,1
L8_k480,0.03,122.41945469443749,2.685229181525596e-32,0,1
L8_k480,0.03,122.53788131977447,2.285376831303186e-32,0,1
L8_k480,0.03,122.6550498246358,1.463671447134703e-32,0,1
L8_k480,0.03,122.89389788746612,6.855160683840095e-32,0,1
L8_k480,0.03,122.96991194433582,6.990326643399922e-32,0,1
L8_k480,0.03,123.50756840187535,7.837741979360688e-32,0,1
L8_k480,0.03,123.80727586637404,5.296956241425604e-32,0,1
L8_k480,0.03,-0.58993252066866,0.026356747271687093,0,0
L8_k480,0.03,-1.0830242781910588,0.0013895553176654152,0,0
L8_k480,0.03,-1.114420307114882,0.00013257140484349326,0,0
L8_k480,0.03,-1.1978332838820354,0.0009900535179020614,0,0
L8_k480,0.03,-1.7747781649170107,0.009907957593360795,0,0
L8_k480,0.03,-1.948549331940725,0.010989968208470584,0,0
L8_k480,0.03,-2.256964804178958,0.0010124231485161648,0,0
L8_k480,0.03,-2.3432638326782897,0.001807708414793499,0,0
L8_k480,0.03,-2.811534812065871,3.496198613424271e-06,0,0
L8_k480,0.03,-3.090708549365853,2.000336629339248e-05,0,0
L8_k480,0.03,-3.1050165693186838,4.518838153411154e-06,0,0
L8_k480,0.03,-3.4095701352828884,1.2218400972298837e-07,0,0
L8_k480,0.03,-3.6531994966088686,6.090134377808988e-30,0,0
L8_k480,0.03,-3.861113265800662,5.611260336076078e-05,0,0
L8_k480,0.03,-3.8749945331677846,1.305036196145176e-07,0,0
L8_k480,0.03,-3.8877646861802315,0.00015351841692190908,0,0
L8_k480,0.03,-3.8899032009058905,3.356357466272104e-07,0,0
L8_k480,0.03,-3.9901670333263404,1.1320546838820079e-05,0,0
L8_k480,0.03,-4.056968528511695,0.00042948558809531774,0,0
L8_k480,0.03,-4.233303767719717,9.955633760363632e-06,0,0
L8_k480,0.03,-4.302707893536816,0.0006566283918776947,0,0
L8_k480,0.03,-4.327595867381968,5.572922919058442e-05,0,0
L8_k480,0.03,-4.329005502381364,4.216123785268246e-06,0,0
L8_k480,0.03,-4.344313744440506,8.099732191449516e-07,0,0
L8_k480,0.03,-4.545462192959136,4.64826742790451e-07,0,0
L8_k480,0.03,-4.556106799229939,1.0714480261459864e-08,0,0
L8_k480,0.03,-4.635052386453059,1.564124241262695e-08,0,0
L8_k480,0.03,-4.741505366529073,0.033943854603000256,0,0
L8_k480,0.03,-4.848221390657452,0.037193247296358194,0,0
L8_k480,0.03,-4.913769857518959,5.780963202236355e-05,0,0
L8_k480,0.03,-4.963052016625091,2.211580020115529e-08,0,0
L8_k480,0.03,-5.027597226577965,0.0038809460596629553,0,0
L8_k480,0.03,-5.058127350545326,9.726833942895988e-08,0,0
L8_k480,0.03,-5.067305015180277,0.0019250626445673597,0,0
L8_k480,0.03,-5.2606039956162505,0.0006288245361766438,0,0
L8_k480,0.03,-5.409990000221637,2.949316740252561e-05,0,0
L8_k480,0.03,-5.449170069596907,4.657070308746581e-06,0,0
L8_k480,0.03,-5.46742449712965,6.186034561870693e-06,0,0
L8_k480,0.03,-5.54086188986987,2.269876614793121e-06,0,0
L8_k480,0.03,-5.600156249712019,9.961853870209642e-08,0,0
L8_k480,0.03,-5.6895398706413,1.5288812833288726e-07,0,0
L8_k480,0.03,-5.873799980372115,5.734931646362384e-10,0,0
L8_k480,0.03,-6.142367493941064,8.434875080154401e-07,0,0
L8_k480,0.03,-6.195988313825736,0.0019479332462218862,0,0
L8_k480,0.03,-6.258907534178228,0.002301567730496855,0,0
L8_k480,0.03,-6.321186301792865,7.97404246360895e-06,0,0
L8_k480,0.03,-6.371088807807229,1.9120498888873352e-07,0,0
L8_k480,0.03,-6.561261780867332,4.302667537421259e-05,0,0
L8_k480,0.03,-6.683983794561639,9.261968579985676e-06,0,0
L8_k480,0.03,-6.73987350570006,1.338239089992482e-07,0,0
L8_k480,0.03,-6.902166936463622,1.7062196950100458e-05,0,0
L8_k480,0.03,-6.991846410542972,5.358410131234611e-06,0,0
L8_k480,0.03,-7.088843042357314,3.66806466358712e-05,0,0
L8_k480,0.03,-7.123409287300355,4.038426640560284e-05,0,0
L8_k480,0.03,-7.472771404819347,9.651183647533647e-07,0,0
L8_k480,0.03,-7.5377762890324185,1.5008607512426471e-06,0,0
L8_k480,0.03,-7.638002930687783,2.0750832377604432e-06,0,0
L8_k480,0.03,-7.875207170801394,0.0001413511817488035,0,0
L8_k480,0.03,-7.938528854433917,9.465273688310234e-05,0,0
L8_k480,0.03,-8.103527438326132,0.0002769487408366305,0,0
L8_k480,0.03,-8.201373304943964,0.00037052369002759923,0,0
L8_k480,0.03,-8.268056415390676,0.00038085960349295,0,0
L8_k480,0.03,-8.399318158119874,6.651760712772048e-05,0,0
L8_k480,0.03,-8.74562881838269,0.000423844099502484,0,0
L8_k480,0.03,-8.79843545873599,9.587552926084926e-05,0,0
L8_k480,0.03,-8.881736637499333,0.002889455159001558,0,0
L8_k480,0.03,-9.094549974291976,0.001381155852878136,0,0
L8_k480,0.03,-9.217066731147398,0.0030431474496552787,0,0
L8_k480,0.03,-9.398952038794215,0.0013598600548339567,0,0
L8_k480,0.03,-9.53229356097157,0.00032535026484164554,0,0
L8_k480,0.03,-9.685656629745063,4.229918441089774e-06,0,0
L8_k480,0.03,-9.999189166826438,1.959996605163585e-05,0,0
L8_k480,0.03,-10.087986595632316,0.015176799640115703,0,0
L8_k480,0.03,-10.16153144791904,0.007975861949035795,0,0
L8_k480,0.03,-10.43310915763104,0.00022785454281440214,0,0
L8_k480,0.03,-10.49012188431659,0.1202508973537437,0,0
L8_k480,0.03,-10.778795373631757,0.10579106401835216,0,0
L8_k480,0.03,-10.98448080949993,1.0100566026296546e-05,0,0
L8_k480,0.03,-11.151946262913171,0.0002184482623217415,0,0
L8_k480,0.03,-11.270016262359329,4.197215117927064e-05,0,0
L8_k480,0.03,-11.457954040379018,0.0002715667571278907,0,0
L8_k480,0.03,-11.613454836537572,0.0011777798577276104,0,0
L8_k480,0.03,-11.793408895102365,5.647415744210481e-06,0,0
L8_k480,0.03,-12.136619640405117,2.6575157468995992e-05,0,0
L8_k480,0.03,-12.350686046135737,0.0018757313119635017,0,0
L8_k480,0.03,-12.422338452132545,0.0009978072048656308,0,0
L8_k480,0.03,-12.675430355181778,0.0013432151016814348,0,0
L8_k480,0.03,-12.744916325621444,0.0006813254980499683,0,0
L8_k480,0.03,-13.064391651066614,1.7600478807968972e-05,0,0
L8_k480,0.03,-13.40227575810082,0.00018108451513956485,0,0
L8_k480,0.03,-13.506942825655921,0.0006279735480089644,0,0
L8_k480,0.03,-13.629189091622296,0.000505562616113747,0,0
L8_k480,0.03,-13.871955413165896,0.0003678929534892809,0,0
L8_k480,0.03,-13.977291273155796,0.00018755020238100408,0,0
L8_k480,0.03,-14.191473164841247,5.0861256357822536e-05,0,0
L8_k480,0.03,-14.430854754110882,6.080878705710228e-06,0,0
L8_k480,0.03,-14.82237403938471,4.728452540755797e-05,0,0
L8_k480,0.03,-14.963076799491805,0.00010186928332665456,0,0
L8_k480,0.03,-15.171894709855154,0.00010730366238667353,0,0
L8_k480,0.03,-15.390483096446646,8.635863886492852e-07,0,0
L8_k480,0.03,-15.730487935767604,2.161575622002769e-06,0,0
L8_k480,0.03,-15.931234811128583,6.062579878967758e-06,0,0
L8_k480,0.03,-16.161746390340642,1.655593171484014e-06,0,0
L8_k480,0.03,-16.44171979362765,3.531590721646215e-05,0,0
L8_k480,0.03,-16.639862331830503,5.127529747056209e-05,0,0
L8_k480,0.03,-16.869987959217138,4.9402716286403806e-06,0,0
L8_k480,0.03,-17.131287375354514,1.3084806994558106e-05,0,0
L8_k480,0.03,-17.366896206669423,6.327014033438899e-05,0,0
L8_k480,0.03,-17.601118656888886,2.7248199994122104e-05,0,0
L8_k480,0.03,-17.815065286859937,1.29076139225899e-05,0,0
L8_k480,0.03,-18.151395025912365,9.550208339577978e-06,0,0
L8_k480,0.03,-18.41068645906803,2.1323360479743145e-05,0,0
L8_k480,0.03,-18.584033203215508,1.3600062862873871e-05,0,0
L8_k480,0.03,-18.934146360467533,1.1391631886682778e-06,0,0
L8_k480,0.03,-19.300453764213785,0.0034237093092544177,0,0
L8_k480,0.03,-19.45605984314445,0.0005616304664361819,0,0
L8_k480,0.03,-19.595400032616713,4.8671489473048724e-05,0,0
L8_k480,0.03,-19.917628834792627,8.322828868345285e-06,0,0
L8_k480,0.03,-20.45427347197407,3.402049947579445e-05,0,0
L8_k480,0.03,-20.618481173577205,0.027751039668364293,0,0
L8_k480,0.03,-20.794627010930398,0.029353074989592668,0,0
L8_k480,0.03,-20.891557222212054,0.0009994821105971169,0,0
L8_k480,0.03,-21.185195410058707,0.0015185346103914986,0,0
L8_k480,0.03,-21.57296280667291,7.158676565114462e-05,0,0
L8_k480,0.03,-21.743442377823367,0.00013640460473112256,0,0
L8_k480,0.03,-22.143163075171447,0.0004323956367888421,0,0
L8_k480,0.03,-22.2416774926429,0.000948712728002809,0,0
L8_k480,0.03,-22.577969352314327,4.24855258701421e-05,0,0
L8_k480,0.03,-22.81397401887813,2.6335735161407463e-05,0,0
L8_k480,0.03,-23.1808950959187,0.00014808329224434173,0,0
L8_k480,0.03,-23.406994138541492,0.0003733166243156952,0,0
L8_k480,0.03,-23.55302273619054,5.5918343667341474e-05,0,0
L8_k480,0.03,-23.983572962394472,5.654787737587344e-05,0,0
L8_k480,0.03,-24.179254606521905,5.951256344274445e-05,0,0
L8_k480,0.03,-24.6491852583844,2.7542318837401268e-06,0,0
L8_k480,0.03,-24.982698148834295,3.501697586083213e-05,0,0
L8_k480,0.03,-25.195934108627565,6.134462611969124e-05,0,0
L8_k480,0.03,-25.459148267384055,0.0002025911728472682,0,0
L8_k480,0.03,-25.697010366185634,1.2851009759620957e-05,0,0
L8_k480,0.03,-26.175742510240706,2.7814370329161e-05,0,0
L8_k480,0.03,-26.351283863144456,8.458964915636351e-05,0,0
L8_k480,0.03,-26.516888196174918,0.00014646681665330348,0,0
L8_k480,0.03,-26.75806390236588,1.2060394909132149e-05,0,0
L8_k480,0.03,-27.397412335806667,5.839899762975267e-06,0,0
L8_k480,0.03,-27.688401188531557,6.148133091422532e-06,0,0
L8_k480,0.03,-27.904996380476142,1.637765216268167e-05,0,0
L8_k480,0.03,-28.179551101003,1.6247462809718183e-06,0,0
L8_k480,0.03,-28.567573500237334,1.2918776643320526e-05,0,0
L8_k480,0.03,-28.852577503910823,3.2171813128615046e-05,0,0
L8_k480,0.03,-29.028974799875648,2.375429537732031e-05,0,0
L8_k480,0.03,-29.531684985199206,1.133455974716561e-06,0,0
L8_k480,0.03,-29.91865116492738,2.367156512273526e-05,0,0
L8_k480,0.03,-30.101840110230274,4.5785097506358574e-05,0,0
L8_k480,0.03,-30.44223355179743,1.711612844103893e-05,0,0
L8_k480,0.03,-30.72616057778341,5.263374171877101e-05,0,0
L8_k480,0.03,-30.905712625526572,8.980575504038477e-06,0,0
L8_k480,0.03,-31.566624614701684,3.6720714087537725e-05,0,0
L8_k480,0.03,-31.704194178732205,5.20300360371741e-05,0,0
L8_k480,0.03,-32.02361940703144,1.032246603846737e-05,0,0
L8_k480,0.03,-32.30247872104964,3.2000702147226184e-06,0,0
L8_k480,0.03,-32.7160308575934,1.9327736177805056e-05,0,0
L8_k480,0.03,-32.92358451207648,2.0789182358899127e-05,0,0
L8_k480,0.03,-33.2894556325804,3.8235541303011485e-06,0,0
L8_k480,0.03,-33.62823723026249,9.419637281753347e-07,0,0
L8_k480,0.03,-34.014027931749375,2.1068161256627574e-06,0,0
L8_k480,0.03,-34.35277726819977,2.0070425341984343e-06,0,0
L8_k480,0.03,-34.82624590162826,4.6882803434263905e-06,0,0
L8_k480,0.03,-35.07571678743675,1.3246190301216517e-05,0,0
L8_k480,0.03,-35.36560306769431,3.1486020500995056e-05,0,0
L8_k480,0.03,-35.56614208424981,3.1663275333273716e-05,0,0
L8_k480,0.03,-36.04849907803692,3.3543620040926474e-06,0,0
L8_k480,0.03,-36.340428735469295,2.481122664149874e-06,0,0
L8_k480,0.03,-36.71613397314487,1.1607966048960034e-05,0,0
L8_k480,0.03,-36.971432275820035,2.3738254514613526e-05,0,0
L8_k480,0.03,-37.196954174838915,1.787001674261227e-05,0,0
L8_k480,0.03,-37.547357904574824,5.861218014617164e-07,0,0
L8_k480,0.03,-38.0545574000837,7.540691271338805e-07,0,0
L8_k480,0.03,-38.32972138019778,2.8071309294195286e-07,0,0
L8_k480,0.03,-38.73729175018821,9.610704399427624e-08,0,0
L8_k480,0.03,-39.29711728248761,4.5506513412720263e-07,0,0
L8_k480,0.03,-39.481572499855204,8.602324392525383e-07,0,0
L8_k480,0.03,-39.95011773904169,2.6941092278281177e-06,0,0
L8_k480,0.03,-40.2276817813795,7.857453041109695e-07,0,0
L8_k480,0.03,-40.5578536243065,2.3448473820097084e-06,0,0
L8_k480,0.03,-41.00516050709188,6.23246801086155e-07,0,0
L8_k480,0.03,-41.28745521197591,2.201333640949421e-06,0,0
L8_k480,0.03,-41.620736430367494,3.3272532102567605e-06,0,0
L8_k480,0.03,-41.79523981466879,3.881897892824543e-06,0,0
L8_k480,0.03,-42.486884379381,6.766293115825985e-07,0,0
L8_k480,0.03,-42.68114733135519,3.7210708094347622e-06,0,0
L8_k480,0.03,-42.938750631643934,4.4770808619447905e-06,0,0
L8_k480,0.03,-43.488094222851565,5.001173909555782e-07,0,0
L8_k480,0.03,-43.860793339733604,3.093640933315367e-06,0,0
L8_k480,0.03,-44.066674373605316,5.8061552981718925e-06,0,0
L8_k480,0.03,-44.39634261641546,1.4500244761334775e-06,0,0
L8_k480,0.03,-44.770488597630894,2.23879004891268e-07,0,0
L8_k480,0.03,-45.34678350702249,2.8068825112209415e-07,0,0
L8_k480,0.03,-45.62471711619863,3.3678299564737803e-06,0,0
L8_k480,0.03,-45.86825591908744,5.671458823610882e-07,0,0
L8_k480,0.03,-46.43510343446825,4.154769046867332e-06,0,0
L8_k480,0.03,-46.752139946403695,4.1917039944821395e-06,0,0
L8_k480,0.03,-47.03324352724223,1.8201183436124604e-06,0,0
L8_k480,0.03,-47.307888076262095,3.81807461182879e-07,0,0
L8_k480,0.03,-47.756694836119344,4.575931580694488e-07,0,0
L8_k480,0.03,-48.22246867496396,1.1011947904368622e-06,0,0
L8_k480,0.03,-48.509781051663744,4.215265086611264e-06,0,0
L8_k480,0.03,-48.85722592285391,7.803151259053693e-06,0,0
L8_k480,0.03,-49.03263834990722,5.85131609228234e-06,0,0
L8_k480,0.03,-49.57180093773523,1.5620000181039611e-06,0,0
L8_k480,0.03,-49.76931821461463,2.026872984812993e-06,0,0
L8_k480,0.03,-50.06908562272447,1.6077638031205527e-06,0,0
L8_k480,0.03,-50.55113411915343,4.752606753364741e-08,0,0
L8_k480,0.03,-50.87800939084149,3.185400737215934e-08,0,0
L8_k480,0.03,-51.26557329193401,8.141274264630377e-08,0,0
L8_k480,0.03,-51.71473304359849,4.05606726471834e-08,0,0
L8_k480,0.03,-52.09008123258108,2.2040596199905578e-08,0,0
L8_k480,0.03,-52.36339408385581,2.3669495402211005e-08,0,0
L8_k480,0.03,-52.90852058889803,1.3701188528996266e-08,0,0
L8_k480,0.03,-53.16873355474798,6.170591722338426e-09,0,0
L8_k480,0.03,-53.538615577109276,1.966022990497589e-09,0,0
L8_k480,0.03,-53.98209370323133,2.1922552277637545e-09,0,0
L8_k480,0.03,-54.37876990539907,9.071761951629547e-10,0,0
L8_k480,0.03,-54.81237205625609,2.0683587999563267e-10,0,0
L8_k480,0.03,-55.30242376945995,3.3536729450825384e-10,0,0
L8_k480,0.03,-55.62028057679741,2.540111533922938e-10,0,0
L8_k480,0.03,-56.159009853683635,1.1523360753146033e-10,0,0
L8_k480,0.03,-56.636302079335174,7.539264731647372e-10,0,0
L8_k480,0.03,-56.909265796965535,7.745255903544034e-10,0,0
L8_k480,0.03,-57.46741297139391,2.735965296540018e-09,0,0
L8_k480,0.03,-57.84743310570512,8.275256789952582e-09,0,0
L8_k480,0.03,-58.167663698657506,9.991949388963333e-09,0,0
L8_k480,0.03,-58.62178101419827,5.529281591115634e-07,0,0
L8_k480,0.03,-58.80918391519244,4.781216339813916e-07,0,0
L8_k480,0.03,-59.06311921592724,8.656127195866218e-08,0,0
L8_k480,0.03,-59.588799134835845,2.99965438808992e-08,0,0
L8_k480,0.03,-59.89193206629736,1.0762500631606457e-06,0,0
L8_k480,0.03,-59.98478528605371,9.081397376857658e-07,0,0
L8_k480,0.03,-60.52066908018722,1.7612231633419986e-08,0,0
L8_k480,0.03,-60.860212532910374,3.4215525431092422e-09,0,0
L8_k480,0.03,-61.41226961263501,5.110715946485369e-09,0,0
L8_k480,0.03,-61.67477226428362,1.2858771619080007e-08,0,0
L8_k480,0.03,-62.00745498033111,4.696221813942921e-09,0,0
L8_k480,0.03,-62.46777696307373,1.389496437884698e-09,0,0
L8_k480,0.03,-62.83237971015535,1.4032252483950104e-09,0,0
L8_k480,0.03,-63.201754729278775,2.282943564157483e-09,0,0
L8_k480,0.03,-63.49171791384422,9.817577436850915e-10,0,0
L8_k480,0.03,-63.9199436905622,2.4265087467040953e-10,0,0
L8_k480,0.03,-64.32455610106244,4.423707517611273e-10,0,0
L8_k480,0.03,-64.81271113270155,8.955940909843697e-10,0,0
L8_k480,0.03,-65.0076126035988,2.961746487522472e-10,0,0
L8_k480,0.03,-65.63827134917095,2.523015974365705e-10,0,0
L8_k480,0.03,-65.86952462037596,7.875771120263411e-10,0,0
L8_k480,0.03,-66.17844701297189,8.296040790749283e-11,0,0
L8_k480,0.03,-66.80220365270436,1.3566080237719341e-10,0,0
L8_k480,0.03,-67.08059452494818,9.286392083396683e-11,0,0
L8_k480,0.03,-67.45013372226592,1.4779988052270482e-11,0,0
L8_k480,0.03,-67.90377183624106,1.2311071879696535e-10,0,0
L8_k480,0.03,-68.181066267295,1.3324308933344689e-10,0,0
L8_k480,0.03,-68.6442950462815,4.610322099496584e-12,0,0
L8_k480,0.03,-69.22550403515251,4.795758592058729e-11,0,0
L8_k480,0.03,-69.51001233707157,1.3910399012945879e-10,0,0
L8_k480,0.03,-69.8451485231608,1.2440313958351263e-10,0,0
L8_k480,0.03,-70.13307844697094,1.0174597503328922e-10,0,0
L8_k480,0.03,-70.67930160640047,8.861993566496934e-11,0,0
L8_k480,0.03,-70.88236320594052,1.5282039992226342e-10,0,0
L8_k480,0.03,-71.17793733341931,4.618403350303733e-11,0,0
L8_k480,0.03,-71.67026525182517,4.629647426704217e-12,0,0
L8_k480,0.03,-72.07727473764254,4.5523211142796177e-11,0,0
L8_k480,0.03,-72.33076229107671,2.409032680283457e-11,0,0
L8_k480,0.03,-72.74737773421448,4.152879600140462e-12,0,0
L8_k480,0.03,-73.2816562850502,3.0048052994350398e-12,0,0
L8_k480,0.03,-73.62976556717977,4.540046109304458e-12,0,0
L8_k480,0.03,-74.13276170543023,1.1590678246944115e-11,0,0
L8_k480,0.03,-74.40287440977316,3.9997457996351685e-11,0,0
L8_k480,0.03,-74.65234389612988,4.5696406286975916e-11,0,0
L8_k480,0.03,-74.96223548329334,4.057319069483725e-12,0,0
L8_k480,0.03,-75.47854530341576,2.8148205009576504e-12,0,0
L8_k480,0.03,-75.87127816146995,3.07623047246205e-12,0,0
L8_k480,0.03,-76.24966999375438,1.0511696589692964e-11,0,0
L8_k480,0.03,-76.4979682645244,2.0802652146539425e-11,0,0
L8_k480,0.03,-76.71460022975424,3.5922200132219714e-12,0,0
L8_k480,0.03,-77.32322103411722,4.379327063629811e-13,0,0
L8_k480,0.03,-77.59268393325078,5.28898549305949e-13,0,0
L8_k480,0.03,-77.95741238401241,1.708010497504663e-13,0,0
L8_k480,0.03,-78.5642928629801,1.9717713164299655e-13,0,0
L8_k480,0.03,-78.87376589761084,2.074949441845286e-13,0,0
L8_k480,0.03,-79.29135285681745,1.5623430092749297e-12,0,0
L8_k480,0.03,-79.48148891188683,3.8073996720369695e-13,0,0
L8_k480,0.03,-79.82859561432674,1.9832076135141337e-13,0,0
L8_k480,0.03,-80.43493047282527,3.668503217674415e-13,0,0
L8_k480,0.03,-80.60746765074855,4.359039812193954e-13,0,0
L8_k480,0.03,-80.96425435366518,1.333427506687304e-13,0,0
L8_k480,0.03,-81.24712244272676,8.877302882173621e-15,0,0
L8_k480,0.03,-81.78293368005454,8.06127868741136e-15,0,0
L8_k480,0.03,-82.1678679948617,2.447051416150328e-14,0,0
L8_k480,0.03,-82.55047867040534,8.208616212645564e-15,0,0
L8_k480,0.03,-82.8999250001644,1.2395906132704816e-14,0,0
L8_k480,0.03,-83.44250222135545,2.413295316410663e-13,0,0
L8_k480,0.03,-83.555872838531,2.8645302504937783e-13,0,0
L8_k480,0.03,-83.9041762018482,2.303007970800246e-14,0,0
L8_k480,0.03,-84.20349476425238,1.0723781934189225e-14,0,0
L8_k480,0.03,-84.69215213979169,1.1107485180119056e-14,0,0
L8_k480,0.03,-84.93280260835854,4.8306341090059675e-14,0,0
L8_k480,0.03,-85.23736146934267,1.1652431015865657e-15,0,0
L8_k480,0.03,-85.72665493288785,2.6117035642279835e-16,0,0
L8_k480,0.03,-86.0573260646196,1.6865560280433412e-16,0,0
L8_k480,0.03,-86.66340372261358,3.0787998248666163e-16,0,0
L8_k480,0.03,-86.8943470128419,3.621330979281561e-16,0,0
L8_k480,0.03,-87.25405938753556,9.435218093224485e-17,0,0
L8_k480,0.03,-87.65072750431725,3.012836995749996e-16,0,0
L8_k480,0.03,-88.02529313822336,3.487539415739874e-16,0,0
L8_k480,0.03,-88.33500303358085,1.5212345339641022e-16,0,0
L8_k480,0.03,-88.73339710790032,1.6313454429199516e-16,0,0
L8_k480,0.03,-89.10117934627955,2.6711112604021596e-15,0,0
L8_k480,0.03,-89.43473913619029,1.6996015760734781e-15,0,0
L8_k480,0.03,-89.53186916115114,2.6110373410969103e-15,0,0
L8_k480,0.03,-90.16463070032796,4.999825316462284e-17,0,0
L8_k480,0.03,-90.39223123486344,9.446303631832707e-17,0,0
L8_k480,0.03,-90.92675776126974,7.728366609458014e-17,0,0
L8_k480,0.03,-91.10771479366568,5.074219506361001e-16,0,0
L8_k480,0.03,-91.41810710109554,2.8233480648246184e-16,0,0
L8_k480,0.03,-91.87584425157448,2.991794462218218e-17,0,0
L8_k480,0.03,-92.19452838964176,2.7705087277012173e-16,0,0
L8_k480,0.03,-92.42704833366552,1.4038521330426965e-16,0,0
L8_k480,0.03,-92.64548009706155,4.490350695443145e-17,0,0
L8_k480,0.03,-93.08469670762567,1.3782518929484511e-17,0,0
L8_k480,0.03,-93.52676219559206,7.63642060827433e-18,0,0
L8_k480,0.03,-93.828749398336,3.336085042738391e-18,0,0
L8_k480,0.03,-94.21235508184154,1.598836367331015e-18,0,0
L8_k480,0.03,-94.55285831235652,2.0030458214052606e-18,0,0
L8_k480,0.03,-95.07316200275946,4.7336065283266746e-18,0,0
L8_k480,0.03,-95.29598140847706,2.078643511565403e-17,0,0
L8_k480,0.03,-95.5112815219147,5.2218736888710144e-18,0,0
L8_k480,0.03,-95.97535658953419,2.3626516932344786e-17,0,0
L8_k480,0.03,-96.21418566062454,1.43871677777335e-17,0,0
L8_k480,0.03,-96.43972218071778,1.3003467961604476e-17,0,0
L8_k480,0.03,-96.89077374724673,5.382436381112081e-18,0,0
L8_k480,0.03,-97.1125646999451,1.3857467791624354e-17,0,0
L8_k480,0.03,-97.37557344170442,7.584314401650057e-18,0,0
L8_k480,0.03,-97.5581984299319,4.317922097398686e-19,0,0
L8_k480,0.03,-98.17640834716333,6.034114691731498e-18,0,0
L8_k480,0.03,-98.31285939336207,1.2699094705674618e-18,0,0
L8_k480,0.03,-98.66454345174988,1.0824778381104647e-19,0,0
L8_k480,0.03,-99.18945139454247,1.7976548711136576e-19,0,0
L8_k480,0.03,-99.36988961130903,3.3354662296711436e-19,0,0
L8_k480,0.03,-99.7342496854935,1.9830678481672377e-19,0,0
L8_k480,0.03,-100.10167049021123,1.0062547206069282e-19,0,0
L8_k480,0.03,-100.34513021005188,3.9566674899484657e-19,0,0
L8_k480,0.03,-100.69457250468764,5.932071396295491e-19,0,0
L8_k480,0.03,-100.9684688651101,1.1328016239988556e-18,0,0
L8_k480,0.03,-101.1342105412679,4.1502440901494667e-19,0,0
L8_k480,0.03,-101.37683190877537,7.555319886715677e-19,0,0
L8_k480,0.03,-101.80730970817791,2.697246842846479e-20,0,0
L8_k480,0.03,-102.10334746442591,2.7791613079794506e-18,0,0
L8_k480,0.03,-102.23360008338504,7.987975097511993e-19,0,0
L8_k480,0.03,-102.54356630859455,1.2625073038709546e-19,0,0
L8_k480,0.03,-102.88445889597055,1.3284880319205148e-19,0,0
L8_k480,0.03,-103.22934007575769,4.331677268790085e-21,0,0
L8_k480,0.03,-103.55595467521725,1.0225812507964283e-20,0,0
L8_k480,0.03,-103.79913936214396,2.7867300069459246e-20,0,0
L8_k480,0.03,-103.98626386913,7.504212200362586e-21,0,0
L8_k480,0.03,-104.3886115602305,8.638762721276115e-21,0,0
L8_k480,0.03,-104.6445697393303,6.12201298860168e-21,0,0
L8_k480,0.03,-104.91924268214876,5.928001291692418e-21,0,0
L8_k480,0.03,-105.20222949052439,2.6384812030411824e-21,0,0
L8_k480,0.03,-105.4161459985062,4.228528287420405e-21,0,0
L8_k480,0.03,-105.59287547236899,1.6500545830775244e-21,0,0
L8_k480,0.03,-105.9398076757207,9.824442252755156e-23,0,0
L8_k480,0.03,-106.29513830783483,1.6392791701875463e-22,0,0
L8_k480,0.03,-106.52464934579542,7.131040151040403e-22,0,0
L8_k480,0.03,-106.84779673530606,2.090473660429619e-23,0,0
L8_k480,0.03,-107.25137138317318,4.8282609302664825e-22,0,0
L8_k480,0.03,-107.52892678924889,4.758067505290468e-22,0,0
L8_k480,0.03,-107.6411336902896,6.179159516914757e-22,0,0
L8_k480,0.03,-107.90730314525902,6.072005132170574e-23,0,0
L8_k480,0.03,-108.20107531108441,2.787962308254386e-22,0,0
L8_k480,0.03,-108.52687428595297,7.843017014278662e-23,0,0
L8_k480,0.03,-108.7267970979222,6.549234288149171e-22,0,0
L8_k480,0.03,-108.84518522246884,1.1177646417562339e-21,0,0
L8_k480,0.03,-109.06458195678059,2.334896000165627e-22,0,0
L8_k480,0.03,-109.25111344078432,7.331654586811631e-24,0,0
L8_k480,0.03,-109.76616317626795,5.399893918247799e-23,0,0
L8_k480,0.03,-109.92038776447025,9.774391071672061e-23,0,0
L8_k480,0.03,-110.061099298392,7.157058731710633e-23,0,0
L8_k480,0.03,-110.1964304182083,3.701060716123892e-23,0,0
L8_k480,0.03,-110.61454961686604,9.701054278573093e-26,0,0
L8_k480,0.03,-110.86937393273898,7.444873666774185e-25,0,0
L8_k480,0.03,-111.12275206148564,3.436328494155154e-25,0,0
L8_k480,0.03,-111.3408598762243,6.040876079932718e-26,0,0
L8_k480,0.03,-111.71202994489789,4.290885447722092e-26,0,0
L8_k480,0.03,-111.95941410936089,3.969394512757589e-25,0,0
L8_k480,0.03,-112.17243231448515,1.2353160282757317e-24,0,0
L8_k480,0.03,-112.34840041298014,8.037841874521297e-25,0,0
L8_k480,0.03,-112.61740483220697,8.414974668990807e-23,0,0
L8_k480,0.03,-112.79346464825193,4.848899598997988e-23,0,0
L8_k480,0.03,-112.89395785762648,3.4416098778208436e-24,0,0
L8_k480,0.03,-113.04054113079918,1.3027208514348987e-24,0,0
L8_k480,0.03,-113.2664599539391,9.18746586791775e-25,0,0
L8_k480,0.03,-113.42935024587608,4.475915742308952e-25,0,0
L8_k480,0.03,-113.74310310806382,9.179608868536686e-29,0,0
L8_k480,0.03,-114.2078901412094,8.709547096239864e-27,0,0
L8_k480,0.03,-114.31264913165633,2.3476585074876727e-26,0,0
L8_k480,0.03,-114.38890510174564,7.733591846860294e-27,0,0
L8_k480,0.03,-114.56773383532969,3.6354429927275787e-28,0,0
L8_k480,0.03,-114.90880087703441,1.2331667921215153e-26,0,0
L8_k480,0.03,-115.0061251938847,1.2109888284581424e-26,0,0
L8_k480,0.03,-115.23545623874377,2.5822371794822587e-28,0,0
L8_k480,0.03,-115.57367149485496,1.0623879819047459e-28,0,0
L8_k480,0.03,-115.78154282808491,4.408224097428433e-28,0,0
L8_k480,0.03,-115.87306349902245,6.817910787716879e-27,0,0
L8_k480,0.03,-115.97120448612911,2.001492093377103e-27,0,0
L8_k480,0.03,-116.25460266719747,1.1252746732669396e-27,0,0
L8_k480,0.03,-116.35815054182449,5.398503007844329e-27,0,0
L8_k480,0.03,-116.50880199100904,2.1254140035545653e-28,0,0
L8_k480,0.03,-116.72733623458141,8.681383443101441e-29,0,0
L8_k480,0.03,-116.84873368999106,5.376290534758076e-28,0,0
L8_k480,0.03,-117.0644336518255,7.033615228974638e-28,0,0
L8_k480,0.03,-117.12509659474826,2.8184700308597838e-28,0,0
L8_k480,0.03,-117.47038944648666,1.3501085524696686e-27,0,0
L8_k480,0.03,-117.59108623513515,3.13998614187356e-28,0,0
L8_k480,0.03,-117.62979776489902,2.5415105175125683e-29,0,0
L8_k480,0.03,-117.79278826264024,1.0841094463656935e-31,0,0
L8_k480,0.03,-118.08572933564795,2.464439014144433e-31,0,0
L8_k480,0.03,-118.24011668150206,1.3489924929942236e-32,0,0
L8_k480,0.03,-118.46114276073295,4.969960004171285e-32,0,0
L8_k480,0.03,-118.58982170226085,2.909981174560566e-32,0,0
L8_k480,0.03,-118.77728736452005,1.865822609002375e-32,0,0
L8_k480,0.03,-118.88989695421941,2.668638534118984e-32,0,0
L8_k480,0.03,-119.08584377059614,3.304711973627482e-32,0,0
L8_k480,0.03,-119.17447787917878,3.0683874631505377e-32,0,0
L8_k480,0.03,-119.32021728816005,3.068687709618594e-32,0,0
L8_k480,0.03,-119.42182961320054,4.579771007249844e-33,0,0
L8_k480,0.03,-119.60984003065326,4.347617651400747e-32,0,0
L8_k480,0.03,-119.67713845094981,1.515252142855488e-32,0,0
L8_k480,0.03,-119.81110689555761,3.215792012536553e-32,0,0
L8_k480,0.03,-119.92711089216924,1.079057536216562e-31,0,0
L8_k480,0.03,-120.07576426013199,2.0601824743243177e-32,0,0
L8_k480,0.03,-120.23999637780516,2.828416411850905e-32,0,0
L8_k480,0.03,-120.26816925262062,1.1307710873183262e-32,0,0
L8_k480,0.03,-120.35761785745629,5.3006696216110724e-33,0,0
L8_k480,0.03,-120.5551274197413,3.170438208121703e-32,0,0
L8_k480,0.03,-120.69846059272889,1.7551623247594327e-32,0,0
L8_k480,0.03,-120.71326165561456,1.0436707629916192e-32,0,0
L8_k480,0.03,-120.76818583942116,1.7276061628077446e-32,0,0
L8_k480,0.03,-120.98861989020628,5.0278380615169285e-36,0,0
L8_k480,0.03,-121.15312211847579,4.651018751204874e-34,0,0
L8_k480,0.03,-121.29236983416479,1.3373745540001426e-32,0,0
L8_k480,0.03,-121.2944032823373,3.772215284018923e-33,0,0
L8_k480,0.03,-121.39764174549263,1.575998513817925e-32,0,0
L8_k480,0.03,-121.40068462638004,1.8315859557391613e-34,0,0
L8_k480,0.03,-121.50566026993853,5.534577879710076e-34,0,0
L8_k480,0.03,-121.63451787534085,1.0717281159279605e-33,0,0
L8_k480,0.03,-121.79099690513203,2.4231260202590143e-32,0,0
L8_k480,0.03,-121.81887805757268,2.5316479162456797e-33,0,0
L8_k480,0.03,-122.1200173652239,3.7014344553719043e-35,0,0
L8_k480,0.03,-122.12084708468849,3.645948079283852e-37,0,0
L8_k480,0.03,-122.2837458080788,9.624838739136233e-33,0,0
L8_k480,0.03,-122.32734325982621,3.2944104085113213e-32,0,0
L8_k480,0.03,-122.35029087764426,4.519712419071717e-32,0,0
L8_k480,0.03,-122.41945469443743,1.4506966415148908e-33,0,0
L8_k480,0.03,-122.44730942781567,3.648652940166439e-33,0,0
L8_k480,0.03,-122.46566022925272,3.867108744210928e-33,0,0
L8_k480,0.03,-122.53788131977446,3.0445417417834445e-32,0,0
L8_k480,0.03,-122.55846657798367,2.7259696369642114e-33,0,0
L8_k480,0.03,-122.65504982463578,4.263967696958782e-32,0,0
L8_k480,0.03,-122.6710291250688,3.5301621003742117e-32,0,0
L8_k480,0.03,-122.76007325520978,5.9403913865259125e-34,0,0
L8_k480,0.03,-122.8938978874661,4.296016916922308e-35,0,0
L8_k480,0.03,-122.89630009257552,4.3623629655300464e-33,0,0
L8_k480,0.03,-122.96991194433582,3.110787248276221e-34,0,0
L8_k480,0.03,-123.25432945090121,3.150764140820232e-32,0,0
L8_k480,0.03,-123.48128372192033,2.3435597004741082e-32,0,0
L8_k480,0.03,-123.50756840187533,1.0043846988028075e-32,0,0
L8_k480,0.03,-123.58966025476809,6.98409755043972e-32,0,0
L8_k480,0.03,-123.69856945803853,3.5340244935061525e-32,0,0
L8_k480,0.03,-123.80727586637403,1.899338565017656e-33,0,0
L8_k480,0.03,-123.83082827783338,7.026701390151732e-33,0,0
L8_k480,0.03,-123.93524948882715,1.3783028692868358e-32,0,0
L8_k480,0.03,-125.48025539061356,3.034158709824813e-33,0,0
L8_k480,0.03,-126.11607833818127,2.3427311317552848e-32,0,0
L8_k480,0.03,0.589932520668653,0.026356747271688012,1,1
L8_k480,0.03,1.0830242781910664,0.0013895553176651195,1,1
L8_k480,0.03,1.1144203071149283,0.0001325714048433281,1,1
L8_k480,0.03,1.197833283882032,0.0009900535179019907,1,1
L8_k480,0.03,1.7747781649170054,0.009907957593363641,1,1
L8_k480,0.03,1.9485493319407148,0.010989968208469406,1,1
L8_k480,0.03,2.2569648041789576,0.001012423148516322,1,1
L8_k480,0.03,2.3432638326782826,0.001807708414794152,1,1
L8_k480,0.03,2.811534812065843,3.496198613417713e-06,1,1
L8_k480,0.03,3.0907085493658606,2.0003366293389698e-05,1,1
L8_k480,0.03,3.1050165693186798,4.518838153427403e-06,1,1
L8_k480,0.03,3.4095701352828653,1.221840097227156e-07,1,1
L8_k480,0.03,3.6531994966088526,3.481640866114182e-31,1,1
L8_k480,0.03,3.861113265800652,5.611260336067025e-05,1,1
L8_k480,0.03,3.8749945331677678,1.305036196145121e-07,1,1
L8_k480,0.03,3.8877646861802244,0.00015351841692192583,1,1
L8_k480,0.03,3.8899032009058887,3.3563574662303485e-07,1,1
L8_k480,0.03,3.990167033326318,1.1320546838792687e-05,1,1
L8_k480,0.03,4.0569685285117,0.00042948558809504945,1,1
L8_k480,0.03,4.233303767719727,9.955633760359945e-06,1,1
L8_k480,0.03,4.302707893536817,0.0006566283918775305,1,1
L8_k480,0.03,4.327595867381976,5.572922919047122e-05,1,1
L8_k480,0.03,4.329005502381358,4.216123785333081e-06,1,1
L8_k480,0.03,4.344313744440515,8.099732191454516e-07,1,1
L8_k480,0.03,4.545462192959138,4.648267427905686e-07,1,1
L8_k480,0.03,4.556106799230204,1.0714480260764195e-08,1,1
L8_k480,0.03,4.6350523864531326,1.564124241230829e-08,1,1
L8_k480,0.03,4.741505366529069,0.0339438546029963,1,1
L8_k480,0.03,4.848221390657452,0.037193247296360595,1,1
L8_k480,0.03,4.913769857522209,5.7809632033866895e-05,1,1
L8_k480,0.03,4.963052096153467,2.211585470723364e-08,1,1
L8_k480,0.03,5.0275972265890605,0.0038809460633991285,1,1
L8_k480,0.03,5.0581321950287075,9.733660009540272e-08,1,1
L8_k480,0.03,5.067305015318402,0.0019250625725059237,1,1
L8_k480,0.03,5.260603995617456,0.0006288245361929004,1,1
L8_k480,0.03,5.409990029688384,2.9493256905345634e-05,1,1
L8_k480,0.03,5.4491751751816455,4.659307062527717e-06,1,1
L8_k480,0.03,5.4674282710807365,6.183754047272546e-06,1,1
L8_k480,0.03,5.540862849566933,2.2698538841337114e-06,1,1
L8_k480,0.03,5.600162416950195,9.959692907078916e-08,1,1
L8_k480,0.03,5.6895401532342875,1.5288674091038878e-07,1,1
L8_k480,0.03,5.873808857773353,5.734958852760526e-10,1,1
L8_k480,0.03,6.142376366997484,8.440456673079245e-07,1,1
L8_k480,0.03,6.195988369272194,0.0019479363471197001,1,1
L8_k480,0.03,6.258907724954576,0.002301574492561614,1,1
L8_k480,0.03,6.321279472633918,7.97622206685734e-06,1,1
L8_k480,0.03,6.372517431274696,1.78751170147127e-07,1,1
L8_k480,0.03,6.561263027461631,4.302744116979384e-05,1,1
L8_k480,0.03,6.684035337025442,9.275905847273804e-06,1,1
L8_k480,0.03,6.744493885282135,1.206834557203662e-07,1,1
L8_k480,0.03,6.902207569001631,1.707523889802127e-05,1,1
L8_k480,0.03,6.992193151828102,5.368240207072106e-06,1,1
L8_k480,0.03,7.088980438923459,3.683313425264493e-05,1,1
L8_k480,0.03,7.1234681647288145,4.020726711200579e-05,1,1
L8_k480,0.03,7.4733389981858185,9.880752159378043e-07,1,1
L8_k480,0.03,7.5389666210655655,1.4930860707752997e-06,1,1
L8_k480,0.03,7.638458703019559,2.06226676110691e-06,1,1
L8_k480,0.03,7.875261506414803,0.00014163748099804065,1,1
L8_k480,0.03,7.938700278103537,9.443567295959838e-05,1,1
L8_k480,0.03,8.103651403503267,0.00027758494800024915,1,1
L8_k480,0.03,8.201705336031822,0.0003720298506292852,1,1
L8_k480,0.03,8.268256401648081,0.0003787607138559415,1,1
L8_k480,0.03,8.399399816779633,6.640589872818031e-05,1,1
L8_k480,0.03,8.745788741141387,0.00042733214795170367,1,1
L8_k480,0.03,8.800635442729003,9.421898344503828e-05,1,1
L8_k480,0.03,8.881761188970675,0.002887694518188144,1,1
L8_k480,0.03,9.094565581763318,0.0013813192672317502,1,1
L8_k480,0.03,9.217074320762704,0.00304300045198439,1,1
L8_k480,0.03,9.398967140474198,0.0013599530512875774,1,1
L8_k480,0.03,9.532353848720662,0.00032525132135297405,1,1
L8_k480,0.03,9.687443058121671,4.1596092859513235e-06,1,1
L8_k480,0.03,10.00301412222055,2.214596701442203e-05,1,1
L8_k480,0.03,10.088011993413273,0.015179915876425814,1,1
L8_k480,0.03,10.1615555146545,0.007970288159944874,1,1
L8_k480,0.03,10.433655825795583,0.000231494158683444,1,1
L8_k480,0.03,10.490122759810111,0.1202471857861372,1,1
L8_k480,0.03,10.77879547460197,0.10579111188051855,1,1
L8_k480,0.03,10.987957638979724,1.0409045784922567e-05,1,1
L8_k480,0.03,11.15252638164137,0.00021957531724982695,1,1
L8_k480,0.03,11.27328697196985,4.0891486055372476e-05,1,1
L8_k480,0.03,11.45822007283954,0.00027154260653596,1,1
L8_k480,0.03,11.61349007266091,0.0011774868018957765,1,1
L8_k480,0.03,11.795235800499464,5.542707884400132e-06,1,1
L8_k480,0.03,12.137055092539681,2.669689519805814e-05,1,1
L8_k480,0.03,12.350806963738185,0.0018817494075893818,1,1
L8_k480,0.03,12.422613633074265,0.0009919732399801416,1,1
L8_k480,0.03,12.67560956962154,0.00134814428273241,1,1
L8_k480,0.03,12.745167617576287,0.0006761162463568285,1,1
L8_k480,0.03,13.064939449364026,1.760152957770533e-05,1,1
L8_k480,0.03,13.403443037332272,0.00018653091596977054,1,1
L8_k480,0.03,13.508226969116992,0.0006291575633160234,1,1
L8_k480,0.03,13.630153015497276,0.0004997652110679429,1,1
L8_k480,0.03,13.872961490102668,0.0003717471597485854,1,1
L8_k480,0.03,13.978740178169039,0.00018311238701869455,1,1
L8_k480,0.03,14.192029595109355,5.0614824602521635e-05,1,1
L8_k480,0.03,14.43163724473952,6.044765517249213e-06,1,1
L8_k480,0.03,14.822561736822296,4.740676167644528e-05,1,1
L8_k480,0.03,14.963240291210097,0.00010179860739701616,1,1
L8_k480,0.03,15.171977061761108,0.00010727359681982886,1,1
L8_k480,0.03,15.39471361930247,8.42811799098196e-07,1,1
L8_k480,0.03,15.73232219883188,2.187876587039861e-06,1,1
L8_k480,0.03,15.93240356135733,6.060117676730823e-06,1,1
L8_k480,0.03,16.16566439087117,1.6486380617218682e-06,1,1
L8_k480,0.03,16.442020556885392,3.5370533070316535e-05,1,1
L8_k480,0.03,16.64015900998625,5.12565841594399e-05,1,1
L8_k480,0.03,16.872403137364305,4.9219139467244535e-06,1,1
L8_k480,0.03,17.132184471246283,1.310034594896647e-05,1,1
L8_k480,0.03,17.367114342580052,6.327371534503767e-05,1,1
L8_k480,0.03,17.60161737892813,2.7244855241045872e-05,1,1
L8_k480,0.03,17.81565681583464,1.2863722778187231e-05,1,1
L8_k480,0.03,18.151979722444867,9.568592700358106e-06,1,1
L8_k480,0.03,18.41130792198839,2.138888752507952e-05,1,1
L8_k480,0.03,18.58477948050374,1.3515313575677552e-05,1,1
L8_k480,0.03,18.938021715093942,1.1453817716142796e-06,1,1
L8_k480,0.03,19.300466683346052,0.0034243638393088153,1,1
L8_k480,0.03,19.456329499326742,0.0005620443931716006,1,1
L8_k480,0.03,19.59693344968204,4.762913323351484e-05,1,1
L8_k480,0.03,19.918548671392482,8.289492223909347e-06,1,1
L8_k480,0.03,20.458704532604862,3.712974601124253e-05,1,1
L8_k480,0.03,20.618528071882427,0.027761309245094415,1,1
L8_k480,0.03,20.794795056735254,0.029403369466148473,1,1
L8_k480,0.03,20.894613531096496,0.000936973525585049,1,1
L8_k480,0.03,21.18530256836493,0.0015175733495232135,1,1
L8_k480,0.03,21.57561119319819,7.317352384702975e-05,1,1
L8_k480,0.03,21.74498297067651,0.0001348927464282133,1,1
L8_k480,0.03,22.144816217671206,0.00044595271625181795,1,1
L8_k480,0.03,22.242511997366943,0.0009353397822672389,1,1
L8_k480,0.03,22.58144176655395,4.264184092121403e-05,1,1
L8_k480,0.03,22.817882008477035,2.588745677419253e-05,1,1
L8_k480,0.03,23.18172240937734,0.0001488015892562242,1,1
L8_k480,0.03,23.40779721592861,0.0003745877284630275,1,1
L8_k480,0.03,23.55566545863795,5.379676960417494e-05,1,1
L8_k480,0.03,23.984032395525507,5.665719002796425e-05,1,1
L8_k480,0.03,24.17953104540361,5.936446378108744e-05,1,1
L8_k480,0.03,24.65190341271276,2.78383897710786e-06,1,1
L8_k480,0.03,24.983747381189843,3.528640211024707e-05,1,1
L8_k480,0.03,25.19708965420626,6.128873301393686e-05,1,1
L8_k480,0.03,25.45945622806959,0.00020255835796201147,1,1
L8_k480,0.03,25.699381428928127,1.2662748553376882e-05,1,1
L8_k480,0.03,26.178731014471097,2.8886008192390543e-05,1,1
L8_k480,0.03,26.354398627722826,8.506909729800861e-05,1,1
L8_k480,0.03,26.517843361890815,0.00014503729957511804,1,1
L8_k480,0.03,26.759092363304532,1.1908547499531434e-05,1,1
L8_k480,0.03,27.398042339135362,5.866386215802742e-06,1,1
L8_k480,0.03,27.691649797250744,6.269428455296889e-06,1,1
L8_k480,0.03,27.906800754851638,1.630765419914988e-05,1,1
L8_k480,0.03,28.18925743167217,1.5730756015347826e-06,1,1
L8_k480,0.03,28.5687883062822,1.2971637888231536e-05,1,1
L8_k480,0.03,28.85369350323594,3.2322727117131106e-05,1,1
L8_k480,0.03,29.029808855655006,2.3529810606276473e-05,1,1
L8_k480,0.03,29.5359736285081,1.1473001292243902e-06,1,1
L8_k480,0.03,29.920022736246302,2.398523934641223e-05,1,1
L8_k480,0.03,30.102926045294314,4.554156440719927e-05,1,1
L8_k480,0.03,30.44432239956369,1.7177389069556346e-05,1,1
L8_k480,0.03,30.72720188882537,5.278202088280986e-05,1,1
L8_k480,0.03,30.9084052914904,8.68510722372493e-06,1,1
L8_k480,0.03,31.56774918192551,3.740360976273077e-05,1,1
L8_k480,0.03,31.705654930805647,5.146164549097208e-05,1,1
L8_k480,0.03,32.0269794189264,1.0314107043396585e-05,1,1
L8_k480,0.03,32.309359008056056,3.1243906750783063e-06,1,1
L8_k480,0.03,32.71745976252195,1.9483736385213142e-05,1,1
L8_k480,0.03,32.924843450281436,2.062844921573713e-05,1,1
L8_k480,0.03,33.29172925044431,3.8127202253090344e-06,1,1
L8_k480,0.03,33.63400896423466,9.327020387759348e-07,1,1
L8_k480,0.03,34.01610886837443,2.109258609951171e-06,1,1
L8_k480,0.03,34.354787761199326,2.0020424037763174e-06,1,1
L8_k480,0.03,34.82927967229475,4.799611107136589e-06,1,1
L8_k480,0.03,35.078799174427616,1.3297423311354057e-05,1,1
L8_k480,0.03,35.36770072590054,3.166759417187827e-05,1,1
L8_k480,0.03,35.56727930157066,3.132978263830139e-05,1,1
L8_k480,0.03,36.052219204659586,3.3951326810828523e-06,1,1
L8_k480,0.03,36.34740972497384,2.466808702992424e-06,1,1
L8_k480,0.03,36.718613047387514,1.1729195580215188e-05,1,1
L8_k480,0.03,36.973342316942386,2.374584329488415e-05,1,1
L8_k480,0.03,37.198096254715054,1.77120349936374e-05,1,1
L8_k480,0.03,37.551924848946626,5.716038477901495e-07,1,1
L8_k480,0.03,38.05630188212513,7.581440950868393e-07,1,1
L8_k480,0.03,38.333830997462506,2.7612117231966084e-07,1,1
L8_k480,0.03,38.74161449998837,9.528500448928683e-08,1,1
L8_k480,0.03,39.30131181650028,4.7540270219220643e-07,1,1
L8_k480,0.03,39.48484833703499,8.422078076517208e-07,1,1
L8_k480,0.03,39.951059971386755,2.7055662187328936e-06,1,1
L8_k480,0.03,40.23284736163917,7.821858195860785e-07,1,1
L8_k480,0.03,40.559040612731444,2.3391359345229424e-06,1,1
L8_k480,0.03,41.01254231356947,6.457380421190217e-07,1,1
L8_k480,0.03,41.29140794681405,2.2015462136250966e-06,1,1
L8_k480,0.03,41.62502531610017,3.393366681771642e-06,1,1
L8_k480,0.03,41.79711084191381,3.789166602833897e-06,1,1
L8_k480,0.03,42.49405410902811,7.334397449649712e-07,1,1
L8_k480,0.03,42.68407465263093,3.6916436181931044e-06,1,1
L8_k480,0.03,42.939549160314456,4.450423128410017e-06,1,1
L8_k480,0.03,43.49156902282294,5.06520300045277e-07,1,1
L8_k480,0.03,43.863553415089456,3.153478320434303e-06,1,1
L8_k480,0.03,44.068434712708346,5.753149747298575e-06,1,1
L8_k480,0.03,44.39840295322613,1.4388912034685213e-06,1,1
L8_k480,0.03,44.77438996854908,2.2072262648444835e-07,1,1
L8_k480,0.03,45.35245467099436,2.9171477252766485e-07,1,1
L8_k480,0.03,45.626058470971984,3.375035065686544e-06,1,1
L8_k480,0.03,45.872869243607,5.497015258834625e-07,1,1
L8_k480,0.03,46.43562212669032,4.166110779875634e-06,1,1
L8_k480,0.03,46.753780252481064,4.2118626268620085e-06,1,1
L8_k480,0.03,47.03845014381838,1.815994679877299e-06,1,1
L8_k480,0.03,47.32064126531857,3.5739771532425955e-07,1,1
L8_k480,0.03,47.76055179998774,4.5701279813247995e-07,1,1
L8_k480,0.03,48.22656922450093,1.1256566111079373e-06,1,1
L8_k480,0.03,48.512154912386166,4.220777654254936e-06,1,1
L8_k480,0.03,48.86015886943914,7.941283469495816e-06,1,1
L8_k480,0.03,49.035277540086305,5.684937971538717e-06,1,1
L8_k480,0.03,49.57661443804074,1.62067093123881e-06,1,1
L8_k480,0.03,49.773795048905384,1.97543015083802e-06,1,1
L8_k480,0.03,50.07017431423232,1.5957664720072573e-06,1,1
L8_k480,0.03,50.560463698517765,4.784373544249541e-08,1,1
L8_k480,0.03,50.887878073549324,3.0999010792750604e-08,1,1
L8_k480,0.03,51.267077138092745,8.110141146755688e-08,1,1
L8_k480,0.03,51.71671673733279,4.062104508321454e-08,1,1
L8_k480,0.03,52.09482714996394,2.219490039391541e-08,1,1
L8_k480,0.03,52.365860970265906,2.3317677660631608e-08,1,1
L8_k480,0.03,52.91111500077121,1.3859790140541932e-08,1,1
L8_k480,0.03,53.17483661011239,6.0257883163113e-09,1,1
L8_k480,0.03,53.54446742913799,1.927055410882865e-09,1,1
L8_k480,0.03,53.98415499583109,2.1876332145341387e-09,1,1
L8_k480,0.03,54.38158309931204,9.023166674133504e-10,1,1
L8_k480,0.03,54.81887579252205,2.0510273157977942e-10,1,1
L8_k480,0.03,55.30701158041142,3.3910161830899915e-10,1,1
L8_k480,0.03,55.625432652907485,2.4935206400502386e-10,1,1
L8_k480,0.03,56.16689263095618,1.1671067365286675e-10,1,1
L8_k480,0.03,56.64083898732239,7.718540111887835e-10,1,1
L8_k480,0.03,56.91497209402444,7.591224039943766e-10,1,1
L8_k480,0.03,57.470000838197755,2.768374951592194e-09,1,1
L8_k480,0.03,57.85131210039685,8.408267782559609e-09,1,1
L8_k480,0.03,58.1747216296485,1.0043927455080919e-08,1,1
L8_k480,0.03,58.622802662838986,5.59077912532266e-07,1,1
L8_k480,0.03,58.811597261400806,4.7483347448708373e-07,1,1
L8_k480,0.03,59.067867861940975,8.376025371295321e-08,1,1
L8_k480,0.03,59.60022483082247,3.216280430200375e-08,1,1
L8_k480,0.03,59.89467043239586,1.122833790945845e-06,1,1
L8_k480,0.03,59.987075292868454,8.592277275043845e-07,1,1
L8_k480,0.03,60.5231505699523,1.759646475717741e-08,1,1
L8_k480,0.03,60.86658624020459,3.3372339759228102e-09,1,1
L8_k480,0.03,61.41739863471862,5.259657031882264e-09,1,1
L8_k480,0.03,61.677801508692546,1.2768378257534414e-08,1,1
L8_k480,0.03,62.010936953762915,4.635556054740627e-09,1,1
L8_k480,0.03,62.47438489250449,1.398829493094212e-09,1,1
L8_k480,0.03,62.83984529564296,1.4031548228833279e-09,1,1
L8_k480,0.03,63.20665164743981,2.2919175181935155e-09,1,1
L8_k480,0.03,63.498504577224715,9.512349740763014e-10,1,1
L8_k480,0.03,63.92864197469435,2.397557248143735e-10,1,1
L8_k480,0.03,64.32725822687188,4.4050605734231055e-10,1,1
L8_k480,0.03,64.81529611256823,9.107420599011429e-10,1,1
L8_k480,0.03,65.01378174564748,2.796037260450462e-10,1,1
L8_k480,0.03,65.64274732930701,2.606938825168177e-10,1,1
L8_k480,0.03,65.8716822248756,7.816059606871542e-10,1,1
L8_k480,0.03,66.18388004640417,8.013409544237302e-11,1,1
L8_k480,0.03,66.80442496988044,1.372755136891653e-10,1,1
L8_k480,0.03,67.08554117701729,9.191669377430338e-11,1,1
L8_k480,0.03,67.46763971233885,1.434337346242738e-11,1,1
L8_k480,0.03,67.90599645637333,1.2383489767976387e-10,1,1
L8_k480,0.03,68.18256306158364,1.322408301548866e-10,1,1
L8_k480,0.03,68.65721155241349,4.53002068923554e-12,1,1
L8_k480,0.03,69.22957438571325,4.930939933474583e-11,1,1
L8_k480,0.03,69.51383392976456,1.3944602750037485e-10,1,1
L8_k480,0.03,69.85053622479062,1.2491618598120703e-10,1,1
L8_k480,0.03,70.1370899850929,9.983907384906768e-11,1,1
L8_k480,0.03,70.68779615652612,9.543798472916835e-11,1,1
L8_k480,0.03,70.8901590450701,1.4772562887108816e-10,1,1
L8_k480,0.03,71.18459979704473,4.426046940058851e-11,1,1
L8_k480,0.03,71.6896903329566,4.692011859851322e-12,1,1
L8_k480,0.03,72.08051672704578,4.5959492622052325e-11,1,1
L8_k480,0.03,72.3351408732389,2.34889332021454e-11,1,1
L8_k480,0.03,72.75258384785973,4.0849578167582094e-12,1,1
L8_k480,0.03,73.28759960173514,3.054145936305344e-12,1,1
L8_k480,0.03,73.63508259542103,4.516956569924275e-12,1,1
L8_k480,0.03,74.13979257916954,1.2173071024998723e-11,1,1
L8_k480,0.03,74.40895000609231,4.0468698366247246e-11,1,1
L8_k480,0.03,74.65650082767858,4.4894511367123344e-11,1,1
L8_k480,0.03,74.97380557220188,3.786158526129436e-12,1,1
L8_k480,0.03,75.48416296450763,2.833694769648941e-12,1,1
L8_k480,0.03,75.87939627256473,3.116611268223426e-12,1,1
L8_k480,0.03,76.25569449951594,1.0807396832502328e-11,1,1
L8_k480,0.03,76.50229595784342,2.070973214432983e-11,1,1
L8_k480,0.03,76.72196223370248,3.3048987975147927e-12,1,1
L8_k480,0.03,77.3323008285948,4.5388096358959546e-13,1,1
L8_k480,0.03,77.60010792815193,5.13396313659746e-13,1,1
L8_k480,0.03,77.96306930481524,1.6628852799054672e-13,1,1
L8_k480,0.03,78.56886314126281,2.0170526750948263e-13,1,1
L8_k480,0.03,78.88270589440228,2.0742194566686652e-13,1,1
L8_k480,0.03,79.29486231254863,1.6017615940918564e-12,1,1
L8_k480,0.03,79.49715439885027,3.422399798570477e-13,1,1
L8_k480,0.03,79.83363925872867,1.9295258296030467e-13,1,1
L8_k480,0.03,80.4404801959673,3.898633506364983e-13,1,1
L8_k480,0.03,80.61434896784107,4.1568337437784293e-13,1,1
L8_k480,0.03,80.97094951462596,1.3187359305424304e-13,1,1
L8_k480,0.03,81.28326347074312,7.031315718068462e-15,1,1
L8_k480,0.03,81.79297110327998,8.136962016941971e-15,1,1
L8_k480,0.03,82.17163539715091,2.447466949328655e-14,1,1
L8_k480,0.03,82.56280373051189,8.273266854840186e-15,1,1
L8_k480,0.03,82.90704226564722,1.2249449186025628e-14,1,1
L8_k480,0.03,83.44692980840095,2.616267906557024e-13,1,1
L8_k480,0.03,83.56125874739365,2.670805878361537e-13,1,1
L8_k480,0.03,83.91559768159476,2.253261074311615e-14,1,1
L8_k480,0.03,84.21229109531693,1.0214083800860802e-14,1,1
L8_k480,0.03,84.69740604793347,1.1368459452929731e-14,1,1
L8_k480,0.03,84.93396003440718,4.8052130201174995e-14,1,1
L8_k480,0.03,85.24780860758922,1.0875523546599945e-15,1,1
L8_k480,0.03,85.73693859304238,2.6146671011236055e-16,1,1
L8_k480,0.03,86.06532216142939,1.626331859792328e-16,1,1
L8_k480,0.03,86.6704152619119,3.249544865052287e-16,1,1
L8_k480,0.03,86.90454206745086,3.506392734552215e-16,1,1
L8_k480,0.03,87.27522471454766,9.196749525656033e-17,1,1
L8_k480,0.03,87.6562200785959,3.016899514904768e-16,1,1
L8_k480,0.03,88.03126749295953,3.5161384809328454e-16,1,1
L8_k480,0.03,88.34790806604411,1.4844834604920194e-16,1,1
L8_k480,0.03,88.74376328883099,1.648977233302161e-16,1,1
L8_k480,0.03,89.10225840736604,2.678069008268309e-15,1,1
L8_k480,0.03,89.44371749620746,1.945756318299632e-15,1,1
L8_k480,0.03,89.53622442407989,2.3528402368100904e-15,1,1
L8_k480,0.03,90.17673964528076,5.380067230803408e-17,1,1
L8_k480,0.03,90.39903643961452,9.069915306288475e-17,1,1
L8_k480,0.03,90.94350426618551,9.25614400479623e-17,1,1
L8_k480,0.03,91.11189379201038,4.948004887952452e-16,1,1
L8_k480,0.03,91.4200869487682,2.7972781658278754e-16,1,1
L8_k480,0.03,91.89028688622093,3.154075365248453e-17,1,1
L8_k480,0.03,92.19869955447103,2.8146965648871343e-16,1,1
L8_k480,0.03,92.43706146561235,1.381454190852322e-16,1,1
L8_k480,0.03,92.65512016944415,4.064188111326927e-17,1,1
L8_k480,0.03,93.0873743318824,1.367795466591285e-17,1,1
L8_k480,0.03,93.53017749144588,7.68438973240114e-18,1,1
L8_k480,0.03,93.83581619626865,3.2793167474252415e-18,1,1
L8_k480,0.03,94.22177207176489,1.5976132247975305e-18,1,1
L8_k480,0.03,94.55813316210941,1.9789754782205643e-18,1,1
L8_k480,0.03,95.08233146988258,5.17825431167315e-18,1,1
L8_k480,0.03,95.30269826727829,2.097833768451082e-17,1,1
L8_k480,0.03,95.528342035393,4.6480252800178675e-18,1,1
L8_k480,0.03,95.97861114353336,2.4102013524633743e-17,1,1
L8_k480,0.03,96.22517383153611,1.4497270484954466e-17,1,1
L8_k480,0.03,96.44613233705878,1.2407716796046533e-17,1,1
L8_k480,0.03,96.90251882267575,5.808435129851825e-18,1,1
L8_k480,0.03,97.11999714307633,1.3668714038139713e-17,1,1
L8_k480,0.03,97.38419875888746,7.494609656841787e-18,1,1
L8_k480,0.03,97.61396803573065,2.18015810933678e-19,1,1
L8_k480,0.03,98.17776203952945,6.136111317648971e-18,1,1
L8_k480,0.03,98.319938645603,1.1698989799928386e-18,1,1
L8_k480,0.03,98.67366685924671,1.0369612316390915e-19,1,1
L8_k480,0.03,99.19992995959255,1.9961728807610585e-19,1,1
L8_k480,0.03,99.37833516252296,3.164897516570382e-19,1,1
L8_k480,0.03,99.74051996393221,1.9814941256263106e-19,1,1
L8_k480,0.03,100.12752708925163,1.1576652072113858e-19,1,1
L8_k480,0.03,100.35544492877753,3.8703004981855573e-19,1,1
L8_k480,0.03,100.70401561298858,6.159431866991837e-19,1,1
L8_k480,0.03,100.9834661414353,1.2397005053752527e-18,1,1
L8_k480,0.03,101.18876725989635,3.255293677127005e-19,1,1
L8_k480,0.03,101.38335730459647,7.078449885205966e-19,1,1
L8_k480,0.03,101.87188489713428,3.849447788717754e-20,1,1
L8_k480,0.03,102.10639600255212,2.8545737371658374e-18,1,1
L8_k480,0.03,102.24183811956308,7.131756165129681e-19,1,1
L8_k480,0.03,102.54814758584838,1.2309920564246392e-19,1,1
L8_k480,0.03,102.88563688915737,1.3243415145631306e-19,1,1
L8_k480,0.03,103.25461878597027,4.426602718663212e-21,1,1
L8_k480,0.03,103.57516885781146,1.1042704603966446e-20,1,1
L8_k480,0.03,103.8110923180533,2.8291876517179523e-20,1,1
L8_k480,0.03,104.01036037771252,5.986962866584248e-21,1,1
L8_k480,0.03,104.39476931518514,8.775303288671999e-21,1,1
L8_k480,0.03,104.65508637629696,6.078783287959869e-21,1,1
L8_k480,0.03,104.92835184044833,5.891885283403365e-21,1,1
L8_k480,0.03,105.22783029232775,2.8814878787002315e-21,1,1
L8_k480,0.03,105.43594484607483,4.1630341816245e-21,1,1
L8_k480,0.03,105.61130140194538,1.3071990805423235e-21,1,1
L8_k480,0.03,105.96562335300568,8.956480791772306e-23,1,1
L8_k480,0.03,106.30464185137511,1.670612699381669e-22,1,1
L8_k480,0.03,106.52608807820465,7.071878776724529e-22,1,1
L8_k480,0.03,106.86358854852527,2.016345193775041e-23,1,1
L8_k480,0.03,107.25263630697383,4.866957720613395e-22,1,1
L8_k480,0.03,107.54115536374765,5.745707974833489e-22,1,1
L8_k480,0.03,107.65399001727076,5.22833446747127e-22,1,1
L8_k480,0.03,107.93235035956796,5.601129169624633e-23,1,1
L8_k480,0.03,108.20405457430282,2.777534479639449e-22,1,1
L8_k480,0.03,108.55659194296848,1.0606235981807357e-22,1,1
L8_k480,0.03,108.74604680414488,7.979083848393677e-22,1,1
L8_k480,0.03,108.85618207577713,9.595422210008835e-22,1,1
L8_k480,0.03,109.0716840442347,2.217278315030233e-22,1,1
L8_k480,0.03,109.29099817119648,4.281846227441074e-24,1,1
L8_k480,0.03,109.76917129274254,5.645993786604871e-23,1,1
L8_k480,0.03,109.92662694945554,1.0030601218124182e-22,1,1
L8_k480,0.03,110.06853040599297,6.843872221633678e-23,1,1
L8_k480,0.03,110.19880393024417,3.506047374084137e-23,1,1
L8_k480,0.03,110.63842216497524,9.983558163436807e-26,1,1
L8_k480,0.03,110.87207807796389,7.410985082417469e-25,1,1
L8_k480,0.03,111.12664902542693,3.421040232355468e-25,1,1
L8_k480,0.03,111.35087844362515,5.645899415762251e-26,1,1
L8_k480,0.03,111.72347824734332,4.563293215586011e-26,1,1
L8_k480,0.03,111.96352086996335,4.057425506713512e-25,1,1
L8_k480,0.03,112.17582558328331,1.2544958851095008e-24,1,1
L8_k480,0.03,112.35444842387957,7.884827225265631e-25,1,1
L8_k480,0.03,112.61751915960109,8.423810310761718e-23,1,1
L8_k480,0.03,112.79434212286604,4.8979042052923695e-23,1,1
L8_k480,0.03,112.90780817688236,2.98418177984625e-24,1,1
L8_k480,0.03,113.04709974903747,1.1721791873487353e-24,1,1
L8_k480,0.03,113.26730709176003,9.140675616932421e-25,1,1
L8_k480,0.03,113.4296057197872,4.456736186972774e-25,1,1
L8_k480,0.03,113.78212278447627,6.766974904651122e-29,1,1
L8_k480,0.03,114.21517527553523,1.0498309128305767e-26,1,1
L8_k480,0.03,114.32789920319128,2.6831265242067886e-26,1,1
L8_k480,0.03,114.44105003604436,2.775402853630075e-27,1,1
L8_k480,0.03,114.6680492778222,1.368024397403499e-28,1,1
L8_k480,0.03,114.9102774627222,1.259038685954875e-26,1,1
L8_k480,0.03,115.00731826501335,1.1860564618874228e-26,1,1
L8_k480,0.03,115.24071112164934,2.4830110726320517e-28,1,1
L8_k480,0.03,115.58758219704232,1.213349415763548e-28,1,1
L8_k480,0.03,115.83932112286595,3.1079943646875725e-27,1,1
L8_k480,0.03,115.90075949766525,5.13669803386061e-27,1,1
L8_k480,0.03,115.99909212819554,1.0177584326982267e-27,1,1
L8_k480,0.03,116.26574554014402,1.3219742750363149e-27,1,1
L8_k480,0.03,116.36106839297867,5.2147796555769545e-27,1,1
L8_k480,0.03,116.52672151468018,1.7737700929449392e-28,1,1
L8_k480,0.03,116.74827045368654,1.0213867836893978e-28,1,1
L8_k480,0.03,116.85134420592662,5.190255336304349e-28,1,1
L8_k480,0.03,117.06586345224133,7.213521900222606e-28,1,1
L8_k480,0.03,117.12711756289329,2.615039643824512e-28,1,1
L8_k480,0.03,117.47048421915386,1.3529287811898586e-27,1,1
L8_k480,0.03,117.59232640688572,3.2950614213269854e-28,1,1
L8_k480,0.03,117.64800788437466,1.275417020164064e-29,1,1
L8_k480,0.03,117.80315161054469,8.190622555051704e-32,1,1
L8_k480,0.03,118.087730755161,1.655685096968757e-31,1,1
L8_k480,0.03,118.23068587488825,1.0960345267442969e-32,1,1
L8_k480,0.03,118.4642205124272,5.204297346875225e-32,1,1
L8_k480,0.03,118.62425738919431,1.1061108231714759e-32,1,1
L8_k480,0.03,118.78753982663939,6.034437095304804e-32,1,1
L8_k480,0.03,118.92096629593931,2.4621011344863507e-32,1,1
L8_k480,0.03,119.09376880468992,3.1840576291067276e-32,1,1
L8_k480,0.03,119.19407727147657,4.6473924355341127e-32,1,1
L8_k480,0.03,119.33185144098393,2.07622926543657e-32,1,1
L8_k480,0.03,119.51637431495837,2.916123127580548e-33,1,1
L8_k480,0.03,119.64974561145047,1.9936393401486048e-32,1,1
L8_k480,0.03,119.77554704503225,2.9216442554814125e-32,1,1
L8_k480,0.03,119.8531957154652,3.4514079751955364e-31,1,1
L8_k480,0.03,119.92651250243476,4.093771685253738e-32,1,1
L8_k480,0.03,120.07990964515473,1.8596102629232188e-32,1,1
L8_k480,0.03,120.1993962111643,4.4519956680061194e-32,1,1
L8_k480,0.03,120.26278603900565,2.475701256977289e-32,1,1
L8_k480,0.03,120.35394720411365,1.4324289614438224e-32,1,1
L8_k480,0.03,120.5551019351424,8.285105365612777e-33,1,1
L8_k480,0.03,120.69844160350716,4.2452620715226226e-32,1,1
L8_k480,0.03,120.71214855024985,6.920489940402523e-33,1,1
L8_k480,0.03,120.76811174030091,1.70173714775073e-33,1,1
L8_k480,0.03,120.98862729572926,7.834288471530399e-35,1,1
L8_k480,0.03,121.15312215809533,2.085974348410367e-33,1,1
L8_k480,0.03,121.29234415838218,1.1994747733976527e-32,1,1
L8_k480,0.03,121.29398668350044,1.3467428027058548e-33,1,1
L8_k480,0.03,121.3976377630078,8.376308191810773e-33,1,1
L8_k480,0.03,121.40066893086052,3.3332345088046426e-34,1,1
L8_k480,0.03,121.50566027076368,5.880867815847396e-33,1,1
L8_k480,0.03,121.6345178752468,7.210271764560843e-35,1,1
L8_k480,0.03,121.790996905132,1.9230720031936097e-32,1,1
L8_k480,0.03,121.81887805757266,3.586321320530176e-33,1,1
L8_k480,0.03,122.12001736529187,1.829025341828999e-34,1,1
L8_k480,0.03,122.12084709397125,5.504972642288065e-35,1,1
L8_k480,0.03,122.28374580807879,1.4628533762636768e-33,1,1
L8_k480,0.03,122.32734325982621,1.0303953700952105e-31,1,1
L8_k480,0.03,122.35029087764428,1.3070676618071386e-31,1,1
L8_k480,0.03,122.41945469443748,4.896230109989551e-32,1,1
L8_k480,0.03,122.44730942781568,7.99678442131759e-33,1,1
L8_k480,0.03,122.46566022925259,6.627277623058139e-34,1,1
L8_k480,0.03,122.53788131977447,3.0346153624335807e-32,1,1
L8_k480,0.03,122.55846657798367,2.8669225847846604e-33,1,1
L8_k480,0.03,122.6550498246358,4.925234685973507e-32,1,1
L8_k480,0.03,122.67102912506881,3.9325557495599314e-32,1,1
L8_k480,0.03,122.76007325520979,1.804279081540743e-32,1,1
L8_k480,0.03,122.89389788746612,8.171978982998292e-33,1,1
L8_k480,0.03,122.89630009257553,1.2260669891457666e-32,1,1
L8_k480,0.03,122.96991194433582,2.276642244934969e-32,1,1
L8_k480,0.03,123.25432945090122,3.00651668686973e-32,1,1
L8_k480,0.03,123.48128372192033,5.300755826833661e-32,1,1
L8_k480,0.03,123.50756840187535,1.0622989656774605e-31,1,1
L8_k480,0.03,123.58966025476809,3.883011762961261e-33,1,1
L8_k480,0.03,123.69856945803855,3.468961482322732e-32,1,1
L8_k480,0.03,123.80727586637401,2.7223611866131425e-34,1,1
L8_k480,0.03,123.83082827783336,1.6142695809569148e-33,1,1
L8_k480,0.03,123.93524948882715,2.923919431640148e-32,1,1
L8_k480,0.03,125.4802553906136,3.691177533416934e-33,1,1
L8_k480,0.03,126.11607833818125,1.22994774409432e-32,1,1
L8_k480,0.03,-1.1144203071148993,0.00026514280968647244,1,0
L8_k480,0.03,-1.1978332838820325,0.001980107035804325,1,0
L8_k480,0.03,-2.2569648041789514,0.00202484629703114,1,0
L8_k480,0.03,-2.34326383267828,0.003615416829587158,1,0
L8_k480,0.03,-3.105016569318674,9.03767630686903e-06,1,0
L8_k480,0.03,-3.409570135282892,2.4436801944634107e-07,1,0
L8_k480,0.03,-3.8749945331677758,2.6100723923515304e-07,1,0
L8_k480,0.03,-3.8899032009058905,6.712714932544651e-07,1,0
L8_k480,0.03,-4.233303767719718,1.9911267520761416e-05,1,0
L8_k480,0.03,-4.329005502380323,8.43224758223899e-06,1,0
L8_k480,0.03,-4.344313744440479,1.6199464383095885e-06,1,0
L8_k480,0.03,-4.461658333030973,1.0240110905533636e-29,1,0
L8_k480,0.03,-4.471642013310725,3.4609522750692355e-30,1,0
L8_k480,0.03,-4.545462192958474,9.296534854383874e-07,1,0
L8_k480,0.03,-4.5561067991814586,2.1428960662208e-08,1,0
L8_k480,0.03,-4.563873088168877,1.9101259497552186e-31,1,0
L8_k480,0.03,-4.6350523864383595,3.128248481916884e-08,1,0
L8_k480,0.03,-4.653989949112656,2.5657394176747836e-30,1,0
L8_k480,0.03,-4.9630310502874755,4.42012490343408e-08,1,0
L8_k480,0.03,-5.056634795827792,1.6053758740216056e-07,1,0
L8_k480,0.03,-5.429053719445918,2.397095912077082e-06,1,0
L8_k480,0.03,-5.459702153860039,1.8132944385963377e-05,1,0
L8_k480,0.03,-5.464469584211149,5.193719583350824e-30,1,0
L8_k480,0.03,-5.499253201730122,7.578672093012721e-07,1,0
L8_k480,0.03,-5.542323096717441,4.3413250071954436e-06,1,0
L8_k480,0.03,-5.604944473189658,1.6317917233513517e-07,1,0
L8_k480,0.03,-5.689662877927761,3.0433992349696516e-07,1,0
L8_k480,0.03,-5.707203099553294,3.2582739862865466e-29,1,0
L8_k480,0.03,-5.786970715221387,2.4376211516342258e-30,1,0
L8_k480,0.03,-6.195991739815216,0.003896184797612015,1,0
L8_k480,0.03,-6.258915782689799,0.004603452446610294,1,0
L8_k480,0.03,-6.452766783327183,7.62974493246917e-08,1,0
L8_k480,0.03,-6.561315984304479,8.607374871996705e-05,1,0
L8_k480,0.03,-6.672600515080001,4.135912747063471e-07,1,0
L8_k480,0.03,-6.6849098035171455,1.8275610714947686e-05,1,0
L8_k480,0.03,-6.901156605339077,3.0752471259473684e-05,1,0
L8_k480,0.03,-6.977731664844357,4.80032090811329e-06,1,0
L8_k480,0.03,-7.078691086806463,2.915252163902429e-05,1,0
L8_k480,0.03,-7.176073799697664,1.1671899716859596e-07,1,0
L8_k480,0.03,-7.502499845439846,8.42718868194608e-07,1,0
L8_k480,0.03,-7.627116791855991,1.300904307112974e-06,1,0
L8_k480,0.03,-7.677101470961314,1.3080421103995773e-07,1,0
L8_k480,0.03,-7.803178510308504,9.250407756176096e-07,1,0
L8_k480,0.03,-7.860470922079182,7.566018256386292e-07,1,0
L8_k480,0.03,-7.905442944249864,7.250453414187608e-07,1,0
L8_k480,0.03,-7.930821291091989,1.2933429302371382e-05,1,0
L8_k480,0.03,-8.036627845712793,7.117961591939447e-05,1,0
L8_k480,0.03,-8.127388199844315,6.463007584287813e-05,1,0
L8_k480,0.03,-8.30475327542699,1.4316976196596567e-05,1,0
L8_k480,0.03,-8.400561766903651,1.0016793141781345e-05,1,0
L8_k480,0.03,-8.427073311583445,4.070401982036405e-06,1,0
L8_k480,0.03,-8.500740272950981,1.7446610685176337e-06,1,0
L8_k480,0.03,-8.64070189233969,2.651254338032006e-07,1,0
L8_k480,0.03,-8.766841675329564,6.357709651142553e-07,1,0
L8_k480,0.03,-8.81608469642495,3.2134283466173965e-06,1,0
L8_k480,0.03,-8.983868251540425,1.0849587561392024e-05,1,0
L8_k480,0.03,-9.131657300776144,5.633402172283083e-07,1,0
L8_k480,0.03,-9.23356297103877,4.174832744008303e-06,1,0
L8_k480,0.03,-9.356447457074175,7.95403528495555e-06,1,0
L8_k480,0.03,-9.413439307993881,0.00010886041376049726,1,0
L8_k480,0.03,-9.525388869861535,1.2121704525266695e-05,1,0
L8_k480,0.03,-9.63562027282448,2.4896011451522394e-06,1,0
L8_k480,0.03,-9.808856232738458,1.5255853921450546e-07,1,0
L8_k480,0.03,-10.05938761095568,2.684834985622835e-08,1,0
L8_k480,0.03,-10.266404820681338,1.2957247663378111e-06,1,0
L8_k480,0.03,-10.328595411220187,1.2589422127356991e-05,1,0
L8_k480,0.03,-10.407016125700032,2.3362047616017114e-05,1,0
L8_k480,0.03,-10.494997618649334,1.0548660767500597e-05,1,0
L8_k480,0.03,-10.5934058105272,9.846183077758816e-06,1,0
L8_k480,0.03,-11.0127934343679,4.1097552819003414e-08,1,0
L8_k480,0.03,-11.147167318784923,1.606957612796558e-07,1,0
L8_k480,0.03,-11.29616173548723,2.819028608257233e-07,1,0
L8_k480,0.03,-11.456987683897397,4.0394212842277727e-07,1,0
L8_k480,0.03,-11.624557003045703,9.017728698483905e-06,1,0
L8_k480,0.03,-11.703390216077754,6.409505839049996e-07,1,0
L8_k480,0.03,-12.041175055119526,2.79533212386809e-07,1,0
L8_k480,0.03,-12.218943305743673,9.525434882715818e-07,1,0
L8_k480,0.03,-12.364535995846687,7.857058542900846e-06,1,0
L8_k480,0.03,-12.576820103864955,6.289617951448955e-05,1,0
L8_k480,0.03,-12.668021609680919,3.700791614444404e-05,1,0
L8_k480,0.03,-12.76931594943966,7.08785324313098e-05,1,0
L8_k480,0.03,-13.072790546200997,2.0554965400224263e-05,1,0
L8_k480,0.03,-13.317533142788884,4.5222854953205066e-06,1,0
L8_k480,0.03,-13.421060556576561,1.819198443925542e-05,1,0
L8_k480,0.03,-13.613965620638181,8.243240652940138e-05,1,0
L8_k480,0.03,-13.734623560442683,0.00021144609023696,1,0
L8_k480,0.03,-13.88240995942906,0.00018002381139314266,1,0
L8_k480,0.03,-14.054023060189131,4.7614560972441434e-05,1,0
L8_k480,0.03,-14.210449077145258,5.632894397799382e-05,1,0
L8_k480,0.03,-14.416254622087841,1.2271824552055488e-05,1,0
L8_k480,0.03,-14.770582595849959,2.090933712494478e-05,1,0
L8_k480,0.03,-14.840511718859688,3.957719392794393e-05,1,0
L8_k480,0.03,-14.983640796071874,0.00011768622272865149,1,0
L8_k480,0.03,-15.157057888493496,0.00010068658002605265,1,0
L8_k480,0.03,-15.568783180525697,4.477063006843049e-08,1,0
L8_k480,0.03,-15.885895124835217,4.907980860871358e-06,1,0
L8_k480,0.03,-16.023129228798236,4.041017546039418e-06,1,0
L8_k480,0.03,-16.168519926987607,5.977923615735898e-07,1,0
L8_k480,0.03,-16.59573657959018,2.9156489096871024e-07,1,0
L8_k480,0.03,-16.699001895842333,1.1802707832770447e-06,1,0
L8_k480,0.03,-17.070111631742108,1.778836422979206e-05,1,0
L8_k480,0.03,-17.24282101899887,1.7177073019090034e-05,1,0
L8_k480,0.03,-17.37454102939347,5.6844338853706325e-05,1,0
L8_k480,0.03,-17.60197543345397,4.9182019015286664e-05,1,0
L8_k480,0.03,-17.801483737595728,2.5415834152744694e-05,1,0
L8_k480,0.03,-18.112371448438555,1.4570704199314664e-05,1,0
L8_k480,0.03,-18.321403475350927,1.6578814478948434e-05,1,0
L8_k480,0.03,-18.502133774878967,3.4357421060326704e-05,1,0
L8_k480,0.03,-18.669653501883975,9.133249633056157e-06,1,0
L8_k480,0.03,-19.15339246387131,8.439594024649033e-06,1,0
L8_k480,0.03,-19.300654463842328,0.0068318324283979685,1,0
L8_k480,0.03,-19.441781056288903,0.0007889917716837179,1,0
L8_k480,0.03,-19.511234053523115,0.0003285221213164796,1,0
L8_k480,0.03,-19.776242600775248,1.5184950319553333e-05,1,0
L8_k480,0.03,-20.05295655035553,3.2546322298633117e-06,1,0
L8_k480,0.03,-20.47165350380851,2.8653964123606336e-07,1,0
L8_k480,0.03,-20.697827124243844,5.836233973295586e-06,1,0
L8_k480,0.03,-21.01749787635706,2.582063290763771e-06,1,0
L8_k480,0.03,-21.174911621468375,1.2468120722118664e-05,1,0
L8_k480,0.03,-21.47306535462152,8.537289225430113e-07,1,0
L8_k480,0.03,-21.784544217838445,1.5933458051483333e-06,1,0
L8_k480,0.03,-22.082705698587482,2.8980266390662208e-05,1,0
L8_k480,0.03,-22.279295469100536,7.036960069263508e-05,1,0
L8_k480,0.03,-22.445659954264503,5.683093916495076e-05,1,0
L8_k480,0.03,-22.666016734094168,5.261841873982219e-05,1,0
L8_k480,0.03,-23.00415338740142,1.3629883737163817e-05,1,0
L8_k480,0.03,-23.299645431728926,2.1172612559951683e-05,1,0
L8_k480,0.03,-23.467940188279307,6.258912969344252e-06,1,0
L8_k480,0.03,-23.84227207280284,5.045874386827948e-06,1,0
L8_k480,0.03,-24.014767850036513,4.671604358970651e-05,1,0
L8_k480,0.03,-24.173998197499262,3.717903617351188e-05,1,0
L8_k480,0.03,-24.701600632101133,1.3325123248974032e-06,1,0
L8_k480,0.03,-25.027803825979735,3.6004201765643374e-05,1,0
L8_k480,0.03,-25.194787362713697,4.271981483020166e-05,1,0
L8_k480,0.03,-25.52278544000792,1.3504121256799665e-05,1,0
L8_k480,0.03,-25.734746111421916,2.182985584951514e-06,1,0
L8_k480,0.03,-26.20253080009783,5.649971820192953e-06,1,0
L8_k480,0.03,-26.340639421664342,1.0289239208636947e-05,1,0
L8_k480,0.03,-26.55507349497132,7.307572192465651e-06,1,0
L8_k480,0.03,-26.76649936897684,8.279447218193543e-06,1,0
L8_k480,0.03,-27.39281398739148,1.0326644044270923e-05,1,0
L8_k480,0.03,-27.582466517009458,4.58616970904594e-06,1,0
L8_k480,0.03,-27.830321044551365,2.2370908799020848e-05,1,0
L8_k480,0.03,-27.98490240852096,1.505358705850537e-05,1,0
L8_k480,0.03,-28.48973753532465,1.1197989737329912e-06,1,0
L8_k480,0.03,-28.84807910805094,3.048614624181375e-05,1,0
L8_k480,0.03,-28.998703087509366,4.495710604327027e-05,1,0
L8_k480,0.03,-29.10437707062581,6.986391379085977e-06,1,0
L8_k480,0.03,-29.69441593376436,9.27228336316708e-07,1,0
L8_k480,0.03,-30.009700852688514,2.4543291717841026e-06,1,0
L8_k480,0.03,-30.29911005647104,6.310311306011229e-06,1,0
L8_k480,0.03,-30.54843867738939,1.9804011617035932e-05,1,0
L8_k480,0.03,-30.784136265360907,2.1455199130594765e-05,1,0
L8_k480,0.03,-30.93436531178277,5.867170091750476e-06,1,0
L8_k480,0.03,-31.546210507853495,1.5841738615899454e-05,1,0
L8_k480,0.03,-31.709384666702775,1.5311157062057648e-05,1,0
L8_k480,0.03,-31.945552514376075,5.811469141978868e-06,1,0
L8_k480,0.03,-32.52871715714213,2.3851278428933794e-06,1,0
L8_k480,0.03,-32.77639004035796,2.788067068504424e-05,1,0
L8_k480,0.03,-32.93769957019932,2.5894598312348707e-05,1,0
L8_k480,0.03,-33.289899539482114,3.189665992075483e-06,1,0
L8_k480,0.03,-33.58918239594964,1.0786543462181632e-06,1,0
L8_k480,0.03,-34.00651539754461,1.5448372961919493e-06,1,0
L8_k480,0.03,-34.295683707586456,2.0079138537435505e-06,1,0
L8_k480,0.03,-34.6593867637684,1.0622258148145802e-06,1,0
L8_k480,0.03,-34.97127002542758,1.0692757802108127e-05,1,0
L8_k480,0.03,-35.19137466257514,1.9475110349599944e-05,1,0
L8_k480,0.03,-35.41673095320814,6.6361376673122445e-06,1,0
L8_k480,0.03,-35.7818545631974,1.3803025053542802e-06,1,0
L8_k480,0.03,-36.16105644020959,1.7854857113559783e-06,1,0
L8_k480,0.03,-36.555328682860576,1.7104603085319065e-07,1,0
L8_k480,0.03,-36.96194421069014,1.1796899030753706e-05,1,0
L8_k480,0.03,-37.115598204618394,9.840523505498434e-06,1,0
L8_k480,0.03,-37.44527984610656,3.273114701797466e-07,1,0
L8_k480,0.03,-37.906199945340454,1.662116134353315e-07,1,0
L8_k480,0.03,-38.1655719811721,5.689608711375067e-07,1,0
L8_k480,0.03,-38.50512351579565,1.3146770593932485e-07,1,0
L8_k480,0.03,-38.862821060810944,6.501287625001178e-08,1,0
L8_k480,0.03,-39.34885123332799,7.65578653763419e-07,1,0
L8_k480,0.03,-39.46984560417678,1.1689096985213136e-06,1,0
L8_k480,0.03,-39.948820141634606,1.190520955442324e-07,1,0
L8_k480,0.03,-40.4099296904464,1.4095730955087735e-06,1,0
L8_k480,0.03,-40.58269734853227,2.9989788887448957e-06,1,0
L8_k480,0.03,-40.787060394376134,2.1289073127429677e-07,1,0
L8_k480,0.03,-41.3814054427753,5.768320824206937e-07,1,0
L8_k480,0.03,-41.68066600750834,6.2987982449556104e-06,1,0
L8_k480,0.03,-41.81240855884464,2.9005666535589383e-06,1,0
L8_k480,0.03,-42.448782391493275,3.2108333053726593e-07,1,0
L8_k480,0.03,-42.647422568454466,6.702871418855495e-06,1,0
L8_k480,0.03,-42.8518008761432,1.2470696000303142e-06,1,0
L8_k480,0.03,-43.40738904295132,5.442624687068047e-08,1,0
L8_k480,0.03,-43.764597449561336,1.7330377691797737e-06,1,0
L8_k480,0.03,-43.934488484461646,5.254605354528077e-07,1,0
L8_k480,0.03,-44.47959908516896,6.23510116510243e-08,1,0
L8_k480,0.03,-44.84462351746811,8.508319711289763e-08,1,0
L8_k480,0.03,-45.25382691551475,1.8615105750855787e-07,1,0
L8_k480,0.03,-45.58212164270052,4.7619149921519326e-06,1,0
L8_k480,0.03,-45.73343189361863,2.9947251448627717e-06,1,0
L8_k480,0.03,-46.1403215536046,3.0444464218940895e-07,1,0
L8_k480,0.03,-46.44287106752787,8.28621594951476e-06,1,0
L8_k480,0.03,-46.79220358218198,4.7318544047923795e-07,1,0
L8_k480,0.03,-47.133223217016855,1.8214538828012798e-07,1,0
L8_k480,0.03,-47.71352847532691,2.352268484351553e-07,1,0
L8_k480,0.03,-47.84976699273054,2.2118803492234701e-07,1,0
L8_k480,0.03,-48.30550657105969,4.9769199784288255e-08,1,0
L8_k480,0.03,-48.74106551616594,2.2423175014156585e-07,1,0
L8_k480,0.03,-48.8837772898426,1.6770386925218165e-07,1,0
L8_k480,0.03,-49.58627011647962,1.753264400076221e-06,1,0
L8_k480,0.03,-49.73721642122831,3.999186040789373e-06,1,0
L8_k480,0.03,-50.04166610368915,3.337417585585231e-06,1,0
L8_k480,0.03,-50.23685074423288,2.787311566889683e-07,1,0
L8_k480,0.03,-50.710967732110596,8.308382766091737e-08,1,0
L8_k480,0.03,-51.22347358745183,1.329551282936974e-07,1,0
L8_k480,0.03,-51.40414539856788,3.635148804697133e-08,1,0
L8_k480,0.03,-51.762661049676765,2.4426668163871574e-08,1,0
L8_k480,0.03,-52.19448572632566,2.267733986745744e-08,1,0
L8_k480,0.03,-52.38381712318532,2.970481394586853e-08,1,0
L8_k480,0.03,-52.960087339125394,7.534583166180036e-09,1,0
L8_k480,0.03,-53.211741408565125,5.3622428547915115e-09,1,0
L8_k480,0.03,-53.569735278583174,1.5698970831293932e-09,1,0
L8_k480,0.03,-53.99314096383174,1.9861063436697174e-09,1,0
L8_k480,0.03,-54.37578508893027,1.432731287989127e-09,1,0
L8_k480,0.03,-54.69162028260537,2.0609422291694538e-10,1,0
L8_k480,0.03,-55.197722077278605,1.1386199477827346e-10,1,0
L8_k480,0.03,-55.56551562317332,2.0218171304914758e-10,1,0
L8_k480,0.03,-56.01083173941408,3.340961526262669e-11,1,0
L8_k480,0.03,-56.56914810519415,4.357584685585392e-10,1,0
L8_k480,0.03,-56.82378989519331,1.3790227548755158e-09,1,0
L8_k480,0.03,-57.36122993263254,1.8593584737414242e-09,1,0
L8_k480,0.03,-57.66817332484473,4.852568274733612e-09,1,0
L8_k480,0.03,-57.966582823033875,1.1341931508683082e-08,1,0
L8_k480,0.03,-58.49700777765402,1.2215303493308984e-07,1,0
L8_k480,0.03,-58.6599581323962,1.3069415613515145e-06,1,0
L8_k480,0.03,-58.86214542373175,7.038466840189109e-07,1,0
L8_k480,0.03,-59.07552143164305,3.6030500204428324e-08,1,0
L8_k480,0.03,-59.472325303858895,2.509007856806432e-09,1,0
L8_k480,0.03,-59.924503955053346,1.0000927342121633e-09,1,0
L8_k480,0.03,-60.40894551172027,1.880832706261599e-09,1,0
L8_k480,0.03,-60.74689856167412,3.6680397729659687e-09,1,0
L8_k480,0.03,-61.090241274734396,5.367851226445073e-10,1,0
L8_k480,0.03,-61.5677932706469,2.0773333933363506e-09,1,0
L8_k480,0.03,-61.81539752025747,2.288978242235955e-09,1,0
L8_k480,0.03,-62.1448728638614,6.107043922761266e-10,1,0
L8_k480,0.03,-62.58358766504049,7.426947794293665e-10,1,0
L8_k480,0.03,-62.82039985728509,6.46839454268088e-10,1,0
L8_k480,0.03,-63.26570202295585,7.016796839546908e-10,1,0
L8_k480,0.03,-63.45523924595351,9.37084404095043e-11,1,0
L8_k480,0.03,-64.19829483887197,9.869203713211812e-11,1,0
L8_k480,0.03,-64.35281070042213,4.571643831900392e-10,1,0
L8_k480,0.03,-64.87275969380171,1.4694415235619892e-10,1,0
L8_k480,0.03,-65.11066041534174,5.1297043182923734e-11,1,0
L8_k480,0.03,-65.62882204697905,1.2129027036211857e-10,1,0
L8_k480,0.03,-65.94997954227291,1.0223644015227581e-10,1,0
L8_k480,0.03,-66.21355995264481,6.4324417049997e-11,1,0
L8_k480,0.03,-66.77232320362452,6.216424712955525e-11,1,0
L8_k480,0.03,-67.09170532106388,1.059058103971468e-10,1,0
L8_k480,0.03,-67.28591149724119,2.298389224861696e-11,1,0
L8_k480,0.03,-67.88778518988057,8.875495218415903e-12,1,0
L8_k480,0.03,-68.18160026474837,2.1110407412208065e-10,1,0
L8_k480,0.03,-68.37165520395527,7.064091769735151e-12,1,0
L8_k480,0.03,-69.12702420088232,7.189290781375487e-12,1,0
L8_k480,0.03,-69.46324298170812,3.494725254183444e-11,1,0
L8_k480,0.03,-69.7403233203518,6.198158267366216e-11,1,0
L8_k480,0.03,-70.07680137505163,6.149989850075431e-11,1,0
L8_k480,0.03,-70.2964877749883,5.757992971390276e-11,1,0
L8_k480,0.03,-70.88826560307429,7.474691832700636e-11,1,0
L8_k480,0.03,-71.08987515489939,3.0202924161341777e-11,1,0
L8_k480,0.03,-71.41196921059249,5.213259630482027e-12,1,0
L8_k480,0.03,-72.020652708912,3.572058607369588e-11,1,0
L8_k480,0.03,-72.21774434357084,5.6595936538735033e-11,1,0
L8_k480,0.03,-72.55011272441389,6.90671718714852e-12,1,0
L8_k480,0.03,-72.92067340426283,2.695894386590878e-12,1,0
L8_k480,0.03,-73.42413999273359,3.6139094330937753e-12,1,0
L8_k480,0.03,-73.70392350457928,5.264233435672042e-12,1,0
L8_k480,0.03,-74.20574727905029,1.4834462292433643e-11,1,0
L8_k480,0.03,-74.40685955303147,3.855951517109251e-11,1,0
L8_k480,0.03,-74.66991773285713,9.136524622567971e-12,1,0
L8_k480,0.03,-75.08151326523358,1.714186848171399e-12,1,0
L8_k480,0.03,-75.48351752518678,2.296337377230182e-12,1,0
L8_k480,0.03,-75.76677024093625,4.846874158041275e-13,1,0
L8_k480,0.03,-76.32151672777088,9.474661836312628e-12,1,0
L8_k480,0.03,-76.49777818610777,1.2152860227440986e-11,1,0
L8_k480,0.03,-76.79008748747513,6.657252900105248e-13,1,0
L8_k480,0.03,-77.31850430496631,1.9568897458334665e-13,1,0
L8_k480,0.03,-77.58268048426001,4.504965518144295e-13,1,0
L8_k480,0.03,-77.88990455314313,1.548673573146335e-13,1,0
L8_k480,0.03,-78.41526972908379,3.53690257728185e-14,1,0
L8_k480,0.03,-78.69933090371482,1.361320148457163e-13,1,0
L8_k480,0.03,-78.98316160210157,4.43256762129235e-14,1,0
L8_k480,0.03,-79.45809722818346,1.1592832612367893e-14,1,0
L8_k480,0.03,-79.77158876787846,6.812853160619871e-14,1,0
L8_k480,0.03,-80.01098107948879,3.93020707702982e-14,1,0
L8_k480,0.03,-80.73895026363695,3.3168518593185296e-14,1,0
L8_k480,0.03,-80.91971085747664,6.02457964018953e-14,1,0
L8_k480,0.03,-81.04519209927794,8.8564623524043e-14,1,0
L8_k480,0.03,-81.70570824983717,2.820575802642981e-15,1,0
L8_k480,0.03,-82.04041037768779,3.2188212903887596e-15,1,0
L8_k480,0.03,-82.28561690562165,2.213503276588799e-15,1,0
L8_k480,0.03,-82.75874614117365,5.1940417127192114e-15,1,0
L8_k480,0.03,-83.00799587781195,1.706742216258617e-15,1,0
L8_k480,0.03,-83.54431373243791,4.466391039810141e-16,1,0
L8_k480,0.03,-83.85221140553442,3.7645396806529554e-15,1,0
L8_k480,0.03,-84.11662405191323,2.857282744120624e-15,1,0
L8_k480,0.03,-84.65422897486893,1.459325840754082e-14,1,0
L8_k480,0.03,-84.89693555240171,7.426946333045211e-14,1,0
L8_k480,0.03,-84.99626440528468,3.0104924453239796e-14,1,0
L8_k480,0.03,-85.36281665603956,9.2321570614151e-16,1,0
L8_k480,0.03,-85.76626063006735,3.993609894977919e-16,1,0
L8_k480,0.03,-86.07582396416598,2.0468383855215226e-16,1,0
L8_k480,0.03,-86.65915772472175,2.5821913178253795e-16,1,0
L8_k480,0.03,-86.81675670296934,6.112321495255597e-16,1,0
L8_k480,0.03,-87.13979734334882,1.1145144206435078e-16,1,0
L8_k480,0.03,-87.63873508742701,7.882814035520192e-17,1,0
L8_k480,0.03,-87.98824209508199,2.5239253338541337e-16,1,0
L8_k480,0.03,-88.173754967605,3.4704986339469854e-16,1,0
L8_k480,0.03,-88.44955133230373,5.789866480519814e-17,1,0
L8_k480,0.03,-89.01652802570172,5.55692575093959e-17,1,0
L8_k480,0.03,-89.18520782923017,1.3867037595499213e-16,1,0
L8_k480,0.03,-89.41024851782714,1.2614072400933214e-17,1,0
L8_k480,0.03,-90.10837336778455,2.074657531399722e-18,1,0
L8_k480,0.03,-90.34290055854949,7.57713595314279e-17,1,0
L8_k480,0.03,-90.66800277869748,1.691292591075075e-18,1,0
L8_k480,0.03,-91.19142129932636,1.295365285725552e-17,1,0
L8_k480,0.03,-91.38749457902908,7.70024728523834e-17,1,0
L8_k480,0.03,-91.63057276996742,1.27882249570914e-17,1,0
L8_k480,0.03,-92.04457580553436,4.87367657186257e-17,1,0
L8_k480,0.03,-92.37244950181613,3.354312501577637e-17,1,0
L8_k480,0.03,-92.5616171341394,5.607323530715339e-17,1,0
L8_k480,0.03,-92.95022142873364,1.2411247112069035e-17,1,0
L8_k480,0.03,-93.12782013657295,1.8596991179520432e-17,1,0
L8_k480,0.03,-93.4474351777209,1.426895700204883e-18,1,0
L8_k480,0.03,-93.72215597966819,3.1970523895683456e-19,1,0
L8_k480,0.03,-94.20689204184686,4.779178318671508e-19,1,0
L8_k480,0.03,-94.57886793054126,7.697137558458989e-20,1,0
L8_k480,0.03,-94.85014984940756,4.0318522910035195e-20,1,0
L8_k480,0.03,-95.3673024546664,1.5917706104729087e-19,1,0
L8_k480,0.03,-95.74380517809323,8.98165444648128e-19,1,0
L8_k480,0.03,-95.96602808167869,2.1997189520524813e-18,1,0
L8_k480,0.03,-96.29150159314096,2.4293505956619354e-17,1,0
L8_k480,0.03,-96.4654935966963,1.7289353977018233e-17,1,0
L8_k480,0.03,-96.81320944306833,9.850533552437125e-19,1,0
L8_k480,0.03,-97.12534994310056,6.610123431305398e-18,1,0
L8_k480,0.03,-97.24368752733652,2.2645151676054764e-18,1,0
L8_k480,0.03,-97.47666104791699,6.684991524205948e-19,1,0
L8_k480,0.03,-98.16416667637438,5.863784283460105e-18,1,0
L8_k480,0.03,-98.21620809439423,1.3445485532833247e-18,1,0
L8_k480,0.03,-98.46060544003365,3.257914313834092e-19,1,0
L8_k480,0.03,-98.76499500269745,5.976235048300518e-20,1,0
L8_k480,0.03,-99.20005026229218,4.038046588830993e-20,1,0
L8_k480,0.03,-99.42074005126545,1.6994910578906909e-19,1,0
L8_k480,0.03,-99.77904855623582,2.950828087876226e-19,1,0
L8_k480,0.03,-99.95462149324797,2.313623345876731e-20,1,0
L8_k480,0.03,-100.3637713465464,5.42453518215902e-20,1,0
L8_k480,0.03,-100.70522893246786,8.360978250528959e-19,1,0
L8_k480,0.03,-100.8454946511829,7.040713768909055e-19,1,0
L8_k480,0.03,-101.02285031824911,2.3720332737302073e-18,1,0
L8_k480,0.03,-101.34964895814117,1.5275119922132352e-18,1,0
L8_k480,0.03,-101.49231177362536,1.4556932908547739e-19,1,0
L8_k480,0.03,-101.75830007574238,2.3199173430676714e-21,1,0
L8_k480,0.03,-102.27831022257588,1.4561588971074424e-23,1,0
L8_k480,0.03,-102.55501343835274,2.80757720739979e-22,1,0
L8_k480,0.03,-102.9858513426256,1.2162874273837807e-21,1,0
L8_k480,0.03,-103.20111648393893,3.637293001194322e-22,1,0
L8_k480,0.03,-103.39437025345005,2.759404750043937e-21,1,0
L8_k480,0.03,-103.67378669503118,2.664982083608684e-22,1,0
L8_k480,0.03,-104.00593067107162,2.814181435397558e-22,1,0
L8_k480,0.03,-104.34369395040552,1.714230028788601e-21,1,0
L8_k480,0.03,-104.48284937104732,1.4412590811107607e-21,1,0
L8_k480,0.03,-104.71424908996485,9.127962472821284e-22,1,0
L8_k480,0.03,-105.00982225116361,8.495798619813756e-23,1,0
L8_k480,0.03,-105.34645577862747,4.837000362926485e-22,1,0
L8_k480,0.03,-105.50602258456497,1.1657495016839395e-21,1,0
L8_k480,0.03,-105.64625980974813,3.5475177124259805e-22,1,0
L8_k480,0.03,-105.84506002951166,2.262256606930357e-22,1,0
L8_k480,0.03,-106.3277855626258,5.905257780757123e-23,1,0
L8_k480,0.03,-106.52412612767243,3.13194397969051e-22,1,0
L8_k480,0.03,-106.61340202599524,3.0286477738042805e-23,1,0
L8_k480,0.03,-106.93747262495837,3.657957772111207e-24,1,0
L8_k480,0.03,-107.33011168348864,1.7009253438434055e-24,1,0
L8_k480,0.03,-107.5780437333409,1.386845858076546e-23,1,0
L8_k480,0.03,-107.75622742597322,6.647498078127016e-24,1,0
L8_k480,0.03,-107.96997943697282,1.0238597815919308e-24,1,0
L8_k480,0.03,-108.3550164810446,1.6376538150950841e-24,1,0
L8_k480,0.03,-108.57571433969856,2.2201408086927665e-24,1,0
L8_k480,0.03,-108.79123088440781,3.553966567992901e-23,1,0
L8_k480,0.03,-108.93163521021492,6.663972774683466e-23,1,0
L8_k480,0.03,-109.09268775362766,4.17845383153671e-23,1,0
L8_k480,0.03,-109.16883848452534,4.844840630115525e-23,1,0
L8_k480,0.03,-109.71627316050196,5.014576234606812e-25,1,0
L8_k480,0.03,-109.80788029669075,2.7863373769741094e-24,1,0
L8_k480,0.03,-110.14699018446142,3.1673022402913395e-23,1,0
L8_k480,0.03,-110.19578243325306,6.420955143710657e-23,1,0
L8_k480,0.03,-110.49572957998411,7.172586188955129e-27,1,0
L8_k480,0.03,-110.80132472650817,1.4073507938413125e-25,1,0
L8_k480,0.03,-110.90370936217708,4.3491368538495124e-26,1,0
L8_k480,0.03,-111.09958996696598,3.300107036775142e-26,1,0
L8_k480,0.03,-111.34168115243908,8.36176757983749e-27,1,0
L8_k480,0.03,-111.67658560251131,3.9515749360818404e-27,1,0
L8_k480,0.03,-111.93145839931682,4.6945734861146054e-27,1,0
L8_k480,0.03,-112.06034862053829,2.245008869531278e-26,1,0
L8_k480,0.03,-112.18748239898798,8.819352714092207e-27,1,0
L8_k480,0.03,-112.37703702295597,2.0383119896557485e-26,1,0
L8_k480,0.03,-112.46788573533722,4.645870432781027e-27,1,0
L8_k480,0.03,-112.88196655776397,1.290170528755951e-27,1,0
L8_k480,0.03,-113.10988889788216,6.2804791554512806e-27,1,0
L8_k480,0.03,-113.19205905213849,3.9154859660788374e-27,1,0
L8_k480,0.03,-113.39576307771976,7.062616115774759e-27,1,0
L8_k480,0.03,-113.45946331706163,7.752899437708297e-27,1,0
L8_k480,0.03,-113.71065384601005,4.821456154482985e-30,1,0
L8_k480,0.03,-113.9747738693317,7.994967881800953e-30,1,0
L8_k480,0.03,-114.23267624831,1.2440808293669213e-29,1,0
L8_k480,0.03,-114.43661412086342,3.040269017003004e-27,1,0
L8_k480,0.03,-114.51584660465872,1.1291261276598967e-27,1,0
L8_k480,0.03,-114.85047030961809,3.2333266820670426e-28,1,0
L8_k480,0.03,-114.91498580380677,5.112809285317087e-27,1,0
L8_k480,0.03,-114.97896991467675,1.3737595246393681e-27,1,0
L8_k480,0.03,-115.22198724112914,1.0977990747939224e-28,1,0
L8_k480,0.03,-115.31106199854271,2.7383990850619177e-29,1,0
L8_k480,0.03,-115.62821958571625,7.812707465231013e-29,1,0
L8_k480,0.03,-115.71016812108213,4.994713923861665e-29,1,0
L8_k480,0.03,-115.91267272223129,4.2648397729741215e-27,1,0
L8_k480,0.03,-115.96942894180711,3.019553263510895e-27,1,0
L8_k480,0.03,-116.09190371098138,6.90731512225992e-29,1,0
L8_k480,0.03,-116.24575838210393,8.719160423738434e-28,1,0
L8_k480,0.03,-116.29638381944186,1.1221021264770336e-27,1,0
L8_k480,0.03,-116.46559917708198,4.0719137413972444e-29,1,0
L8_k480,0.03,-116.68152344065047,4.0799464479033706e-29,1,0
L8_k480,0.03,-116.73862770662785,8.94888832340902e-29,1,0
L8_k480,0.03,-117.05971025363456,1.7403039300628287e-28,1,0
L8_k480,0.03,-117.06318946464309,1.1792076715944651e-27,1,0
L8_k480,0.03,-117.12236908362432,6.241490271243427e-28,1,0
L8_k480,0.03,-117.33766846555012,2.3599181928925345e-32,1,0
L8_k480,0.03,-117.47060662411484,2.896898637798454e-32,1,0
L8_k480,0.03,-117.67148445984755,4.648459404148054e-32,1,0
L8_k480,0.03,-117.71385178881575,7.264018194575407e-31,1,0
L8_k480,0.03,-117.89707064268583,1.1233660113765852e-33,1,0
L8_k480,0.03,-118.00121300030487,1.9322294631332477e-33,1,0
L8_k480,0.03,-118.11925746324623,3.379798169165892e-32,1,0
L8_k480,0.03,-118.18911740708107,1.689565169548154e-32,1,0
L8_k480,0.03,-118.31050150061873,2.2280662656166254e-32,1,0
L8_k480,0.03,-118.46057665429696,4.0635802176437854e-32,1,0
L8_k480,0.03,-118.50120967066569,2.738364408958932e-32,1,0
L8_k480,0.03,-118.62574560025605,1.3093294619101438e-32,1,0
L8_k480,0.03,-118.73885484051988,2.667016333685692e-32,1,0
L8_k480,0.03,-118.8500097456311,3.8954869933941615e-32,1,0
L8_k480,0.03,-118.94313331381109,6.759368403525867e-33,1,0
L8_k480,0.03,-118.98347850569289,7.245747448560446e-34,1,0
L8_k480,0.03,-119.04337780661007,1.8404144820275887e-33,1,0
L8_k480,0.03,-119.09690815584021,1.6826515933566613e-32,1,0
L8_k480,0.03,-119.18268620439721,2.1320265084440757e-32,1,0
L8_k480,0.03,-119.2345294830552,1.059707235262634e-32,1,0
L8_k480,0.03,-119.26435686440725,1.714643504774402e-33,1,0
L8_k480,0.03,-119.3304574320586,1.6215418856273053e-32,1,0
L8_k480,0.03,-119.35333809090393,1.9999001377859445e-34,1,0
L8_k480,0.03,-119.40421930673908,1.094067948573775e-34,1,0
L8_k480,0.03,-119.44976941173103,3.307667644362858e-33,1,0
L8_k480,0.03,-119.66476836007152,1.1318350068564177e-32,1,0
L8_k480,0.03,-119.71372035062146,1.0741413281619263e-33,1,0
L8_k480,0.03,-119.85942666363718,1.9230967060168227e-32,1,0
L8_k480,0.03,-119.9273989922124,2.2778895778752156e-31,1,0
L8_k480,0.03,-120.07576909112417,2.2373660069734257e-32,1,0
L8_k480,0.03,-120.18964780263452,5.029161645773862e-33,1,0
L8_k480,0.03,-120.23823429357854,7.117912625487232e-34,1,0
L8_k480,0.03,-120.2431950512136,7.156322398549193e-33,1,0
L8_k480,0.03,-120.27173032510338,3.461188535946894e-33,1,0
L8_k480,0.03,-120.35473741364738,2.252356435448421e-32,1,0
L8_k480,0.03,-120.71360168901882,3.14463106829001e-32,1,0
L8_k480,0.03,-120.76818915366174,2.1988476334671109e-32,1,0
L8_k480,0.03,-121.29238304350945,2.501737109181846e-32,1,0
L8_k480,0.03,-121.63451787534413,7.567829003962985e-35,1,0
L8_k480,0.03,-122.1200173653183,2.2956608017890415e-33,1,0
L8_k480,0.03,-122.28374580807882,7.335889918118537e-34,1,0
L8_k480,0.03,-122.35029087764427,5.124611208515016e-32,1,0
L8_k480,0.03,-122.41945469443746,2.4715985248442694e-33,1,0
L8_k480,0.03,-122.53788131977444,2.4544404650372984e-32,1,0
L8_k480,0.03,-122.65504982463578,9.310584737635886e-33,1,0
L8_k480,0.03,-122.89389788746614,1.1257420420041929e-33,1,0
L8_k480,0.03,-122.96991194433582,1.7499230700877178e-32,1,0
L8_k480,0.03,-123.50756840187533,5.727697188831812e-33,1,0
L8_k480,0.03,-123.807275866374,4.425648671949261e-32,1,0
L8_k480,3e-05,0.7041327600292817,0.00014897189499672248,0,1
L8_k480,3e-05,1.3647055149295895,6.203067222900258e-05,0,1
L8_k480,3e-05,1.8105253671800128,4.800234122541132e-05,0,1
L8_k480,3e-05,3.3439549397269346,4.539412564109724e-08,0,1
L8_k480,3e-05,3.98905921617326,1.2393165145483225e-06,0,1
L8_k480,3e-05,4.081946929152714,3.674829033547178e-05,0,1
L8_k480,3e-05,4.230787112139183,1.6863623634001039e-06,0,1
L8_k480,3e-05,4.436107105699733,4.364158880713802e-05,0,1
L8_k480,3e-05,4.82476508581324,5.82446267242736e-05,0,1
L8_k480,3e-05,4.995270525247811,3.745753456192792e-06,0,1
L8_k480,3e-05,5.562602721669727,0.00020308304549186495,0,1
L8_k480,3e-05,6.478374152123351,5.998168388446481e-06,0,1
L8_k480,3e-05,6.974453562399859,2.483211776754024e-06,0,1
L8_k480,3e-05,7.556748045556077,1.5058124648252617e-05,0,1
L8_k480,3e-05,7.978031289685532,1.7133363721392187e-05,0,1
L8_k480,3e-05,8.430315868027677,3.0796147301696226e-06,0,1
L8_k480,3e-05,9.264682465154422,5.245631328461554e-06,0,1
L8_k480,3e-05,9.795875551964343,2.5726369182220823e-06,0,1
L8_k480,3e-05,11.02447249326417,4.888374526119356e-07,0,1
L8_k480,3e-05,12.202285593348101,5.6282126321069555e-06,0,1
L8_k480,3e-05,12.562322516993468,1.1836572903744156e-05,0,1
L8_k480,3e-05,13.845068067928906,4.7256682044527575e-07,0,1
L8_k480,3e-05,15.627123647351432,2.629097440167622e-06,0,1
L8_k480,3e-05,16.700872832301968,1.5459229036709842e-06,0,1
L8_k480,3e-05,17.421629222387928,6.158018975608726e-06,0,1
L8_k480,3e-05,18.813933863703866,1.8482378287662327e-05,0,1
L8_k480,3e-05,19.780783379513494,0.00022402776596850657,0,1
L8_k480,3e-05,20.775778094794056,0.00029945621243331803,0,1
L8_k480,3e-05,22.295592600022026,4.67048845363795e-05,0,1
L8_k480,3e-05,22.89264218914198,5.570115795877327e-05,0,1
L8_k480,3e-05,24.67883010678365,5.9776337429998436e-06,0,1
L8_k480,3e-05,26.246233431779537,1.2594171593474008e-05,0,1
L8_k480,3e-05,27.238453609804516,1.2785345947799592e-05,0,1
L8_k480,3e-05,29.172561751684036,8.872311509122895e-06,0,1
L8_k480,3e-05,30.905952835891444,2.6887421224324913e-05,0,1
L8_k480,3e-05,32.74678474725991,4.450227276871763e-05,0,1
L8_k480,3e-05,33.57800782439199,2.8760334709201286e-05,0,1
L8_k480,3e-05,34.87231079447073,1.2152911129969288e-05,0,1
L8_k480,3e-05,37.13215095285368,2.2220328435655948e-05,0,1
L8_k480,3e-05,38.03345025272795,2.0475228442717135e-05,0,1
L8_k480,3e-05,39.794236423801976,7.9112693258224e-06,0,1
L8_k480,3e-05,41.87136749601008,2.85238376686376e-06,0,1
L8_k480,3e-05,44.25439273396634,5.734617903685412e-06,0,1
L8_k480,3e-05,45.760298392092324,1.1950824912705846e-06,0,1
L8_k480,3e-05,47.06818161939718,3.4203927260775426e-07,0,1
L8_k480,3e-05,50.53261327229507,3.160349087164446e-06,0,1
L8_k480,3e-05,51.35331270698917,1.2713073186811505e-05,0,1
L8_k480,3e-05,53.348024158467354,2.177026559847042e-06,0,1
L8_k480,3e-05,55.782036238800146,2.284672330877602e-07,0,1
L8_k480,3e-05,57.80231474680989,1.4730562787431903e-07,0,1
L8_k480,3e-05,60.294139560530446,9.120470668080139e-09,0,1
L8_k480,3e-05,63.2273899370392,7.841263592315109e-07,0,1
L8_k480,3e-05,65.41517863549775,1.3215485861056318e-07,0,1
L8_k480,3e-05,67.6083358782672,2.1426410077106866e-07,0,1
L8_k480,3e-05,69.76779799988913,3.647551475891247e-08,0,1
L8_k480,3e-05,73.43933230032708,1.1793611375265917e-09,0,1
L8_k480,3e-05,80.43462972897854,0.0005277131800512043,0,1
L8_k480,3e-05,81.99873996084891,7.66386545976232e-05,0,1
L8_k480,3e-05,82.70874136784943,0.00023153325992521316,0,1
L8_k480,3e-05,84.51865755798416,2.959321543095451e-05,0,1
L8_k480,3e-05,86.68909764864586,2.3973156286083764e-05,0,1
L8_k480,3e-05,88.7552555673927,4.157504069527941e-06,0,1
L8_k480,3e-05,92.21521086319596,3.565968277293639e-05,0,1
L8_k480,3e-05,94.77425923406358,7.700932826805806e-06,0,1
L8_k480,3e-05,97.3256483401164,4.961775078799122e-05,0,1
L8_k480,3e-05,98.96715176966491,1.6873378076798163e-05,0,1
L8_k480,3e-05,101.9583492619627,1.099761937505226e-05,0,1
L8_k480,3e-05,103.9759854461041,4.784811542272738e-06,0,1
L8_k480,3e-05,106.82662266795393,4.954758644980477e-07,0,1
L8_k480,3e-05,109.78081526129259,5.854329234463947e-06,0,1
L8_k480,3e-05,111.99548175496983,1.92663866450732e-06,0,1
L8_k480,3e-05,114.81980467478445,2.420963152920152e-07,0,1
L8_k480,3e-05,117.10297743960832,6.107782547397076e-08,0,1
L8_k480,3e-05,121.35563450221059,8.2077380105016e-09,0,1
L8_k480,3e-05,126.98719557171248,2.2498845327169725e-09,0,1
L8_k480,3e-05,129.17017388665502,4.577637529130323e-09,0,1
L8_k480,3e-05,132.65998382014936,8.90498438077099e-09,0,1
L8_k480,3e-05,135.28516947459636,4.005593209612137e-09,0,1
L8_k480,3e-05,139.58505225585083,1.1488032874519334e-08,0,1
L8_k480,3e-05,142.40392935766644,4.4314966334129786e-09,0,1
L8_k480,3e-05,145.15752800841076,4.67090201977635e-10,0,1
L8_k480,3e-05,158.9503754050463,0.000663446658287219,0,1
L8_k480,3e-05,159.42711274863518,0.0008518356551143462,0,1
L8_k480,3e-05,160.41667899802934,0.00012859925359308468,0,1
L8_k480,3e-05,161.72752723435627,0.00018100854001500895,0,1
L8_k480,3e-05,164.9102043420022,2.160952351938678e-05,0,1
L8_k480,3e-05,168.01926277019982,1.1772121852762762e-05,0,1
L8_k480,3e-05,170.9072217359998,0.00014048371289389678,0,1
L8_k480,3e-05,173.83894243989127,3.593338073524669e-05,0,1
L8_k480,3e-05,176.21237828204553,4.327950100541852e-05,0,1
L8_k480,3e-05,178.7632757486051,7.892602762097608e-06,0,1
L8_k480,3e-05,182.95511181766796,8.383628311183361e-06,0,1
L8_k480,3e-05,186.60966852180104,2.9458084520477492e-05,0,1
L8_k480,3e-05,188.8550631704786,7.3246401892782284e-06,0,1
L8_k480,3e-05,192.64948576357492,7.460832039707248e-07,0,1
L8_k480,3e-05,198.12060617942146,1.1626798235792637e-06,0,1
L8_k480,3e-05,201.81365178691217,5.334769892529838e-07,0,1
L8_k480,3e-05,206.9449895375148,1.4454723815700441e-06,0,1
L8_k480,3e-05,208.44232676469525,1.3481288675845315e-05,0,1
L8_k480,3e-05,212.24543433600866,1.151249949574808e-05,0,1
L8_k480,3e-05,214.48515697742593,4.0124377287876834e-06,0,1
L8_k480,3e-05,219.84906868494906,5.252443384081144e-07,0,1
L8_k480,3e-05,223.66753686754623,2.9057078488022406e-05,0,1
L8_k480,3e-05,225.73690119829448,1.009990679325325e-05,0,1
L8_k480,3e-05,229.7218150206354,1.4834655407193086e-06,0,1
L8_k480,3e-05,235.0336800199747,3.3534537505975486e-06,0,1
L8_k480,3e-05,237.23010160106548,1.9915902098987948e-06,0,1
L8_k480,3e-05,240.47672261050496,2.520067485788441e-06,0,1
L8_k480,3e-05,243.3347289430229,4.0088782003005545e-07,0,1
L8_k480,3e-05,249.22474634453422,7.933217274303902e-07,0,1
L8_k480,3e-05,251.93080006217156,1.3897738375710693e-06,0,1
L8_k480,3e-05,255.29792061070623,1.31925775708377e-07,0,1
L8_k480,3e-05,262.5706377640327,5.1199106792666007e-08,0,1
L8_k480,3e-05,269.39038194371625,1.4479108301659114e-05,0,1
L8_k480,3e-05,270.20026879763253,0.00010029748042088045,0,1
L8_k480,3e-05,273.4942009667395,5.8878150354646046e-05,0,1
L8_k480,3e-05,275.50086524448716,5.361456067820175e-05,0,1
L8_k480,3e-05,279.0272277318243,6.587783147127465e-06,0,1
L8_k480,3e-05,282.25806577427676,2.1333847090123154e-05,0,1
L8_k480,3e-05,287.29878597736086,0.00011204188421220016,0,1
L8_k480,3e-05,289.3854927102808,3.763823036454493e-05,0,1
L8_k480,3e-05,293.39992304126037,5.330778271014741e-06,0,1
L8_k480,3e-05,298.45779266763253,5.959044839853669e-06,0,1
L8_k480,3e-05,300.1988160852124,1.5322329894222562e-05,0,1
L8_k480,3e-05,304.17237262743674,7.388128002841348e-06,0,1
L8_k480,3e-05,306.93532863607294,1.5793975872258032e-06,0,1
L8_k480,3e-05,312.31055953163906,1.062719677959911e-06,0,1
L8_k480,3e-05,316.50723123387354,2.390456897458814e-06,0,1
L8_k480,3e-05,320.716267209208,4.241453483998644e-06,0,1
L8_k480,3e-05,322.5433546165751,2.1268001537708357e-06,0,1
L8_k480,3e-05,326.86889452733277,1.5553034894070247e-07,0,1
L8_k480,3e-05,330.9347880896438,1.014238802714227e-07,0,1
L8_k480,3e-05,333.63412588354504,1.5808173138727959e-07,0,1
L8_k480,3e-05,337.6407247630468,5.188274383187934e-08,0,1
L8_k480,3e-05,341.0638471682289,5.344080254682246e-09,0,1
L8_k480,3e-05,350.89913714069064,1.1912584389207027e-08,0,1
L8_k480,3e-05,355.76419342349976,5.3256028753828663e-05,0,1
L8_k480,3e-05,357.5952769945371,2.7881272829865297e-05,0,1
L8_k480,3e-05,358.9371522034936,1.1019322038672343e-05,0,1
L8_k480,3e-05,362.3570507744924,2.7031429211859023e-06,0,1
L8_k480,3e-05,366.91197971656425,1.3167265956144096e-06,0,1
L8_k480,3e-05,369.8838290506488,6.722972489926986e-06,0,1
L8_k480,3e-05,372.99171454015845,2.3802896823631857e-06,0,1
L8_k480,3e-05,375.29471817302044,1.0837235833333917e-06,0,1
L8_k480,3e-05,378.5758511194593,4.385466718465212e-08,0,1
L8_k480,3e-05,384.6141745608179,4.460342423030727e-07,0,1
L8_k480,3e-05,386.8291909509986,1.8444804374822969e-07,0,1
L8_k480,3e-05,390.20720449541415,1.002130390713317e-08,0,1
L8_k480,3e-05,394.2232491623452,8.185322913922871e-10,0,1
L8_k480,3e-05,399.19412216952105,3.0098278291235116e-10,0,1
L8_k480,3e-05,403.7214329425081,4.892270907280608e-10,0,1
L8_k480,3e-05,409.91469253432166,1.450258407387424e-10,0,1
L8_k480,3e-05,416.78455235718167,1.128496109999574e-06,0,1
L8_k480,3e-05,417.4610167852607,7.100217072462874e-05,0,1
L8_k480,3e-05,419.38481812267565,2.0156537506303956e-05,0,1
L8_k480,3e-05,422.3701149253863,2.1176354459075395e-06,0,1
L8_k480,3e-05,424.7334771733036,1.0305367845837452e-06,0,1
L8_k480,3e-05,429.1387899302737,6.743582216052965e-06,0,1
L8_k480,3e-05,431.4971238296587,1.8805335162209567e-06,0,1
L8_k480,3e-05,433.9772924023183,2.867839033567119e-06,0,1
L8_k480,3e-05,436.38572424441514,8.01657490541227e-07,0,1
L8_k480,3e-05,441.54096409962017,1.1438349366515404e-07,0,1
L8_k480,3e-05,444.19992542031065,7.744666725617776e-07,0,1
L8_k480,3e-05,446.1660879835116,9.161359581696279e-07,0,1
L8_k480,3e-05,448.44665681875284,1.9872947113442325e-07,0,1
L8_k480,3e-05,451.56595390414674,3.5481096287170264e-08,0,1
L8_k480,3e-05,455.4438181318697,3.752472218049602e-09,0,1
L8_k480,3e-05,458.5601834757113,6.142824576225605e-08,0,1
L8_k480,3e-05,460.94093499688546,1.5176902234205208e-08,0,1
L8_k480,3e-05,463.26339791095523,1.2561013981732277e-08,0,1
L8_k480,3e-05,465.4511737770012,2.796135200505068e-09,0,1
L8_k480,3e-05,468.6207825936659,1.0115887641701116e-10,0,1
L8_k480,3e-05,474.64167155653706,1.773138610718567e-11,0,1
L8_k480,3e-05,476.2065303572154,2.248375043163339e-09,0,1
L8_k480,3e-05,478.12147817756994,4.979445593814111e-10,0,1
L8_k480,3e-05,480.46811194442535,2.4708650414637013e-11,0,1
L8_k480,3e-05,482.5993450337041,1.193111288126259e-11,0,1
L8_k480,3e-05,484.7425942389282,1.422911249466167e-12,0,1
L8_k480,3e-05,486.80605777969856,2.0111536485808803e-14,0,1
L8_k480,3e-05,489.22909629990164,3.3848371792228242e-15,0,1
L8_k480,3e-05,490.9409004361835,4.24265694697842e-18,0,1
L8_k480,3e-05,528.8218030978596,8.163692421722122e-07,0,1
L8_k480,3e-05,530.712740493621,6.3460658402810965e-09,0,1
L8_k480,3e-05,531.0625290333858,1.6701630631124616e-07,0,1
L8_k480,3e-05,531.2277591572412,2.282310781923187e-08,0,1
L8_k480,3e-05,532.9153368932487,3.1564809480909627e-08,0,1
L8_k480,3e-05,533.2668434178321,4.6287078744525326e-07,0,1
L8_k480,3e-05,535.3147717942717,1.716211071111831e-07,0,1
L8_k480,3e-05,537.5464739098016,7.914735132508623e-09,0,1
L8_k480,3e-05,539.5454104396184,5.330892388077414e-09,0,1
L8_k480,3e-05,541.3372522417137,5.0309804587526306e-09,0,1
L8_k480,3e-05,542.263754698192,1.0367273647822411e-07,0,1
L8_k480,3e-05,545.3083942118961,5.948475810781371e-07,0,1
L8_k480,3e-05,546.3758431512377,7.905502333233276e-08,0,1
L8_k480,3e-05,547.3219036233288,2.1980248240236985e-07,0,1
L8_k480,3e-05,549.4971934232238,2.7126049357631558e-08,0,1
L8_k480,3e-05,551.4923639421125,1.9192282321932002e-08,0,1
L8_k480,3e-05,553.205659845001,3.3746448164252755e-09,0,1
L8_k480,3e-05,554.5713791294821,1.3240316698559877e-09,0,1
L8_k480,3e-05,558.1155938905297,7.872115314513084e-08,0,1
L8_k480,3e-05,559.1717629253152,1.8724022151166444e-09,0,1
L8_k480,3e-05,560.4865331592202,1.2169628854370284e-08,0,1
L8_k480,3e-05,562.5755278304405,2.375612733446452e-08,0,1
L8_k480,3e-05,564.5347357956088,6.978275437643785e-09,0,1
L8_k480,3e-05,565.7782354546368,4.965509230291427e-10,0,1
L8_k480,3e-05,567.3665762617128,1.5718068982549688e-10,0,1
L8_k480,3e-05,569.1954679691728,9.804923813333704e-11,0,1
L8_k480,3e-05,571.7492663422382,1.3978896838292813e-09,0,1
L8_k480,3e-05,573.1938517876987,6.273682628465914e-11,0,1
L8_k480,3e-05,574.5970462455621,6.624829897505626e-09,0,1
L8_k480,3e-05,576.4438667404195,2.1136883199172264e-09,0,1
L8_k480,3e-05,577.2359372162198,1.2098037134219975e-10,0,1
L8_k480,3e-05,578.769246364141,1.349998801335004e-10,0,1
L8_k480,3e-05,579.9715382757832,2.625758842997109e-11,0,1
L8_k480,3e-05,580.9784486613274,7.001098177182008e-11,0,1
L8_k480,3e-05,583.0281638645539,9.506593402236251e-12,0,1
L8_k480,3e-05,583.6404175788458,3.393835493564204e-13,0,1
L8_k480,3e-05,585.2965278859506,1.0162808235952152e-13,0,1
L8_k480,3e-05,587.4210386149829,1.406579361004088e-10,0,1
L8_k480,3e-05,589.5599241163268,1.1311845365595926e-12,0,1
L8_k480,3e-05,589.7394433764129,1.5863481179353443e-11,0,1
L8_k480,3e-05,591.4035767179811,6.527545813919304e-13,0,1
L8_k480,3e-05,591.8389540434761,2.192854596277701e-11,0,1
L8_k480,3e-05,593.1802617672026,1.7505841113930817e-14,0,1
L8_k480,3e-05,593.8803976981935,4.3819681717162334e-12,0,1
L8_k480,3e-05,594.1610632212929,7.855741233807617e-14,0,1
L8_k480,3e-05,595.7789160777864,3.844614389695904e-15,0,1
L8_k480,3e-05,596.2132193153742,9.133548213853569e-14,0,1
L8_k480,3e-05,596.4286004370344,1.7811771776402378e-15,0,1
L8_k480,3e-05,597.8492082656356,7.896055224241331e-16,0,1
L8_k480,3e-05,598.2783423246824,2.314076662498175e-14,0,1
L8_k480,3e-05,598.3261877802054,1.4108758293707789e-14,0,1
L8_k480,3e-05,600.1586358156179,8.953409542771194e-18,0,1
L8_k480,3e-05,600.3404340588315,2.049768966458282e-15,0,1
L8_k480,3e-05,600.6594722856778,8.606009994447535e-18,0,1
L8_k480,3e-05,600.7480472666606,4.297117286813417e-18,0,1
L8_k480,3e-05,602.5047519181521,3.696922032212873e-19,0,1
L8_k480,3e-05,602.6584142195417,1.0498967250415038e-17,0,1
L8_k480,3e-05,602.7206633944446,6.36917598768479e-19,0,1
L8_k480,3e-05,605.0031682857345,9.40514881935374e-23,0,1
L8_k480,3e-05,10093.628715601126,0.041170537397796685,0,1
L8_k480,3e-05,10094.388286135223,0.04693450531581298,0,1
L8_k480,3e-05,10094.44107207965,8.271798943871133e-06,0,1
L8_k480,3e-05,10095.724975710342,0.027907423860939806,0,1
L8_k480,3e-05,10096.030877905003,0.00018621195466561523,0,1
L8_k480,3e-05,10096.365499894233,0.02512607663370661,0,1
L8_k480,3e-05,10096.615035530367,0.003017705315648014,0,1
L8_k480,3e-05,10096.675039209118,0.0004481545662949226,0,1
L8_k480,3e-05,10098.016619790962,0.0010895321741424368,0,1
L8_k480,3e-05,10098.135705055896,0.0004940376836374248,0,1
L8_k480,3e-05,10098.651157657972,0.0005217362261558435,0,1
L8_k480,3e-05,10098.864608953818,0.0021898864986200457,0,1
L8_k480,3e-05,10100.161862689993,0.002058102065794811,0,1
L8_k480,3e-05,10100.745096205723,0.0011577424431184968,0,1
L8_k480,3e-05,10100.799659155742,0.0014584295859654854,0,1
L8_k480,3e-05,10102.252676490467,0.0004575357513142102,0,1
L8_k480,3e-05,10102.780849478024,0.0004772786326601116,0,1
L8_k480,3e-05,10103.392735469299,9.013762655592455e-06,0,1
L8_k480,3e-05,10104.867415826582,1.4757244291227551e-05,0,1
L8_k480,3e-05,10106.627866765668,0.005422841045485097,0,1
L8_k480,3e-05,10107.071597707885,0.0089682796723827,0,1
L8_k480,3e-05,10107.444252537287,0.0004826879499273393,0,1
L8_k480,3e-05,10108.83639909879,0.002742928126969882,0,1
L8_k480,3e-05,10109.718103093668,0.008991680648870935,0,1
L8_k480,3e-05,10111.221218058101,0.004577492092514073,0,1
L8_k480,3e-05,10111.801527167067,0.002739516108563798,0,1
L8_k480,3e-05,10113.352249333968,0.0026785959595360905,0,1
L8_k480,3e-05,10114.114381436362,0.00278441381728717,0,1
L8_k480,3e-05,10116.105282456465,0.0010566729473553244,0,1
L8_k480,3e-05,10116.758643701327,9.771285132750653e-05,0,1
L8_k480,3e-05,10118.391873783974,5.919390769567405e-05,0,1
L8_k480,3e-05,10120.571543407907,3.180696014546952e-05,0,1
L8_k480,3e-05,10123.011444136151,0.0025579854685801864,0,1
L8_k480,3e-05,10123.631101986037,0.002641917336001591,0,1
L8_k480,3e-05,10125.281950499528,0.0023707721531629673,0,1
L8_k480,3e-05,10126.14133529074,0.00040892516798046014,0,1
L8_k480,3e-05,10128.09568608942,0.00020151998236541237,0,1
L8_k480,3e-05,10129.761350772364,0.00012784941664129666,0,1
L8_k480,3e-05,10131.748143588993,2.3705669571002624e-05,0,1
L8_k480,3e-05,10133.33377297989,4.862410728143767e-06,0,1
L8_k480,3e-05,10136.068019157494,0.00022213897163149857,0,1
L8_k480,3e-05,10137.660259629192,3.1907645978021404e-05,0,1
L8_k480,3e-05,10139.109379346837,9.557707718245613e-05,0,1
L8_k480,3e-05,10140.694513396773,6.464096472931953e-05,0,1
L8_k480,3e-05,10142.797585170207,2.7160274444235462e-05,0,1
L8_k480,3e-05,10144.061887998992,7.52390143555932e-06,0,1
L8_k480,3e-05,10145.834321348051,3.836594634228166e-06,0,1
L8_k480,3e-05,10148.652374919957,1.5589530161076006e-07,0,1
L8_k480,3e-05,10152.3088087847,5.617319282168997e-06,0,1
L8_k480,3e-05,10152.787991905283,9.44188739882052e-06,0,1
L8_k480,3e-05,10154.69929370515,5.253872635399846e-06,0,1
L8_k480,3e-05,10156.623600954506,2.8582798146807315e-07,0,1
L8_k480,3e-05,10158.282589463972,1.0752126162054352e-07,0,1
L8_k480,3e-05,10159.308276069485,9.917067391989066e-08,0,1
L8_k480,3e-05,10161.252649560814,1.3759298387063701e-08,0,1
L8_k480,3e-05,10163.504569149023,1.9523871035519573e-10,0,1
L8_k480,3e-05,10165.54351271472,3.5581794016488944e-11,0,1
L8_k480,3e-05,10167.597508633935,1.5353267265859003e-14,0,1
L8_k480,3e-05,10176.89852681853,3.5372724054883056e-22,0,1
L8_k480,3e-05,10204.980449651794,0.0005645940843254803,0,1
L8_k480,3e-05,10205.430420874078,0.0011765946403892336,0,1
L8_k480,3e-05,10207.133983583682,0.00035552243801808615,0,1
L8_k480,3e-05,10207.99496788861,9.429375114940346e-05,0,1
L8_k480,3e-05,10209.595531974855,0.0012480893967581944,0,1
L8_k480,3e-05,10210.909500672806,0.00030828027591875895,0,1
L8_k480,3e-05,10211.983245711443,0.00047659441751802005,0,1
L8_k480,3e-05,10214.882590799243,3.442447396651551e-05,0,1
L8_k480,3e-05,10217.068007698044,1.4063293617549442e-05,0,1
L8_k480,3e-05,10221.659756416544,9.946283270273759e-05,0,1
L8_k480,3e-05,10223.110910670293,0.0035893792817681468,0,1
L8_k480,3e-05,10225.129727929732,0.0023796215426998787,0,1
L8_k480,3e-05,10227.83503379004,0.0002509672484430572,0,1
L8_k480,3e-05,10230.088454761973,0.0001622209474834642,0,1
L8_k480,3e-05,10234.487989239584,5.197035399872298e-05,0,1
L8_k480,3e-05,10236.702536652332,0.0006191583095675006,0,1
L8_k480,3e-05,10239.034607108644,0.00043953615902428937,0,1
L8_k480,3e-05,10241.743612538336,0.0002718077329523558,0,1
L8_k480,3e-05,10244.14815820241,7.06366813478999e-05,0,1
L8_k480,3e-05,10248.593097480618,4.444763314979716e-06,0,1
L8_k480,3e-05,10252.132462415811,0.0001526919747884998,0,1
L8_k480,3e-05,10254.253694539068,5.921675689553778e-05,0,1
L8_k480,3e-05,10258.197420445082,3.6474459984090256e-06,0,1
L8_k480,3e-05,10263.88158640842,3.059697218162776e-06,0,1
L8_k480,3e-05,10268.120618416135,0.0029032918493328667,0,1
L8_k480,3e-05,10270.746235454215,0.000913828301653092,0,1
L8_k480,3e-05,10272.79461056859,0.0019034517364494238,0,1
L8_k480,3e-05,10274.99082514807,0.0005441661211022478,0,1
L8_k480,3e-05,10280.355677468728,6.388016903733939e-05,0,1
L8_k480,3e-05,10283.295135416478,0.0025470752062968145,0,1
L8_k480,3e-05,10285.444363176499,0.0028007079182637293,0,1
L8_k480,3e-05,10288.362236529498,0.00048116314334149417,0,1
L8_k480,3e-05,10291.69193732256,9.474699771279501e-05,0,1
L8_k480,3e-05,10296.778516181448,0.0005797061436209629,0,1
L8_k480,3e-05,10300.117061046538,0.00019035941753934674,0,1
L8_k480,3e-05,10302.306881753444,0.0001420597110047187,0,1
L8_k480,3e-05,10305.12592307358,1.1631450584132439e-05,0,1
L8_k480,3e-05,10311.85842085257,6.493361241741932e-05,0,1
L8_k480,3e-05,10314.0701605077,5.557508329794652e-05,0,1
L8_k480,3e-05,10317.35847842174,5.605940573940518e-06,0,1
L8_k480,3e-05,10321.769650601167,7.154015638654777e-07,0,1
L8_k480,3e-05,10325.904903503644,2.562414784865695e-06,0,1
L8_k480,3e-05,10330.836839458652,6.723353413332885e-06,0,1
L8_k480,3e-05,10334.785052662595,5.641921777002128e-06,0,1
L8_k480,3e-05,10337.238041843813,3.0246088359935203e-06,0,1
L8_k480,3e-05,10343.820548816995,2.0195863794303396e-07,0,1
L8_k480,3e-05,10348.985271398147,2.2767701581037214e-05,0,1
L8_k480,3e-05,10352.328261965053,0.004859066325396027,0,1
L8_k480,3e-05,10354.40537786153,0.00329838310225865,0,1
L8_k480,3e-05,10357.403096376293,0.0003882328665289086,0,1
L8_k480,3e-05,10359.940737831457,0.00016622947331506392,0,1
L8_k480,3e-05,10365.062137598336,0.0007128327281236181,0,1
L8_k480,3e-05,10368.637064046505,0.0008718137860490512,0,1
L8_k480,3e-05,10371.382355900932,0.00031941130562761997,0,1
L8_k480,3e-05,10374.265191404347,0.00013746040473166848,0,1
L8_k480,3e-05,10379.617467423373,2.4702919318065875e-05,0,1
L8_k480,3e-05,10381.96745549305,0.0002783302708990473,0,1
L8_k480,3e-05,10384.35791290897,8.164305424885041e-05,0,1
L8_k480,3e-05,10388.460063118568,7.758911665137048e-06,0,1
L8_k480,3e-05,10393.93976643459,8.605923920711088e-06,0,1
L8_k480,3e-05,10398.594614815114,8.075505670141898e-06,0,1
L8_k480,3e-05,10401.199514565242,2.543636511814205e-06,0,1
L8_k480,3e-05,10404.929621330912,1.14812924983549e-06,0,1
L8_k480,3e-05,10411.5217637973,6.250463135011219e-07,0,1
L8_k480,3e-05,10418.076709531395,0.0014325886037128788,0,1
L8_k480,3e-05,10419.779229222953,0.0009678266467932175,0,1
L8_k480,3e-05,10421.344733812406,0.00028436113319946053,0,1
L8_k480,3e-05,10424.707780803075,9.968956003142214e-05,0,1
L8_k480,3e-05,10430.015325751738,0.00017849922896128845,0,1
L8_k480,3e-05,10432.796126943098,0.00016603599102587446,0,1
L8_k480,3e-05,10435.506893608197,0.00011961921567297886,0,1
L8_k480,3e-05,10438.192243705342,4.107492923300327e-05,0,1
L8_k480,3e-05,10443.728153421533,5.11559449293031e-06,0,1
L8_k480,3e-05,10446.183929982863,7.21650939724735e-05,0,1
L8_k480,3e-05,10448.527796272525,1.7485064875899665e-05,0,1
L8_k480,3e-05,10452.637394730385,1.536265672840715e-06,0,1
L8_k480,3e-05,10457.90265484387,2.0382632511476554e-06,0,1
L8_k480,3e-05,10461.501006195542,1.940279680947006e-06,0,1
L8_k480,3e-05,10465.255703161392,1.1298537643120014e-06,0,1
L8_k480,3e-05,10468.222779780841,7.288034081571465e-07,0,1
L8_k480,3e-05,10473.319514599565,3.160759430420582e-07,0,1
L8_k480,3e-05,10477.46538588413,1.437449319475663e-07,0,1
L8_k480,3e-05,10480.686739558701,3.6932321416195594e-06,0,1
L8_k480,3e-05,10483.494154736809,5.506235121324178e-06,0,1
L8_k480,3e-05,10486.26010726431,1.3174019313074073e-06,0,1
L8_k480,3e-05,10489.55654670353,1.210246803382312e-07,0,1
L8_k480,3e-05,10495.047159399499,3.766789628199557e-07,0,1
L8_k480,3e-05,10498.394607562255,5.696118526168105e-07,0,1
L8_k480,3e-05,10500.858565534438,2.597134766610142e-07,0,1
L8_k480,3e-05,10504.019237702085,1.0573351595758104e-07,0,1
L8_k480,3e-05,10509.20782658427,3.845685920636311e-08,0,1
L8_k480,3e-05,10511.537696253603,8.776549938793008e-08,0,1
L8_k480,3e-05,10514.216057689056,5.023026658495669e-08,0,1
L8_k480,3e-05,10516.811964089666,1.6253718472515696e-08,0,1
L8_k480,3e-05,10520.503643529682,1.3122237666137206e-09,0,1
L8_k480,3e-05,10525.41829815967,7.706332113019564e-11,0,1
L8_k480,3e-05,10528.805222338398,2.0691127262597652e-11,0,1
L8_k480,3e-05,10541.702777796285,8.057631079570874e-07,0,1
L8_k480,3e-05,10543.05032241891,2.2872727896971006e-07,0,1
L8_k480,3e-05,10544.964050626493,1.725981159811152e-07,0,1
L8_k480,3e-05,10546.34686214921,6.412449778777529e-07,0,1
L8_k480,3e-05,10548.708440836359,1.6453511731866778e-07,0,1
L8_k480,3e-05,10553.08032403771,1.372463884932924e-07,0,1
L8_k480,3e-05,10554.891974144908,3.500941246043844e-08,0,1
L8_k480,3e-05,10559.25973593657,6.637812714113559e-07,0,1
L8_k480,3e-05,10560.892413364723,2.5811211826420697e-07,0,1
L8_k480,3e-05,10563.35319886851,4.5083495942002853e-08,0,1
L8_k480,3e-05,10566.486828470976,2.8669632221140655e-08,0,1
L8_k480,3e-05,10570.881065949854,7.35406789477681e-08,0,1
L8_k480,3e-05,10572.3754694532,5.521133278382939e-08,0,1
L8_k480,3e-05,10575.8559323189,3.933414381648028e-08,0,1
L8_k480,3e-05,10578.041457022115,1.3878211453811263e-08,0,1
L8_k480,3e-05,10580.569672887243,1.831176936780494e-09,0,1
L8_k480,3e-05,10583.72988483037,1.7070409209956296e-09,0,1
L8_k480,3e-05,10588.727528142384,1.3682195068546289e-08,0,1
L8_k480,3e-05,10590.287303968431,4.19102112090357e-09,0,1
L8_k480,3e-05,10592.310954777999,6.319255876235e-10,0,1
L8_k480,3e-05,10595.327834417292,1.4309120791381814e-10,0,1
L8_k480,3e-05,10600.780961779657,2.408322942433972e-10,0,1
L8_k480,3e-05,10601.704339919028,1.4896633154651698e-10,0,1
L8_k480,3e-05,10604.875042148733,7.388119652528593e-11,0,1
L8_k480,3e-05,10606.776131205395,2.5027367927881808e-11,0,1
L8_k480,3e-05,10609.331154475405,1.3180707732714412e-12,0,1
L8_k480,3e-05,10615.342215051734,2.4587952882028634e-13,0,1
L8_k480,3e-05,10618.241464854558,3.1622223066830473e-10,0,1
L8_k480,3e-05,10620.320629524895,5.085816796896089e-10,0,1
L8_k480,3e-05,10622.097400286973,1.2316070520173584e-10,0,1
L8_k480,3e-05,10624.62429356967,1.360639817829337e-10,0,1
L8_k480,3e-05,10627.004123495199,3.8677890611868394e-11,0,1
L8_k480,3e-05,10629.766585039048,8.540115605024002e-10,0,1
L8_k480,3e-05,10632.1558040354,2.2143551254392903e-10,0,1
L8_k480,3e-05,10634.80543688056,1.0648443904494837e-09,0,1
L8_k480,3e-05,10636.994412802967,1.095861179972518e-09,0,1
L8_k480,3e-05,10638.777955929467,2.788368993782059e-10,0,1
L8_k480,3e-05,10641.019925707875,3.6644579131509116e-10,0,1
L8_k480,3e-05,10642.51046905188,3.4519963373321144e-10,0,1
L8_k480,3e-05,10644.441234929096,1.5406145627029207e-10,0,1
L8_k480,3e-05,10647.723308654817,2.0628206811235557e-10,0,1
L8_k480,3e-05,10648.624470076611,6.355343706449448e-10,0,1
L8_k480,3e-05,10650.592201566404,2.742066947780263e-10,0,1
L8_k480,3e-05,10652.133101431562,4.635300870160247e-11,0,1
L8_k480,3e-05,10654.933404343843,3.404402739602218e-11,0,1
L8_k480,3e-05,10656.060528761762,1.0718953342456025e-10,0,1
L8_k480,3e-05,10658.305923509677,4.109692511640421e-11,0,1
L8_k480,3e-05,10660.059322240242,6.687936401571365e-11,0,1
L8_k480,3e-05,10662.148203591789,1.598874007799713e-11,0,1
L8_k480,3e-05,10663.591480236504,2.995438776421886e-12,0,1
L8_k480,3e-05,10665.577973970367,4.2517637486823907e-11,0,1
L8_k480,3e-05,10666.947046815345,1.1569468345324552e-11,0,1
L8_k480,3e-05,10668.4928878817,4.026192658785513e-11,0,1
L8_k480,3e-05,10669.816999704084,3.0149206145410624e-11,0,1
L8_k480,3e-05,10671.060216120464,7.381034251489139e-12,0,1
L8_k480,3e-05,10672.799576648527,9.781032665533021e-12,0,1
L8_k480,3e-05,10673.678152512986,1.9690402410467093e-11,0,1
L8_k480,3e-05,10675.669369298406,2.7002754132744657e-12,0,1
L8_k480,3e-05,10676.405898831035,8.067303855586158e-13,0,1
L8_k480,3e-05,10677.703815826828,8.668295684019447e-13,0,1
L8_k480,3e-05,10679.487332472063,3.790291685859431e-13,0,1
L8_k480,3e-05,10680.275093486189,3.164774853844594e-12,0,1
L8_k480,3e-05,10681.466452209073,3.200236512482766e-13,0,1
L8_k480,3e-05,10682.233489914459,1.1668760749273763e-13,0,1
L8_k480,3e-05,10683.746730519853,6.408830818956728e-13,0,1
L8_k480,3e-05,10684.777443848754,8.888598937242656e-14,0,1
L8_k480,3e-05,10685.435590442208,9.592047405688488e-15,0,1
L8_k480,3e-05,10686.575698202538,4.684179087026629e-15,0,1
L8_k480,3e-05,10687.009310044334,5.91989074936937e-15,0,1
L8_k480,3e-05,10687.928018995883,2.270062210800154e-16,0,1
L8_k480,3e-05,10688.73051014692,1.7795796273311718e-16,0,1
L8_k480,3e-05,10689.927217073697,8.997948594757974e-18,0,1
L8_k480,3e-05,10690.745570972065,4.980098559106568e-17,0,1
L8_k480,3e-05,10691.222006743754,9.01067577928288e-18,0,1
L8_k480,3e-05,10691.53461447342,2.4231799337134338e-18,0,1
L8_k480,3e-05,10692.587164645915,3.497960465381606e-21,0,1
L8_k480,3e-05,10693.347087373828,1.8740995257920206e-20,0,1
L8_k480,3e-05,10693.81028142884,6.07638098156431e-22,0,1
L8_k480,3e-05,10694.07663536676,8.616009324867481e-21,0,1
L8_k480,3e-05,10694.526131657107,1.141054479340076e-22,0,1
L8_k480,3e-05,10694.745316963843,1.4555487406646505e-20,0,1
L8_k480,3e-05,10696.455471746025,2.611723659113746e-25,0,1
L8_k480,3e-05,10696.905828335293,4.980583442263701e-30,0,1
L8_k480,3e-05,10697.437071712755,1.9645855077413357e-25,0,1
L8_k480,3e-05,-0.7041327600296512,0.00014897189499725442,0,0
L8_k480,3e-05,-1.3647055149308542,6.20306722287e-05,0,0
L8_k480,3e-05,-1.8105253671818247,4.800234122530238e-05,0,0
L8_k480,3e-05,-3.3439549397269914,4.539412564840247e-08,0,0
L8_k480,3e-05,-3.9890592714992934,1.239319471541053e-06,0,0
L8_k480,3e-05,-4.081946947987724,3.674829557947456e-05,0,0
L8_k480,3e-05,-4.230788041243578,1.6863625052265168e-06,0,0
L8_k480,3e-05,-4.436107137511108,4.364158340017359e-05,0,0
L8_k480,3e-05,-4.824765137721933,5.824465022237106e-05,0,0
L8_k480,3e-05,-4.995271150220937,3.745727682128102e-06,0,0
L8_k480,3e-05,-5.562602722789499,0.00020308304503800082,0,0
L8_k480,3e-05,-6.478374340191323,5.998174223302107e-06,0,0
L8_k480,3e-05,-6.974456347149463,2.4832282714309665e-06,0,0
L8_k480,3e-05,-7.556750492316375,1.5058259937820406e-05,0,0
L8_k480,3e-05,-7.978035679042918,1.7133354978114056e-05,0,0
L8_k480,3e-05,-8.430328351386983,3.0794840122450495e-06,0,0
L8_k480,3e-05,-9.264685434786905,5.245641305900446e-06,0,0
L8_k480,3e-05,-9.795878454767887,2.5726101158159796e-06,0,0
L8_k480,3e-05,-11.024476377466769,4.888381429650957e-07,0,0
L8_k480,3e-05,-12.202288142410602,5.628280978287339e-06,0,0
L8_k480,3e-05,-12.56232369676308,1.1836504067597483e-05,0,0
L8_k480,3e-05,-13.845071033675787,4.725657504457257e-07,0,0
L8_k480,3e-05,-15.627125662037585,2.6291095798756056e-06,0,0
L8_k480,3e-05,-16.70090436153933,1.5460347335725788e-06,0,0
L8_k480,3e-05,-17.421642269650384,6.157941837949217e-06,0,0
L8_k480,3e-05,-18.813941337572565,1.8482576813386636e-05,0,0
L8_k480,3e-05,-19.780784754797423,0.000224027865647083,0,0
L8_k480,3e-05,-20.775779032369527,0.0002994560233241738,0,0
L8_k480,3e-05,-22.29560692010275,4.6706460195073776e-05,0,0
L8_k480,3e-05,-22.892652276095276,5.5699492090381975e-05,0,0
L8_k480,3e-05,-24.678848012677072,5.977644812058807e-06,0,0
L8_k480,3e-05,-26.246249531642604,1.2594361855738121e-05,0,0
L8_k480,3e-05,-27.23846681537603,1.2785117728236292e-05,0,0
L8_k480,3e-05,-29.172571059205357,8.872331890303164e-06,0,0
L8_k480,3e-05,-30.905958705759932,2.688750340398387e-05,0,0
L8_k480,3e-05,-32.74681195719289,4.450498038372774e-05,0,0
L8_k480,3e-05,-33.57807712382221,2.8758383668919075e-05,0,0
L8_k480,3e-05,-34.87236366238787,1.2152149111743638e-05,0,0
L8_k480,3e-05,-37.13218466195411,2.2221498714911503e-05,0,0
L8_k480,3e-05,-38.03348598253609,2.0474059908958888e-05,0,0
L8_k480,3e-05,-39.79425333802766,7.911163184001269e-06,0,0
L8_k480,3e-05,-41.87138438210343,2.8523683350624446e-06,0,0
L8_k480,3e-05,-44.25440518703839,5.734674133919012e-06,0,0
L8_k480,3e-05,-45.760398679973015,1.1950883536034009e-06,0,0
L8_k480,3e-05,-47.068324894799474,3.419641269059934e-07,0,0
L8_k480,3e-05,-50.53263863553052,3.160537015949174e-06,0,0
L8_k480,3e-05,-51.35332072456407,1.2712896501159599e-05,0,0
L8_k480,3e-05,-53.34803149326186,2.1770147173535956e-06,0,0
L8_k480,3e-05,-55.782062476741515,2.2846647661476128e-07,0,0
L8_k480,3e-05,-57.802335502711635,1.4730390377831838e-07,0,0
L8_k480,3e-05,-60.294257692700874,9.12006906596718e-09,0,0
L8_k480,3e-05,-63.2273910858493,7.841266102507819e-07,0,0
L8_k480,3e-05,-65.41518668435546,1.3215477964119608e-07,0,0
L8_k480,3e-05,-67.60833910383239,2.1426387381530135e-07,0,0
L8_k480,3e-05,-69.76780351245684,3.6475331340153645e-08,0,0
L8_k480,3e-05,-73.43936036444714,1.1793513844858487e-09,0,0
L8_k480,3e-05,-80.43462977297078,0.0005277132486384285,0,0
L8_k480,3e-05,-81.99875879336135,7.66431358055605e-05,0,0
L8_k480,3e-05,-82.70875213861687,0.00023152933361655646,0,0
L8_k480,3e-05,-84.51868454084685,2.9592842369961064e-05,0,0
L8_k480,3e-05,-86.68911589267188,2.397306492554351e-05,0,0
L8_k480,3e-05,-88.75530114887475,4.157371494190799e-06,0,0
L8_k480,3e-05,-92.2152144643662,3.565973086528751e-05,0,0
L8_k480,3e-05,-94.77429543224912,7.70101342392756e-06,0,0
L8_k480,3e-05,-97.3256633899158,4.96182236085822e-05,0,0
L8_k480,3e-05,-98.96719262103827,1.687286346381761e-05,0,0
L8_k480,3e-05,-101.95838330885115,1.0997706870556492e-05,0,0
L8_k480,3e-05,-103.97604090247485,4.784657730061307e-06,0,0
L8_k480,3e-05,-106.82681373454685,4.954525168718672e-07,0,0
L8_k480,3e-05,-109.78082723873192,5.854335950458138e-06,0,0
L8_k480,3e-05,-111.99550397919387,1.926615673799569e-06,0,0
L8_k480,3e-05,-114.81986040770647,2.420921503438313e-07,0,0
L8_k480,3e-05,-117.10302580298597,6.10746344256987e-08,0,0
L8_k480,3e-05,-121.3556573399797,8.20765829187238e-09,0,0
L8_k480,3e-05,-126.98734844574551,2.2501735733438303e-09,0,0
L8_k480,3e-05,-129.17030624426914,4.57746161216591e-09,0,0
L8_k480,3e-05,-132.66004050673013,8.90505265367283e-09,0,0
L8_k480,3e-05,-135.28525089348545,4.0054324732951736e-09,0,0
L8_k480,3e-05,-139.58506902019175,1.148807523146658e-08,0,0
L8_k480,3e-05,-142.40396861939763,4.431453057078479e-09,0,0
L8_k480,3e-05,-145.1576113871878,4.670541680513364e-10,0,0
L8_k480,3e-05,-158.95041564055958,0.0006636344789193511,0,0
L8_k480,3e-05,-159.42725983491897,0.0008517788064190822,0,0
L8_k480,3e-05,-160.41749913192197,0.00012851664119832416,0,0
L8_k480,3e-05,-161.72768377766815,0.00018096188157185807,0,0
L8_k480,3e-05,-164.91038765813394,2.1608932510851564e-05,0,0
L8_k480,3e-05,-168.019588332542,1.1772529293863872e-05,0,0
L8_k480,3e-05,-170.90725649231987,0.00014048405491436068,0,0
L8_k480,3e-05,-173.83913086781394,3.593473172028779e-05,0,0
L8_k480,3e-05,-176.2125141154009,4.327771605303713e-05,0,0
L8_k480,3e-05,-178.76350150002932,7.89131272699853e-06,0,0
L8_k480,3e-05,-182.95516621549376,8.383613153790786e-06,0,0
L8_k480,3e-05,-186.60968864755912,2.945826237884257e-05,0,0
L8_k480,3e-05,-188.85511356894182,7.324370905217354e-06,0,0
L8_k480,3e-05,-192.64955630837386,7.460583331060017e-07,0,0
L8_k480,3e-05,-198.12063274778265,1.1626878145904929e-06,0,0
L8_k480,3e-05,-201.81374983823636,5.334791694585287e-07,0,0
L8_k480,3e-05,-206.94550002587178,1.4465242504493526e-06,0,0
L8_k480,3e-05,-208.44241567085467,1.3480372010147274e-05,0,0
L8_k480,3e-05,-212.2454964916266,1.1512703433142985e-05,0,0
L8_k480,3e-05,-214.4852593058417,4.012105577620463e-06,0,0
L8_k480,3e-05,-219.84937035016534,5.252897512015088e-07,0,0
L8_k480,3e-05,-223.6675583366839,2.905746738025081e-05,0,0
L8_k480,3e-05,-225.73696067502257,1.0099508645967496e-05,0,0
L8_k480,3e-05,-229.72191513859488,1.4834299902427169e-06,0,0
L8_k480,3e-05,-235.03380741834084,3.3538054669962748e-06,0,0
L8_k480,3e-05,-237.23046881946823,1.991372028475349e-06,0,0
L8_k480,3e-05,-240.4768770525859,2.5200042585402105e-06,0,0
L8_k480,3e-05,-243.33503290463005,4.0080125498212495e-07,0,0
L8_k480,3e-05,-249.22481871551102,7.933478578074006e-07,0,0
L8_k480,3e-05,-251.93084710310663,1.3897525682520216e-06,0,0
L8_k480,3e-05,-255.29804048138013,1.3191591873215357e-07,0,0
L8_k480,3e-05,-262.57081491147403,5.120224207815231e-08,0,0
L8_k480,3e-05,-269.39103287620037,1.4509517272107176e-05,0,0
L8_k480,3e-05,-270.20046292941817,0.0001002697754670226,0,0
L8_k480,3e-05,-273.4944593514047,5.888576240405378e-05,0,0
L8_k480,3e-05,-275.50111846487437,5.360595093239847e-05,0,0
L8_k480,3e-05,-279.02790011167576,6.587070216149309e-06,0,0
L8_k480,3e-05,-282.25815792338074,2.133307915002354e-05,0,0
L8_k480,3e-05,-287.2988116867127,0.00011204386930756454,0,0
L8_k480,3e-05,-289.3855730724322,3.763631594403665e-05,0,0
L8_k480,3e-05,-293.40007675208676,5.33061300544653e-06,0,0
L8_k480,3e-05,-298.45823678114175,5.961607182654428e-06,0,0
L8_k480,3e-05,-300.19901257129345,1.5319893109095976e-05,0,0
L8_k480,3e-05,-304.17248625581885,7.388109636875294e-06,0,0
L8_k480,3e-05,-306.9355297870946,1.5791709466503224e-06,0,0
L8_k480,3e-05,-312.31062870254976,1.0627238566176536e-06,0,0
L8_k480,3e-05,-316.50727273649966,2.3904691017135328e-06,0,0
L8_k480,3e-05,-320.7163562816038,4.241743498717581e-06,0,0
L8_k480,3e-05,-322.54351389844464,2.1264994740912927e-06,0,0
L8_k480,3e-05,-326.86929767692857,1.5552176398299454e-07,0,0
L8_k480,3e-05,-330.93534090117726,1.014328366028967e-07,0,0
L8_k480,3e-05,-333.6343318468143,1.5806339644634736e-07,0,0
L8_k480,3e-05,-337.64084885213396,5.1880697564401345e-08,0,0
L8_k480,3e-05,-341.06405063710736,5.3432329082554834e-09,0,0
L8_k480,3e-05,-350.89925166277317,1.1913642626209e-08,0,0
L8_k480,3e-05,-355.76419737238666,5.325639799025046e-05,0,0
L8_k480,3e-05,-357.59534304887273,2.7882854499579498e-05,0,0
L8_k480,3e-05,-358.93728350517034,1.1017463989345768e-05,0,0
L8_k480,3e-05,-362.35711463825834,2.7030699043873622e-06,0,0
L8_k480,3e-05,-366.9120882725311,1.3167757333094618e-06,0,0
L8_k480,3e-05,-369.88386334955203,6.7229794600270825e-06,0,0
L8_k480,3e-05,-372.9918246856128,2.3803206848725015e-06,0,0
L8_k480,3e-05,-375.2948412639486,1.083627670456994e-06,0,0
L8_k480,3e-05,-378.5762027080401,4.384313868901937e-08,0,0
L8_k480,3e-05,-384.6141914284089,4.460390566358674e-07,0,0
L8_k480,3e-05,-386.8292354643506,1.844436944245267e-07,0,0
L8_k480,3e-05,-390.20738082046194,1.0020414412506884e-08,0,0
L8_k480,3e-05,-394.2236252091118,8.18397142357695e-10,0,0
L8_k480,3e-05,-399.1943956752993,3.009722464712364e-10,0,0
L8_k480,3e-05,-403.7215249171735,4.892198315525581e-10,0,0
L8_k480,3e-05,-409.91535188419533,1.450632585532714e-10,0,0
L8_k480,3e-05,-416.7849553873827,1.1303876800432264e-06,0,0
L8_k480,3e-05,-417.4610333551331,7.100062011718783e-05,0,0
L8_k480,3e-05,-419.3848399632525,2.0156283105016997e-05,0,0
L8_k480,3e-05,-422.37023416817146,2.1176486418571978e-06,0,0
L8_k480,3e-05,-424.7336117579086,1.0304520319348701e-06,0,0
L8_k480,3e-05,-429.1388103063073,6.743666152016257e-06,0,0
L8_k480,3e-05,-431.49726102198804,1.8805326838664833e-06,0,0
L8_k480,3e-05,-433.9773569911794,2.8677887195687514e-06,0,0
L8_k480,3e-05,-436.3857886722171,8.016122597551673e-07,0,0
L8_k480,3e-05,-441.54121693894706,1.1440166879216235e-07,0,0
L8_k480,3e-05,-444.20005581058643,7.745156522675071e-07,0,0
L8_k480,3e-05,-446.16620447636717,9.160936153372735e-07,0,0
L8_k480,3e-05,-448.4468102632802,1.9870498567619675e-07,0,0
L8_k480,3e-05,-451.5660744506101,3.54785937959002e-08,0,0
L8_k480,3e-05,-455.4441937959895,3.752487498758078e-09,0,0
L8_k480,3e-05,-458.56020945944834,6.142853139557551e-08,0,0
L8_k480,3e-05,-460.9410285497689,1.5176602185687965e-08,0,0
L8_k480,3e-05,-463.2634460049418,1.2560708161409868e-08,0,0
L8_k480,3e-05,-465.4512113511236,2.7960136955299057e-09,0,0
L8_k480,3e-05,-468.6208273392911,1.011543479112585e-10,0,0
L8_k480,3e-05,-474.64184844278986,1.7735583088493712e-11,0,0
L8_k480,3e-05,-476.2065333734952,2.2483733639932233e-09,0,0
L8_k480,3e-05,-478.12148391741437,4.979424316206744e-10,0,0
L8_k480,3e-05,-480.468136849336,2.4708279718283522e-11,0,0
L8_k480,3e-05,-482.5993551075813,1.1931003158417794e-11,0,0
L8_k480,3e-05,-484.74260334967687,1.4228961669055693e-12,0,0
L8_k480,3e-05,-486.80609376982204,2.0110328320505445e-14,0,0
L8_k480,3e-05,-489.22910031368366,3.3848155255636917e-15,0,0
L8_k480,3e-05,-490.9409566748647,4.241890795456132e-18,0,0
L8_k480,3e-05,-528.8218030978618,8.16369242189084e-07,0,0
L8_k480,3e-05,-530.7128444408262,6.3541053410579665e-09,0,0
L8_k480,3e-05,-531.0626331841274,1.6718191839400546e-07,0,0
L8_k480,3e-05,-531.2283674746361,2.2649879796753424e-08,0,0
L8_k480,3e-05,-532.9154757825568,3.15863319273765e-08,0,0
L8_k480,3e-05,-533.2668517204135,4.628489594636503e-07,0,0
L8_k480,3e-05,-535.3147727172708,1.716210493901492e-07,0,0
L8_k480,3e-05,-537.5465004515777,7.91484591095269e-09,0,0
L8_k480,3e-05,-539.5455509268509,5.331510618188803e-09,0,0
L8_k480,3e-05,-541.3380889615246,5.037310935716431e-09,0,0
L8_k480,3e-05,-542.2637920557236,1.0366606156599965e-07,0,0
L8_k480,3e-05,-545.3084094049914,5.948675972839942e-07,0,0
L8_k480,3e-05,-546.3762537898612,7.90696606391188e-08,0,0
L8_k480,3e-05,-547.3219776859797,2.1976890132970014e-07,0,0
L8_k480,3e-05,-549.4972721326291,2.7125322649821522e-08,0,0
L8_k480,3e-05,-551.4924399932573,1.9192295952802533e-08,0,0
L8_k480,3e-05,-553.2060148182233,3.374490149482811e-09,0,0
L8_k480,3e-05,-554.5716719386294,1.323405746781356e-09,0,0
L8_k480,3e-05,-558.1155995631523,7.872205410013827e-08,0,0
L8_k480,3e-05,-559.1723043304721,1.8720644787319354e-09,0,0
L8_k480,3e-05,-560.4865677492512,1.2169117654390149e-08,0,0
L8_k480,3e-05,-562.5755328348555,2.3756104799646977e-08,0,0
L8_k480,3e-05,-564.534755616559,6.9783536717706575e-09,0,0
L8_k480,3e-05,-565.778454581036,4.964524125277139e-10,0,0
L8_k480,3e-05,-567.3667482209249,1.5715360555707515e-10,0,0
L8_k480,3e-05,-569.1955213581812,9.804436741780324e-11,0,0
L8_k480,3e-05,-571.7492690912057,1.3978929126601365e-09,0,0
L8_k480,3e-05,-573.1939623674295,6.273775479607074e-11,0,0
L8_k480,3e-05,-574.5970471128211,6.624827446238592e-09,0,0
L8_k480,3e-05,-576.4438722173879,2.113708085798594e-09,0,0
L8_k480,3e-05,-577.2360281085984,1.2096053868011255e-10,0,0
L8_k480,3e-05,-578.7692679883546,1.3499922900149103e-10,0,0
L8_k480,3e-05,-579.9715988009732,2.6256580366892573e-11,0,0
L8_k480,3e-05,-580.978453739144,7.001010967817089e-11,0,0
L8_k480,3e-05,-583.028172019966,9.506719395056408e-12,0,0
L8_k480,3e-05,-583.6405355421062,3.3923248360916e-13,0,0
L8_k480,3e-05,-585.2965363919999,1.0162652354184724e-13,0,0
L8_k480,3e-05,-587.421038615805,1.4065793608612034e-10,0,0
L8_k480,3e-05,-589.5599318134704,1.1312852356540576e-12,0,0
L8_k480,3e-05,-589.739443993245,1.5863380785636607e-11,0,0
L8_k480,3e-05,-591.4035800061158,6.527626349181234e-13,0,0
L8_k480,3e-05,-591.8389541379364,2.19285378987456e-11,0,0
L8_k480,3e-05,-593.1803066747705,1.7507322224278168e-14,0,0
L8_k480,3e-05,-593.880398281958,4.381977017550711e-12,0,0
L8_k480,3e-05,-594.1610781791452,7.854674206656245e-14,0,0
L8_k480,3e-05,-595.7789340119896,3.844920158077997e-15,0,0
L8_k480,3e-05,-596.2132216838442,9.133613748317166e-14,0,0
L8_k480,3e-05,-596.4286420440392,1.780201369131829e-15,0,0
L8_k480,3e-05,-597.8492089136809,7.896073725720624e-16,0,0
L8_k480,3e-05,-598.2783426644731,2.3141031246195815e-14,0,0
L8_k480,3e-05,-598.3261881637451,1.4108491583308507e-14,0,0
L8_k480,3e-05,-600.1586358544068,8.953413430602061e-18,0,0
L8_k480,3e-05,-600.3404340590938,2.0497689699272808e-15,0,0
L8_k480,3e-05,-600.6594723140055,8.606011602865507e-18,0,0
L8_k480,3e-05,-600.7480472824132,4.2971146044912805e-18,0,0
L8_k480,3e-05,-602.504751918152,3.6969219392993076e-19,0,0
L8_k480,3e-05,-602.6584142195429,1.0498966773064804e-17,0,0
L8_k480,3e-05,-602.7206633944446,6.369176343049522e-19,0,0
L8_k480,3e-05,-605.003168285738,9.403996853651026e-23,0,0
L8_k480,3e-05,-10093.62871560112,0.04117053739791264,0,0
L8_k480,3e-05,-10094.388286135216,0.04693450531569491,0,0
L8_k480,3e-05,-10094.441072079646,8.271798947474066e-06,0,0
L8_k480,3e-05,-10095.72497571034,0.027907423861018167,0,0
L8_k480,3e-05,-10096.030877904303,0.00018621195308851586,0,0
L8_k480,3e-05,-10096.36549989395,0.025126076542576904,0,0
L8_k480,3e-05,-10096.615035450233,0.003017698462643487,0,0
L8_k480,3e-05,-10096.675038779047,0.00044816150947134384,0,0
L8_k480,3e-05,-10098.016617101066,0.0010894651895967267,0,0
L8_k480,3e-05,-10098.13569154528,0.0004940975574169525,0,0
L8_k480,3e-05,-10098.651138892752,0.0005216772699442748,0,0
L8_k480,3e-05,-10098.864605894925,0.0021899519878938243,0,0
L8_k480,3e-05,-10100.161859278347,0.0020580618031098372,0,0
L8_k480,3e-05,-10100.743943774134,0.0011120254147033055,0,0
L8_k480,3e-05,-10100.798837675384,0.0015041831800766286,0,0
L8_k480,3e-05,-10102.252627440397,0.00045745153823434744,0,0
L8_k480,3e-05,-10102.780744103637,0.00047730202747855527,0,0
L8_k480,3e-05,-10103.39057525365,9.07521148404451e-06,0,0
L8_k480,3e-05,-10104.866953888044,1.4752928280321487e-05,0,0
L8_k480,3e-05,-10106.627662343917,0.005414775663127739,0,0
L8_k480,3e-05,-10107.0707210692,0.008950063765685964,0,0
L8_k480,3e-05,-10107.43481519617,0.0005085081039636477,0,0
L8_k480,3e-05,-10108.836118231524,0.002742311669277313,0,0
L8_k480,3e-05,-10109.718021647803,0.00899239535025487,0,0
L8_k480,3e-05,-10111.220827120858,0.0045727052711762445,0,0
L8_k480,3e-05,-10111.800861830287,0.0027442880530233037,0,0
L8_k480,3e-05,-10113.351926936635,0.00267758440997282,0,0
L8_k480,3e-05,-10114.11417887856,0.0027857309922217333,0,0
L8_k480,3e-05,-10116.10489308651,0.0010557720646896648,0,0
L8_k480,3e-05,-10116.755098491274,9.865204961726696e-05,0,0
L8_k480,3e-05,-10118.39131384552,5.9228752331679826e-05,0,0
L8_k480,3e-05,-10120.571035898975,3.180360332285317e-05,0,0
L8_k480,3e-05,-10123.011271581463,0.00255632927109058,0,0
L8_k480,3e-05,-10123.630786686515,0.0026433073404480813,0,0
L8_k480,3e-05,-10125.281635873094,0.002369947139195933,0,0
L8_k480,3e-05,-10126.140103087095,0.00040996321023956757,0,0
L8_k480,3e-05,-10128.095252767976,0.00020154315929947733,0,0
L8_k480,3e-05,-10129.760982831234,0.0001278737855486584,0,0
L8_k480,3e-05,-10131.746877525102,2.370403144463251e-05,0,0
L8_k480,3e-05,-10133.330200261798,4.876355477678747e-06,0,0
L8_k480,3e-05,-10136.067918130335,0.00022211637259950739,0,0
L8_k480,3e-05,-10137.658269156407,3.187859510743371e-05,0,0
L8_k480,3e-05,-10139.10862278306,9.559649487927994e-05,0,0
L8_k480,3e-05,-10140.69393101958,6.466587253493523e-05,0,0
L8_k480,3e-05,-10142.796595942786,2.714841574929754e-05,0,0
L8_k480,3e-05,-10144.05973621054,7.543773184936445e-06,0,0
L8_k480,3e-05,-10145.833795875815,3.839380451400975e-06,0,0
L8_k480,3e-05,-10148.650945311452,1.5598505823208737e-07,0,0
L8_k480,3e-05,-10152.307732152445,5.589868256006385e-06,0,0
L8_k480,3e-05,-10152.78713072614,9.468620105502518e-06,0,0
L8_k480,3e-05,-10154.69912544984,5.254358299465117e-06,0,0
L8_k480,3e-05,-10156.62208829611,2.8589720107337957e-07,0,0
L8_k480,3e-05,-10158.279662813842,1.0750185199063809e-07,0,0
L8_k480,3e-05,-10159.307348563836,9.939968448021865e-08,0,0
L8_k480,3e-05,-10161.252499852115,1.3763078162287703e-08,0,0
L8_k480,3e-05,-10163.504308010106,1.9531672934395172e-10,0,0
L8_k480,3e-05,-10165.543470573402,3.558472456661507e-11,0,0
L8_k480,3e-05,-10167.596650909538,1.5390272329396847e-14,0,0
L8_k480,3e-05,-10176.845142195207,3.692211008733149e-22,0,0
L8_k480,3e-05,-10204.98044958049,0.000564593757701551,0,0
L8_k480,3e-05,-10205.430420675606,0.0011765947037262127,0,0
L8_k480,3e-05,-10207.133963056851,0.00035549871910826094,0,0
L8_k480,3e-05,-10207.994645391791,9.429172941400649e-05,0,0
L8_k480,3e-05,-10209.595455753913,0.0012479890163462543,0,0
L8_k480,3e-05,-10210.908756033019,0.00030818823900602416,0,0
L8_k480,3e-05,-10211.98300734647,0.0004768051589299846,0,0
L8_k480,3e-05,-10214.882026869685,3.442366824633745e-05,0,0
L8_k480,3e-05,-10217.067144310624,1.406990844158428e-05,0,0
L8_k480,3e-05,-10221.658699356834,9.927834281451897e-05,0,0
L8_k480,3e-05,-10223.110814981857,0.003589397521798216,0,0
L8_k480,3e-05,-10225.129615848584,0.002379718689241642,0,0
L8_k480,3e-05,-10227.834303594103,0.0002509651422812668,0,0
L8_k480,3e-05,-10230.087863163888,0.00016228328671312345,0,0
L8_k480,3e-05,-10234.485456771741,5.1865502455393006e-05,0,0
L8_k480,3e-05,-10236.702002786327,0.000619120558953853,0,0
L8_k480,3e-05,-10239.033938895629,0.0004396096799562099,0,0
L8_k480,3e-05,-10241.742998187949,0.00027184029955056065,0,0
L8_k480,3e-05,-10244.147396192455,7.068055411976534e-05,0,0
L8_k480,3e-05,-10248.58993359337,4.443565945525025e-06,0,0
L8_k480,3e-05,-10252.132296049082,0.00015268194115491184,0,0
L8_k480,3e-05,-10254.253400697105,5.923004186207403e-05,0,0
L8_k480,3e-05,-10258.196639843902,3.648477784996059e-06,0,0
L8_k480,3e-05,-10263.880273254004,3.0578194222306895e-06,0,0
L8_k480,3e-05,-10268.12059947514,0.0029032402486139576,0,0
L8_k480,3e-05,-10270.74582914283,0.0009135814730905306,0,0
L8_k480,3e-05,-10272.794293996889,0.0019035481041478678,0,0
L8_k480,3e-05,-10274.990436329725,0.0005443599209332155,0,0
L8_k480,3e-05,-10280.353692750332,6.380571990757289e-05,0,0
L8_k480,3e-05,-10283.294942340686,0.0025468382461075324,0,0
L8_k480,3e-05,-10285.444176599862,0.0028009280660968934,0,0
L8_k480,3e-05,-10288.361874455552,0.00048124004203743123,0,0
L8_k480,3e-05,-10291.691491671612,9.476812898694238e-05,0,0
L8_k480,3e-05,-10296.778466787868,0.0005796961180005796,0,0
L8_k480,3e-05,-10300.11663428442,0.0001903243034466091,0,0
L8_k480,3e-05,-10302.306380430096,0.0001420978094504528,0,0
L8_k480,3e-05,-10305.12492091515,1.16418572626879e-05,0,0
L8_k480,3e-05,-10311.858319282597,6.492831674915362e-05,0,0
L8_k480,3e-05,-10314.069978673546,5.557893117489946e-05,0,0
L8_k480,3e-05,-10317.357901913501,5.607359537518512e-06,0,0
L8_k480,3e-05,-10321.76816463883,7.155371388444228e-07,0,0
L8_k480,3e-05,-10325.904661895713,2.5625089402420183e-06,0,0
L8_k480,3e-05,-10330.836734663386,6.723197883360877e-06,0,0
L8_k480,3e-05,-10334.784748835096,5.641321015903617e-06,0,0
L8_k480,3e-05,-10337.237669963826,3.025417321775069e-06,0,0
L8_k480,3e-05,-10343.817527090709,2.0175403226507695e-07,0,0
L8_k480,3e-05,-10348.98488644594,2.27604518402555e-05,0,0
L8_k480,3e-05,-10352.328237779071,0.004858958257378031,0,0
L8_k480,3e-05,-10354.40530133486,0.0032984243443078295,0,0
L8_k480,3e-05,-10357.402537756232,0.00038823378590767963,0,0
L8_k480,3e-05,-10359.940153061954,0.00016629641728797096,0,0
L8_k480,3e-05,-10365.062074128673,0.0007128201112734377,0,0
L8_k480,3e-05,-10368.63693484605,0.0008717769592697755,0,0
L8_k480,3e-05,-10371.381921585196,0.00031943145055597833,0,0
L8_k480,3e-05,-10374.264786777541,0.00013749171035905427,0,0
L8_k480,3e-05,-10379.615045563207,2.4662445979527507e-05,0,0
L8_k480,3e-05,-10381.967086365834,0.0002783440332810808,0,0
L8_k480,3e-05,-10384.357496744353,8.167255966968402e-05,0,0
L8_k480,3e-05,-10388.459692577475,7.760403591969042e-06,0,0
L8_k480,3e-05,-10393.939668746303,8.60589481248114e-06,0,0
L8_k480,3e-05,-10398.594392657307,8.074730998803814e-06,0,0
L8_k480,3e-05,-10401.198829203899,2.54440152141631e-06,0,0
L8_k480,3e-05,-10404.929294155187,1.1483208020615818e-06,0,0
L8_k480,3e-05,-10411.521433186539,6.24996204421498e-07,0,0
L8_k480,3e-05,-10418.076688530073,0.001432532346793334,0,0
L8_k480,3e-05,-10419.779020337031,0.0009677183797135197,0,0
L8_k480,3e-05,-10421.344220906703,0.00028451405397667077,0,0
L8_k480,3e-05,-10424.7075831323,9.969943616507126e-05,0,0
L8_k480,3e-05,-10430.015197080222,0.00017848565136155747,0,0
L8_k480,3e-05,-10432.795785555321,0.00016602811426665452,0,0
L8_k480,3e-05,-10435.506458259746,0.00011962938118387918,0,0
L8_k480,3e-05,-10438.191838577233,4.1087116560596686e-05,0,0
L8_k480,3e-05,-10443.726007449262,5.108782178000433e-06,0,0
L8_k480,3e-05,-10446.183663005511,7.216644217100032e-05,0,0
L8_k480,3e-05,-10448.527400232222,1.749107582736799e-05,0,0
L8_k480,3e-05,-10452.636969890737,1.5365683014460892e-06,0,0
L8_k480,3e-05,-10457.902513642288,2.038216523660161e-06,0,0
L8_k480,3e-05,-10461.500830658231,1.940289870099156e-06,0,0
L8_k480,3e-05,-10465.255406043563,1.1298339777811229e-06,0,0
L8_k480,3e-05,-10468.222531371248,7.288942523244871e-07,0,0
L8_k480,3e-05,-10473.31923531364,3.160626084365598e-07,0,0
L8_k480,3e-05,-10477.463885129746,1.4366731654502485e-07,0,0
L8_k480,3e-05,-10480.686605463563,3.6931179604586194e-06,0,0
L8_k480,3e-05,-10483.494049393981,5.506285887894353e-06,0,0
L8_k480,3e-05,-10486.259891829592,1.3175331728208695e-06,0,0
L8_k480,3e-05,-10489.556063428947,1.210593924401166e-07,0,0
L8_k480,3e-05,-10495.047077835703,3.766679893298686e-07,0,0
L8_k480,3e-05,-10498.39447236925,5.695874680900592e-07,0,0
L8_k480,3e-05,-10500.858303995692,2.5974131980267324e-07,0,0
L8_k480,3e-05,-10504.019066934046,1.0574317736192144e-07,0,0
L8_k480,3e-05,-10509.207360819564,3.8445226273370014e-08,0,0
L8_k480,3e-05,-10511.537368639178,8.777053289939513e-08,0,0
L8_k480,3e-05,-10514.215776742336,5.023560080076048e-08,0,0
L8_k480,3e-05,-10516.811780111231,1.6256342820472234e-08,0,0
L8_k480,3e-05,-10520.503493124133,1.3123671274406014e-09,0,0
L8_k480,3e-05,-10525.418037401078,7.706789506334784e-11,0,0
L8_k480,3e-05,-10528.805038765579,2.0694134382792818e-11,0,0
L8_k480,3e-05,-10541.702773926772,8.057540528989893e-07,0,0
L8_k480,3e-05,-10543.05017047292,2.2870028472443525e-07,0,0
L8_k480,3e-05,-10544.963126145218,1.724651597359599e-07,0,0
L8_k480,3e-05,-10546.346618297648,6.413871155420039e-07,0,0
L8_k480,3e-05,-10548.70825601206,1.6455939366073362e-07,0,0
L8_k480,3e-05,-10553.08013573805,1.372263964713447e-07,0,0
L8_k480,3e-05,-10554.891211223548,3.502907340169639e-08,0,0
L8_k480,3e-05,-10559.2596671852,6.637318401247379e-07,0,0
L8_k480,3e-05,-10560.892146040602,2.5814890131248533e-07,0,0
L8_k480,3e-05,-10563.352728398882,4.50961912139333e-08,0,0
L8_k480,3e-05,-10566.486650347299,2.8671799280563877e-08,0,0
L8_k480,3e-05,-10570.880920751202,7.352896097526406e-08,0,0
L8_k480,3e-05,-10572.375253916041,5.522250618804678e-08,0,0
L8_k480,3e-05,-10575.855810415002,3.933296027529431e-08,0,0
L8_k480,3e-05,-10578.041192019884,1.3879884889955125e-08,0,0
L8_k480,3e-05,-10580.56915172609,1.8318390156018862e-09,0,0
L8_k480,3e-05,-10583.729797746924,1.7071291893745853e-09,0,0
L8_k480,3e-05,-10588.727506230196,1.368181702981179e-08,0,0
L8_k480,3e-05,-10590.287173720333,4.191246688497756e-09,0,0
L8_k480,3e-05,-10592.31070648584,6.32078278696796e-10,0,0
L8_k480,3e-05,-10595.32772577275,1.4310295604924356e-10,0,0
L8_k480,3e-05,-10600.7807079556,2.4069645273265806e-10,0,0
L8_k480,3e-05,-10601.70381587467,1.490974521553718e-10,0,0
L8_k480,3e-05,-10604.874813370892,7.387843731248998e-11,0,0
L8_k480,3e-05,-10606.775792794942,2.5034848345989452e-11,0,0
L8_k480,3e-05,-10609.330522898475,1.3189966409125813e-12,0,0
L8_k480,3e-05,-10615.340734694859,2.455910944324426e-13,0,0
L8_k480,3e-05,-10618.241454508472,3.162192201566068e-10,0,0
L8_k480,3e-05,-10620.320605239742,5.085756753798566e-10,0,0
L8_k480,3e-05,-10622.097294003312,1.231665715614534e-10,0,0
L8_k480,3e-05,-10624.624237656704,1.3606461464070508e-10,0,0
L8_k480,3e-05,-10627.003983745119,3.867912545824391e-11,0,0
L8_k480,3e-05,-10629.766579297417,8.540107848663267e-10,0,0
L8_k480,3e-05,-10632.155777215583,2.21435400778832e-10,0,0
L8_k480,3e-05,-10634.8054270418,1.0648395592735552e-09,0,0
L8_k480,3e-05,-10636.99438911489,1.0958485499387961e-09,0,0
L8_k480,3e-05,-10638.77783365818,2.7884258824359426e-10,0,0
L8_k480,3e-05,-10641.019800039907,3.664215104376452e-10,0,0
L8_k480,3e-05,-10642.510351117156,3.4522698169455134e-10,0,0
L8_k480,3e-05,-10644.441159724005,1.5407080586201444e-10,0,0
L8_k480,3e-05,-10647.723141087565,2.0620785902248444e-10,0,0
L8_k480,3e-05,-10648.624394020333,6.356003959023877e-10,0,0
L8_k480,3e-05,-10650.592146060153,2.7420932402140007e-10,0,0
L8_k480,3e-05,-10652.132976891899,4.6359656068338015e-11,0,0
L8_k480,3e-05,-10654.933287176642,3.4039587101613704e-11,0,0
L8_k480,3e-05,-10656.060495741456,1.0719415163575511e-10,0,0
L8_k480,3e-05,-10658.305897754577,4.109693084000868e-11,0,0
L8_k480,3e-05,-10660.059310998018,6.687963952099265e-11,0,0
L8_k480,3e-05,-10662.14815662087,1.598838700835922e-11,0,0
L8_k480,3e-05,-10663.591240393735,2.995802737035697e-12,0,0
L8_k480,3e-05,-10665.57795639637,4.2517178653368735e-11,0,0
L8_k480,3e-05,-10666.946964344894,1.1569636297279814e-11,0,0
L8_k480,3e-05,-10668.492865329466,4.0261778645750214e-11,0,0
L8_k480,3e-05,-10669.816972481995,3.014939350440625e-11,0,0
L8_k480,3e-05,-10671.06016287472,7.381434667657286e-12,0,0
L8_k480,3e-05,-10672.799548697622,9.780794489798379e-12,0,0
L8_k480,3e-05,-10673.678144227195,1.9690737523863793e-11,0,0
L8_k480,3e-05,-10675.669336033394,2.7001184689015188e-12,0,0
L8_k480,3e-05,-10676.405800579994,8.068911775596032e-13,0,0
L8_k480,3e-05,-10677.703802065202,8.668457727178472e-13,0,0
L8_k480,3e-05,-10679.487307672718,3.790144470603652e-13,0,0
L8_k480,3e-05,-10680.275090375897,3.1647881114244584e-12,0,0
L8_k480,3e-05,-10681.466437963281,3.200231383717317e-13,0,0
L8_k480,3e-05,-10682.233475377097,1.1669225981817284e-13,0,0
L8_k480,3e-05,-10683.746730044057,6.408829959267957e-13,0,0
L8_k480,3e-05,-10684.77743924409,8.888564479807652e-14,0,0
L8_k480,3e-05,-10685.435565128924,9.592631688946534e-15,0,0
L8_k480,3e-05,-10686.57567096504,4.683908222773197e-15,0,0
L8_k480,3e-05,-10687.009298200908,5.920230028288506e-15,0,0
L8_k480,3e-05,-10687.928003223253,2.2701507137296235e-16,0,0
L8_k480,3e-05,-10688.730508264698,1.7795916067641563e-16,0,0
L8_k480,3e-05,-10689.92721376241,8.997958798164951e-18,0,0
L8_k480,3e-05,-10690.74557039197,4.9800952822752225e-17,0,0
L8_k480,3e-05,-10691.22200382284,9.010695098332868e-18,0,0
L8_k480,3e-05,-10691.53461237695,2.4232310924495826e-18,0,0
L8_k480,3e-05,-10692.587160521356,3.49799880506965e-21,0,0
L8_k480,3e-05,-10693.347087206535,1.874098192840071e-20,0,0
L8_k480,3e-05,-10693.810279571286,6.07662433559617e-22,0,0
L8_k480,3e-05,-10694.076635322348,8.61613775161582e-21,0,0
L8_k480,3e-05,-10694.526131314598,1.1409011210622156e-22,0,0
L8_k480,3e-05,-10694.745316963807,1.4555532115682237e-20,0,0
L8_k480,3e-05,-10696.455471746025,2.611757021347218e-25,0,0
L8_k480,3e-05,-10696.905828145418,3.0323453612780474e-30,0,0
L8_k480,3e-05,-10697.437071712751,1.9709680196457119e-25,0,0
L8_k480,3e-05,0.7041327600281875,0.00014897189499694504,1,1
L8_k480,3e-05,1.3647055149292342,6.203067222875152e-05,1,1
L8_k480,3e-05,1.810525367179963,4.800234122521284e-05,1,1
L8_k480,3e-05,3.343954939728796,4.5394125643244774e-08,1,1
L8_k480,3e-05,3.9890594010413665,1.239326395224053e-06,1,1
L8_k480,3e-05,4.08194699208773,3.6748307857259e-05,1,1
L8_k480,3e-05,4.230790216710801,1.6863628382077598e-06,1,1
L8_k480,3e-05,4.436107211996642,4.3641570739313874e-05,1,1
L8_k480,3e-05,4.824765259261348,5.8244705241474486e-05,1,1
L8_k480,3e-05,4.995272613567508,3.745667334298593e-06,1,1
L8_k480,3e-05,5.5626027254105,0.0002030830439752075,1,1
L8_k480,3e-05,6.4783747805219605,5.998187884862216e-06,1,1
L8_k480,3e-05,6.97446286718084,2.4832668918857024e-06,1,1
L8_k480,3e-05,7.556756220905918,1.5058576689170281e-05,1,1
L8_k480,3e-05,7.978045955790243,1.7133334494981135e-05,1,1
L8_k480,3e-05,8.43035758148276,3.0791779814507297e-06,1,1
L8_k480,3e-05,9.26469238834138,5.245664666988338e-06,1,1
L8_k480,3e-05,9.795885251857591,2.572547357049227e-06,1,1
L8_k480,3e-05,11.024485472292554,4.888397594322418e-07,1,1
L8_k480,3e-05,12.202294110888182,5.628441010755999e-06,1,1
L8_k480,3e-05,12.562326459183062,1.1836342887755192e-05,1,1
L8_k480,3e-05,13.845077977652473,4.7256324510188584e-07,1,1
L8_k480,3e-05,15.627130378779754,2.6291380000020906e-06,1,1
L8_k480,3e-05,16.70097818071774,1.5462966243176748e-06,1,1
L8_k480,3e-05,17.421672822838282,6.157761191012276e-06,1,1
L8_k480,3e-05,18.81395883807341,1.8483041680116707e-05,1,1
L8_k480,3e-05,19.780787975039367,0.00022402809900306644,1,1
L8_k480,3e-05,20.775781227599346,0.0002994555805066857,1,1
L8_k480,3e-05,22.295640447095224,4.6710149525662595e-05,1,1
L8_k480,3e-05,22.892675894920586,5.569559155695469e-05,1,1
L8_k480,3e-05,24.67888993700877,5.977670734348978e-06,1,1
L8_k480,3e-05,26.2462872272613,1.2594807344681297e-05,1,1
L8_k480,3e-05,27.238497736037125,1.2784583364707924e-05,1,1
L8_k480,3e-05,29.17259285107712,8.872379603601186e-06,1,1
L8_k480,3e-05,30.905972447779156,2.6887695767235305e-05,1,1
L8_k480,3e-05,32.74687564454303,4.451131790305231e-05,1,1
L8_k480,3e-05,33.57823937528644,2.875381772059014e-05,1,1
L8_k480,3e-05,34.87248746673319,1.2150364891678129e-05,1,1
L8_k480,3e-05,37.13226358878073,2.2224239035100998e-05,1,1
L8_k480,3e-05,38.03356965641048,2.0471323682981352e-05,1,1
L8_k480,3e-05,39.794292945657745,7.910914623121852e-06,1,1
L8_k480,3e-05,41.87142391978436,2.852332197831324e-06,1,1
L8_k480,3e-05,44.25443433803617,5.734805730486159e-06,1,1
L8_k480,3e-05,45.760633443812246,1.1951021132506484e-06,1,1
L8_k480,3e-05,47.06866048188631,3.4178821353547207e-07,1,1
L8_k480,3e-05,50.53269803566326,3.1609771938625655e-06,1,1
L8_k480,3e-05,51.3533395030526,1.2712482651657088e-05,1,1
L8_k480,3e-05,53.34804867001708,2.176986982741839e-06,1,1
L8_k480,3e-05,55.78212391668527,2.2846470521445322e-07,1,1
L8_k480,3e-05,57.80238410401103,1.4729986636699703e-07,1,1
L8_k480,3e-05,60.294534341452504,9.119129074140607e-09,1,1
L8_k480,3e-05,63.22739377639172,7.841271980006956e-07,1,1
L8_k480,3e-05,65.41520553356312,1.3215459467093987e-07,1,1
L8_k480,3e-05,67.60834665733199,2.1426334230370246e-07,1,1
L8_k480,3e-05,69.76781642111823,3.647490182835624e-08,1,1
L8_k480,3e-05,73.43942608010806,1.1793285475226404e-09,1,1
L8_k480,3e-05,80.43462987597269,0.0005277134092214821,1,1
L8_k480,3e-05,81.99880288505962,7.665362870774504e-05,1,1
L8_k480,3e-05,82.70877735856088,0.00023152013991548087,1,1
L8_k480,3e-05,84.5187477193436,2.9591968941638853e-05,1,1
L8_k480,3e-05,86.68915860908935,2.3972850985358088e-05,1,1
L8_k480,3e-05,88.75540787793756,4.1570611055235166e-06,1,1
L8_k480,3e-05,92.21522289598789,3.5659843452672206e-05,1,1
L8_k480,3e-05,94.77438018233646,7.701202142299428e-06,1,1
L8_k480,3e-05,97.3256986240319,4.961933047249819e-05,1,1
L8_k480,3e-05,98.96728826480654,1.6871658727025907e-05,1,1
L8_k480,3e-05,101.9584630146276,1.0997911670265588e-05,1,1
L8_k480,3e-05,103.97617072973196,4.784297648724564e-06,1,1
L8_k480,3e-05,106.8272611217207,4.953979008369007e-07,1,1
L8_k480,3e-05,109.78085528734427,5.854351661720573e-06,1,1
L8_k480,3e-05,111.9955560173668,1.926561837781024e-06,1,1
L8_k480,3e-05,114.81999090019016,2.4208239938269475e-07,1,1
L8_k480,3e-05,117.10313904884072,6.106716299441553e-08,1,1
L8_k480,3e-05,121.355710809052,8.20747163684328e-09,1,1
L8_k480,3e-05,126.98770629919011,2.250850365571422e-09,1,1
L8_k480,3e-05,129.1706161855387,4.577049738367931e-09,1,1
L8_k480,3e-05,132.66017323847512,8.905212463863863e-09,1,1
L8_k480,3e-05,135.28544154343933,4.005056131134703e-09,1,1
L8_k480,3e-05,139.58510827002553,1.1488174376771444e-08,1,1
L8_k480,3e-05,142.40406053341502,4.431351030606219e-09,1,1
L8_k480,3e-05,145.1578065909674,4.669698185352218e-10,1,1
L8_k480,3e-05,158.95050954047284,0.0006640728350928764,1,1
L8_k480,3e-05,159.42760321820816,0.0008516458896296184,1,1
L8_k480,3e-05,160.4194192395107,0.00012832468468876285,1,1
L8_k480,3e-05,161.7280510334052,0.00018085238382187287,1,1
L8_k480,3e-05,164.91081706885637,2.1607547212780603e-05,1,1
L8_k480,3e-05,168.02035099418404,1.177348585259004e-05,1,1
L8_k480,3e-05,170.9073379114664,0.00014048485326965393,1,1
L8_k480,3e-05,173.83957216512528,3.5937897238031124e-05,1,1
L8_k480,3e-05,176.2128322849696,4.327353438882908e-05,1,1
L8_k480,3e-05,178.7640303985839,7.88829170673292e-06,1,1
L8_k480,3e-05,182.9552936479224,8.383577590101906e-06,1,1
L8_k480,3e-05,186.60973578424503,2.9458678846116142e-05,1,1
L8_k480,3e-05,188.85523160421093,7.323740260782381e-06,1,1
L8_k480,3e-05,192.64972151642397,7.460000908292899e-07,1,1
L8_k480,3e-05,198.12069495377807,1.1627065200956248e-06,1,1
L8_k480,3e-05,201.81397937855243,5.334842689700626e-07,1,1
L8_k480,3e-05,206.94669518826092,1.448991349503531e-06,1,1
L8_k480,3e-05,208.4426240819524,1.3478221660920437e-05,1,1
L8_k480,3e-05,212.24564206269164,1.151318089607667e-05,1,1
L8_k480,3e-05,214.48549896786741,4.011327740568686e-06,1,1
L8_k480,3e-05,219.8500768294025,5.253961764630095e-07,1,1
L8_k480,3e-05,223.66760861812799,2.9058378003915497e-05,1,1
L8_k480,3e-05,225.7370999616916,1.0098576259119553e-05,1,1
L8_k480,3e-05,229.72214956584773,1.4833467446235204e-06,1,1
L8_k480,3e-05,235.034105571795,3.3546285682836255e-06,1,1
L8_k480,3e-05,237.23132872232526,1.990861728398124e-06,1,1
L8_k480,3e-05,240.47723875538028,2.5198560794247784e-06,1,1
L8_k480,3e-05,243.33574495721135,4.0059857753275937e-07,1,1
L8_k480,3e-05,249.22498821036018,7.934090535768239e-07,1,1
L8_k480,3e-05,251.93095726642252,1.3897027480141167e-06,1,1
L8_k480,3e-05,255.2983211830478,1.3189283943596714e-07,1,1
L8_k480,3e-05,262.5712295904312,5.120958141391389e-08,1,1
L8_k480,3e-05,269.3925554680827,1.4580953033977286e-05,1,1
L8_k480,3e-05,270.20091855475647,0.00010020467433905915,1,1
L8_k480,3e-05,273.4950644441878,5.890358979621991e-05,1,1
L8_k480,3e-05,275.50171165204887,5.358578376645763e-05,1,1
L8_k480,3e-05,279.0294756722486,6.58540488582695e-06,1,1
L8_k480,3e-05,282.25837395038246,2.1331277944088107e-05,1,1
L8_k480,3e-05,287.298871912626,0.0001120485187404426,1,1
L8_k480,3e-05,289.38576131662387,3.763183169639487e-05,1,1
L8_k480,3e-05,293.400436744828,5.330225924117935e-06,1,1
L8_k480,3e-05,298.4592767559782,5.967614284389458e-06,1,1
L8_k480,3e-05,300.1994731882176,1.5314180420687636e-05,1,1
L8_k480,3e-05,304.17275246789904,7.388066419751189e-06,1,1
L8_k480,3e-05,306.93600111229307,1.5786400616932469e-06,1,1
L8_k480,3e-05,312.31079074435553,1.06273363815188e-06,1,1
L8_k480,3e-05,316.5073699401811,2.390497669599333e-06,1,1
L8_k480,3e-05,320.7165648178415,4.2424224560079125e-06,1,1
L8_k480,3e-05,322.543886905634,2.125795522681942e-06,1,1
L8_k480,3e-05,326.87024171709555,1.5550167841555228e-07,1,1
L8_k480,3e-05,330.9366359769924,1.0145386349978007e-07,1,1
L8_k480,3e-05,333.6348146869407,1.5802041122895202e-07,1,1
L8_k480,3e-05,337.6411396403535,5.187590150068941e-08,1,1
L8_k480,3e-05,341.064527467601,5.341247732962532e-09,1,1
L8_k480,3e-05,350.8995199517436,1.1916122133679709e-08,1,1
L8_k480,3e-05,355.76420662110894,5.325726271821537e-05,1,1
L8_k480,3e-05,357.59549773280884,2.7886558416589804e-05,1,1
L8_k480,3e-05,358.9375911131144,1.1013112871975546e-05,1,1
L8_k480,3e-05,362.3572642456709,2.702898847450597e-06,1,1
L8_k480,3e-05,366.9123425391061,1.3168908427652075e-06,1,1
L8_k480,3e-05,369.8839436826823,6.722995732985023e-06,1,1
L8_k480,3e-05,372.99208262105475,2.380393281806302e-06,1,1
L8_k480,3e-05,375.2951295446061,1.0834030586974727e-06,1,1
L8_k480,3e-05,378.57702636647963,4.381614984721528e-08,1,1
L8_k480,3e-05,384.6142309364693,4.460503313637659e-07,1,1
L8_k480,3e-05,386.829339712226,1.8443350751254843e-07,1,1
L8_k480,3e-05,390.207793730939,1.0018331783772985e-08,1,1
L8_k480,3e-05,394.2245060220047,8.180807600977156e-10,1,1
L8_k480,3e-05,399.195036407357,3.009475712585189e-10,1,1
L8_k480,3e-05,403.72174035839373,4.892028178796604e-10,1,1
L8_k480,3e-05,409.9168963984368,1.451509973220124e-10,1,1
L8_k480,3e-05,416.78589964949145,1.1348351911583833e-06,1,1
L8_k480,3e-05,417.4610722548014,7.09969719816567e-05,1,1
L8_k480,3e-05,419.38489115531945,2.0155686543247866e-05,1,1
L8_k480,3e-05,422.3705135577325,2.11767956380681e-06,1,1
L8_k480,3e-05,424.7339271488406,1.0302534563097928e-06,1,1
L8_k480,3e-05,429.13885804022476,6.743862744144726e-06,1,1
L8_k480,3e-05,431.4975824249051,1.880530803247786e-06,1,1
L8_k480,3e-05,433.97750831743735,2.8676708135191723e-06,1,1
L8_k480,3e-05,436.38593961182363,8.015062980052744e-07,1,1
L8_k480,3e-05,441.5418091538393,1.1444426114789563e-07,1,1
L8_k480,3e-05,444.2003612834878,7.746304013389691e-07,1,1
L8_k480,3e-05,446.16647741665616,9.159943994682702e-07,1,1
L8_k480,3e-05,448.44716980658654,1.9864762684237865e-07,1,1
L8_k480,3e-05,451.5663568827529,3.5472730732192726e-08,1,1
L8_k480,3e-05,455.44507409406,3.752524335302278e-09,1,1
L8_k480,3e-05,458.56027035943305,6.142920014673875e-08,1,1
L8_k480,3e-05,460.9412477890169,1.5175899199858854e-08,1,1
L8_k480,3e-05,463.2635587147326,1.255999142325895e-08,1,1
L8_k480,3e-05,465.4512994031646,2.795728967853114e-09,1,1
L8_k480,3e-05,468.6209321861185,1.0114373737670723e-10,1,1
L8_k480,3e-05,474.6422628875035,1.7745423042183585e-11,1,1
L8_k480,3e-05,476.2065404429978,2.248369424095067e-09,1,1
L8_k480,3e-05,478.12149736688906,4.979374454061695e-10,1,1
L8_k480,3e-05,480.4681952003504,2.4707411210156666e-11,1,1
L8_k480,3e-05,482.5993787090967,1.1930746085440247e-11,1,1
L8_k480,3e-05,484.7426246925941,1.4228608331621616e-12,1,1
L8_k480,3e-05,486.8061780763432,2.010749844056589e-14,1,1
L8_k480,3e-05,489.2291097138424,3.3847648036494154e-15,1,1
L8_k480,3e-05,490.94108829039266,4.2400974480152935e-18,1,1
L8_k480,3e-05,528.8218030978695,8.163692422220183e-07,1,1
L8_k480,3e-05,530.7130865838885,6.3728631234615425e-09,1,1
L8_k480,3e-05,531.0628742551313,1.675634095743291e-07,1,1
L8_k480,3e-05,531.2297953390962,2.2250624751135875e-08,1,1
L8_k480,3e-05,532.9158014271983,3.1636884144998895e-08,1,1
L8_k480,3e-05,533.2668712086072,4.6279768990949344e-07,1,1
L8_k480,3e-05,535.3147748794826,1.7162091402665658e-07,1,1
L8_k480,3e-05,537.5465625801772,7.915105041244569e-09,1,1
L8_k480,3e-05,539.5458795151102,5.332955908223551e-09,1,1
L8_k480,3e-05,541.3400489218641,5.052217804988731e-09,1,1
L8_k480,3e-05,542.2638798201398,1.0365035196743553e-07,1,1
L8_k480,3e-05,545.3084449698957,5.949144237615546e-07,1,1
L8_k480,3e-05,546.377215918412,7.910417445619702e-08,1,1
L8_k480,3e-05,547.3221514696514,2.1969007452832521e-07,1,1
L8_k480,3e-05,549.4974565872111,2.712361849664949e-08,1,1
L8_k480,3e-05,551.4926181046394,1.9192326250354834e-08,1,1
L8_k480,3e-05,553.20684628146,3.3741297926531524e-09,1,1
L8_k480,3e-05,554.5723586896995,1.3219390094578375e-09,1,1
L8_k480,3e-05,558.115612841474,7.872416118245561e-08,1,1
L8_k480,3e-05,559.1735735570218,1.871280317005838e-09,1,1
L8_k480,3e-05,560.4866489427898,1.216791676979573e-08,1,1
L8_k480,3e-05,562.5755445690669,2.3756051864725005e-08,1,1
L8_k480,3e-05,564.53480205794,6.978536791320083e-09,1,1
L8_k480,3e-05,565.778968177928,4.96221775203332e-10,1,1
L8_k480,3e-05,567.3671515146037,1.57090117679832e-10,1,1
L8_k480,3e-05,569.19564657335,9.803294296181938e-11,1,1
L8_k480,3e-05,571.7492755352588,1.3979004789765586e-09,1,1
L8_k480,3e-05,573.1942216119919,6.273993871859387e-11,1,1
L8_k480,3e-05,574.5970491462716,6.624821694722386e-09,1,1
L8_k480,3e-05,576.4438850523135,2.113754391680826e-09,1,1
L8_k480,3e-05,577.2362411762274,1.2091407714851518e-10,1,1
L8_k480,3e-05,578.7693186812559,1.3499770122834585e-10,1,1
L8_k480,3e-05,579.9717406960597,2.625421833005974e-11,1,1
L8_k480,3e-05,580.9784656445413,7.000806477473221e-11,1,1
L8_k480,3e-05,583.0281911273995,9.507014406520327e-12,1,1
L8_k480,3e-05,583.6408120993362,3.3887870524736504e-13,1,1
L8_k480,3e-05,585.2965563367666,1.0162286810600724e-13,1,1
L8_k480,3e-05,587.4210386177327,1.4065793604888674e-10,1,1
L8_k480,3e-05,589.5599498563564,1.1315213350149996e-12,1,1
L8_k480,3e-05,589.7394454393751,1.586314540511662e-11,1,1
L8_k480,3e-05,591.403587713367,6.527815122166628e-13,1,1
L8_k480,3e-05,591.838954359338,2.1928518997676592e-11,1,1
L8_k480,3e-05,593.1804119360274,1.7510795519274543e-14,1,1
L8_k480,3e-05,593.8803996503731,4.381997747930351e-12,1,1
L8_k480,3e-05,594.1611132462634,7.852173411215531e-14,1,1
L8_k480,3e-05,595.7789760493215,3.8456369773672285e-15,1,1
L8_k480,3e-05,596.2132272339101,9.133767174065677e-14,1,1
L8_k480,3e-05,596.4287396055103,1.7779159292778016e-15,1,1
L8_k480,3e-05,597.8492104337863,7.896117073375251e-16,1,1
L8_k480,3e-05,598.2783434617559,2.3141652284267014e-14,1,1
L8_k480,3e-05,598.3261890640866,1.4107865590894174e-14,1,1
L8_k480,3e-05,600.1586359454208,8.953422734535283e-18,1,1
L8_k480,3e-05,600.340434059713,2.0497689536688224e-15,1,1
L8_k480,3e-05,600.6594723791593,8.606015636715868e-18,1,1
L8_k480,3e-05,600.7480473193075,4.2971091661784965e-18,1,1
L8_k480,3e-05,602.5047519181528,3.696923259450447e-19,1,1
L8_k480,3e-05,602.6584142195429,1.0498967254558866e-17,1,1
L8_k480,3e-05,602.7206633944452,6.369175890076632e-19,1,1
L8_k480,3e-05,605.003168285735,9.405231685745871e-23,1,1
L8_k480,3e-05,10093.628715601124,0.04117053739783999,1,1
L8_k480,3e-05,10094.388286135223,0.046934505315706254,1,1
L8_k480,3e-05,10094.441072079646,8.271798936857397e-06,1,1
L8_k480,3e-05,10095.724975710344,0.027907423861051328,1,1
L8_k480,3e-05,10096.030877902667,0.0001862119493711578,1,1
L8_k480,3e-05,10096.36549989329,0.025126076326517734,1,1
L8_k480,3e-05,10096.61503526018,0.003017682208658775,1,1
L8_k480,3e-05,10096.675037759022,0.00044817797732166046,1,1
L8_k480,3e-05,10098.016610707096,0.0010893059504871422,1,1
L8_k480,3e-05,10098.135659437066,0.0004942398907304828,1,1
L8_k480,3e-05,10098.651094252069,0.0005215370216910418,1,1
L8_k480,3e-05,10098.864598616161,0.0021901077640095116,1,1
L8_k480,3e-05,10100.161851081564,0.0020579647317887314,1,1
L8_k480,3e-05,10100.741065934908,0.001006928659168718,1,1
L8_k480,3e-05,10100.797019561007,0.0016093682674532405,1,1
L8_k480,3e-05,10102.252510552735,0.0004572503451092766,1,1
L8_k480,3e-05,10102.780491269552,0.00047735557676375107,1,1
L8_k480,3e-05,10103.385443478668,9.224349633187204e-06,1,1
L8_k480,3e-05,10104.86585521838,1.4742560910405927e-05,1,1
L8_k480,3e-05,10106.627158555018,0.005394782726978952,1,1
L8_k480,3e-05,10107.068470398375,0.00889930988881154,1,1
L8_k480,3e-05,10107.41278529129,0.0005782082052616773,1,1
L8_k480,3e-05,10108.835471436158,0.002740864305482615,1,1
L8_k480,3e-05,10109.717832322056,0.008994041680824865,1,1
L8_k480,3e-05,10111.219909352856,0.004561467544023648,1,1
L8_k480,3e-05,10111.799306047611,0.002755488725142569,1,1
L8_k480,3e-05,10113.351169813377,0.0026752066361644,1,1
L8_k480,3e-05,10114.113702909375,0.002788823403469086,1,1
L8_k480,3e-05,10116.103962539322,0.001053597067489011,1,1
L8_k480,3e-05,10116.746786565765,0.00010091886210763943,1,1
L8_k480,3e-05,10118.390007539687,5.930983407150199e-05,1,1
L8_k480,3e-05,10120.56984620112,3.179570621244579e-05,1,1
L8_k480,3e-05,10123.01086522475,0.0025524303542799266,1,1
L8_k480,3e-05,10123.630045169366,0.002646579153853708,1,1
L8_k480,3e-05,10125.280892586803,0.0023679906939745032,1,1
L8_k480,3e-05,10126.137205511332,0.0004124217002435838,1,1
L8_k480,3e-05,10128.094232933274,0.00020159742085256588,1,1
L8_k480,3e-05,10129.760114621304,0.0001279310551468511,1,1
L8_k480,3e-05,10131.743878960588,2.3700031255332134e-05,1,1
L8_k480,3e-05,10133.3218090634,4.90959234406393e-06,1,1
L8_k480,3e-05,10136.067680326423,0.000222062913955424,1,1
L8_k480,3e-05,10137.653585297694,3.181113920175259e-05,1,1
L8_k480,3e-05,10139.106848814088,9.564167006916683e-05,1,1
L8_k480,3e-05,10140.69256230752,6.472428187015509e-05,1,1
L8_k480,3e-05,10142.794260198989,2.7120297121067937e-05,1,1
L8_k480,3e-05,10144.054686638741,7.590817781983109e-06,1,1
L8_k480,3e-05,10145.832564196591,3.845905051691488e-06,1,1
L8_k480,3e-05,10148.64758284747,1.5619667509200077e-07,1,1
L8_k480,3e-05,10152.305180767053,5.525395956854771e-06,1,1
L8_k480,3e-05,10152.7851156846,9.531402070803052e-06,1,1
L8_k480,3e-05,10154.698728461037,5.2554961702105065e-06,1,1
L8_k480,3e-05,10156.618506246805,2.8606127815520395e-07,1,1
L8_k480,3e-05,10158.272768320412,1.0746413078438996e-07,1,1
L8_k480,3e-05,10159.305185784367,9.993441153239947e-08,1,1
L8_k480,3e-05,10161.252148179892,1.3771946521522676e-08,1,1
L8_k480,3e-05,10163.503691657172,1.955008109301228e-10,1,1
L8_k480,3e-05,10165.543370707286,3.559166059765542e-11,1,1
L8_k480,3e-05,10167.594611975977,1.5478559276307492e-14,1,1
L8_k480,3e-05,10176.720429802366,4.0878887882279414e-22,1,1
L8_k480,3e-05,10204.980449414328,0.000564592996480493,1,1
L8_k480,3e-05,10205.430420212959,0.0011765948510141532,1,1
L8_k480,3e-05,10207.133915127246,0.00035544330992466974,1,1
L8_k480,3e-05,10207.993892927449,9.428712140262103e-05,1,1
L8_k480,3e-05,10209.59527773577,0.0012477541556167146,1,1
L8_k480,3e-05,10210.907018290329,0.0003079752348119557,1,1
L8_k480,3e-05,10211.982452353821,0.00047729572962655435,1,1
L8_k480,3e-05,10214.88071053007,3.442178176989515e-05,1,1
L8_k480,3e-05,10217.065131005831,1.4085356967792197e-05,1,1
L8_k480,3e-05,10221.656232190371,9.884954583884296e-05,1,1
L8_k480,3e-05,10223.110592053648,0.0035894384240385694,1,1
L8_k480,3e-05,10225.129354133252,0.0023799449810601547,1,1
L8_k480,3e-05,10227.832596837401,0.0002509603341671425,1,1
L8_k480,3e-05,10230.086481061464,0.0001624289228264877,1,1
L8_k480,3e-05,10234.479538958696,5.1622138128530655e-05,1,1
L8_k480,3e-05,10236.700759311569,0.0006190314304377454,1,1
L8_k480,3e-05,10239.03238032853,0.00043978100409324385,1,1
L8_k480,3e-05,10241.741563882766,0.0002719161859361537,1,1
L8_k480,3e-05,10244.145617011342,7.078305649184502e-05,1,1
L8_k480,3e-05,10248.58255423687,4.440848448268217e-06,1,1
L8_k480,3e-05,10252.131908677866,0.00015265851451240145,1,1
L8_k480,3e-05,10254.25271576708,5.926100192358658e-05,1,1
L8_k480,3e-05,10258.194818596703,3.6508865476853298e-06,1,1
L8_k480,3e-05,10263.877208841193,3.0534466928396937e-06,1,1
L8_k480,3e-05,10268.120555258967,0.00290311970698604,1,1
L8_k480,3e-05,10270.7448799235,0.0009130051741635823,1,1
L8_k480,3e-05,10272.793554647462,0.001903772804791294,1,1
L8_k480,3e-05,10274.989528257196,0.0005448127188627315,1,1
L8_k480,3e-05,10280.349057762915,6.363265918843449e-05,1,1
L8_k480,3e-05,10283.29449222156,0.002546284983658762,1,1
L8_k480,3e-05,10285.44374125605,0.0028014413162124933,1,1
L8_k480,3e-05,10288.3610291393,0.00048141960062192776,1,1
L8_k480,3e-05,10291.690451221682,9.481748557200342e-05,1,1
L8_k480,3e-05,10296.778351345418,0.0005796726620064449,1,1
L8_k480,3e-05,10300.11563611217,0.00019024219142071554,1,1
L8_k480,3e-05,10302.305208574862,0.00014218688695254812,1,1
L8_k480,3e-05,10305.122580836263,1.1666206851784318e-05,1,1
L8_k480,3e-05,10311.858081843393,6.491593417342587e-05,1,1
L8_k480,3e-05,10314.069553480762,5.558792440626097e-05,1,1
L8_k480,3e-05,10317.356553563377,5.610679864794263e-06,1,1
L8_k480,3e-05,10321.764692331826,7.158557733453967e-07,1,1
L8_k480,3e-05,10325.904097714878,2.5627283795970144e-06,1,1
L8_k480,3e-05,10330.836489654557,6.722833862117741e-06,1,1
L8_k480,3e-05,10334.78403792625,5.63991498539173e-06,1,1
L8_k480,3e-05,10337.236800024773,3.027309018908157e-06,1,1
L8_k480,3e-05,10343.810463610565,2.0127834385792983e-07,1,1
L8_k480,3e-05,10348.98398803532,2.2743536897619634e-05,1,1
L8_k480,3e-05,10352.328181283192,0.004858705707425075,1,1
L8_k480,3e-05,10354.405122449758,0.0032985205315222343,1,1
L8_k480,3e-05,10357.401231634927,0.0003882360555733088,1,1
L8_k480,3e-05,10359.938787295347,0.00016645291109555651,1,1
L8_k480,3e-05,10365.061925763104,0.0007127905922532308,1,1
L8_k480,3e-05,10368.636632565052,0.0008716907277802509,1,1
L8_k480,3e-05,10371.380905355867,0.0003194786150468172,1,1
L8_k480,3e-05,10374.263840083075,0.00013756495532305107,1,1
L8_k480,3e-05,10379.609382134267,2.456837849254715e-05,1,1
L8_k480,3e-05,10381.96622607808,0.0002783758069119869,1,1
L8_k480,3e-05,10384.356525907371,8.174141219493224e-05,1,1
L8_k480,3e-05,10388.458827473716,7.763887422429605e-06,1,1
L8_k480,3e-05,10393.939440477678,8.605826435767307e-06,1,1
L8_k480,3e-05,10398.593873053584,8.072918289440632e-06,1,1
L8_k480,3e-05,10401.197227478366,2.546191891300387e-06,1,1
L8_k480,3e-05,10404.928529832267,1.1487683392376255e-06,1,1
L8_k480,3e-05,10411.520660367294,6.248790883717936e-07,1,1
L8_k480,3e-05,10418.076639384657,0.001432400674178828,1,1
L8_k480,3e-05,10419.778531364711,0.0009674648747307346,1,1
L8_k480,3e-05,10421.343021838778,0.0002848721072213111,1,1
L8_k480,3e-05,10424.707121037574,9.97225212826888e-05,1,1
L8_k480,3e-05,10430.014895975075,0.00017845386998973078,1,1
L8_k480,3e-05,10432.794986547266,0.00016600968001258831,1,1
L8_k480,3e-05,10435.505439565011,0.00011965317485426853,1,1
L8_k480,3e-05,10438.190890781814,4.1115636432314756e-05,1,1
L8_k480,3e-05,10443.720988767725,5.0929358989423745e-06,1,1
L8_k480,3e-05,10446.183040312986,7.216953526024049e-05,1,1
L8_k480,3e-05,10448.526475789387,1.750511210004605e-05,1,1
L8_k480,3e-05,10452.635977658312,1.5372753373699504e-06,1,1
L8_k480,3e-05,10457.902183657374,2.038107236988509e-06,1,1
L8_k480,3e-05,10461.500420294782,1.9403136144518996e-06,1,1
L8_k480,3e-05,10465.25471131492,1.1297877258522873e-06,1,1
L8_k480,3e-05,10468.221950623183,7.291066444759892e-07,1,1
L8_k480,3e-05,10473.318581813604,3.160313621918532e-07,1,1
L8_k480,3e-05,10477.460376995034,1.4348660365737789e-07,1,1
L8_k480,3e-05,10480.686292403398,3.692850845725997e-06,1,1
L8_k480,3e-05,10483.493803258492,5.506404160633557e-06,1,1
L8_k480,3e-05,10486.259388300345,1.3178399127665985e-06,1,1
L8_k480,3e-05,10489.5549341894,1.211405677553626e-07,1,1
L8_k480,3e-05,10495.046887181588,3.7664233051037626e-07,1,1
L8_k480,3e-05,10498.394156241815,5.695304324416078e-07,1,1
L8_k480,3e-05,10500.857692554346,2.5980643970245966e-07,1,1
L8_k480,3e-05,10504.018667702263,1.0576576386203392e-07,1,1
L8_k480,3e-05,10509.206271407422,3.841803973634854e-08,1,1
L8_k480,3e-05,10511.536602950553,8.778229685935001e-08,1,1
L8_k480,3e-05,10514.215120197636,5.024806912742236e-08,1,1
L8_k480,3e-05,10516.811350214495,1.6262476083224332e-08,1,1
L8_k480,3e-05,10520.503141572415,1.3127022426296097e-09,1,1
L8_k480,3e-05,10525.417427761246,7.70785913598034e-11,1,1
L8_k480,3e-05,10528.804609661645,2.070116490052433e-11,1,1
L8_k480,3e-05,10541.702764863767,8.057328400495614e-07,1,1
L8_k480,3e-05,10543.049814430862,2.2863700379372964e-07,1,1
L8_k480,3e-05,10544.960962815392,1.721553706775244e-07,1,1
L8_k480,3e-05,10546.346049098875,6.417186127486471e-07,1,1
L8_k480,3e-05,10548.70782410981,1.646161191400828e-07,1,1
L8_k480,3e-05,10553.079694993638,1.3717957559732378e-07,1,1
L8_k480,3e-05,10554.889428117745,3.507512714511167e-08,1,1
L8_k480,3e-05,10559.259506411816,6.636162061869763e-07,1,1
L8_k480,3e-05,10560.891520993371,2.582349446693182e-07,1,1
L8_k480,3e-05,10563.351628962635,4.512589037780806e-08,1,1
L8_k480,3e-05,10566.486234147033,2.867686192179742e-08,1,1
L8_k480,3e-05,10570.880581202453,7.350156149814918e-08,1,1
L8_k480,3e-05,10572.374750163819,5.5248632301945655e-08,1,1
L8_k480,3e-05,10575.855525344292,3.933019031512512e-08,1,1
L8_k480,3e-05,10578.040572333217,1.3883798956001478e-08,1,1
L8_k480,3e-05,10580.567933892817,1.8333880961551862e-09,1,1
L8_k480,3e-05,10583.729594291684,1.707335361584232e-09,1,1
L8_k480,3e-05,10588.727454986276,1.3680932773089628e-08,1,1
L8_k480,3e-05,10590.286869115753,4.1917742722685115e-09,1,1
L8_k480,3e-05,10592.310126027414,6.324354567806948e-10,1,1
L8_k480,3e-05,10595.327471762297,1.4313042192243522e-10,1,1
L8_k480,3e-05,10600.780113250165,2.4037832828973735e-10,1,1
L8_k480,3e-05,10601.702591276342,1.494045429316646e-10,1,1
L8_k480,3e-05,10604.874278383317,7.387197442692653e-11,1,1
L8_k480,3e-05,10606.775001609392,2.50523448162976e-11,1,1
L8_k480,3e-05,10609.329047158153,1.3211631758820288e-12,1,1
L8_k480,3e-05,10615.33727734887,2.449199732365821e-13,1,1
L8_k480,3e-05,10618.241430379288,3.162121939649553e-10,1,1
L8_k480,3e-05,10620.320548550952,5.085616504433032e-10,1,1
L8_k480,3e-05,10622.09704586813,1.2318026941534166e-10,1,1
L8_k480,3e-05,10624.62410709339,1.3606609019352879e-10,1,1
L8_k480,3e-05,10627.00365741727,3.8682010657767773e-11,1,1
L8_k480,3e-05,10629.766565889273,8.54008972039719e-10,1,1
L8_k480,3e-05,10632.155714573037,2.2143513923324493e-10,1,1
L8_k480,3e-05,10634.805404057619,1.0648282710794255e-09,1,1
L8_k480,3e-05,10636.99433376497,1.0958190299504927e-09,1,1
L8_k480,3e-05,10638.777547980588,2.7885589281827497e-10,1,1
L8_k480,3e-05,10641.019506450508,3.663648003624021e-10,1,1
L8_k480,3e-05,10642.510075691438,3.4529086522067093e-10,1,1
L8_k480,3e-05,10644.440984092398,1.5409264101679296e-10,1,1
L8_k480,3e-05,10647.722749642153,2.0603464993198982e-10,1,1
L8_k480,3e-05,10648.624216491258,6.357544975752618e-10,1,1
L8_k480,3e-05,10650.592016442113,2.742154584546422e-10,1,1
L8_k480,3e-05,10652.132686121446,4.6375182320892805e-11,1,1
L8_k480,3e-05,10654.933013627471,3.402922562847175e-11,1,1
L8_k480,3e-05,10656.060418676727,1.0720492875188271e-10,1,1
L8_k480,3e-05,10658.305837630744,4.109694411402412e-11,1,1
L8_k480,3e-05,10660.059284751136,6.688028254745897e-11,1,1
L8_k480,3e-05,10662.14804692884,1.5987562112036334e-11,1,1
L8_k480,3e-05,10663.59068064161,2.9966537466763434e-12,1,1
L8_k480,3e-05,10665.577915393536,4.2516107670299755e-11,1,1
L8_k480,3e-05,10666.946771944571,1.1570028790314336e-11,1,1
L8_k480,3e-05,10668.492812723334,4.0261433423197407e-11,1,1
L8_k480,3e-05,10669.816908982892,3.014983056305513e-11,1,1
L8_k480,3e-05,10671.060038696825,7.38236880163842e-12,1,1
L8_k480,3e-05,10672.799483522875,9.780239246404651e-12,1,1
L8_k480,3e-05,10673.678124909415,1.969151882301591e-11,1,1
L8_k480,3e-05,10675.669258468823,2.6997525199610446e-12,1,1
L8_k480,3e-05,10676.405571642861,8.072661420369514e-13,1,1
L8_k480,3e-05,10677.703770011896,8.668835179414736e-13,1,1
L8_k480,3e-05,10679.487249929329,3.789801807625457e-13,1,1
L8_k480,3e-05,10680.275083136032,3.1648189724852745e-12,1,1
L8_k480,3e-05,10681.466404815523,3.2002195010496066e-13,1,1
L8_k480,3e-05,10682.233441566159,1.167030833681094e-13,1,1
L8_k480,3e-05,10683.746728938353,6.408827979497581e-13,1,1
L8_k480,3e-05,10684.77742855117,8.88848460284174e-14,1,1
L8_k480,3e-05,10685.435506398631,9.593988821633728e-15,1,1
L8_k480,3e-05,10686.57560785816,4.683281313716381e-15,1,1
L8_k480,3e-05,10687.009270786146,5.921016064672886e-15,1,1
L8_k480,3e-05,10687.92796680387,2.270355679545843e-16,1,1
L8_k480,3e-05,10688.730503916984,1.7796191424251622e-16,1,1
L8_k480,3e-05,10689.927206145156,8.997983927894583e-18,1,1
L8_k480,3e-05,10690.7455690557,4.980085577360034e-17,1,1
L8_k480,3e-05,10691.221997349,9.010738284517598e-18,1,1
L8_k480,3e-05,10691.534607952251,2.4233422945899215e-18,1,1
L8_k480,3e-05,10692.587153211065,3.4981496189858346e-21,1,1
L8_k480,3e-05,10693.347086738944,1.874056657024448e-20,1,1
L8_k480,3e-05,10693.810275502266,6.077199938365332e-22,1,1
L8_k480,3e-05,10694.076635234147,8.616566425135987e-21,1,1
L8_k480,3e-05,10694.526131098948,1.1409210023327332e-22,1,1
L8_k480,3e-05,10694.745316963708,1.4555406990246255e-20,1,1
L8_k480,3e-05,10696.455471746025,2.5953416924821043e-25,1,1
L8_k480,3e-05,10696.905827930575,2.102396836376705e-30,1,1
L8_k480,3e-05,10697.437071712759,1.9770620174406738e-25,1,1
L8_k480,3e-05,-0.7041327600304754,0.00014897189499720202,1,0
L8_k480,3e-05,-1.3647055149298524,6.203067222857504e-05,1,0
L8_k480,3e-05,-1.810525367181036,4.800234122575894e-05,1,0
L8_k480,3e-05,-3.3439549397277446,4.539412564885843e-08,1,0
L8_k480,3e-05,-3.989059214558459,1.2393164282711835e-06,1,0
L8_k480,3e-05,-4.081946928601965,3.6748290182396186e-05,1,0
L8_k480,3e-05,-4.230787085017091,1.6863623592689296e-06,1,0
L8_k480,3e-05,-4.436107104771217,4.364158896483053e-05,1,0
L8_k480,3e-05,-4.824765084298178,5.824462603808692e-05,1,0
L8_k480,3e-05,-4.995270507004562,3.7457542085899886e-06,1,0
L8_k480,3e-05,-5.562602721636878,0.00020308304550531643,1,0
L8_k480,3e-05,-6.478374146633151,5.998168218041286e-06,1,0
L8_k480,3e-05,-6.974453481113358,2.4832112952746862e-06,1,0
L8_k480,3e-05,-7.556747974134602,1.5058120699058306e-05,1,0
L8_k480,3e-05,-7.978031161558,1.7133363976542587e-05,1,0
L8_k480,3e-05,-8.430315503643207,3.079618545962061e-06,1,0
L8_k480,3e-05,-9.264682378472543,5.24563103722866e-06,1,0
L8_k480,3e-05,-9.79587546723399,2.5726377005596958e-06,1,0
L8_k480,3e-05,-11.024472379881153,4.888374324636433e-07,1,0
L8_k480,3e-05,-12.202285518940862,5.628210637093497e-06,1,0
L8_k480,3e-05,-12.562322482556652,1.1836574913036807e-05,1,0
L8_k480,3e-05,-13.845067981357431,4.7256685168100413e-07,1,0
L8_k480,3e-05,-15.627123588539483,2.62909708579285e-06,1,0
L8_k480,3e-05,-16.700871911935337,1.5459196395032008e-06,1,0
L8_k480,3e-05,-17.421628841549186,6.158021227141404e-06,1,0
L8_k480,3e-05,-18.81393364554294,1.84823724927053e-05,1,0
L8_k480,3e-05,-19.780783339369727,0.0002240277630581666,1,0
L8_k480,3e-05,-20.775778067427105,0.000299456217953839,1,0
L8_k480,3e-05,-22.2955921820068,4.670483854275903e-05,1,0
L8_k480,3e-05,-22.89264189470574,5.5701206585694204e-05,1,0
L8_k480,3e-05,-24.678829584101663,5.977633419950751e-06,1,0
L8_k480,3e-05,-26.2462329618159,1.2594166039734321e-05,1,0
L8_k480,3e-05,-27.238453224332645,1.2785352609583452e-05,1,0
L8_k480,3e-05,-29.172561479991206,8.872310914167409e-06,1,0
L8_k480,3e-05,-30.905952664540575,2.6887418825250088e-05,1,0
L8_k480,3e-05,-32.74678395290892,4.4502193724396905e-05,1,0
L8_k480,3e-05,-33.57800580149399,2.8760391669297956e-05,1,0
L8_k480,3e-05,-34.87230925131226,1.2152933373437896e-05,1,0
L8_k480,3e-05,-37.13214996887413,2.2220294275662846e-05,1,0
L8_k480,3e-05,-38.03344920982426,2.047526255182503e-05,1,0
L8_k480,3e-05,-39.79423593008762,7.911272423995146e-06,1,0
L8_k480,3e-05,-41.87136700310174,2.8523842173097238e-06,1,0
L8_k480,3e-05,-44.25439237042997,5.734616262081075e-06,1,0
L8_k480,3e-05,-45.76029546445909,1.1950823202751358e-06,1,0
L8_k480,3e-05,-47.068177437604916,3.420414662637917e-07,1,0
L8_k480,3e-05,-50.5326125319888,3.160343602074287e-06,1,0
L8_k480,3e-05,-51.353312472976654,1.2713078343735188e-05,1,0
L8_k480,3e-05,-53.34802394437416,2.1770269055101202e-06,1,0
L8_k480,3e-05,-55.78203547292945,2.2846725516836424e-07,1,0
L8_k480,3e-05,-57.80231414095131,1.4730567819853947e-07,1,0
L8_k480,3e-05,-60.294136112416545,9.120482392244788e-09,1,0
L8_k480,3e-05,-63.22738990350678,7.841263519071496e-07,1,0
L8_k480,3e-05,-65.41517840056284,1.3215486091524123e-07,1,0
L8_k480,3e-05,-67.60833578411629,2.1426410739494733e-07,1,0
L8_k480,3e-05,-69.76779783898138,3.647552011268394e-08,1,0
L8_k480,3e-05,-73.43933148115838,1.1793614222154145e-09,1,0
L8_k480,3e-05,-80.43462972769628,0.0005277131780481439,1,0
L8_k480,3e-05,-81.99873941110516,7.66385237906256e-05,1,0
L8_k480,3e-05,-82.70874105345004,0.00023153337453503557,1,0
L8_k480,3e-05,-84.51865677034398,2.9593226321067528e-05,1,0
L8_k480,3e-05,-86.689097116093,2.3973158952834028e-05,1,0
L8_k480,3e-05,-88.7552542368662,4.157507939564108e-06,1,0
L8_k480,3e-05,-92.2152107580753,3.5659681369050644e-05,1,0
L8_k480,3e-05,-94.77425817740419,7.700930474175925e-06,1,0
L8_k480,3e-05,-97.32564790079213,4.961773698544472e-05,1,0
L8_k480,3e-05,-98.96715057717137,1.6873393099312242e-05,1,0
L8_k480,3e-05,-101.95834826807209,1.0997616820758732e-05,1,0
L8_k480,3e-05,-103.97598382723508,4.784816032334034e-06,1,0
L8_k480,3e-05,-106.8266170907188,4.95476546219121e-07,1,0
L8_k480,3e-05,-109.78081491168354,5.854329038367989e-06,1,0
L8_k480,3e-05,-111.99548110624366,1.9266393355944125e-06,1,0
L8_k480,3e-05,-114.81980304791105,2.42096436871413e-07,1,0
L8_k480,3e-05,-117.10297602789055,6.107791862231535e-08,1,0
L8_k480,3e-05,-121.35563383555416,8.207740337474003e-09,1,0
L8_k480,3e-05,-126.98719110889411,2.2498760955547005e-09,1,0
L8_k480,3e-05,-129.1701700232203,4.577642664255587e-09,1,0
L8_k480,3e-05,-132.65998216546447,8.90498238769081e-09,1,0
L8_k480,3e-05,-135.28516709799868,4.005597901624186e-09,1,0
L8_k480,3e-05,-139.5850517664793,1.148803163797848e-08,1,0
L8_k480,3e-05,-142.40392821154967,4.431497905461549e-09,1,0
L8_k480,3e-05,-145.1575255744453,4.670912539057734e-10,1,0
L8_k480,3e-05,-158.95037422936704,0.0006634411702828755,1,0
L8_k480,3e-05,-159.42710845124427,0.0008518373152863746,1,0
L8_k480,3e-05,-160.41665505731865,0.00012860167075808327,1,0
L8_k480,3e-05,-161.7275226675561,0.00018100990103454354,1,0
L8_k480,3e-05,-164.9101989916526,2.160954076551726e-05,1,0
L8_k480,3e-05,-168.01925326835433,1.1772109969206662e-05,1,0
L8_k480,3e-05,-170.9072207216005,0.0001404837029006394,1,0
L8_k480,3e-05,-173.83893694000713,3.5933341308159066e-05,1,0
L8_k480,3e-05,-176.2123743174912,4.3279553100074506e-05,1,0
L8_k480,3e-05,-178.7632691600395,7.892640416907529e-06,1,0
L8_k480,3e-05,-182.95511023001526,8.38362875335959e-06,1,0
L8_k480,3e-05,-186.60966793437353,2.9458079328824818e-05,1,0
L8_k480,3e-05,-188.85506169944279,7.324648049289263e-06,1,0
L8_k480,3e-05,-192.6494837044633,7.460839299276376e-07,1,0
L8_k480,3e-05,-198.12060540387156,1.1626795903034766e-06,1,0
L8_k480,3e-05,-201.81364892459283,5.33476925590873e-07,1,0
L8_k480,3e-05,-206.94497463569124,1.445441693202837e-06,1,0
L8_k480,3e-05,-208.4423241704156,1.3481315418276899e-05,1,0
L8_k480,3e-05,-212.24543252180123,1.1512493542545795e-05,1,0
L8_k480,3e-05,-214.48515399066721,4.012447423952022e-06,1,0
L8_k480,3e-05,-219.84905987976904,5.252430131484912e-07,1,0
L8_k480,3e-05,-223.66753624090148,2.905706713628101e-05,1,0
L8_k480,3e-05,-225.73689946223845,1.0099918414793558e-05,1,0
L8_k480,3e-05,-229.72181209817202,1.4834665784310821e-06,1,0
L8_k480,3e-05,-235.03367630060785,3.353443482203783e-06,1,0
L8_k480,3e-05,-237.23009088209824,1.9915965808670606e-06,1,0
L8_k480,3e-05,-240.47671810259408,2.520069330900312e-06,1,0
L8_k480,3e-05,-243.33472007155424,4.0089034694347757e-07,1,0
L8_k480,3e-05,-249.22474423215277,7.933209647213425e-07,1,0
L8_k480,3e-05,-251.93079868909908,1.3897744583594064e-06,1,0
L8_k480,3e-05,-255.29791711173934,1.31926063439594e-07,1,0
L8_k480,3e-05,-262.5706325926229,5.11990152655401e-08,1,0
L8_k480,3e-05,-269.39036293679703,1.4478221548989235e-05,1,0
L8_k480,3e-05,-270.2002631349549,0.00010029828825463473,1,0
L8_k480,3e-05,-273.4941934247417,5.887792817118356e-05,1,0
L8_k480,3e-05,-275.5008578539511,5.3614811970656326e-05,1,0
L8_k480,3e-05,-279.02720810939206,6.587803973117945e-06,1,0
L8_k480,3e-05,-282.2580630854134,2.1333869494747653e-05,1,0
L8_k480,3e-05,-287.29878522700284,0.00011204182627176571,1,0
L8_k480,3e-05,-289.38549036477673,3.7638286240842736e-05,1,0
L8_k480,3e-05,-293.3999185546953,5.330783094735614e-06,1,0
L8_k480,3e-05,-298.4577797041374,5.958970072552509e-06,1,0
L8_k480,3e-05,-300.1988103518101,1.5322400998069446e-05,1,0
L8_k480,3e-05,-304.17236931116827,7.3881285381270494e-06,1,0
L8_k480,3e-05,-306.9353227656761,1.5794042021455356e-06,1,0
L8_k480,3e-05,-312.31055751281775,1.062719555972204e-06,1,0
L8_k480,3e-05,-316.507230022496,2.3904565411786355e-06,1,0
L8_k480,3e-05,-320.71626460905384,4.241445017943431e-06,1,0
L8_k480,3e-05,-322.54334996727357,2.126808931054071e-06,1,0
L8_k480,3e-05,-326.86888275951696,1.5553059960014586e-07,1,0
L8_k480,3e-05,-330.9347719554642,1.0142361904668282e-07,1,0
L8_k480,3e-05,-333.6341198736251,1.58082266383351e-07,1,0
L8_k480,3e-05,-337.64072114174354,5.188280354487123e-08,1,0
L8_k480,3e-05,-341.06384123046956,5.3441049847174735e-09,1,0
L8_k480,3e-05,-350.8991337982802,1.1912553505269194e-08,1,0
L8_k480,3e-05,-355.76419330824297,5.3256017976230205e-05,1,0
L8_k480,3e-05,-357.5952750664636,2.788122666225513e-05,1,0
L8_k480,3e-05,-358.9371483713992,1.101937627373814e-05,1,0
L8_k480,3e-05,-362.3570489105643,2.703145052231408e-06,1,0
L8_k480,3e-05,-366.91197654811015,1.3167251614814314e-06,1,0
L8_k480,3e-05,-369.88382804954324,6.722972286286419e-06,1,0
L8_k480,3e-05,-372.99171132510793,2.380288777415558e-06,1,0
L8_k480,3e-05,-375.29471458021794,1.0837263829277752e-06,1,0
L8_k480,3e-05,-378.5758408581247,4.3855003722984796e-08,1,0
L8_k480,3e-05,-384.6141740685,4.460341017802459e-07,1,0
L8_k480,3e-05,-386.8291896517263,1.8444817069405943e-07,1,0
L8_k480,3e-05,-390.20719934865366,1.0021329872023126e-08,1,0
L8_k480,3e-05,-394.22323818670554,8.185362366662268e-10,1,0
L8_k480,3e-05,-399.19411418712167,3.0098309045134877e-10,1,0
L8_k480,3e-05,-403.72143025809936,4.892273025575571e-10,1,0
L8_k480,3e-05,-409.9146732905644,1.4502474900387113e-10,1,0
L8_k480,3e-05,-416.7845405950781,1.1284409662782362e-06,1,0
L8_k480,3e-05,-417.4610163019839,7.100221591965608e-05,1,0
L8_k480,3e-05,-419.38481748536304,2.015654492881568e-05,1,0
L8_k480,3e-05,-422.370111445463,2.117635060829523e-06,1,0
L8_k480,3e-05,-424.7334732458749,1.030539257972351e-06,1,0
L8_k480,3e-05,-429.13878933560596,6.743579766265349e-06,1,0
L8_k480,3e-05,-431.4971198257927,1.880533540792245e-06,1,0
L8_k480,3e-05,-433.977290517394,2.867840501819898e-06,1,0
L8_k480,3e-05,-436.3857223641654,8.016588105672495e-07,1,0
L8_k480,3e-05,-441.54095672039574,1.1438296330124922e-07,1,0
L8_k480,3e-05,-444.19992161509583,7.744652431890652e-07,1,0
L8_k480,3e-05,-446.16608458398986,9.16137193810651e-07,1,0
L8_k480,3e-05,-448.446652341038,1.987301857109248e-07,1,0
L8_k480,3e-05,-451.5659503863899,3.5481169315293836e-08,1,0
L8_k480,3e-05,-455.44380717010864,3.752471776368146e-09,1,0
L8_k480,3e-05,-458.5601827175763,6.142823742590565e-08,1,0
L8_k480,3e-05,-460.9409322672117,1.5176910990023112e-08,1,0
L8_k480,3e-05,-463.2633965077159,1.2561022904704255e-08,1,0
L8_k480,3e-05,-465.4511726807105,2.796138745698122e-09,1,0
L8_k480,3e-05,-468.6207812881557,1.0115900854759504e-10,1,0
L8_k480,3e-05,-474.6416663962158,1.7731263695902595e-11,1,0
L8_k480,3e-05,-476.2065302692345,2.248375092135623e-09,1,0
L8_k480,3e-05,-478.1214780101483,4.979446214467384e-10,1,0
L8_k480,3e-05,-480.468111218081,2.4708661227394122e-11,1,0
L8_k480,3e-05,-482.59934473996253,1.1931116081079406e-11,1,0
L8_k480,3e-05,-484.7425939733408,1.4229116891937151e-12,1,0
L8_k480,3e-05,-486.80605673117566,2.0111571695848206e-14,1,0
L8_k480,3e-05,-489.2290961831609,3.3848378112057715e-15,1,0
L8_k480,3e-05,-490.9408988189073,4.242679171629816e-18,1,0
L8_k480,3e-05,-528.8218030978596,8.163692421730882e-07,1,0
L8_k480,3e-05,-530.712737452888,6.3458307794691316e-09,1,0
L8_k480,3e-05,-531.0625259806811,1.6701144498583402e-07,1,0
L8_k480,3e-05,-531.2277414040917,2.2828191843250196e-08,1,0
L8_k480,3e-05,-532.915332838486,3.1564181494263066e-08,1,0
L8_k480,3e-05,-533.2668431755277,4.628714243480153e-07,1,0
L8_k480,3e-05,-535.3147717673182,1.7162110879622145e-07,1,0
L8_k480,3e-05,-537.5464731345426,7.914731896057532e-09,1,0
L8_k480,3e-05,-539.5454063350974,5.330874322933825e-09,1,0
L8_k480,3e-05,-541.337227807025,5.030795888649021e-09,1,0
L8_k480,3e-05,-542.2637536082223,1.0367293112240922e-07,1,0
L8_k480,3e-05,-545.3083937681145,5.948469963048945e-07,1,0
L8_k480,3e-05,-546.3758311600433,7.90545967369726e-08,1,0
L8_k480,3e-05,-547.3219014615654,2.1980346245660516e-07,1,0
L8_k480,3e-05,-549.4971911249103,2.7126070572798768e-08,1,0
L8_k480,3e-05,-551.4923617209549,1.919228191732667e-08,1,0
L8_k480,3e-05,-553.205649477937,3.3746493406261212e-09,1,0
L8_k480,3e-05,-554.571370581271,1.3240499477917288e-09,1,0
L8_k480,3e-05,-558.1155937248179,7.872112681859615e-08,1,0
L8_k480,3e-05,-559.1717471166868,1.872412105583423e-09,1,0
L8_k480,3e-05,-560.4865321495973,1.2169643771665952e-08,1,0
L8_k480,3e-05,-562.5755276843178,2.375612799208815e-08,1,0
L8_k480,3e-05,-564.5347352167122,6.978273151931958e-09,1,0
L8_k480,3e-05,-565.7782290552983,4.965538008450972e-10,1,0
L8_k480,3e-05,-567.3665712406437,1.5718148077461584e-10,1,0
L8_k480,3e-05,-569.1954664102055,9.804938035191488e-11,1,0
L8_k480,3e-05,-571.7492662619505,1.3978895895131054e-09,1,0
L8_k480,3e-05,-573.1938485580386,6.273679918755859e-11,1,0
L8_k480,3e-05,-574.5970462202328,6.624829969074386e-09,1,0
L8_k480,3e-05,-576.443866580418,2.113687742427828e-09,1,0
L8_k480,3e-05,-577.2359345610989,1.2098095078905053e-10,1,0
L8_k480,3e-05,-578.7692457324282,1.3499989914645352e-10,1,0
L8_k480,3e-05,-579.9715365075751,2.6257617882469076e-11,1,0
L8_k480,3e-05,-580.9784485129778,7.001100724813294e-11,1,0
L8_k480,3e-05,-583.0281636262096,9.506589719222713e-12,1,0
L8_k480,3e-05,-583.6404141319598,3.3938796495547673e-13,1,0
L8_k480,3e-05,-585.2965276373883,1.0162812791103722e-13,1,0
L8_k480,3e-05,-587.4210386149589,1.4065793610215167e-10,1,0
L8_k480,3e-05,-589.5599238911806,1.1311815910137313e-12,1,0
L8_k480,3e-05,-589.7394433583707,1.586348411495851e-11,1,0
L8_k480,3e-05,-591.403576621742,6.527543456900662e-13,1,0
L8_k480,3e-05,-591.8389540407122,2.1928546198252855e-11,1,0
L8_k480,3e-05,-593.1802604521498,1.750579773196731e-14,1,0
L8_k480,3e-05,-593.8803976810931,4.381967912548601e-12,1,0
L8_k480,3e-05,-594.1610627830541,7.855772491899649e-14,1,0
L8_k480,3e-05,-595.7789155518668,3.8446054052942254e-15,1,0
L8_k480,3e-05,-596.213219245815,9.133546285233069e-14,1,0
L8_k480,3e-05,-596.4285992146072,1.781205854994905e-15,1,0
L8_k480,3e-05,-597.8492082464574,7.896054689925323e-16,1,0
L8_k480,3e-05,-598.2783423143525,2.31407585273489e-14,1,0
L8_k480,3e-05,-598.326187768406,1.4108766463604427e-14,1,0
L8_k480,3e-05,-600.1586358145594,8.953409076987748e-18,1,0
L8_k480,3e-05,-600.3404340588195,2.049768972744985e-15,1,0
L8_k480,3e-05,-600.659472285263,8.60600979915292e-18,1,0
L8_k480,3e-05,-600.7480472662104,4.297117076778167e-18,1,0
L8_k480,3e-05,-602.5047519181522,3.6969238057612023e-19,1,0
L8_k480,3e-05,-602.658414219542,1.0498967101646503e-17,1,0
L8_k480,3e-05,-602.7206633944448,6.369175707415029e-19,1,0
L8_k480,3e-05,-605.0031682857375,9.403911226992775e-23,1,0
L8_k480,3e-05,-10093.628715601124,0.041170537397954274,1,0
L8_k480,3e-05,-10094.388286135221,0.04693450531573953,1,0
L8_k480,3e-05,-10094.441072079651,8.271798955017626e-06,1,0
L8_k480,3e-05,-10095.724975710342,0.02790742386086932,1,0
L8_k480,3e-05,-10096.03087790502,0.00018621195470517886,1,0
L8_k480,3e-05,-10096.365499894237,0.025126076636436363,1,0
L8_k480,3e-05,-10096.615035532703,0.0030177055154644384,1,0
L8_k480,3e-05,-10096.675039221656,0.00044815436380983684,1,0
L8_k480,3e-05,-10098.016619869311,0.0010895341251888077,1,0
L8_k480,3e-05,-10098.135705449455,0.0004940359396869391,1,0
L8_k480,3e-05,-10098.651158204433,0.0005217379430380725,1,0
L8_k480,3e-05,-10098.86460904289,0.0021898845914354093,1,0
L8_k480,3e-05,-10100.161862789046,0.0020581032335402413,1,0
L8_k480,3e-05,-10100.745129245786,0.0011590849272108204,1,0
L8_k480,3e-05,-10100.799683597297,0.0014570860419835722,1,0
L8_k480,3e-05,-10102.25267791812,0.00045753820052238386,1,0
L8_k480,3e-05,-10102.780852538694,0.00047727794367060804,1,0
L8_k480,3e-05,-10103.392798404106,9.011984050965666e-06,1,0
L8_k480,3e-05,-10104.867429279853,1.4757369607809336e-05,1,0
L8_k480,3e-05,-10106.627872655821,0.00542307303222124,1,0
L8_k480,3e-05,-10107.071622661171,0.00896878507338463,1,0
L8_k480,3e-05,-10107.444528900525,0.0004819641872151702,1,0
L8_k480,3e-05,-10108.83640736053,0.0027429461498146876,1,0
L8_k480,3e-05,-10109.718105482458,0.008991659628237182,1,0
L8_k480,3e-05,-10111.221229489383,0.004577632061714536,1,0
L8_k480,3e-05,-10111.801546645736,0.0027393765662794725,1,0
L8_k480,3e-05,-10113.352258760217,0.00267862552675569,1,0
L8_k480,3e-05,-10114.1143873577,0.0027843753024001283,1,0
L8_k480,3e-05,-10116.105293780185,0.001056699065098369,1,0
L8_k480,3e-05,-10116.75874740857,9.768562033566914e-05,1,0
L8_k480,3e-05,-10118.391890189183,5.919288600889309e-05,1,0
L8_k480,3e-05,-10120.57155825518,3.180705824457264e-05,1,0
L8_k480,3e-05,-10123.011449177238,0.0025580338585904304,1,0
L8_k480,3e-05,-10123.631111201155,0.002641876721848422,1,0
L8_k480,3e-05,-10125.281959682301,0.0023707962042619165,1,0
L8_k480,3e-05,-10126.141371305312,0.0004088948947844511,1,0
L8_k480,3e-05,-10128.095698751311,0.00020151930404582638,1,0
L8_k480,3e-05,-10129.761361515342,0.00012784870425477178,1,0
L8_k480,3e-05,-10131.748180513141,2.370571689113908e-05,1,0
L8_k480,3e-05,-10133.33387744447,4.86200483512322e-06,1,0
L8_k480,3e-05,-10136.068022109557,0.0002221396309838601,1,0
L8_k480,3e-05,-10137.660317797374,3.1908498405067055e-05,1,0
L8_k480,3e-05,-10139.109401480555,9.557650776117529e-05,1,0
L8_k480,3e-05,-10140.694530422586,6.464023606114621e-05,1,0
L8_k480,3e-05,-10142.797614049241,2.716062019272638e-05,1,0
L8_k480,3e-05,-10144.061950936366,7.523321782360087e-06,1,0
L8_k480,3e-05,-10145.834336723283,3.836513102119574e-06,1,0
L8_k480,3e-05,-10148.652416706496,1.5589268004893162e-07,1,0
L8_k480,3e-05,-10152.30884018176,5.618122008327468e-06,1,0
L8_k480,3e-05,-10152.788017117398,9.441105666147322e-06,1,0
L8_k480,3e-05,-10154.699298618563,5.253858422684658e-06,1,0
L8_k480,3e-05,-10156.623645078338,2.858259629504668e-07,1,0
L8_k480,3e-05,-10158.2826749696,1.0752185924242882e-07,1,0
L8_k480,3e-05,-10159.308303253376,9.916396479549988e-08,1,0
L8_k480,3e-05,-10161.25265393873,1.3759187815790507e-08,1,0
L8_k480,3e-05,-10163.504576774392,1.9523643192627828e-10,1,0
L8_k480,3e-05,-10165.543513943827,3.55817085214422e-11,1,0
L8_k480,3e-05,-10167.597533627917,1.535219032993762e-14,1,0
L8_k480,3e-05,-10176.90009071071,3.532855433797039e-22,1,0
L8_k480,3e-05,-10204.980449653885,0.0005645940939028441,1,0
L8_k480,3e-05,-10205.430420879897,0.0011765946385303956,1,0
L8_k480,3e-05,-10207.133984185224,0.0003555231330027611,1,0
L8_k480,3e-05,-10207.994977341628,9.429381083972877e-05,1,0
L8_k480,3e-05,-10209.595534208385,0.001248092336645344,1,0
L8_k480,3e-05,-10210.909522498858,0.00030828298055325545,1,0
L8_k480,3e-05,-10211.983252703129,0.00047658823569654655,1,0
L8_k480,3e-05,-10214.882607327754,3.442449756320971e-05,1,0
L8_k480,3e-05,-10217.068033011812,1.4063099770829057e-05,1,0
L8_k480,3e-05,-10221.659787400911,9.946824746812896e-05,1,0
L8_k480,3e-05,-10223.110913476714,0.003589378740696871,1,0
L8_k480,3e-05,-10225.129731214658,0.002379618693400973,1,0
L8_k480,3e-05,-10227.835055184752,0.0002509673106339371,1,0
L8_k480,3e-05,-10230.088472098754,0.0001622191206458943,1,0
L8_k480,3e-05,-10234.488063450373,5.197343298502124e-05,1,0
L8_k480,3e-05,-10236.702552312607,0.0006191594123385164,1,0
L8_k480,3e-05,-10239.03462670172,0.0004395340027226117,1,0
L8_k480,3e-05,-10241.743630547136,0.00027180677778105585,1,0
L8_k480,3e-05,-10244.148180539514,7.063539555543735e-05,1,0
L8_k480,3e-05,-10248.593190258585,4.444798722494813e-06,1,0
L8_k480,3e-05,-10252.132467297062,0.00015269226893412503,1,0
L8_k480,3e-05,-10254.253703157736,5.921636721386972e-05,1,0
L8_k480,3e-05,-10258.197443334971,3.647415749297592e-06,1,0
L8_k480,3e-05,-10263.881624913916,3.0597523179102263e-06,1,0
L8_k480,3e-05,-10268.120618971503,0.0029032933620066347,1,0
L8_k480,3e-05,-10270.746247365127,0.0009138355387722904,1,0
L8_k480,3e-05,-10272.794619849834,0.001903448909886461,1,0
L8_k480,3e-05,-10274.990836547691,0.0005441604399294245,1,0
L8_k480,3e-05,-10280.355735661777,6.388235508354171e-05,1,0
L8_k480,3e-05,-10283.295141080744,0.0025470821548996144,1,0
L8_k480,3e-05,-10285.444368648752,0.0028007014598594032,1,0
L8_k480,3e-05,-10288.362247147477,0.0004811608884048141,1,0
L8_k480,3e-05,-10291.691950391856,9.474637810768683e-05,1,0
L8_k480,3e-05,-10296.778517629571,0.0005797064374663134,1,0
L8_k480,3e-05,-10300.117073555892,0.0001903604469050731,1,0
L8_k480,3e-05,-10302.306896451435,0.0001420585941244332,1,0
L8_k480,3e-05,-10305.125952465747,1.1631145563614906e-05,1,0
L8_k480,3e-05,-10311.858423830674,6.493376768079173e-05,1,0
L8_k480,3e-05,-10314.070165838866,5.557497046872221e-05,1,0
L8_k480,3e-05,-10317.358495323864,5.6058989799480795e-06,1,0
L8_k480,3e-05,-10321.769694180897,7.153975952153608e-07,1,0
L8_k480,3e-05,-10325.904910591295,2.5624120213659874e-06,1,0
L8_k480,3e-05,-10330.836842531877,6.723357973117487e-06,1,0
L8_k480,3e-05,-10334.78506157086,5.64193939068832e-06,1,0
L8_k480,3e-05,-10337.238052748497,3.024585130643637e-06,1,0
L8_k480,3e-05,-10343.820637451074,2.019646497756827e-07,1,0
L8_k480,3e-05,-10348.98528269602,2.2767914373449936e-05,1,0
L8_k480,3e-05,-10352.328262674722,0.004859069495931108,1,0
L8_k480,3e-05,-10354.405380106555,0.0032983818916226724,1,0
L8_k480,3e-05,-10357.403112763675,0.0003882328401110779,1,0
L8_k480,3e-05,-10359.94075499235,0.0001662275093395666,1,0
L8_k480,3e-05,-10365.062139460586,0.0007128330982302106,1,0
L8_k480,3e-05,-10368.637067836522,0.0008718148661182953,1,0
L8_k480,3e-05,-10371.3823686415,0.000319410714851505,1,0
L8_k480,3e-05,-10374.265203274783,0.00013745948635180875,1,0
L8_k480,3e-05,-10379.617538490129,2.4704109236220488e-05,1,0
L8_k480,3e-05,-10381.967466336353,0.00027832986549989073,1,0
L8_k480,3e-05,-10384.35792513091,8.164218783329348e-05,1,0
L8_k480,3e-05,-10388.460073998674,7.758867861908734e-06,1,0
L8_k480,3e-05,-10393.9397693025,8.605924774289526e-06,1,0
L8_k480,3e-05,-10398.594621335826,8.07552840580503e-06,1,0
L8_k480,3e-05,-10401.199534687617,2.5436140615827487e-06,1,0
L8_k480,3e-05,-10404.929630938717,1.148123625124812e-06,1,0
L8_k480,3e-05,-10411.5217735054,6.250477850946009e-07,1,0
L8_k480,3e-05,-10418.076710147952,0.0014325902552331895,1,0
L8_k480,3e-05,-10419.779235355063,0.0009678298249746842,1,0
L8_k480,3e-05,-10421.344748875983,0.0002843566442963373,1,0
L8_k480,3e-05,-10424.707786608984,9.968926995705469e-05,1,0
L8_k480,3e-05,-10430.015329530275,0.0001784996276606614,1,0
L8_k480,3e-05,-10432.796136968367,0.00016603622237928778,1,0
L8_k480,3e-05,-10435.50690639442,0.00011961891717365189,1,0
L8_k480,3e-05,-10438.19225560547,4.1074571287084066e-05,1,0
L8_k480,3e-05,-10443.72821647238,5.115794985646263e-06,1,0
L8_k480,3e-05,-10446.183937833928,7.21650541401044e-05,1,0
L8_k480,3e-05,-10448.527807916862,1.7484888168983686e-05,1,0
L8_k480,3e-05,-10452.637407220653,1.5362567770019353e-06,1,0
L8_k480,3e-05,-10457.902658995012,2.0382646247814756e-06,1,0
L8_k480,3e-05,-10461.501011356111,1.94027938140166e-06,1,0
L8_k480,3e-05,-10465.25571189671,1.129854346391255e-06,1,0
L8_k480,3e-05,-10468.222787085144,7.288007371577664e-07,1,0
L8_k480,3e-05,-10473.319522810893,3.160763350061813e-07,1,0
L8_k480,3e-05,-10477.46543002756,1.437472179504648e-07,1,0
L8_k480,3e-05,-10480.68674350498,3.6932355002311973e-06,1,0
L8_k480,3e-05,-10483.494157836463,5.506233626819379e-06,1,0
L8_k480,3e-05,-10486.260113603365,1.317398069873379e-06,1,0
L8_k480,3e-05,-10489.556560926567,1.210236590617674e-07,1,0
L8_k480,3e-05,-10495.047161800214,3.7667928581244516e-07,1,0
L8_k480,3e-05,-10498.394611541562,5.696125703883475e-07,1,0
L8_k480,3e-05,-10500.85857323392,2.597126571703672e-07,1,0
L8_k480,3e-05,-10504.01924273004,1.0573323151637179e-07,1,0
L8_k480,3e-05,-10509.207840299068,3.8457201859216695e-08,1,0
L8_k480,3e-05,-10511.53770590382,8.776535116047988e-08,1,0
L8_k480,3e-05,-10514.216065965993,5.0230109465732674e-08,1,0
L8_k480,3e-05,-10516.811969510702,1.6253641153009526e-08,1,0
L8_k480,3e-05,-10520.503647961918,1.3122195424094215e-09,1,0
L8_k480,3e-05,-10525.418305845329,7.706318636627756e-11,1,0
L8_k480,3e-05,-10528.805227750312,2.069103861985244e-11,1,0
L8_k480,3e-05,-10541.702777910385,8.057633749573722e-07,1,0
L8_k480,3e-05,-10543.050326899149,2.2872807487917336e-07,1,0
L8_k480,3e-05,-10544.964077900544,1.7260204399238782e-07,1,0
L8_k480,3e-05,-10546.346869349594,6.4124078011776e-07,1,0
L8_k480,3e-05,-10548.708446292869,1.6453440066785843e-07,1,0
L8_k480,3e-05,-10553.080329595901,1.372469785711484e-07,1,0
L8_k480,3e-05,-10554.891996678192,3.5008832226437535e-08,1,0
L8_k480,3e-05,-10559.25973796759,6.637827316500519e-07,1,0
L8_k480,3e-05,-10560.892421263348,2.5811103176888453e-07,1,0
L8_k480,3e-05,-10563.353212774922,4.5083120869796553e-08,1,0
L8_k480,3e-05,-10566.486833737845,2.8669568155650466e-08,1,0
L8_k480,3e-05,-10570.881070243986,7.354102554272226e-08,1,0
L8_k480,3e-05,-10572.375475829655,5.5211002313259576e-08,1,0
L8_k480,3e-05,-10575.855935926078,3.933417884531186e-08,1,0
L8_k480,3e-05,-10578.041464865672,1.3878161939635238e-08,1,0
L8_k480,3e-05,-10580.56968832067,1.8311573414195133e-09,1,0
L8_k480,3e-05,-10583.729887410404,1.7070383062414971e-09,1,0
L8_k480,3e-05,-10588.72752879183,1.3682206273682548e-08,1,0
L8_k480,3e-05,-10590.287307829638,4.191014436594077e-09,1,0
L8_k480,3e-05,-10592.310962141675,6.319210607752673e-10,1,0
L8_k480,3e-05,-10595.327837640863,1.4309085940679257e-10,1,0
L8_k480,3e-05,-10600.7809693129,2.408363267984287e-10,1,0
L8_k480,3e-05,-10601.704355487378,1.48962439318631e-10,1,0
L8_k480,3e-05,-10604.875048947946,7.388127857857821e-11,1,0
L8_k480,3e-05,-10606.77614126755,2.5027145592084363e-11,1,0
L8_k480,3e-05,-10609.331173267481,1.3180432420854583e-12,1,0
L8_k480,3e-05,-10615.342259171475,2.458881377493262e-13,1,0
L8_k480,3e-05,-10618.241465163273,3.1622232050943533e-10,1,0
L8_k480,3e-05,-10620.320630249736,5.085818589878317e-10,1,0
L8_k480,3e-05,-10622.09740346095,1.23160530138112e-10,1,0
L8_k480,3e-05,-10624.624295240603,1.360639629402054e-10,1,0
L8_k480,3e-05,-10627.004127675042,3.867785374284174e-11,1,0
L8_k480,3e-05,-10629.766585210948,8.540115837900871e-10,1,0
L8_k480,3e-05,-10632.155804839089,2.2143551596697394e-10,1,0
L8_k480,3e-05,-10634.805437175715,1.0648445355204534e-09,1,0
L8_k480,3e-05,-10636.994413514272,1.0958615595814438e-09,1,0
L8_k480,3e-05,-10638.777959604427,2.7883672898390943e-10,1,0
L8_k480,3e-05,-10641.01992948962,3.6644652285971115e-10,1,0
L8_k480,3e-05,-10642.510472604383,3.451988107442509e-10,1,0
L8_k480,3e-05,-10644.441237197214,1.5406117452799735e-10,1,0
L8_k480,3e-05,-10647.723313719616,2.0628431247999292e-10,1,0
L8_k480,3e-05,-10648.624472377584,6.355323742338612e-10,1,0
L8_k480,3e-05,-10650.592203248123,2.7420661548768686e-10,1,0
L8_k480,3e-05,-10652.133105210169,4.635280720278169e-11,1,0
L8_k480,3e-05,-10654.933407908484,3.404416263449094e-11,1,0
L8_k480,3e-05,-10656.060529767683,1.0718939285976313e-10,1,0
L8_k480,3e-05,-10658.30592429631,4.109692498469501e-11,1,0
L8_k480,3e-05,-10660.059322584384,6.687935561515653e-11,1,0
L8_k480,3e-05,-10662.148205033962,1.5988750953935637e-11,1,0
L8_k480,3e-05,-10663.59148761961,2.9954276175658885e-12,1,0
L8_k480,3e-05,-10665.577974513377,4.2517651712210566e-11,1,0
L8_k480,3e-05,-10666.947049370921,1.1569463208600827e-11,1,0
L8_k480,3e-05,-10668.49288858309,4.026193125884221e-11,1,0
L8_k480,3e-05,-10669.817000553612,3.014920036819355e-11,1,0
L8_k480,3e-05,-10671.060217788301,7.381021748459206e-12,1,0
L8_k480,3e-05,-10672.79957752902,9.781040201521628e-12,1,0
L8_k480,3e-05,-10673.678152774886,1.9690391839776038e-11,1,0
L8_k480,3e-05,-10675.669370358652,2.700280428768631e-12,1,0
L8_k480,3e-05,-10676.405901974957,8.067252548561636e-13,1,0
L8_k480,3e-05,-10677.703816270327,8.668290492028418e-13,1,0
L8_k480,3e-05,-10679.487333281082,3.790296512445063e-13,1,0
L8_k480,3e-05,-10680.275093588247,3.164774422819941e-12,1,0
L8_k480,3e-05,-10681.466452681798,3.200236698135356e-13,1,0
L8_k480,3e-05,-10682.233490400653,1.1668745262798676e-13,1,0
L8_k480,3e-05,-10683.746730536182,6.408830845250819e-13,1,0
L8_k480,3e-05,-10684.777444008134,8.88860013003739e-14,1,0
L8_k480,3e-05,-10685.43559132972,9.592027015832613e-15,1,0
L8_k480,3e-05,-10686.575699179246,4.6841889249221555e-15,1,0
L8_k480,3e-05,-10687.00931047226,5.919878423766555e-15,1,0
L8_k480,3e-05,-10687.928019577546,2.270058786631037e-16,1,0
L8_k480,3e-05,-10688.730510223577,1.7795790695675562e-16,1,0
L8_k480,3e-05,-10689.927217206625,8.99795261037511e-18,1,0
L8_k480,3e-05,-10690.745571013013,4.9800994536003426e-17,1,0
L8_k480,3e-05,-10691.222007019529,9.010673073151012e-18,1,0
L8_k480,3e-05,-10691.534614620197,2.4231758811947744e-18,1,0
L8_k480,3e-05,-10692.587167456233,3.4980254262803924e-21,1,0
L8_k480,3e-05,-10693.347087263659,1.874041209269478e-20,1,0
L8_k480,3e-05,-10693.810283518778,6.077037767602253e-22,1,0
L8_k480,3e-05,-10694.076635512765,8.616669245687154e-21,1,0
L8_k480,3e-05,-10694.526131661914,1.141056508896676e-22,1,0
L8_k480,3e-05,-10694.74531696384,1.4555342924383765e-20,1,0
L8_k480,3e-05,-10696.455471746027,2.5894043654444774e-25,1,0
L8_k480,3e-05,-10696.905828375144,5.7566447344195634e-30,1,0
L8_k480,3e-05,-10697.437071712753,1.968944919790851e-25,1,0
