setting,delta_over_D,epsilon_over_gamma,omega_prime_over_D,pi_gamma_A,finite_band_continuum,wide_band_analytic
N256_eta02,0.0001,0.0,1.0000000000000002e-14,0.02262354614997509,0.022632333709428895,0.022630945286013084
N256_eta02,0.0001,0.0,1.0715193052376049e-14,0.03208979682811393,0.023427681192018705,0.02342624520093506
N256_eta02,0.0001,0.0,1.148153621496884e-14,0.02514045704870385,0.02425099006534011,0.024249493619462676
N256_eta02,0.0001,0.0,1.2302687708123812e-14,0.03131528245037976,0.02510324726227898,0.025101672706174236
N256_eta02,0.0001,0.0,1.3182567385564046e-14,0.02223060369238469,0.025985434531660398,0.02598379914034144
N256_eta02,0.0001,0.0,1.4125375446227557e-14,0.024637079429287657,0.026898624208075792,0.02689692532877416
N256_eta02,0.0001,0.0,1.5135612484362073e-14,0.02077512705684903,0.027843912278397505,0.027842140661278863
N256_eta02,0.0001,0.0,1.6218100973589332e-14,0.020024285327782068,0.028822422366418007,0.02882057281022786
N256_eta02,0.0001,0.0,1.7378008287493765e-14,0.027554334719656123,0.029835327169925097,0.029833389075787205
N256_eta02,0.0001,0.0,1.8620871366628658e-14,0.03483570538408042,0.030883809437597543,0.030881797778408222
N256_eta02,0.0001,0.0,1.9952623149688828e-14,0.04700811428031928,0.03196915414761472,0.031967049700241154
N256_eta02,0.0001,0.0,2.1379620895022327e-14,0.0438247992276938,0.033092649513711395,0.03309043957718915
N256_eta02,0.0001,0.0,2.29086765276777e-14,0.03738395635055015,0.03425560557131743,0.03425330764338135
N256_eta02,0.0001,0.0,2.4547089156850338e-14,0.029865194917890643,0.03545944862845927,0.035457041229904354
N256_eta02,0.0001,0.0,2.6302679918953815e-14,0.024193384287025506,0.03670557879399451,0.036703076419697535
N256_eta02,0.0001,0.0,2.8183829312644495e-14,0.02927889586893599,0.03799552342223728,0.03799289976058432
N256_eta02,0.0001,0.0,3.019951720402019e-14,0.036512044100740895,0.03933078457569572,0.039328050038479265
N256_eta02,0.0001,0.0,3.2359365692962816e-14,0.04010196937278125,0.0407129802226935,0.04071012011288311
N256_eta02,0.0001,0.0,3.46736850452531e-14,0.05717466159634346,0.04214375419283885,0.042140758816853294
N256_eta02,0.0001,0.0,3.715352290971728e-14,0.04526121528378832,0.043624806224529133,0.043621672923710636
N256_eta02,0.0001,0.0,3.9810717055349693e-14,0.057075040973221566,0.04515790227730062,0.04515462918282488
N256_eta02,0.0001,0.0,4.2657951880159345e-14,0.04050579443644145,0.04674488120361249,0.04674145642690361
N256_eta02,0.0001,0.0,4.570881896148752e-14,0.04471816996981227,0.048387634824332726,0.04838404775329112
N256_eta02,0.0001,0.0,4.897788193684456e-14,0.037291815696017055,0.050088124238799284,0.05008436278187544
N256_eta02,0.0001,0.0,5.248074602497734e-14,0.03577996934546543,0.051848369317118434,0.051844429992288624
N256_eta02,0.0001,0.0,5.623413251903491e-14,0.04902335004813082,0.05367047025440434,0.05366634914318185
N256_eta02,0.0001,0.0,6.025595860743569e-14,0.06268641561048671,0.055556612797368427,0.055552293776453626
N256_eta02,0.0001,0.0,6.456542290346563e-14,0.08404324657197015,0.05750904065461319,0.05750451380940811
N256_eta02,0.0001,0.0,6.918309709189363e-14,0.07968672554957383,0.059530088618203275,0.05952533821792578
N256_eta02,0.0001,0.0,7.413102413009162e-14,0.06721182843401173,0.061622161032941214,0.061617177813837756
N256_eta02,0.0001,0.0,7.943282347242822e-14,0.054242459920126565,0.06378774794774571,0.06378252811980191
N256_eta02,0.0001,0.0,8.51138038202376e-14,0.04368558808943916,0.06602945317662484,0.06602397234509694
N256_eta02,0.0001,0.0,9.120108393559116e-14,0.052710116078795693,0.06834993945694051,0.06834418446587129
N256_eta02,0.0001,0.0,9.772372209558112e-14,0.06502888270491348,0.07075197033982611,0.07074593241349983
N256_eta02,0.0001,0.0,1.0471285480508985e-13,0.07111280174975985,0.0732384260824828,0.07323208137483653
N256_eta02,0.0001,0.0,1.1220184543019654e-13,0.10184109611860584,0.07581226113533111,0.07580559720827679
N256_eta02,0.0001,0.0,1.2022644346174131e-13,0.08150879511883292,0.07847655424704653,0.0784695499796805
N256_eta02,0.0001,0.0,1.2882495516931323e-13,0.10397401344568692,0.08123447607519936,0.08122711762235044
N256_eta02,0.0001,0.0,1.3803842646028868e-13,0.07379789799927133,0.08408932783142044,0.08408158972539903
N256_eta02,0.0001,0.0,1.4791083881682072e-13,0.08115537471278259,0.08704451059714685,0.08703637145499338
N256_eta02,0.0001,0.0,1.584893192461111e-13,0.06696538265701465,0.0901035480075943,0.09009498761312007
N256_eta02,0.0001,0.0,1.698243652461746e-13,0.06396540613071144,0.09327009533229746,0.09326108683866993
N256_eta02,0.0001,0.0,1.8197008586099824e-13,0.08726860802038043,0.09654793162064698,0.09653844595581108
N256_eta02,0.0001,0.0,1.9498445997580416e-13,0.1127619811348178,0.09994096131710985,0.09993097447479049
N256_eta02,0.0001,0.0,2.0892961308540411e-13,0.15019158652561013,0.10345323960495549,0.1034427192504748
N256_eta02,0.0001,0.0,2.2387211385683378e-13,0.1447814731339911,0.1070889572400205,0.10707786930412921
N256_eta02,0.0001,0.0,2.3988329190194847e-13,0.12079312205462545,0.11085244501966646,0.11084076081412138
N256_eta02,0.0001,0.0,2.570395782768865e-13,0.09851685267211954,0.11474819834931707,0.114735882281425
N256_eta02,0.0001,0.0,2.7542287033381635e-13,0.07889679894841312,0.11878086898238516,0.11876787987600448
N256_eta02,0.0001,0.0,2.95120922666639e-13,0.09493268704501096,0.12295526795580891,0.12294156297037037
N256_eta02,0.0001,0.0,3.1622776601683797e-13,0.11585149105829953,0.12727636811515133,0.12726190986679647
N256_eta02,0.0001,0.0,3.3884415613920205e-13,0.12619127987568823,0.13174933626475713,0.13173407372492704
N256_eta02,0.0001,0.0,3.630780547701018e-13,0.18138967250611596,0.13637950425784626,0.13636338869671366
N256_eta02,0.0001,0.0,3.890451449942805e-13,0.14682513346233755,0.1411723972679267,0.14115537627586222
N256_eta02,0.0001,0.0,4.168693834703347e-13,0.18927134175901372,0.14613373217873132,0.14611575186921358
N256_eta02,0.0001,0.0,4.466835921509635e-13,0.13440229956389885,0.15126943364499104,0.15125043159772134
N256_eta02,0.0001,0.0,4.786300923226381e-13,0.1472412778666783,0.1565856234748221,0.1565655393349511
N256_eta02,0.0001,0.0,5.128613839913659e-13,0.12029219049771196,0.1620886486720606,0.16206741399129038
N256_eta02,0.0001,0.0,5.495408738576248e-13,0.11442293668411227,0.16778507794578834,0.16776261705231738
N256_eta02,0.0001,0.0,5.888436553555884e-13,0.15547077311061525,0.17368170271334696,0.17365794038007099
N256_eta02,0.0001,0.0,6.309573444801943e-13,0.2027789319663157,0.17978556029929582,0.17976041428623274
N256_eta02,0.0001,0.0,6.760829753919819e-13,0.26836117866608217,0.18610393097604755,0.18607731588653478
N256_eta02,0.0001,0.0,7.244359600749892e-13,0.262783029146064,0.19264435848704534,0.19261617774600953
N256_eta02,0.0001,0.0,7.762471166286928e-13,0.21700888963410245,0.19941464260964117,0.19938479682499485
N256_eta02,0.0001,0.0,8.317637711026709e-13,0.17887185915711046,0.20642286192723833,0.20639124373613318
N256_eta02,0.0001,0.0,8.912509381337441e-13,0.14249369306600995,0.21367737689966715,0.21364387232292895
N256_eta02,0.0001,0.0,9.54992586021437e-13,0.17104499266538578,0.22118684273971367,0.22115132957074468
N256_eta02,0.0001,0.0,1.0232929922807536e-12,0.20649569396482848,0.2289602144336543,0.2289225658614713
N256_eta02,0.0001,0.0,1.0964781961431851e-12,0.22417827273402777,0.23700677028764852,0.2369668455834453
N256_eta02,0.0001,0.0,1.1748975549395302e-12,0.3231697596833319,0.24533610738096237,0.24529375810853196
N256_eta02,0.0001,0.0,1.258925411794166e-12,0.26454328263285654,0.25395816054679754,0.25391322914866366
N256_eta02,0.0001,0.0,1.3489628825916534e-12,0.3441644702231882,0.2628832151855345,0.26283553250447744
N256_eta02,0.0001,0.0,1.445439770745928e-12,0.24456280036527794,0.27212191764522464,0.272071302219066
N256_eta02,0.0001,0.0,1.5488166189124795e-12,0.267003792592257,0.2816852850182628,0.2816315451502358
N256_eta02,0.0001,0.0,1.6595869074375598e-12,0.21614296447743025,0.29158472646280914,0.29152765397504066
N256_eta02,0.0001,0.0,1.7782794100389228e-12,0.20484418179820857,0.30183204435268196,0.3017714206407372
N256_eta02,0.0001,0.0,1.9054607179632443e-12,0.2772850449407145,0.3124394599957487,0.31237505027669954
N256_eta02,0.0001,0.0,2.041737944669532e-12,0.36459832251315216,0.3234196223872775,0.32335117558221466
N256_eta02,0.0001,0.0,2.1877616239495518e-12,0.4796607462861059,0.3347856258268034,0.3347128717054517
N256_eta02,0.0001,0.0,2.344228815319923e-12,0.47629198559749386,0.3465510204067504,0.34647367162930687
N256_eta02,0.0001,0.0,2.5118864315095823e-12,0.3897138289775486,0.3587298319353232,0.3586475820801755
N256_eta02,0.0001,0.0,2.6915348039269142e-12,0.32448179676613276,0.3713365790282651,0.3712490999761026
N256_eta02,0.0001,0.0,2.884031503126606e-12,0.2572871192396856,0.38438628918733403,0.3842932294311147
N256_eta02,0.0001,0.0,3.090295432513592e-12,0.30828375809023695,0.3978945159216668,0.3977954993328959
N256_eta02,0.0001,0.0,3.311311214825908e-12,0.36836696791617873,0.4118773549452582,0.4117719815113225
N256_eta02,0.0001,0.0,3.548133892335753e-12,0.3989929279957097,0.42635146857961664,0.4262393095156842
N256_eta02,0.0001,0.0,3.8018939632056125e-12,0.5762964577773295,0.4413341011634159,0.44121469801874047
N256_eta02,0.0001,0.0,4.073802778041122e-12,0.47670953574707026,0.4568431030935609,0.4567159628660394
N256_eta02,0.0001,0.0,4.365158322401657e-12,0.6247232385251342,0.47289694169447727,0.47276154178918645
N256_eta02,0.0001,0.0,4.677351412871982e-12,0.4442225537741473,0.4895147378425832,0.48937051580195756
N256_eta02,0.0001,0.0,5.011872336272715e-12,0.4837203479432211,0.5067162757305839,0.5065626312983597
N256_eta02,0.0001,0.0,5.370317963702533e-12,0.38840396113427966,0.5245220316146553,0.5243583228718611
N256_eta02,0.0001,0.0,5.754399373371567e-12,0.36711327661079757,0.5429531970782095,0.5427787368750896
N256_eta02,0.0001,0.0,6.165950018614822e-12,0.4953834405200835,0.5620317020873739,0.5618457557393568
N256_eta02,0.0001,0.0,6.6069344800759645e-12,0.6556101371646429,0.5817802422464915,0.5815820230732665
N256_eta02,0.0001,0.0,7.079457843841373e-12,0.8583145844723383,0.6022223020618251,0.6020109695595867
N256_eta02,0.0001,0.0,7.585775750291836e-12,0.8614815959727264,0.6233821857994529,0.6231568396693155
N256_eta02,0.0001,0.0,8.128305161640996e-12,0.6995406263687959,0.6452850423880727,0.6450447192115548
N256_eta02,0.0001,0.0,8.709635899560797e-12,0.5874903191157486,0.6679568941519914,0.667700563737374
N256_eta02,0.0001,0.0,9.332543007969906e-12,0.46416792808842916,0.6914246675425982,0.6911512278152552
N256_eta02,0.0001,0.0,1e-11,0.5557317158099946,0.7157162243059905,0.7154244951949923
N256_eta02,0.0001,0.0,1.0715193052376049e-11,0.6580234713973263,0.7408603898583864,0.7405491098760273
N256_eta02,0.0001,0.0,1.1481536214968842e-11,0.7123545045161706,0.7668869908247078,0.7665548080950986
N256_eta02,0.0001,0.0,1.2302687708123813e-11,1.0296770818177774,0.793826882152258,0.7934723512467872
N256_eta02,0.0001,0.0,1.3182567385564075e-11,0.8589584200772015,0.8217119857466746,0.8213335597490045
N256_eta02,0.0001,0.0,1.4125375446227556e-11,1.1306497472881414,0.8505753240914162,0.8501713478636103
N256_eta02,0.0001,0.0,1.5135612484362072e-11,0.8040838367608765,0.8804510579103701,0.8800197594802859
N256_eta02,0.0001,0.0,1.6218100973589298e-11,0.8747954445621688,0.9113745223313798,0.910914004869267
N256_eta02,0.0001,0.0,1.7378008287493765e-11,0.6977312006226853,0.9433822635506957,0.9428904984057311
N256_eta02,0.0001,0.0,1.8620871366628657e-11,0.6589159687424646,0.976512082570315,0.9759868972653511
N256_eta02,0.0001,0.0,1.995262314968879e-11,0.887355259626061,1.0108030715211007,1.0102421410868034
N256_eta02,0.0001,0.0,2.1379620895022327e-11,1.1794399389219492,1.0462956554845397,1.0456964925927141
N256_eta02,0.0001,0.0,2.2908676527677702e-11,1.539687830609893,1.0830316377313385,1.0823915791557124
N256_eta02,0.0001,0.0,2.4547089156850283e-11,1.5528926849410936,1.1210542391611353,1.1203704352907253
N256_eta02,0.0001,0.0,2.6302679918953818e-11,1.2547377923009644,1.160408145442748,1.1596775460484015
N256_eta02,0.0001,0.0,2.8183829312644493e-11,1.0595054397052008,1.201139550402883,1.2003588912775487
N256_eta02,0.0001,0.0,3.019951720402019e-11,0.8357293825091652,1.2432962034999444,1.2424619907164807
N256_eta02,0.0001,0.0,3.235936569296281e-11,1.0015349722744074,1.286927456171609,1.2860359498642642
N256_eta02,0.0001,0.0,3.467368504525317e-11,1.1779713324038843,1.332084307558918,1.3311315065728517
N256_eta02,0.0001,0.0,3.715352290971728e-11,1.2785163964504105,1.3788194573359627,1.3778010782897394
N256_eta02,0.0001,0.0,3.9810717055349695e-11,1.8461855454071903,1.4271873505719301,1.4260988098683218
N256_eta02,0.0001,0.0,4.2657951880159254e-11,1.5466033766941434,1.477244229191472,1.47608062184892
N256_eta02,0.0001,0.0,4.570881896148752e-11,2.0353600118828155,1.529048182050392,1.5278042590977539
N256_eta02,0.0001,0.0,4.897788193684457e-11,1.4457509251067369,1.5826591958558707,1.5813293396736068
N256_eta02,0.0001,0.0,5.2480746024977236e-11,1.576649559946355,1.6381392039189515,1.6367174037723442
N256_eta02,0.0001,0.0,5.6234132519034906e-11,1.2518234124649785,1.6955521386379047,1.6940319625776457
N256_eta02,0.0001,0.0,6.025595860743569e-11,1.1851236248570831,1.7549639800734087,1.7533385468222207
N256_eta02,0.0001,0.0,6.456542290346562e-11,1.595867888852407,1.8164428085007476,1.814704754836776
N256_eta02,0.0001,0.0,6.918309709189364e-11,2.1234842906266174,1.8800588513186258,1.8782002998342981
N256_eta02,0.0001,0.0,7.413102413009162e-11,2.7738791730694228,1.9458845322157954,1.943897056144167
N256_eta02,0.0001,0.0,7.943282347242822e-11,2.7816559793822027,2.0139945197244122,2.011869104073995
N256_eta02,0.0001,0.0,8.511380382023759e-11,2.2466822548640044,2.0844657704172183,2.082192773036754
N256_eta02,0.0001,0.0,9.120108393559097e-11,1.895771357040348,2.1573775744611337,2.1549466825361
N256_eta02,0.0001,0.0,9.772372209558111e-11,1.4981808072006795,2.2328115964283497,2.2302117805534194
N256_eta02,0.0001,0.0,1.0471285480508986e-10,1.8023975176623632,2.3108519128675056,2.30807137882607
N256_eta02,0.0001,0.0,1.1220184543019632e-10,2.115317397348932,2.3915850473647753,2.3886111844463436
N256_eta02,0.0001,0.0,1.2022644346174132e-10,2.3144344600693993,2.475100001114853,2.471919327145084
N256_eta02,0.0001,0.0,1.2882495516931322e-10,3.328179328939492,2.5614882788680298,2.558086381551836
N256_eta02,0.0001,0.0,1.3803842646028838e-10,2.777652076182353,2.650843908743186,2.647205383644265
N256_eta02,0.0001,0.0,1.479108388168207e-10,3.625104521359273,2.7432634555979356,2.739371840513096
N256_eta02,0.0001,0.0,1.5848931924611142e-10,2.5658563028682586,2.8388460276460403,2.8346837324742085
N256_eta02,0.0001,0.0,1.6982436524617427e-10,2.8216048099004674,2.9376932736335135,2.9332415064563166
N256_eta02,0.0001,0.0,1.8197008586099827e-10,2.2379777318049237,3.0399093709940668,3.0351480594801634
N256_eta02,0.0001,0.0,1.9498445997580455e-10,2.1370516620828712,3.1456010021306415,3.140508710922938
N256_eta02,0.0001,0.0,2.0892961308540407e-10,2.886447773727785,3.2548773191915448,3.2494311621289707
N256_eta02,0.0001,0.0,2.2387211385683377e-10,3.823877943139424,3.367849894538,3.3620254417841338
N256_eta02,0.0001,0.0,2.3988329190194897e-10,5.025549962659932,3.4846326544486756,3.478403835316375
N256_eta02,0.0001,0.0,2.570395782768865e-10,4.916537389504381,3.6053417963090686,3.5986807964177476
N256_eta02,0.0001,0.0,2.7542287033381637e-10,4.003061665463502,3.730095685541801,3.722972838604106
N256_eta02,0.0001,0.0,2.951209226666384e-10,3.3385074662851917,3.859014730006157,3.851398404536821
N256_eta02,0.0001,0.0,3.1622776601683795e-10,2.660697176409882,3.9922212299248376,3.984077710626208
N256_eta02,0.0001,0.0,3.3884415613920275e-10,3.228750951337456,4.1298392012190055,4.121132564219512
N256_eta02,0.0001,0.0,3.6307805477010104e-10,3.8116022649923536,4.271994167363529,4.262686150446812
N256_eta02,0.0001,0.0,3.890451449942805e-10,4.244897682958483,4.4188129175533,4.408862785557245
N256_eta02,0.0001,0.0,4.168693834703355e-10,6.0352920558139,4.5704232295335405,4.55978763332629
N256_eta02,0.0001,0.0,4.4668359215096254e-10,4.948359001409458,4.726953549184933,4.715586380854251
N256_eta02,0.0001,0.0,4.78630092322638e-10,6.307165073961477,4.888532627339183,4.8763848698077945
N256_eta02,0.0001,0.0,5.128613839913648e-10,4.437604747902455,5.055289106112402,5.042308678884049
N256_eta02,0.0001,0.0,5.495408738576249e-10,4.970665733240221,5.22735105176844,5.213482653003094
N256_eta02,0.0001,0.0,5.888436553555885e-10,3.963978430632193,5.4048454290870325,5.3900303744640965
N256_eta02,0.0001,0.0,6.30957344480193e-10,3.8608134782241867,5.587897511699396,5.572073571038471
N256_eta02,0.0001,0.0,6.760829753919819e-10,5.2525594526009245,5.776630222729521,5.7597314557267385
N256_eta02,0.0001,0.0,7.244359600749892e-10,6.851795365008876,5.971163401221338,5.953119992682032
N256_eta02,0.0001,0.0,7.762471166286911e-10,9.114552067516176,6.171612986650842,6.15235108361253
N256_eta02,0.0001,0.0,8.31763771102671e-10,8.417385086891871,6.378090116758526,6.3575316688280425
N256_eta02,0.0001,0.0,8.91250938133746e-10,7.025738636618005,6.590700132459509,6.568762737007006
N256_eta02,0.0001,0.0,9.54992586021435e-10,5.688815771707818,6.809541482687944,6.786138237743607
N256_eta02,0.0001,0.0,1.0232929922807536e-09,4.629827581314397,7.034704523899839,7.009743891009731
N256_eta02,0.0001,0.0,1.0964781961431852e-09,5.705904798065822,7.26627020734048,7.2396558878523845
N256_eta02,0.0001,0.0,1.1748975549395278e-09,6.865685031456278,7.5043086491474265,7.475939476968526
N256_eta02,0.0001,0.0,1.2589254117941663e-09,7.910753022211915,7.748877577693244,7.718647432280567
N256_eta02,0.0001,0.0,1.3489628825916533e-09,10.905494545304624,8.000020652905182,7.967818397307141
N256_eta02,0.0001,0.0,1.445439770745928e-09,8.599375958457875,8.257765654450285,8.223475103015664
N256_eta02,0.0001,0.0,1.5488166189124799e-09,10.388382662833376,8.522122536269856,8.48562245698992
N256_eta02,0.0001,0.0,1.6595869074375598e-09,7.28419266789601,8.793081345262513,8.754245503183403
N256_eta02,0.0001,0.0,1.778279410038923e-09,8.435162951842338,9.070610005782267,9.029307253293826
N256_eta02,0.0001,0.0,1.9054607179632444e-09,6.8537601518123425,9.354651971746472,9.3107463929253
N256_eta02,0.0001,0.0,2.0417379446695276e-09,6.945325044820631,9.645123751924006,9.598474868236636
N256_eta02,0.0001,0.0,2.187761623949552e-09,9.541713064494065,9.94191231696362,9.892375361743744
N256_eta02,0.0001,0.0,2.344228815319923e-09,11.949212162584232,10.244872399113525,10.192298669379532
N256_eta02,0.0001,0.0,2.511886431509577e-09,16.03569584155704,10.553823701331716,10.498060994839403
N256_eta02,0.0001,0.0,2.6915348039269142e-09,13.31905175565273,10.868548035341526,10.809441181667687
N256_eta02,0.0001,0.0,2.884031503126606e-09,11.781354426076543,11.188786414423923,11.126177908469083
N256_eta02,0.0001,0.0,3.0902954325135923e-09,9.051657264667313,11.514236132204527,11.447966878041747
N256_eta02,0.0001,0.0,3.3113112148259078e-09,7.700724899350517,11.844547863943609,11.774458037085454
N256_eta02,0.0001,0.0,3.5481338923357537e-09,9.702447973762402,12.179322834512774,12.105252869372388
N256_eta02,0.0001,0.0,3.8018939632056126e-09,12.110887363460778,12.518110103342517,12.439901811782194
N256_eta02,0.0001,0.0,4.073802778041122e-09,14.768441807151335,12.860404023993171,12.777901849263756
N256_eta02,0.0001,0.0,4.365158322401657e-09,18.687563064435277,13.205641942655033,13.118694351417922
N256_eta02,0.0001,0.0,4.6773514128719815e-09,13.909074856836794,13.553202207451845,13.461663219782363
N256_eta02,0.0001,0.0,5.0118723362727255e-09,15.105307428722423,13.902402565753878,13.806133420777202
N256_eta02,0.0001,0.0,5.370317963702522e-09,10.782339351576296,14.252499033353958,14.151369984329484
N256_eta02,0.0001,0.0,5.754399373371567e-09,13.097357006471885,14.602685322832372,14.496577552084851
N256_eta02,0.0001,0.0,6.165950018614823e-09,11.143744241430081,14.952092921643986,14.84090056144775
N256_eta02,0.0001,0.0,6.606934480075952e-09,12.126662221023484,15.299791911343588,15.183424152053341
N256_eta02,0.0001,0.0,7.0794578438413736e-09,16.612238533248032,15.64479261718849,15.523175879239036
N256_eta02,0.0001,0.0,7.585775750291836e-09,18.87163310989972,15.986048173124894,15.859128314234221
N256_eta02,0.0001,0.0,8.128305161640994e-09,24.41383614285265,16.322458079072124,16.190202602738715
N256_eta02,0.0001,0.0,8.709635899560797e-09,17.69267872752997,16.652872815462022,16.51527304199057
N256_eta02,0.0001,0.0,9.332543007969905e-09,17.46108789498193,16.976099564669823,16.833172721104045
N256_eta02,0.0001,0.0,1e-08,12.586625675832801,17.29090906892656,17.142700250289124
N256_eta02,0.0001,0.0,1.0715193052376048e-08,11.61963802020338,17.596043630591005,17.442627581609752
N256_eta02,0.0001,0.0,1.1481536214968818e-08,14.906582024539134,17.890226232973575,17.731708897457608
N256_eta02,0.0001,0.0,1.2302687708123811e-08,19.45398064730601,18.172170729019534,18.00869051339169
N256_eta02,0.0001,0.0,1.3182567385564074e-08,25.24413559902765,18.440593011545033,18.27232171013842
N256_eta02,0.0001,0.0,1.4125375446227526e-08,26.100055614654003,18.69422304369959,18.52136637631408
N256_eta02,0.0001,0.0,1.5135612484362072e-08,18.86398923902823,18.93181759281563,18.75461531000052
N256_eta02,0.0001,0.0,1.62181009735893e-08,17.402791399748402,19.15217347653993,18.970898995042603
N256_eta02,0.0001,0.0,1.7378008287493763e-08,13.304211357120174,19.35414109852358,19.169100638345977
N256_eta02,0.0001,0.0,1.8620871366628656e-08,16.89050317021994,19.53663802364956,19.348169229103682
N256_eta02,0.0001,0.0,1.995262314968879e-08,15.717906566299678,19.698662321752746,19.507132361312735
N256_eta02,0.0001,0.0,2.1379620895022325e-08,18.96228163790948,19.839305395127763,19.64510854857416
N256_eta02,0.0001,0.0,2.2908676527677703e-08,24.340330242854506,19.95776400040288,19.761318756188086
N256_eta02,0.0001,0.0,2.4547089156850285e-08,23.158926204229648,20.05335118056876,19.855096880816397
N256_eta02,0.0001,0.0,2.6302679918953814e-08,26.048363461287764,20.125505838303948,19.925898922926887
N256_eta02,0.0001,0.0,2.818382931264455e-08,17.691554140593702,20.17380070746041,19.97331062181213
N256_eta02,0.0001,0.0,3.0199517204020135e-08,20.074865828977767,20.19794851500125,19.99705335663461
N256_eta02,0.0001,0.0,3.2359365692962815e-08,14.032644186453485,20.197806169640454,19.996988158615817
N256_eta02,0.0001,0.0,3.467368504525317e-08,14.56679193880638,20.173376864329633,19.97311772762027
N256_eta02,0.0001,0.0,3.7153522909717206e-08,18.417494256118328,20.12481003549022,19.925586399051525
N256_eta02,0.0001,0.0,3.9810717055349696e-08,24.188392932595512,20.052399180111188,19.854678061963085
N256_eta02,0.0001,0.0,4.265795188015926e-08,30.78687677922774,19.95657759001916,19.760812084234484
N256_eta02,0.0001,0.0,4.5708818961487524e-08,24.40563882246081,19.83791211822439,19.64453735321469
N256_eta02,0.0001,0.0,4.897788193684457e-08,18.906479886767393,19.69709514290911,19.506524588185993
N256_eta02,0.0001,0.0,5.248074602497723e-08,14.94335921927622,19.534934938316397,19.347557122428437
N256_eta02,0.0001,0.0,5.623413251903491e-08,12.803768253826014,19.352344696819934,19.168520386041944
N256_eta02,0.0001,0.0,6.025595860743569e-08,16.418478179509922,19.150330471807095,18.970390344953245
N256_eta02,0.0001,0.0,6.456542290346549e-08,17.166119885036878,18.92997832602306,18.754221166159578
N256_eta02,0.0001,0.0,6.918309709189362e-08,22.611911747404875,18.692440974746823,18.52113238421055
N256_eta02,0.0001,0.0,7.413102413009178e-08,24.591207230272122,18.438924208128697,18.27229583965899
N256_eta02,0.0001,0.0,7.943282347242806e-08,19.695228957531217,18.170673363129023,18.008922647589113
N256_eta02,0.0001,0.0,8.511380382023759e-08,18.620613919254684,17.888960094061083,17.732250434550604
N256_eta02,0.0001,0.0,9.120108393559096e-08,13.325033100396919,17.595069663354455,17.44353105671494
N256_eta02,0.0001,0.0,9.772372209558092e-08,16.715080115188258,17.290288942379224,17.144018982367836
N256_eta02,0.0001,0.0,1.0471285480508985e-07,12.016118423922567,16.975895277799726,16.834960489528648
N256_eta02,0.0001,0.0,1.122018454301963e-07,13.95620161195583,16.653146343461927,16.51758379604201
N256_eta02,0.0001,0.0,1.202264434617413e-07,16.586165678961173,16.323271062747487,16.19309020628185
N256_eta02,0.0001,0.0,1.2882495516931324e-07,20.562305558686123,15.987461652904873,15.862646326814364
N256_eta02,0.0001,0.0,1.380384264602884e-07,23.09313411281654,15.646866812002898,15.52737737392923
N256_eta02,0.0001,0.0,1.4791083881682074e-07,16.17432097523174,15.302586041696067,15.18836156957683
N256_eta02,0.0001,0.0,1.584893192461111e-07,13.96055866689297,14.955665075262175,14.84662559941536
N256_eta02,0.0001,0.0,1.6982436524617427e-07,10.206251026753648,14.60709236079304,14.503141087627366
N256_eta02,0.0001,0.0,1.8197008586099827e-07,9.68719772512728,14.257796533870108,14.158822027970768
N256_eta02,0.0001,0.0,1.9498445997580458e-07,12.161660291745688,13.908644802497484,13.8145230990777
N256_eta02,0.0001,0.0,2.0892961308540366e-07,13.812276237639828,13.560442159193503,13.47103878407677
N256_eta02,0.0001,0.0,2.2387211385683377e-07,18.543289689516428,13.213931330626668,13.129103209862624
N256_eta02,0.0001,0.0,2.39883291901949e-07,17.195632189370293,12.869793373542965,12.789390619386626
N256_eta02,0.0001,0.0,2.570395782768865e-07,12.882799099902604,12.5286488265956,12.452516390774711
N256_eta02,0.0001,0.0,2.7542287033381637e-07,11.032557718573273,12.191059330534594,12.119038519468843
N256_eta02,0.0001,0.0,2.9512092266663846e-07,8.476801585556332,11.857529633631794,11.789459483522789
N256_eta02,0.0001,0.0,3.1622776601683797e-07,11.059876253879262,11.528509904815571,11.464228417273949
N256_eta02,0.0001,0.0,3.3884415613920205e-07,8.21835072300802,11.204398283343643,11.143743524511924
N256_eta02,0.0001,0.0,3.6307805477010105e-07,10.145223633949003,10.885543600707626,10.828354668662714
N256_eta02,0.0001,0.0,3.890451449942805e-07,11.264241275793418,10.572248217501665,10.518366084143773
N256_eta02,0.0001,0.0,4.1686938347033557e-07,13.413599186319692,10.264770925028948,10.214039159702939
N256_eta02,0.0001,0.0,4.4668359215096253e-07,13.765670150455003,9.963329868242797,9.915595251061223
N256_eta02,0.0001,0.0,4.786300923226381e-07,9.605384383143605,9.668105453129824,9.623218486402308
N256_eta02,0.0001,0.0,5.128613839913648e-07,8.577173452089182,9.3792432077289,9.337058534094652
N256_eta02,0.0001,0.0,5.495408738576237e-07,6.204545237467581,9.096856571564228,9.057233307428696
N256_eta02,0.0001,0.0,5.888436553555884e-07,6.137782180584664,8.82102959334848,8.783831586064426
N256_eta02,0.0001,0.0,6.309573444801931e-07,7.6238057564277995,8.551819521343118,8.516915538294619
N256_eta02,0.0001,0.0,6.760829753919819e-07,8.637393496518959,8.289259274767915,8.256523132137088
N256_eta02,0.0001,0.0,7.244359600749892e-07,11.539891507802128,8.033359788133854,8.002670426689086
N256_eta02,0.0001,0.0,7.762471166286911e-07,10.244426432243882,7.784112223373942,7.755353738130493
N256_eta02,0.0001,0.0,8.31763771102671e-07,7.845600863763021,7.54149004719289,7.514551677281148
N256_eta02,0.0001,0.0,8.912509381337442e-07,6.586236659978687,7.305450973178655,7.280227057734648
N256_eta02,0.0001,0.0,9.54992586021435e-07,5.14139472884084,7.075938769974278,7.052328675344354
N256_eta02,0.0001,0.0,1.0232929922807537e-06,6.605316801279527,6.85288493822256,6.83079296126373
N256_eta02,0.0001,0.0,1.0964781961431828e-06,4.754935186088624,6.636210260110702,6.615545511880113
N256_eta02,0.0001,0.0,1.1748975549395304e-06,5.774597078440854,6.425826226205915,6.406502499864484
N256_eta02,0.0001,0.0,1.2589254117941661e-06,6.282396923416011,6.221636344903989,6.203571971223308
N256_eta02,0.0001,0.0,1.3489628825916506e-06,7.9463354448307015,6.0235373402604235,6.006655033713022
N256_eta02,0.0001,0.0,1.445439770745928e-06,8.519283958669348,5.831420244255346,5.815646942293245
N256_eta02,0.0001,0.0,1.5488166189124796e-06,6.182367198247709,5.645171389694444,5.630438087475177
N256_eta02,0.0001,0.0,1.6595869074375565e-06,4.934297669037109,5.464673309984719,5.450914892491906
N256_eta02,0.0001,0.0,1.7782794100389231e-06,3.763029234006845,5.289805551975503,5.276960625196856
N256_eta02,0.0001,0.0,1.9054607179632443e-06,3.491422272731914,5.120445407931998,5.108456130503427
N256_eta02,0.0001,0.0,2.0417379446695316e-06,4.588913178123491,4.9564685725308735,4.945280489028445
N256_eta02,0.0001,0.0,2.187761623949552e-06,4.213474019506789,4.7977497305488095,4.78731160740836
N256_eta02,0.0001,0.0,2.344228815319918e-06,5.575854354676666,4.644163080664082,4.634426745529796
N256_eta02,0.0001,0.0,2.5118864315095823e-06,5.395401836110808,4.495582800519868,4.486502985666952
N256_eta02,0.0001,0.0,2.6915348039269138e-06,5.400699556711352,4.351883457913775,4.343417648253151
N256_eta02,0.0001,0.0,2.8840315031266e-06,4.975187222815444,4.2129403726862895,4.205048658740477
N256_eta02,0.0001,0.0,3.0902954325135923e-06,3.672700693701956,4.078629933588632,4.071274869725123
N256_eta02,0.0001,0.0,3.311311214825908e-06,3.5815990403039883,3.9488298741201406,3.9419763422403187
N256_eta02,0.0001,0.0,3.548133892335746e-06,2.590352608186162,3.823419511041256,3.8170345898477125
N256_eta02,0.0001,0.0,3.801893963205613e-06,2.6323319647994117,3.7022799489933567,3.696332788894377
N256_eta02,0.0001,0.0,4.073802778041122e-06,3.26946697956768,3.5852942543908384,3.5797559580475684
N256_eta02,0.0001,0.0,4.365158322401666e-06,3.386609123402253,3.47234760149836,3.4671911099751584
N256_eta02,0.0001,0.0,4.677351412871981e-06,4.405109891478774,3.3633273933651515,3.3585273778071345
N256_eta02,0.0001,0.0,5.011872336272715e-06,4.014597222003659,3.2581233600610373,3.253656118792792
N256_eta02,0.0001,0.0,5.370317963702533e-06,3.8347917294628697,3.1566276364452044,3.1524709973606777
N256_eta02,0.0001,0.0,5.754399373371567e-06,3.5760814543578707,3.0587348214979877,3.054868049592928
N256_eta02,0.0001,0.0,6.16595001861481e-06,2.742154998743061,2.964342021059257,2.960745730943173
N256_eta02,0.0001,0.0,6.606934480075964e-06,2.585980465441397,2.8733488756431083,2.870004948857341
N256_eta02,0.0001,0.0,7.079457843841373e-06,1.9435956663829197,2.785657574837486,2.782549081798673
N256_eta02,0.0001,0.0,7.585775750291821e-06,1.8837180913806773,2.7011728596485756,2.698283986032462
N256_eta02,0.0001,0.0,8.128305161640995e-06,2.4700246565392274,2.619802014013339,2.617117991391664
N256_eta02,0.0001,0.0,8.709635899560797e-06,2.0685230400587225,2.541454846578086,2.5389618871212005
N256_eta02,0.0001,0.0,9.332543007969886e-06,2.4864852369983295,2.46604366372688,2.463728898786195
N256_eta02,0.0001,0.0,1e-05,2.429131091132578,2.3934832347401978,2.391334657127289
N256_eta02,0.0001,0.0,1.071519305237605e-05,2.9461221185063664,2.323690749870853,2.321697159654001
N256_eta02,0.0001,0.0,1.1481536214968841e-05,3.371474551981683,2.256585772040886,2.2547367256845043
N256_eta02,0.0001,0.0,1.230268770812381e-05,2.7640838524742866,2.1920901827895936,2.1903759454674376
N256_eta02,0.0001,0.0,1.3182567385564049e-05,2.3576727784004126,2.1301281230383196,2.128539623957236
N256_eta02,0.0001,0.0,1.4125375446227553e-05,2.27839164839185,2.0706259291826123,2.069154719759989
N256_eta02,0.0001,0.0,1.5135612484362071e-05,1.922511494925969,2.013512064976177,2.012150279720673
N256_eta02,0.0001,0.0,1.6218100973589265e-05,1.7862457735768575,1.9587170496335526,1.9574573695855333
N256_eta02,0.0001,0.0,1.7378008287493764e-05,1.5064755049372924,1.906173382550094,1.905009001144887
N256_eta02,0.0001,0.0,1.8620871366628657e-05,1.4024494051189371,1.855815465017641,1.8547400562415552
N256_eta02,0.0001,0.0,1.995262314968875e-05,1.688675576684862,1.80757951930278,1.8065872080185437
N256_eta02,0.0001,0.0,2.1379620895022326e-05,1.2516958592493603,1.761403505451552,1.7604888397763865
N256_eta02,0.0001,0.0,2.29086765276777e-05,1.2408033956803322,1.717227036189207,1.7163849618152005
N256_eta02,0.0001,0.0,2.4547089156850235e-05,1.6064975804611816,1.6749912902963424,1.6742171266489694
N256_eta02,0.0001,0.0,2.6302679918953814e-05,1.1723577431665317,1.634638924862839,1.6339283429994476
N256_eta02,0.0001,0.0,2.8183829312644495e-05,1.1834176021593692,1.596113986847639,1.5954629890034058
N256_eta02,0.0001,0.0,3.0199517204020195e-05,1.4947997588224118,1.559361824405123,1.5587667250993205
N256_eta02,0.0001,0.0,3.235936569296281e-05,1.112796669259426,1.5243289984763797,1.5237864070968774
N256_eta02,0.0001,0.0,3.467368504525309e-05,1.115780086371751,1.4909631951846816,1.4904699999732927
N256_eta02,0.0001,0.0,3.715352290971728e-05,1.3991989219408967,1.4592131396176613,1.4587664929832653
N256_eta02,0.0001,0.0,3.9810717055349695e-05,1.045988868778569,1.4290285116217079,1.4286258167121075
N256_eta02,0.0001,0.0,4.265795188015917e-05,1.0534252068718888,1.400359864275142,1.3999987627421826
N256_eta02,0.0001,0.0,4.570881896148752e-05,1.2898771990534497,1.373158545743035,1.3728369066388244
N256_eta02,0.0001,0.0,4.897788193684457e-05,1.0772440813976365,1.3473766252453858,1.3470925349903564
N256_eta02,0.0001,0.0,5.2480746024977124e-05,1.1495100253106292,1.3229668238888006,1.3227185772550003
N256_eta02,0.0001,0.0,5.623413251903491e-05,1.2612126668408035,1.2998824511168028,1.2996685431721409
N256_eta02,0.0001,0.0,6.025595860743569e-05,1.4585315135592425,1.2780773475221938,1.2778964664835082
N256_eta02,0.0001,0.0,6.456542290346563e-05,1.4696883554327556,1.2575058347337407,1.2573568556784944
N256_eta02,0.0001,0.0,6.918309709189364e-05,1.4831639798290266,1.2381226730361776,1.2380046524244528
N256_eta02,0.0001,0.0,7.413102413009161e-05,1.4309089541241702,1.2198830273049737,1.2197951982652224
N256_eta02,0.0001,0.0,7.943282347242822e-05,1.154973890138019,1.2027424417342338,1.2026842100680792
N256_eta02,0.0001,0.0,8.51138038202376e-05,0.9415000813267134,1.1866568237068353,1.1866277645701246
N256_eta02,0.0001,0.0,9.120108393559079e-05,0.9454444753915732,1.1715824370011958,1.1715822922205463
N256_eta02,0.0001,0.0,9.772372209558111e-05,1.125327114041942,1.1574759043505205,1.1575045803368365
N256_eta02,0.0001,0.0,0.00010471285480508985,1.415296747326448,1.1442942191712215,1.1443517853940488
N256_eta02,0.0001,0.0,0.00011220184543019607,1.203024899278978,1.1319947660615886,1.1320814540507294
N256_eta02,0.0001,0.0,0.00012022644346174132,0.9894701928092577,1.1205353494454546,1.120651552288947
N256_eta02,0.0001,0.0,0.00012882495516931323,0.9095021014985001,1.1098742295049384,1.1100205018151215
N256_eta02,0.0001,0.0,0.0001380384264602881,1.1008113760579095,1.0999701643188318,1.1001472226407145
N256_eta02,0.0001,0.0,0.00014791083881682073,1.366338067211042,1.090782456906503,1.0909911805447434
N256_eta02,0.0001,0.0,0.0001584893192461111,1.0528133265496042,1.0822710056791165,1.082512437921346
N256_eta02,0.0001,0.0,0.0001698243652461746,0.9013003607282069,1.0743963566277184,1.074671706342414
N256_eta02,0.0001,0.0,0.00018197008586099826,1.1425958990672023,1.0671197554377532,1.0674303990239533
N256_eta02,0.0001,0.0,0.00019498445997580418,1.0921917581701206,1.0604031976167145,1.0607506812801755
N256_eta02,0.0001,0.0,0.00020892961308540412,0.8923836651321916,1.0542094746591297,1.0545955169845709
N256_eta02,0.0001,0.0,0.00022387211385683378,1.0992926292209584,1.0485022142521059,1.0489287090334405
N256_eta02,0.0001,0.0,0.0002398832919019485,1.1061530008863683,1.0432459125441775,1.0437149318235364
N256_eta02,0.0001,0.0,0.0002570395782768865,1.0034535471924861,1.0384059565570707,1.0389197538083472
N256_eta02,0.0001,0.0,0.00027542287033381635,1.2303174277100128,1.0339486349089957,1.034509648281966
N256_eta02,0.0001,0.0,0.0002951209226666378,1.0025845363500467,1.0298411351324477,1.030451990648444
N256_eta02,0.0001,0.0,0.000316227766016838,1.0588257469595415,1.0260515260010914,1.026715040559968
N256_eta02,0.0001,0.0,0.0003388441561392021,1.0269927858963206,1.0225487234204163,1.0232679074401976
N256_eta02,0.0001,0.0,0.0003630780547701003,0.9431840725580274,1.0193024385767189,1.0200804980408211
N256_eta02,0.0001,0.0,0.0003890451449942805,1.05762164909172,1.0162831071704275,1.017123444801459
N256_eta02,0.0001,0.0,0.0004168693834703347,0.9048443469604822,1.0134617986759258,1.014368013888463
N256_eta02,0.0001,0.0,0.0004466835921509635,1.0646399919722906,1.0108101046660467,1.0117859918717893
N256_eta02,0.0001,0.0,0.00047863009232263805,0.9002253290781828,1.0083000053128384,1.0093495500584173
N256_eta02,0.0001,0.0,0.0005128613839913639,1.0534207934047257,1.0059037132279753,1.0070310855363704
N256_eta02,0.0001,0.0,0.0005495408738576249,0.9168053187031678,1.003593493840873,1.004803037999724
N256_eta02,0.0001,0.0,0.0005888436553555884,1.0267600659120515,1.0013414615391483,1.0026376814309135
N256_eta02,0.0001,0.0,0.0006309573444801918,0.9682340388451218,0.9991193508286531,1.0005068897263019
N256_eta02,0.0001,0.0,0.000676082975391982,0.9918909511424219,0.9968982618286436,0.9983818753843754
N256_eta02,0.0001,0.0,0.0007244359600749892,1.064165613088738,0.9946483795284986,0.9962329004602934
N256_eta02,0.0001,0.0,0.0007762471166286897,0.9711770632421551,0.9923386664299727,0.9940289591611284
N256_eta02,0.0001,0.0,0.000831763771102671,1.1257133986229864,0.9899365285268731,0.9917374317582129
N256_eta02,0.0001,0.0,0.000891250938133744,0.9695066561225159,0.9874074550860469,0.9893237099827545
N256_eta02,0.0001,0.0,0.000954992586021437,1.0159603397041137,0.9847146334554467,0.9867507948179345
N256_eta02,0.0001,0.0,0.0010232929922807535,1.011848593473743,0.9818185412156376,0.983978868688999
N256_eta02,0.0001,0.0,0.001096478196143183,0.8894385836842491,0.9786765195030191,0.9809648455824944
N256_eta02,0.0001,0.0,0.0011748975549395304,1.0155515740970575,0.9752423333727739,0.9776619047128376
N256_eta02,0.0001,0.0,0.0012589254117941662,0.947057551888229,0.9714657277546858,0.9740190161295005
N256_eta02,0.0001,0.0,0.0013489628825916506,0.8846267351037468,0.9672919910101195,0.9699804702618637
N256_eta02,0.0001,0.0,0.0014454397707459282,1.00848133460106,0.9626615424450445,0.9654854279726509
N256_eta02,0.0001,0.0,0.0015488166189124796,0.9480106791798998,0.9575095654749909,0.9604675133609085
N256_eta02,0.0001,0.0,0.0016595869074375565,0.9351790618811564,0.951765714533182,0.9548544784071193
N256_eta02,0.0001,0.0,0.001778279410038923,1.0462919116970806,0.9453539312440378,0.9485679765928647
N256_eta02,0.0001,0.0,0.0019054607179632445,0.9441969953699081,0.9381924137041987,0.9415234917298225
N256_eta02,0.0001,0.0,0.0020417379446695232,0.8555243101162736,0.9301937915837656,0.933630478069155
N256_eta02,0.0001,0.0,0.002187761623949552,0.9422105342021234,0.9212655685734066,0.924792777712828
N256_eta02,0.0001,0.0,0.002344228815319918,0.9257208749038033,0.9113109014941984,0.9149093904021334
N256_eta02,0.0001,0.0,0.002511886431509582,0.8284060825559347,0.9002297907535282,0.9038756774140682
N256_eta02,0.0001,0.0,0.0026915348039269144,0.8905620177317854,0.8879207578735491,0.8915850834852345
N256_eta02,0.0001,0.0,0.0028840315031266,0.9698021506401875,0.874283080147456,0.8779314557584512
N256_eta02,0.0001,0.0,0.003090295432513592,0.8545401895347238,0.8592196373207737,0.8628120235871743
N256_eta02,0.0001,0.0,0.003311311214825908,0.7860192464803797,0.8426403976701367,0.8461310743271255
N256_eta02,0.0001,0.0,0.003548133892335746,0.8438353244466941,0.8244665284667947,0.8278043150331462
N256_eta02,0.0001,0.0,0.0038018939632056127,0.8220580131733629,0.8046350571968641,0.8077638464808207
N256_eta02,0.0001,0.0,0.0040738027780411225,0.7336184809959224,0.7831039357790425,0.7859635946426653
N256_eta02,0.0001,0.0,0.004365158322401648,0.7531788370835352,0.759857274221814,0.7623849496743149
N256_eta02,0.0001,0.0,0.004677351412871981,0.8074319024352749,0.7349104205706283,0.7370422622051959
N256_eta02,0.0001,0.0,0.005011872336272715,0.715959441914265,0.7083144828576277,0.7099877549496475
N256_eta02,0.0001,0.0,0.005370317963702533,0.621672221848454,0.6801598320497448,0.6813153424352719
N256_eta02,0.0001,0.0,0.005754399373371567,0.6295645416969907,0.650578110356561,0.6511628331958413
N256_eta02,0.0001,0.0,0.006165950018614809,0.6548171386868511,0.6197423125690877,0.6197120354193054
N256_eta02,0.0001,0.0,0.006606934480075964,0.6059964514984385,0.5878646188838211,0.5871864099233803
N256_eta02,0.0001,0.0,0.007079457843841374,0.5448773287589858,0.555191834589784,0.5538461120921949
N256_eta02,0.0001,0.0,0.007585775750291821,0.5127868205976188,0.5219985198754868,0.5199805196495333
N256_eta02,0.0001,0.0,0.008128305161640995,0.5029788660124681,0.4885781429207902,0.48589862256583455
N256_eta02,0.0001,0.0,0.008709635899560796,0.453300131725834,0.4552328228199417,0.45191791067989395
N256_eta02,0.0001,0.0,0.009332543007969887,0.39675836048014124,0.42226240529349324,0.41835258758980026
N256_eta02,0.0001,0.0,0.01,0.3879318595870266,0.3899537007672693,0.38550202916557796
N256_eta02,0.0001,4.0,1.0000000000000002e-14,0.3274856053346465,0.3869903576255699,0.38689658655441445
N256_eta02,0.0001,4.0,1.0715193052376049e-14,0.2998313563570952,0.40058991452251214,0.40049032228736786
N256_eta02,0.0001,4.0,1.148153621496884e-14,0.4017547194336943,0.41466747393775594,0.4145614822271388
N256_eta02,0.0001,4.0,1.2302687708123812e-14,0.3314583323782857,0.4292398891081388,0.4291268125377301
N256_eta02,0.0001,4.0,1.3182567385564046e-14,0.4391113571459573,0.44432392163914985,0.4442036444358284
N256_eta02,0.0001,4.0,1.4125375446227557e-14,0.48459283131603864,0.45993787796136565,0.4598099143751122
N256_eta02,0.0001,4.0,1.5135612484362073e-14,0.6212717078389378,0.4761004648309608,0.47596418489891573
N256_eta02,0.0001,4.0,1.6218100973589332e-14,0.6273973778664365,0.4928308569342383,0.49268566618027676
N256_eta02,0.0001,4.0,1.7378008287493765e-14,0.49398668558141356,0.5101490626759592,0.5099942382685576
N256_eta02,0.0001,4.0,1.8620871366628658e-14,0.47420304972755734,0.5280752566477004,0.5279104740620095
N256_eta02,0.0001,4.0,1.9952623149688828e-14,0.39084953335497874,0.5466313541461769,0.5464556630256835
N256_eta02,0.0001,4.0,2.1379620895022327e-14,0.4236422447482021,0.5658393186200151,0.5656518356741513
N256_eta02,0.0001,4.0,2.29086765276777e-14,0.5419935199770719,0.5857214784633128,0.5855217888384392
N256_eta02,0.0001,4.0,2.4547089156850338e-14,0.6466611887618535,0.606302139866668,0.6060891117364295
N256_eta02,0.0001,4.0,2.6302679918953815e-14,0.9068091342462385,0.6276051512694997,0.6273782128657889
N256_eta02,0.0001,4.0,2.8183829312644495e-14,0.8195495268809272,0.6496565238700376,0.6494143477381465
N256_eta02,0.0001,4.0,3.019951720402019e-14,0.6830097117553255,0.6724818240339853,0.6722236474727832
N256_eta02,0.0001,4.0,3.2359365692962816e-14,0.5923795277789888,0.696108584039677,0.695833148267519
N256_eta02,0.0001,4.0,3.46736850452531e-14,0.5406518707617846,0.7205647619347633,0.7202708217637833
N256_eta02,0.0001,4.0,3.715352290971728e-14,0.7222918093836079,0.7458792529256032,0.7455656063218798
N256_eta02,0.0001,4.0,3.9810717055349693e-14,0.5940802844471035,0.7720820633092657,0.771747439221413
N256_eta02,0.0001,4.0,4.2657951880159345e-14,0.7845662888696991,0.7992044219140078,0.7988472898005182
N256_eta02,0.0001,4.0,4.570881896148752e-14,0.866900982252108,0.827278437051226,0.8268971935459428
N256_eta02,0.0001,4.0,4.897788193684456e-14,1.1200632014224436,0.8563373720189309,0.8559302871442303
N256_eta02,0.0001,4.0,5.248074602497734e-14,1.135142983343729,0.8864154622783373,0.8859808445020834
N256_eta02,0.0001,4.0,5.623413251903491e-14,0.8939265637705506,0.917548279695428,0.9170843137415151
N256_eta02,0.0001,4.0,6.025595860743569e-14,0.8513421143176216,0.9497728174493127,0.9492773551725369
N256_eta02,0.0001,4.0,6.456542290346563e-14,0.7028005938152581,0.9831270143295958,0.9825978802427968
N256_eta02,0.0001,4.0,6.918309709189363e-14,0.7614886676233483,1.0176503148877398,1.0170850914598337
N256_eta02,0.0001,4.0,7.413102413009162e-14,0.9763795406742335,1.053383296099519,1.0527795232773327
N256_eta02,0.0001,4.0,7.943282347242822e-14,1.1572235218037055,1.0903679365511707,1.0897230839317944
N256_eta02,0.0001,4.0,8.51138038202376e-14,1.6268438441925406,1.128648087847093,1.127959098210525
N256_eta02,0.0001,4.0,9.120108393559116e-14,1.472790704765667,1.1682685309047827,1.1675323511255955
N256_eta02,0.0001,4.0,9.772372209558112e-14,1.2327524172590894,1.2092756817363568,1.2084891324611904
N256_eta02,0.0001,4.0,1.0471285480508985e-13,1.0670901134980442,1.2517178523308015,1.2508772821539194
N256_eta02,0.0001,4.0,1.1220184543019654e-13,0.9733728720019472,1.2956445146347648,1.2947462364565256
N256_eta02,0.0001,4.0,1.2022644346174131e-13,1.2980620714077873,1.341107142525197,1.340147074825353
N256_eta02,0.0001,4.0,1.2882495516931323e-13,1.0669918832612282,1.3881586459330542,1.3871325674606498
N256_eta02,0.0001,4.0,1.3803842646028868e-13,1.4086538118652232,1.4368540141618056,1.4357572234159313
N256_eta02,0.0001,4.0,1.4791083881682072e-13,1.5539456420589934,1.4872497760744738,1.4860773391785673
N256_eta02,0.0001,4.0,1.584893192461111e-13,2.01751674744753,1.5394043677942997,1.5381510476078233
N256_eta02,0.0001,4.0,1.698243652461746e-13,2.0409687383024337,1.5933782662858251,1.5920383670988452
N256_eta02,0.0001,4.0,1.8197008586099824e-13,1.6093455063937536,1.6492338323253632,1.6478012508214221
N256_eta02,0.0001,4.0,1.9498445997580416e-13,1.5264968502394898,1.7070353123182411,1.705503635860412
N256_eta02,0.0001,4.0,2.0892961308540411e-13,1.2612895281970045,1.7668492407406213,1.7652114920602378
N256_eta02,0.0001,4.0,2.2387211385683378e-13,1.371358711386474,1.8287441502341817,1.8269928703488434
N256_eta02,0.0001,4.0,2.3988329190194847e-13,1.7587578704823945,1.8927906124692906,1.8909179502864712
N256_eta02,0.0001,4.0,2.570395782768865e-13,2.081678410126275,1.9590616163537926,1.957059086551197
N256_eta02,0.0001,4.0,2.7542287033381635e-13,2.9268612665771157,2.027632383976462,2.0254908540364114
N256_eta02,0.0001,4.0,2.95120922666639e-13,2.6403556984553136,2.0985803722624246,2.096290091194723
N256_eta02,0.0001,4.0,3.1622776601683797e-13,2.212852283881322,2.1719852625269342,2.169535941217517
N256_eta02,0.0001,4.0,3.3884415613920205e-13,1.9062936660778294,2.2479294461813506,2.2453098905900775
N256_eta02,0.0001,4.0,3.630780547701018e-13,1.7461356144062334,2.3264974686983537,2.3236958045071523
N256_eta02,0.0001,4.0,3.890451449942805e-13,2.3300878781553873,2.407776435908374,2.404779958573802
N256_eta02,0.0001,4.0,4.168693834703347e-13,1.9218035470707,2.4918559057913656,2.4886510661501178
N256_eta02,0.0001,4.0,4.466835921509635e-13,2.5489636791437675,2.578828070505459,2.5754003006256627
N256_eta02,0.0001,4.0,4.786300923226381e-13,2.792323098241456,2.6687874777824265,2.665121311829827
N256_eta02,0.0001,4.0,5.128613839913659e-13,3.625470994973064,2.761831394858669,2.7579102356971403
N256_eta02,0.0001,4.0,5.495408738576248e-13,3.624689768819038,2.858059627623095,2.8538656962110003
N256_eta02,0.0001,4.0,5.888436553555884e-13,2.8674694262177196,2.9575744033327123,2.9530887985455463
N256_eta02,0.0001,4.0,6.309573444801943e-13,2.727151180752252,3.0604806126653554,3.0556831122117263
N256_eta02,0.0001,4.0,6.760829753919819e-13,2.2532401558232165,3.1668855952050965,3.161754642890586
N256_eta02,0.0001,4.0,7.244359600749892e-13,2.474910935810604,3.2768993023377373,3.2714117915031378
N256_eta02,0.0001,4.0,7.762471166286928e-13,3.16240457915153,3.390633971391228,3.3847652989212444
N256_eta02,0.0001,4.0,8.317637711026709e-13,3.7738228788039727,3.5082042856803737,3.5019281745678725
N256_eta02,0.0001,4.0,8.912509381337441e-13,5.279798179159378,3.6297271806201747,3.6230156069868045
N256_eta02,0.0001,4.0,9.54992586021437e-13,4.704204517742554,3.7553217885670547,3.74814485428106
N256_eta02,0.0001,4.0,1.0232929922807536e-12,3.924709256538873,3.885109224510213,3.8774351121262214
N256_eta02,0.0001,4.0,1.0964781961431851e-12,3.3490812086626303,4.019212686725029,4.011007356858711
N256_eta02,0.0001,4.0,1.1748975549395302e-12,3.1066198948152945,4.157756867465303,4.148984160920338
N256_eta02,0.0001,4.0,1.258925411794166e-12,4.165470528422073,4.300868098483987,4.291489477709467
N256_eta02,0.0001,4.0,1.3489628825916534e-12,3.471791985349324,4.448673970192745,4.438648392646476
N256_eta02,0.0001,4.0,1.445439770745928e-12,4.664188175979565,4.601303059287427,4.59058683700761
N256_eta02,0.0001,4.0,1.5488166189124795e-12,5.022387515790547,4.758884560318714,4.747431260818893
N256_eta02,0.0001,4.0,1.6595869074375598e-12,6.459823658785161,4.9215480539555925,4.90930826083189
N256_eta02,0.0001,4.0,1.7782794100389228e-12,6.2700497835530475,5.089422887495011,5.076344159328664
N256_eta02,0.0001,4.0,1.9054607179632443e-12,4.999328593879124,5.262637923801593,5.248664529228067
N256_eta02,0.0001,4.0,2.041737944669532e-12,4.823122297045984,5.441320805310415,5.426393660693288
N256_eta02,0.0001,4.0,2.1877616239495518e-12,3.981530044612098,5.625597572263086,5.609653964177114
N256_eta02,0.0001,4.0,2.344228815319923e-12,4.468858434324627,5.815591803376092,5.798565304593714
N256_eta02,0.0001,4.0,2.5118864315095823e-12,5.641985134778492,6.011423991981801,5.9932442610807515
N256_eta02,0.0001,4.0,2.6915348039269142e-12,6.8989480494956315,6.213210636596606,6.193803306624749
N256_eta02,0.0001,4.0,2.884031503126606e-12,9.475353305079299,6.421063482183746,6.40034990167548
N256_eta02,0.0001,4.0,3.090295432513592e-12,8.225226375742533,6.635088320838158,6.612985495786732
N256_eta02,0.0001,4.0,3.311311214825908e-12,6.770317780783834,6.855384035029949,6.831804431305838
N256_eta02,0.0001,4.0,3.548133892335753e-12,5.6859393677862045,7.082041320727109,7.056892743211501
N256_eta02,0.0001,4.0,3.8018939632056125e-12,5.420826983790271,7.315141386392464,7.288326849389023
N256_eta02,0.0001,4.0,4.073802778041122e-12,7.341263446586067,7.554754531090099,7.5261721259579515
N256_eta02,0.0001,4.0,4.365158322401657e-12,6.268743194118345,7.800938515638799,7.770481362755031
N256_eta02,0.0001,4.0,4.677351412871982e-12,8.628455238971123,8.053736920955817,8.021293094754297
N256_eta02,0.0001,4.0,5.011872336272715e-12,8.952578004591075,8.313177309921617,8.278629806108762
N256_eta02,0.0001,4.0,5.370317963702533e-12,11.165358539249208,8.579269280016666,8.5424960046568
N256_eta02,0.0001,4.0,5.754399373371567e-12,10.222075729965521,8.852002329999463,8.81287616618853
N256_eta02,0.0001,4.0,6.165950018614822e-12,8.312517785531178,9.131343653569543,9.0897325495508
N256_eta02,0.0001,4.0,6.6069344800759645e-12,8.294257217590893,9.417235799041816,9.373002885819666
N256_eta02,0.0001,4.0,7.079457843841373e-12,6.850260820013946,9.709594094705373,9.662597947326585
N256_eta02,0.0001,4.0,7.585775750291836e-12,8.000873796341919,10.008304134283234,9.958399005320421
N256_eta02,0.0001,4.0,8.128305161640996e-12,9.792493211690957,10.313219012750405,10.260255188513854
N256_eta02,0.0001,4.0,8.709635899560797e-12,12.55698521282439,10.624156482003217,10.56798075872181
N256_eta02,0.0001,4.0,9.332543007969906e-12,16.28748544722316,10.940896132068353,10.88135232426411
N256_eta02,0.0001,4.0,1e-11,13.582151675011868,11.263176438555277,11.200106016773873
N256_eta02,0.0001,4.0,1.0715193052376049e-11,10.940307989022656,11.590691794363215,11.523934662509136
N256_eta02,0.0001,4.0,1.1481536214968842e-11,8.997766517530659,11.923089651650455,11.852484985166631
N256_eta02,0.0001,4.0,1.2302687708123813e-11,9.030111640283682,12.259967628571376,12.185354883476691
N256_eta02,0.0001,4.0,1.3182567385564075e-11,12.356408303299666,12.600870781642637,12.52209083341841
N256_eta02,0.0001,4.0,1.4125375446227556e-11,11.112097943482617,12.94528907515591,12.86218547159752
N256_eta02,0.0001,4.0,1.5135612484362072e-11,15.772472396854928,13.292655054331693,13.205075423002254
N256_eta02,0.0001,4.0,1.6218100973589298e-11,15.207724314686217,13.642341864347177,13.550139442772371
N256_eta02,0.0001,4.0,1.7378008287493765e-11,17.525341950127952,13.993661612000583,13.896696947519413
N256_eta02,0.0001,4.0,1.8620871366628657e-11,14.648536755112767,14.345864274464848,14.24400701680959
N256_eta02,0.0001,4.0,1.995262314968879e-11,12.478368072563807,14.698137115823258,14.59126794931072
N256_eta02,0.0001,4.0,2.1379620895022327e-11,13.237927895126674,15.049604772099848,14.937617460419279
N256_eta02,0.0001,4.0,2.2908676527677702e-11,11.046911415952597,15.399330109570592,15.282133608507696
N256_eta02,0.0001,4.0,2.4547089156850283e-11,13.725962081883454,15.746315887715683,15.62383653483517
N256_eta02,0.0001,4.0,2.6302679918953818e-11,15.621673269031914,16.089507361536736,15.961691097229036
N256_eta02,0.0001,4.0,2.8183829312644493e-11,21.297628527747882,16.42779588147272,16.294610469482162
N256_eta02,0.0001,4.0,3.019951720402019e-11,23.791321162039935,16.76002355025172,16.621460766700025
N256_eta02,0.0001,4.0,3.235936569296281e-11,19.26176063630912,17.08498901511329,16.941066741343242
N256_eta02,0.0001,4.0,3.467368504525317e-11,15.318042632786938,17.401454374162675,17.252218575348465
N256_eta02,0.0001,4.0,3.715352290971728e-11,12.427467559411172,17.7081532651626,17.55367977054131
N256_eta02,0.0001,4.0,3.9810717055349695e-11,13.523933283317291,18.003800049734664,17.844196112845175
N256_eta02,0.0001,4.0,4.2657951880159254e-11,18.280561860914986,18.28710009290849,18.1225056560243
N256_eta02,0.0001,4.0,4.570881896148752e-11,18.151639415241064,18.55676102127584,18.38734963860596
N256_eta02,0.0001,4.0,4.897788193684457e-11,25.589790561886026,18.811504845013285,18.637484214167564
N256_eta02,0.0001,4.0,5.2480746024977236e-11,22.023368403108154,19.050080781505066,18.871692841538778
N256_eta02,0.0001,4.0,5.6234132519034906e-11,21.76667444082802,19.271278595073397,19.0887991490367
N256_eta02,0.0001,4.0,6.025595860743569e-11,16.65442775221927,19.47394221662073,19.287680057137933
N256_eta02,0.0001,4.0,6.456542290346562e-11,15.44410820704163,19.656983413026207,19.467278918572998
N256_eta02,0.0001,4.0,6.918309709189364e-11,17.79391000296037,19.819395199609488,19.626618415258033
N256_eta02,0.0001,4.0,7.413102413009162e-11,15.432715967634586,19.960264739117413,19.764812939177517
N256_eta02,0.0001,4.0,7.943282347242822e-11,20.462186059096737,20.07878542514132,19.88108018048881
N256_eta02,0.0001,4.0,8.511380382023759e-11,20.291452905313353,20.174267856088388,19.974751651591372
N256_eta02,0.0001,4.0,9.120108393559097e-11,27.882390763443183,20.24614944405418,20.045281891119853
N256_eta02,0.0001,4.0,9.772372209558111e-11,24.36941616378869,20.294002404779153,20.092256116731487
N256_eta02,0.0001,4.0,1.0471285480508986e-10,20.433329360056902,20.317539921914932,20.11539612959026
N256_eta02,0.0001,4.0,1.1220184543019632e-10,16.72753961707949,20.31662032490642,20.11456431551749
N256_eta02,0.0001,4.0,1.2022644346174132e-10,13.790974978008705,20.29124916468142,20.089765636320394
N256_eta02,0.0001,4.0,1.2882495516931322e-10,16.48410944998831,20.241579132245917,20.041147557876023
N256_eta02,0.0001,4.0,1.3803842646028838e-10,20.70784666571585,20.167907821701775,19.96899791690461
N256_eta02,0.0001,4.0,1.479108388168207e-10,23.537908205897565,20.070673399672998,19.87374078364068
N256_eta02,0.0001,4.0,1.5848931924611142e-10,28.889166927689082,19.950448295771007,19.75593043043086
N256_eta02,0.0001,4.0,1.6982436524617427e-10,22.939060277011755,19.807931083504133,19.616243564439277
N256_eta02,0.0001,4.0,1.8197008586099827e-10,19.0622448580168,19.64393676128026,19.45547002419588
N256_eta02,0.0001,4.0,1.9498445997580455e-10,14.234290948223274,19.45938568346214,19.27450217315095
N256_eta02,0.0001,4.0,2.0892961308540407e-10,14.600032516722504,19.25529140586392,19.074323247649733
N256_eta02,0.0001,4.0,2.2387211385683377e-10,17.988313298378003,19.032747741235656,18.855994931276896
N256_eta02,0.0001,4.0,2.3988329190194897e-10,16.819841365652394,18.792915309644,18.62064443232618
N256_eta02,0.0001,4.0,2.570395782768865e-10,22.52251809441806,18.5370078729205,18.369451336688748
N256_eta02,0.0001,4.0,2.7542287033381637e-10,19.005007049240493,18.266278721697745,18.10363449560599
N256_eta02,0.0001,4.0,2.951209226666384e-10,23.447179741109533,17.982007370553294,17.82443918770795
N256_eta02,0.0001,4.0,3.1622776601683795e-10,17.147295607089372,17.685486777622604,17.53312476899097
N256_eta02,0.0001,4.0,3.3884415613920275e-10,15.676379629784499,17.378011282727726,17.23095299443464
N256_eta02,0.0001,4.0,3.6307805477010104e-10,13.714601477903907,17.060865420392638,16.91917716239443
N256_eta02,0.0001,4.0,3.890451449942805e-10,11.857576233873262,16.73531372551069,16.599032199240575
N256_eta02,0.0001,4.0,4.168693834703355e-10,15.148098796191466,16.402591616207914,16.27172576831386
N256_eta02,0.0001,4.0,4.4668359215096254e-10,16.82670495272651,16.063897410079353,15.938430455307735
N256_eta02,0.0001,4.0,4.78630092322638e-10,21.0169433153158,15.72038548652908,15.600277052613269
N256_eta02,0.0001,4.0,5.128613839913648e-10,20.65489453373429,15.373160593203663,15.258348938685911
N256_eta02,0.0001,4.0,5.495408738576249e-10,16.763668314110475,15.023273265428115,14.9136775255816
N256_eta02,0.0001,4.0,5.888436553555885e-10,12.641405404873456,14.671716304385678,14.56723872871677
N256_eta02,0.0001,4.0,6.30957344480193e-10,9.736489539364376,14.31942225027994,14.21995039768483
N256_eta02,0.0001,4.0,6.760829753919819e-10,10.778470164601268,13.967261772866031,13.872670635506061
N256_eta02,0.0001,4.0,7.244359600749892e-10,13.61526635178844,13.616042890943268,13.526196925760853
N256_eta02,0.0001,4.0,7.762471166286911e-10,13.796596426607886,13.266510934567341,13.181265982330299
N256_eta02,0.0001,4.0,8.31763771102671e-10,17.343208631062616,12.919349154454684,12.838554234553733
N256_eta02,0.0001,4.0,8.91250938133746e-10,13.302739918013867,12.575179889286716,12.498678861087916
N256_eta02,0.0001,4.0,9.54992586021435e-10,14.362504462619832,12.234566203687988,12.162199288190607
N256_eta02,0.0001,4.0,1.0232929922807536e-09,9.992692214143784,11.898013910676683,11.829619072135436
N256_eta02,0.0001,4.0,1.0964781961431852e-09,9.82262760330928,11.565973904355886,11.501388090606937
N256_eta02,0.0001,4.0,1.1748975549395278e-09,9.12954947355502,11.238844728069752,11.177904973872725
N256_eta02,0.0001,4.0,1.2589254117941663e-09,8.30911776836219,10.916975314696844,10.859519712975763
N256_eta02,0.0001,4.0,1.3489628825916533e-09,10.880077311977349,10.600667842385894,10.546536388870784
N256_eta02,0.0001,4.0,1.445439770745928e-09,10.86725052488801,10.290180654221437,10.23921597312768
N256_eta02,0.0001,4.0,1.5488166189124799e-09,13.900722807374027,9.985731197969148,9.93777915736934
N256_eta02,0.0001,4.0,1.6595869074375598e-09,11.760805233613533,9.687498950608834,9.642409174867831
N256_eta02,0.0001,4.0,1.778279410038923e-09,10.092462013032048,9.395628294757048,9.353254583595454
N256_eta02,0.0001,4.0,1.9054607179632444e-09,7.383015515398279,9.11023132320654,9.070431985450075
N256_eta02,0.0001,4.0,2.0417379446695276e-09,5.907916693241697,8.831390550359774,8.794028661308893
N256_eta02,0.0001,4.0,2.187761623949552e-09,6.823254675012239,8.559161515676317,8.524105105994412
N256_eta02,0.0001,4.0,2.344228815319923e-09,8.611589680017346,8.293575267101435,8.260697451160153
N256_eta02,0.0001,4.0,2.511886431509577e-09,9.21123507794394,8.034640716411051,8.003819767536996
N256_eta02,0.0001,4.0,2.6915348039269142e-09,10.741404663611782,7.7823468616653715,7.753466240945408
N256_eta02,0.0001,4.0,2.884031503126606e-09,8.001456481206334,7.536664873683414,7.50961321900655
N256_eta02,0.0001,4.0,3.0902954325135923e-09,7.942679740159985,7.297550046742684,7.272221127608992
N256_eta02,0.0001,4.0,3.3113112148259078e-09,5.529185807000086,7.06494361421968,7.041236257946877
N256_eta02,0.0001,4.0,3.5481338923357537e-09,5.669489753057634,6.838774432584563,6.816592426375701
N256_eta02,0.0001,4.0,3.8018939632056126e-09,5.460721815280065,6.618960536981586,6.598212510472234
N256_eta02,0.0001,4.0,4.073802778041122e-09,5.1539480088573955,6.405410573640964,6.386009865570351
N256_eta02,0.0001,4.0,4.365158322401657e-09,6.762531617626105,6.198025114241013,6.179889626709732
N256_eta02,0.0001,4.0,4.6773514128719815e-09,6.350293373289664,5.996697858092967,5.979749901410073
N256_eta02,0.0001,4.0,5.0118723362727255e-09,8.077679691977192,5.801316728246623,5.785482858998815
N256_eta02,0.0001,4.0,5.370317963702522e-09,6.38544060750975,5.6117648678913294,5.596975722401752
N256_eta02,0.0001,4.0,5.754399373371567e-09,5.7002248620498985,5.427921543096161,5.41411166837576
N256_eta02,0.0001,4.0,6.165950018614823e-09,4.1421693609263075,5.249662958434661,5.236770642142429
N256_eta02,0.0001,4.0,6.606934480075952e-09,3.4005162852392905,5.076862991318729,5.064830092288249
N256_eta02,0.0001,4.0,7.0794578438413736e-09,4.005825267038173,4.909393851271901,4.898165631646588
N256_eta02,0.0001,4.0,7.585775750291836e-09,5.025821531218661,4.747126669620719,4.736651629682921
N256_eta02,0.0001,4.0,8.128305161640994e-09,5.5270652633724495,4.5899320252125655,4.580161741677978
N256_eta02,0.0001,4.0,8.709635899560797e-09,6.136426621783696,4.437680411349321,4.428569379754563
N256_eta02,0.0001,4.0,9.332543007969905e-09,4.548854592257346,4.290242648822698,4.281748130529313
N256_eta02,0.0001,4.0,1e-08,4.342740002870353,4.147490249679225,4.139572123898412
N256_eta02,0.0001,4.0,1.0715193052376048e-08,3.0450101869729918,4.009295736107031,4.001916357190615
N256_eta02,0.0001,4.0,1.1481536214968818e-08,3.1896780530655193,3.875532918416014,3.8686569786469294
N256_eta02,0.0001,4.0,1.2302687708123811e-08,3.1165532106946836,3.7460771359283678,3.739671533916974
N256_eta02,0.0001,4.0,1.3182567385564074e-08,3.001538214123408,3.620805464260158,3.6148391789997736
N256_eta02,0.0001,4.0,1.4125375446227526e-08,3.9248025898982917,3.4995968922016645,3.494040862804307
N256_eta02,0.0001,4.0,1.5135612484362072e-08,3.5889236756776324,3.38233247122443,3.3771594822629747
N256_eta02,0.0001,4.0,1.62181009735893e-08,4.52761638781267,3.26889544028451,3.2640800127011387
N256_eta02,0.0001,4.0,1.7378008287493763e-08,3.4891167517679107,3.1591713285066136,3.1546896159479054
N256_eta02,0.0001,4.0,1.8620871366628656e-08,3.176577309129396,3.053048038005022,3.0488777284682906
N256_eta02,0.0001,4.0,1.995262314968879e-08,2.3037676269340093,2.9504159089713577,2.946536131604433
N256_eta02,0.0001,4.0,2.1379620895022325e-08,1.914711344294987,2.851167768944867,2.847559005833811
N256_eta02,0.0001,4.0,2.2908676527677703e-08,2.2719206125775018,2.755198968013539,2.7518429707849106
N256_eta02,0.0001,4.0,2.4547089156850285e-08,2.8397170636616638,2.662407401552377,2.6592871125953876
N256_eta02,0.0001,4.0,2.6302679918953814e-08,3.157446466208116,2.5726935219182927,2.5697930000539166
N256_eta02,0.0001,4.0,2.818382931264455e-08,3.429553558265744,2.4859603404395094,2.483264690833772
N256_eta02,0.0001,4.0,3.0199517204020135e-08,2.5394872697561914,2.4021134208726105,2.3996087290038655
N256_eta02,0.0001,4.0,3.2359365692962815e-08,2.400157129051193,2.3210608653922256,2.3187341348901604
N256_eta02,0.0001,4.0,3.467368504525317e-08,1.6888226324689748,2.2427132940990107,2.2405523882570124
N256_eta02,0.0001,4.0,3.7153522909717206e-08,1.785151166936882,2.166983818897548,2.164977405683168
N256_eta02,0.0001,4.0,3.9810717055349696e-08,1.7413959196435271,2.0937880125408133,2.0919255129204837
N256_eta02,0.0001,4.0,4.265795188015926e-08,1.6903772744668866,2.0230438735392804,2.0213154129442694
N256_eta02,0.0001,4.0,4.5708818961487524e-08,2.203700767573385,1.9546717875688124,1.9530681503318668
N256_eta02,0.0001,4.0,4.897788193684457e-08,2.010484209015798,1.888594485935486,1.8871070725403747
N256_eta02,0.0001,4.0,5.248074602497723e-08,2.52454292341699,1.8247370016130715,1.823357788594546
N256_eta02,0.0001,4.0,5.623413251903491e-08,1.9389002656411027,1.7630266232917418,1.7617481256415821
N256_eta02,0.0001,4.0,6.025595860743569e-08,1.773014433067352,1.7033928478495435,1.7022080837801497
N256_eta02,0.0001,4.0,6.456542290346549e-08,1.2833056497310769,1.6457673315939432,1.644669789526307
N256_eta02,0.0001,4.0,6.918309709189362e-08,1.067925231731504,1.5900838405946374,1.5890674482385616
N256_eta02,0.0001,4.0,7.413102413009178e-08,1.2660106490914367,1.536278200384229,1.5353372957876064
N256_eta02,0.0001,4.0,7.943282347242806e-08,1.5802303999675928,1.4842882452756545,1.4834175497232942
N256_eta02,0.0001,4.0,8.511380382023759e-08,1.7561314047428447,1.4340537675091738,1.433248360161534
N256_eta02,0.0001,4.0,9.120108393559096e-08,1.908581498090423,1.3855164664227568,1.3847717605869092
N256_eta02,0.0001,4.0,9.772372209558092e-08,1.4090006341014956,1.338619897808759,1.3379316187425885
N256_eta02,0.0001,4.0,1.0471285480508985e-07,1.3499681372147379,1.2933094236029588,1.2926735877573046
N256_eta02,0.0001,4.0,1.122018454301963e-07,0.9483137471765262,1.249532162029863,1.2489450576396468
N256_eta02,0.0001,4.0,1.202264434617413e-07,1.0030145799262213,1.2072369383123602,1.2066951072522667
N256_eta02,0.0001,4.0,1.2882495516931324e-07,0.9601720819271533,1.1663742360379468,1.165874456862921
N256_eta02,0.0001,4.0,1.380384264602884e-07,0.929159468298746,1.1268961492585043,1.1264354213551313
N256_eta02,0.0001,4.0,1.4791083881682074e-07,1.2082577558780365,1.0887563353918048,1.0883318641686488
N256_eta02,0.0001,4.0,1.584893192461111e-07,1.1272354968769829,1.0519099689759832,1.0515191520286487
N256_eta02,0.0001,4.0,1.6982436524617427e-07,1.4127533214660657,1.0163136963258093,1.015954110512525
N256_eta02,0.0001,4.0,1.8197008586099827e-07,1.103625407842125,0.9819255911236004,0.9815949804942614
N256_eta02,0.0001,4.0,1.9498445997580458e-07,0.997437932821963,0.9487051109753206,0.9484013754983511
N256_eta02,0.0001,4.0,2.0892961308540366e-07,0.7212425958656544,0.9166130549525295,0.9163342399882415
N256_eta02,0.0001,4.0,2.2387211385683377e-07,0.5933052523800451,0.885611522135781,0.885355808608001
N256_eta02,0.0001,4.0,2.39883291901949e-07,0.6962308534955469,0.8556638711701408,0.8554295663904292
N256_eta02,0.0001,4.0,2.570395782768865e-07,0.8663449513702403,0.8267346808374563,0.8265202099399261
N256_eta02,0.0001,4.0,2.7542287033381637e-07,0.9492060930473594,0.7987897116479471,0.798593609594201
N256_eta02,0.0001,4.0,2.9512092266663846e-07,1.0596680854470277,0.7717958684476334,0.7716167725651344
N256_eta02,0.0001,4.0,3.1622776601683797e-07,0.7787301201856968,0.7457211640373014,0.7455578070558504
N256_eta02,0.0001,4.0,3.3884415613920205e-07,0.7845599944558803,0.7205346837944326,0.7203858873481838
N256_eta02,0.0001,4.0,3.6307805477010105e-07,0.5474584989061706,0.6962065512880421,0.6960712198522779
N256_eta02,0.0001,4.0,3.890451449942805e-07,0.5737625806095602,0.6727078948736624,0.67258501010792
N256_eta02,0.0001,4.0,4.1686938347033557e-07,0.5210556581989724,0.6500108152548802,0.6498994307253758
N256_eta02,0.0001,4.0,4.4668359215096253e-07,0.4943603800119955,0.6280883539955961,0.6279875902519437
N256_eta02,0.0001,4.0,4.786300923226381e-07,0.6377555234085007,0.6069144629663165,0.606823502949135
N256_eta02,0.0001,4.0,5.128613839913648e-07,0.6379639922851859,0.5864639747068576,0.5863820594642808
N256_eta02,0.0001,4.0,5.495408738576237e-07,0.7927908375609698,0.5667125736869169,0.5666389983794474
N256_eta02,0.0001,4.0,5.888436553555884e-07,0.6582534518351044,0.5476367684452452,0.5475708786198189
N256_eta02,0.0001,4.0,6.309573444801931e-07,0.5685951024404196,0.5292138645876794,0.5291550527031004
N256_eta02,0.0001,4.0,6.760829753919819e-07,0.4189397377683774,0.5114219386242264,0.5113696408110299
N256_eta02,0.0001,4.0,7.244359600749892e-07,0.3321584396550998,0.4942398126244626,0.49419350566375686
N256_eta02,0.0001,4.0,7.762471166286911e-07,0.3788547536241785,0.47764702967105616,0.47760622817757936
N256_eta02,0.0001,4.0,8.31763771102671e-07,0.4563150144264426,0.46162383009061164,0.46158808388640105
N256_eta02,0.0001,4.0,8.912509381337442e-07,0.4785973952767173,0.4461511284412722,0.4461200201071644
N256_eta02,0.0001,4.0,9.54992586021435e-07,0.572771016222175,0.4312104912364581,0.4311836338295183
N256_eta02,0.0001,4.0,1.0232929922807537e-06,0.4304307238858357,0.4167841153843179,0.4167611503100268
N256_eta02,0.0001,4.0,1.0964781961431828e-06,0.4929613825389718,0.4028548073224718,0.4028354023513011
N256_eta02,0.0001,4.0,1.1748975549395304e-06,0.3463148926250534,0.3894059628279347,0.3893898102465845
N256_eta02,0.0001,4.0,1.2589254117941661e-06,0.3506877182931273,0.376421547482265,0.37640836237049086
N256_eta02,0.0001,4.0,1.3489628825916506e-06,0.27959339412487627,0.36388607777219834,0.3638755963967689
N256_eta02,0.0001,4.0,1.445439770745928e-06,0.2496299903165701,0.3517846028063527,0.3517765811242179
N256_eta02,0.0001,4.0,1.5488166189124796e-06,0.30805779130008853,0.34010268662880233,0.3400968988920871
N256_eta02,0.0001,4.0,1.6595869074375565e-06,0.36188139679638404,0.32882639111060513,0.32882262856654443
N256_eta02,0.0001,4.0,1.7782794100389231e-06,0.41882526964579897,0.31794225940070703,0.31794032908007286
N256_eta02,0.0001,4.0,1.9054607179632443e-06,0.41851178243364917,0.30743729991788626,0.3074370235058924
N256_eta02,0.0001,4.0,2.0417379446695316e-06,0.317955940417926,0.2972989708656947,0.29730018364977806
N256_eta02,0.0001,4.0,2.187761623949552e-06,0.2849202311537757,0.2875151652526864,0.2875177151419177
N256_eta02,0.0001,4.0,2.344228815319918e-06,0.20724451228941138,0.27807419640045783,0.27807794301168176
N256_eta02,0.0001,4.0,2.5118864315095823e-06,0.22274377095832237,0.26896478392232176,0.26896959772846574
N256_eta02,0.0001,4.0,2.6915348039269138e-06,0.2135631529189905,0.26017604015570256,0.2601818016919826
N256_eta02,0.0001,4.0,2.8840315031266e-06,0.20044248356135444,0.25169745703158763,0.2517040561556231
N256_eta02,0.0001,4.0,3.0902954325135923e-06,0.2523178734570713,0.24351889336461433,0.243526228566737
N256_eta02,0.0001,4.0,3.311311214825908e-06,0.2568809566829528,0.23563056254762077,0.23563854030788742
N256_eta02,0.0001,4.0,3.548133892335746e-06,0.3145819774942049,0.22802302063464802,0.22803155482332615
N256_eta02,0.0001,4.0,3.801893963205613e-06,0.28631902620482186,0.2206871547966663,0.2206961661151428
N256_eta02,0.0001,4.0,4.073802778041122e-06,0.23136749257854172,0.21361417213440848,0.21362358759369485
N256_eta02,0.0001,4.0,4.365158322401666e-06,0.19284016933572512,0.2067955888329143,0.20680534126709227
N256_eta02,0.0001,4.0,4.677351412871981e-06,0.14576210577041535,0.20022321964254075,0.20023324725467617
N256_eta02,0.0001,4.0,5.011872336272715e-06,0.15916915592853292,0.19388916767134023,0.19389941360954513
N256_eta02,0.0001,4.0,5.370317963702533e-06,0.1549419140602244,0.1877858144738741,0.18779622643534954
N256_eta02,0.0001,4.0,5.754399373371567e-06,0.1422075687309429,0.1819058104216502,0.18191634028268755
N256_eta02,0.0001,4.0,6.16595001861481e-06,0.17378487737882015,0.17624206534053066,0.17625266881057142
N256_eta02,0.0001,4.0,6.606934480075964e-06,0.18675648548241605,0.17078773940060837,0.1707983756985865
N256_eta02,0.0001,4.0,7.079457843841373e-06,0.21608462685201008,0.16553623424419697,0.1655468657955056
N256_eta02,0.0001,4.0,7.585775750291821e-06,0.21969649870921007,0.16048118433777264,0.16049177649029367
N256_eta02,0.0001,4.0,8.128305161640995e-06,0.16401149303602552,0.1556164485339109,0.15562696929164846
N256_eta02,0.0001,4.0,8.709635899560797e-06,0.17429236981102772,0.15093610182950112,0.150946521602453
N256_eta02,0.0001,4.0,9.332543007969886e-06,0.1328153553783382,0.14643442730682135,0.14644471867580164
N256_eta02,0.0001,4.0,1e-05,0.1393734223605183,0.142105908244416,0.14211604573962405
N256_eta02,0.0001,4.0,1.071519305237605e-05,0.11019117128472004,0.1379452203851432,0.13795518027734777
N256_eta02,0.0001,4.0,1.1481536214968841e-05,0.09229455797338844,0.1339472243492901,0.13395698445256396
N256_eta02,0.0001,4.0,1.230268770812381e-05,0.10417191252920176,0.13010695818129575,0.13011649766629918
N256_eta02,0.0001,4.0,1.3182567385564049e-05,0.11036156490510458,0.1264196300193732,0.12642892923624247
N256_eta02,0.0001,4.0,1.4125375446227553e-05,0.09764828861746966,0.12288061087825179,0.12288965118820482
N256_eta02,0.0001,4.0,1.5135612484362071e-05,0.11201177956058764,0.11948542753633314,0.11949419115115094
N256_eta02,0.0001,4.0,1.6218100973589265e-05,0.12320827642372553,0.1162297555198319,0.11623822534842201
N256_eta02,0.0001,4.0,1.7378008287493764e-05,0.12126479167775978,0.11310941217796051,0.11311757167924733
N256_eta02,0.0001,4.0,1.8620871366628657e-05,0.1324788171019011,0.11012034984492264,0.11012818288634924
N256_eta02,0.0001,4.0,1.995262314968875e-05,0.11408081919544559,0.10725864908644493,0.10726613980740048
N256_eta02,0.0001,4.0,2.1379620895022326e-05,0.13497048807310727,0.10452051203079207,0.10452764471030951
N256_eta02,0.0001,4.0,2.29086765276777e-05,0.13622750258292549,0.10190225578669478,0.1019090147147849
N256_eta02,0.0001,4.0,2.4547089156850235e-05,0.10337536266335962,0.09940030595336553,0.09940667530537334
N256_eta02,0.0001,4.0,2.6302679918953814e-05,0.1307534397473972,0.09701119023079366,0.09701715394417473
N256_eta02,0.0001,4.0,2.8183829312644495e-05,0.1265196473098083,0.09473153214175302,0.09473707379467652
N256_eta02,0.0001,4.0,3.0199517204020195e-05,0.09628215352766312,0.09255804488041695,0.09256314757159989
N256_eta02,0.0001,4.0,3.235936569296281e-05,0.12119602030063817,0.09048752530609608,0.09049217153526973
N256_eta02,0.0001,4.0,3.467368504525309e-05,0.11750201654302977,0.08851684810433344,0.0885210196527278
N256_eta02,0.0001,4.0,3.715352290971728e-05,0.09015150587466964,0.08664296014133582,0.08664663795154598
N256_eta02,0.0001,4.0,3.9810717055349695e-05,0.1098444179716946,0.08486287504138117,0.08486603909594949
N256_eta02,0.0001,4.0,4.265795188015917e-05,0.1060062282302675,0.0831736680203083,0.08317629721831502
N256_eta02,0.0001,4.0,4.570881896148752e-05,0.08613783121599634,0.08157247101133236,0.08157454304223898
N256_eta02,0.0001,4.0,4.897788193684457e-05,0.08609227149689465,0.08005646812207959,0.0800579593360097
N256_eta02,0.0001,4.0,5.2480746024977124e-05,0.08040292340481646,0.0786228914637419,0.07862377673731441
N256_eta02,0.0001,4.0,5.623413251903491e-05,0.07579032659577953,0.07726901739444679,0.07726926999119914
N256_eta02,0.0001,4.0,6.025595860743569e-05,0.05962382297187585,0.07599216321914377,0.07599175464349468
N256_eta02,0.0001,4.0,6.456542290346563e-05,0.06342609947996485,0.07478968438737513,0.07478858423098259
N256_eta02,0.0001,4.0,6.918309709189364e-05,0.06309862223923651,0.07365897222808317,0.07365714800735132
N256_eta02,0.0001,4.0,7.413102413009161e-05,0.06382917044308363,0.0725974522569894,0.07259486924037292
N256_eta02,0.0001,4.0,7.943282347242822e-05,0.07555151315716725,0.07160258308701084,0.07159920411065711
N256_eta02,0.0001,4.0,8.51138038202376e-05,0.08941347788665512,0.07067185596562378,0.07066764123578376
N256_eta02,0.0001,4.0,9.120108393559079e-05,0.08198219162174109,0.06980279495510196,0.0697977018356348
N256_eta02,0.0001,4.0,9.772372209558111e-05,0.06817804162693741,0.06899295776226692,0.06898694054545905
N256_eta02,0.0001,4.0,0.00010471285480508985,0.05320554041751839,0.06823993721397602,0.06823294687279893
N256_eta02,0.0001,4.0,0.00011220184543019607,0.06518722408447991,0.06754136336332472,0.06753334728316399
N256_eta02,0.0001,4.0,0.00012022644346174132,0.07810999131193438,0.06689490619978883,0.06688580788759393
N256_eta02,0.0001,4.0,0.00012882495516931323,0.0787226479569893,0.06629827892468834,0.0662880376934155
N256_eta02,0.0001,4.0,0.0001380384264602881,0.06327776405353028,0.06574924174187223,0.06573779236801956
N256_eta02,0.0001,4.0,0.00014791083881682073,0.05329426947708672,0.06524560610288262,0.06523287845484659
N256_eta02,0.0001,4.0,0.0001584893192461111,0.06742797186130281,0.06478523933653656,0.06477115797144439
N256_eta02,0.0001,4.0,0.0001698243652461746,0.07109100822814686,0.06436606958532784,0.06435055331191797
N256_eta02,0.0001,4.0,0.00018197008586099826,0.05755120976805042,0.06398609096570304,0.0639690523707267
N256_eta02,0.0001,4.0,0.00019498445997580418,0.06400621004264706,0.06364336886643121,0.063624713801927
N256_eta02,0.0001,4.0,0.00020892961308540412,0.07442873917388926,0.0633360452992035,0.06331567232783968
N256_eta02,0.0001,4.0,0.00022387211385683378,0.05875114279867255,0.06306234421836784,0.06304014401385233
N256_eta02,0.0001,4.0,0.0002398832919019485,0.06147473308410188,0.0628205767323265,0.06279643143163459
N256_eta02,0.0001,4.0,0.0002570395782768865,0.06420211415561045,0.06260914613745423,0.0625829286413169
N256_eta02,0.0001,4.0,0.00027542287033381635,0.05224021711791767,0.06242655271618631,0.062398125933903405
N256_eta02,0.0001,4.0,0.0002951209226666378,0.06430069949711693,0.062271398253822836,0.06224061428801165
N256_eta02,0.0001,4.0,0.000316227766016838,0.055700487655862746,0.0621423902431745,0.06210908950952425
N256_eta02,0.0001,4.0,0.0003388441561392021,0.06269421447853873,0.06203834576195658,0.06200235603842683
N256_eta02,0.0001,4.0,0.0003630780547701003,0.06199544500517783,0.06195819502433649,0.061919330423506856
N256_eta02,0.0001,4.0,0.0003890451449942805,0.0603317591849865,0.06190098462477879,0.061859044482218344
N256_eta02,0.0001,4.0,0.0004168693834703347,0.06560773999342509,0.06186588050888596,0.061820648179457184
N256_eta02,0.0001,4.0,0.0004466835921509635,0.05936237786630553,0.061852170721947985,0.061803412274880884
N256_eta02,0.0001,4.0,0.00047863009232263805,0.06615271277343845,0.06185926800112847,0.06180673080348437
N256_eta02,0.0001,4.0,0.0005128613839913639,0.0597142188991375,0.06188671229147868,0.061830123468256434
N256_eta02,0.0001,4.0,0.0005495408738576249,0.06434031557125848,0.06193417327924829,0.06187323803684648
N256_eta02,0.0001,4.0,0.0005888436553555884,0.06114729238417695,0.06200145304833719,0.061935852846355846
N256_eta02,0.0001,4.0,0.0006309573444801918,0.060417659507604186,0.06208848897741045,0.062017879531825096
N256_eta02,0.0001,4.0,0.000676082975391982,0.06303730176878124,0.06219535700649767,0.06211936610503142
N256_eta02,0.0001,4.0,0.0007244359600749892,0.056084401420034145,0.06232227541323958,0.06224050052125795
N256_eta02,0.0001,4.0,0.0007762471166286897,0.0639393107480544,0.06246960925086158,0.062381614883267496
N256_eta02,0.0001,4.0,0.000831763771102671,0.0553502969536971,0.0626378756130693,0.06254319044442608
N256_eta02,0.0001,4.0,0.000891250938133744,0.06362109675482505,0.06282774990610504,0.06272586358749271
N256_eta02,0.0001,4.0,0.000954992586021437,0.06200290094860457,0.06304007332601395,0.06293043297284738
N256_eta02,0.0001,4.0,0.0010232929922807535,0.06095903279403676,0.06327586176070003,0.06315786807081136
N256_eta02,0.0001,4.0,0.001096478196143183,0.0703193247756728,0.0635363163627233,0.06340931931832122
N256_eta02,0.0001,4.0,0.0011748975549395304,0.061786619793303625,0.0638228360712835,0.0636861301718178
N256_eta02,0.0001,4.0,0.0012589254117941662,0.06451319967035188,0.06413703240199911,0.06398985136732341
N256_eta02,0.0001,4.0,0.0013489628825916506,0.07075372500450494,0.06448074687275851,0.06432225774711518
N256_eta02,0.0001,4.0,0.0014454397707459282,0.061993056830862155,0.06485607149533523,0.06468536807237261
N256_eta02,0.0001,4.0,0.0015488166189124796,0.06433663234810721,0.06526537283839907,0.06508146831541872
N256_eta02,0.0001,4.0,0.0016595869074375565,0.06693527337510151,0.06571132026146247,0.06551313901709642
N256_eta02,0.0001,4.0,0.001778279410038923,0.05985237876154403,0.06619691903552899,0.06598328740872324
N256_eta02,0.0001,4.0,0.0019054607179632445,0.06618321746588272,0.06672554921028062,0.06649518513942115
N256_eta02,0.0001,4.0,0.0020417379446695232,0.0729992205935966,0.06730101126660645,0.06705251262542608
N256_eta02,0.0001,4.0,0.002187761623949552,0.06609337198574373,0.06792757981622392,0.06765941125726609
N256_eta02,0.0001,4.0,0.002344228815319918,0.06750344448643529,0.06861006688884581,0.06832054497518575
N256_eta02,0.0001,4.0,0.002511886431509582,0.07552329195009636,0.06935389669712681,0.06904117306816861
N256_eta02,0.0001,4.0,0.0026915348039269144,0.06963191712637114,0.07016519421057954,0.06982723648746587
N256_eta02,0.0001,4.0,0.0028840315031266,0.06429912231473622,0.07105089042828616,0.07068546051823092
N256_eta02,0.0001,4.0,0.003090295432513592,0.07267512092691568,0.07201884795170542,0.07162347735800928
N256_eta02,0.0001,4.0,0.003311311214825908,0.07640038297874457,0.07307801137017435,0.07264997305576655
N256_eta02,0.0001,4.0,0.003548133892335746,0.07144427248799928,0.07423858814599281,0.07377486443367487
N256_eta02,0.0001,4.0,0.0038018939632056127,0.07524714254064811,0.07551226720882957,0.07500951313275275
N256_eta02,0.0001,4.0,0.0040738027780411225,0.0834642860229905,0.07691248445735213,0.07636698591143387
N256_eta02,0.0001,4.0,0.004365158322401648,0.07816083054454154,0.07845474697999857,0.07786237294718291
N256_eta02,0.0001,4.0,0.004677351412871981,0.07243438950810886,0.08015703126920633,0.07951317937363836
N256_eta02,0.0001,4.0,0.005011872336272715,0.08207703858996578,0.08204027532524386,0.08133980995005921
N256_eta02,0.0001,4.0,0.005370317963702533,0.09064532904154385,0.08412899076562895,0.08336617306057986
N256_eta02,0.0001,4.0,0.005754399373371567,0.08573190376340285,0.08645202949792817,0.08562043882848144
N256_eta02,0.0001,4.0,0.006165950018614809,0.08562004277918564,0.08904355107356476,0.08813599794597057
N256_eta02,0.0001,4.0,0.006606934480075964,0.09475887884589526,0.09194425281715249,0.09095268423700288
N256_eta02,0.0001,4.0,0.007079457843841374,0.09668355763261081,0.09520294712161367,0.09411834701911871
N256_eta02,0.0001,4.0,0.007585775750291821,0.09241555225670253,0.09887860172550583,0.09769089204121473
N256_eta02,0.0001,4.0,0.008128305161640995,0.09988533103646155,0.10304300354287882,0.10174095672644838
N256_eta02,0.0001,4.0,0.008709635899560796,0.11479704427660736,0.10778427102271479,0.10635545363954943
N256_eta02,0.0001,4.0,0.009332543007969887,0.1212391727114119,0.11321153368864617,0.1116423163382063
N256_eta02,0.0001,4.0,0.01,0.11599984015393267,0.11946123516881611,0.11773693095010954
N512_eta02,0.0001,0.0,1.0000000000000002e-14,0.02172522715136662,0.022632333709428895,0.022630945286013084
N512_eta02,0.0001,0.0,1.0715193052376049e-14,0.024357294226258975,0.023427681192018705,0.02342624520093506
N512_eta02,0.0001,0.0,1.148153621496884e-14,0.02634111581451671,0.02425099006534011,0.024249493619462676
N512_eta02,0.0001,0.0,1.2302687708123812e-14,0.024950080467825805,0.02510324726227898,0.025101672706174236
N512_eta02,0.0001,0.0,1.3182567385564046e-14,0.023599306287594185,0.025985434531660398,0.02598379914034144
N512_eta02,0.0001,0.0,1.4125375446227557e-14,0.026594263319810414,0.026898624208075792,0.02689692532877416
N512_eta02,0.0001,0.0,1.5135612484362073e-14,0.030088188788881916,0.027843912278397505,0.027842140661278863
N512_eta02,0.0001,0.0,1.6218100973589332e-14,0.030123240613578642,0.028822422366418007,0.02882057281022786
N512_eta02,0.0001,0.0,1.7378008287493765e-14,0.02884842802222998,0.029835327169925097,0.029833389075787205
N512_eta02,0.0001,0.0,1.8620871366628658e-14,0.02900980956341955,0.030883809437597543,0.030881797778408222
N512_eta02,0.0001,0.0,1.9952623149688828e-14,0.032350539218101985,0.03196915414761472,0.031967049700241154
N512_eta02,0.0001,0.0,2.1379620895022327e-14,0.03471324424505729,0.033092649513711395,0.03309043957718915
N512_eta02,0.0001,0.0,2.29086765276777e-14,0.0336392934675321,0.03425560557131743,0.03425330764338135
N512_eta02,0.0001,0.0,2.4547089156850338e-14,0.034269244285337626,0.03545944862845927,0.035457041229904354
N512_eta02,0.0001,0.0,2.6302679918953815e-14,0.03729306048845206,0.03670557879399451,0.036703076419697535
N512_eta02,0.0001,0.0,2.8183829312644495e-14,0.038596576362404426,0.03799552342223728,0.03799289976058432
N512_eta02,0.0001,0.0,3.019951720402019e-14,0.038190757155456584,0.03933078457569572,0.039328050038479265
N512_eta02,0.0001,0.0,3.2359365692962816e-14,0.03891103967716703,0.0407129802226935,0.04071012011288311
N512_eta02,0.0001,0.0,3.46736850452531e-14,0.04261905287334018,0.04214375419283885,0.042140758816853294
N512_eta02,0.0001,0.0,3.715352290971728e-14,0.04711963476092873,0.043624806224529133,0.043621672923710636
N512_eta02,0.0001,0.0,3.9810717055349693e-14,0.04536727322312288,0.04515790227730062,0.04515462918282488
N512_eta02,0.0001,0.0,4.2657951880159345e-14,0.042768545542333475,0.04674488120361249,0.04674145642690361
N512_eta02,0.0001,0.0,4.570881896148752e-14,0.04713674349573854,0.048387634824332726,0.04838404775329112
N512_eta02,0.0001,0.0,4.897788193684456e-14,0.05354705633584779,0.050088124238799284,0.05008436278187544
N512_eta02,0.0001,0.0,5.248074602497734e-14,0.05552757652323147,0.051848369317118434,0.051844429992288624
N512_eta02,0.0001,0.0,5.623413251903491e-14,0.052498077202797234,0.05367047025440434,0.05366634914318185
N512_eta02,0.0001,0.0,6.025595860743569e-14,0.050986901331679275,0.055556612797368427,0.055552293776453626
N512_eta02,0.0001,0.0,6.456542290346563e-14,0.05773676224744686,0.05750904065461319,0.05750451380940811
N512_eta02,0.0001,0.0,6.918309709189363e-14,0.06385485455057173,0.059530088618203275,0.05952533821792578
N512_eta02,0.0001,0.0,7.413102413009162e-14,0.06213978044514337,0.061622161032941214,0.061617177813837756
N512_eta02,0.0001,0.0,7.943282347242822e-14,0.06131426352119587,0.06378774794774571,0.06378252811980191
N512_eta02,0.0001,0.0,8.51138038202376e-14,0.064618158407857,0.06602945317662484,0.06602397234509694
N512_eta02,0.0001,0.0,9.120108393559116e-14,0.06944469307551987,0.06834993945694051,0.06834418446587129
N512_eta02,0.0001,0.0,9.772372209558112e-14,0.07126078388180682,0.07075197033982611,0.07074593241349983
N512_eta02,0.0001,0.0,1.0471285480508985e-13,0.07039914862869315,0.0732384260824828,0.07323208137483653
N512_eta02,0.0001,0.0,1.1220184543019654e-13,0.07476796879140901,0.07581226113533111,0.07580559720827679
N512_eta02,0.0001,0.0,1.2022644346174131e-13,0.08301202486633857,0.07847655424704653,0.0784695499796805
N512_eta02,0.0001,0.0,1.2882495516931323e-13,0.08218836853949091,0.08123447607519936,0.08122711762235044
N512_eta02,0.0001,0.0,1.3803842646028868e-13,0.07854683407531679,0.08408932783142044,0.08408158972539903
N512_eta02,0.0001,0.0,1.4791083881682072e-13,0.08372564869171649,0.08704451059714685,0.08703637145499338
N512_eta02,0.0001,0.0,1.584893192461111e-13,0.09422466557248418,0.0901035480075943,0.09009498761312007
N512_eta02,0.0001,0.0,1.698243652461746e-13,0.10121631727756272,0.09327009533229746,0.09326108683866993
N512_eta02,0.0001,0.0,1.8197008586099824e-13,0.09569400651741776,0.09654793162064698,0.09653844595581108
N512_eta02,0.0001,0.0,1.9498445997580416e-13,0.09079297632666877,0.09994096131710985,0.09993097447479049
N512_eta02,0.0001,0.0,2.0892961308540411e-13,0.10260361870935797,0.10345323960495549,0.1034427192504748
N512_eta02,0.0001,0.0,2.2387211385683378e-13,0.1157624388017159,0.1070889572400205,0.10707786930412921
N512_eta02,0.0001,0.0,2.3988329190194847e-13,0.11512377852756187,0.11085244501966646,0.11084076081412138
N512_eta02,0.0001,0.0,2.570395782768865e-13,0.11074504552809239,0.11474819834931707,0.114735882281425
N512_eta02,0.0001,0.0,2.7542287033381635e-13,0.11232315301130286,0.11878086898238516,0.11876787987600448
N512_eta02,0.0001,0.0,2.95120922666639e-13,0.12456829077424278,0.12295526795580891,0.12294156297037037
N512_eta02,0.0001,0.0,3.1622776601683797e-13,0.13262059402278714,0.12727636811515133,0.12726190986679647
N512_eta02,0.0001,0.0,3.3884415613920205e-13,0.12872914240221023,0.13174933626475713,0.13173407372492704
N512_eta02,0.0001,0.0,3.630780547701018e-13,0.13215700258384777,0.13637950425784626,0.13636338869671366
N512_eta02,0.0001,0.0,3.890451449942805e-13,0.1446205180310569,0.1411723972679267,0.14115537627586222
N512_eta02,0.0001,0.0,4.168693834703347e-13,0.14838361047478393,0.14613373217873132,0.14611575186921358
N512_eta02,0.0001,0.0,4.466835921509635e-13,0.14571782984847387,0.15126943364499104,0.15125043159772134
N512_eta02,0.0001,0.0,4.786300923226381e-13,0.14966901626862122,0.1565856234748221,0.1565655393349511
N512_eta02,0.0001,0.0,5.128613839913659e-13,0.16494666617596815,0.1620886486720606,0.16206741399129038
N512_eta02,0.0001,0.0,5.495408738576248e-13,0.1817279079106668,0.16778507794578834,0.16776261705231738
N512_eta02,0.0001,0.0,5.888436553555884e-13,0.1741155424494017,0.17368170271334696,0.17365794038007099
N512_eta02,0.0001,0.0,6.309573444801943e-13,0.16400769036784107,0.17978556029929582,0.17976041428623274
N512_eta02,0.0001,0.0,6.760829753919819e-13,0.18189073820858573,0.18610393097604755,0.18607731588653478
N512_eta02,0.0001,0.0,7.244359600749892e-13,0.2066884387300662,0.19264435848704534,0.19261617774600953
N512_eta02,0.0001,0.0,7.762471166286928e-13,0.2125451365437597,0.19941464260964117,0.19938479682499485
N512_eta02,0.0001,0.0,8.317637711026709e-13,0.20133418185586638,0.20642286192723833,0.20639124373613318
N512_eta02,0.0001,0.0,8.912509381337441e-13,0.1969546322541793,0.21367737689966715,0.21364387232292895
N512_eta02,0.0001,0.0,9.54992586021437e-13,0.22256251959330772,0.22118684273971367,0.22115132957074468
N512_eta02,0.0001,0.0,1.0232929922807536e-12,0.2445902391232791,0.2289602144336543,0.2289225658614713
N512_eta02,0.0001,0.0,1.0964781961431851e-12,0.23740316342679216,0.23700677028764852,0.2369668455834453
N512_eta02,0.0001,0.0,1.1748975549395302e-12,0.23593185576127634,0.24533610738096237,0.24529375810853196
N512_eta02,0.0001,0.0,1.258925411794166e-12,0.2507372113182002,0.25395816054679754,0.25391322914866366
N512_eta02,0.0001,0.0,1.3489628825916534e-12,0.2671528636899432,0.2628832151855345,0.26283553250447744
N512_eta02,0.0001,0.0,1.445439770745928e-12,0.27169028825308233,0.27212191764522464,0.272071302219066
N512_eta02,0.0001,0.0,1.5488166189124795e-12,0.2700977956625516,0.2816852850182628,0.2816315451502358
N512_eta02,0.0001,0.0,1.6595869074375598e-12,0.2891467092508867,0.29158472646280914,0.29152765397504066
N512_eta02,0.0001,0.0,1.7782794100389228e-12,0.3213047938676259,0.30183204435268196,0.3017714206407372
N512_eta02,0.0001,0.0,1.9054607179632443e-12,0.31567841704085003,0.3124394599957487,0.31237505027669954
N512_eta02,0.0001,0.0,2.041737944669532e-12,0.3002619232440713,0.3234196223872775,0.32335117558221466
N512_eta02,0.0001,0.0,2.1877616239495518e-12,0.32281631820046386,0.3347856258268034,0.3347128717054517
N512_eta02,0.0001,0.0,2.344228815319923e-12,0.36458443049481704,0.3465510204067504,0.34647367162930687
N512_eta02,0.0001,0.0,2.5118864315095823e-12,0.3885883096713804,0.3587298319353232,0.3586475820801755
N512_eta02,0.0001,0.0,2.6915348039269142e-12,0.36692246701303277,0.3713365790282651,0.3712490999761026
N512_eta02,0.0001,0.0,2.884031503126606e-12,0.3496273913981013,0.38438628918733403,0.3842932294311147
N512_eta02,0.0001,0.0,3.090295432513592e-12,0.39592960555639295,0.3978945159216668,0.3977954993328959
N512_eta02,0.0001,0.0,3.311311214825908e-12,0.4449580540711542,0.4118773549452582,0.4117719815113225
N512_eta02,0.0001,0.0,3.548133892335753e-12,0.4395717321449605,0.42635146857961664,0.4262393095156842
N512_eta02,0.0001,0.0,3.8018939632056125e-12,0.4252790987221091,0.4413341011634159,0.44121469801874047
N512_eta02,0.0001,0.0,4.073802778041122e-12,0.4355420777564489,0.4568431030935609,0.4567159628660394
N512_eta02,0.0001,0.0,4.365158322401657e-12,0.4796381672520688,0.47289694169447727,0.47276154178918645
N512_eta02,0.0001,0.0,4.677351412871982e-12,0.5058875266930221,0.4895147378425832,0.48937051580195756
N512_eta02,0.0001,0.0,5.011872336272715e-12,0.4924857077457195,0.5067162757305839,0.5065626312983597
N512_eta02,0.0001,0.0,5.370317963702533e-12,0.5102118926580125,0.5245220316146553,0.5243583228718611
N512_eta02,0.0001,0.0,5.754399373371567e-12,0.5614058352896191,0.5429531970782095,0.5427787368750896
N512_eta02,0.0001,0.0,6.165950018614822e-12,0.5703042814114544,0.5620317020873739,0.5618457557393568
N512_eta02,0.0001,0.0,6.6069344800759645e-12,0.5554299081639762,0.5817802422464915,0.5815820230732665
N512_eta02,0.0001,0.0,7.079457843841373e-12,0.5759222473879356,0.6022223020618251,0.6020109695595867
N512_eta02,0.0001,0.0,7.585775750291836e-12,0.639041595755281,0.6233821857994529,0.6231568396693155
N512_eta02,0.0001,0.0,8.128305161640996e-12,0.7005419238167544,0.6452850423880727,0.6450447192115548
N512_eta02,0.0001,0.0,8.709635899560797e-12,0.667821036955203,0.6679568941519914,0.667700563737374
N512_eta02,0.0001,0.0,9.332543007969906e-12,0.629141397761652,0.6914246675425982,0.6911512278152552
N512_eta02,0.0001,0.0,1e-11,0.7022118199871447,0.7157162243059905,0.7154244951949923
N512_eta02,0.0001,0.0,1.0715193052376049e-11,0.7974379844771198,0.7408603898583864,0.7405491098760273
N512_eta02,0.0001,0.0,1.1481536214968842e-11,0.8121834253119895,0.7668869908247078,0.7665548080950986
N512_eta02,0.0001,0.0,1.2302687708123813e-11,0.7719103041876483,0.793826882152258,0.7934723512467872
N512_eta02,0.0001,0.0,1.3182567385564075e-11,0.7621948311093631,0.8217119857466746,0.8213335597490045
N512_eta02,0.0001,0.0,1.4125375446227556e-11,0.8579821201702813,0.8505753240914162,0.8501713478636103
N512_eta02,0.0001,0.0,1.5135612484362072e-11,0.9346387422054857,0.8804510579103701,0.8800197594802859
N512_eta02,0.0001,0.0,1.6218100973589298e-11,0.9055725779913998,0.9113745223313798,0.910914004869267
N512_eta02,0.0001,0.0,1.7378008287493765e-11,0.9086623240071644,0.9433822635506957,0.9428904984057311
N512_eta02,0.0001,0.0,1.8620871366628657e-11,0.9752177088112469,0.976512082570315,0.9759868972653511
N512_eta02,0.0001,0.0,1.995262314968879e-11,1.0273024196876535,1.0108030715211007,1.0102421410868034
N512_eta02,0.0001,0.0,2.1379620895022327e-11,1.0328339930599295,1.0462956554845397,1.0456964925927141
N512_eta02,0.0001,0.0,2.2908676527677702e-11,1.0357823662068002,1.0830316377313385,1.0823915791557124
N512_eta02,0.0001,0.0,2.4547089156850283e-11,1.1201569453671927,1.1210542391611353,1.1203704352907253
N512_eta02,0.0001,0.0,2.6302679918953818e-11,1.2444618599320807,1.160408145442748,1.1596775460484015
N512_eta02,0.0001,0.0,2.8183829312644493e-11,1.2110585437926304,1.201139550402883,1.2003588912775487
N512_eta02,0.0001,0.0,3.019951720402019e-11,1.1461179373174686,1.2432962034999444,1.2424619907164807
N512_eta02,0.0001,0.0,3.235936569296281e-11,1.2451327845616278,1.286927456171609,1.2860359498642642
N512_eta02,0.0001,0.0,3.467368504525317e-11,1.411384280488679,1.332084307558918,1.3311315065728517
N512_eta02,0.0001,0.0,3.715352290971728e-11,1.488219053678637,1.3788194573359627,1.3778010782897394
N512_eta02,0.0001,0.0,3.9810717055349695e-11,1.4046819011342797,1.4271873505719301,1.4260988098683218
N512_eta02,0.0001,0.0,4.2657951880159254e-11,1.3479773551056038,1.477244229191472,1.47608062184892
N512_eta02,0.0001,0.0,4.570881896148752e-11,1.5278926714212266,1.529048182050392,1.5278042590977539
N512_eta02,0.0001,0.0,4.897788193684457e-11,1.7048423251317855,1.5826591958558707,1.5813293396736068
N512_eta02,0.0001,0.0,5.2480746024977236e-11,1.6714468215829084,1.6381392039189515,1.6367174037723442
N512_eta02,0.0001,0.0,5.6234132519034906e-11,1.632457913921965,1.6955521386379047,1.6940319625776457
N512_eta02,0.0001,0.0,6.025595860743569e-11,1.6946520285511315,1.7549639800734087,1.7533385468222207
N512_eta02,0.0001,0.0,6.456542290346562e-11,1.8447750535693297,1.8164428085007476,1.814704754836776
N512_eta02,0.0001,0.0,6.918309709189364e-11,1.9175593940313294,1.8800588513186258,1.8782002998342981
N512_eta02,0.0001,0.0,7.413102413009162e-11,1.8778766074974622,1.9458845322157954,1.943897056144167
N512_eta02,0.0001,0.0,7.943282347242822e-11,1.9727003381571528,2.0139945197244122,2.011869104073995
N512_eta02,0.0001,0.0,8.511380382023759e-11,2.184520639315033,2.0844657704172183,2.082192773036754
N512_eta02,0.0001,0.0,9.120108393559097e-11,2.1860115875623665,2.1573775744611337,2.1549466825361
N512_eta02,0.0001,0.0,9.772372209558111e-11,2.104436178509172,2.2328115964283497,2.2302117805534194
N512_eta02,0.0001,0.0,1.0471285480508986e-10,2.212823787010274,2.3108519128675056,2.30807137882607
N512_eta02,0.0001,0.0,1.1220184543019632e-10,2.4785744508644916,2.3915850473647753,2.3886111844463436
N512_eta02,0.0001,0.0,1.2022644346174132e-10,2.6917817682611545,2.475100001114853,2.471919327145084
N512_eta02,0.0001,0.0,1.2882495516931322e-10,2.5497310557723036,2.5614882788680298,2.558086381551836
N512_eta02,0.0001,0.0,1.3803842646028838e-10,2.4078552249811973,2.650843908743186,2.647205383644265
N512_eta02,0.0001,0.0,1.479108388168207e-10,2.707509615276889,2.7432634555979356,2.739371840513096
N512_eta02,0.0001,0.0,1.5848931924611142e-10,3.062716972318631,2.8388460276460403,2.8346837324742085
N512_eta02,0.0001,0.0,1.6982436524617427e-10,3.074762928409534,2.9376932736335135,2.9332415064563166
N512_eta02,0.0001,0.0,1.8197008586099827e-10,2.945683308486022,3.0399093709940668,3.0351480594801634
N512_eta02,0.0001,0.0,1.9498445997580455e-10,2.9564652147176975,3.1456010021306415,3.140508710922938
N512_eta02,0.0001,0.0,2.0892961308540407e-10,3.2952627638718264,3.2548773191915448,3.2494311621289707
N512_eta02,0.0001,0.0,2.2387211385683377e-10,3.525744605661456,3.367849894538,3.3620254417841338
N512_eta02,0.0001,0.0,2.3988329190194897e-10,3.416408076678556,3.4846326544486756,3.478403835316375
N512_eta02,0.0001,0.0,2.570395782768865e-10,3.4914409391564662,3.6053417963090686,3.5986807964177476
N512_eta02,0.0001,0.0,2.7542287033381637e-10,3.8038902220311614,3.730095685541801,3.722972838604106
N512_eta02,0.0001,0.0,2.951209226666384e-10,3.9201746211614723,3.859014730006157,3.851398404536821
N512_eta02,0.0001,0.0,3.1622776601683795e-10,3.8606151679357135,3.9922212299248376,3.984077710626208
N512_eta02,0.0001,0.0,3.3884415613920275e-10,3.936329194057282,4.1298392012190055,4.121132564219512
N512_eta02,0.0001,0.0,3.6307805477010104e-10,4.332194855811454,4.271994167363529,4.262686150446812
N512_eta02,0.0001,0.0,3.890451449942805e-10,4.790896947020943,4.4188129175533,4.408862785557245
N512_eta02,0.0001,0.0,4.168693834703355e-10,4.586755412157491,4.5704232295335405,4.55978763332629
N512_eta02,0.0001,0.0,4.4668359215096254e-10,4.314685244813844,4.726953549184933,4.715586380854251
N512_eta02,0.0001,0.0,4.78630092322638e-10,4.762952236897703,4.888532627339183,4.8763848698077945
N512_eta02,0.0001,0.0,5.128613839913648e-10,5.409313237837887,5.055289106112402,5.042308678884049
N512_eta02,0.0001,0.0,5.495408738576249e-10,5.579947010887862,5.22735105176844,5.213482653003094
N512_eta02,0.0001,0.0,5.888436553555885e-10,5.285919185823346,5.4048454290870325,5.3900303744640965
N512_eta02,0.0001,0.0,6.30957344480193e-10,5.16070153735877,5.587897511699396,5.572073571038471
N512_eta02,0.0001,0.0,6.760829753919819e-10,5.81701081393285,5.776630222729521,5.7597314557267385
N512_eta02,0.0001,0.0,7.244359600749892e-10,6.350287565279146,5.971163401221338,5.953119992682032
N512_eta02,0.0001,0.0,7.762471166286911e-10,6.15911020784146,6.171612986650842,6.15235108361253
N512_eta02,0.0001,0.0,8.31763771102671e-10,6.157651206880353,6.378090116758526,6.3575316688280425
N512_eta02,0.0001,0.0,8.91250938133746e-10,6.561510556934579,6.590700132459509,6.568762737007006
N512_eta02,0.0001,0.0,9.54992586021435e-10,6.926803619168547,6.809541482687944,6.786138237743607
N512_eta02,0.0001,0.0,1.0232929922807536e-09,6.956340906633133,7.034704523899839,7.009743891009731
N512_eta02,0.0001,0.0,1.0964781961431852e-09,6.926338454757016,7.26627020734048,7.2396558878523845
N512_eta02,0.0001,0.0,1.1748975549395278e-09,7.489845851550861,7.5043086491474265,7.475939476968526
N512_eta02,0.0001,0.0,1.2589254117941663e-09,8.332424390960188,7.748877577693244,7.718647432280567
N512_eta02,0.0001,0.0,1.3489628825916533e-09,8.06680988170848,8.000020652905182,7.967818397307141
N512_eta02,0.0001,0.0,1.445439770745928e-09,7.605042634509117,8.257765654450285,8.223475103015664
N512_eta02,0.0001,0.0,1.5488166189124799e-09,8.212193876193641,8.522122536269856,8.48562245698992
N512_eta02,0.0001,0.0,1.6595869074375598e-09,9.30059233657724,8.793081345262513,8.754245503183403
N512_eta02,0.0001,0.0,1.778279410038923e-09,9.799014840591788,9.070610005782267,9.029307253293826
N512_eta02,0.0001,0.0,1.9054607179632444e-09,9.223175191386028,9.354651971746472,9.3107463929253
N512_eta02,0.0001,0.0,2.0417379446695276e-09,8.83535285175077,9.645123751924006,9.598474868236636
N512_eta02,0.0001,0.0,2.187761623949552e-09,9.951999176318697,9.94191231696362,9.892375361743744
N512_eta02,0.0001,0.0,2.344228815319923e-09,10.953743024385961,10.244872399113525,10.192298669379532
N512_eta02,0.0001,0.0,2.511886431509577e-09,10.67452784050497,10.553823701331716,10.498060994839403
N512_eta02,0.0001,0.0,2.6915348039269142e-09,10.519638926009701,10.868548035341526,10.809441181667687
N512_eta02,0.0001,0.0,2.884031503126606e-09,10.983450484968575,11.188786414423923,11.126177908469083
N512_eta02,0.0001,0.0,3.0902954325135923e-09,11.728598618304282,11.514236132204527,11.447966878041747
N512_eta02,0.0001,0.0,3.3113112148259078e-09,11.859420267904486,11.844547863943609,11.774458037085454
N512_eta02,0.0001,0.0,3.5481338923357537e-09,11.614570021984072,12.179322834512774,12.105252869372388
N512_eta02,0.0001,0.0,3.8018939632056126e-09,12.402351026864267,12.518110103342517,12.439901811782194
N512_eta02,0.0001,0.0,4.073802778041122e-09,13.760638824423957,12.860404023993171,12.777901849263756
N512_eta02,0.0001,0.0,4.365158322401657e-09,13.347195108429196,13.205641942655033,13.118694351417922
N512_eta02,0.0001,0.0,4.6773514128719815e-09,12.556153364066414,13.553202207451845,13.461663219782363
N512_eta02,0.0001,0.0,5.0118723362727255e-09,13.288524358170823,13.902402565753878,13.806133420777202
N512_eta02,0.0001,0.0,5.370317963702522e-09,14.947973219200838,14.252499033353958,14.151369984329484
N512_eta02,0.0001,0.0,5.754399373371567e-09,15.862001220352461,14.602685322832372,14.496577552084851
N512_eta02,0.0001,0.0,6.165950018614823e-09,14.81046710840375,14.952092921643986,14.84090056144775
N512_eta02,0.0001,0.0,6.606934480075952e-09,14.004010819859156,15.299791911343588,15.183424152053341
N512_eta02,0.0001,0.0,7.0794578438413736e-09,15.607339448591794,15.64479261718849,15.523175879239036
N512_eta02,0.0001,0.0,7.585775750291836e-09,17.048744149000864,15.986048173124894,15.859128314234221
N512_eta02,0.0001,0.0,8.128305161640994e-09,16.55966383034684,16.322458079072124,16.190202602738715
N512_eta02,0.0001,0.0,8.709635899560797e-09,16.19548362832053,16.652872815462022,16.51527304199057
N512_eta02,0.0001,0.0,9.332543007969905e-09,16.672976888983882,16.976099564669823,16.833172721104045
N512_eta02,0.0001,0.0,1e-08,17.664153742879954,17.29090906892656,17.142700250289124
N512_eta02,0.0001,0.0,1.0715193052376048e-08,17.600752119161022,17.596043630591005,17.442627581609752
N512_eta02,0.0001,0.0,1.1481536214968818e-08,16.982452920375984,17.890226232973575,17.731708897457608
N512_eta02,0.0001,0.0,1.2302687708123811e-08,18.01655932531894,18.172170729019534,18.00869051339169
N512_eta02,0.0001,0.0,1.3182567385564074e-08,19.822727798188435,18.440593011545033,18.27232171013842
N512_eta02,0.0001,0.0,1.4125375446227526e-08,18.914686512452413,18.69422304369959,18.52136637631408
N512_eta02,0.0001,0.0,1.5135612484362072e-08,17.52413639400606,18.93181759281563,18.75461531000052
N512_eta02,0.0001,0.0,1.62181009735893e-08,18.212108060886905,19.15217347653993,18.970898995042603
N512_eta02,0.0001,0.0,1.7378008287493763e-08,20.232898540997653,19.35414109852358,19.169100638345977
N512_eta02,0.0001,0.0,1.8620871366628656e-08,21.220311018236174,19.53663802364956,19.348169229103682
N512_eta02,0.0001,0.0,1.995262314968879e-08,19.536106191009782,19.698662321752746,19.507132361312735
N512_eta02,0.0001,0.0,2.1379620895022325e-08,18.25958408231849,19.839305395127763,19.64510854857416
N512_eta02,0.0001,0.0,2.2908676527677703e-08,19.945097069283943,19.95776400040288,19.761318756188086
N512_eta02,0.0001,0.0,2.4547089156850285e-08,21.216071830331042,20.05335118056876,19.855096880816397
N512_eta02,0.0001,0.0,2.6302679918953814e-08,20.23665789564745,20.125505838303948,19.925898922926887
N512_eta02,0.0001,0.0,2.818382931264455e-08,19.71745037134043,20.17380070746041,19.97331062181213
N512_eta02,0.0001,0.0,3.0199517204020135e-08,20.106512998978587,20.19794851500125,19.99705335663461
N512_eta02,0.0001,0.0,3.2359365692962815e-08,20.741838044648844,20.197806169640454,19.996988158615817
N512_eta02,0.0001,0.0,3.467368504525317e-08,19.978106850674976,20.173376864329633,19.97311772762027
N512_eta02,0.0001,0.0,3.7153522909717206e-08,18.92388591970988,20.12481003549022,19.925586399051525
N512_eta02,0.0001,0.0,3.9810717055349696e-08,19.963689931023413,20.052399180111188,19.854678061963085
N512_eta02,0.0001,0.0,4.265795188015926e-08,21.66419594256179,19.95657759001916,19.760812084234484
N512_eta02,0.0001,0.0,4.5708818961487524e-08,20.088222285393936,19.83791211822439,19.64453735321469
N512_eta02,0.0001,0.0,4.897788193684457e-08,18.187357552696543,19.69709514290911,19.506524588185993
N512_eta02,0.0001,0.0,5.248074602497723e-08,18.523496831385128,19.534934938316397,19.347557122428437
N512_eta02,0.0001,0.0,5.623413251903491e-08,20.175451864030933,19.352344696819934,19.168520386041944
N512_eta02,0.0001,0.0,6.025595860743569e-08,20.712979594949843,19.150330471807095,18.970390344953245
N512_eta02,0.0001,0.0,6.456542290346549e-08,18.77333745329547,18.92997832602306,18.754221166159578
N512_eta02,0.0001,0.0,6.918309709189362e-08,17.35146733240793,18.692440974746823,18.52113238421055
N512_eta02,0.0001,0.0,7.413102413009178e-08,18.49387061303273,18.438924208128697,18.27229583965899
N512_eta02,0.0001,0.0,7.943282347242806e-08,19.060026963142192,18.170673363129023,18.008922647589113
N512_eta02,0.0001,0.0,8.511380382023759e-08,17.810651103323547,17.888960094061083,17.732250434550604
N512_eta02,0.0001,0.0,9.120108393559096e-08,17.2663373580348,17.595069663354455,17.44353105671494
N512_eta02,0.0001,0.0,9.772372209558092e-08,17.398428866189796,17.290288942379224,17.144018982367836
N512_eta02,0.0001,0.0,1.0471285480508985e-07,17.539348321578473,16.975895277799726,16.834960489528648
N512_eta02,0.0001,0.0,1.122018454301963e-07,16.426461194465453,16.653146343461927,16.51758379604201
N512_eta02,0.0001,0.0,1.202264434617413e-07,15.244012194029988,16.323271062747487,16.19309020628185
N512_eta02,0.0001,0.0,1.2882495516931324e-07,15.922079099441746,15.987461652904873,15.862646326814364
N512_eta02,0.0001,0.0,1.380384264602884e-07,17.04272503792595,15.646866812002898,15.52737737392923
N512_eta02,0.0001,0.0,1.4791083881682074e-07,15.55294172052106,15.302586041696067,15.18836156957683
N512_eta02,0.0001,0.0,1.584893192461111e-07,13.859735066298025,14.955665075262175,14.84662559941536
N512_eta02,0.0001,0.0,1.6982436524617427e-07,13.761774768848403,14.60709236079304,14.503141087627366
N512_eta02,0.0001,0.0,1.8197008586099827e-07,14.745819061093485,14.257796533870108,14.158822027970768
N512_eta02,0.0001,0.0,1.9498445997580458e-07,15.079053082009084,13.908644802497484,13.8145230990777
N512_eta02,0.0001,0.0,2.0892961308540366e-07,13.471610614539841,13.560442159193503,13.47103878407677
N512_eta02,0.0001,0.0,2.2387211385683377e-07,12.270747767520252,13.213931330626668,13.129103209862624
N512_eta02,0.0001,0.0,2.39883291901949e-07,12.825378185634333,12.869793373542965,12.789390619386626
N512_eta02,0.0001,0.0,2.570395782768865e-07,13.113711705309747,12.5286488265956,12.452516390774711
N512_eta02,0.0001,0.0,2.7542287033381637e-07,12.252664720464193,12.191059330534594,12.119038519468843
N512_eta02,0.0001,0.0,2.9512092266663846e-07,11.66481822704148,11.857529633631794,11.789459483522789
N512_eta02,0.0001,0.0,3.1622776601683797e-07,11.44884665100589,11.528509904815571,11.464228417273949
N512_eta02,0.0001,0.0,3.3884415613920205e-07,11.610267901384095,11.204398283343643,11.143743524511924
N512_eta02,0.0001,0.0,3.6307805477010105e-07,10.911349175456998,10.885543600707626,10.828354668662714
N512_eta02,0.0001,0.0,3.890451449942805e-07,9.928221476645481,10.572248217501665,10.518366084143773
N512_eta02,0.0001,0.0,4.1686938347033557e-07,10.15840082083447,10.264770925028948,10.214039159702939
N512_eta02,0.0001,0.0,4.4668359215096253e-07,10.689081080010276,9.963329868242797,9.915595251061223
N512_eta02,0.0001,0.0,4.786300923226381e-07,9.950949294892727,9.668105453129824,9.623218486402308
N512_eta02,0.0001,0.0,5.128613839913648e-07,8.86102161380039,9.3792432077289,9.337058534094652
N512_eta02,0.0001,0.0,5.495408738576237e-07,8.43881801002943,9.096856571564228,9.057233307428696
N512_eta02,0.0001,0.0,5.888436553555884e-07,8.949669612903337,8.82102959334848,8.783831586064426
N512_eta02,0.0001,0.0,6.309573444801931e-07,9.400704839557097,8.551819521343118,8.516915538294619
N512_eta02,0.0001,0.0,6.760829753919819e-07,8.325087457168111,8.289259274767915,8.256523132137088
N512_eta02,0.0001,0.0,7.244359600749892e-07,7.408726318249439,8.033359788133854,8.002670426689086
N512_eta02,0.0001,0.0,7.762471166286911e-07,7.486664399699551,7.784112223373942,7.755353738130493
N512_eta02,0.0001,0.0,8.31763771102671e-07,7.844594131894218,7.54149004719289,7.514551677281148
N512_eta02,0.0001,0.0,8.912509381337442e-07,7.72636335595811,7.305450973178655,7.280227057734648
N512_eta02,0.0001,0.0,9.54992586021435e-07,6.998187756218703,7.075938769974278,7.052328675344354
N512_eta02,0.0001,0.0,1.0232929922807537e-06,6.469354611248194,6.85288493822256,6.83079296126373
N512_eta02,0.0001,0.0,1.0964781961431828e-06,6.690087394204652,6.636210260110702,6.615545511880113
N512_eta02,0.0001,0.0,1.1748975549395304e-06,6.67807566685457,6.425826226205915,6.406502499864484
N512_eta02,0.0001,0.0,1.2589254117941661e-06,6.194219535055633,6.221636344903989,6.203571971223308
N512_eta02,0.0001,0.0,1.3489628825916506e-06,5.930310645527092,6.0235373402604235,6.006655033713022
N512_eta02,0.0001,0.0,1.445439770745928e-06,5.783191578851832,5.831420244255346,5.815646942293245
N512_eta02,0.0001,0.0,1.5488166189124796e-06,5.848490313770704,5.645171389694444,5.630438087475177
N512_eta02,0.0001,0.0,1.6595869074375565e-06,5.538007642202953,5.464673309984719,5.450914892491906
N512_eta02,0.0001,0.0,1.7782794100389231e-06,5.035664093247662,5.289805551975503,5.276960625196856
N512_eta02,0.0001,0.0,1.9054607179632443e-06,5.050426414555353,5.120445407931998,5.108456130503427
N512_eta02,0.0001,0.0,2.0417379446695316e-06,5.1431961304907485,4.9564685725308735,4.945280489028445
N512_eta02,0.0001,0.0,2.187761623949552e-06,4.995558289826741,4.7977497305488095,4.78731160740836
N512_eta02,0.0001,0.0,2.344228815319918e-06,4.577030057764406,4.644163080664082,4.634426745529796
N512_eta02,0.0001,0.0,2.5118864315095823e-06,4.1936380219971,4.495582800519868,4.486502985666952
N512_eta02,0.0001,0.0,2.6915348039269138e-06,4.312391586934907,4.351883457913775,4.343417648253151
N512_eta02,0.0001,0.0,2.8840315031266e-06,4.481807290861154,4.2129403726862895,4.205048658740477
N512_eta02,0.0001,0.0,3.0902954325135923e-06,4.23284647401613,4.078629933588632,4.071274869725123
N512_eta02,0.0001,0.0,3.311311214825908e-06,3.83484570826515,3.9488298741201406,3.9419763422403187
N512_eta02,0.0001,0.0,3.548133892335746e-06,3.5510032404948118,3.823419511041256,3.8170345898477125
N512_eta02,0.0001,0.0,3.801893963205613e-06,3.677586162055001,3.7022799489933567,3.696332788894377
N512_eta02,0.0001,0.0,4.073802778041122e-06,3.827357724827371,3.5852942543908384,3.5797559580475684
N512_eta02,0.0001,0.0,4.365158322401666e-06,3.6022856147598508,3.47234760149836,3.4671911099751584
N512_eta02,0.0001,0.0,4.677351412871981e-06,3.281249622397394,3.3633273933651515,3.3585273778071345
N512_eta02,0.0001,0.0,5.011872336272715e-06,3.041205633324867,3.2581233600610373,3.253656118792792
N512_eta02,0.0001,0.0,5.370317963702533e-06,3.1261139293747906,3.1566276364452044,3.1524709973606777
N512_eta02,0.0001,0.0,5.754399373371567e-06,3.194653204294543,3.0587348214979877,3.054868049592928
N512_eta02,0.0001,0.0,6.16595001861481e-06,3.0818998261042454,2.964342021059257,2.960745730943173
N512_eta02,0.0001,0.0,6.606934480075964e-06,2.884676218851092,2.8733488756431083,2.870004948857341
N512_eta02,0.0001,0.0,7.079457843841373e-06,2.6805665009208903,2.785657574837486,2.782549081798673
N512_eta02,0.0001,0.0,7.585775750291821e-06,2.6638851226604854,2.7011728596485756,2.698283986032462
N512_eta02,0.0001,0.0,8.128305161640995e-06,2.569328803325088,2.619802014013339,2.617117991391664
N512_eta02,0.0001,0.0,8.709635899560797e-06,2.570738680987035,2.541454846578086,2.5389618871212005
N512_eta02,0.0001,0.0,9.332543007969886e-06,2.5526367747833345,2.46604366372688,2.463728898786195
N512_eta02,0.0001,0.0,1e-05,2.5180165827979284,2.3934832347401978,2.391334657127289
N512_eta02,0.0001,0.0,1.071519305237605e-05,2.3226316803440725,2.323690749870853,2.321697159654001
N512_eta02,0.0001,0.0,1.1481536214968841e-05,2.1146082823794052,2.256585772040886,2.2547367256845043
N512_eta02,0.0001,0.0,1.230268770812381e-05,2.051069577124479,2.1920901827895936,2.1903759454674376
N512_eta02,0.0001,0.0,1.3182567385564049e-05,2.1241081144899985,2.1301281230383196,2.128539623957236
N512_eta02,0.0001,0.0,1.4125375446227553e-05,2.147209553205109,2.0706259291826123,2.069154719759989
N512_eta02,0.0001,0.0,1.5135612484362071e-05,2.0681563012383033,2.013512064976177,2.012150279720673
N512_eta02,0.0001,0.0,1.6218100973589265e-05,2.0175840219534664,1.9587170496335526,1.9574573695855333
N512_eta02,0.0001,0.0,1.7378008287493764e-05,2.017357133637402,1.906173382550094,1.905009001144887
N512_eta02,0.0001,0.0,1.8620871366628657e-05,1.8801169329786673,1.855815465017641,1.8547400562415552
N512_eta02,0.0001,0.0,1.995262314968875e-05,1.7577247995084435,1.80757951930278,1.8065872080185437
N512_eta02,0.0001,0.0,2.1379620895022326e-05,1.7094195177162455,1.761403505451552,1.7604888397763865
N512_eta02,0.0001,0.0,2.29086765276777e-05,1.7033737038390933,1.717227036189207,1.7163849618152005
N512_eta02,0.0001,0.0,2.4547089156850235e-05,1.584394659937658,1.6749912902963424,1.6742171266489694
N512_eta02,0.0001,0.0,2.6302679918953814e-05,1.5461086604717855,1.634638924862839,1.6339283429994476
N512_eta02,0.0001,0.0,2.8183829312644495e-05,1.5805394076350279,1.596113986847639,1.5954629890034058
N512_eta02,0.0001,0.0,3.0199517204020195e-05,1.481128829902954,1.559361824405123,1.5587667250993205
N512_eta02,0.0001,0.0,3.235936569296281e-05,1.4454105061147833,1.5243289984763797,1.5237864070968774
N512_eta02,0.0001,0.0,3.467368504525309e-05,1.4781869730610977,1.4909631951846816,1.4904699999732927
N512_eta02,0.0001,0.0,3.715352290971728e-05,1.3912399634656447,1.4592131396176613,1.4587664929832653
N512_eta02,0.0001,0.0,3.9810717055349695e-05,1.3836756113772215,1.4290285116217079,1.4286258167121075
N512_eta02,0.0001,0.0,4.265795188015917e-05,1.4012944333510364,1.400359864275142,1.3999987627421826
N512_eta02,0.0001,0.0,4.570881896148752e-05,1.3592551598450795,1.373158545743035,1.3728369066388244
N512_eta02,0.0001,0.0,4.897788193684457e-05,1.405085135186746,1.3473766252453858,1.3470925349903564
N512_eta02,0.0001,0.0,5.2480746024977124e-05,1.3500716901699785,1.3229668238888006,1.3227185772550003
N512_eta02,0.0001,0.0,5.623413251903491e-05,1.315779750456512,1.2998824511168028,1.2996685431721409
N512_eta02,0.0001,0.0,6.025595860743569e-05,1.264372554242865,1.2780773475221938,1.2778964664835082
N512_eta02,0.0001,0.0,6.456542290346563e-05,1.2105465908285433,1.2575058347337407,1.2573568556784944
N512_eta02,0.0001,0.0,6.918309709189364e-05,1.2435632189642822,1.2381226730361776,1.2380046524244528
N512_eta02,0.0001,0.0,7.413102413009161e-05,1.2355569426350503,1.2198830273049737,1.2197951982652224
N512_eta02,0.0001,0.0,7.943282347242822e-05,1.2198620383241174,1.2027424417342338,1.2026842100680792
N512_eta02,0.0001,0.0,8.51138038202376e-05,1.1484697933606371,1.1866568237068353,1.1866277645701246
N512_eta02,0.0001,0.0,9.120108393559079e-05,1.1832353116581977,1.1715824370011958,1.1715822922205463
N512_eta02,0.0001,0.0,9.772372209558111e-05,1.168347831150602,1.1574759043505205,1.1575045803368365
N512_eta02,0.0001,0.0,0.00010471285480508985,1.1134251910010922,1.1442942191712215,1.1443517853940488
N512_eta02,0.0001,0.0,0.00011220184543019607,1.1655505539399251,1.1319947660615886,1.1320814540507294
N512_eta02,0.0001,0.0,0.00012022644346174132,1.0985548144807535,1.1205353494454546,1.120651552288947
N512_eta02,0.0001,0.0,0.00012882495516931323,1.1168100474358647,1.1098742295049384,1.1100205018151215
N512_eta02,0.0001,0.0,0.0001380384264602881,1.1042283122194843,1.0999701643188318,1.1001472226407145
N512_eta02,0.0001,0.0,0.00014791083881682073,1.0802144972986705,1.090782456906503,1.0909911805447434
N512_eta02,0.0001,0.0,0.0001584893192461111,1.0824376066091896,1.0822710056791165,1.082512437921346
N512_eta02,0.0001,0.0,0.0001698243652461746,1.0938109532696068,1.0743963566277184,1.074671706342414
N512_eta02,0.0001,0.0,0.00018197008586099826,1.0459165286806913,1.0671197554377532,1.0674303990239533
N512_eta02,0.0001,0.0,0.00019498445997580418,1.0639750952940763,1.0604031976167145,1.0607506812801755
N512_eta02,0.0001,0.0,0.00020892961308540412,1.058361779440212,1.0542094746591297,1.0545955169845709
N512_eta02,0.0001,0.0,0.00022387211385683378,1.0482453479674438,1.0485022142521059,1.0489287090334405
N512_eta02,0.0001,0.0,0.0002398832919019485,1.0486200987248786,1.0432459125441775,1.0437149318235364
N512_eta02,0.0001,0.0,0.0002570395782768865,1.039069107146053,1.0384059565570707,1.0389197538083472
N512_eta02,0.0001,0.0,0.00027542287033381635,1.0222556629586779,1.0339486349089957,1.034509648281966
N512_eta02,0.0001,0.0,0.0002951209226666378,1.017391148226726,1.0298411351324477,1.030451990648444
N512_eta02,0.0001,0.0,0.000316227766016838,1.0241010804510413,1.0260515260010914,1.026715040559968
N512_eta02,0.0001,0.0,0.0003388441561392021,1.0314829124960667,1.0225487234204163,1.0232679074401976
N512_eta02,0.0001,0.0,0.0003630780547701003,1.0337650584023446,1.0193024385767189,1.0200804980408211
N512_eta02,0.0001,0.0,0.0003890451449942805,1.0316768005983896,1.0162831071704275,1.017123444801459
N512_eta02,0.0001,0.0,0.0004168693834703347,1.0278706587031488,1.0134617986759258,1.014368013888463
N512_eta02,0.0001,0.0,0.0004466835921509635,1.024182085154167,1.0108101046660467,1.0117859918717893
N512_eta02,0.0001,0.0,0.00047863009232263805,1.0212426724515156,1.0083000053128384,1.0093495500584173
N512_eta02,0.0001,0.0,0.0005128613839913639,1.0187976664223657,1.0059037132279753,1.0070310855363704
N512_eta02,0.0001,0.0,0.0005495408738576249,1.0159424150596572,1.003593493840873,1.004803037999724
N512_eta02,0.0001,0.0,0.0005888436553555884,1.0113848293235081,1.0013414615391483,1.0026376814309135
N512_eta02,0.0001,0.0,0.0006309573444801918,1.0041992216935167,0.9991193508286531,1.0005068897263019
N512_eta02,0.0001,0.0,0.000676082975391982,0.9951791405788001,0.9968982618286436,0.9983818753843754
N512_eta02,0.0001,0.0,0.0007244359600749892,0.9875943576759999,0.9946483795284986,0.9962329004602934
N512_eta02,0.0001,0.0,0.0007762471166286897,0.9852064414172329,0.9923386664299727,0.9940289591611284
N512_eta02,0.0001,0.0,0.000831763771102671,0.9877131471714358,0.9899365285268731,0.9917374317582129
N512_eta02,0.0001,0.0,0.000891250938133744,0.9894313249145864,0.9874074550860469,0.9893237099827545
N512_eta02,0.0001,0.0,0.000954992586021437,0.9865879522590059,0.9847146334554467,0.9867507948179345
N512_eta02,0.0001,0.0,0.0010232929922807535,0.9826986230071397,0.9818185412156376,0.983978868688999
N512_eta02,0.0001,0.0,0.001096478196143183,0.9806926606250237,0.9786765195030191,0.9809648455824944
N512_eta02,0.0001,0.0,0.0011748975549395304,0.9754838957989604,0.9752423333727739,0.9776619047128376
N512_eta02,0.0001,0.0,0.0012589254117941662,0.9655934300798144,0.9714657277546858,0.9740190161295005
N512_eta02,0.0001,0.0,0.0013489628825916506,0.9657015326060986,0.9672919910101195,0.9699804702618637
N512_eta02,0.0001,0.0,0.0014454397707459282,0.9707185204322339,0.9626615424450445,0.9654854279726509
N512_eta02,0.0001,0.0,0.0015488166189124796,0.9576857992059938,0.9575095654749909,0.9604675133609085
N512_eta02,0.0001,0.0,0.0016595869074375565,0.9461704666944687,0.951765714533182,0.9548544784071193
N512_eta02,0.0001,0.0,0.001778279410038923,0.9464987762686872,0.9453539312440378,0.9485679765928647
N512_eta02,0.0001,0.0,0.0019054607179632445,0.9394465544944761,0.9381924137041987,0.9415234917298225
N512_eta02,0.0001,0.0,0.0020417379446695232,0.9315489738252447,0.9301937915837656,0.933630478069155
N512_eta02,0.0001,0.0,0.002187761623949552,0.9195772176082657,0.9212655685734066,0.924792777712828
N512_eta02,0.0001,0.0,0.002344228815319918,0.9077822271041223,0.9113109014941984,0.9149093904021334
N512_eta02,0.0001,0.0,0.002511886431509582,0.9067952313806562,0.9002297907535282,0.9038756774140682
N512_eta02,0.0001,0.0,0.0026915348039269144,0.8857665322937596,0.8879207578735491,0.8915850834852345
N512_eta02,0.0001,0.0,0.0028840315031266,0.8718210614252663,0.874283080147456,0.8779314557584512
N512_eta02,0.0001,0.0,0.003090295432513592,0.8610714189988689,0.8592196373207737,0.8628120235871743
N512_eta02,0.0001,0.0,0.003311311214825908,0.8434201993378447,0.8426403976701367,0.8461310743271255
N512_eta02,0.0001,0.0,0.003548133892335746,0.8232665390195018,0.8244665284667947,0.8278043150331462
N512_eta02,0.0001,0.0,0.0038018939632056127,0.8026465451696849,0.8046350571968641,0.8077638464808207
N512_eta02,0.0001,0.0,0.0040738027780411225,0.7882859876466217,0.7831039357790425,0.7859635946426653
N512_eta02,0.0001,0.0,0.004365158322401648,0.755782611403636,0.759857274221814,0.7623849496743149
N512_eta02,0.0001,0.0,0.004677351412871981,0.7356909473105594,0.7349104205706283,0.7370422622051959
N512_eta02,0.0001,0.0,0.005011872336272715,0.709060990304159,0.7083144828576277,0.7099877549496475
N512_eta02,0.0001,0.0,0.005370317963702533,0.6803660598169219,0.6801598320497448,0.6813153424352719
N512_eta02,0.0001,0.0,0.005754399373371567,0.648032213548666,0.650578110356561,0.6511628331958413
N512_eta02,0.0001,0.0,0.006165950018614809,0.6235249062709072,0.6197423125690877,0.6197120354193054
N512_eta02,0.0001,0.0,0.006606934480075964,0.5856088236363967,0.5878646188838211,0.5871864099233803
N512_eta02,0.0001,0.0,0.007079457843841374,0.5552084522008056,0.555191834589784,0.5538461120921949
N512_eta02,0.0001,0.0,0.007585775750291821,0.5226971116683244,0.5219985198754868,0.5199805196495333
N512_eta02,0.0001,0.0,0.008128305161640995,0.488600004981536,0.4885781429207902,0.48589862256583455
N512_eta02,0.0001,0.0,0.008709635899560796,0.45372031224653825,0.4552328228199417,0.45191791067989395
N512_eta02,0.0001,0.0,0.009332543007969887,0.4247761769562911,0.42226240529349324,0.41835258758980026
N512_eta02,0.0001,0.0,0.01,0.388075898416367,0.3899537007672693,0.38550202916557796
N512_eta02,0.0001,4.0,1.0000000000000002e-14,0.4012449115040839,0.3869903576255699,0.38689658655441445
N512_eta02,0.0001,4.0,1.0715193052376049e-14,0.38579642709832945,0.40058991452251214,0.40049032228736786
N512_eta02,0.0001,4.0,1.148153621496884e-14,0.3857546434396694,0.41466747393775594,0.4145614822271388
N512_eta02,0.0001,4.0,1.2302687708123812e-14,0.4315350618210172,0.4292398891081388,0.4291268125377301
N512_eta02,0.0001,4.0,1.3182567385564046e-14,0.4842341550141494,0.44432392163914985,0.4442036444358284
N512_eta02,0.0001,4.0,1.4125375446227557e-14,0.46404764156487205,0.45993787796136565,0.4598099143751122
N512_eta02,0.0001,4.0,1.5135612484362073e-14,0.4449195334103059,0.4761004648309608,0.47596418489891573
N512_eta02,0.0001,4.0,1.6218100973589332e-14,0.4731626468200022,0.4928308569342383,0.49268566618027676
N512_eta02,0.0001,4.0,1.7378008287493765e-14,0.5256576916698321,0.5101490626759592,0.5099942382685576
N512_eta02,0.0001,4.0,1.8620871366628658e-14,0.5543589959054805,0.5280752566477004,0.5279104740620095
N512_eta02,0.0001,4.0,1.9952623149688828e-14,0.5406476403356686,0.5466313541461769,0.5464556630256835
N512_eta02,0.0001,4.0,2.1379620895022327e-14,0.5409094961455385,0.5658393186200151,0.5656518356741513
N512_eta02,0.0001,4.0,2.29086765276777e-14,0.5941495689087071,0.5857214784633128,0.5855217888384392
N512_eta02,0.0001,4.0,2.4547089156850338e-14,0.6236828191709234,0.606302139866668,0.6060891117364295
N512_eta02,0.0001,4.0,2.6302679918953815e-14,0.6127959106763919,0.6276051512694997,0.6273782128657889
N512_eta02,0.0001,4.0,2.8183829312644495e-14,0.6407803746585126,0.6496565238700376,0.6494143477381465
N512_eta02,0.0001,4.0,3.019951720402019e-14,0.6869037628262993,0.6724818240339853,0.6722236474727832
N512_eta02,0.0001,4.0,3.2359365692962816e-14,0.724833939195946,0.696108584039677,0.695833148267519
N512_eta02,0.0001,4.0,3.46736850452531e-14,0.7098637898381809,0.7205647619347633,0.7202708217637833
N512_eta02,0.0001,4.0,3.715352290971728e-14,0.6956840856990583,0.7458792529256032,0.7455656063218798
N512_eta02,0.0001,4.0,3.9810717055349693e-14,0.7691382821665987,0.7720820633092657,0.771747439221413
N512_eta02,0.0001,4.0,4.2657951880159345e-14,0.8652544363666471,0.7992044219140078,0.7988472898005182
N512_eta02,0.0001,4.0,4.570881896148752e-14,0.8456338789569527,0.827278437051226,0.8268971935459428
N512_eta02,0.0001,4.0,4.897788193684456e-14,0.8064153499704891,0.8563373720189309,0.8559302871442303
N512_eta02,0.0001,4.0,5.248074602497734e-14,0.8348128230488452,0.8864154622783373,0.8859808445020834
N512_eta02,0.0001,4.0,5.623413251903491e-14,0.936036888836702,0.917548279695428,0.9170843137415151
N512_eta02,0.0001,4.0,6.025595860743569e-14,1.0211637308371022,0.9497728174493127,0.9492773551725369
N512_eta02,0.0001,4.0,6.456542290346563e-14,0.9783513827398254,0.9831270143295958,0.9825978802427968
N512_eta02,0.0001,4.0,6.918309709189363e-14,0.9570543420210715,1.0176503148877398,1.0170850914598337
N512_eta02,0.0001,4.0,7.413102413009162e-14,1.04434468445568,1.053383296099519,1.0527795232773327
N512_eta02,0.0001,4.0,7.943282347242822e-14,1.1283301517763462,1.0903679365511707,1.0897230839317944
N512_eta02,0.0001,4.0,8.51138038202376e-14,1.1361326455115115,1.128648087847093,1.127959098210525
N512_eta02,0.0001,4.0,9.120108393559116e-14,1.1517461848119834,1.1682685309047827,1.1675323511255955
N512_eta02,0.0001,4.0,9.772372209558112e-14,1.1979635700709679,1.2092756817363568,1.2084891324611904
N512_eta02,0.0001,4.0,1.0471285480508985e-13,1.2972942722278311,1.2517178523308015,1.2508772821539194
N512_eta02,0.0001,4.0,1.1220184543019654e-13,1.3042282664000586,1.2956445146347648,1.2947462364565256
N512_eta02,0.0001,4.0,1.2022644346174131e-13,1.2669590827386734,1.341107142525197,1.340147074825353
N512_eta02,0.0001,4.0,1.2882495516931323e-13,1.3747369281061017,1.3881586459330542,1.3871325674606498
N512_eta02,0.0001,4.0,1.3803842646028868e-13,1.526697757334331,1.4368540141618056,1.4357572234159313
N512_eta02,0.0001,4.0,1.4791083881682072e-13,1.53822888878345,1.4872497760744738,1.4860773391785673
N512_eta02,0.0001,4.0,1.584893192461111e-13,1.4724707109076374,1.5394043677942997,1.5381510476078233
N512_eta02,0.0001,4.0,1.698243652461746e-13,1.4841403933838893,1.5933782662858251,1.5920383670988452
N512_eta02,0.0001,4.0,1.8197008586099824e-13,1.6639995911271799,1.6492338323253632,1.6478012508214221
N512_eta02,0.0001,4.0,1.9498445997580416e-13,1.8578154064005006,1.7070353123182411,1.705503635860412
N512_eta02,0.0001,4.0,2.0892961308540411e-13,1.775127185495622,1.7668492407406213,1.7652114920602378
N512_eta02,0.0001,4.0,2.2387211385683378e-13,1.7096984619048696,1.8287441502341817,1.8269928703488434
N512_eta02,0.0001,4.0,2.3988329190194847e-13,1.8331350853211303,1.8927906124692906,1.8909179502864712
N512_eta02,0.0001,4.0,2.570395782768865e-13,2.022255643157416,1.9590616163537926,1.957059086551197
N512_eta02,0.0001,4.0,2.7542287033381635e-13,2.102740312953812,2.027632383976462,2.0254908540364114
N512_eta02,0.0001,4.0,2.95120922666639e-13,2.07201218466421,2.0985803722624246,2.096290091194723
N512_eta02,0.0001,4.0,3.1622776601683797e-13,2.0975828988221603,2.1719852625269342,2.169535941217517
N512_eta02,0.0001,4.0,3.3884415613920205e-13,2.2998568490402067,2.2479294461813506,2.2453098905900775
N512_eta02,0.0001,4.0,3.630780547701018e-13,2.379446511777966,2.3264974686983537,2.3236958045071523
N512_eta02,0.0001,4.0,3.890451449942805e-13,2.321183770811229,2.407776435908374,2.404779958573802
N512_eta02,0.0001,4.0,4.168693834703347e-13,2.459907656553299,2.4918559057913656,2.4886510661501178
N512_eta02,0.0001,4.0,4.466835921509635e-13,2.672125709900903,2.578828070505459,2.5754003006256627
N512_eta02,0.0001,4.0,4.786300923226381e-13,2.7800274367297355,2.6687874777824265,2.665121311829827
N512_eta02,0.0001,4.0,5.128613839913659e-13,2.6933303500158123,2.761831394858669,2.7579102356971403
N512_eta02,0.0001,4.0,5.495408738576248e-13,2.6563538145972725,2.858059627623095,2.8538656962110003
N512_eta02,0.0001,4.0,5.888436553555884e-13,2.9572709493790943,2.9575744033327123,2.9530887985455463
N512_eta02,0.0001,4.0,6.309573444801943e-13,3.3299305934947805,3.0604806126653554,3.0556831122117263
N512_eta02,0.0001,4.0,6.760829753919819e-13,3.2190071741785617,3.1668855952050965,3.161754642890586
N512_eta02,0.0001,4.0,7.244359600749892e-13,3.0735985365498713,3.2768993023377373,3.2714117915031378
N512_eta02,0.0001,4.0,7.762471166286928e-13,3.220628645919697,3.390633971391228,3.3847652989212444
N512_eta02,0.0001,4.0,8.317637711026709e-13,3.5938243390419276,3.5082042856803737,3.5019281745678725
N512_eta02,0.0001,4.0,8.912509381337441e-13,3.8544833346199594,3.6297271806201747,3.6230156069868045
N512_eta02,0.0001,4.0,9.54992586021437e-13,3.721523308757347,3.7553217885670547,3.74814485428106
N512_eta02,0.0001,4.0,1.0232929922807536e-12,3.6886957691695956,3.885109224510213,3.8774351121262214
N512_eta02,0.0001,4.0,1.0964781961431851e-12,4.041016413215031,4.019212686725029,4.011007356858711
N512_eta02,0.0001,4.0,1.1748975549395302e-12,4.2860068579419055,4.157756867465303,4.148984160920338
N512_eta02,0.0001,4.0,1.258925411794166e-12,4.242468105601961,4.300868098483987,4.291489477709467
N512_eta02,0.0001,4.0,1.3489628825916534e-12,4.38485057926332,4.448673970192745,4.438648392646476
N512_eta02,0.0001,4.0,1.445439770745928e-12,4.652276054929942,4.601303059287427,4.59058683700761
N512_eta02,0.0001,4.0,1.5488166189124795e-12,4.96288679528974,4.758884560318714,4.747431260818893
N512_eta02,0.0001,4.0,1.6595869074375598e-12,4.886760398335213,4.9215480539555925,4.90930826083189
N512_eta02,0.0001,4.0,1.7782794100389228e-12,4.752233072522438,5.089422887495011,5.076344159328664
N512_eta02,0.0001,4.0,1.9054607179632443e-12,5.23140239835851,5.262637923801593,5.248664529228067
N512_eta02,0.0001,4.0,2.041737944669532e-12,5.867601180584117,5.441320805310415,5.426393660693288
N512_eta02,0.0001,4.0,2.1877616239495518e-12,5.783708152574624,5.625597572263086,5.609653964177114
N512_eta02,0.0001,4.0,2.344228815319923e-12,5.504269584877272,5.815591803376092,5.798565304593714
N512_eta02,0.0001,4.0,2.5118864315095823e-12,5.635695895011123,6.011423991981801,5.9932442610807515
N512_eta02,0.0001,4.0,2.6915348039269142e-12,6.310222117975975,6.213210636596606,6.193803306624749
N512_eta02,0.0001,4.0,2.884031503126606e-12,6.918274093877152,6.421063482183746,6.40034990167548
N512_eta02,0.0001,4.0,3.090295432513592e-12,6.611193231305333,6.635088320838158,6.612985495786732
N512_eta02,0.0001,4.0,3.311311214825908e-12,6.4566088875234104,6.855384035029949,6.831804431305838
N512_eta02,0.0001,4.0,3.548133892335753e-12,7.003675804555347,7.082041320727109,7.056892743211501
N512_eta02,0.0001,4.0,3.8018939632056125e-12,7.545601782461311,7.315141386392464,7.288326849389023
N512_eta02,0.0001,4.0,4.073802778041122e-12,7.599094289616039,7.554754531090099,7.5261721259579515
N512_eta02,0.0001,4.0,4.365158322401657e-12,7.6823139838326835,7.800938515638799,7.770481362755031
N512_eta02,0.0001,4.0,4.677351412871982e-12,7.999121525170475,8.053736920955817,8.021293094754297
N512_eta02,0.0001,4.0,5.011872336272715e-12,8.646010968923868,8.313177309921617,8.278629806108762
N512_eta02,0.0001,4.0,5.370317963702533e-12,8.624675295084925,8.579269280016666,8.5424960046568
N512_eta02,0.0001,4.0,5.754399373371567e-12,8.320055279009656,8.852002329999463,8.81287616618853
N512_eta02,0.0001,4.0,6.165950018614822e-12,9.04834722931669,9.131343653569543,9.0897325495508
N512_eta02,0.0001,4.0,6.6069344800759645e-12,10.048862980910492,9.417235799041816,9.373002885819666
N512_eta02,0.0001,4.0,7.079457843841373e-12,10.074240117189548,9.709594094705373,9.662597947326585
N512_eta02,0.0001,4.0,7.585775750291836e-12,9.566083599188087,10.008304134283234,9.958399005320421
N512_eta02,0.0001,4.0,8.128305161640996e-12,9.598787004799963,10.313219012750405,10.260255188513854
N512_eta02,0.0001,4.0,8.709635899560797e-12,10.72125737049121,10.624156482003217,10.56798075872181
N512_eta02,0.0001,4.0,9.332543007969906e-12,11.855418930897695,10.940896132068353,10.88135232426411
N512_eta02,0.0001,4.0,1e-11,11.281961608334754,11.263176438555277,11.200106016773873
N512_eta02,0.0001,4.0,1.0715193052376049e-11,10.906789340013853,11.590691794363215,11.523934662509136
N512_eta02,0.0001,4.0,1.1481536214968842e-11,11.669319569827826,11.923089651650455,11.852484985166631
N512_eta02,0.0001,4.0,1.2302687708123813e-11,12.602499095743857,12.259967628571376,12.185354883476691
N512_eta02,0.0001,4.0,1.3182567385564075e-11,12.80076487631485,12.600870781642637,12.52209083341841
N512_eta02,0.0001,4.0,1.4125375446227556e-11,12.731998638767287,12.94528907515591,12.86218547159752
N512_eta02,0.0001,4.0,1.5135612484362072e-11,13.11005831688977,13.292655054331693,13.205075423002254
N512_eta02,0.0001,4.0,1.6218100973589298e-11,14.171139055260602,13.642341864347177,13.550139442772371
N512_eta02,0.0001,4.0,1.7378008287493765e-11,14.13354575175189,13.993661612000583,13.896696947519413
N512_eta02,0.0001,4.0,1.8620871366628657e-11,13.509870571129465,14.345864274464848,14.24400701680959
N512_eta02,0.0001,4.0,1.995262314968879e-11,14.540787830650451,14.698137115823258,14.59126794931072
N512_eta02,0.0001,4.0,2.1379620895022327e-11,15.985216015731059,15.049604772099848,14.937617460419279
N512_eta02,0.0001,4.0,2.2908676527677702e-11,16.08144768132046,15.399330109570592,15.282133608507696
N512_eta02,0.0001,4.0,2.4547089156850283e-11,15.141866158288853,15.746315887715683,15.62383653483517
N512_eta02,0.0001,4.0,2.6302679918953818e-11,14.924838118137021,16.089507361536736,15.961691097229036
N512_eta02,0.0001,4.0,2.8183829312644493e-11,16.529933816226126,16.42779588147272,16.294610469482162
N512_eta02,0.0001,4.0,3.019951720402019e-11,18.145931999261503,16.76002355025172,16.621460766700025
N512_eta02,0.0001,4.0,3.235936569296281e-11,17.148161225622406,17.08498901511329,16.941066741343242
N512_eta02,0.0001,4.0,3.467368504525317e-11,16.438619608347356,17.401454374162675,17.252218575348465
N512_eta02,0.0001,4.0,3.715352290971728e-11,17.328082473519064,17.7081532651626,17.55367977054131
N512_eta02,0.0001,4.0,3.9810717055349695e-11,18.42516873894233,18.003800049734664,17.844196112845175
N512_eta02,0.0001,4.0,4.2657951880159254e-11,18.503063967568515,18.28710009290849,18.1225056560243
N512_eta02,0.0001,4.0,4.570881896148752e-11,18.19396829449445,18.55676102127584,18.38734963860596
N512_eta02,0.0001,4.0,4.897788193684457e-11,18.644947273187167,18.811504845013285,18.637484214167564
N512_eta02,0.0001,4.0,5.2480746024977236e-11,19.893490921304153,19.050080781505066,18.871692841538778
N512_eta02,0.0001,4.0,5.6234132519034906e-11,19.42485030193112,19.271278595073397,19.0887991490367
N512_eta02,0.0001,4.0,6.025595860743569e-11,18.222814629211,19.47394221662073,19.287680057137933
N512_eta02,0.0001,4.0,6.456542290346562e-11,19.42985091941422,19.656983413026207,19.467278918572998
N512_eta02,0.0001,4.0,6.918309709189364e-11,21.121953234260538,19.819395199609488,19.626618415258033
N512_eta02,0.0001,4.0,7.413102413009162e-11,20.923137226387144,19.960264739117413,19.764812939177517
N512_eta02,0.0001,4.0,7.943282347242822e-11,19.341303270147705,20.07878542514132,19.88108018048881
N512_eta02,0.0001,4.0,8.511380382023759e-11,18.721076886426196,20.174267856088388,19.974751651591372
N512_eta02,0.0001,4.0,9.120108393559097e-11,20.370395453673634,20.24614944405418,20.045281891119853
N512_eta02,0.0001,4.0,9.772372209558111e-11,21.82417205410491,20.294002404779153,20.092256116731487
N512_eta02,0.0001,4.0,1.0471285480508986e-10,20.327006790376515,20.317539921914932,20.11539612959026
N512_eta02,0.0001,4.0,1.1220184543019632e-10,19.334695827755297,20.31662032490642,20.11456431551749
N512_eta02,0.0001,4.0,1.2022644346174132e-10,20.05506232091839,20.29124916468142,20.089765636320394
N512_eta02,0.0001,4.0,1.2882495516931322e-10,20.631781726359687,20.241579132245917,20.041147557876023
N512_eta02,0.0001,4.0,1.3803842646028838e-10,20.11001893381884,20.167907821701775,19.96899791690461
N512_eta02,0.0001,4.0,1.479108388168207e-10,19.576556244352485,20.070673399672998,19.87374078364068
N512_eta02,0.0001,4.0,1.5848931924611142e-10,20.003185286206,19.950448295771007,19.75593043043086
N512_eta02,0.0001,4.0,1.6982436524617427e-10,20.88874311101399,19.807931083504133,19.616243564439277
N512_eta02,0.0001,4.0,1.8197008586099827e-10,19.718216076846105,19.64393676128026,19.45547002419588
N512_eta02,0.0001,4.0,1.9498445997580455e-10,18.046068748008597,19.45938568346214,19.27450217315095
N512_eta02,0.0001,4.0,2.0892961308540407e-10,19.01997915348178,19.25529140586392,19.074323247649733
N512_eta02,0.0001,4.0,2.2387211385683377e-10,20.366036632131646,19.032747741235656,18.855994931276896
N512_eta02,0.0001,4.0,2.3988329190194897e-10,19.722879724213463,18.792915309644,18.62064443232618
N512_eta02,0.0001,4.0,2.570395782768865e-10,17.88923280101103,18.5370078729205,18.369451336688748
N512_eta02,0.0001,4.0,2.7542287033381637e-10,17.012263453104868,18.266278721697745,18.10363449560599
N512_eta02,0.0001,4.0,2.951209226666384e-10,18.105530581355605,17.982007370553294,17.82443918770795
N512_eta02,0.0001,4.0,3.1622776601683795e-10,18.8421350991693,17.685486777622604,17.53312476899097
N512_eta02,0.0001,4.0,3.3884415613920275e-10,17.30312277699093,17.378011282727726,17.23095299443464
N512_eta02,0.0001,4.0,3.6307805477010104e-10,16.358593910296207,17.060865420392638,16.91917716239443
N512_eta02,0.0001,4.0,3.890451449942805e-10,16.71303858779869,16.73531372551069,16.599032199240575
N512_eta02,0.0001,4.0,4.168693834703355e-10,16.668575701456202,16.402591616207914,16.27172576831386
N512_eta02,0.0001,4.0,4.4668359215096254e-10,15.841901211117836,16.063897410079353,15.938430455307735
N512_eta02,0.0001,4.0,4.78630092322638e-10,15.250776631532627,15.72038548652908,15.600277052613269
N512_eta02,0.0001,4.0,5.128613839913648e-10,15.510905127463946,15.373160593203663,15.258348938685911
N512_eta02,0.0001,4.0,5.495408738576249e-10,15.95186902882112,15.023273265428115,14.9136775255816
N512_eta02,0.0001,4.0,5.888436553555885e-10,14.71150526681188,14.671716304385678,14.56723872871677
N512_eta02,0.0001,4.0,6.30957344480193e-10,13.228934892423563,14.31942225027994,14.21995039768483
N512_eta02,0.0001,4.0,6.760829753919819e-10,13.764758070007865,13.967261772866031,13.872670635506061
N512_eta02,0.0001,4.0,7.244359600749892e-10,14.551995050648008,13.616042890943268,13.526196925760853
N512_eta02,0.0001,4.0,7.762471166286911e-10,13.962268989378067,13.266510934567341,13.181265982330299
N512_eta02,0.0001,4.0,8.31763771102671e-10,12.528294740524593,12.919349154454684,12.838554234553733
N512_eta02,0.0001,4.0,8.91250938133746e-10,11.716114510322342,12.575179889286716,12.498678861087916
N512_eta02,0.0001,4.0,9.54992586021435e-10,12.315024691880616,12.234566203687988,12.162199288190607
N512_eta02,0.0001,4.0,1.0232929922807536e-09,12.63512191643597,11.898013910676683,11.829619072135436
N512_eta02,0.0001,4.0,1.0964781961431852e-09,11.524233193814482,11.565973904355886,11.501388090606937
N512_eta02,0.0001,4.0,1.1748975549395278e-09,10.810850025954796,11.238844728069752,11.177904973872725
N512_eta02,0.0001,4.0,1.2589254117941663e-09,10.897231877902794,10.916975314696844,10.859519712975763
N512_eta02,0.0001,4.0,1.3489628825916533e-09,10.75652168110671,10.600667842385894,10.546536388870784
N512_eta02,0.0001,4.0,1.445439770745928e-09,10.172791765814562,10.290180654221437,10.23921597312768
N512_eta02,0.0001,4.0,1.5488166189124799e-09,9.649867494345184,9.985731197969148,9.93777915736934
N512_eta02,0.0001,4.0,1.6595869074375598e-09,9.731128558938357,9.687498950608834,9.642409174867831
N512_eta02,0.0001,4.0,1.778279410038923e-09,9.982019622640786,9.395628294757048,9.353254583595454
N512_eta02,0.0001,4.0,1.9054607179632444e-09,9.158834783966249,9.11023132320654,9.070431985450075
N512_eta02,0.0001,4.0,2.0417379446695276e-09,8.180734937406127,8.831390550359774,8.794028661308893
N512_eta02,0.0001,4.0,2.187761623949552e-09,8.38722601750881,8.559161515676317,8.524105105994412
N512_eta02,0.0001,4.0,2.344228815319923e-09,8.807524279634793,8.293575267101435,8.260697451160153
N512_eta02,0.0001,4.0,2.511886431509577e-09,8.519359661206085,8.034640716411051,8.003819767536996
N512_eta02,0.0001,4.0,2.6915348039269142e-09,7.604179169604861,7.7823468616653715,7.753466240945408
N512_eta02,0.0001,4.0,2.884031503126606e-09,6.980562331184389,7.536664873683414,7.50961321900655
N512_eta02,0.0001,4.0,3.0902954325135923e-09,7.326757592946782,7.297550046742684,7.272221127608992
N512_eta02,0.0001,4.0,3.3113112148259078e-09,7.532672862687658,7.06494361421968,7.041236257946877
N512_eta02,0.0001,4.0,3.5481338923357537e-09,6.878495415558429,6.838774432584563,6.816592426375701
N512_eta02,0.0001,4.0,3.8018939632056126e-09,6.369890091007271,6.618960536981586,6.598212510472234
N512_eta02,0.0001,4.0,4.073802778041122e-09,6.3104436122380205,6.405410573640964,6.386009865570351
N512_eta02,0.0001,4.0,4.365158322401657e-09,6.284724350959539,6.198025114241013,6.179889626709732
N512_eta02,0.0001,4.0,4.6773514128719815e-09,6.017225039077928,5.996697858092967,5.979749901410073
N512_eta02,0.0001,4.0,5.0118723362727255e-09,5.606237246463572,5.801316728246623,5.785482858998815
N512_eta02,0.0001,4.0,5.370317963702522e-09,5.569383504736814,5.6117648678913294,5.596975722401752
N512_eta02,0.0001,4.0,5.754399373371567e-09,5.723879104110723,5.427921543096161,5.41411166837576
N512_eta02,0.0001,4.0,6.165950018614823e-09,5.298217465495856,5.249662958434661,5.236770642142429
N512_eta02,0.0001,4.0,6.606934480075952e-09,4.751318522212534,5.076862991318729,5.064830092288249
N512_eta02,0.0001,4.0,7.0794578438413736e-09,4.770687414350738,4.909393851271901,4.898165631646588
N512_eta02,0.0001,4.0,7.585775750291836e-09,4.979794502811872,4.747126669620719,4.736651629682921
N512_eta02,0.0001,4.0,8.128305161640994e-09,4.9100522194218525,4.5899320252125655,4.580161741677978
N512_eta02,0.0001,4.0,8.709635899560797e-09,4.378251564973206,4.437680411349321,4.428569379754563
N512_eta02,0.0001,4.0,9.332543007969905e-09,3.9448162557863182,4.290242648822698,4.281748130529313
N512_eta02,0.0001,4.0,1e-08,4.138839809319129,4.147490249679225,4.139572123898412
N512_eta02,0.0001,4.0,1.0715193052376048e-08,4.295461273528116,4.009295736107031,4.001916357190615
N512_eta02,0.0001,4.0,1.1481536214968818e-08,3.965848376612712,3.875532918416014,3.8686569786469294
N512_eta02,0.0001,4.0,1.2302687708123811e-08,3.613480779719855,3.7460771359283678,3.739671533916974
N512_eta02,0.0001,4.0,1.3182567385564074e-08,3.490431389515644,3.620805464260158,3.6148391789997736
N512_eta02,0.0001,4.0,1.4125375446227526e-08,3.5441098022267887,3.4995968922016645,3.494040862804307
N512_eta02,0.0001,4.0,1.5135612484362072e-08,3.470298390704782,3.38233247122443,3.3771594822629747
N512_eta02,0.0001,4.0,1.62181009735893e-08,3.1815971433381933,3.26889544028451,3.2640800127011387
N512_eta02,0.0001,4.0,1.7378008287493763e-08,3.0909488080425036,3.1591713285066136,3.1546896159479054
N512_eta02,0.0001,4.0,1.8620871366628656e-08,3.1633641099888665,3.053048038005022,3.0488777284682906
N512_eta02,0.0001,4.0,1.995262314968879e-08,2.9872456272767263,2.9504159089713577,2.946536131604433
N512_eta02,0.0001,4.0,2.1379620895022325e-08,2.721535006482453,2.851167768944867,2.847559005833811
N512_eta02,0.0001,4.0,2.2908676527677703e-08,2.6564335554322986,2.755198968013539,2.7518429707849106
N512_eta02,0.0001,4.0,2.4547089156850285e-08,2.740349092884876,2.662407401552377,2.6592871125953876
N512_eta02,0.0001,4.0,2.6302679918953814e-08,2.7628247373688004,2.5726935219182927,2.5697930000539166
N512_eta02,0.0001,4.0,2.818382931264455e-08,2.4782376374781077,2.4859603404395094,2.483264690833772
N512_eta02,0.0001,4.0,3.0199517204020135e-08,2.205072519828279,2.4021134208726105,2.3996087290038655
N512_eta02,0.0001,4.0,3.2359365692962815e-08,2.2925691747596213,2.3210608653922256,2.3187341348901604
N512_eta02,0.0001,4.0,3.467368504525317e-08,2.399395976580271,2.2427132940990107,2.2405523882570124
N512_eta02,0.0001,4.0,3.7153522909717206e-08,2.265690305801465,2.166983818897548,2.164977405683168
N512_eta02,0.0001,4.0,3.9810717055349696e-08,2.0341666276775285,2.0937880125408133,2.0919255129204837
N512_eta02,0.0001,4.0,4.265795188015926e-08,1.9033392013557382,2.0230438735392804,2.0213154129442694
N512_eta02,0.0001,4.0,4.5708818961487524e-08,1.9724528270939183,1.9546717875688124,1.9530681503318668
N512_eta02,0.0001,4.0,4.897788193684457e-08,1.983595300457037,1.888594485935486,1.8871070725403747
N512_eta02,0.0001,4.0,5.248074602497723e-08,1.8061881234284871,1.8247370016130715,1.823357788594546
N512_eta02,0.0001,4.0,5.623413251903491e-08,1.7061487500779622,1.7630266232917418,1.7617481256415821
N512_eta02,0.0001,4.0,6.025595860743569e-08,1.7153175424476585,1.7033928478495435,1.7022080837801497
N512_eta02,0.0001,4.0,6.456542290346549e-08,1.6690432614637905,1.6457673315939432,1.644669789526307
N512_eta02,0.0001,4.0,6.918309709189362e-08,1.563884540345179,1.5900838405946374,1.5890674482385616
N512_eta02,0.0001,4.0,7.413102413009178e-08,1.477709124601184,1.536278200384229,1.5353372957876064
N512_eta02,0.0001,4.0,7.943282347242806e-08,1.490937151975751,1.4842882452756545,1.4834175497232942
N512_eta02,0.0001,4.0,8.511380382023759e-08,1.5279025710308511,1.4340537675091738,1.433248360161534
N512_eta02,0.0001,4.0,9.120108393559096e-08,1.3939972361939221,1.3855164664227568,1.3847717605869092
N512_eta02,0.0001,4.0,9.772372209558092e-08,1.242012707661218,1.338619897808759,1.3379316187425885
N512_eta02,0.0001,4.0,1.0471285480508985e-07,1.2602168423070874,1.2933094236029588,1.2926735877573046
N512_eta02,0.0001,4.0,1.122018454301963e-07,1.319071852935625,1.249532162029863,1.2489450576396468
N512_eta02,0.0001,4.0,1.202264434617413e-07,1.2876025814097938,1.2072369383123602,1.2066951072522667
N512_eta02,0.0001,4.0,1.2882495516931324e-07,1.1475485196319044,1.1663742360379468,1.165874456862921
N512_eta02,0.0001,4.0,1.380384264602884e-07,1.0393984903746716,1.1268961492585043,1.1264354213551313
N512_eta02,0.0001,4.0,1.4791083881682074e-07,1.0890381028685878,1.0887563353918048,1.0883318641686488
N512_eta02,0.0001,4.0,1.584893192461111e-07,1.1238481548610217,1.0519099689759832,1.0515191520286487
N512_eta02,0.0001,4.0,1.6982436524617427e-07,1.0349374965019222,1.0163136963258093,1.015954110512525
N512_eta02,0.0001,4.0,1.8197008586099827e-07,0.9480004148285442,0.9819255911236004,0.9815949804942614
N512_eta02,0.0001,4.0,1.9498445997580458e-07,0.9187846298775709,0.9487051109753206,0.9484013754983511
N512_eta02,0.0001,4.0,2.0892961308540366e-07,0.9286400765507451,0.9166130549525295,0.9163342399882415
N512_eta02,0.0001,4.0,2.2387211385683377e-07,0.9063698198902442,0.885611522135781,0.885355808608001
N512_eta02,0.0001,4.0,2.39883291901949e-07,0.8321868551813691,0.8556638711701408,0.8554295663904292
N512_eta02,0.0001,4.0,2.570395782768865e-07,0.8090246255521815,0.8267346808374563,0.8265202099399261
N512_eta02,0.0001,4.0,2.7542287033381637e-07,0.8265953554109,0.7987897116479471,0.798593609594201
N512_eta02,0.0001,4.0,2.9512092266663846e-07,0.7815578477081486,0.7717958684476334,0.7716167725651344
N512_eta02,0.0001,4.0,3.1622776601683797e-07,0.7149857187944147,0.7457211640373014,0.7455578070558504
N512_eta02,0.0001,4.0,3.3884415613920205e-07,0.6935200021220778,0.7205346837944326,0.7203858873481838
N512_eta02,0.0001,4.0,3.6307805477010105e-07,0.7118943364147962,0.6962065512880421,0.6960712198522779
N512_eta02,0.0001,4.0,3.890451449942805e-07,0.7217307154903917,0.6727078948736624,0.67258501010792
N512_eta02,0.0001,4.0,4.1686938347033557e-07,0.6504780614552441,0.6500108152548802,0.6498994307253758
N512_eta02,0.0001,4.0,4.4668359215096253e-07,0.5784105558622911,0.6280883539955961,0.6279875902519437
N512_eta02,0.0001,4.0,4.786300923226381e-07,0.5954941143110513,0.6069144629663165,0.606823502949135
N512_eta02,0.0001,4.0,5.128613839913648e-07,0.6236083593971454,0.5864639747068576,0.5863820594642808
N512_eta02,0.0001,4.0,5.495408738576237e-07,0.6001446408707877,0.5667125736869169,0.5666389983794474
N512_eta02,0.0001,4.0,5.888436553555884e-07,0.5364096625281086,0.5476367684452452,0.5475708786198189
N512_eta02,0.0001,4.0,6.309573444801931e-07,0.49045512614919007,0.5292138645876794,0.5291550527031004
N512_eta02,0.0001,4.0,6.760829753919819e-07,0.5127134513195425,0.5114219386242264,0.5113696408110299
N512_eta02,0.0001,4.0,7.244359600749892e-07,0.5269865537572552,0.4942398126244626,0.49419350566375686
N512_eta02,0.0001,4.0,7.762471166286911e-07,0.48520437885415957,0.47764702967105616,0.47760622817757936
N512_eta02,0.0001,4.0,8.31763771102671e-07,0.4457685311726852,0.46162383009061164,0.46158808388640105
N512_eta02,0.0001,4.0,8.912509381337442e-07,0.4311284687797369,0.4461511284412722,0.4461200201071644
N512_eta02,0.0001,4.0,9.54992586021435e-07,0.4365778683459177,0.4312104912364581,0.4311836338295183
N512_eta02,0.0001,4.0,1.0232929922807537e-06,0.429892269652486,0.4167841153843179,0.4167611503100268
N512_eta02,0.0001,4.0,1.0964781961431828e-06,0.39448543265653846,0.4028548073224718,0.4028354023513011
N512_eta02,0.0001,4.0,1.1748975549395304e-06,0.37860230704573977,0.3894059628279347,0.3893898102465845
N512_eta02,0.0001,4.0,1.2589254117941661e-06,0.3820786216071018,0.376421547482265,0.37640836237049086
N512_eta02,0.0001,4.0,1.3489628825916506e-06,0.36890301016313987,0.36388607777219834,0.3638755963967689
N512_eta02,0.0001,4.0,1.445439770745928e-06,0.3470326409126748,0.3517846028063527,0.3517765811242179
N512_eta02,0.0001,4.0,1.5488166189124796e-06,0.3278317540106271,0.34010268662880233,0.3400968988920871
N512_eta02,0.0001,4.0,1.6595869074375565e-06,0.32687547801525224,0.32882639111060513,0.32882262856654443
N512_eta02,0.0001,4.0,1.7782794100389231e-06,0.33388907308857774,0.31794225940070703,0.31794032908007286
N512_eta02,0.0001,4.0,1.9054607179632443e-06,0.31078448971518857,0.30743729991788626,0.3074370235058924
N512_eta02,0.0001,4.0,2.0417379446695316e-06,0.28360385848844183,0.2972989708656947,0.29730018364977806
N512_eta02,0.0001,4.0,2.187761623949552e-06,0.2771464596261952,0.2875151652526864,0.2875177151419177
N512_eta02,0.0001,4.0,2.344228815319918e-06,0.2825291247488534,0.27807419640045783,0.27807794301168176
N512_eta02,0.0001,4.0,2.5118864315095823e-06,0.2865450426530363,0.26896478392232176,0.26896959772846574
N512_eta02,0.0001,4.0,2.6915348039269138e-06,0.2619182846105132,0.26017604015570256,0.2601818016919826
N512_eta02,0.0001,4.0,2.8840315031266e-06,0.23635072721051564,0.25169745703158763,0.2517040561556231
N512_eta02,0.0001,4.0,3.0902954325135923e-06,0.2356415793365926,0.24351889336461433,0.243526228566737
N512_eta02,0.0001,4.0,3.311311214825908e-06,0.2418938732449506,0.23563056254762077,0.23563854030788742
N512_eta02,0.0001,4.0,3.548133892335746e-06,0.24347572402745615,0.22802302063464802,0.22803155482332615
N512_eta02,0.0001,4.0,3.801893963205613e-06,0.22184361184795523,0.2206871547966663,0.2206961661151428
N512_eta02,0.0001,4.0,4.073802778041122e-06,0.20060331785611982,0.21361417213440848,0.21362358759369485
N512_eta02,0.0001,4.0,4.365158322401666e-06,0.200109521271994,0.2067955888329143,0.20680534126709227
N512_eta02,0.0001,4.0,4.677351412871981e-06,0.2042103611759259,0.20022321964254075,0.20023324725467617
N512_eta02,0.0001,4.0,5.011872336272715e-06,0.20573491664641058,0.19388916767134023,0.19389941360954513
N512_eta02,0.0001,4.0,5.370317963702533e-06,0.1894385561017209,0.1877858144738741,0.18779622643534954
N512_eta02,0.0001,4.0,5.754399373371567e-06,0.17446665548825296,0.1819058104216502,0.18191634028268755
N512_eta02,0.0001,4.0,6.16595001861481e-06,0.17023211325205606,0.17624206534053066,0.17625266881057142
N512_eta02,0.0001,4.0,6.606934480075964e-06,0.16946553233394301,0.17078773940060837,0.1707983756985865
N512_eta02,0.0001,4.0,7.079457843841373e-06,0.16995040603796738,0.16553623424419697,0.1655468657955056
N512_eta02,0.0001,4.0,7.585775750291821e-06,0.16250314888417,0.16048118433777264,0.16049177649029367
N512_eta02,0.0001,4.0,8.128305161640995e-06,0.15849217985728853,0.1556164485339109,0.15562696929164846
N512_eta02,0.0001,4.0,8.709635899560797e-06,0.1496708383966937,0.15093610182950112,0.150946521602453
N512_eta02,0.0001,4.0,9.332543007969886e-06,0.14178462838719977,0.14643442730682135,0.14644471867580164
N512_eta02,0.0001,4.0,1e-05,0.13454836270989826,0.142105908244416,0.14211604573962405
N512_eta02,0.0001,4.0,1.071519305237605e-05,0.1376883441981481,0.1379452203851432,0.13795518027734777
N512_eta02,0.0001,4.0,1.1481536214968841e-05,0.1418312219685539,0.1339472243492901,0.13395698445256396
N512_eta02,0.0001,4.0,1.230268770812381e-05,0.1382179469762007,0.13010695818129575,0.13011649766629918
N512_eta02,0.0001,4.0,1.3182567385564049e-05,0.12698095313757418,0.1264196300193732,0.12642892923624247
N512_eta02,0.0001,4.0,1.4125375446227553e-05,0.11955475945485658,0.12288061087825179,0.12288965118820482
N512_eta02,0.0001,4.0,1.5135612484362071e-05,0.11707984658686715,0.11948542753633314,0.11949419115115094
N512_eta02,0.0001,4.0,1.6218100973589265e-05,0.11282883270906792,0.1162297555198319,0.11623822534842201
N512_eta02,0.0001,4.0,1.7378008287493764e-05,0.10643136059657218,0.11310941217796051,0.11311757167924733
N512_eta02,0.0001,4.0,1.8620871366628657e-05,0.1084855004621341,0.11012034984492264,0.11012818288634924
N512_eta02,0.0001,4.0,1.995262314968875e-05,0.10898241201604575,0.10725864908644493,0.10726613980740048
N512_eta02,0.0001,4.0,2.1379620895022326e-05,0.10574493371053034,0.10452051203079207,0.10452764471030951
N512_eta02,0.0001,4.0,2.29086765276777e-05,0.10244728482389204,0.10190225578669478,0.1019090147147849
N512_eta02,0.0001,4.0,2.4547089156850235e-05,0.10447588713551223,0.09940030595336553,0.09940667530537334
N512_eta02,0.0001,4.0,2.6302679918953814e-05,0.10138073830495094,0.09701119023079366,0.09701715394417473
N512_eta02,0.0001,4.0,2.8183829312644495e-05,0.09554668682334094,0.09473153214175302,0.09473707379467652
N512_eta02,0.0001,4.0,3.0199517204020195e-05,0.0973467725802227,0.09255804488041695,0.09256314757159989
N512_eta02,0.0001,4.0,3.235936569296281e-05,0.09448017833881597,0.09048752530609608,0.09049217153526973
N512_eta02,0.0001,4.0,3.467368504525309e-05,0.08913869822185219,0.08851684810433344,0.0885210196527278
N512_eta02,0.0001,4.0,3.715352290971728e-05,0.09038656924733797,0.08664296014133582,0.08664663795154598
N512_eta02,0.0001,4.0,3.9810717055349695e-05,0.08614718504402319,0.08486287504138117,0.08486603909594949
N512_eta02,0.0001,4.0,4.265795188015917e-05,0.08284344936744721,0.0831736680203083,0.08317629721831502
N512_eta02,0.0001,4.0,4.570881896148752e-05,0.08149586557669941,0.08157247101133236,0.08157454304223898
N512_eta02,0.0001,4.0,4.897788193684457e-05,0.0762811008838494,0.08005646812207959,0.0800579593360097
N512_eta02,0.0001,4.0,5.2480746024977124e-05,0.07748822104164364,0.0786228914637419,0.07862377673731441
N512_eta02,0.0001,4.0,5.623413251903491e-05,0.07656154826584635,0.07726901739444679,0.07726926999119914
N512_eta02,0.0001,4.0,6.025595860743569e-05,0.07767323113226685,0.07599216321914377,0.07599175464349468
N512_eta02,0.0001,4.0,6.456542290346563e-05,0.07697092073815173,0.07478968438737513,0.07478858423098259
N512_eta02,0.0001,4.0,6.918309709189364e-05,0.0731496898968933,0.07365897222808317,0.07365714800735132
N512_eta02,0.0001,4.0,7.413102413009161e-05,0.07142954325180094,0.0725974522569894,0.07259486924037292
N512_eta02,0.0001,4.0,7.943282347242822e-05,0.07148556654910908,0.07160258308701084,0.07159920411065711
N512_eta02,0.0001,4.0,8.51138038202376e-05,0.0724566700930256,0.07067185596562378,0.07066764123578376
N512_eta02,0.0001,4.0,9.120108393559079e-05,0.06906264557179886,0.06980279495510196,0.0697977018356348
N512_eta02,0.0001,4.0,9.772372209558111e-05,0.0684682665520872,0.06899295776226692,0.06898694054545905
N512_eta02,0.0001,4.0,0.00010471285480508985,0.07017490281499825,0.06823993721397602,0.06823294687279893
N512_eta02,0.0001,4.0,0.00011220184543019607,0.0653493193014385,0.06754136336332472,0.06753334728316399
N512_eta02,0.0001,4.0,0.00012022644346174132,0.06843400225200559,0.06689490619978883,0.06688580788759393
N512_eta02,0.0001,4.0,0.00012882495516931323,0.06582244116593237,0.06629827892468834,0.0662880376934155
N512_eta02,0.0001,4.0,0.0001380384264602881,0.06560147093630368,0.06574924174187223,0.06573779236801956
N512_eta02,0.0001,4.0,0.00014791083881682073,0.06546695277864623,0.06524560610288262,0.06523287845484659
N512_eta02,0.0001,4.0,0.0001584893192461111,0.06534373277095641,0.06478523933653656,0.06477115797144439
N512_eta02,0.0001,4.0,0.0001698243652461746,0.0628799008712795,0.06436606958532784,0.06435055331191797
N512_eta02,0.0001,4.0,0.00018197008586099826,0.06508570235869421,0.06398609096570304,0.0639690523707267
N512_eta02,0.0001,4.0,0.00019498445997580418,0.06371143966690039,0.06364336886643121,0.063624713801927
N512_eta02,0.0001,4.0,0.00020892961308540412,0.06305001918827642,0.0633360452992035,0.06331567232783968
N512_eta02,0.0001,4.0,0.00022387211385683378,0.06309509212157789,0.06306234421836784,0.06304014401385233
N512_eta02,0.0001,4.0,0.0002398832919019485,0.06250919048015989,0.0628205767323265,0.06279643143163459
N512_eta02,0.0001,4.0,0.0002570395782768865,0.06235394968038489,0.06260914613745423,0.0625829286413169
N512_eta02,0.0001,4.0,0.00027542287033381635,0.06295733914046657,0.06242655271618631,0.062398125933903405
N512_eta02,0.0001,4.0,0.0002951209226666378,0.06315969927812023,0.062271398253822836,0.06224061428801165
N512_eta02,0.0001,4.0,0.000316227766016838,0.06258887876051204,0.0621423902431745,0.06210908950952425
N512_eta02,0.0001,4.0,0.0003388441561392021,0.06181838544369749,0.06203834576195658,0.06200235603842683
N512_eta02,0.0001,4.0,0.0003630780547701003,0.06128921946978577,0.06195819502433649,0.061919330423506856
N512_eta02,0.0001,4.0,0.0003890451449942805,0.061050869140498794,0.06190098462477879,0.061859044482218344
N512_eta02,0.0001,4.0,0.0004168693834703347,0.06099015606500316,0.06186588050888596,0.061820648179457184
N512_eta02,0.0001,4.0,0.0004466835921509635,0.0610030515730044,0.061852170721947985,0.061803412274880884
N512_eta02,0.0001,4.0,0.00047863009232263805,0.06104240634362109,0.06185926800112847,0.06180673080348437
N512_eta02,0.0001,4.0,0.0005128613839913639,0.06111326007136422,0.06188671229147868,0.061830123468256434
N512_eta02,0.0001,4.0,0.0005495408738576249,0.061258503016443165,0.06193417327924829,0.06187323803684648
N512_eta02,0.0001,4.0,0.0005888436553555884,0.061536056634650727,0.06200145304833719,0.061935852846355846
N512_eta02,0.0001,4.0,0.0006309573444801918,0.061970172710964874,0.06208848897741045,0.062017879531825096
N512_eta02,0.0001,4.0,0.000676082975391982,0.06247796327218248,0.06219535700649767,0.06211936610503142
N512_eta02,0.0001,4.0,0.0007244359600749892,0.06284406726146918,0.06232227541323958,0.06224050052125795
N512_eta02,0.0001,4.0,0.0007762471166286897,0.06287635377451617,0.06246960925086158,0.062381614883267496
N512_eta02,0.0001,4.0,0.000831763771102671,0.06268684178989006,0.0626378756130693,0.06254319044442608
N512_eta02,0.0001,4.0,0.000891250938133744,0.06265455931241043,0.06282774990610504,0.06272586358749271
N512_eta02,0.0001,4.0,0.000954992586021437,0.06292241458773574,0.06304007332601395,0.06293043297284738
N512_eta02,0.0001,4.0,0.0010232929922807535,0.06322045575293565,0.06327586176070003,0.06315786807081136
N512_eta02,0.0001,4.0,0.001096478196143183,0.06341672947796133,0.0635363163627233,0.06340931931832122
N512_eta02,0.0001,4.0,0.0011748975549395304,0.06385657940291233,0.0638228360712835,0.0636861301718178
N512_eta02,0.0001,4.0,0.0012589254117941662,0.06453407461459339,0.06413703240199911,0.06398985136732341
N512_eta02,0.0001,4.0,0.0013489628825916506,0.06450580500423388,0.06448074687275851,0.06432225774711518
N512_eta02,0.0001,4.0,0.0014454397707459282,0.0643116430312564,0.06485607149533523,0.06468536807237261
N512_eta02,0.0001,4.0,0.0015488166189124796,0.06530607699402487,0.06526537283839907,0.06508146831541872
N512_eta02,0.0001,4.0,0.0016595869074375565,0.06609288119774698,0.06571132026146247,0.06551313901709642
N512_eta02,0.0001,4.0,0.001778279410038923,0.06610265340354803,0.06619691903552899,0.06598328740872324
N512_eta02,0.0001,4.0,0.0019054607179632445,0.06663715790972902,0.06672554921028062,0.06649518513942115
N512_eta02,0.0001,4.0,0.0020417379446695232,0.06720334276596905,0.06730101126660645,0.06705251262542608
N512_eta02,0.0001,4.0,0.002187761623949552,0.0680457162363172,0.06792757981622392,0.06765941125726609
N512_eta02,0.0001,4.0,0.002344228815319918,0.06889379452174381,0.06861006688884581,0.06832054497518575
N512_eta02,0.0001,4.0,0.002511886431509582,0.06886194555003566,0.06935389669712681,0.06904117306816861
N512_eta02,0.0001,4.0,0.0026915348039269144,0.07027446716377357,0.07016519421057954,0.06982723648746587
N512_eta02,0.0001,4.0,0.0028840315031266,0.07129266300328162,0.07105089042828616,0.07068546051823092
N512_eta02,0.0001,4.0,0.003090295432513592,0.07187306981891414,0.07201884795170542,0.07162347735800928
N512_eta02,0.0001,4.0,0.003311311214825908,0.073002708626566,0.07307801137017435,0.07264997305576655
N512_eta02,0.0001,4.0,0.003548133892335746,0.07428125173736559,0.07423858814599281,0.07377486443367487
N512_eta02,0.0001,4.0,0.0038018939632056127,0.07581465674514498,0.07551226720882957,0.07500951313275275
N512_eta02,0.0001,4.0,0.0040738027780411225,0.07638626966798202,0.07691248445735213,0.07636698591143387
N512_eta02,0.0001,4.0,0.004365158322401648,0.07874099545884963,0.07845474697999857,0.07786237294718291
N512_eta02,0.0001,4.0,0.004677351412871981,0.08021594975299542,0.08015703126920633,0.07951317937363836
N512_eta02,0.0001,4.0,0.005011872336272715,0.08192937114837365,0.08204027532524386,0.08133980995005921
N512_eta02,0.0001,4.0,0.005370317963702533,0.08402541468611113,0.08412899076562895,0.08336617306057986
N512_eta02,0.0001,4.0,0.005754399373371567,0.08681805473572476,0.08645202949792817,0.08562043882848144
N512_eta02,0.0001,4.0,0.006165950018614809,0.08872196961884107,0.08904355107356476,0.08813599794597057
N512_eta02,0.0001,4.0,0.006606934480075964,0.09188432628486409,0.09194425281715249,0.09095268423700288
N512_eta02,0.0001,4.0,0.007079457843841374,0.09549842579599725,0.09520294712161367,0.09411834701911871
N512_eta02,0.0001,4.0,0.007585775750291821,0.09870418649301685,0.09887860172550583,0.09769089204121473
N512_eta02,0.0001,4.0,0.008128305161640995,0.1029278598782633,0.10304300354287882,0.10174095672644838
N512_eta02,0.0001,4.0,0.008709635899560796,0.10815477111609895,0.10778427102271479,0.10635545363954943
N512_eta02,0.0001,4.0,0.009332543007969887,0.11291374510143787,0.11321153368864617,0.1116423163382063
N512_eta02,0.0001,4.0,0.01,0.11934159953003295,0.11946123516881611,0.11773693095010954
N1024_eta02,0.0001,0.0,1.0000000000000002e-14,0.022645473025789207,0.022632333709428895,0.022630945286013084
N1024_eta02,0.0001,0.0,1.0715193052376049e-14,0.023455340387218547,0.023427681192018705,0.02342624520093506
N1024_eta02,0.0001,0.0,1.148153621496884e-14,0.02422689813583843,0.02425099006534011,0.024249493619462676
N1024_eta02,0.0001,0.0,1.2302687708123812e-14,0.02508025580255213,0.02510324726227898,0.025101672706174236
N1024_eta02,0.0001,0.0,1.3182567385564046e-14,0.02609203727430606,0.025985434531660398,0.02598379914034144
N1024_eta02,0.0001,0.0,1.4125375446227557e-14,0.026737677616874414,0.026898624208075792,0.02689692532877416
N1024_eta02,0.0001,0.0,1.5135612484362073e-14,0.027968334358515,0.027843912278397505,0.027842140661278863
N1024_eta02,0.0001,0.0,1.6218100973589332e-14,0.02878649450785297,0.028822422366418007,0.02882057281022786
N1024_eta02,0.0001,0.0,1.7378008287493765e-14,0.029795774804081875,0.029835327169925097,0.029833389075787205
N1024_eta02,0.0001,0.0,1.8620871366628658e-14,0.030968576409187515,0.030883809437597543,0.030881797778408222
N1024_eta02,0.0001,0.0,1.9952623149688828e-14,0.03190948922503935,0.03196915414761472,0.031967049700241154
N1024_eta02,0.0001,0.0,2.1379620895022327e-14,0.033067931283199396,0.033092649513711395,0.03309043957718915
N1024_eta02,0.0001,0.0,2.29086765276777e-14,0.03432188138679653,0.03425560557131743,0.03425330764338135
N1024_eta02,0.0001,0.0,2.4547089156850338e-14,0.03542173500995601,0.03545944862845927,0.035457041229904354
N1024_eta02,0.0001,0.0,2.6302679918953815e-14,0.03665885367489346,0.03670557879399451,0.036703076419697535
N1024_eta02,0.0001,0.0,2.8183829312644495e-14,0.03816899860841391,0.03799552342223728,0.03799289976058432
N1024_eta02,0.0001,0.0,3.019951720402019e-14,0.03908934475196199,0.03933078457569572,0.039328050038479265
N1024_eta02,0.0001,0.0,3.2359365692962816e-14,0.0408872326432244,0.0407129802226935,0.04071012011288311
N1024_eta02,0.0001,0.0,3.46736850452531e-14,0.042099810555844275,0.04214375419283885,0.042140758816853294
N1024_eta02,0.0001,0.0,3.715352290971728e-14,0.04357289698990455,0.043624806224529133,0.043621672923710636
N1024_eta02,0.0001,0.0,3.9810717055349693e-14,0.045245144942471775,0.04515790227730062,0.04515462918282488
N1024_eta02,0.0001,0.0,4.2657951880159345e-14,0.04672196702259477,0.04674488120361249,0.04674145642690361
N1024_eta02,0.0001,0.0,4.570881896148752e-14,0.04828637197947718,0.048387634824332726,0.04838404775329112
N1024_eta02,0.0001,0.0,4.897788193684456e-14,0.05022278159715807,0.050088124238799284,0.05008436278187544
N1024_eta02,0.0001,0.0,5.248074602497734e-14,0.051788317689808225,0.051848369317118434,0.051844429992288624
N1024_eta02,0.0001,0.0,5.623413251903491e-14,0.053590538693001344,0.05367047025440434,0.05366634914318185
N1024_eta02,0.0001,0.0,6.025595860743569e-14,0.05581930241951673,0.055556612797368427,0.055552293776453626
N1024_eta02,0.0001,0.0,6.456542290346563e-14,0.05716770547063557,0.05750904065461319,0.05750451380940811
N1024_eta02,0.0001,0.0,6.918309709189363e-14,0.05975631619283446,0.059530088618203275,0.05952533821792578
N1024_eta02,0.0001,0.0,7.413102413009162e-14,0.06157844322956678,0.061622161032941214,0.061617177813837756
N1024_eta02,0.0001,0.0,7.943282347242822e-14,0.06371928046765968,0.06378774794774571,0.06378252811980191
N1024_eta02,0.0001,0.0,8.51138038202376e-14,0.06610325054321034,0.06602945317662484,0.06602397234509694
N1024_eta02,0.0001,0.0,9.120108393559116e-14,0.0684090820555002,0.06834993945694051,0.06834418446587129
N1024_eta02,0.0001,0.0,9.772372209558112e-14,0.07051392354683866,0.07075197033982611,0.07074593241349983
N1024_eta02,0.0001,0.0,1.0471285480508985e-13,0.07348602340080498,0.0732384260824828,0.07323208137483653
N1024_eta02,0.0001,0.0,1.1220184543019654e-13,0.07571717412170728,0.07581226113533111,0.07580559720827679
N1024_eta02,0.0001,0.0,1.2022644346174131e-13,0.07835256003681386,0.07847655424704653,0.0784695499796805
N1024_eta02,0.0001,0.0,1.2882495516931323e-13,0.081608314352838,0.08123447607519936,0.08122711762235044
N1024_eta02,0.0001,0.0,1.3803842646028868e-13,0.08363654167053347,0.08408932783142044,0.08408158972539903
N1024_eta02,0.0001,0.0,1.4791083881682072e-13,0.08730894846827231,0.08704451059714685,0.08703637145499338
N1024_eta02,0.0001,0.0,1.584893192461111e-13,0.09008173526742867,0.0901035480075943,0.09009498761312007
N1024_eta02,0.0001,0.0,1.698243652461746e-13,0.09317735235536473,0.09327009533229746,0.09326108683866993
N1024_eta02,0.0001,0.0,1.8197008586099824e-13,0.09658240691068605,0.09654793162064698,0.09653844595581108
N1024_eta02,0.0001,0.0,1.9498445997580416e-13,0.1001522008760524,0.09994096131710985,0.09993097447479049
N1024_eta02,0.0001,0.0,2.0892961308540411e-13,0.10299019658448677,0.10345323960495549,0.1034427192504748
N1024_eta02,0.0001,0.0,2.2387211385683378e-13,0.10751166357754527,0.1070889572400205,0.10707786930412921
N1024_eta02,0.0001,0.0,2.3988329190194847e-13,0.11070571303474444,0.11085244501966646,0.11084076081412138
N1024_eta02,0.0001,0.0,2.570395782768865e-13,0.11456820009069962,0.11474819834931707,0.114735882281425
N1024_eta02,0.0001,0.0,2.7542287033381635e-13,0.11928199677947322,0.11878086898238516,0.11876787987600448
N1024_eta02,0.0001,0.0,2.95120922666639e-13,0.12239934060444796,0.12295526795580891,0.12294156297037037
N1024_eta02,0.0001,0.0,3.1622776601683797e-13,0.12753415738157314,0.12727636811515133,0.12726190986679647
N1024_eta02,0.0001,0.0,3.3884415613920205e-13,0.13179549232884374,0.13174933626475713,0.13173407372492704
N1024_eta02,0.0001,0.0,3.630780547701018e-13,0.1362481395467711,0.13637950425784626,0.13636338869671366
N1024_eta02,0.0001,0.0,3.890451449942805e-13,0.14112922054254873,0.1411723972679267,0.14115537627586222
N1024_eta02,0.0001,0.0,4.168693834703347e-13,0.14659797835941174,0.14613373217873132,0.14611575186921358
N1024_eta02,0.0001,0.0,4.466835921509635e-13,0.15046042409289012,0.15126943364499104,0.15125043159772134
N1024_eta02,0.0001,0.0,4.786300923226381e-13,0.1572630241724589,0.1565856234748221,0.1565655393349511
N1024_eta02,0.0001,0.0,5.128613839913659e-13,0.16187211483408454,0.1620886486720606,0.16206741399129038
N1024_eta02,0.0001,0.0,5.495408738576248e-13,0.16753604829739016,0.16778507794578834,0.16776261705231738
N1024_eta02,0.0001,0.0,5.888436553555884e-13,0.17431177491078534,0.17368170271334696,0.17365794038007099
N1024_eta02,0.0001,0.0,6.309573444801943e-13,0.1791740116953808,0.17978556029929582,0.17976041428623274
N1024_eta02,0.0001,0.0,6.760829753919819e-13,0.18625576555570839,0.18610393097604755,0.18607731588653478
N1024_eta02,0.0001,0.0,7.244359600749892e-13,0.1928455816161483,0.19264435848704534,0.19261617774600953
N1024_eta02,0.0001,0.0,7.762471166286928e-13,0.1992188583635961,0.19941464260964117,0.19938479682499485
N1024_eta02,0.0001,0.0,8.317637711026709e-13,0.2062491552452057,0.20642286192723833,0.20639124373613318
N1024_eta02,0.0001,0.0,8.912509381337441e-13,0.2145307259595613,0.21367737689966715,0.21364387232292895
N1024_eta02,0.0001,0.0,9.54992586021437e-13,0.21987804280490902,0.22118684273971367,0.22115132957074468
N1024_eta02,0.0001,0.0,1.0232929922807536e-12,0.22998205208274503,0.2289602144336543,0.2289225658614713
N1024_eta02,0.0001,0.0,1.0964781961431851e-12,0.23670802851619485,0.23700677028764852,0.2369668455834453
N1024_eta02,0.0001,0.0,1.1748975549395302e-12,0.24500298477135068,0.24533610738096237,0.24529375810853196
N1024_eta02,0.0001,0.0,1.258925411794166e-12,0.25469150348415054,0.25395816054679754,0.25391322914866366
N1024_eta02,0.0001,0.0,1.3489628825916534e-12,0.2623317222821853,0.2628832151855345,0.26283553250447744
N1024_eta02,0.0001,0.0,1.445439770745928e-12,0.2719804697115707,0.27212191764522464,0.272071302219066
N1024_eta02,0.0001,0.0,1.5488166189124795e-12,0.28219298007232085,0.2816852850182628,0.2816315451502358
N1024_eta02,0.0001,0.0,1.6595869074375598e-12,0.29128061599603017,0.29158472646280914,0.29152765397504066
N1024_eta02,0.0001,0.0,1.7782794100389228e-12,0.3014593008181623,0.30183204435268196,0.3017714206407372
N1024_eta02,0.0001,0.0,1.9054607179632443e-12,0.3138522856268966,0.3124394599957487,0.31237505027669954
N1024_eta02,0.0001,0.0,2.041737944669532e-12,0.321434786447872,0.3234196223872775,0.32335117558221466
N1024_eta02,0.0001,0.0,2.1877616239495518e-12,0.3362307818541771,0.3347856258268034,0.3347128717054517
N1024_eta02,0.0001,0.0,2.344228815319923e-12,0.34618013113683044,0.3465510204067504,0.34647367162930687
N1024_eta02,0.0001,0.0,2.5118864315095823e-12,0.35829241026522407,0.3587298319353232,0.3586475820801755
N1024_eta02,0.0001,0.0,2.6915348039269142e-12,0.3721025864022512,0.3713365790282651,0.3712490999761026
N1024_eta02,0.0001,0.0,2.884031503126606e-12,0.384119149466211,0.38438628918733403,0.3842932294311147
N1024_eta02,0.0001,0.0,3.090295432513592e-12,0.397139595371368,0.3978945159216668,0.3977954993328959
N1024_eta02,0.0001,0.0,3.311311214825908e-12,0.41293669431016355,0.4118773549452582,0.4117719815113225
N1024_eta02,0.0001,0.0,3.548133892335753e-12,0.4258692998240185,0.42635146857961664,0.4262393095156842
N1024_eta02,0.0001,0.0,3.8018939632056125e-12,0.44067859499554496,0.4413341011634159,0.44121469801874047
N1024_eta02,0.0001,0.0,4.073802778041122e-12,0.4590091156650427,0.4568431030935609,0.4567159628660394
N1024_eta02,0.0001,0.0,4.365158322401657e-12,0.47006774063186624,0.47289694169447727,0.47276154178918645
N1024_eta02,0.0001,0.0,4.677351412871982e-12,0.49140580594092564,0.4895147378425832,0.48937051580195756
N1024_eta02,0.0001,0.0,5.011872336272715e-12,0.5063390442286598,0.5067162757305839,0.5065626312983597
N1024_eta02,0.0001,0.0,5.370317963702533e-12,0.5239477743861956,0.5245220316146553,0.5243583228718611
N1024_eta02,0.0001,0.0,5.754399373371567e-12,0.5436136791279518,0.5429531970782095,0.5427787368750896
N1024_eta02,0.0001,0.0,6.165950018614822e-12,0.5624343643323799,0.5620317020873739,0.5618457557393568
N1024_eta02,0.0001,0.0,6.6069344800759645e-12,0.5799044068240191,0.5817802422464915,0.5815820230732665
N1024_eta02,0.0001,0.0,7.079457843841373e-12,0.6042036791310028,0.6022223020618251,0.6020109695595867
N1024_eta02,0.0001,0.0,7.585775750291836e-12,0.6226206157397927,0.6233821857994529,0.6231568396693155
N1024_eta02,0.0001,0.0,8.128305161640996e-12,0.644250110713006,0.6452850423880727,0.6450447192115548
N1024_eta02,0.0001,0.0,8.709635899560797e-12,0.6710646283730247,0.6679568941519914,0.667700563737374
N1024_eta02,0.0001,0.0,9.332543007969906e-12,0.687655850389144,0.6914246675425982,0.6911512278152552
N1024_eta02,0.0001,0.0,1e-11,0.7179337581176457,0.7157162243059905,0.7154244951949923
N1024_eta02,0.0001,0.0,1.0715193052376049e-11,0.740658704057539,0.7408603898583864,0.7405491098760273
N1024_eta02,0.0001,0.0,1.1481536214968842e-11,0.7661170174099377,0.7668869908247078,0.7665548080950986
N1024_eta02,0.0001,0.0,1.2302687708123813e-11,0.7941489588264689,0.793826882152258,0.7934723512467872
N1024_eta02,0.0001,0.0,1.3182567385564075e-11,0.8233924117231873,0.8217119857466746,0.8213335597490045
N1024_eta02,0.0001,0.0,1.4125375446227556e-11,0.8468283301068352,0.8505753240914162,0.8501713478636103
N1024_eta02,0.0001,0.0,1.5135612484362072e-11,0.883871221637716,0.8804510579103701,0.8800197594802859
N1024_eta02,0.0001,0.0,1.6218100973589298e-11,0.9102045020221515,0.9113745223313798,0.910914004869267
N1024_eta02,0.0001,0.0,1.7378008287493765e-11,0.9418622271972098,0.9433822635506957,0.9428904984057311
N1024_eta02,0.0001,0.0,1.8620871366628657e-11,0.9806876607618302,0.976512082570315,0.9759868972653511
N1024_eta02,0.0001,0.0,1.995262314968879e-11,1.0061948741740816,1.0108030715211007,1.0102421410868034
N1024_eta02,0.0001,0.0,2.1379620895022327e-11,1.0484297481408114,1.0462956554845397,1.0456964925927141
N1024_eta02,0.0001,0.0,2.2908676527677702e-11,1.0834046997142004,1.0830316377313385,1.0823915791557124
N1024_eta02,0.0001,0.0,2.4547089156850283e-11,1.119979367983863,1.1210542391611353,1.1203704352907253
N1024_eta02,0.0001,0.0,2.6302679918953818e-11,1.1600348122358695,1.160408145442748,1.1596775460484015
N1024_eta02,0.0001,0.0,2.8183829312644493e-11,1.2049872067451406,1.201139550402883,1.2003588912775487
N1024_eta02,0.0001,0.0,3.019951720402019e-11,1.2366510546760483,1.2432962034999444,1.2424619907164807
N1024_eta02,0.0001,0.0,3.235936569296281e-11,1.2924317151391176,1.286927456171609,1.2860359498642642
N1024_eta02,0.0001,0.0,3.467368504525317e-11,1.3303800027984567,1.332084307558918,1.3311315065728517
N1024_eta02,0.0001,0.0,3.715352290971728e-11,1.3767038176989126,1.3788194573359627,1.3778010782897394
N1024_eta02,0.0001,0.0,3.9810717055349695e-11,1.432392357944414,1.4271873505719301,1.4260988098683218
N1024_eta02,0.0001,0.0,4.2657951880159254e-11,1.4723038547653253,1.477244229191472,1.47608062184892
N1024_eta02,0.0001,0.0,4.570881896148752e-11,1.5301595505460726,1.529048182050392,1.5278042590977539
N1024_eta02,0.0001,0.0,4.897788193684457e-11,1.5843797735838638,1.5826591958558707,1.5813293396736068
N1024_eta02,0.0001,0.0,5.2480746024977236e-11,1.6365645655055039,1.6381392039189515,1.6367174037723442
N1024_eta02,0.0001,0.0,5.6234132519034906e-11,1.693975662531084,1.6955521386379047,1.6940319625776457
N1024_eta02,0.0001,0.0,6.025595860743569e-11,1.7621777470715814,1.7549639800734087,1.7533385468222207
N1024_eta02,0.0001,0.0,6.456542290346562e-11,1.805636350983727,1.8164428085007476,1.814704754836776
N1024_eta02,0.0001,0.0,6.918309709189364e-11,1.8883037680464634,1.8800588513186258,1.8782002998342981
N1024_eta02,0.0001,0.0,7.413102413009162e-11,1.9436166294511268,1.9458845322157954,1.943897056144167
N1024_eta02,0.0001,0.0,7.943282347242822e-11,2.0111691750285803,2.0139945197244122,2.011869104073995
N1024_eta02,0.0001,0.0,8.511380382023759e-11,2.09032787574027,2.0844657704172183,2.082192773036754
N1024_eta02,0.0001,0.0,9.120108393559097e-11,2.153359155673532,2.1573775744611337,2.1549466825361
N1024_eta02,0.0001,0.0,9.772372209558111e-11,2.23107796037405,2.2328115964283497,2.2302117805534194
N1024_eta02,0.0001,0.0,1.0471285480508986e-10,2.3152796717140696,2.3108519128675056,2.30807137882607
N1024_eta02,0.0001,0.0,1.1220184543019632e-10,2.389189881837882,2.3915850473647753,2.3886111844463436
N1024_eta02,0.0001,0.0,1.2022644346174132e-10,2.471649995508658,2.475100001114853,2.471919327145084
N1024_eta02,0.0001,0.0,1.2882495516931322e-10,2.5735076516562208,2.5614882788680298,2.558086381551836
N1024_eta02,0.0001,0.0,1.3803842646028838e-10,2.6346061834711336,2.650843908743186,2.647205383644265
N1024_eta02,0.0001,0.0,1.479108388168207e-10,2.754580729263086,2.7432634555979356,2.739371840513096
N1024_eta02,0.0001,0.0,1.5848931924611142e-10,2.836303644512021,2.8388460276460403,2.8346837324742085
N1024_eta02,0.0001,0.0,1.6982436524617427e-10,2.934033224194126,2.9376932736335135,2.9332415064563166
N1024_eta02,0.0001,0.0,1.8197008586099827e-10,3.0454596839808756,3.0399093709940668,3.0351480594801634
N1024_eta02,0.0001,0.0,1.9498445997580455e-10,3.14500329276713,3.1456010021306415,3.140508710922938
N1024_eta02,0.0001,0.0,2.0892961308540407e-10,3.247140363696965,3.2548773191915448,3.2494311621289707
N1024_eta02,0.0001,0.0,2.2387211385683377e-10,3.377153009049436,3.367849894538,3.3620254417841338
N1024_eta02,0.0001,0.0,2.3988329190194897e-10,3.480957855528663,3.4846326544486756,3.478403835316375
N1024_eta02,0.0001,0.0,2.570395782768865e-10,3.599214840813412,3.6053417963090686,3.5986807964177476
N1024_eta02,0.0001,0.0,2.7542287033381637e-10,3.7482942569357953,3.730095685541801,3.722972838604106
N1024_eta02,0.0001,0.0,2.951209226666384e-10,3.836716951228553,3.859014730006157,3.851398404536821
N1024_eta02,0.0001,0.0,3.1622776601683795e-10,4.0058489435090125,3.9922212299248376,3.984077710626208
N1024_eta02,0.0001,0.0,3.3884415613920275e-10,4.128087778446093,4.1298392012190055,4.121132564219512
N1024_eta02,0.0001,0.0,3.6307805477010104e-10,4.26734259555589,4.271994167363529,4.262686150446812
N1024_eta02,0.0001,0.0,3.890451449942805e-10,4.422119908155738,4.4188129175533,4.408862785557245
N1024_eta02,0.0001,0.0,4.168693834703355e-10,4.577590928883783,4.5704232295335405,4.55978763332629
N1024_eta02,0.0001,0.0,4.4668359215096254e-10,4.708335731980174,4.726953549184933,4.715586380854251
N1024_eta02,0.0001,0.0,4.78630092322638e-10,4.905711112497865,4.888532627339183,4.8763848698077945
N1024_eta02,0.0001,0.0,5.128613839913648e-10,5.049854248130501,5.055289106112402,5.042308678884049
N1024_eta02,0.0001,0.0,5.495408738576249e-10,5.217741501162092,5.22735105176844,5.213482653003094
N1024_eta02,0.0001,0.0,5.888436553555885e-10,5.42971030093173,5.4048454290870325,5.3900303744640965
N1024_eta02,0.0001,0.0,6.30957344480193e-10,5.561024353719849,5.587897511699396,5.572073571038471
N1024_eta02,0.0001,0.0,6.760829753919819e-10,5.789206287286163,5.776630222729521,5.7597314557267385
N1024_eta02,0.0001,0.0,7.244359600749892e-10,5.972851677179114,5.971163401221338,5.953119992682032
N1024_eta02,0.0001,0.0,7.762471166286911e-10,6.165757662218128,6.171612986650842,6.15235108361253
N1024_eta02,0.0001,0.0,8.31763771102671e-10,6.375874560329881,6.378090116758526,6.3575316688280425
N1024_eta02,0.0001,0.0,8.91250938133746e-10,6.6121572239572055,6.590700132459509,6.568762737007006
N1024_eta02,0.0001,0.0,9.54992586021435e-10,6.773763494791889,6.809541482687944,6.786138237743607
N1024_eta02,0.0001,0.0,1.0232929922807536e-09,7.062806696464875,7.034704523899839,7.009743891009731
N1024_eta02,0.0001,0.0,1.0964781961431852e-09,7.2590718279992466,7.26627020734048,7.2396558878523845
N1024_eta02,0.0001,0.0,1.1748975549395278e-09,7.490760602472903,7.5043086491474265,7.475939476968526
N1024_eta02,0.0001,0.0,1.2589254117941663e-09,7.7782479770587285,7.748877577693244,7.718647432280567
N1024_eta02,0.0001,0.0,1.3489628825916533e-09,7.974941467199484,8.000020652905182,7.967818397307141
N1024_eta02,0.0001,0.0,1.445439770745928e-09,8.26096714384202,8.257765654450285,8.223475103015664
N1024_eta02,0.0001,0.0,1.5488166189124799e-09,8.532506871421333,8.522122536269856,8.48562245698992
N1024_eta02,0.0001,0.0,1.6595869074375598e-09,8.785811182312855,8.793081345262513,8.754245503183403
N1024_eta02,0.0001,0.0,1.778279410038923e-09,9.058257049109365,9.070610005782267,9.029307253293826
N1024_eta02,0.0001,0.0,1.9054607179632444e-09,9.397905552387629,9.354651971746472,9.3107463929253
N1024_eta02,0.0001,0.0,2.0417379446695276e-09,9.587212548811465,9.645123751924006,9.598474868236636
N1024_eta02,0.0001,0.0,2.187761623949552e-09,9.981105342724865,9.94191231696362,9.892375361743744
N1024_eta02,0.0001,0.0,2.344228815319923e-09,10.237701499332172,10.244872399113525,10.192298669379532
N1024_eta02,0.0001,0.0,2.511886431509577e-09,10.536977672986138,10.553823701331716,10.498060994839403
N1024_eta02,0.0001,0.0,2.6915348039269142e-09,10.894748565929454,10.868548035341526,10.809441181667687
N1024_eta02,0.0001,0.0,2.884031503126606e-09,11.18035970979311,11.188786414423923,11.126177908469083
N1024_eta02,0.0001,0.0,3.0902954325135923e-09,11.49293554618456,11.514236132204527,11.447966878041747
N1024_eta02,0.0001,0.0,3.3113112148259078e-09,11.871475728303835,11.844547863943609,11.774458037085454
N1024_eta02,0.0001,0.0,3.5481338923357537e-09,12.170842978201717,12.179322834512774,12.105252869372388
N1024_eta02,0.0001,0.0,3.8018939632056126e-09,12.491271300490572,12.518110103342517,12.439901811782194
N1024_eta02,0.0001,0.0,4.073802778041122e-09,12.928428112254888,12.860404023993171,12.777901849263756
N1024_eta02,0.0001,0.0,4.365158322401657e-09,13.129861232541645,13.205641942655033,13.118694351417922
N1024_eta02,0.0001,0.0,4.6773514128719815e-09,13.594283758565469,13.553202207451845,13.461663219782363
N1024_eta02,0.0001,0.0,5.0118723362727255e-09,13.901037250880488,13.902402565753878,13.806133420777202
N1024_eta02,0.0001,0.0,5.370317963702522e-09,14.235197798364965,14.252499033353958,14.151369984329484
N1024_eta02,0.0001,0.0,5.754399373371567e-09,14.610582615663962,14.602685322832372,14.496577552084851
N1024_eta02,0.0001,0.0,6.165950018614823e-09,14.983276001606502,14.952092921643986,14.84090056144775
N1024_eta02,0.0001,0.0,6.606934480075952e-09,15.236603437147727,15.299791911343588,15.183424152053341
N1024_eta02,0.0001,0.0,7.0794578438413736e-09,15.693853678425604,15.64479261718849,15.523175879239036
N1024_eta02,0.0001,0.0,7.585775750291836e-09,15.978195559189123,15.986048173124894,15.859128314234221
N1024_eta02,0.0001,0.0,8.128305161640994e-09,16.281936679522335,16.322458079072124,16.190202602738715
N1024_eta02,0.0001,0.0,8.709635899560797e-09,16.73253203255307,16.652872815462022,16.51527304199057
N1024_eta02,0.0001,0.0,9.332543007969905e-09,16.908014744767875,16.976099564669823,16.833172721104045
N1024_eta02,0.0001,0.0,1e-08,17.309210573029645,17.29090906892656,17.142700250289124
N1024_eta02,0.0001,0.0,1.0715193052376048e-08,17.610540863728616,17.596043630591005,17.442627581609752
N1024_eta02,0.0001,0.0,1.1481536214968818e-08,17.87782745820413,17.890226232973575,17.731708897457608
N1024_eta02,0.0001,0.0,1.2302687708123811e-08,18.145519150111728,18.172170729019534,18.00869051339169
N1024_eta02,0.0001,0.0,1.3182567385564074e-08,18.5261927163709,18.440593011545033,18.27232171013842
N1024_eta02,0.0001,0.0,1.4125375446227526e-08,18.58928830207922,18.69422304369959,18.52136637631408
N1024_eta02,0.0001,0.0,1.5135612484362072e-08,18.993781694547664,18.93181759281563,18.75461531000052
N1024_eta02,0.0001,0.0,1.62181009735893e-08,19.149728748893537,19.15217347653993,18.970898995042603
N1024_eta02,0.0001,0.0,1.7378008287493763e-08,19.311689987011654,19.35414109852358,19.169100638345977
N1024_eta02,0.0001,0.0,1.8620871366628656e-08,19.593023680522297,19.53663802364956,19.348169229103682
N1024_eta02,0.0001,0.0,1.995262314968879e-08,19.68171054725061,19.698662321752746,19.507132361312735
N1024_eta02,0.0001,0.0,2.1379620895022325e-08,19.80676239015512,19.839305395127763,19.64510854857416
N1024_eta02,0.0001,0.0,2.2908676527677703e-08,19.99402715416261,19.95776400040288,19.761318756188086
N1024_eta02,0.0001,0.0,2.4547089156850285e-08,20.050743633507523,20.05335118056876,19.855096880816397
N1024_eta02,0.0001,0.0,2.6302679918953814e-08,20.06621968252006,20.125505838303948,19.925898922926887
N1024_eta02,0.0001,0.0,2.818382931264455e-08,20.29087613944594,20.17380070746041,19.97331062181213
N1024_eta02,0.0001,0.0,3.0199517204020135e-08,20.089435389243096,20.19794851500125,19.99705335663461
N1024_eta02,0.0001,0.0,3.2359365692962815e-08,20.243687957896125,20.197806169640454,19.996988158615817
N1024_eta02,0.0001,0.0,3.467368504525317e-08,20.18151770723072,20.173376864329633,19.97311772762027
N1024_eta02,0.0001,0.0,3.7153522909717206e-08,20.097745824004715,20.12481003549022,19.925586399051525
N1024_eta02,0.0001,0.0,3.9810717055349696e-08,20.05556029535475,20.052399180111188,19.854678061963085
N1024_eta02,0.0001,0.0,4.265795188015926e-08,20.009801702198615,19.95657759001916,19.760812084234484
N1024_eta02,0.0001,0.0,4.5708818961487524e-08,19.758353342924472,19.83791211822439,19.64453735321469
N1024_eta02,0.0001,0.0,4.897788193684457e-08,19.744396261523278,19.69709514290911,19.506524588185993
N1024_eta02,0.0001,0.0,5.248074602497723e-08,19.541630713416026,19.534934938316397,19.347557122428437
N1024_eta02,0.0001,0.0,5.623413251903491e-08,19.287382822151976,19.352344696819934,19.168520386041944
N1024_eta02,0.0001,0.0,6.025595860743569e-08,19.246759192014604,19.150330471807095,18.970390344953245
N1024_eta02,0.0001,0.0,6.456542290346549e-08,18.866064321418076,18.92997832602306,18.754221166159578
N1024_eta02,0.0001,0.0,6.918309709189362e-08,18.70051514393323,18.692440974746823,18.52113238421055
N1024_eta02,0.0001,0.0,7.413102413009178e-08,18.456502682452655,18.438924208128697,18.27229583965899
N1024_eta02,0.0001,0.0,7.943282347242806e-08,18.164472825102816,18.170673363129023,18.008922647589113
N1024_eta02,0.0001,0.0,8.511380382023759e-08,17.84905599276192,17.888960094061083,17.732250434550604
N1024_eta02,0.0001,0.0,9.120108393559096e-08,17.685007228896033,17.595069663354455,17.44353105671494
N1024_eta02,0.0001,0.0,9.772372209558092e-08,17.202213244588744,17.290288942379224,17.144018982367836
N1024_eta02,0.0001,0.0,1.0471285480508985e-07,17.015158345333404,16.975895277799726,16.834960489528648
N1024_eta02,0.0001,0.0,1.122018454301963e-07,16.664063156737942,16.653146343461927,16.51758379604201
N1024_eta02,0.0001,0.0,1.202264434617413e-07,16.27634345646011,16.323271062747487,16.19309020628185
N1024_eta02,0.0001,0.0,1.2882495516931324e-07,16.037736639950253,15.987461652904873,15.862646326814364
N1024_eta02,0.0001,0.0,1.380384264602884e-07,15.634154852916362,15.646866812002898,15.52737737392923
N1024_eta02,0.0001,0.0,1.4791083881682074e-07,15.282128255384146,15.302586041696067,15.18836156957683
N1024_eta02,0.0001,0.0,1.584893192461111e-07,14.975382584927544,14.955665075262175,14.84662559941536
N1024_eta02,0.0001,0.0,1.6982436524617427e-07,14.613176061325866,14.60709236079304,14.503141087627366
N1024_eta02,0.0001,0.0,1.8197008586099827e-07,14.206858113621825,14.257796533870108,14.158822027970768
N1024_eta02,0.0001,0.0,1.9498445997580458e-07,13.992295393246575,13.908644802497484,13.8145230990777
N1024_eta02,0.0001,0.0,2.0892961308540366e-07,13.492612870317863,13.560442159193503,13.47103878407677
N1024_eta02,0.0001,0.0,2.2387211385683377e-07,13.238022729554881,13.213931330626668,13.129103209862624
N1024_eta02,0.0001,0.0,2.39883291901949e-07,12.8805281546393,12.869793373542965,12.789390619386626
N1024_eta02,0.0001,0.0,2.570395782768865e-07,12.500859474437133,12.5286488265956,12.452516390774711
N1024_eta02,0.0001,0.0,2.7542287033381637e-07,12.209759100311604,12.191059330534594,12.119038519468843
N1024_eta02,0.0001,0.0,2.9512092266663846e-07,11.868710484874939,11.857529633631794,11.789459483522789
N1024_eta02,0.0001,0.0,3.1622776601683797e-07,11.501971394777621,11.528509904815571,11.464228417273949
N1024_eta02,0.0001,0.0,3.3884415613920205e-07,11.220212973279205,11.204398283343643,11.143743524511924
N1024_eta02,0.0001,0.0,3.6307805477010105e-07,10.894440110929287,10.885543600707626,10.828354668662714
N1024_eta02,0.0001,0.0,3.890451449942805e-07,10.529406264463484,10.572248217501665,10.518366084143773
N1024_eta02,0.0001,0.0,4.1686938347033557e-07,10.327295580416012,10.264770925028948,10.214039159702939
N1024_eta02,0.0001,0.0,4.4668359215096253e-07,9.916940831946109,9.963329868242797,9.915595251061223
N1024_eta02,0.0001,0.0,4.786300923226381e-07,9.682449946519755,9.668105453129824,9.623218486402308
N1024_eta02,0.0001,0.0,5.128613839913648e-07,9.388144040668818,9.3792432077289,9.337058534094652
N1024_eta02,0.0001,0.0,5.495408738576237e-07,9.077482317595566,9.096856571564228,9.057233307428696
N1024_eta02,0.0001,0.0,5.888436553555884e-07,8.833093835303847,8.82102959334848,8.783831586064426
N1024_eta02,0.0001,0.0,6.309573444801931e-07,8.559713663498133,8.551819521343118,8.516915538294619
N1024_eta02,0.0001,0.0,6.760829753919819e-07,8.272119788145176,8.289259274767915,8.256523132137088
N1024_eta02,0.0001,0.0,7.244359600749892e-07,8.043363354366763,8.033359788133854,8.002670426689086
N1024_eta02,0.0001,0.0,7.762471166286911e-07,7.79044370801795,7.784112223373942,7.755353738130493
N1024_eta02,0.0001,0.0,8.31763771102671e-07,7.512071807303564,7.54149004719289,7.514551677281148
N1024_eta02,0.0001,0.0,8.912509381337442e-07,7.348639014900973,7.305450973178655,7.280227057734648
N1024_eta02,0.0001,0.0,9.54992586021435e-07,7.043116671531062,7.075938769974278,7.052328675344354
N1024_eta02,0.0001,0.0,1.0232929922807537e-06,6.863671569865584,6.85288493822256,6.83079296126373
N1024_eta02,0.0001,0.0,1.0964781961431828e-06,6.643872538532283,6.636210260110702,6.615545511880113
N1024_eta02,0.0001,0.0,1.1748975549395304e-06,6.404281529535117,6.425826226205915,6.406502499864484
N1024_eta02,0.0001,0.0,1.2589254117941661e-06,6.24550832398723,6.221636344903989,6.203571971223308
N1024_eta02,0.0001,0.0,1.3489628825916506e-06,6.011548923560578,6.0235373402604235,6.006655033713022
N1024_eta02,0.0001,0.0,1.445439770745928e-06,5.8310572069485955,5.831420244255346,5.815646942293245
N1024_eta02,0.0001,0.0,1.5488166189124796e-06,5.650580991619001,5.645171389694444,5.630438087475177
N1024_eta02,0.0001,0.0,1.6595869074375565e-06,5.460630184226232,5.464673309984719,5.450914892491906
N1024_eta02,0.0001,0.0,1.7782794100389231e-06,5.286177998274305,5.289805551975503,5.276960625196856
N1024_eta02,0.0001,0.0,1.9054607179632443e-06,5.132512156594879,5.120445407931998,5.108456130503427
N1024_eta02,0.0001,0.0,2.0417379446695316e-06,4.944484140656292,4.9564685725308735,4.945280489028445
N1024_eta02,0.0001,0.0,2.187761623949552e-06,4.803250060849584,4.7977497305488095,4.78731160740836
N1024_eta02,0.0001,0.0,2.344228815319918e-06,4.647384486879443,4.644163080664082,4.634426745529796
N1024_eta02,0.0001,0.0,2.5118864315095823e-06,4.48146625542515,4.495582800519868,4.486502985666952
N1024_eta02,0.0001,0.0,2.6915348039269138e-06,4.371971646654458,4.351883457913775,4.343417648253151
N1024_eta02,0.0001,0.0,2.8840315031266e-06,4.197903736285889,4.2129403726862895,4.205048658740477
N1024_eta02,0.0001,0.0,3.0902954325135923e-06,4.083849634672404,4.078629933588632,4.071274869725123
N1024_eta02,0.0001,0.0,3.311311214825908e-06,3.9529417579131736,3.9488298741201406,3.9419763422403187
N1024_eta02,0.0001,0.0,3.548133892335746e-06,3.809659214734978,3.823419511041256,3.8170345898477125
N1024_eta02,0.0001,0.0,3.801893963205613e-06,3.7201253941144845,3.7022799489933567,3.696332788894377
N1024_eta02,0.0001,0.0,4.073802778041122e-06,3.572878417686044,3.5852942543908384,3.5797559580475684
N1024_eta02,0.0001,0.0,4.365158322401666e-06,3.4764871108204263,3.47234760149836,3.4671911099751584
N1024_eta02,0.0001,0.0,4.677351412871981e-06,3.3658584364961515,3.3633273933651515,3.3585273778071345
N1024_eta02,0.0001,0.0,5.011872336272715e-06,3.2500187180762854,3.2581233600610373,3.253656118792792
N1024_eta02,0.0001,0.0,5.370317963702533e-06,3.1657541306815684,3.1566276364452044,3.1524709973606777
N1024_eta02,0.0001,0.0,5.754399373371567e-06,3.0532816808993517,3.0587348214979877,3.054868049592928
N1024_eta02,0.0001,0.0,6.16595001861481e-06,2.967176061110606,2.964342021059257,2.960745730943173
N1024_eta02,0.0001,0.0,6.606934480075964e-06,2.8696462048002673,2.8733488756431083,2.870004948857341
N1024_eta02,0.0001,0.0,7.079457843841373e-06,2.792467346648311,2.785657574837486,2.782549081798673
N1024_eta02,0.0001,0.0,7.585775750291821e-06,2.6940754711613706,2.7011728596485756,2.698283986032462
N1024_eta02,0.0001,0.0,8.128305161640995e-06,2.6225082618375635,2.619802014013339,2.617117991391664
N1024_eta02,0.0001,0.0,8.709635899560797e-06,2.5444389126675704,2.541454846578086,2.5389618871212005
N1024_eta02,0.0001,0.0,9.332543007969886e-06,2.4583229345869753,2.46604366372688,2.463728898786195
N1024_eta02,0.0001,0.0,1e-05,2.3994744439983724,2.3934832347401978,2.391334657127289
N1024_eta02,0.0001,0.0,1.071519305237605e-05,2.3222047818066454,2.323690749870853,2.321697159654001
N1024_eta02,0.0001,0.0,1.1481536214968841e-05,2.2589459766197333,2.256585772040886,2.2547367256845043
N1024_eta02,0.0001,0.0,1.230268770812381e-05,2.1845850441905106,2.1920901827895936,2.1903759454674376
N1024_eta02,0.0001,0.0,1.3182567385564049e-05,2.1375123887695078,2.1301281230383196,2.128539623957236
N1024_eta02,0.0001,0.0,1.4125375446227553e-05,2.0689585500167955,2.0706259291826123,2.069154719759989
N1024_eta02,0.0001,0.0,1.5135612484362071e-05,2.01560515132861,2.013512064976177,2.012150279720673
N1024_eta02,0.0001,0.0,1.6218100973589265e-05,1.953253839677361,1.9587170496335526,1.9574573695855333
N1024_eta02,0.0001,0.0,1.7378008287493764e-05,1.907012706816289,1.906173382550094,1.905009001144887
N1024_eta02,0.0001,0.0,1.8620871366628657e-05,1.857219343461204,1.855815465017641,1.8547400562415552
N1024_eta02,0.0001,0.0,1.995262314968875e-05,1.8078298327989515,1.80757951930278,1.8065872080185437
N1024_eta02,0.0001,0.0,2.1379620895022326e-05,1.7664787057834839,1.761403505451552,1.7604888397763865
N1024_eta02,0.0001,0.0,2.29086765276777e-05,1.7136085206915121,1.717227036189207,1.7163849618152005
N1024_eta02,0.0001,0.0,2.4547089156850235e-05,1.6765069563098036,1.6749912902963424,1.6742171266489694
N1024_eta02,0.0001,0.0,2.6302679918953814e-05,1.6330596418486842,1.634638924862839,1.6339283429994476
N1024_eta02,0.0001,0.0,2.8183829312644495e-05,1.592388244617157,1.596113986847639,1.5954629890034058
N1024_eta02,0.0001,0.0,3.0199517204020195e-05,1.5606308683555867,1.559361824405123,1.5587667250993205
N1024_eta02,0.0001,0.0,3.235936569296281e-05,1.5226527674149413,1.5243289984763797,1.5237864070968774
N1024_eta02,0.0001,0.0,3.467368504525309e-05,1.4878093990934016,1.4909631951846816,1.4904699999732927
N1024_eta02,0.0001,0.0,3.715352290971728e-05,1.4603113226366329,1.4592131396176613,1.4587664929832653
N1024_eta02,0.0001,0.0,3.9810717055349695e-05,1.4315724306926239,1.4290285116217079,1.4286258167121075
N1024_eta02,0.0001,0.0,4.265795188015917e-05,1.3999379054785033,1.400359864275142,1.3999987627421826
N1024_eta02,0.0001,0.0,4.570881896148752e-05,1.371729579832384,1.373158545743035,1.3728369066388244
N1024_eta02,0.0001,0.0,4.897788193684457e-05,1.3469372534328672,1.3473766252453858,1.3470925349903564
N1024_eta02,0.0001,0.0,5.2480746024977124e-05,1.3238242283197277,1.3229668238888006,1.3227185772550003
N1024_eta02,0.0001,0.0,5.623413251903491e-05,1.3024252673479977,1.2998824511168028,1.2996685431721409
N1024_eta02,0.0001,0.0,6.025595860743569e-05,1.2787130400790208,1.2780773475221938,1.2778964664835082
N1024_eta02,0.0001,0.0,6.456542290346563e-05,1.2573867730740618,1.2575058347337407,1.2573568556784944
N1024_eta02,0.0001,0.0,6.918309709189364e-05,1.2381990252323112,1.2381226730361776,1.2380046524244528
N1024_eta02,0.0001,0.0,7.413102413009161e-05,1.2190723021612675,1.2198830273049737,1.2197951982652224
N1024_eta02,0.0001,0.0,7.943282347242822e-05,1.2027753127779819,1.2027424417342338,1.2026842100680792
N1024_eta02,0.0001,0.0,8.51138038202376e-05,1.1866093183309028,1.1866568237068353,1.1866277645701246
N1024_eta02,0.0001,0.0,9.120108393559079e-05,1.171992097254676,1.1715824370011958,1.1715822922205463
N1024_eta02,0.0001,0.0,9.772372209558111e-05,1.1588866604634027,1.1574759043505205,1.1575045803368365
N1024_eta02,0.0001,0.0,0.00010471285480508985,1.1447025608375396,1.1442942191712215,1.1443517853940488
N1024_eta02,0.0001,0.0,0.00011220184543019607,1.131510435116226,1.1319947660615886,1.1320814540507294
N1024_eta02,0.0001,0.0,0.00012022644346174132,1.1197092586735293,1.1205353494454546,1.120651552288947
N1024_eta02,0.0001,0.0,0.00012882495516931323,1.110066367991251,1.1098742295049384,1.1100205018151215
N1024_eta02,0.0001,0.0,0.0001380384264602881,1.100675185447577,1.0999701643188318,1.1001472226407145
N1024_eta02,0.0001,0.0,0.00014791083881682073,1.0902460336857842,1.090782456906503,1.0909911805447434
N1024_eta02,0.0001,0.0,0.0001584893192461111,1.0824665503178623,1.0822710056791165,1.082512437921346
N1024_eta02,0.0001,0.0,0.0001698243652461746,1.074311715338868,1.0743963566277184,1.074671706342414
N1024_eta02,0.0001,0.0,0.00018197008586099826,1.067021876580643,1.0671197554377532,1.0674303990239533
N1024_eta02,0.0001,0.0,0.00019498445997580418,1.060430925264138,1.0604031976167145,1.0607506812801755
N1024_eta02,0.0001,0.0,0.00020892961308540412,1.054268896385409,1.0542094746591297,1.0545955169845709
N1024_eta02,0.0001,0.0,0.00022387211385683378,1.0482068770306472,1.0485022142521059,1.0489287090334405
N1024_eta02,0.0001,0.0,0.0002398832919019485,1.0437453531097702,1.0432459125441775,1.0437149318235364
N1024_eta02,0.0001,0.0,0.0002570395782768865,1.0382198090785597,1.0384059565570707,1.0389197538083472
N1024_eta02,0.0001,0.0,0.00027542287033381635,1.0337555308252502,1.0339486349089957,1.034509648281966
N1024_eta02,0.0001,0.0,0.0002951209226666378,1.0299451536394604,1.0298411351324477,1.030451990648444
N1024_eta02,0.0001,0.0,0.000316227766016838,1.0261726256165318,1.0260515260010914,1.026715040559968
N1024_eta02,0.0001,0.0,0.0003388441561392021,1.022526914679207,1.0225487234204163,1.0232679074401976
N1024_eta02,0.0001,0.0,0.0003630780547701003,1.0191473780865685,1.0193024385767189,1.0200804980408211
N1024_eta02,0.0001,0.0,0.0003890451449942805,1.0160850802248353,1.0162831071704275,1.017123444801459
N1024_eta02,0.0001,0.0,0.0004168693834703347,1.0132792257270746,1.0134617986759258,1.014368013888463
N1024_eta02,0.0001,0.0,0.0004466835921509635,1.0106492257074293,1.0108101046660467,1.0117859918717893
N1024_eta02,0.0001,0.0,0.00047863009232263805,1.0081457761823607,1.0083000053128384,1.0093495500584173
N1024_eta02,0.0001,0.0,0.0005128613839913639,1.0057495838736954,1.0059037132279753,1.0070310855363704
N1024_eta02,0.0001,0.0,0.0005495408738576249,1.0034587591972168,1.003593493840873,1.004803037999724
N1024_eta02,0.0001,0.0,0.0005888436553555884,1.0012669780849337,1.0013414615391483,1.0026376814309135
N1024_eta02,0.0001,0.0,0.0006309573444801918,0.9991300941997208,0.9991193508286531,1.0005068897263019
N1024_eta02,0.0001,0.0,0.000676082975391982,0.9969582689424841,0.9968982618286436,0.9983818753843754
N1024_eta02,0.0001,0.0,0.0007244359600749892,0.9946628707204624,0.9946483795284986,0.9962329004602934
N1024_eta02,0.0001,0.0,0.0007762471166286897,0.9922450309421891,0.9923386664299727,0.9940289591611284
N1024_eta02,0.0001,0.0,0.000831763771102671,0.9898834264611566,0.9899365285268731,0.9917374317582129
N1024_eta02,0.0001,0.0,0.000891250938133744,0.9875510947140019,0.9874074550860469,0.9893237099827545
N1024_eta02,0.0001,0.0,0.000954992586021437,0.9847469135206012,0.9847146334554467,0.9867507948179345
N1024_eta02,0.0001,0.0,0.0010232929922807535,0.9817300047969392,0.9818185412156376,0.983978868688999
N1024_eta02,0.0001,0.0,0.001096478196143183,0.9787076395842134,0.9786765195030191,0.9809648455824944
N1024_eta02,0.0001,0.0,0.0011748975549395304,0.9752089011934659,0.9752423333727739,0.9776619047128376
N1024_eta02,0.0001,0.0,0.0012589254117941662,0.9714410250113636,0.9714657277546858,0.9740190161295005
N1024_eta02,0.0001,0.0,0.0013489628825916506,0.9674010554707833,0.9672919910101195,0.9699804702618637
N1024_eta02,0.0001,0.0,0.0014454397707459282,0.96258232287302,0.9626615424450445,0.9654854279726509
N1024_eta02,0.0001,0.0,0.0015488166189124796,0.9575384124447723,0.9575095654749909,0.9604675133609085
N1024_eta02,0.0001,0.0,0.0016595869074375565,0.9517030595869896,0.951765714533182,0.9548544784071193
N1024_eta02,0.0001,0.0,0.001778279410038923,0.9454474969139898,0.9453539312440378,0.9485679765928647
N1024_eta02,0.0001,0.0,0.0019054607179632445,0.9381394734521671,0.9381924137041987,0.9415234917298225
N1024_eta02,0.0001,0.0,0.0020417379446695232,0.9302120470177627,0.9301937915837656,0.933630478069155
N1024_eta02,0.0001,0.0,0.002187761623949552,0.9212119161412574,0.9212655685734066,0.924792777712828
N1024_eta02,0.0001,0.0,0.002344228815319918,0.9114054564241458,0.9113109014941984,0.9149093904021334
N1024_eta02,0.0001,0.0,0.002511886431509582,0.9001648861742056,0.9002297907535282,0.9038756774140682
N1024_eta02,0.0001,0.0,0.0026915348039269144,0.8879385728094407,0.8879207578735491,0.8915850834852345
N1024_eta02,0.0001,0.0,0.0028840315031266,0.8742644788751286,0.874283080147456,0.8779314557584512
N1024_eta02,0.0001,0.0,0.003090295432513592,0.8592423446274038,0.8592196373207737,0.8628120235871743
N1024_eta02,0.0001,0.0,0.003311311214825908,0.8426364343018782,0.8426403976701367,0.8461310743271255
N1024_eta02,0.0001,0.0,0.003548133892335746,0.8244298159134269,0.8244665284667947,0.8278043150331462
N1024_eta02,0.0001,0.0,0.0038018939632056127,0.8047088860661264,0.8046350571968641,0.8077638464808207
N1024_eta02,0.0001,0.0,0.0040738027780411225,0.7830608402425886,0.7831039357790425,0.7859635946426653
N1024_eta02,0.0001,0.0,0.004365158322401648,0.7598469091089721,0.759857274221814,0.7623849496743149
N1024_eta02,0.0001,0.0,0.004677351412871981,0.7349656641867344,0.7349104205706283,0.7370422622051959
N1024_eta02,0.0001,0.0,0.005011872336272715,0.708264637794167,0.7083144828576277,0.7099877549496475
N1024_eta02,0.0001,0.0,0.005370317963702533,0.6801640748614433,0.6801598320497448,0.6813153424352719
N1024_eta02,0.0001,0.0,0.005754399373371567,0.6506118899327534,0.650578110356561,0.6511628331958413
N1024_eta02,0.0001,0.0,0.006165950018614809,0.6196993774890016,0.6197423125690877,0.6197120354193054
N1024_eta02,0.0001,0.0,0.006606934480075964,0.5878726144058946,0.5878646188838211,0.5871864099233803
N1024_eta02,0.0001,0.0,0.007079457843841374,0.555216310822459,0.555191834589784,0.5538461120921949
N1024_eta02,0.0001,0.0,0.007585775750291821,0.5219620661653779,0.5219985198754868,0.5199805196495333
N1024_eta02,0.0001,0.0,0.008128305161640995,0.48858513657390307,0.4885781429207902,0.48589862256583455
N1024_eta02,0.0001,0.0,0.008709635899560796,0.4552552296965981,0.4552328228199417,0.45191791067989395
N1024_eta02,0.0001,0.0,0.009332543007969887,0.42223151990740454,0.42226240529349324,0.41835258758980026
N1024_eta02,0.0001,0.0,0.01,0.3899575313686583,0.3899537007672693,0.38550202916557796
N1024_eta02,0.0001,4.0,1.0000000000000002e-14,0.38681505526077076,0.3869903576255699,0.38689658655441445
N1024_eta02,0.0001,4.0,1.0715193052376049e-14,0.40015035161976753,0.40058991452251214,0.40049032228736786
N1024_eta02,0.0001,4.0,1.148153621496884e-14,0.4150306536656979,0.41466747393775594,0.4145614822271388
N1024_eta02,0.0001,4.0,1.2302687708123812e-14,0.42960364753909397,0.4292398891081388,0.4291268125377301
N1024_eta02,0.0001,4.0,1.3182567385564046e-14,0.4426911675277185,0.44432392163914985,0.4442036444358284
N1024_eta02,0.0001,4.0,1.4125375446227557e-14,0.46239457044585874,0.45993787796136565,0.4598099143751122
N1024_eta02,0.0001,4.0,1.5135612484362073e-14,0.47424010366026587,0.4761004648309608,0.47596418489891573
N1024_eta02,0.0001,4.0,1.6218100973589332e-14,0.49335792553706026,0.4928308569342383,0.49268566618027676
N1024_eta02,0.0001,4.0,1.7378008287493765e-14,0.5107488481126674,0.5101490626759592,0.5099942382685576
N1024_eta02,0.0001,4.0,1.8620871366628658e-14,0.5268264284550349,0.5280752566477004,0.5279104740620095
N1024_eta02,0.0001,4.0,1.9952623149688828e-14,0.5474476402071805,0.5466313541461769,0.5464556630256835
N1024_eta02,0.0001,4.0,2.1379620895022327e-14,0.5662706918438327,0.5658393186200151,0.5656518356741513
N1024_eta02,0.0001,4.0,2.29086765276777e-14,0.5846796455759777,0.5857214784633128,0.5855217888384392
N1024_eta02,0.0001,4.0,2.4547089156850338e-14,0.606869088282041,0.606302139866668,0.6060891117364295
N1024_eta02,0.0001,4.0,2.6302679918953815e-14,0.6283419158506226,0.6276051512694997,0.6273782128657889
N1024_eta02,0.0001,4.0,2.8183829312644495e-14,0.6470119707191652,0.6496565238700376,0.6494143477381465
N1024_eta02,0.0001,4.0,3.019951720402019e-14,0.6761476223436895,0.6724818240339853,0.6722236474727832
N1024_eta02,0.0001,4.0,3.2359365692962816e-14,0.6935303615718282,0.696108584039677,0.695833148267519
N1024_eta02,0.0001,4.0,3.46736850452531e-14,0.7211855468654073,0.7205647619347633,0.7202708217637833
N1024_eta02,0.0001,4.0,3.715352290971728e-14,0.746664153650793,0.7458792529256032,0.7455656063218798
N1024_eta02,0.0001,4.0,3.9810717055349693e-14,0.7708361852062756,0.7720820633092657,0.771747439221413
N1024_eta02,0.0001,4.0,4.2657951880159345e-14,0.7993714972828114,0.7992044219140078,0.7988472898005182
N1024_eta02,0.0001,4.0,4.570881896148752e-14,0.82894148505626,0.827278437051226,0.8268971935459428
N1024_eta02,0.0001,4.0,4.897788193684456e-14,0.8542335854891021,0.8563373720189309,0.8559302871442303
N1024_eta02,0.0001,4.0,5.248074602497734e-14,0.887312450451269,0.8864154622783373,0.8859808445020834
N1024_eta02,0.0001,4.0,5.623413251903491e-14,0.9188083653879504,0.917548279695428,0.9170843137415151
N1024_eta02,0.0001,4.0,6.025595860743569e-14,0.9457949315119961,0.9497728174493127,0.9492773551725369
N1024_eta02,0.0001,4.0,6.456542290346563e-14,0.9882419044221185,0.9831270143295958,0.9825978802427968
N1024_eta02,0.0001,4.0,6.918309709189363e-14,1.0143796585367926,1.0176503148877398,1.0170850914598337
N1024_eta02,0.0001,4.0,7.413102413009162e-14,1.0539333046331074,1.053383296099519,1.0527795232773327
N1024_eta02,0.0001,4.0,7.943282347242822e-14,1.0913984840832214,1.0903679365511707,1.0897230839317944
N1024_eta02,0.0001,4.0,8.51138038202376e-14,1.1276931206435272,1.128648087847093,1.127959098210525
N1024_eta02,0.0001,4.0,9.120108393559116e-14,1.1670256537825212,1.1682685309047827,1.1675323511255955
N1024_eta02,0.0001,4.0,9.772372209558112e-14,1.2131470271526301,1.2092756817363568,1.2084891324611904
N1024_eta02,0.0001,4.0,1.0471285480508985e-13,1.2478759454571595,1.2517178523308015,1.2508772821539194
N1024_eta02,0.0001,4.0,1.1220184543019654e-13,1.2970449193856282,1.2956445146347648,1.2947462364565256
N1024_eta02,0.0001,4.0,1.2022644346174131e-13,1.3430604878193317,1.341107142525197,1.340147074825353
N1024_eta02,0.0001,4.0,1.2882495516931323e-13,1.3825696192547765,1.3881586459330542,1.3871325674606498
N1024_eta02,0.0001,4.0,1.3803842646028868e-13,1.443447155571912,1.4368540141618056,1.4357572234159313
N1024_eta02,0.0001,4.0,1.4791083881682072e-13,1.483638071969176,1.4872497760744738,1.4860773391785673
N1024_eta02,0.0001,4.0,1.584893192461111e-13,1.5394678699706859,1.5394043677942997,1.5381510476078233
N1024_eta02,0.0001,4.0,1.698243652461746e-13,1.5947647661986573,1.5933782662858251,1.5920383670988452
N1024_eta02,0.0001,4.0,1.8197008586099824e-13,1.6490500361059734,1.6492338323253632,1.6478012508214221
N1024_eta02,0.0001,4.0,1.9498445997580416e-13,1.7032070327134141,1.7070353123182411,1.705503635860412
N1024_eta02,0.0001,4.0,2.0892961308540411e-13,1.7743404988183142,1.7668492407406213,1.7652114920602378
N1024_eta02,0.0001,4.0,2.2387211385683378e-13,1.8222648388038731,1.8287441502341817,1.8269928703488434
N1024_eta02,0.0001,4.0,2.3988329190194847e-13,1.8948874801558027,1.8927906124692906,1.8909179502864712
N1024_eta02,0.0001,4.0,2.570395782768865e-13,1.961885847656948,1.9590616163537926,1.957059086551197
N1024_eta02,0.0001,4.0,2.7542287033381635e-13,2.0203399111646423,2.027632383976462,2.0254908540364114
N1024_eta02,0.0001,4.0,2.95120922666639e-13,2.1061769563094983,2.0985803722624246,2.096290091194723
N1024_eta02,0.0001,4.0,3.1622776601683797e-13,2.1690406744587425,2.1719852625269342,2.169535941217517
N1024_eta02,0.0001,4.0,3.3884415613920205e-13,2.246631432674774,2.2479294461813506,2.2453098905900775
N1024_eta02,0.0001,4.0,3.630780547701018e-13,2.328440521758794,2.3264974686983537,2.3236958045071523
N1024_eta02,0.0001,4.0,3.890451449942805e-13,2.4090944547257065,2.407776435908374,2.404779958573802
N1024_eta02,0.0001,4.0,4.168693834703347e-13,2.4837756645246047,2.4918559057913656,2.4886510661501178
N1024_eta02,0.0001,4.0,4.466835921509635e-13,2.591770799952714,2.578828070505459,2.5754003006256627
N1024_eta02,0.0001,4.0,4.786300923226381e-13,2.6586661117353527,2.6687874777824265,2.665121311829827
N1024_eta02,0.0001,4.0,5.128613839913659e-13,2.7647309660243033,2.761831394858669,2.7579102356971403
N1024_eta02,0.0001,4.0,5.495408738576248e-13,2.8619221631917595,2.858059627623095,2.8538656962110003
N1024_eta02,0.0001,4.0,5.888436553555884e-13,2.948934170974706,2.9575744033327123,2.9530887985455463
N1024_eta02,0.0001,4.0,6.309573444801943e-13,3.0675987321121747,3.0604806126653554,3.0556831122117263
N1024_eta02,0.0001,4.0,6.760829753919819e-13,3.1668020423891328,3.1668855952050965,3.161754642890586
N1024_eta02,0.0001,4.0,7.244359600749892e-13,3.2726042711654784,3.2768993023377373,3.2714117915031378
N1024_eta02,0.0001,4.0,7.762471166286928e-13,3.39347223902914,3.390633971391228,3.3847652989212444
N1024_eta02,0.0001,4.0,8.317637711026709e-13,3.512043427191966,3.5082042856803737,3.5019281745678725
N1024_eta02,0.0001,4.0,8.912509381337441e-13,3.6152930793706495,3.6297271806201747,3.6230156069868045
N1024_eta02,0.0001,4.0,9.54992586021437e-13,3.775665271355523,3.7553217885670547,3.74814485428106
N1024_eta02,0.0001,4.0,1.0232929922807536e-12,3.8706654806120957,3.885109224510213,3.8774351121262214
N1024_eta02,0.0001,4.0,1.0964781961431851e-12,4.022651186219516,4.019212686725029,4.011007356858711
N1024_eta02,0.0001,4.0,1.1748975549395302e-12,4.162789200430373,4.157756867465303,4.148984160920338
N1024_eta02,0.0001,4.0,1.258925411794166e-12,4.29212942727144,4.300868098483987,4.291489477709467
N1024_eta02,0.0001,4.0,1.3489628825916534e-12,4.452050957671114,4.448673970192745,4.438648392646476
N1024_eta02,0.0001,4.0,1.445439770745928e-12,4.608179420978208,4.601303059287427,4.59058683700761
N1024_eta02,0.0001,4.0,1.5488166189124795e-12,4.748873594668536,4.758884560318714,4.747431260818893
N1024_eta02,0.0001,4.0,1.6595869074375598e-12,4.925767523483468,4.9215480539555925,4.90930826083189
N1024_eta02,0.0001,4.0,1.7782794100389228e-12,5.097044691095948,5.089422887495011,5.076344159328664
N1024_eta02,0.0001,4.0,1.9054607179632443e-12,5.239764215803746,5.262637923801593,5.248664529228067
N1024_eta02,0.0001,4.0,2.041737944669532e-12,5.4701276801184715,5.441320805310415,5.426393660693288
N1024_eta02,0.0001,4.0,2.1877616239495518e-12,5.607577290988109,5.625597572263086,5.609653964177114
N1024_eta02,0.0001,4.0,2.344228815319923e-12,5.818314052073302,5.815591803376092,5.798565304593714
N1024_eta02,0.0001,4.0,2.5118864315095823e-12,6.017681630989853,6.011423991981801,5.9932442610807515
N1024_eta02,0.0001,4.0,2.6915348039269142e-12,6.207171548670074,6.213210636596606,6.193803306624749
N1024_eta02,0.0001,4.0,2.884031503126606e-12,6.414722909168078,6.421063482183746,6.40034990167548
N1024_eta02,0.0001,4.0,3.090295432513592e-12,6.655521393126208,6.635088320838158,6.612985495786732
N1024_eta02,0.0001,4.0,3.311311214825908e-12,6.835858688349518,6.855384035029949,6.831804431305838
N1024_eta02,0.0001,4.0,3.548133892335753e-12,7.0880938272416705,7.082041320727109,7.056892743211501
N1024_eta02,0.0001,4.0,3.8018939632056125e-12,7.327763059949647,7.315141386392464,7.288326849389023
N1024_eta02,0.0001,4.0,4.073802778041122e-12,7.522758423644111,7.554754531090099,7.5261721259579515
N1024_eta02,0.0001,4.0,4.365158322401657e-12,7.835959249764758,7.800938515638799,7.770481362755031
N1024_eta02,0.0001,4.0,4.677351412871982e-12,8.036590481996287,8.053736920955817,8.021293094754297
N1024_eta02,0.0001,4.0,5.011872336272715e-12,8.311844682431799,8.313177309921617,8.278629806108762
N1024_eta02,0.0001,4.0,5.370317963702533e-12,8.586647628180186,8.579269280016666,8.5424960046568
N1024_eta02,0.0001,4.0,5.754399373371567e-12,8.8536476342451,8.852002329999463,8.81287616618853
N1024_eta02,0.0001,4.0,6.165950018614822e-12,9.106313269766297,9.131343653569543,9.0897325495508
N1024_eta02,0.0001,4.0,6.6069344800759645e-12,9.459493840832831,9.417235799041816,9.373002885819666
N1024_eta02,0.0001,4.0,7.079457843841373e-12,9.67707525827379,9.709594094705373,9.662597947326585
N1024_eta02,0.0001,4.0,7.585775750291836e-12,10.015867897523975,10.008304134283234,9.958399005320421
N1024_eta02,0.0001,4.0,8.128305161640996e-12,10.331182508954823,10.313219012750405,10.260255188513854
N1024_eta02,0.0001,4.0,8.709635899560797e-12,10.58684023210514,10.624156482003217,10.56798075872181
N1024_eta02,0.0001,4.0,9.332543007969906e-12,10.972176596965838,10.940896132068353,10.88135232426411
N1024_eta02,0.0001,4.0,1e-11,11.258413919333742,11.263176438555277,11.200106016773873
N1024_eta02,0.0001,4.0,1.0715193052376049e-11,11.578782916529576,11.590691794363215,11.523934662509136
N1024_eta02,0.0001,4.0,1.1481536214968842e-11,11.931101719042656,11.923089651650455,11.852484985166631
N1024_eta02,0.0001,4.0,1.2302687708123813e-11,12.275986827145262,12.259967628571376,12.185354883476691
N1024_eta02,0.0001,4.0,1.3182567385564075e-11,12.548187103546379,12.600870781642637,12.52209083341841
N1024_eta02,0.0001,4.0,1.4125375446227556e-11,13.013809038508033,12.94528907515591,12.86218547159752
N1024_eta02,0.0001,4.0,1.5135612484362072e-11,13.248851357734237,13.292655054331693,13.205075423002254
N1024_eta02,0.0001,4.0,1.6218100973589298e-11,13.648568195289254,13.642341864347177,13.550139442772371
N1024_eta02,0.0001,4.0,1.7378008287493765e-11,14.014804549305587,13.993661612000583,13.896696947519413
N1024_eta02,0.0001,4.0,1.8620871366628657e-11,14.315847420928822,14.345864274464848,14.24400701680959
N1024_eta02,0.0001,4.0,1.995262314968879e-11,14.704149689537386,14.698137115823258,14.59126794931072
N1024_eta02,0.0001,4.0,2.1379620895022327e-11,15.076536537113254,15.049604772099848,14.937617460419279
N1024_eta02,0.0001,4.0,2.2908676527677702e-11,15.368669856170884,15.399330109570592,15.282133608507696
N1024_eta02,0.0001,4.0,2.4547089156850283e-11,15.753566864987931,15.746315887715683,15.62383653483517
N1024_eta02,0.0001,4.0,2.6302679918953818e-11,16.124085194470098,16.089507361536736,15.961691097229036
N1024_eta02,0.0001,4.0,2.8183829312644493e-11,16.349091054795334,16.42779588147272,16.294610469482162
N1024_eta02,0.0001,4.0,3.019951720402019e-11,16.842172349732778,16.76002355025172,16.621460766700025
N1024_eta02,0.0001,4.0,3.235936569296281e-11,17.045319511029774,17.08498901511329,16.941066741343242
N1024_eta02,0.0001,4.0,3.467368504525317e-11,17.39916030902863,17.401454374162675,17.252218575348465
N1024_eta02,0.0001,4.0,3.715352290971728e-11,17.726391784824653,17.7081532651626,17.55367977054131
N1024_eta02,0.0001,4.0,3.9810717055349695e-11,18.001846864237756,18.003800049734664,17.844196112845175
N1024_eta02,0.0001,4.0,4.2657951880159254e-11,18.242669835055416,18.28710009290849,18.1225056560243
N1024_eta02,0.0001,4.0,4.570881896148752e-11,18.62983280392031,18.55676102127584,18.38734963860596
N1024_eta02,0.0001,4.0,4.897788193684457e-11,18.761341330113307,18.811504845013285,18.637484214167564
N1024_eta02,0.0001,4.0,5.2480746024977236e-11,19.05365932110958,19.050080781505066,18.871692841538778
N1024_eta02,0.0001,4.0,5.6234132519034906e-11,19.317431964430124,19.271278595073397,19.0887991490367
N1024_eta02,0.0001,4.0,6.025595860743569e-11,19.39544147508603,19.47394221662073,19.287680057137933
N1024_eta02,0.0001,4.0,6.456542290346562e-11,19.71382611652458,19.656983413026207,19.467278918572998
N1024_eta02,0.0001,4.0,6.918309709189364e-11,19.812999765003017,19.819395199609488,19.626618415258033
N1024_eta02,0.0001,4.0,7.413102413009162e-11,19.941300449689873,19.960264739117413,19.764812939177517
N1024_eta02,0.0001,4.0,7.943282347242822e-11,20.08670204795507,20.07878542514132,19.88108018048881
N1024_eta02,0.0001,4.0,8.511380382023759e-11,20.212049714009733,20.174267856088388,19.974751651591372
N1024_eta02,0.0001,4.0,9.120108393559097e-11,20.152389240473838,20.24614944405418,20.045281891119853
N1024_eta02,0.0001,4.0,9.772372209558111e-11,20.395352299731186,20.294002404779153,20.092256116731487
N1024_eta02,0.0001,4.0,1.0471285480508986e-10,20.26610617034084,20.317539921914932,20.11539612959026
N1024_eta02,0.0001,4.0,1.1220184543019632e-10,20.313089034381818,20.31662032490642,20.11456431551749
N1024_eta02,0.0001,4.0,1.2022644346174132e-10,20.329484914465965,20.29124916468142,20.089765636320394
N1024_eta02,0.0001,4.0,1.2882495516931322e-10,20.203108876583723,20.241579132245917,20.041147557876023
N1024_eta02,0.0001,4.0,1.3803842646028838e-10,20.162025757475604,20.167907821701775,19.96899791690461
N1024_eta02,0.0001,4.0,1.479108388168207e-10,20.113099818055286,20.070673399672998,19.87374078364068
N1024_eta02,0.0001,4.0,1.5848931924611142e-10,19.916711810522187,19.950448295771007,19.75593043043086
N1024_eta02,0.0001,4.0,1.6982436524617427e-10,19.804097573021497,19.807931083504133,19.616243564439277
N1024_eta02,0.0001,4.0,1.8197008586099827e-10,19.703586433699073,19.64393676128026,19.45547002419588
N1024_eta02,0.0001,4.0,1.9498445997580455e-10,19.359238136866757,19.45938568346214,19.27450217315095
N1024_eta02,0.0001,4.0,2.0892961308540407e-10,19.33675364329425,19.25529140586392,19.074323247649733
N1024_eta02,0.0001,4.0,2.2387211385683377e-10,19.00607642662557,19.032747741235656,18.855994931276896
N1024_eta02,0.0001,4.0,2.3988329190194897e-10,18.78181903492292,18.792915309644,18.62064443232618
N1024_eta02,0.0001,4.0,2.570395782768865e-10,18.553473537852685,18.5370078729205,18.369451336688748
N1024_eta02,0.0001,4.0,2.7542287033381637e-10,18.279128675417493,18.266278721697745,18.10363449560599
N1024_eta02,0.0001,4.0,2.951209226666384e-10,17.92265589550015,17.982007370553294,17.82443918770795
N1024_eta02,0.0001,4.0,3.1622776601683795e-10,17.75491448106848,17.685486777622604,17.53312476899097
N1024_eta02,0.0001,4.0,3.3884415613920275e-10,17.343385980499193,17.378011282727726,17.23095299443464
N1024_eta02,0.0001,4.0,3.6307805477010104e-10,17.051131919494193,17.060865420392638,16.91917716239443
N1024_eta02,0.0001,4.0,3.890451449942805e-10,16.786109314410147,16.73531372551069,16.599032199240575
N1024_eta02,0.0001,4.0,4.168693834703355e-10,16.338299914646573,16.402591616207914,16.27172576831386
N1024_eta02,0.0001,4.0,4.4668359215096254e-10,16.09674539742532,16.063897410079353,15.938430455307735
N1024_eta02,0.0001,4.0,4.78630092322638e-10,15.724936962967108,15.72038548652908,15.600277052613269
N1024_eta02,0.0001,4.0,5.128613839913648e-10,15.358174561248434,15.373160593203663,15.258348938685911
N1024_eta02,0.0001,4.0,5.495408738576249e-10,15.021981438939196,15.023273265428115,14.9136775255816
N1024_eta02,0.0001,4.0,5.888436553555885e-10,14.711277738787311,14.671716304385678,14.56723872871677
N1024_eta02,0.0001,4.0,6.30957344480193e-10,14.247268091001866,14.31942225027994,14.21995039768483
N1024_eta02,0.0001,4.0,6.760829753919819e-10,14.03013924084362,13.967261772866031,13.872670635506061
N1024_eta02,0.0001,4.0,7.244359600749892e-10,13.592169788273837,13.616042890943268,13.526196925760853
N1024_eta02,0.0001,4.0,7.762471166286911e-10,13.25668763075778,13.266510934567341,13.181265982330299
N1024_eta02,0.0001,4.0,8.31763771102671e-10,12.948239058953437,12.919349154454684,12.838554234553733
N1024_eta02,0.0001,4.0,8.91250938133746e-10,12.552342694352996,12.575179889286716,12.498678861087916
N1024_eta02,0.0001,4.0,9.54992586021435e-10,12.228229456043245,12.234566203687988,12.162199288190607
N1024_eta02,0.0001,4.0,1.0232929922807536e-09,11.920853453151295,11.898013910676683,11.829619072135436
N1024_eta02,0.0001,4.0,1.0964781961431852e-09,11.551453687343706,11.565973904355886,11.501388090606937
N1024_eta02,0.0001,4.0,1.1748975549395278e-09,11.230554826496345,11.238844728069752,11.177904973872725
N1024_eta02,0.0001,4.0,1.2589254117941663e-09,10.956914202902503,10.916975314696844,10.859519712975763
N1024_eta02,0.0001,4.0,1.3489628825916533e-09,10.543706831702321,10.600667842385894,10.546536388870784
N1024_eta02,0.0001,4.0,1.445439770745928e-09,10.331165284571176,10.290180654221437,10.23921597312768
N1024_eta02,0.0001,4.0,1.5488166189124799e-09,9.974557320641244,9.985731197969148,9.93777915736934
N1024_eta02,0.0001,4.0,1.6595869074375598e-09,9.67971651639392,9.687498950608834,9.642409174867831
N1024_eta02,0.0001,4.0,1.778279410038923e-09,9.40685531167966,9.395628294757048,9.353254583595454
N1024_eta02,0.0001,4.0,1.9054607179632444e-09,9.112960898883243,9.11023132320654,9.070431985450075
N1024_eta02,0.0001,4.0,2.0417379446695276e-09,8.807564407679319,8.831390550359774,8.794028661308893
N1024_eta02,0.0001,4.0,2.187761623949552e-09,8.585963754706205,8.559161515676317,8.524105105994412
N1024_eta02,0.0001,4.0,2.344228815319923e-09,8.281925602374983,8.293575267101435,8.260697451160153
N1024_eta02,0.0001,4.0,2.511886431509577e-09,8.026184823071368,8.034640716411051,8.003819767536996
N1024_eta02,0.0001,4.0,2.6915348039269142e-09,7.811594449896846,7.7823468616653715,7.753466240945408
N1024_eta02,0.0001,4.0,2.884031503126606e-09,7.5010857737304395,7.536664873683414,7.50961321900655
N1024_eta02,0.0001,4.0,3.0902954325135923e-09,7.31802784996998,7.297550046742684,7.272221127608992
N1024_eta02,0.0001,4.0,3.3113112148259078e-09,7.062954695373234,7.06494361421968,7.041236257946877
N1024_eta02,0.0001,4.0,3.5481338923357537e-09,6.833002231050147,6.838774432584563,6.816592426375701
N1024_eta02,0.0001,4.0,3.8018939632056126e-09,6.620661870585195,6.618960536981586,6.598212510472234
N1024_eta02,0.0001,4.0,4.073802778041122e-09,6.418171036843303,6.405410573640964,6.386009865570351
N1024_eta02,0.0001,4.0,4.365158322401657e-09,6.171846977059233,6.198025114241013,6.179889626709732
N1024_eta02,0.0001,4.0,4.6773514128719815e-09,6.0197268683257565,5.996697858092967,5.979749901410073
N1024_eta02,0.0001,4.0,5.0118723362727255e-09,5.793076386556278,5.801316728246623,5.785482858998815
N1024_eta02,0.0001,4.0,5.370317963702522e-09,5.605385943853772,5.6117648678913294,5.596975722401752
N1024_eta02,0.0001,4.0,5.754399373371567e-09,5.445973184533765,5.427921543096161,5.41411166837576
N1024_eta02,0.0001,4.0,6.165950018614823e-09,5.231090758984724,5.249662958434661,5.236770642142429
N1024_eta02,0.0001,4.0,6.606934480075952e-09,5.083707319550882,5.076862991318729,5.064830092288249
N1024_eta02,0.0001,4.0,7.0794578438413736e-09,4.912419983453324,4.909393851271901,4.898165631646588
N1024_eta02,0.0001,4.0,7.585775750291836e-09,4.742849986825436,4.747126669620719,4.736651629682921
N1024_eta02,0.0001,4.0,8.128305161640994e-09,4.5878618776124425,4.5899320252125655,4.580161741677978
N1024_eta02,0.0001,4.0,8.709635899560797e-09,4.451661405357043,4.437680411349321,4.428569379754563
N1024_eta02,0.0001,4.0,9.332543007969905e-09,4.268374917901292,4.290242648822698,4.281748130529313
N1024_eta02,0.0001,4.0,1e-08,4.164447819135085,4.147490249679225,4.139572123898412
N1024_eta02,0.0001,4.0,1.0715193052376048e-08,4.00404551710913,4.009295736107031,4.001916357190615
N1024_eta02,0.0001,4.0,1.1481536214968818e-08,3.8712712922531756,3.875532918416014,3.8686569786469294
N1024_eta02,0.0001,4.0,1.2302687708123811e-08,3.7559578680900407,3.7460771359283678,3.739671533916974
N1024_eta02,0.0001,4.0,1.3182567385564074e-08,3.6129955012300146,3.620805464260158,3.6148391789997736
N1024_eta02,0.0001,4.0,1.4125375446227526e-08,3.499104881158495,3.4995968922016645,3.494040862804307
N1024_eta02,0.0001,4.0,1.5135612484362072e-08,3.387333538423118,3.38233247122443,3.3771594822629747
N1024_eta02,0.0001,4.0,1.62181009735893e-08,3.2656977875178352,3.26889544028451,3.2640800127011387
N1024_eta02,0.0001,4.0,1.7378008287493763e-08,3.156266438918559,3.1591713285066136,3.1546896159479054
N1024_eta02,0.0001,4.0,1.8620871366628656e-08,3.0646883332633292,3.053048038005022,3.0488777284682906
N1024_eta02,0.0001,4.0,1.995262314968879e-08,2.934427309618438,2.9504159089713577,2.946536131604433
N1024_eta02,0.0001,4.0,2.1379620895022325e-08,2.862461866942726,2.851167768944867,2.847559005833811
N1024_eta02,0.0001,4.0,2.2908676527677703e-08,2.7522051584350002,2.755198968013539,2.7518429707849106
N1024_eta02,0.0001,4.0,2.4547089156850285e-08,2.659692811439407,2.662407401552377,2.6592871125953876
N1024_eta02,0.0001,4.0,2.6302679918953814e-08,2.577548154615127,2.5726935219182927,2.5697930000539166
N1024_eta02,0.0001,4.0,2.818382931264455e-08,2.483960599488477,2.4859603404395094,2.483264690833772
N1024_eta02,0.0001,4.0,3.0199517204020135e-08,2.398525735639365,2.4021134208726105,2.3996087290038655
N1024_eta02,0.0001,4.0,3.2359365692962815e-08,2.3262417263963595,2.3210608653922256,2.3187341348901604
N1024_eta02,0.0001,4.0,3.467368504525317e-08,2.240331267692412,2.2427132940990107,2.2405523882570124
N1024_eta02,0.0001,4.0,3.7153522909717206e-08,2.1644140179412124,2.166983818897548,2.164977405683168
N1024_eta02,0.0001,4.0,3.9810717055349696e-08,2.1023207833795605,2.0937880125408133,2.0919255129204837
N1024_eta02,0.0001,4.0,4.265795188015926e-08,2.012263942070414,2.0230438735392804,2.0213154129442694
N1024_eta02,0.0001,4.0,4.5708818961487524e-08,1.9616501700889308,1.9546717875688124,1.9530681503318668
N1024_eta02,0.0001,4.0,4.897788193684457e-08,1.887112408242175,1.888594485935486,1.8871070725403747
N1024_eta02,0.0001,4.0,5.248074602497723e-08,1.8230138086824357,1.8247370016130715,1.823357788594546
N1024_eta02,0.0001,4.0,5.623413251903491e-08,1.7651582578196883,1.7630266232917418,1.7617481256415821
N1024_eta02,0.0001,4.0,6.025595860743569e-08,1.7039911426137437,1.7033928478495435,1.7022080837801497
N1024_eta02,0.0001,4.0,6.456542290346549e-08,1.6415149423193105,1.6457673315939432,1.644669789526307
N1024_eta02,0.0001,4.0,6.918309709189362e-08,1.5945580132921353,1.5900838405946374,1.5890674482385616
N1024_eta02,0.0001,4.0,7.413102413009178e-08,1.5345387318948758,1.536278200384229,1.5353372957876064
N1024_eta02,0.0001,4.0,7.943282347242806e-08,1.482351530657463,1.4842882452756545,1.4834175497232942
N1024_eta02,0.0001,4.0,8.511380382023759e-08,1.4398909364592414,1.4340537675091738,1.433248360161534
N1024_eta02,0.0001,4.0,9.120108393559096e-08,1.3785768608603988,1.3855164664227568,1.3847717605869092
N1024_eta02,0.0001,4.0,9.772372209558092e-08,1.3427406498955707,1.338619897808759,1.3379316187425885
N1024_eta02,0.0001,4.0,1.0471285480508985e-07,1.2926950423440613,1.2933094236029588,1.2926735877573046
N1024_eta02,0.0001,4.0,1.122018454301963e-07,1.2484119541868863,1.249532162029863,1.2489450576396468
N1024_eta02,0.0001,4.0,1.202264434617413e-07,1.2080981113946794,1.2072369383123602,1.2066951072522667
N1024_eta02,0.0001,4.0,1.2882495516931324e-07,1.1677222084637677,1.1663742360379468,1.165874456862921
N1024_eta02,0.0001,4.0,1.380384264602884e-07,1.1231850971955493,1.1268961492585043,1.1264354213551313
N1024_eta02,0.0001,4.0,1.4791083881682074e-07,1.0922034553675715,1.0887563353918048,1.0883318641686488
N1024_eta02,0.0001,4.0,1.584893192461111e-07,1.0506774875990117,1.0519099689759832,1.0515191520286487
N1024_eta02,0.0001,4.0,1.6982436524617427e-07,1.0149552755558815,1.0163136963258093,1.015954110512525
N1024_eta02,0.0001,4.0,1.8197008586099827e-07,0.9858258580451016,0.9819255911236004,0.9815949804942614
N1024_eta02,0.0001,4.0,1.9498445997580458e-07,0.9442247030402307,0.9487051109753206,0.9484013754983511
N1024_eta02,0.0001,4.0,2.0892961308540366e-07,0.9191283846310296,0.9166130549525295,0.9163342399882415
N1024_eta02,0.0001,4.0,2.2387211385683377e-07,0.885350787222776,0.885611522135781,0.885355808608001
N1024_eta02,0.0001,4.0,2.39883291901949e-07,0.8549108424963769,0.8556638711701408,0.8554295663904292
N1024_eta02,0.0001,4.0,2.570395782768865e-07,0.8271709215546451,0.8267346808374563,0.8265202099399261
N1024_eta02,0.0001,4.0,2.7542287033381637e-07,0.7999090634261098,0.7987897116479471,0.798593609594201
N1024_eta02,0.0001,4.0,2.9512092266663846e-07,0.7691331894228899,0.7717958684476334,0.7716167725651344
N1024_eta02,0.0001,4.0,3.1622776601683797e-07,0.7481133609976316,0.7457211640373014,0.7455578070558504
N1024_eta02,0.0001,4.0,3.3884415613920205e-07,0.7196927101713886,0.7205346837944326,0.7203858873481838
N1024_eta02,0.0001,4.0,3.6307805477010105e-07,0.6952800977472564,0.6962065512880421,0.6960712198522779
N1024_eta02,0.0001,4.0,3.890451449942805e-07,0.6753860850267248,0.6727078948736624,0.67258501010792
N1024_eta02,0.0001,4.0,4.1686938347033557e-07,0.6468775591049685,0.6500108152548802,0.6498994307253758
N1024_eta02,0.0001,4.0,4.4668359215096253e-07,0.6299364832762278,0.6280883539955961,0.6279875902519437
N1024_eta02,0.0001,4.0,4.786300923226381e-07,0.6066360514059574,0.6069144629663165,0.606823502949135
N1024_eta02,0.0001,4.0,5.128613839913648e-07,0.5859326404847536,0.5864639747068576,0.5863820594642808
N1024_eta02,0.0001,4.0,5.495408738576237e-07,0.567235663998387,0.5667125736869169,0.5666389983794474
N1024_eta02,0.0001,4.0,5.888436553555884e-07,0.5479615364720841,0.5476367684452452,0.5475708786198189
N1024_eta02,0.0001,4.0,6.309573444801931e-07,0.5278631651316603,0.5292138645876794,0.5291550527031004
N1024_eta02,0.0001,4.0,6.760829753919819e-07,0.5127690589020495,0.5114219386242264,0.5113696408110299
N1024_eta02,0.0001,4.0,7.244359600749892e-07,0.4937101118636166,0.4942398126244626,0.49419350566375686
N1024_eta02,0.0001,4.0,7.762471166286911e-07,0.4770715857884774,0.47764702967105616,0.47760622817757936
N1024_eta02,0.0001,4.0,8.31763771102671e-07,0.46347083058750493,0.46162383009061164,0.46158808388640105
N1024_eta02,0.0001,4.0,8.912509381337442e-07,0.4437835780772989,0.4461511284412722,0.4461200201071644
N1024_eta02,0.0001,4.0,9.54992586021435e-07,0.4328408048296966,0.4312104912364581,0.4311836338295183
N1024_eta02,0.0001,4.0,1.0232929922807537e-06,0.4163471576087404,0.4167841153843179,0.4167611503100268
N1024_eta02,0.0001,4.0,1.0964781961431828e-06,0.40241312402814006,0.4028548073224718,0.4028354023513011
N1024_eta02,0.0001,4.0,1.1748975549395304e-06,0.3904051913935161,0.3894059628279347,0.3893898102465845
N1024_eta02,0.0001,4.0,1.2589254117941661e-06,0.37547530905973237,0.376421547482265,0.37640836237049086
N1024_eta02,0.0001,4.0,1.3489628825916506e-06,0.3641869271635868,0.36388607777219834,0.3638755963967689
N1024_eta02,0.0001,4.0,1.445439770745928e-06,0.3519725439601492,0.3517846028063527,0.3517765811242179
N1024_eta02,0.0001,4.0,1.5488166189124796e-06,0.3398111027715764,0.34010268662880233,0.3400968988920871
N1024_eta02,0.0001,4.0,1.6595869074375565e-06,0.3289047400084517,0.32882639111060513,0.32882262856654443
N1024_eta02,0.0001,4.0,1.7782794100389231e-06,0.3183536811976033,0.31794225940070703,0.31794032908007286
N1024_eta02,0.0001,4.0,1.9054607179632443e-06,0.30659896404883874,0.30743729991788626,0.3074370235058924
N1024_eta02,0.0001,4.0,2.0417379446695316e-06,0.29802095786334626,0.2972989708656947,0.29730018364977806
N1024_eta02,0.0001,4.0,2.187761623949552e-06,0.2872263423094579,0.2875151652526864,0.2875177151419177
N1024_eta02,0.0001,4.0,2.344228815319918e-06,0.2778458376825414,0.27807419640045783,0.27807794301168176
N1024_eta02,0.0001,4.0,2.5118864315095823e-06,0.26979665807397607,0.26896478392232176,0.26896959772846574
N1024_eta02,0.0001,4.0,2.6915348039269138e-06,0.2590485084693395,0.26017604015570256,0.2601818016919826
N1024_eta02,0.0001,4.0,2.8840315031266e-06,0.2525206975680854,0.25169745703158763,0.2517040561556231
N1024_eta02,0.0001,4.0,3.0902954325135923e-06,0.24324686187808084,0.24351889336461433,0.243526228566737
N1024_eta02,0.0001,4.0,3.311311214825908e-06,0.23539274985977943,0.23563056254762077,0.23563854030788742
N1024_eta02,0.0001,4.0,3.548133892335746e-06,0.22877952755047617,0.22802302063464802,0.22803155482332615
N1024_eta02,0.0001,4.0,3.801893963205613e-06,0.21972417003060715,0.2206871547966663,0.2206961661151428
N1024_eta02,0.0001,4.0,4.073802778041122e-06,0.21428117052830778,0.21361417213440848,0.21362358759369485
N1024_eta02,0.0001,4.0,4.365158322401666e-06,0.2065764660551944,0.2067955888329143,0.20680534126709227
N1024_eta02,0.0001,4.0,4.677351412871981e-06,0.2000872095519769,0.20022321964254075,0.20023324725467617
N1024_eta02,0.0001,4.0,5.011872336272715e-06,0.19431329517490886,0.19388916767134023,0.19389941360954513
N1024_eta02,0.0001,4.0,5.370317963702533e-06,0.18731138467660563,0.1877858144738741,0.18779622643534954
N1024_eta02,0.0001,4.0,5.754399373371567e-06,0.18218442853905795,0.1819058104216502,0.18191634028268755
N1024_eta02,0.0001,4.0,6.16595001861481e-06,0.17609129009912403,0.17624206534053066,0.17625266881057142
N1024_eta02,0.0001,4.0,6.606934480075964e-06,0.1710027164159639,0.17078773940060837,0.1707983756985865
N1024_eta02,0.0001,4.0,7.079457843841373e-06,0.1651352300345666,0.16553623424419697,0.1655468657955056
N1024_eta02,0.0001,4.0,7.585775750291821e-06,0.16089238342612006,0.16048118433777264,0.16049177649029367
N1024_eta02,0.0001,4.0,8.128305161640995e-06,0.1554570474110041,0.1556164485339109,0.15562696929164846
N1024_eta02,0.0001,4.0,8.709635899560797e-06,0.15078874238993317,0.15093610182950112,0.150946521602453
N1024_eta02,0.0001,4.0,9.332543007969886e-06,0.1468128824227305,0.14643442730682135,0.14644471867580164
N1024_eta02,0.0001,4.0,1e-05,0.14183850395366007,0.142105908244416,0.14211604573962405
N1024_eta02,0.0001,4.0,1.071519305237605e-05,0.1379909007006425,0.1379452203851432,0.13795518027734777
N1024_eta02,0.0001,4.0,1.1481536214968841e-05,0.13382531224542876,0.1339472243492901,0.13395698445256396
N1024_eta02,0.0001,4.0,1.230268770812381e-05,0.13050031444570825,0.13010695818129575,0.13011649766629918
N1024_eta02,0.0001,4.0,1.3182567385564049e-05,0.12607119491311322,0.1264196300193732,0.12642892923624247
N1024_eta02,0.0001,4.0,1.4125375446227553e-05,0.12293289410914356,0.12288061087825179,0.12288965118820482
N1024_eta02,0.0001,4.0,1.5135612484362071e-05,0.11938084285556555,0.11948542753633314,0.11949419115115094
N1024_eta02,0.0001,4.0,1.6218100973589265e-05,0.1164836054392499,0.1162297555198319,0.11623822534842201
N1024_eta02,0.0001,4.0,1.7378008287493764e-05,0.11313433562027146,0.11310941217796051,0.11311757167924733
N1024_eta02,0.0001,4.0,1.8620871366628657e-05,0.11002233626879274,0.11012034984492264,0.11012818288634924
N1024_eta02,0.0001,4.0,1.995262314968875e-05,0.10727967541631087,0.10725864908644493,0.10726613980740048
N1024_eta02,0.0001,4.0,2.1379620895022326e-05,0.10420182544025115,0.10452051203079207,0.10452764471030951
N1024_eta02,0.0001,4.0,2.29086765276777e-05,0.10207519277623851,0.10190225578669478,0.1019090147147849
N1024_eta02,0.0001,4.0,2.4547089156850235e-05,0.0993265948678345,0.09940030595336553,0.09940667530537334
N1024_eta02,0.0001,4.0,2.6302679918953814e-05,0.097033018849664,0.09701119023079366,0.09701715394417473
N1024_eta02,0.0001,4.0,2.8183829312644495e-05,0.09495310240571458,0.09473153214175302,0.09473707379467652
N1024_eta02,0.0001,4.0,3.0199517204020195e-05,0.09249243911756852,0.09255804488041695,0.09256314757159989
N1024_eta02,0.0001,4.0,3.235936569296281e-05,0.09052206390360044,0.09048752530609608,0.09049217153526973
N1024_eta02,0.0001,4.0,3.467368504525309e-05,0.08869325737059773,0.08851684810433344,0.0885210196527278
N1024_eta02,0.0001,4.0,3.715352290971728e-05,0.08659496603714253,0.08664296014133582,0.08664663795154598
N1024_eta02,0.0001,4.0,3.9810717055349695e-05,0.08468242573497686,0.08486287504138117,0.08486603909594949
N1024_eta02,0.0001,4.0,4.265795188015917e-05,0.08316860954438185,0.0831736680203083,0.08317629721831502
N1024_eta02,0.0001,4.0,4.570881896148752e-05,0.08167300121441287,0.08157247101133236,0.08157454304223898
N1024_eta02,0.0001,4.0,4.897788193684457e-05,0.08012710848952885,0.08005646812207959,0.0800579593360097
N1024_eta02,0.0001,4.0,5.2480746024977124e-05,0.07858258691171033,0.0786228914637419,0.07862377673731441
N1024_eta02,0.0001,4.0,5.623413251903491e-05,0.07711595510865442,0.07726901739444679,0.07726926999119914
N1024_eta02,0.0001,4.0,6.025595860743569e-05,0.0759470264651688,0.07599216321914377,0.07599175464349468
N1024_eta02,0.0001,4.0,6.456542290346563e-05,0.07475562716627854,0.07478968438737513,0.07478858423098259
N1024_eta02,0.0001,4.0,6.918309709189364e-05,0.07363668075862752,0.07365897222808317,0.07365714800735132
N1024_eta02,0.0001,4.0,7.413102413009161e-05,0.07261081104044051,0.0725974522569894,0.07259486924037292
N1024_eta02,0.0001,4.0,7.943282347242822e-05,0.07158438197873213,0.07160258308701084,0.07159920411065711
N1024_eta02,0.0001,4.0,8.51138038202376e-05,0.07064267487058747,0.07067185596562378,0.07066764123578376
N1024_eta02,0.0001,4.0,9.120108393559079e-05,0.06977200678851898,0.06980279495510196,0.0697977018356348
N1024_eta02,0.0001,4.0,9.772372209558111e-05,0.06890972869159866,0.06899295776226692,0.06898694054545905
N1024_eta02,0.0001,4.0,0.00010471285480508985,0.06822429216045078,0.06823993721397602,0.06823294687279893
N1024_eta02,0.0001,4.0,0.00011220184543019607,0.06758699376910376,0.06754136336332472,0.06753334728316399
N1024_eta02,0.0001,4.0,0.00012022644346174132,0.06693795425517732,0.06689490619978883,0.06688580788759393
N1024_eta02,0.0001,4.0,0.00012882495516931323,0.06627947610159088,0.06629827892468834,0.0662880376934155
N1024_eta02,0.0001,4.0,0.0001380384264602881,0.06572417100691079,0.06574924174187223,0.06573779236801956
N1024_eta02,0.0001,4.0,0.00014791083881682073,0.06527952849677338,0.06524560610288262,0.06523287845484659
N1024_eta02,0.0001,4.0,0.0001584893192461111,0.06476869813030757,0.06478523933653656,0.06477115797144439
N1024_eta02,0.0001,4.0,0.0001698243652461746,0.06438511202617998,0.06436606958532784,0.06435055331191797
N1024_eta02,0.0001,4.0,0.00018197008586099826,0.06397782676307474,0.06398609096570304,0.0639690523707267
N1024_eta02,0.0001,4.0,0.00019498445997580418,0.06364846380056799,0.06364336886643121,0.063624713801927
N1024_eta02,0.0001,4.0,0.00020892961308540412,0.06332721091031729,0.0633360452992035,0.06331567232783968
N1024_eta02,0.0001,4.0,0.00022387211385683378,0.06308554989979548,0.06306234421836784,0.06304014401385233
N1024_eta02,0.0001,4.0,0.0002398832919019485,0.0627928723547346,0.0628205767323265,0.06279643143163459
N1024_eta02,0.0001,4.0,0.0002570395782768865,0.06261170896856005,0.06260914613745423,0.0625829286413169
N1024_eta02,0.0001,4.0,0.00027542287033381635,0.06244085980404431,0.06242655271618631,0.062398125933903405
N1024_eta02,0.0001,4.0,0.0002951209226666378,0.062268340542864745,0.062271398253822836,0.06224061428801165
N1024_eta02,0.0001,4.0,0.000316227766016838,0.06213400993763277,0.0621423902431745,0.06210908950952425
N1024_eta02,0.0001,4.0,0.0003388441561392021,0.06203616945613176,0.06203834576195658,0.06200235603842683
N1024_eta02,0.0001,4.0,0.0003630780547701003,0.06196488911051453,0.06195819502433649,0.061919330423506856
N1024_eta02,0.0001,4.0,0.0003890451449942805,0.061912506399880364,0.06190098462477879,0.061859044482218344
N1024_eta02,0.0001,4.0,0.0004168693834703347,0.06187816304545826,0.06186588050888596,0.061820648179457184
N1024_eta02,0.0001,4.0,0.0004466835921509635,0.061863763970842436,0.061852170721947985,0.061803412274880884
N1024_eta02,0.0001,4.0,0.00047863009232263805,0.06187017811586196,0.06185926800112847,0.06180673080348437
N1024_eta02,0.0001,4.0,0.0005128613839913639,0.061896664936884276,0.06188671229147868,0.061830123468256434
N1024_eta02,0.0001,4.0,0.0005495408738576249,0.061941662776200376,0.06193417327924829,0.06187323803684648
N1024_eta02,0.0001,4.0,0.0005888436553555884,0.06200434272205368,0.06200145304833719,0.061935852846355846
N1024_eta02,0.0001,4.0,0.0006309573444801918,0.062086384169913675,0.06208848897741045,0.062017879531825096
N1024_eta02,0.0001,4.0,0.000676082975391982,0.06219160433628231,0.06219535700649767,0.06211936610503142
N1024_eta02,0.0001,4.0,0.0007244359600749892,0.062322606498459755,0.06232227541323958,0.06224050052125795
N1024_eta02,0.0001,4.0,0.0007762471166286897,0.06247579665331987,0.06246960925086158,0.062381614883267496
N1024_eta02,0.0001,4.0,0.000831763771102671,0.06263902582227697,0.0626378756130693,0.06254319044442608
N1024_eta02,0.0001,4.0,0.000891250938133744,0.06281798081704931,0.06282774990610504,0.06272586358749271
N1024_eta02,0.0001,4.0,0.000954992586021437,0.06304012124270272,0.06304007332601395,0.06293043297284738
N1024_eta02,0.0001,4.0,0.0010232929922807535,0.0632813423428469,0.06327586176070003,0.06315786807081136
N1024_eta02,0.0001,4.0,0.001096478196143183,0.0635339533359393,0.0635363163627233,0.06340931931832122
N1024_eta02,0.0001,4.0,0.0011748975549395304,0.06382557618465626,0.0638228360712835,0.0636861301718178
N1024_eta02,0.0001,4.0,0.0012589254117941662,0.06413744185270193,0.06413703240199911,0.06398985136732341
N1024_eta02,0.0001,4.0,0.0013489628825916506,0.06447416018223162,0.06448074687275851,0.06432225774711518
N1024_eta02,0.0001,4.0,0.0014454397707459282,0.06486154805679314,0.06485607149533523,0.06468536807237261
N1024_eta02,0.0001,4.0,0.0015488166189124796,0.06526332734330068,0.06526537283839907,0.06508146831541872
N1024_eta02,0.0001,4.0,0.0016595869074375565,0.06571563909509491,0.06571132026146247,0.06551313901709642
N1024_eta02,0.0001,4.0,0.001778279410038923,0.06619016259656715,0.06619691903552899,0.06598328740872324
N1024_eta02,0.0001,4.0,0.0019054607179632445,0.06672948099297105,0.06672554921028062,0.06649518513942115
N1024_eta02,0.0001,4.0,0.0020417379446695232,0.06729967999999699,0.06730101126660645,0.06705251262542608
N1024_eta02,0.0001,4.0,0.002187761623949552,0.06793154047620961,0.06792757981622392,0.06765941125726609
N1024_eta02,0.0001,4.0,0.002344228815319918,0.06860301209758796,0.06861006688884581,0.06832054497518575
N1024_eta02,0.0001,4.0,0.002511886431509582,0.0693587482822489,0.06935389669712681,0.06904117306816861
N1024_eta02,0.0001,4.0,0.0026915348039269144,0.07016369321049211,0.07016519421057954,0.06982723648746587
N1024_eta02,0.0001,4.0,0.0028840315031266,0.07105322367300249,0.07105089042828616,0.07068546051823092
N1024_eta02,0.0001,4.0,0.003090295432513592,0.07201562852750445,0.07201884795170542,0.07162347735800928
N1024_eta02,0.0001,4.0,0.003311311214825908,0.07307905614824063,0.07307801137017435,0.07264997305576655
N1024_eta02,0.0001,4.0,0.003548133892335746,0.07424177110937598,0.07423858814599281,0.07377486443367487
N1024_eta02,0.0001,4.0,0.0038018939632056127,0.075505230308792,0.07551226720882957,0.07500951313275275
N1024_eta02,0.0001,4.0,0.0040738027780411225,0.07691710093958838,0.07691248445735213,0.07636698591143387
N1024_eta02,0.0001,4.0,0.004365158322401648,0.07845499875669293,0.07845474697999857,0.07786237294718291
N1024_eta02,0.0001,4.0,0.004677351412871981,0.08015308299707596,0.08015703126920633,0.07951317937363836
N1024_eta02,0.0001,4.0,0.005011872336272715,0.08204473605251693,0.08204027532524386,0.08133980995005921
N1024_eta02,0.0001,4.0,0.005370317963702533,0.08412774278395832,0.08412899076562895,0.08336617306057986
N1024_eta02,0.0001,4.0,0.005754399373371567,0.08645120104052904,0.08645202949792817,0.08562043882848144
N1024_eta02,0.0001,4.0,0.006165950018614809,0.08904648060340568,0.08904355107356476,0.08813599794597057
N1024_eta02,0.0001,4.0,0.006606934480075964,0.0919426166357576,0.09194425281715249,0.09095268423700288
N1024_eta02,0.0001,4.0,0.007079457843841374,0.09520363306643903,0.09520294712161367,0.09411834701911871
N1024_eta02,0.0001,4.0,0.007585775750291821,0.09888071129096161,0.09887860172550583,0.09769089204121473
N1024_eta02,0.0001,4.0,0.008128305161640995,0.10304122298397946,0.10304300354287882,0.10174095672644838
N1024_eta02,0.0001,4.0,0.008709635899560796,0.10778511515932564,0.10778427102271479,0.10635545363954943
N1024_eta02,0.0001,4.0,0.009332543007969887,0.11321426866337611,0.11321153368864617,0.1116423163382063
N1024_eta02,0.0001,4.0,0.01,0.11945923207403952,0.11946123516881611,0.11773693095010954
N2048_eta02,0.0001,0.0,1.0000000000000002e-14,0.022630800486164296,0.022632333709428895,0.022630945286013084
N2048_eta02,0.0001,0.0,1.0715193052376049e-14,0.023427740957503364,0.023427681192018705,0.02342624520093506
N2048_eta02,0.0001,0.0,1.148153621496884e-14,0.024252044093113507,0.02425099006534011,0.024249493619462676
N2048_eta02,0.0001,0.0,1.2302687708123812e-14,0.025102984743568826,0.02510324726227898,0.025101672706174236
N2048_eta02,0.0001,0.0,1.3182567385564046e-14,0.02598507367174327,0.025985434531660398,0.02598379914034144
N2048_eta02,0.0001,0.0,1.4125375446227557e-14,0.02689848093162816,0.026898624208075792,0.02689692532877416
N2048_eta02,0.0001,0.0,1.5135612484362073e-14,0.027844993083773556,0.027843912278397505,0.027842140661278863
N2048_eta02,0.0001,0.0,1.6218100973589332e-14,0.02882250351495396,0.028822422366418007,0.02882057281022786
N2048_eta02,0.0001,0.0,1.7378008287493765e-14,0.029833382942619623,0.029835327169925097,0.029833389075787205
N2048_eta02,0.0001,0.0,1.8620871366628658e-14,0.03088505166074449,0.030883809437597543,0.030881797778408222
N2048_eta02,0.0001,0.0,1.9952623149688828e-14,0.03197032654842898,0.03196915414761472,0.031967049700241154
N2048_eta02,0.0001,0.0,2.1379620895022327e-14,0.03309017254394775,0.033092649513711395,0.03309043957718915
N2048_eta02,0.0001,0.0,2.29086765276777e-14,0.03425593045482909,0.03425560557131743,0.03425330764338135
N2048_eta02,0.0001,0.0,2.4547089156850338e-14,0.03546114038312033,0.03545944862845927,0.035457041229904354
N2048_eta02,0.0001,0.0,2.6302679918953815e-14,0.036704671337806624,0.03670557879399451,0.036703076419697535
N2048_eta02,0.0001,0.0,2.8183829312644495e-14,0.03799502880042731,0.03799552342223728,0.03799289976058432
N2048_eta02,0.0001,0.0,3.019951720402019e-14,0.03933112162160148,0.03933078457569572,0.039328050038479265
N2048_eta02,0.0001,0.0,3.2359365692962816e-14,0.0407142646968251,0.0407129802226935,0.04071012011288311
N2048_eta02,0.0001,0.0,3.46736850452531e-14,0.042143610878386466,0.04214375419283885,0.042140758816853294
N2048_eta02,0.0001,0.0,3.715352290971728e-14,0.043622429210719266,0.043624806224529133,0.043621672923710636
N2048_eta02,0.0001,0.0,3.9810717055349693e-14,0.045159886577484404,0.04515790227730062,0.04515462918282488
N2048_eta02,0.0001,0.0,4.2657951880159345e-14,0.04674626632468788,0.04674488120361249,0.04674145642690361
N2048_eta02,0.0001,0.0,4.570881896148752e-14,0.048383823617164354,0.048387634824332726,0.04838404775329112
N2048_eta02,0.0001,0.0,4.897788193684456e-14,0.050088971088263934,0.050088124238799284,0.05008436278187544
N2048_eta02,0.0001,0.0,5.248074602497734e-14,0.05185092512393659,0.051848369317118434,0.051844429992288624
N2048_eta02,0.0001,0.0,5.623413251903491e-14,0.053668392750526914,0.05367047025440434,0.05366634914318185
N2048_eta02,0.0001,0.0,6.025595860743569e-14,0.05555603201364453,0.055556612797368427,0.055552293776453626
N2048_eta02,0.0001,0.0,6.456542290346563e-14,0.057510256846308325,0.05750904065461319,0.05750451380940811
N2048_eta02,0.0001,0.0,6.918309709189363e-14,0.05953139111860918,0.059530088618203275,0.05952533821792578
N2048_eta02,0.0001,0.0,7.413102413009162e-14,0.06162164531791274,0.061622161032941214,0.061617177813837756
N2048_eta02,0.0001,0.0,7.943282347242822e-14,0.06378508595067407,0.06378774794774571,0.06378252811980191
N2048_eta02,0.0001,0.0,8.51138038202376e-14,0.06603246399290472,0.06602945317662484,0.06602397234509694
N2048_eta02,0.0001,0.0,9.120108393559116e-14,0.06835143885647285,0.06834993945694051,0.06834418446587129
N2048_eta02,0.0001,0.0,9.772372209558112e-14,0.0707463657864426,0.07075197033982611,0.07074593241349983
N2048_eta02,0.0001,0.0,1.0471285480508985e-13,0.07324021130844591,0.0732384260824828,0.07323208137483653
N2048_eta02,0.0001,0.0,1.1220184543019654e-13,0.07581592615980239,0.07581226113533111,0.07580559720827679
N2048_eta02,0.0001,0.0,1.2022644346174131e-13,0.0784724998796992,0.07847655424704653,0.0784695499796805
N2048_eta02,0.0001,0.0,1.2882495516931323e-13,0.08123396230821707,0.08123447607519936,0.08122711762235044
N2048_eta02,0.0001,0.0,1.3803842646028868e-13,0.08409200491730756,0.08408932783142044,0.08408158972539903
N2048_eta02,0.0001,0.0,1.4791083881682072e-13,0.08704539364019367,0.08704451059714685,0.08703637145499338
N2048_eta02,0.0001,0.0,1.584893192461111e-13,0.0901024810246335,0.0901035480075943,0.09009498761312007
N2048_eta02,0.0001,0.0,1.698243652461746e-13,0.09326751933228504,0.09327009533229746,0.09326108683866993
N2048_eta02,0.0001,0.0,1.8197008586099824e-13,0.09655226304671549,0.09654793162064698,0.09653844595581108
N2048_eta02,0.0001,0.0,1.9498445997580416e-13,0.09994236796489962,0.09994096131710985,0.09993097447479049
N2048_eta02,0.0001,0.0,2.0892961308540411e-13,0.10344536210809836,0.10345323960495549,0.1034427192504748
N2048_eta02,0.0001,0.0,2.2387211385683378e-13,0.10709232016561833,0.1070889572400205,0.10707786930412921
N2048_eta02,0.0001,0.0,2.3988329190194847e-13,0.11085744754661062,0.11085244501966646,0.11084076081412138
N2048_eta02,0.0001,0.0,2.570395782768865e-13,0.11474098815376496,0.11474819834931707,0.114735882281425
N2048_eta02,0.0001,0.0,2.7542287033381635e-13,0.11878076977764782,0.11878086898238516,0.11876787987600448
N2048_eta02,0.0001,0.0,2.95120922666639e-13,0.12296021061141718,0.12295526795580891,0.12294156297037037
N2048_eta02,0.0001,0.0,3.1622776601683797e-13,0.12727596696611082,0.12727636811515133,0.12726190986679647
N2048_eta02,0.0001,0.0,3.3884415613920205e-13,0.13174753823475932,0.13174933626475713,0.13173407372492704
N2048_eta02,0.0001,0.0,3.630780547701018e-13,0.13637774306800982,0.13637950425784626,0.13636338869671366
N2048_eta02,0.0001,0.0,3.890451449942805e-13,0.14117825838013198,0.1411723972679267,0.14115537627586222
N2048_eta02,0.0001,0.0,4.168693834703347e-13,0.14613468477946887,0.14613373217873132,0.14611575186921358
N2048_eta02,0.0001,0.0,4.466835921509635e-13,0.1512588899811315,0.15126943364499104,0.15125043159772134
N2048_eta02,0.0001,0.0,4.786300923226381e-13,0.1565914935267719,0.1565856234748221,0.1565655393349511
N2048_eta02,0.0001,0.0,5.128613839913659e-13,0.16209513476642495,0.1620886486720606,0.16206741399129038
N2048_eta02,0.0001,0.0,5.495408738576248e-13,0.16777307537476252,0.16778507794578834,0.16776261705231738
N2048_eta02,0.0001,0.0,5.888436553555884e-13,0.17368269809675657,0.17368170271334696,0.17365794038007099
N2048_eta02,0.0001,0.0,6.309573444801943e-13,0.1797938231755268,0.17978556029929582,0.17976041428623274
N2048_eta02,0.0001,0.0,6.760829753919819e-13,0.18610069570922816,0.18610393097604755,0.18607731588653478
N2048_eta02,0.0001,0.0,7.244359600749892e-13,0.1926417197199683,0.19264435848704534,0.19261617774600953
N2048_eta02,0.0001,0.0,7.762471166286928e-13,0.1994149638608156,0.19941464260964117,0.19938479682499485
N2048_eta02,0.0001,0.0,8.317637711026709e-13,0.20643018448963169,0.20642286192723833,0.20639124373613318
N2048_eta02,0.0001,0.0,8.912509381337441e-13,0.21367731013720098,0.21367737689966715,0.21364387232292895
N2048_eta02,0.0001,0.0,9.54992586021437e-13,0.22117352468738133,0.22118684273971367,0.22115132957074468
N2048_eta02,0.0001,0.0,1.0232929922807536e-12,0.22896985955141758,0.2289602144336543,0.2289225658614713
N2048_eta02,0.0001,0.0,1.0964781961431851e-12,0.2370146983500589,0.23700677028764852,0.2369668455834453
N2048_eta02,0.0001,0.0,1.1748975549395302e-12,0.24531716721802935,0.24533610738096237,0.24529375810853196
N2048_eta02,0.0001,0.0,1.258925411794166e-12,0.2539614682749875,0.25395816054679754,0.25391322914866366
N2048_eta02,0.0001,0.0,1.3489628825916534e-12,0.2628960977662703,0.2628832151855345,0.26283553250447744
N2048_eta02,0.0001,0.0,1.445439770745928e-12,0.2721132569699073,0.27212191764522464,0.272071302219066
N2048_eta02,0.0001,0.0,1.5488166189124795e-12,0.28168191145232385,0.2816852850182628,0.2816315451502358
N2048_eta02,0.0001,0.0,1.6595869074375598e-12,0.29158916560836645,0.29158472646280914,0.29152765397504066
N2048_eta02,0.0001,0.0,1.7782794100389228e-12,0.30184013160616274,0.30183204435268196,0.3017714206407372
N2048_eta02,0.0001,0.0,1.9054607179632443e-12,0.31243757095601643,0.3124394599957487,0.31237505027669954
N2048_eta02,0.0001,0.0,2.041737944669532e-12,0.3234040443838544,0.3234196223872775,0.32335117558221466
N2048_eta02,0.0001,0.0,2.1877616239495518e-12,0.33480063749075717,0.3347856258268034,0.3347128717054517
N2048_eta02,0.0001,0.0,2.344228815319923e-12,0.3465599958574783,0.3465510204067504,0.34647367162930687
N2048_eta02,0.0001,0.0,2.5118864315095823e-12,0.3587013407184889,0.3587298319353232,0.3586475820801755
N2048_eta02,0.0001,0.0,2.6915348039269142e-12,0.37134423364885527,0.3713365790282651,0.3712490999761026
N2048_eta02,0.0001,0.0,2.884031503126606e-12,0.3844052630751231,0.38438628918733403,0.3842932294311147
N2048_eta02,0.0001,0.0,3.090295432513592e-12,0.3978763338713731,0.3978945159216668,0.3977954993328959
N2048_eta02,0.0001,0.0,3.311311214825908e-12,0.411873833009182,0.4118773549452582,0.4117719815113225
N2048_eta02,0.0001,0.0,3.548133892335753e-12,0.42636309719221493,0.42635146857961664,0.4262393095156842
N2048_eta02,0.0001,0.0,3.8018939632056125e-12,0.44134102568804057,0.4413341011634159,0.44121469801874047
N2048_eta02,0.0001,0.0,4.073802778041122e-12,0.4568383584738459,0.4568431030935609,0.4567159628660394
N2048_eta02,0.0001,0.0,4.365158322401657e-12,0.47288077271456275,0.47289694169447727,0.47276154178918645
N2048_eta02,0.0001,0.0,4.677351412871982e-12,0.48953685660223456,0.4895147378425832,0.48937051580195756
N2048_eta02,0.0001,0.0,5.011872336272715e-12,0.5067253278922117,0.5067162757305839,0.5065626312983597
N2048_eta02,0.0001,0.0,5.370317963702533e-12,0.5244811488115558,0.5245220316146553,0.5243583228718611
N2048_eta02,0.0001,0.0,5.754399373371567e-12,0.5429684093416,0.5429531970782095,0.5427787368750896
N2048_eta02,0.0001,0.0,6.165950018614822e-12,0.5620582266271985,0.5620317020873739,0.5618457557393568
N2048_eta02,0.0001,0.0,6.6069344800759645e-12,0.5817463995353849,0.5817802422464915,0.5815820230732665
N2048_eta02,0.0001,0.0,7.079457843841373e-12,0.602220157774521,0.6022223020618251,0.6020109695595867
N2048_eta02,0.0001,0.0,7.585775750291836e-12,0.6234053875679101,0.6233821857994529,0.6231568396693155
N2048_eta02,0.0001,0.0,8.128305161640996e-12,0.6452866714675692,0.6452850423880727,0.6450447192115548
N2048_eta02,0.0001,0.0,8.709635899560797e-12,0.6679481580886283,0.6679568941519914,0.667700563737374
N2048_eta02,0.0001,0.0,9.332543007969906e-12,0.691411540481026,0.6914246675425982,0.6911512278152552
N2048_eta02,0.0001,0.0,1e-11,0.7157468455065985,0.7157162243059905,0.7154244951949923
N2048_eta02,0.0001,0.0,1.0715193052376049e-11,0.7408676690260063,0.7408603898583864,0.7405491098760273
N2048_eta02,0.0001,0.0,1.1481536214968842e-11,0.7668312549821985,0.7668869908247078,0.7665548080950986
N2048_eta02,0.0001,0.0,1.2302687708123813e-11,0.7938544143972308,0.793826882152258,0.7934723512467872
N2048_eta02,0.0001,0.0,1.3182567385564075e-11,0.8217471298795085,0.8217119857466746,0.8213335597490045
N2048_eta02,0.0001,0.0,1.4125375446227556e-11,0.8505171117294492,0.8505753240914162,0.8501713478636103
N2048_eta02,0.0001,0.0,1.5135612484362072e-11,0.8804534995527578,0.8804510579103701,0.8800197594802859
N2048_eta02,0.0001,0.0,1.6218100973589298e-11,0.9114152053782109,0.9113745223313798,0.910914004869267
N2048_eta02,0.0001,0.0,1.7378008287493765e-11,0.9433707706873982,0.9433822635506957,0.9428904984057311
N2048_eta02,0.0001,0.0,1.8620871366628657e-11,0.9764984695842305,0.976512082570315,0.9759868972653511
N2048_eta02,0.0001,0.0,1.995262314968879e-11,1.010799743634374,1.0108030715211007,1.0102421410868034
N2048_eta02,0.0001,0.0,2.1379620895022327e-11,1.0463347171860398,1.0462956554845397,1.0456964925927141
N2048_eta02,0.0001,0.0,2.2908676527677702e-11,1.0830340719413702,1.0830316377313385,1.0823915791557124
N2048_eta02,0.0001,0.0,2.4547089156850283e-11,1.1209828322637414,1.1210542391611353,1.1203704352907253
N2048_eta02,0.0001,0.0,2.6302679918953818e-11,1.16045455348986,1.160408145442748,1.1596775460484015
N2048_eta02,0.0001,0.0,2.8183829312644493e-11,1.2011833058929133,1.201139550402883,1.2003588912775487
N2048_eta02,0.0001,0.0,3.019951720402019e-11,1.2432020890222089,1.2432962034999444,1.2424619907164807
N2048_eta02,0.0001,0.0,3.235936569296281e-11,1.2869405048850284,1.286927456171609,1.2860359498642642
N2048_eta02,0.0001,0.0,3.467368504525317e-11,1.3321498865688213,1.332084307558918,1.3311315065728517
N2048_eta02,0.0001,0.0,3.715352290971728e-11,1.3787811776317462,1.3788194573359627,1.3778010782897394
N2048_eta02,0.0001,0.0,3.9810717055349695e-11,1.4271690329429627,1.4271873505719301,1.4260988098683218
N2048_eta02,0.0001,0.0,4.2657951880159254e-11,1.4772621460976119,1.477244229191472,1.47608062184892
N2048_eta02,0.0001,0.0,4.570881896148752e-11,1.5290919370272045,1.529048182050392,1.5278042590977539
N2048_eta02,0.0001,0.0,4.897788193684457e-11,1.5826522008737745,1.5826591958558707,1.5813293396736068
N2048_eta02,0.0001,0.0,5.2480746024977236e-11,1.6380553338619652,1.6381392039189515,1.6367174037723442
N2048_eta02,0.0001,0.0,5.6234132519034906e-11,1.6956254690432726,1.6955521386379047,1.6940319625776457
N2048_eta02,0.0001,0.0,6.025595860743569e-11,1.755014105901144,1.7549639800734087,1.7533385468222207
N2048_eta02,0.0001,0.0,6.456542290346562e-11,1.816299025109577,1.8164428085007476,1.814704754836776
N2048_eta02,0.0001,0.0,6.918309709189364e-11,1.8800928974314295,1.8800588513186258,1.8782002998342981
N2048_eta02,0.0001,0.0,7.413102413009162e-11,1.945983346688572,1.9458845322157954,1.943897056144167
N2048_eta02,0.0001,0.0,7.943282347242822e-11,2.013907166583116,2.0139945197244122,2.011869104073995
N2048_eta02,0.0001,0.0,8.511380382023759e-11,2.08444559801791,2.0844657704172183,2.082192773036754
N2048_eta02,0.0001,0.0,9.120108393559097e-11,2.157434765364695,2.1573775744611337,2.1549466825361
N2048_eta02,0.0001,0.0,9.772372209558111e-11,2.2328484857686934,2.2328115964283497,2.2302117805534194
N2048_eta02,0.0001,0.0,1.0471285480508986e-10,2.3108294227885118,2.3108519128675056,2.30807137882607
N2048_eta02,0.0001,0.0,1.1220184543019632e-10,2.391500148044895,2.3915850473647753,2.3886111844463436
N2048_eta02,0.0001,0.0,1.2022644346174132e-10,2.475208020373569,2.475100001114853,2.471919327145084
N2048_eta02,0.0001,0.0,1.2882495516931322e-10,2.5615384918691597,2.5614882788680298,2.558086381551836
N2048_eta02,0.0001,0.0,1.3803842646028838e-10,2.6506371347919826,2.650843908743186,2.647205383644265
N2048_eta02,0.0001,0.0,1.479108388168207e-10,2.7433350066658484,2.7432634555979356,2.739371840513096
N2048_eta02,0.0001,0.0,1.5848931924611142e-10,2.8389855258547625,2.8388460276460403,2.8346837324742085
N2048_eta02,0.0001,0.0,1.6982436524617427e-10,2.937523081073879,2.9376932736335135,2.9332415064563166
N2048_eta02,0.0001,0.0,1.8197008586099827e-10,3.0398958414226835,3.0399093709940668,3.0351480594801634
N2048_eta02,0.0001,0.0,1.9498445997580455e-10,3.145723808854906,3.1456010021306415,3.140508710922938
N2048_eta02,0.0001,0.0,2.0892961308540407e-10,3.254880898164203,3.2548773191915448,3.2494311621289707
N2048_eta02,0.0001,0.0,2.2387211385683377e-10,3.367805372470383,3.367849894538,3.3620254417841338
N2048_eta02,0.0001,0.0,2.3988329190194897e-10,3.484573277731919,3.4846326544486756,3.478403835316375
N2048_eta02,0.0001,0.0,2.570395782768865e-10,3.6054868057043397,3.6053417963090686,3.5986807964177476
N2048_eta02,0.0001,0.0,2.7542287033381637e-10,3.730133126808921,3.730095685541801,3.722972838604106
N2048_eta02,0.0001,0.0,2.951209226666384e-10,3.85873937314902,3.859014730006157,3.851398404536821
N2048_eta02,0.0001,0.0,3.1622776601683795e-10,3.9923537208488273,3.9922212299248376,3.984077710626208
N2048_eta02,0.0001,0.0,3.3884415613920275e-10,4.130021623525291,4.1298392012190055,4.121132564219512
N2048_eta02,0.0001,0.0,3.6307805477010104e-10,4.271695180391604,4.271994167363529,4.262686150446812
N2048_eta02,0.0001,0.0,3.890451449942805e-10,4.4188250250982755,4.4188129175533,4.408862785557245
N2048_eta02,0.0001,0.0,4.168693834703355e-10,4.570646181913853,4.5704232295335405,4.55978763332629
N2048_eta02,0.0001,0.0,4.4668359215096254e-10,4.726871777754046,4.726953549184933,4.715586380854251
N2048_eta02,0.0001,0.0,4.78630092322638e-10,4.88846247588574,4.888532627339183,4.8763848698077945
N2048_eta02,0.0001,0.0,5.128613839913648e-10,5.055306877198859,5.055289106112402,5.042308678884049
N2048_eta02,0.0001,0.0,5.495408738576249e-10,5.227517652278698,5.22735105176844,5.213482653003094
N2048_eta02,0.0001,0.0,5.888436553555885e-10,5.404847989372701,5.4048454290870325,5.3900303744640965
N2048_eta02,0.0001,0.0,6.30957344480193e-10,5.587572087255062,5.587897511699396,5.572073571038471
N2048_eta02,0.0001,0.0,6.760829753919819e-10,5.776850334335021,5.776630222729521,5.7597314557267385
N2048_eta02,0.0001,0.0,7.244359600749892e-10,5.971376939614199,5.971163401221338,5.953119992682032
N2048_eta02,0.0001,0.0,7.762471166286911e-10,6.1711349915989375,6.171612986650842,6.15235108361253
N2048_eta02,0.0001,0.0,8.31763771102671e-10,6.378163521603203,6.378090116758526,6.3575316688280425
N2048_eta02,0.0001,0.0,8.91250938133746e-10,6.591059348228945,6.590700132459509,6.568762737007006
N2048_eta02,0.0001,0.0,9.54992586021435e-10,6.80928494355467,6.809541482687944,6.786138237743607
N2048_eta02,0.0001,0.0,1.0232929922807536e-09,7.034616422221327,7.034704523899839,7.009743891009731
N2048_eta02,0.0001,0.0,1.0964781961431852e-09,7.266451839175122,7.26627020734048,7.2396558878523845
N2048_eta02,0.0001,0.0,1.1748975549395278e-09,7.504439575402956,7.5043086491474265,7.475939476968526
N2048_eta02,0.0001,0.0,1.2589254117941663e-09,7.748813892461294,7.748877577693244,7.718647432280567
N2048_eta02,0.0001,0.0,1.3489628825916533e-09,7.999718685692157,8.000020652905182,7.967818397307141
N2048_eta02,0.0001,0.0,1.445439770745928e-09,8.258086346306385,8.257765654450285,8.223475103015664
N2048_eta02,0.0001,0.0,1.5488166189124799e-09,8.522326319453176,8.522122536269856,8.48562245698992
N2048_eta02,0.0001,0.0,1.6595869074375598e-09,8.792401572117026,8.793081345262513,8.754245503183403
N2048_eta02,0.0001,0.0,1.778279410038923e-09,9.070799064089744,9.070610005782267,9.029307253293826
N2048_eta02,0.0001,0.0,1.9054607179632444e-09,9.355161998263421,9.354651971746472,9.3107463929253
N2048_eta02,0.0001,0.0,2.0417379446695276e-09,9.644567714961152,9.645123751924006,9.598474868236636
N2048_eta02,0.0001,0.0,2.187761623949552e-09,9.941840699315161,9.94191231696362,9.892375361743744
N2048_eta02,0.0001,0.0,2.344228815319923e-09,10.24533485698469,10.244872399113525,10.192298669379532
N2048_eta02,0.0001,0.0,2.511886431509577e-09,10.553785090998566,10.553823701331716,10.498060994839403
N2048_eta02,0.0001,0.0,2.6915348039269142e-09,10.868388303808654,10.868548035341526,10.809441181667687
N2048_eta02,0.0001,0.0,2.884031503126606e-09,11.188677512926324,11.188786414423923,11.126177908469083
N2048_eta02,0.0001,0.0,3.0902954325135923e-09,11.51461180597546,11.514236132204527,11.447966878041747
N2048_eta02,0.0001,0.0,3.3113112148259078e-09,11.844656128199933,11.844547863943609,11.774458037085454
N2048_eta02,0.0001,0.0,3.5481338923357537e-09,12.17852358101538,12.179322834512774,12.105252869372388
N2048_eta02,0.0001,0.0,3.8018939632056126e-09,12.51846694286193,12.518110103342517,12.439901811782194
N2048_eta02,0.0001,0.0,4.073802778041122e-09,12.861005747563949,12.860404023993171,12.777901849263756
N2048_eta02,0.0001,0.0,4.365158322401657e-09,13.204686261398148,13.205641942655033,13.118694351417922
N2048_eta02,0.0001,0.0,4.6773514128719815e-09,13.55322344087561,13.553202207451845,13.461663219782363
N2048_eta02,0.0001,0.0,5.0118723362727255e-09,13.903233322185722,13.902402565753878,13.806133420777202
N2048_eta02,0.0001,0.0,5.370317963702522e-09,14.252072266085808,14.252499033353958,14.151369984329484
N2048_eta02,0.0001,0.0,5.754399373371567e-09,14.60243616099186,14.602685322832372,14.496577552084851
N2048_eta02,0.0001,0.0,6.165950018614823e-09,14.952442625784506,14.952092921643986,14.84090056144775
N2048_eta02,0.0001,0.0,6.606934480075952e-09,15.300048610277228,15.299791911343588,15.183424152053341
N2048_eta02,0.0001,0.0,7.0794578438413736e-09,15.644688103901654,15.64479261718849,15.523175879239036
N2048_eta02,0.0001,0.0,7.585775750291836e-09,15.98542355909685,15.986048173124894,15.859128314234221
N2048_eta02,0.0001,0.0,8.128305161640994e-09,16.322957299752638,16.322458079072124,16.190202602738715
N2048_eta02,0.0001,0.0,8.709635899560797e-09,16.65337269811028,16.652872815462022,16.51527304199057
N2048_eta02,0.0001,0.0,9.332543007969905e-09,16.974842015128463,16.976099564669823,16.833172721104045
N2048_eta02,0.0001,0.0,1e-08,17.291117075889506,17.29090906892656,17.142700250289124
N2048_eta02,0.0001,0.0,1.0715193052376048e-08,17.597147460324408,17.596043630591005,17.442627581609752
N2048_eta02,0.0001,0.0,1.1481536214968818e-08,17.88923804210563,17.890226232973575,17.731708897457608
N2048_eta02,0.0001,0.0,1.2302687708123811e-08,18.171923942267803,18.172170729019534,18.00869051339169
N2048_eta02,0.0001,0.0,1.3182567385564074e-08,18.44159054920479,18.440593011545033,18.27232171013842
N2048_eta02,0.0001,0.0,1.4125375446227526e-08,18.694065931854315,18.69422304369959,18.52136637631408
N2048_eta02,0.0001,0.0,1.5135612484362072e-08,18.931447637212287,18.93181759281563,18.75461531000052
N2048_eta02,0.0001,0.0,1.62181009735893e-08,19.15218185260652,19.15217347653993,18.970898995042603
N2048_eta02,0.0001,0.0,1.7378008287493763e-08,19.35458288378084,19.35414109852358,19.169100638345977
N2048_eta02,0.0001,0.0,1.8620871366628656e-08,19.5367643074554,19.53663802364956,19.348169229103682
N2048_eta02,0.0001,0.0,1.995262314968879e-08,19.697562567513295,19.698662321752746,19.507132361312735
N2048_eta02,0.0001,0.0,2.1379620895022325e-08,19.839699131428237,19.839305395127763,19.64510854857416
N2048_eta02,0.0001,0.0,2.2908676527677703e-08,19.95875405526447,19.95776400040288,19.761318756188086
N2048_eta02,0.0001,0.0,2.4547089156850285e-08,20.05197699314507,20.05335118056876,19.855096880816397
N2048_eta02,0.0001,0.0,2.6302679918953814e-08,20.12540852620591,20.125505838303948,19.925898922926887
N2048_eta02,0.0001,0.0,2.818382931264455e-08,20.175227587433998,20.17380070746041,19.97331062181213
N2048_eta02,0.0001,0.0,3.0199517204020135e-08,20.19722786950982,20.19794851500125,19.99705335663461
N2048_eta02,0.0001,0.0,3.2359365692962815e-08,20.197304821937337,20.197806169640454,19.996988158615817
N2048_eta02,0.0001,0.0,3.467368504525317e-08,20.1742061957578,20.173376864329633,19.97311772762027
N2048_eta02,0.0001,0.0,3.7153522909717206e-08,20.124917346648207,20.12481003549022,19.925586399051525
N2048_eta02,0.0001,0.0,3.9810717055349696e-08,20.052071975727994,20.052399180111188,19.854678061963085
N2048_eta02,0.0001,0.0,4.265795188015926e-08,19.956165491201695,19.95657759001916,19.760812084234484
N2048_eta02,0.0001,0.0,4.5708818961487524e-08,19.838317755421986,19.83791211822439,19.64453735321469
N2048_eta02,0.0001,0.0,4.897788193684457e-08,19.697575833988196,19.69709514290911,19.506524588185993
N2048_eta02,0.0001,0.0,5.248074602497723e-08,19.53371735496949,19.534934938316397,19.347557122428437
N2048_eta02,0.0001,0.0,5.623413251903491e-08,19.352438183248147,19.352344696819934,19.168520386041944
N2048_eta02,0.0001,0.0,6.025595860743569e-08,19.151619979312816,19.150330471807095,18.970390344953245
N2048_eta02,0.0001,0.0,6.456542290346549e-08,18.928963245725722,18.92997832602306,18.754221166159578
N2048_eta02,0.0001,0.0,6.918309709189362e-08,18.69202889237331,18.692440974746823,18.52113238421055
N2048_eta02,0.0001,0.0,7.413102413009178e-08,18.440172546326053,18.438924208128697,18.27229583965899
N2048_eta02,0.0001,0.0,7.943282347242806e-08,18.170412918893625,18.170673363129023,18.008922647589113
N2048_eta02,0.0001,0.0,8.511380382023759e-08,17.888411610137624,17.888960094061083,17.732250434550604
N2048_eta02,0.0001,0.0,9.120108393559096e-08,17.595348843111037,17.595069663354455,17.44353105671494
N2048_eta02,0.0001,0.0,9.772372209558092e-08,17.290538050586267,17.290288942379224,17.144018982367836
N2048_eta02,0.0001,0.0,1.0471285480508985e-07,16.975883790705623,16.975895277799726,16.834960489528648
N2048_eta02,0.0001,0.0,1.122018454301963e-07,16.65242734694878,16.653146343461927,16.51758379604201
N2048_eta02,0.0001,0.0,1.202264434617413e-07,16.323445420584417,16.323271062747487,16.19309020628185
N2048_eta02,0.0001,0.0,1.2882495516931324e-07,15.988299320636497,15.987461652904873,15.862646326814364
N2048_eta02,0.0001,0.0,1.380384264602884e-07,15.645960908642282,15.646866812002898,15.52737737392923
N2048_eta02,0.0001,0.0,1.4791083881682074e-07,15.30233108802955,15.302586041696067,15.18836156957683
N2048_eta02,0.0001,0.0,1.584893192461111e-07,14.95681288681295,14.955665075262175,14.84662559941536
N2048_eta02,0.0001,0.0,1.6982436524617427e-07,14.606699554176094,14.60709236079304,14.503141087627366
N2048_eta02,0.0001,0.0,1.8197008586099827e-07,14.257275924534607,14.257796533870108,14.158822027970768
N2048_eta02,0.0001,0.0,1.9498445997580458e-07,13.909180559063989,13.908644802497484,13.8145230990777
N2048_eta02,0.0001,0.0,2.0892961308540366e-07,13.560552617710396,13.560442159193503,13.47103878407677
N2048_eta02,0.0001,0.0,2.2387211385683377e-07,13.213726100439779,13.213931330626668,13.129103209862624
N2048_eta02,0.0001,0.0,2.39883291901949e-07,12.869438329932816,12.869793373542965,12.789390619386626
N2048_eta02,0.0001,0.0,2.570395782768865e-07,12.52879637168435,12.5286488265956,12.452516390774711
N2048_eta02,0.0001,0.0,2.7542287033381637e-07,12.191576787379786,12.191059330534594,12.119038519468843
N2048_eta02,0.0001,0.0,2.9512092266663846e-07,11.856879437501968,11.857529633631794,11.789459483522789
N2048_eta02,0.0001,0.0,3.1622776601683797e-07,11.52832566275568,11.528509904815571,11.464228417273949
N2048_eta02,0.0001,0.0,3.3884415613920205e-07,11.205268863080274,11.204398283343643,11.143743524511924
N2048_eta02,0.0001,0.0,3.6307805477010105e-07,10.885246559373718,10.885543600707626,10.828354668662714
N2048_eta02,0.0001,0.0,3.890451449942805e-07,10.571827741679222,10.572248217501665,10.518366084143773
N2048_eta02,0.0001,0.0,4.1686938347033557e-07,10.265177306685398,10.264770925028948,10.214039159702939
N2048_eta02,0.0001,0.0,4.4668359215096253e-07,9.96341618803151,9.963329868242797,9.915595251061223
N2048_eta02,0.0001,0.0,4.786300923226381e-07,9.667972261797239,9.668105453129824,9.623218486402308
N2048_eta02,0.0001,0.0,5.128613839913648e-07,9.378954117424481,9.3792432077289,9.337058534094652
N2048_eta02,0.0001,0.0,5.495408738576237e-07,9.096923051633883,9.096856571564228,9.057233307428696
N2048_eta02,0.0001,0.0,5.888436553555884e-07,8.821499992284862,8.82102959334848,8.783831586064426
N2048_eta02,0.0001,0.0,6.309573444801931e-07,8.551402336137112,8.551819521343118,8.516915538294619
N2048_eta02,0.0001,0.0,6.760829753919819e-07,8.289029787036528,8.289259274767915,8.256523132137088
N2048_eta02,0.0001,0.0,7.244359600749892e-07,8.03394364119168,8.033359788133854,8.002670426689086
N2048_eta02,0.0001,0.0,7.762471166286911e-07,7.784034434863071,7.784112223373942,7.755353738130493
N2048_eta02,0.0001,0.0,8.31763771102671e-07,7.541207814088763,7.54149004719289,7.514551677281148
N2048_eta02,0.0001,0.0,8.912509381337442e-07,7.305479423029563,7.305450973178655,7.280227057734648
N2048_eta02,0.0001,0.0,9.54992586021435e-07,7.076029118395903,7.075938769974278,7.052328675344354
N2048_eta02,0.0001,0.0,1.0232929922807537e-06,6.853065409364479,6.85288493822256,6.83079296126373
N2048_eta02,0.0001,0.0,1.0964781961431828e-06,6.6358884845762045,6.636210260110702,6.615545511880113
N2048_eta02,0.0001,0.0,1.1748975549395304e-06,6.425705689153532,6.425826226205915,6.406502499864484
N2048_eta02,0.0001,0.0,1.2589254117941661e-06,6.222106109013938,6.221636344903989,6.203571971223308
N2048_eta02,0.0001,0.0,1.3489628825916506e-06,6.023445643640794,6.0235373402604235,6.006655033713022
N2048_eta02,0.0001,0.0,1.445439770745928e-06,5.83119053729638,5.831420244255346,5.815646942293245
N2048_eta02,0.0001,0.0,1.5488166189124796e-06,5.645198760047711,5.645171389694444,5.630438087475177
N2048_eta02,0.0001,0.0,1.6595869074375565e-06,5.464734966144034,5.464673309984719,5.450914892491906
N2048_eta02,0.0001,0.0,1.7782794100389231e-06,5.290001103222757,5.289805551975503,5.276960625196856
N2048_eta02,0.0001,0.0,1.9054607179632443e-06,5.12021542714127,5.120445407931998,5.108456130503427
N2048_eta02,0.0001,0.0,2.0417379446695316e-06,4.956313265029309,4.9564685725308735,4.945280489028445
N2048_eta02,0.0001,0.0,2.187761623949552e-06,4.798038814094866,4.7977497305488095,4.78731160740836
N2048_eta02,0.0001,0.0,2.344228815319918e-06,4.644182070605884,4.644163080664082,4.634426745529796
N2048_eta02,0.0001,0.0,2.5118864315095823e-06,4.495538388725857,4.495582800519868,4.486502985666952
N2048_eta02,0.0001,0.0,2.6915348039269138e-06,4.351719176144449,4.351883457913775,4.343417648253151
N2048_eta02,0.0001,0.0,2.8840315031266e-06,4.212881120635524,4.2129403726862895,4.205048658740477
N2048_eta02,0.0001,0.0,3.0902954325135923e-06,4.078917023038565,4.078629933588632,4.071274869725123
N2048_eta02,0.0001,0.0,3.311311214825908e-06,3.9488111441846767,3.9488298741201406,3.9419763422403187
N2048_eta02,0.0001,0.0,3.548133892335746e-06,3.8233452157050074,3.823419511041256,3.8170345898477125
N2048_eta02,0.0001,0.0,3.801893963205613e-06,3.702155552545285,3.7022799489933567,3.696332788894377
N2048_eta02,0.0001,0.0,4.073802778041122e-06,3.5852351870888874,3.5852942543908384,3.5797559580475684
N2048_eta02,0.0001,0.0,4.365158322401666e-06,3.4725671579865027,3.47234760149836,3.4671911099751584
N2048_eta02,0.0001,0.0,4.677351412871981e-06,3.363340912033946,3.3633273933651515,3.3585273778071345
N2048_eta02,0.0001,0.0,5.011872336272715e-06,3.2581599120489733,3.2581233600610373,3.253656118792792
N2048_eta02,0.0001,0.0,5.370317963702533e-06,3.156507955288255,3.1566276364452044,3.1524709973606777
N2048_eta02,0.0001,0.0,5.754399373371567e-06,3.058622519977576,3.0587348214979877,3.054868049592928
N2048_eta02,0.0001,0.0,6.16595001861481e-06,2.9643587066658283,2.964342021059257,2.960745730943173
N2048_eta02,0.0001,0.0,6.606934480075964e-06,2.873340995450694,2.8733488756431083,2.870004948857341
N2048_eta02,0.0001,0.0,7.079457843841373e-06,2.785828274565892,2.785657574837486,2.782549081798673
N2048_eta02,0.0001,0.0,7.585775750291821e-06,2.701184726642147,2.7011728596485756,2.698283986032462
N2048_eta02,0.0001,0.0,8.128305161640995e-06,2.619896485200639,2.619802014013339,2.617117991391664
N2048_eta02,0.0001,0.0,8.709635899560797e-06,2.541411766188636,2.541454846578086,2.5389618871212005
N2048_eta02,0.0001,0.0,9.332543007969886e-06,2.4660287272742365,2.46604366372688,2.463728898786195
N2048_eta02,0.0001,0.0,1e-05,2.3934110573422127,2.3934832347401978,2.391334657127289
N2048_eta02,0.0001,0.0,1.071519305237605e-05,2.323634145548131,2.323690749870853,2.321697159654001
N2048_eta02,0.0001,0.0,1.1481536214968841e-05,2.256517470874959,2.256585772040886,2.2547367256845043
N2048_eta02,0.0001,0.0,1.230268770812381e-05,2.192031056869727,2.1920901827895936,2.1903759454674376
N2048_eta02,0.0001,0.0,1.3182567385564049e-05,2.1300678858426325,2.1301281230383196,2.128539623957236
N2048_eta02,0.0001,0.0,1.4125375446227553e-05,2.070579947264331,2.0706259291826123,2.069154719759989
N2048_eta02,0.0001,0.0,1.5135612484362071e-05,2.0134603091848056,2.013512064976177,2.012150279720673
N2048_eta02,0.0001,0.0,1.6218100973589265e-05,1.9587104388994052,1.9587170496335526,1.9574573695855333
N2048_eta02,0.0001,0.0,1.7378008287493764e-05,1.9061490111215693,1.906173382550094,1.905009001144887
N2048_eta02,0.0001,0.0,1.8620871366628657e-05,1.855878737022487,1.855815465017641,1.8547400562415552
N2048_eta02,0.0001,0.0,1.995262314968875e-05,1.807580426882974,1.80757951930278,1.8065872080185437
N2048_eta02,0.0001,0.0,2.1379620895022326e-05,1.761449037928933,1.761403505451552,1.7604888397763865
N2048_eta02,0.0001,0.0,2.29086765276777e-05,1.7171926465814888,1.717227036189207,1.7163849618152005
N2048_eta02,0.0001,0.0,2.4547089156850235e-05,1.6749589093756412,1.6749912902963424,1.6742171266489694
N2048_eta02,0.0001,0.0,2.6302679918953814e-05,1.6346808658155612,1.634638924862839,1.6339283429994476
N2048_eta02,0.0001,0.0,2.8183829312644495e-05,1.596105184917532,1.596113986847639,1.5954629890034058
N2048_eta02,0.0001,0.0,3.0199517204020195e-05,1.559342087191712,1.559361824405123,1.5587667250993205
N2048_eta02,0.0001,0.0,3.235936569296281e-05,1.524359333632467,1.5243289984763797,1.5237864070968774
N2048_eta02,0.0001,0.0,3.467368504525309e-05,1.4909486143805204,1.4909631951846816,1.4904699999732927
N2048_eta02,0.0001,0.0,3.715352290971728e-05,1.4591948366147145,1.4592131396176613,1.4587664929832653
N2048_eta02,0.0001,0.0,3.9810717055349695e-05,1.4290557283792236,1.4290285116217079,1.4286258167121075
N2048_eta02,0.0001,0.0,4.265795188015917e-05,1.4003639021424397,1.400359864275142,1.3999987627421826
N2048_eta02,0.0001,0.0,4.570881896148752e-05,1.3731452302903235,1.373158545743035,1.3728369066388244
N2048_eta02,0.0001,0.0,4.897788193684457e-05,1.3473697494020884,1.3473766252453858,1.3470925349903564
N2048_eta02,0.0001,0.0,5.2480746024977124e-05,1.3229546577991527,1.3229668238888006,1.3227185772550003
N2048_eta02,0.0001,0.0,5.623413251903491e-05,1.2998878872427244,1.2998824511168028,1.2996685431721409
N2048_eta02,0.0001,0.0,6.025595860743569e-05,1.2780975462193949,1.2780773475221938,1.2778964664835082
N2048_eta02,0.0001,0.0,6.456542290346563e-05,1.2575252399282832,1.2575058347337407,1.2573568556784944
N2048_eta02,0.0001,0.0,6.918309709189364e-05,1.238136796292653,1.2381226730361776,1.2380046524244528
N2048_eta02,0.0001,0.0,7.413102413009161e-05,1.2198944476925273,1.2198830273049737,1.2197951982652224
N2048_eta02,0.0001,0.0,7.943282347242822e-05,1.2027544373969106,1.2027424417342338,1.2026842100680792
N2048_eta02,0.0001,0.0,8.51138038202376e-05,1.1866703884277523,1.1866568237068353,1.1866277645701246
N2048_eta02,0.0001,0.0,9.120108393559079e-05,1.1715934950532023,1.1715824370011958,1.1715822922205463
N2048_eta02,0.0001,0.0,9.772372209558111e-05,1.1574775207432393,1.1574759043505205,1.1575045803368365
N2048_eta02,0.0001,0.0,0.00010471285480508985,1.1442892417270527,1.1442942191712215,1.1443517853940488
N2048_eta02,0.0001,0.0,0.00011220184543019607,1.1319900380634575,1.1319947660615886,1.1320814540507294
N2048_eta02,0.0001,0.0,0.00012022644346174132,1.1205334037119878,1.1205353494454546,1.120651552288947
N2048_eta02,0.0001,0.0,0.00012882495516931323,1.1098818914365383,1.1098742295049384,1.1100205018151215
N2048_eta02,0.0001,0.0,0.0001380384264602881,1.0999667864288782,1.0999701643188318,1.1001472226407145
N2048_eta02,0.0001,0.0,0.00014791083881682073,1.090779328972928,1.090782456906503,1.0909911805447434
N2048_eta02,0.0001,0.0,0.0001584893192461111,1.08227614409777,1.0822710056791165,1.082512437921346
N2048_eta02,0.0001,0.0,0.0001698243652461746,1.0743929765690603,1.0743963566277184,1.074671706342414
N2048_eta02,0.0001,0.0,0.00018197008586099826,1.0671243357321183,1.0671197554377532,1.0674303990239533
N2048_eta02,0.0001,0.0,0.00019498445997580418,1.060400240495901,1.0604031976167145,1.0607506812801755
N2048_eta02,0.0001,0.0,0.00020892961308540412,1.0542134805312426,1.0542094746591297,1.0545955169845709
N2048_eta02,0.0001,0.0,0.00022387211385683378,1.048499821408026,1.0485022142521059,1.0489287090334405
N2048_eta02,0.0001,0.0,0.0002398832919019485,1.0432457910321886,1.0432459125441775,1.0437149318235364
N2048_eta02,0.0001,0.0,0.0002570395782768865,1.0384083129861956,1.0384059565570707,1.0389197538083472
N2048_eta02,0.0001,0.0,0.00027542287033381635,1.0339467951351098,1.0339486349089957,1.034509648281966
N2048_eta02,0.0001,0.0,0.0002951209226666378,1.0298395746516191,1.0298411351324477,1.030451990648444
N2048_eta02,0.0001,0.0,0.000316227766016838,1.0260526293829828,1.0260515260010914,1.026715040559968
N2048_eta02,0.0001,0.0,0.0003388441561392021,1.0225509200713312,1.0225487234204163,1.0232679074401976
N2048_eta02,0.0001,0.0,0.0003630780547701003,1.0193034905988625,1.0193024385767189,1.0200804980408211
N2048_eta02,0.0001,0.0,0.0003890451449942805,1.0162830125958517,1.0162831071704275,1.017123444801459
N2048_eta02,0.0001,0.0,0.0004168693834703347,1.0134611640912603,1.0134617986759258,1.014368013888463
N2048_eta02,0.0001,0.0,0.0004466835921509635,1.0108093441076635,1.0108101046660467,1.0117859918717893
N2048_eta02,0.0001,0.0,0.00047863009232263805,1.0082993809839138,1.0083000053128384,1.0093495500584173
N2048_eta02,0.0001,0.0,0.0005128613839913639,1.0059034734084118,1.0059037132279753,1.0070310855363704
N2048_eta02,0.0001,0.0,0.0005495408738576249,1.003593900334712,1.003593493840873,1.004803037999724
N2048_eta02,0.0001,0.0,0.0005888436553555884,1.0013425417807196,1.0013414615391483,1.0026376814309135
N2048_eta02,0.0001,0.0,0.0006309573444801918,0.9991204224417348,0.9991193508286531,1.0005068897263019
N2048_eta02,0.0001,0.0,0.000676082975391982,0.9968982917861574,0.9968982618286436,0.9983818753843754
N2048_eta02,0.0001,0.0,0.0007244359600749892,0.9946474948849704,0.9946483795284986,0.9962329004602934
N2048_eta02,0.0001,0.0,0.0007762471166286897,0.9923381690014796,0.9923386664299727,0.9940289591611284
N2048_eta02,0.0001,0.0,0.000831763771102671,0.9899373410822627,0.9899365285268731,0.9917374317582129
N2048_eta02,0.0001,0.0,0.000891250938133744,0.9874076782946997,0.9874074550860469,0.9893237099827545
N2048_eta02,0.0001,0.0,0.000954992586021437,0.9847138528348731,0.9847146334554467,0.9867507948179345
N2048_eta02,0.0001,0.0,0.0010232929922807535,0.9818189268346511,0.9818185412156376,0.983978868688999
N2048_eta02,0.0001,0.0,0.001096478196143183,0.9786767843981945,0.9786765195030191,0.9809648455824944
N2048_eta02,0.0001,0.0,0.0011748975549395304,0.9752416909129581,0.9752423333727739,0.9776619047128376
N2048_eta02,0.0001,0.0,0.0012589254117941662,0.9714664111448429,0.9714657277546858,0.9740190161295005
N2048_eta02,0.0001,0.0,0.0013489628825916506,0.9672915339425298,0.9672919910101195,0.9699804702618637
N2048_eta02,0.0001,0.0,0.0014454397707459282,0.9626617168298859,0.9626615424450445,0.9654854279726509
N2048_eta02,0.0001,0.0,0.0015488166189124796,0.9575095487295191,0.9575095654749909,0.9604675133609085
N2048_eta02,0.0001,0.0,0.0016595869074375565,0.9517655691139827,0.951765714533182,0.9548544784071193
N2048_eta02,0.0001,0.0,0.001778279410038923,0.9453541091665603,0.9453539312440378,0.9485679765928647
N2048_eta02,0.0001,0.0,0.0019054607179632445,0.9381922132458453,0.9381924137041987,0.9415234917298225
N2048_eta02,0.0001,0.0,0.0020417379446695232,0.930193930148253,0.9301937915837656,0.933630478069155
N2048_eta02,0.0001,0.0,0.002187761623949552,0.921265492172812,0.9212655685734066,0.924792777712828
N2048_eta02,0.0001,0.0,0.002344228815319918,0.9113108287154363,0.9113109014941984,0.9149093904021334
N2048_eta02,0.0001,0.0,0.002511886431509582,0.9002299795964998,0.9002297907535282,0.9038756774140682
N2048_eta02,0.0001,0.0,0.0026915348039269144,0.8879204089980292,0.8879207578735491,0.8915850834852345
N2048_eta02,0.0001,0.0,0.0028840315031266,0.8742835192082417,0.874283080147456,0.8779314557584512
N2048_eta02,0.0001,0.0,0.003090295432513592,0.8592192211510579,0.8592196373207737,0.8628120235871743
N2048_eta02,0.0001,0.0,0.003311311214825908,0.8426407002383124,0.8426403976701367,0.8461310743271255
N2048_eta02,0.0001,0.0,0.003548133892335746,0.8244664671019142,0.8244665284667947,0.8278043150331462
N2048_eta02,0.0001,0.0,0.0038018939632056127,0.8046348408732217,0.8046350571968641,0.8077638464808207
N2048_eta02,0.0001,0.0,0.0040738027780411225,0.7831042994257377,0.7831039357790425,0.7859635946426653
N2048_eta02,0.0001,0.0,0.004365158322401648,0.7598569707926996,0.759857274221814,0.7623849496743149
N2048_eta02,0.0001,0.0,0.004677351412871981,0.734910493724376,0.7349104205706283,0.7370422622051959
N2048_eta02,0.0001,0.0,0.005011872336272715,0.7083146746356227,0.7083144828576277,0.7099877549496475
N2048_eta02,0.0001,0.0,0.005370317963702533,0.6801595255915159,0.6801598320497448,0.6813153424352719
N2048_eta02,0.0001,0.0,0.005754399373371567,0.6505782846921766,0.650578110356561,0.6511628331958413
N2048_eta02,0.0001,0.0,0.006165950018614809,0.6197424076543525,0.6197423125690877,0.6197120354193054
N2048_eta02,0.0001,0.0,0.006606934480075964,0.5878643626066405,0.5878646188838211,0.5871864099233803
N2048_eta02,0.0001,0.0,0.007079457843841374,0.5551919958793965,0.555191834589784,0.5538461120921949
N2048_eta02,0.0001,0.0,0.007585775750291821,0.5219986002550191,0.5219985198754868,0.5199805196495333
N2048_eta02,0.0001,0.0,0.008128305161640995,0.48857793297001495,0.4885781429207902,0.48589862256583455
N2048_eta02,0.0001,0.0,0.008709635899560796,0.4552329241262214,0.4552328228199417,0.45191791067989395
N2048_eta02,0.0001,0.0,0.009332543007969887,0.4222625062088746,0.42226240529349324,0.41835258758980026
N2048_eta02,0.0001,0.0,0.01,0.3899535423388174,0.3899537007672693,0.38550202916557796
N2048_eta02,0.0001,4.0,1.0000000000000002e-14,0.3870137494408674,0.3869903576255699,0.38689658655441445
N2048_eta02,0.0001,4.0,1.0715193052376049e-14,0.4005888711689404,0.40058991452251214,0.40049032228736786
N2048_eta02,0.0001,4.0,1.148153621496884e-14,0.4146512751936663,0.41466747393775594,0.4145614822271388
N2048_eta02,0.0001,4.0,1.2302687708123812e-14,0.4292443760528463,0.4292398891081388,0.4291268125377301
N2048_eta02,0.0001,4.0,1.3182567385564046e-14,0.4443293790595011,0.44432392163914985,0.4442036444358284
N2048_eta02,0.0001,4.0,1.4125375446227557e-14,0.4599394173070992,0.45993787796136565,0.4598099143751122
N2048_eta02,0.0001,4.0,1.5135612484362073e-14,0.4760845287061796,0.4761004648309608,0.47596418489891573
N2048_eta02,0.0001,4.0,1.6218100973589332e-14,0.49282986917995814,0.4928308569342383,0.49268566618027676
N2048_eta02,0.0001,4.0,1.7378008287493765e-14,0.5101779500904505,0.5101490626759592,0.5099942382685576
N2048_eta02,0.0001,4.0,1.8620871366628658e-14,0.5280564453489869,0.5280752566477004,0.5279104740620095
N2048_eta02,0.0001,4.0,1.9952623149688828e-14,0.5466138401387646,0.5466313541461769,0.5464556630256835
N2048_eta02,0.0001,4.0,2.1379620895022327e-14,0.5658770416839702,0.5658393186200151,0.5656518356741513
N2048_eta02,0.0001,4.0,2.29086765276777e-14,0.585716252938294,0.5857214784633128,0.5855217888384392
N2048_eta02,0.0001,4.0,2.4547089156850338e-14,0.6062761654841236,0.606302139866668,0.6060891117364295
N2048_eta02,0.0001,4.0,2.6302679918953815e-14,0.62761994904013,0.6276051512694997,0.6273782128657889
N2048_eta02,0.0001,4.0,2.8183829312644495e-14,0.6496639000121833,0.6496565238700376,0.6494143477381465
N2048_eta02,0.0001,4.0,3.019951720402019e-14,0.6724754539143295,0.6724818240339853,0.6722236474727832
N2048_eta02,0.0001,4.0,3.2359365692962816e-14,0.6960902086001342,0.696108584039677,0.695833148267519
N2048_eta02,0.0001,4.0,3.46736850452531e-14,0.7205673649554607,0.7205647619347633,0.7202708217637833
N2048_eta02,0.0001,4.0,3.715352290971728e-14,0.7459138640708436,0.7458792529256032,0.7455656063218798
N2048_eta02,0.0001,4.0,3.9810717055349693e-14,0.7720522148195174,0.7720820633092657,0.771747439221413
N2048_eta02,0.0001,4.0,4.2657951880159345e-14,0.7991840621395513,0.7992044219140078,0.7988472898005182
N2048_eta02,0.0001,4.0,4.570881896148752e-14,0.8273362122715894,0.827278437051226,0.8268971935459428
N2048_eta02,0.0001,4.0,4.897788193684456e-14,0.8563239226575279,0.8563373720189309,0.8559302871442303
N2048_eta02,0.0001,4.0,5.248074602497734e-14,0.8863763382549796,0.8864154622783373,0.8859808445020834
N2048_eta02,0.0001,4.0,5.623413251903491e-14,0.9175818159086245,0.917548279695428,0.9170843137415151
N2048_eta02,0.0001,4.0,6.025595860743569e-14,0.9497811693127782,0.9497728174493127,0.9492773551725369
N2048_eta02,0.0001,4.0,6.456542290346563e-14,0.9831061518355344,0.9831270143295958,0.9825978802427968
N2048_eta02,0.0001,4.0,6.918309709189363e-14,1.0176331834357493,1.0176503148877398,1.0170850914598337
N2048_eta02,0.0001,4.0,7.413102413009162e-14,1.0533918070024917,1.053383296099519,1.0527795232773327
N2048_eta02,0.0001,4.0,7.943282347242822e-14,1.0904049476152917,1.0903679365511707,1.0897230839317944
N2048_eta02,0.0001,4.0,8.51138038202376e-14,1.128603430570421,1.128648087847093,1.127959098210525
N2048_eta02,0.0001,4.0,9.120108393559116e-14,1.1682472811010756,1.1682685309047827,1.1675323511255955
N2048_eta02,0.0001,4.0,9.772372209558112e-14,1.2093597579521023,1.2092756817363568,1.2084891324611904
N2048_eta02,0.0001,4.0,1.0471285480508985e-13,1.2516896730656293,1.2517178523308015,1.2508772821539194
N2048_eta02,0.0001,4.0,1.1220184543019654e-13,1.295588838421668,1.2956445146347648,1.2947462364565256
N2048_eta02,0.0001,4.0,1.2022644346174131e-13,1.3411723395353574,1.341107142525197,1.340147074825353
N2048_eta02,0.0001,4.0,1.2882495516931323e-13,1.3881651138387605,1.3881586459330542,1.3871325674606498
N2048_eta02,0.0001,4.0,1.3803842646028868e-13,1.4368090010969412,1.4368540141618056,1.4357572234159313
N2048_eta02,0.0001,4.0,1.4791083881682072e-13,1.4872424021491253,1.4872497760744738,1.4860773391785673
N2048_eta02,0.0001,4.0,1.584893192461111e-13,1.5394214555994141,1.5394043677942997,1.5381510476078233
N2048_eta02,0.0001,4.0,1.698243652461746e-13,1.5934097681609543,1.5933782662858251,1.5920383670988452
N2048_eta02,0.0001,4.0,1.8197008586099824e-13,1.6491714476452233,1.6492338323253632,1.6478012508214221
N2048_eta02,0.0001,4.0,1.9498445997580416e-13,1.7070172141663267,1.7070353123182411,1.705503635860412
N2048_eta02,0.0001,4.0,2.0892961308540411e-13,1.7669647932219459,1.7668492407406213,1.7652114920602378
N2048_eta02,0.0001,4.0,2.2387211385683378e-13,1.8286915057732842,1.8287441502341817,1.8269928703488434
N2048_eta02,0.0001,4.0,2.3988329190194847e-13,1.892715942738116,1.8927906124692906,1.8909179502864712
N2048_eta02,0.0001,4.0,2.570395782768865e-13,1.9591769994205759,1.9590616163537926,1.957059086551197
N2048_eta02,0.0001,4.0,2.7542287033381635e-13,2.027630520135709,2.027632383976462,2.0254908540364114
N2048_eta02,0.0001,4.0,2.95120922666639e-13,2.09849796627809,2.0985803722624246,2.096290091194723
N2048_eta02,0.0001,4.0,3.1622776601683797e-13,2.172004568965064,2.1719852625269342,2.169535941217517
N2048_eta02,0.0001,4.0,3.3884415613920205e-13,2.247957310524357,2.2479294461813506,2.2453098905900775
N2048_eta02,0.0001,4.0,3.630780547701018e-13,2.326507876919084,2.3264974686983537,2.3236958045071523
N2048_eta02,0.0001,4.0,3.890451449942805e-13,2.407697201247342,2.407776435908374,2.404779958573802
N2048_eta02,0.0001,4.0,4.168693834703347e-13,2.4918480195596873,2.4918559057913656,2.4886510661501178
N2048_eta02,0.0001,4.0,4.466835921509635e-13,2.5789755409998056,2.578828070505459,2.5754003006256627
N2048_eta02,0.0001,4.0,4.786300923226381e-13,2.668697203167447,2.6687874777824265,2.665121311829827
N2048_eta02,0.0001,4.0,5.128613839913659e-13,2.761738249175252,2.761831394858669,2.7579102356971403
N2048_eta02,0.0001,4.0,5.495408738576248e-13,2.8582493265631355,2.858059627623095,2.8538656962110003
N2048_eta02,0.0001,4.0,5.888436553555884e-13,2.9575516221537184,2.9575744033327123,2.9530887985455463
N2048_eta02,0.0001,4.0,6.309573444801943e-13,3.0603443274641835,3.0604806126653554,3.0556831122117263
N2048_eta02,0.0001,4.0,6.760829753919819e-13,3.1669620922064867,3.1668855952050965,3.161754642890586
N2048_eta02,0.0001,4.0,7.244359600749892e-13,3.276937628593152,3.2768993023377373,3.2714117915031378
N2048_eta02,0.0001,4.0,7.762471166286928e-13,3.390595801366034,3.390633971391228,3.3847652989212444
N2048_eta02,0.0001,4.0,8.317637711026709e-13,3.5081191296904093,3.5082042856803737,3.5019281745678725
N2048_eta02,0.0001,4.0,8.912509381337441e-13,3.629740385227725,3.6297271806201747,3.6230156069868045
N2048_eta02,0.0001,4.0,9.54992586021437e-13,3.755489469944559,3.7553217885670547,3.74814485428106
N2048_eta02,0.0001,4.0,1.0232929922807536e-12,3.8849666663241815,3.885109224510213,3.8774351121262214
N2048_eta02,0.0001,4.0,1.0964781961431851e-12,4.019108175224476,4.019212686725029,4.011007356858711
N2048_eta02,0.0001,4.0,1.1748975549395302e-12,4.158047030602682,4.157756867465303,4.148984160920338
N2048_eta02,0.0001,4.0,1.258925411794166e-12,4.300802443873527,4.300868098483987,4.291489477709467
N2048_eta02,0.0001,4.0,1.3489628825916534e-12,4.448466839520076,4.448673970192745,4.438648392646476
N2048_eta02,0.0001,4.0,1.445439770745928e-12,4.601486770762936,4.601303059287427,4.59058683700761
N2048_eta02,0.0001,4.0,1.5488166189124795e-12,4.758926133026316,4.758884560318714,4.747431260818893
N2048_eta02,0.0001,4.0,1.6595869074375598e-12,4.921417453603116,4.9215480539555925,4.90930826083189
N2048_eta02,0.0001,4.0,1.7782794100389228e-12,5.08936463427124,5.089422887495011,5.076344159328664
N2048_eta02,0.0001,4.0,1.9054607179632443e-12,5.262686392307206,5.262637923801593,5.248664529228067
N2048_eta02,0.0001,4.0,2.041737944669532e-12,5.441471339267815,5.441320805310415,5.426393660693288
N2048_eta02,0.0001,4.0,2.1877616239495518e-12,5.625394371332346,5.625597572263086,5.609653964177114
N2048_eta02,0.0001,4.0,2.344228815319923e-12,5.815495589962966,5.815591803376092,5.798565304593714
N2048_eta02,0.0001,4.0,2.5118864315095823e-12,6.011829926865077,6.011423991981801,5.9932442610807515
N2048_eta02,0.0001,4.0,2.6915348039269142e-12,6.213068940368183,6.213210636596606,6.193803306624749
N2048_eta02,0.0001,4.0,2.884031503126606e-12,6.420776689906939,6.421063482183746,6.40034990167548
N2048_eta02,0.0001,4.0,3.090295432513592e-12,6.635450721250429,6.635088320838158,6.612985495786732
N2048_eta02,0.0001,4.0,3.311311214825908e-12,6.855406867687657,6.855384035029949,6.831804431305838
N2048_eta02,0.0001,4.0,3.548133892335753e-12,7.08175763292858,7.082041320727109,7.056892743211501
N2048_eta02,0.0001,4.0,3.8018939632056125e-12,7.315183522246946,7.315141386392464,7.288326849389023
N2048_eta02,0.0001,4.0,4.073802778041122e-12,7.554851047912926,7.554754531090099,7.5261721259579515
N2048_eta02,0.0001,4.0,4.365158322401657e-12,7.800988687325866,7.800938515638799,7.770481362755031
N2048_eta02,0.0001,4.0,4.677351412871982e-12,8.053491947697,8.053736920955817,8.021293094754297
N2048_eta02,0.0001,4.0,5.011872336272715e-12,8.313128683233625,8.313177309921617,8.278629806108762
N2048_eta02,0.0001,4.0,5.370317963702533e-12,8.579762823598942,8.579269280016666,8.5424960046568
N2048_eta02,0.0001,4.0,5.754399373371567e-12,8.85174687617435,8.852002329999463,8.81287616618853
N2048_eta02,0.0001,4.0,6.165950018614822e-12,9.130996512380301,9.131343653569543,9.0897325495508
N2048_eta02,0.0001,4.0,6.6069344800759645e-12,9.41785198096945,9.417235799041816,9.373002885819666
N2048_eta02,0.0001,4.0,7.079457843841373e-12,9.70955140130677,9.709594094705373,9.662597947326585
N2048_eta02,0.0001,4.0,7.585775750291836e-12,10.007806547525767,10.008304134283234,9.958399005320421
N2048_eta02,0.0001,4.0,8.128305161640996e-12,10.313493046155093,10.313219012750405,10.260255188513854
N2048_eta02,0.0001,4.0,8.709635899560797e-12,10.624297699689393,10.624156482003217,10.56798075872181
N2048_eta02,0.0001,4.0,9.332543007969906e-12,10.94070088632278,10.940896132068353,10.88135232426411
N2048_eta02,0.0001,4.0,1e-11,11.26297714202636,11.263176438555277,11.200106016773873
N2048_eta02,0.0001,4.0,1.0715193052376049e-11,11.59075033211699,11.590691794363215,11.523934662509136
N2048_eta02,0.0001,4.0,1.1481536214968842e-11,11.923538855733426,11.923089651650455,11.852484985166631
N2048_eta02,0.0001,4.0,1.2302687708123813e-11,12.259589116362935,12.259967628571376,12.185354883476691
N2048_eta02,0.0001,4.0,1.3182567385564075e-11,12.600544050217799,12.600870781642637,12.52209083341841
N2048_eta02,0.0001,4.0,1.4125375446227556e-11,12.94616633435064,12.94528907515591,12.86218547159752
N2048_eta02,0.0001,4.0,1.5135612484362072e-11,13.292476558690904,13.292655054331693,13.205075423002254
N2048_eta02,0.0001,4.0,1.6218100973589298e-11,13.64162863179034,13.642341864347177,13.550139442772371
N2048_eta02,0.0001,4.0,1.7378008287493765e-11,13.994331127486726,13.993661612000583,13.896696947519413
N2048_eta02,0.0001,4.0,1.8620871366628657e-11,14.34600306558175,14.345864274464848,14.24400701680959
N2048_eta02,0.0001,4.0,1.995262314968879e-11,14.697525576778908,14.698137115823258,14.59126794931072
N2048_eta02,0.0001,4.0,2.1379620895022327e-11,15.049649543900056,15.049604772099848,14.937617460419279
N2048_eta02,0.0001,4.0,2.2908676527677702e-11,15.399546905161179,15.399330109570592,15.282133608507696
N2048_eta02,0.0001,4.0,2.4547089156850283e-11,15.74643439902754,15.746315887715683,15.62383653483517
N2048_eta02,0.0001,4.0,2.6302679918953818e-11,16.08910055215704,16.089507361536736,15.961691097229036
N2048_eta02,0.0001,4.0,2.8183829312644493e-11,16.427649679393426,16.42779588147272,16.294610469482162
N2048_eta02,0.0001,4.0,3.019951720402019e-11,16.760957747490767,16.76002355025172,16.621460766700025
N2048_eta02,0.0001,4.0,3.235936569296281e-11,17.084631173137513,17.08498901511329,16.941066741343242
N2048_eta02,0.0001,4.0,3.467368504525317e-11,17.40068847574544,17.401454374162675,17.252218575348465
N2048_eta02,0.0001,4.0,3.715352290971728e-11,17.70925859292261,17.7081532651626,17.55367977054131
N2048_eta02,0.0001,4.0,3.9810717055349695e-11,18.003831447050278,18.003800049734664,17.844196112845175
N2048_eta02,0.0001,4.0,4.2657951880159254e-11,18.28604571144045,18.28710009290849,18.1225056560243
N2048_eta02,0.0001,4.0,4.570881896148752e-11,18.55729391110109,18.55676102127584,18.38734963860596
N2048_eta02,0.0001,4.0,4.897788193684457e-11,18.811844756680934,18.811504845013285,18.637484214167564
N2048_eta02,0.0001,4.0,5.2480746024977236e-11,19.049547516296098,19.050080781505066,18.871692841538778
N2048_eta02,0.0001,4.0,5.6234132519034906e-11,19.27109585144423,19.271278595073397,19.0887991490367
N2048_eta02,0.0001,4.0,6.025595860743569e-11,19.474128381050285,19.47394221662073,19.287680057137933
N2048_eta02,0.0001,4.0,6.456542290346562e-11,19.657501088380087,19.656983413026207,19.467278918572998
N2048_eta02,0.0001,4.0,6.918309709189364e-11,19.818953576317725,19.819395199609488,19.626618415258033
N2048_eta02,0.0001,4.0,7.413102413009162e-11,19.95978667374462,19.960264739117413,19.764812939177517
N2048_eta02,0.0001,4.0,7.943282347242822e-11,20.080001038982388,20.07878542514132,19.88108018048881
N2048_eta02,0.0001,4.0,8.511380382023759e-11,20.17410494568793,20.174267856088388,19.974751651591372
N2048_eta02,0.0001,4.0,9.120108393559097e-11,20.24498632534273,20.24614944405418,20.045281891119853
N2048_eta02,0.0001,4.0,9.772372209558111e-11,20.295024582695792,20.294002404779153,20.092256116731487
N2048_eta02,0.0001,4.0,1.0471285480508986e-10,20.317837800600152,20.317539921914932,20.11539612959026
N2048_eta02,0.0001,4.0,1.1220184543019632e-10,20.315471616954966,20.31662032490642,20.11456431551749
N2048_eta02,0.0001,4.0,1.2022644346174132e-10,20.29152912089654,20.29124916468142,20.089765636320394
N2048_eta02,0.0001,4.0,1.2882495516931322e-10,20.2420406206177,20.241579132245917,20.041147557876023
N2048_eta02,0.0001,4.0,1.3803842646028838e-10,20.16763532980284,20.167907821701775,19.96899791690461
N2048_eta02,0.0001,4.0,1.479108388168207e-10,20.070390782435,20.070673399672998,19.87374078364068
N2048_eta02,0.0001,4.0,1.5848931924611142e-10,19.950484463265504,19.950448295771007,19.75593043043086
N2048_eta02,0.0001,4.0,1.6982436524617427e-10,19.80868853914585,19.807931083504133,19.616243564439277
N2048_eta02,0.0001,4.0,1.8197008586099827e-10,19.643646222246176,19.64393676128026,19.45547002419588
N2048_eta02,0.0001,4.0,1.9498445997580455e-10,19.45862169136684,19.45938568346214,19.27450217315095
N2048_eta02,0.0001,4.0,2.0892961308540407e-10,19.256390115150122,19.25529140586392,19.074323247649733
N2048_eta02,0.0001,4.0,2.2387211385683377e-10,19.032853004466595,19.032747741235656,18.855994931276896
N2048_eta02,0.0001,4.0,2.3988329190194897e-10,18.791675347338188,18.792915309644,18.62064443232618
N2048_eta02,0.0001,4.0,2.570395782768865e-10,18.537665448700984,18.5370078729205,18.369451336688748
N2048_eta02,0.0001,4.0,2.7542287033381637e-10,18.266752038108265,18.266278721697745,18.10363449560599
N2048_eta02,0.0001,4.0,2.951209226666384e-10,17.98114227559474,17.982007370553294,17.82443918770795
N2048_eta02,0.0001,4.0,3.1622776601683795e-10,17.685511466074598,17.685486777622604,17.53312476899097
N2048_eta02,0.0001,4.0,3.3884415613920275e-10,17.37840727486677,17.378011282727726,17.23095299443464
N2048_eta02,0.0001,4.0,3.6307805477010104e-10,17.06093552130684,17.060865420392638,16.91917716239443
N2048_eta02,0.0001,4.0,3.890451449942805e-10,16.735065922451014,16.73531372551069,16.599032199240575
N2048_eta02,0.0001,4.0,4.168693834703355e-10,16.402390572459066,16.402591616207914,16.27172576831386
N2048_eta02,0.0001,4.0,4.4668359215096254e-10,16.06464270403344,16.063897410079353,15.938430455307735
N2048_eta02,0.0001,4.0,4.78630092322638e-10,15.72031961463093,15.72038548652908,15.600277052613269
N2048_eta02,0.0001,4.0,5.128613839913648e-10,15.372301756471714,15.373160593203663,15.258348938685911
N2048_eta02,0.0001,4.0,5.495408738576249e-10,15.023986462871772,15.023273265428115,14.9136775255816
N2048_eta02,0.0001,4.0,5.888436553555885e-10,14.672014724684086,14.671716304385678,14.56723872871677
N2048_eta02,0.0001,4.0,6.30957344480193e-10,14.318471395775546,14.31942225027994,14.21995039768483
N2048_eta02,0.0001,4.0,6.760829753919819e-10,13.96751278481313,13.967261772866031,13.872670635506061
N2048_eta02,0.0001,4.0,7.244359600749892e-10,13.61649372737068,13.616042890943268,13.526196925760853
N2048_eta02,0.0001,4.0,7.762471166286911e-10,13.26613404248967,13.266510934567341,13.181265982330299
N2048_eta02,0.0001,4.0,8.31763771102671e-10,12.91923538235949,12.919349154454684,12.838554234553733
N2048_eta02,0.0001,4.0,8.91250938133746e-10,12.5753336868442,12.575179889286716,12.498678861087916
N2048_eta02,0.0001,4.0,9.54992586021435e-10,12.2348746897238,12.234566203687988,12.162199288190607
N2048_eta02,0.0001,4.0,1.0232929922807536e-09,11.897888726511074,11.898013910676683,11.829619072135436
N2048_eta02,0.0001,4.0,1.0964781961431852e-09,11.565565312547193,11.565973904355886,11.501388090606937
N2048_eta02,0.0001,4.0,1.1748975549395278e-09,11.239389873456194,11.238844728069752,11.177904973872725
N2048_eta02,0.0001,4.0,1.2589254117941663e-09,10.91709641099914,10.916975314696844,10.859519712975763
N2048_eta02,0.0001,4.0,1.3489628825916533e-09,10.599941042186085,10.600667842385894,10.546536388870784
N2048_eta02,0.0001,4.0,1.445439770745928e-09,10.29050004345269,10.290180654221437,10.23921597312768
N2048_eta02,0.0001,4.0,1.5488166189124799e-09,9.986070402397898,9.985731197969148,9.93777915736934
N2048_eta02,0.0001,4.0,1.6595869074375598e-09,9.686997535717014,9.687498950608834,9.642409174867831
N2048_eta02,0.0001,4.0,1.778279410038923e-09,9.395631276912615,9.395628294757048,9.353254583595454
N2048_eta02,0.0001,4.0,1.9054607179632444e-09,9.110494422445456,9.11023132320654,9.070431985450075
N2048_eta02,0.0001,4.0,2.0417379446695276e-09,8.831403547453764,8.831390550359774,8.794028661308893
N2048_eta02,0.0001,4.0,2.187761623949552e-09,8.55905404853932,8.559161515676317,8.524105105994412
N2048_eta02,0.0001,4.0,2.344228815319923e-09,8.293465988288606,8.293575267101435,8.260697451160153
N2048_eta02,0.0001,4.0,2.511886431509577e-09,8.034974959693423,8.034640716411051,8.003819767536996
N2048_eta02,0.0001,4.0,2.6915348039269142e-09,7.782363269871221,7.7823468616653715,7.753466240945408
N2048_eta02,0.0001,4.0,2.884031503126606e-09,7.536210961682586,7.536664873683414,7.50961321900655
N2048_eta02,0.0001,4.0,3.0902954325135923e-09,7.297835975818345,7.297550046742684,7.272221127608992
N2048_eta02,0.0001,4.0,3.3113112148259078e-09,7.065149840975185,7.06494361421968,7.041236257946877
N2048_eta02,0.0001,4.0,3.5481338923357537e-09,6.838330054735964,6.838774432584563,6.816592426375701
N2048_eta02,0.0001,4.0,3.8018939632056126e-09,6.619027376432509,6.618960536981586,6.598212510472234
N2048_eta02,0.0001,4.0,4.073802778041122e-09,6.405651739909527,6.405410573640964,6.386009865570351
N2048_eta02,0.0001,4.0,4.365158322401657e-09,6.197900157439494,6.198025114241013,6.179889626709732
N2048_eta02,0.0001,4.0,4.6773514128719815e-09,5.9966312744046455,5.996697858092967,5.979749901410073
N2048_eta02,0.0001,4.0,5.0118723362727255e-09,5.801351473568166,5.801316728246623,5.785482858998815
N2048_eta02,0.0001,4.0,5.370317963702522e-09,5.611934387544646,5.6117648678913294,5.596975722401752
N2048_eta02,0.0001,4.0,5.754399373371567e-09,5.4278952672656295,5.427921543096161,5.41411166837576
N2048_eta02,0.0001,4.0,6.165950018614823e-09,5.249417398934861,5.249662958434661,5.236770642142429
N2048_eta02,0.0001,4.0,6.606934480075952e-09,5.077080016995849,5.076862991318729,5.064830092288249
N2048_eta02,0.0001,4.0,7.0794578438413736e-09,4.909501932167656,4.909393851271901,4.898165631646588
N2048_eta02,0.0001,4.0,7.585775750291836e-09,4.746794662559656,4.747126669620719,4.736651629682921
N2048_eta02,0.0001,4.0,8.128305161640994e-09,4.590019706296836,4.5899320252125655,4.580161741677978
N2048_eta02,0.0001,4.0,8.709635899560797e-09,4.4378598872472015,4.437680411349321,4.428569379754563
N2048_eta02,0.0001,4.0,9.332543007969905e-09,4.290080503330791,4.290242648822698,4.281748130529313
N2048_eta02,0.0001,4.0,1e-08,4.147459812409628,4.147490249679225,4.139572123898412
N2048_eta02,0.0001,4.0,1.0715193052376048e-08,4.0093785670587305,4.009295736107031,4.001916357190615
N2048_eta02,0.0001,4.0,1.1481536214968818e-08,3.875598430188783,3.875532918416014,3.8686569786469294
N2048_eta02,0.0001,4.0,1.2302687708123811e-08,3.7460421488454756,3.7460771359283678,3.739671533916974
N2048_eta02,0.0001,4.0,1.3182567385564074e-08,3.620690098028027,3.620805464260158,3.6148391789997736
N2048_eta02,0.0001,4.0,1.4125375446227526e-08,3.4997460482833502,3.4995968922016645,3.494040862804307
N2048_eta02,0.0001,4.0,1.5135612484362072e-08,3.382381538281114,3.38233247122443,3.3771594822629747
N2048_eta02,0.0001,4.0,1.62181009735893e-08,3.268669814785141,3.26889544028451,3.2640800127011387
N2048_eta02,0.0001,4.0,1.7378008287493763e-08,3.1592552727110013,3.1591713285066136,3.1546896159479054
N2048_eta02,0.0001,4.0,1.8620871366628656e-08,3.053168159471333,3.053048038005022,3.0488777284682906
N2048_eta02,0.0001,4.0,1.995262314968879e-08,2.9502657316665277,2.9504159089713577,2.946536131604433
N2048_eta02,0.0001,4.0,2.1379620895022325e-08,2.8511610060116217,2.851167768944867,2.847559005833811
N2048_eta02,0.0001,4.0,2.2908676527677703e-08,2.7552837314666463,2.755198968013539,2.7518429707849106
N2048_eta02,0.0001,4.0,2.4547089156850285e-08,2.662417046224444,2.662407401552377,2.6592871125953876
N2048_eta02,0.0001,4.0,2.6302679918953814e-08,2.572663691758121,2.5726935219182927,2.5697930000539166
N2048_eta02,0.0001,4.0,2.818382931264455e-08,2.4859158265225236,2.4859603404395094,2.483264690833772
N2048_eta02,0.0001,4.0,3.0199517204020135e-08,2.402209233483293,2.4021134208726105,2.3996087290038655
N2048_eta02,0.0001,4.0,3.2359365692962815e-08,2.3210792642016473,2.3210608653922256,2.3187341348901604
N2048_eta02,0.0001,4.0,3.467368504525317e-08,2.2425684194078266,2.2427132940990107,2.2405523882570124
N2048_eta02,0.0001,4.0,3.7153522909717206e-08,2.167053313248079,2.166983818897548,2.164977405683168
N2048_eta02,0.0001,4.0,3.9810717055349696e-08,2.0938639195182205,2.0937880125408133,2.0919255129204837
N2048_eta02,0.0001,4.0,4.265795188015926e-08,2.022923465934416,2.0230438735392804,2.0213154129442694
N2048_eta02,0.0001,4.0,4.5708818961487524e-08,1.9546770093260726,1.9546717875688124,1.9530681503318668
N2048_eta02,0.0001,4.0,4.897788193684457e-08,1.8886640105354746,1.888594485935486,1.8871070725403747
N2048_eta02,0.0001,4.0,5.248074602497723e-08,1.8247228240461733,1.8247370016130715,1.823357788594546
N2048_eta02,0.0001,4.0,5.623413251903491e-08,1.7630051818679253,1.7630266232917418,1.7617481256415821
N2048_eta02,0.0001,4.0,6.025595860743569e-08,1.7033811460152901,1.7033928478495435,1.7022080837801497
N2048_eta02,0.0001,4.0,6.456542290346549e-08,1.6458266616085118,1.6457673315939432,1.644669789526307
N2048_eta02,0.0001,4.0,6.918309709189362e-08,1.5900888836495226,1.5900838405946374,1.5890674482385616
N2048_eta02,0.0001,4.0,7.413102413009178e-08,1.5361870643028697,1.536278200384229,1.5353372957876064
N2048_eta02,0.0001,4.0,7.943282347242806e-08,1.4843406978508578,1.4842882452756545,1.4834175497232942
N2048_eta02,0.0001,4.0,8.511380382023759e-08,1.4341012167128704,1.4340537675091738,1.433248360161534
N2048_eta02,0.0001,4.0,9.120108393559096e-08,1.3854278237056616,1.3855164664227568,1.3847717605869092
N2048_eta02,0.0001,4.0,9.772372209558092e-08,1.3386284241032147,1.338619897808759,1.3379316187425885
N2048_eta02,0.0001,4.0,1.0471285480508985e-07,1.2933605763887939,1.2933094236029588,1.2926735877573046
N2048_eta02,0.0001,4.0,1.122018454301963e-07,1.2495136531722402,1.249532162029863,1.2489450576396468
N2048_eta02,0.0001,4.0,1.202264434617413e-07,1.2072225221963142,1.2072369383123602,1.2066951072522667
N2048_eta02,0.0001,4.0,1.2882495516931324e-07,1.166372989572965,1.1663742360379468,1.165874456862921
N2048_eta02,0.0001,4.0,1.380384264602884e-07,1.1269338826314765,1.1268961492585043,1.1264354213551313
N2048_eta02,0.0001,4.0,1.4791083881682074e-07,1.088757665189952,1.0887563353918048,1.0883318641686488
N2048_eta02,0.0001,4.0,1.584893192461111e-07,1.051850297388561,1.0519099689759832,1.0515191520286487
N2048_eta02,0.0001,4.0,1.6982436524617427e-07,1.016350365443937,1.0163136963258093,1.015954110512525
N2048_eta02,0.0001,4.0,1.8197008586099827e-07,0.9819571950973128,0.9819255911236004,0.9815949804942614
N2048_eta02,0.0001,4.0,1.9498445997580458e-07,0.9486440289908943,0.9487051109753206,0.9484013754983511
N2048_eta02,0.0001,4.0,2.0892961308540366e-07,0.9166190547318022,0.9166130549525295,0.9163342399882415
N2048_eta02,0.0001,4.0,2.2387211385683377e-07,0.8856463530288673,0.885611522135781,0.885355808608001
N2048_eta02,0.0001,4.0,2.39883291901949e-07,0.855652488015072,0.8556638711701408,0.8554295663904292
N2048_eta02,0.0001,4.0,2.570395782768865e-07,0.8267248195265793,0.8267346808374563,0.8265202099399261
N2048_eta02,0.0001,4.0,2.7542287033381637e-07,0.7987858785948507,0.7987897116479471,0.798593609594201
N2048_eta02,0.0001,4.0,2.9512092266663846e-07,0.7718231629896565,0.7717958684476334,0.7716167725651344
N2048_eta02,0.0001,4.0,3.1622776601683797e-07,0.7457243605048581,0.7457211640373014,0.7455578070558504
N2048_eta02,0.0001,4.0,3.3884415613920205e-07,0.7204906491811705,0.7205346837944326,0.7203858873481838
N2048_eta02,0.0001,4.0,3.6307805477010105e-07,0.6962291220812277,0.6962065512880421,0.6960712198522779
N2048_eta02,0.0001,4.0,3.890451449942805e-07,0.6727323246147853,0.6727078948736624,0.67258501010792
N2048_eta02,0.0001,4.0,4.1686938347033557e-07,0.6499737659355997,0.6500108152548802,0.6498994307253758
N2048_eta02,0.0001,4.0,4.4668359215096253e-07,0.6280882822404676,0.6280883539955961,0.6279875902519437
N2048_eta02,0.0001,4.0,4.786300923226381e-07,0.606933909862422,0.6069144629663165,0.606823502949135
N2048_eta02,0.0001,4.0,5.128613839913648e-07,0.5864666985171222,0.5864639747068576,0.5863820594642808
N2048_eta02,0.0001,4.0,5.495408738576237e-07,0.5667067978402716,0.5667125736869169,0.5666389983794474
N2048_eta02,0.0001,4.0,5.888436553555884e-07,0.5476214317604821,0.5476367684452452,0.5475708786198189
N2048_eta02,0.0001,4.0,6.309573444801931e-07,0.5292351865193013,0.5292138645876794,0.5291550527031004
N2048_eta02,0.0001,4.0,6.760829753919819e-07,0.5114316895245153,0.5114219386242264,0.5113696408110299
N2048_eta02,0.0001,4.0,7.244359600749892e-07,0.4942059692908226,0.4942398126244626,0.49419350566375686
N2048_eta02,0.0001,4.0,7.762471166286911e-07,0.47765441554368343,0.47764702967105616,0.47760622817757936
N2048_eta02,0.0001,4.0,8.31763771102671e-07,0.46164261914565496,0.46162383009061164,0.46158808388640105
N2048_eta02,0.0001,4.0,8.912509381337442e-07,0.4461419779109879,0.4461511284412722,0.4461200201071644
N2048_eta02,0.0001,4.0,9.54992586021435e-07,0.4312056735794864,0.4312104912364581,0.4311836338295183
N2048_eta02,0.0001,4.0,1.0232929922807537e-06,0.41678055570238515,0.4167841153843179,0.4167611503100268
N2048_eta02,0.0001,4.0,1.0964781961431828e-06,0.4028699181728004,0.4028548073224718,0.4028354023513011
N2048_eta02,0.0001,4.0,1.1748975549395304e-06,0.38941079410910634,0.3894059628279347,0.3893898102465845
N2048_eta02,0.0001,4.0,1.2589254117941661e-06,0.3763963469431052,0.376421547482265,0.37640836237049086
N2048_eta02,0.0001,4.0,1.3489628825916506e-06,0.36389244492832973,0.36388607777219834,0.3638755963967689
N2048_eta02,0.0001,4.0,1.445439770745928e-06,0.35179847526689534,0.3517846028063527,0.3517765811242179
N2048_eta02,0.0001,4.0,1.5488166189124796e-06,0.3400976642042496,0.34010268662880233,0.3400968988920871
N2048_eta02,0.0001,4.0,1.6595869074375565e-06,0.32882292803700996,0.32882639111060513,0.32882262856654443
N2048_eta02,0.0001,4.0,1.7782794100389231e-06,0.3179344670347404,0.31794225940070703,0.31794032908007286
N2048_eta02,0.0001,4.0,1.9054607179632443e-06,0.307449200666065,0.30743729991788626,0.3074370235058924
N2048_eta02,0.0001,4.0,2.0417379446695316e-06,0.29730678698762303,0.2972989708656947,0.29730018364977806
N2048_eta02,0.0001,4.0,2.187761623949552e-06,0.28749867417584324,0.2875151652526864,0.2875177151419177
N2048_eta02,0.0001,4.0,2.344228815319918e-06,0.2780736271714026,0.27807419640045783,0.27807794301168176
N2048_eta02,0.0001,4.0,2.5118864315095823e-06,0.26896848938978185,0.26896478392232176,0.26896959772846574
N2048_eta02,0.0001,4.0,2.6915348039269138e-06,0.2601839881592704,0.26017604015570256,0.2601818016919826
N2048_eta02,0.0001,4.0,2.8840315031266e-06,0.25170027332514844,0.25169745703158763,0.2517040561556231
N2048_eta02,0.0001,4.0,3.0902954325135923e-06,0.24350352320876545,0.24351889336461433,0.243526228566737
N2048_eta02,0.0001,4.0,3.311311214825908e-06,0.2356317775288992,0.23563056254762077,0.23563854030788742
N2048_eta02,0.0001,4.0,3.548133892335746e-06,0.22802742066542686,0.22802302063464802,0.22803155482332615
N2048_eta02,0.0001,4.0,3.801893963205613e-06,0.22069350080563993,0.2206871547966663,0.2206961661151428
N2048_eta02,0.0001,4.0,4.073802778041122e-06,0.2136172318602207,0.21361417213440848,0.21362358759369485
N2048_eta02,0.0001,4.0,4.365158322401666e-06,0.20678386630036905,0.2067955888329143,0.20680534126709227
N2048_eta02,0.0001,4.0,4.677351412871981e-06,0.20022250680277265,0.20022321964254075,0.20023324725467617
N2048_eta02,0.0001,4.0,5.011872336272715e-06,0.19388714780834929,0.19388916767134023,0.19389941360954513
N2048_eta02,0.0001,4.0,5.370317963702533e-06,0.18779219931385607,0.1877858144738741,0.18779622643534954
N2048_eta02,0.0001,4.0,5.754399373371567e-06,0.18191175635645435,0.1819058104216502,0.18191634028268755
N2048_eta02,0.0001,4.0,6.16595001861481e-06,0.1762415092103943,0.17624206534053066,0.17625266881057142
N2048_eta02,0.0001,4.0,6.606934480075964e-06,0.17078826625936322,0.17078773940060837,0.1707983756985865
N2048_eta02,0.0001,4.0,7.079457843841373e-06,0.1655272349652552,0.16553623424419697,0.1655468657955056
N2048_eta02,0.0001,4.0,7.585775750291821e-06,0.1604804732544822,0.16048118433777264,0.16049177649029367
N2048_eta02,0.0001,4.0,8.128305161640995e-06,0.15561093614916605,0.1556164485339109,0.15562696929164846
N2048_eta02,0.0001,4.0,8.709635899560797e-06,0.1509382412557998,0.15093610182950112,0.150946521602453
N2048_eta02,0.0001,4.0,9.332543007969886e-06,0.14643461144002218,0.14643442730682135,0.14644471867580164
N2048_eta02,0.0001,4.0,1e-05,0.14210978256076637,0.142105908244416,0.14211604573962405
N2048_eta02,0.0001,4.0,1.071519305237605e-05,0.1379477647029565,0.1379452203851432,0.13795518027734777
N2048_eta02,0.0001,4.0,1.1481536214968841e-05,0.13395109037077813,0.1339472243492901,0.13395698445256396
N2048_eta02,0.0001,4.0,1.230268770812381e-05,0.1301097155530368,0.13010695818129575,0.13011649766629918
N2048_eta02,0.0001,4.0,1.3182567385564049e-05,0.12642310002248536,0.1264196300193732,0.12642892923624247
N2048_eta02,0.0001,4.0,1.4125375446227553e-05,0.12288256540198784,0.12288061087825179,0.12288965118820482
N2048_eta02,0.0001,4.0,1.5135612484362071e-05,0.11948827246395477,0.11948542753633314,0.11949419115115094
N2048_eta02,0.0001,4.0,1.6218100973589265e-05,0.11622938611471301,0.1162297555198319,0.11623822534842201
N2048_eta02,0.0001,4.0,1.7378008287493764e-05,0.11311056609214033,0.11310941217796051,0.11311757167924733
N2048_eta02,0.0001,4.0,1.8620871366628657e-05,0.11011647222614747,0.11012034984492264,0.11012818288634924
N2048_eta02,0.0001,4.0,1.995262314968875e-05,0.10725861910805215,0.10725864908644493,0.10726613980740048
N2048_eta02,0.0001,4.0,2.1379620895022326e-05,0.10451865570232377,0.10452051203079207,0.10452764471030951
N2048_eta02,0.0001,4.0,2.29086765276777e-05,0.10190404350034134,0.10190225578669478,0.1019090147147849
N2048_eta02,0.0001,4.0,2.4547089156850235e-05,0.09940218023402315,0.09940030595336553,0.09940667530537334
N2048_eta02,0.0001,4.0,2.6302679918953814e-05,0.09700845823535144,0.09701119023079366,0.09701715394417473
N2048_eta02,0.0001,4.0,2.8183829312644495e-05,0.09473210527172676,0.09473153214175302,0.09473707379467652
N2048_eta02,0.0001,4.0,3.0199517204020195e-05,0.09255951510220942,0.09255804488041695,0.09256314757159989
N2048_eta02,0.0001,4.0,3.235936569296281e-05,0.09048542456926977,0.09048752530609608,0.09049217153526973
N2048_eta02,0.0001,4.0,3.467368504525309e-05,0.08851768877784223,0.08851684810433344,0.0885210196527278
N2048_eta02,0.0001,4.0,3.715352290971728e-05,0.0866439928677107,0.08664296014133582,0.08664663795154598
N2048_eta02,0.0001,4.0,3.9810717055349695e-05,0.08486177966015873,0.08486287504138117,0.08486603909594949
N2048_eta02,0.0001,4.0,4.265795188015917e-05,0.08317297050509578,0.0831736680203083,0.08317629721831502
N2048_eta02,0.0001,4.0,4.570881896148752e-05,0.08157317966387606,0.08157247101133236,0.08157454304223898
N2048_eta02,0.0001,4.0,4.897788193684457e-05,0.08005682215278627,0.08005646812207959,0.0800579593360097
N2048_eta02,0.0001,4.0,5.2480746024977124e-05,0.07862373162446323,0.0786228914637419,0.07862377673731441
N2048_eta02,0.0001,4.0,5.623413251903491e-05,0.07726909345345091,0.07726901739444679,0.07726926999119914
N2048_eta02,0.0001,4.0,6.025595860743569e-05,0.0759912302139549,0.07599216321914377,0.07599175464349468
N2048_eta02,0.0001,4.0,6.456542290346563e-05,0.07478853854940726,0.07478968438737513,0.07478858423098259
N2048_eta02,0.0001,4.0,6.918309709189364e-05,0.07365799969765054,0.07365897222808317,0.07365714800735132
N2048_eta02,0.0001,4.0,7.413102413009161e-05,0.07259661377805054,0.0725974522569894,0.07259486924037292
N2048_eta02,0.0001,4.0,7.943282347242822e-05,0.07160176003672833,0.07160258308701084,0.07159920411065711
N2048_eta02,0.0001,4.0,8.51138038202376e-05,0.07067106349127,0.07067185596562378,0.07066764123578376
N2048_eta02,0.0001,4.0,9.120108393559079e-05,0.06980231292293886,0.06980279495510196,0.0697977018356348
N2048_eta02,0.0001,4.0,9.772372209558111e-05,0.06899307231053287,0.06899295776226692,0.06898694054545905
N2048_eta02,0.0001,4.0,0.00010471285480508985,0.06824029430963242,0.06823993721397602,0.06823294687279893
N2048_eta02,0.0001,4.0,0.00011220184543019607,0.06754161486289308,0.06754136336332472,0.06753334728316399
N2048_eta02,0.0001,4.0,0.00012022644346174132,0.06689486998226493,0.06689490619978883,0.06688580788759393
N2048_eta02,0.0001,4.0,0.00012882495516931323,0.06629789218538831,0.06629827892468834,0.0662880376934155
N2048_eta02,0.0001,4.0,0.0001380384264602881,0.06574950258870962,0.06574924174187223,0.06573779236801956
N2048_eta02,0.0001,4.0,0.00014791083881682073,0.06524569979094672,0.06524560610288262,0.06523287845484659
N2048_eta02,0.0001,4.0,0.0001584893192461111,0.06478501614013447,0.06478523933653656,0.06477115797144439
N2048_eta02,0.0001,4.0,0.0001698243652461746,0.06436625940541801,0.06436606958532784,0.06435055331191797
N2048_eta02,0.0001,4.0,0.00018197008586099826,0.06398580628321524,0.06398609096570304,0.0639690523707267
N2048_eta02,0.0001,4.0,0.00019498445997580418,0.06364354360691006,0.06364336886643121,0.063624713801927
N2048_eta02,0.0001,4.0,0.00020892961308540412,0.06333583330465628,0.0633360452992035,0.06331567232783968
N2048_eta02,0.0001,4.0,0.00022387211385683378,0.06306244552457495,0.06306234421836784,0.06304014401385233
N2048_eta02,0.0001,4.0,0.0002398832919019485,0.06282064955606396,0.0628205767323265,0.06279643143163459
N2048_eta02,0.0001,4.0,0.0002570395782768865,0.06260897327830199,0.06260914613745423,0.0625829286413169
N2048_eta02,0.0001,4.0,0.00027542287033381635,0.062426626088600515,0.06242655271618631,0.062398125933903405
N2048_eta02,0.0001,4.0,0.0002951209226666378,0.062271517291423606,0.062271398253822836,0.06224061428801165
N2048_eta02,0.0001,4.0,0.000316227766016838,0.062142372331990624,0.0621423902431745,0.06210908950952425
N2048_eta02,0.0001,4.0,0.0003388441561392021,0.06203821706918601,0.06203834576195658,0.06200235603842683
N2048_eta02,0.0001,4.0,0.0003630780547701003,0.06195809957627217,0.06195819502433649,0.061919330423506856
N2048_eta02,0.0001,4.0,0.0003890451449942805,0.06190095279779308,0.06190098462477879,0.061859044482218344
N2048_eta02,0.0001,4.0,0.0004168693834703347,0.06186588624945438,0.06186588050888596,0.061820648179457184
N2048_eta02,0.0001,4.0,0.0004466835921509635,0.061852188372004735,0.061852170721947985,0.061803412274880884
N2048_eta02,0.0001,4.0,0.00047863009232263805,0.06185927876483058,0.06185926800112847,0.06180673080348437
N2048_eta02,0.0001,4.0,0.0005128613839913639,0.06188669992645794,0.06188671229147868,0.061830123468256434
N2048_eta02,0.0001,4.0,0.0005495408738576249,0.06193412543392413,0.06193417327924829,0.06187323803684648
N2048_eta02,0.0001,4.0,0.0005888436553555884,0.062001377693546196,0.06200145304833719,0.061935852846355846
N2048_eta02,0.0001,4.0,0.0006309573444801918,0.062088434947266125,0.06208848897741045,0.062017879531825096
N2048_eta02,0.0001,4.0,0.000676082975391982,0.06219537492653172,0.06219535700649767,0.06211936610503142
N2048_eta02,0.0001,4.0,0.0007244359600749892,0.062322334562639393,0.06232227541323958,0.06224050052125795
N2048_eta02,0.0001,4.0,0.0007762471166286897,0.062469625860844195,0.06246960925086158,0.062381614883267496
N2048_eta02,0.0001,4.0,0.000831763771102671,0.06263781823637243,0.0626378756130693,0.06254319044442608
N2048_eta02,0.0001,4.0,0.000891250938133744,0.06282774978856313,0.06282774990610504,0.06272586358749271
N2048_eta02,0.0001,4.0,0.000954992586021437,0.06304012118482609,0.06304007332601395,0.06293043297284738
N2048_eta02,0.0001,4.0,0.0010232929922807535,0.06327582746123087,0.06327586176070003,0.06315786807081136
N2048_eta02,0.0001,4.0,0.001096478196143183,0.06353630932547627,0.0635363163627233,0.06340931931832122
N2048_eta02,0.0001,4.0,0.0011748975549395304,0.06382287411549292,0.0638228360712835,0.0636861301718178
N2048_eta02,0.0001,4.0,0.0012589254117941662,0.06413698554612127,0.06413703240199911,0.06398985136732341
N2048_eta02,0.0001,4.0,0.0013489628825916506,0.06448078177498039,0.06448074687275851,0.06432225774711518
N2048_eta02,0.0001,4.0,0.0014454397707459282,0.06485605428714294,0.06485607149533523,0.06468536807237261
N2048_eta02,0.0001,4.0,0.0015488166189124796,0.06526537870812582,0.06526537283839907,0.06508146831541872
N2048_eta02,0.0001,4.0,0.0016595869074375565,0.06571132683361403,0.06571132026146247,0.06551313901709642
N2048_eta02,0.0001,4.0,0.001778279410038923,0.06619690903457591,0.06619691903552899,0.06598328740872324
N2048_eta02,0.0001,4.0,0.0019054607179632445,0.06672556220210743,0.06672554921028062,0.06649518513942115
N2048_eta02,0.0001,4.0,0.0020417379446695232,0.06730100147296966,0.06730101126660645,0.06705251262542608
N2048_eta02,0.0001,4.0,0.002187761623949552,0.06792758636545149,0.06792757981622392,0.06765941125726609
N2048_eta02,0.0001,4.0,0.002344228815319918,0.06861007020010669,0.06861006688884581,0.06832054497518575
N2048_eta02,0.0001,4.0,0.002511886431509582,0.06935388535194148,0.06935389669712681,0.06904117306816861
N2048_eta02,0.0001,4.0,0.0026915348039269144,0.07016521844125052,0.07016519421057954,0.06982723648746587
N2048_eta02,0.0001,4.0,0.0028840315031266,0.07105085719867148,0.07105089042828616,0.07068546051823092
N2048_eta02,0.0001,4.0,0.003090295432513592,0.07201888376818986,0.07201884795170542,0.07162347735800928
N2048_eta02,0.0001,4.0,0.003311311214825908,0.07307797928809359,0.07307801137017435,0.07264997305576655
N2048_eta02,0.0001,4.0,0.003548133892335746,0.07423860364580563,0.07423858814599281,0.07377486443367487
N2048_eta02,0.0001,4.0,0.0038018939632056127,0.0755122761375899,0.07551226720882957,0.07500951313275275
N2048_eta02,0.0001,4.0,0.0040738027780411225,0.07691245546158462,0.07691248445735213,0.07636698591143387
N2048_eta02,0.0001,4.0,0.004365158322401648,0.07845478305165103,0.07845474697999857,0.07786237294718291
N2048_eta02,0.0001,4.0,0.004677351412871981,0.08015700672180953,0.08015703126920633,0.07951317937363836
N2048_eta02,0.0001,4.0,0.005011872336272715,0.08204027173110008,0.08204027532524386,0.08133980995005921
N2048_eta02,0.0001,4.0,0.005370317963702533,0.08412902280497182,0.08412899076562895,0.08336617306057986
N2048_eta02,0.0001,4.0,0.005754399373371567,0.08645199138906226,0.08645202949792817,0.08562043882848144
N2048_eta02,0.0001,4.0,0.006165950018614809,0.08904356415282713,0.08904355107356476,0.08813599794597057
N2048_eta02,0.0001,4.0,0.006606934480075964,0.09194427790015884,0.09194425281715249,0.09095268423700288
N2048_eta02,0.0001,4.0,0.007079457843841374,0.09520290453029562,0.09520294712161367,0.09411834701911871
N2048_eta02,0.0001,4.0,0.007585775750291821,0.09887862156133509,0.09887860172550583,0.09769089204121473
N2048_eta02,0.0001,4.0,0.008128305161640995,0.10304302856032997,0.10304300354287882,0.10174095672644838
N2048_eta02,0.0001,4.0,0.008709635899560796,0.107784224097528,0.10778427102271479,0.10635545363954943
N2048_eta02,0.0001,4.0,0.009332543007969887,0.11321155201701755,0.11321153368864617,0.1116423163382063
N2048_eta02,0.0001,4.0,0.01,0.11946126981051716,0.11946123516881611,0.11773693095010954
N2048_eta01,0.0001,0.0,1.0000000000000002e-14,0.022525589263263403,0.02263135714086211,0.022630945286013084
N2048_eta01,0.0001,0.0,1.0715193052376049e-14,0.023394171493116598,0.023426665645758824,0.02342624520093506
N2048_eta01,0.0001,0.0,1.148153621496884e-14,0.024349583102316566,0.024249933839690582,0.024249493619462676
N2048_eta01,0.0001,0.0,1.2302687708123812e-14,0.025153934233270406,0.025102148572397762,0.025101672706174236
N2048_eta01,0.0001,0.0,1.3182567385564046e-14,0.02595914015635515,0.025984291500448686,0.02598379914034144
N2048_eta01,0.0001,0.0,1.4125375446227557e-14,0.02697736087702241,0.026897434867418548,0.02689692532877416
N2048_eta01,0.0001,0.0,1.5135612484362073e-14,0.027962793813987415,0.027842674562429698,0.027842140661278863
N2048_eta01,0.0001,0.0,1.6218100973589332e-14,0.02877935569188878,0.028821134104769747,0.02882057281022786
N2048_eta01,0.0001,0.0,1.7378008287493765e-14,0.029719314735113793,0.029833986082880064,0.029833389075787205
N2048_eta01,0.0001,0.0,1.8620871366628658e-14,0.030904762524909715,0.030882413126338704,0.030881797778408222
N2048_eta01,0.0001,0.0,1.9952623149688828e-14,0.031950410961788356,0.031967700094282854,0.031967049700241154
N2048_eta01,0.0001,0.0,2.1379620895022327e-14,0.03290581448242632,0.03309113506974228,0.03309043957718915
N2048_eta01,0.0001,0.0,2.29086765276777e-14,0.03420670269747548,0.03425402794724996,0.03425330764338135
N2048_eta01,0.0001,0.0,2.4547089156850338e-14,0.035578022713559816,0.03545780489370981,0.035457041229904354
N2048_eta01,0.0001,0.0,2.6302679918953815e-14,0.036726222429181485,0.036703865859913115,0.036703076419697535
N2048_eta01,0.0001,0.0,2.8183829312644495e-14,0.03795540356218827,0.03799373804168729,0.03799289976058432
N2048_eta01,0.0001,0.0,3.019951720402019e-14,0.03948386869202999,0.039328923324698305,0.039328050038479265
N2048_eta01,0.0001,0.0,3.2359365692962816e-14,0.040895057647167755,0.04071103949712878,0.04071012011288311
N2048_eta01,0.0001,0.0,3.46736850452531e-14,0.04208628028781361,0.04214173019414667,0.042140758816853294
N2048_eta01,0.0001,0.0,3.715352290971728e-14,0.04351931266317333,0.043622694947863874,0.043621672923710636
N2048_eta01,0.0001,0.0,3.9810717055349693e-14,0.04522856035946502,0.04515569949986499,0.04515462918282488
N2048_eta01,0.0001,0.0,4.2657951880159345e-14,0.046693134433430414,0.04674258247270213,0.04674145642690361
N2048_eta01,0.0001,0.0,4.570881896148752e-14,0.048091373558604295,0.04838523544203734,0.04838404775329112
N2048_eta01,0.0001,0.0,4.897788193684456e-14,0.05002364183189838,0.05008561924736796,0.05008436278187544
N2048_eta01,0.0001,0.0,5.248074602497734e-14,0.05197512471957401,0.05184575348190301,0.051844429992288624
N2048_eta01,0.0001,0.0,5.623413251903491e-14,0.05361474181945543,0.05366773804790981,0.05366634914318185
N2048_eta01,0.0001,0.0,6.025595860743569e-14,0.05549225398113405,0.055553758382493455,0.055552293776453626
N2048_eta01,0.0001,0.0,6.456542290346563e-14,0.057765114277718674,0.05750605786330306,0.05750451380940811
N2048_eta01,0.0001,0.0,6.918309709189363e-14,0.05978498240485028,0.059526970932252316,0.05952533821792578
N2048_eta01,0.0001,0.0,7.413102413009162e-14,0.061547066954127316,0.06161890156069913,0.061617177813837756
N2048_eta01,0.0001,0.0,7.943282347242822e-14,0.06373647195134155,0.06378433940086209,0.06378252811980191
N2048_eta01,0.0001,0.0,8.51138038202376e-14,0.06619326774856726,0.06602588784805895,0.06602397234509694
N2048_eta01,0.0001,0.0,9.120108393559116e-14,0.06825219789710033,0.06834620919079408,0.06834418446587129
N2048_eta01,0.0001,0.0,9.772372209558112e-14,0.07032062368636584,0.07074806650375115,0.07074593241349983
N2048_eta01,0.0001,0.0,1.0471285480508985e-13,0.073167149009958,0.07323433953960622,0.07323208137483653
N2048_eta01,0.0001,0.0,1.1220184543019654e-13,0.07592438374479922,0.07580798220898083,0.07580559720827679
N2048_eta01,0.0001,0.0,1.2022644346174131e-13,0.07826944527106658,0.0784720726885435,0.0784695499796805
N2048_eta01,0.0001,0.0,1.2882495516931323e-13,0.08112961195524195,0.0812297810252735,0.08122711762235044
N2048_eta01,0.0001,0.0,1.3803842646028868e-13,0.08447511842481195,0.08408440778306082,0.08408158972539903
N2048_eta01,0.0001,0.0,1.4791083881682072e-13,0.08736406159987246,0.08703935335190544,0.08703637145499338
N2048_eta01,0.0001,0.0,1.584893192461111e-13,0.09000424150898698,0.09009814063114215,0.09009498761312007
N2048_eta01,0.0001,0.0,1.698243652461746e-13,0.09334467575937942,0.09326442410749236,0.09326108683866993
N2048_eta01,0.0001,0.0,1.8197008586099824e-13,0.09686902362553909,0.09654198199597824,0.09653844595581108
N2048_eta01,0.0001,0.0,1.9498445997580416e-13,0.09978366584184847,0.09993471785134134,0.09993097447479049
N2048_eta01,0.0001,0.0,2.0892961308540411e-13,0.10287709765451401,0.10344668591037733,0.1034427192504748
N2048_eta01,0.0001,0.0,2.2387211385683378e-13,0.1070388070288944,0.10708207591947343,0.10707786930412921
N2048_eta01,0.0001,0.0,2.3988329190194847e-13,0.11091311596061168,0.11084521759925185,0.11084076081412138
N2048_eta01,0.0001,0.0,2.570395782768865e-13,0.11427911670296506,0.11474060520873476,0.114735882281425
N2048_eta01,0.0001,0.0,2.7542287033381635e-13,0.11861314987465009,0.11877288927886853,0.11876787987600448
N2048_eta01,0.0001,0.0,2.95120922666639e-13,0.1234867171062109,0.12294687954255477,0.12294156297037037
N2048_eta01,0.0001,0.0,3.1622776601683797e-13,0.12761483148990435,0.12726754745381105,0.12726190986679647
N2048_eta01,0.0001,0.0,3.3884415613920205e-13,0.13161162618911373,0.1317400583349079,0.13173407372492704
N2048_eta01,0.0001,0.0,3.630780547701018e-13,0.13668542387966612,0.13636974245613204,0.13636338869671366
N2048_eta01,0.0001,0.0,3.890451449942805e-13,0.14173537573054348,0.14116212330282868,0.14115537627586222
N2048_eta01,0.0001,0.0,4.168693834703347e-13,0.14590332705969908,0.14612291595710242,0.14611575186921358
N2048_eta01,0.0001,0.0,4.466835921509635e-13,0.15057504863615356,0.15125804315180094,0.15125043159772134
N2048_eta01,0.0001,0.0,4.786300923226381e-13,0.15661978871000987,0.15657362464253627,0.1565655393349511
N2048_eta01,0.0001,0.0,5.128613839913659e-13,0.1620449502145209,0.16207600524338392,0.16206741399129038
N2048_eta01,0.0001,0.0,5.495408738576248e-13,0.16690546768837305,0.1677717513255678,0.16776261705231738
N2048_eta01,0.0001,0.0,5.888436553555884e-13,0.17342592711787613,0.17366765180943167,0.17365794038007099
N2048_eta01,0.0001,0.0,6.309573444801943e-13,0.18045435202868967,0.17977074135409957,0.17976041428623274
N2048_eta01,0.0001,0.0,6.760829753919819e-13,0.18634795164449197,0.18608829738506197,0.18607731588653478
N2048_eta01,0.0001,0.0,7.244359600749892e-13,0.19243957095189956,0.19262786060608544,0.19261617774600953
N2048_eta01,0.0001,0.0,7.762471166286928e-13,0.20009225337519615,0.19939722754675235,0.19938479682499485
N2048_eta01,0.0001,0.0,8.317637711026709e-13,0.20732302673795724,0.2064044733216805,0.20639124373613318
N2048_eta01,0.0001,0.0,8.912509381337441e-13,0.21335924059215428,0.21365795468469923,0.21364387232292895
N2048_eta01,0.0001,0.0,9.54992586021437e-13,0.22046687255838446,0.22116632288915916,0.22115132957074468
N2048_eta01,0.0001,0.0,1.0232929922807536e-12,0.22919987117402224,0.22893852869015016,0.2289225658614713
N2048_eta01,0.0001,0.0,1.0964781961431851e-12,0.23678907797562748,0.23698384587337584,0.2369668455834453
N2048_eta01,0.0001,0.0,1.1748975549395302e-12,0.2438669940141337,0.2453118666863124,0.24529375810853196
N2048_eta01,0.0001,0.0,1.258925411794166e-12,0.25359690998101153,0.25393252079814593,0.25391322914866366
N2048_eta01,0.0001,0.0,1.3489628825916534e-12,0.2636382891381144,0.2628560880898458,0.26283553250447744
N2048_eta01,0.0001,0.0,1.445439770745928e-12,0.27204905992738687,0.2720932090095223,0.272071302219066
N2048_eta01,0.0001,0.0,1.5488166189124795e-12,0.2813603125382278,0.2816548943420927,0.2816315451502358
N2048_eta01,0.0001,0.0,1.6595869074375598e-12,0.2928001471503149,0.2915525465030534,0.29152765397504066
N2048_eta01,0.0001,0.0,1.7782794100389228e-12,0.3031467227655426,0.3017979606563865,0.3017714206407372
N2048_eta01,0.0001,0.0,1.9054607179632443e-12,0.31201298293368507,0.31240335040150813,0.31237505027669954
N2048_eta01,0.0001,0.0,2.041737944669532e-12,0.3228719366487022,0.3233813564909041,0.32335117558221466
N2048_eta01,0.0001,0.0,2.1877616239495518e-12,0.3354373896906431,0.33474506440973606,0.3347128717054517
N2048_eta01,0.0001,0.0,2.344228815319923e-12,0.34607389486345885,0.3465080148236922,0.34647367162930687
N2048_eta01,0.0001,0.0,2.5118864315095823e-12,0.35648860368343754,0.35868422345926326,0.3586475820801755
N2048_eta01,0.0001,0.0,2.6915348039269142e-12,0.370884374191073,0.3712881981494621,0.3712490999761026
N2048_eta01,0.0001,0.0,2.884031503126606e-12,0.385110554750275,0.384334954862826,0.3842932294311147
N2048_eta01,0.0001,0.0,3.090295432513592e-12,0.3971218955532525,0.397840034771866,0.3977954993328959
N2048_eta01,0.0001,0.0,3.311311214825908e-12,0.4113425035691539,0.4118195203937291,0.4117719815113225
N2048_eta01,0.0001,0.0,3.548133892335753e-12,0.4282701785800911,0.42629005993289,0.4262393095156842
N2048_eta01,0.0001,0.0,3.8018939632056125e-12,0.4430616661257219,0.4412688826254739,0.44121469801874047
N2048_eta01,0.0001,0.0,4.073802778041122e-12,0.4562690397866499,0.45677382271131306,0.4567159628660394
N2048_eta01,0.0001,0.0,4.365158322401657e-12,0.4728689963601853,0.4728233302277616,0.47276154178918645
N2048_eta01,0.0001,0.0,4.677351412871982e-12,0.4908951908192867,0.4894365075562671,0.48937051580195756
N2048_eta01,0.0001,0.0,5.011872336272715e-12,0.505879593940776,0.5066331191000474,0.5065626312983597
N2048_eta01,0.0001,0.0,5.370317963702533e-12,0.5213802541437694,0.5244336199406932,0.5243583228718611
N2048_eta01,0.0001,0.0,5.754399373371567e-12,0.5425023353207942,0.5428591790042296,0.5427787368750896
N2048_eta01,0.0001,0.0,6.165950018614822e-12,0.5625145905180702,0.5619317020118918,0.5618457557393568
N2048_eta01,0.0001,0.0,6.6069344800759645e-12,0.5797100097326937,0.5816738586239517,0.5815820230732665
N2048_eta01,0.0001,0.0,7.079457843841373e-12,0.6013405076930688,0.602109105583326,0.6020109695595867
N2048_eta01,0.0001,0.0,7.585775750291836e-12,0.6261151467521965,0.6232617174457232,0.6231568396693155
N2048_eta01,0.0001,0.0,8.128305161640996e-12,0.6472329686248015,0.6451568113449208,0.6450447192115548
N2048_eta01,0.0001,0.0,8.709635899560797e-12,0.6671510047969819,0.6678203755789296,0.667700563737374
N2048_eta01,0.0001,0.0,9.332543007969906e-12,0.6924517858626793,0.691279300184473,0.6911512278152552
N2048_eta01,0.0001,0.0,1e-11,0.7182545892041394,0.7155614079365527,0.7154244951949923
N2048_eta01,0.0001,0.0,1.0715193052376049e-11,0.7395462808216091,0.74069548254362,0.7405491098760273
N2048_eta01,0.0001,0.0,1.1481536214968842e-11,0.7628739503962888,0.7667113059942676,0.7665548080950986
N2048_eta01,0.0001,0.0,1.2302687708123813e-11,0.7936232627619597,0.7936396854642986,0.7934723512467872
N2048_eta01,0.0001,0.0,1.3182567385564075e-11,0.8216184843476803,0.8215124917329104,0.8213335597490045
N2048_eta01,0.0001,0.0,1.4125375446227556e-11,0.846353606838993,0.8503626925664063,0.8501713478636103
N2048_eta01,0.0001,0.0,1.5135612484362072e-11,0.8790372768360464,0.8802243901290068,0.8800197594802859
N2048_eta01,0.0001,0.0,1.6218100973589298e-11,0.9148835653554656,0.9111328568768279,0.910914004869267
N2048_eta01,0.0001,0.0,1.7378008287493765e-11,0.9449810386196362,0.9431245719340793,0.9428904984057311
N2048_eta01,0.0001,0.0,1.8620871366628657e-11,0.975296385426312,0.976237264522946,0.9759868972653511
N2048_eta01,0.0001,0.0,1.995262314968879e-11,1.013615700887707,1.0105099499570847,1.0102421410868034
N2048_eta01,0.0001,0.0,2.1379620895022327e-11,1.0504749973284098,1.0459829711116417,1.0456964925927141
N2048_eta01,0.0001,0.0,2.2908676527677702e-11,1.0810869479386713,1.082698043286283,1.0823915791557124
N2048_eta01,0.0001,0.0,2.4547089156850283e-11,1.116519631408903,1.1206982932428895,1.1203704352907253
N2048_eta01,0.0001,0.0,2.6302679918953818e-11,1.160959290141855,1.16002830567295,1.1596775460484015
N2048_eta01,0.0001,0.0,2.8183829312644493e-11,1.199974217976807,1.200734167349278,1.2003588912775487
N2048_eta01,0.0001,0.0,3.019951720402019e-11,1.235818944014032,1.2428635116684856,1.2424619907164807
N2048_eta01,0.0001,0.0,3.235936569296281e-11,1.284775605821131,1.2864655666989713,1.2860359498642642
N2048_eta01,0.0001,0.0,3.467368504525317e-11,1.3360286448140133,1.3315912002270258,1.3311315065728517
N2048_eta01,0.0001,0.0,3.715352290971728e-11,1.378838178636352,1.37829296983111,1.3778010782897394
N2048_eta01,0.0001,0.0,3.9810717055349695e-11,1.4252079738430758,1.426625170138918,1.4260988098683218
N2048_eta01,0.0001,0.0,4.2657951880159254e-11,1.4826959344622757,1.4766438814506968,1.47608062184892
N2048_eta01,0.0001,0.0,4.570881896148752e-11,1.535209597985653,1.5284070193856283,1.5278042590977539
N2048_eta01,0.0001,0.0,4.897788193684457e-11,1.5798420221589318,1.5819743859919322,1.5813293396736068
N2048_eta01,0.0001,0.0,5.2480746024977236e-11,1.6339768014517955,1.6374077168970524,1.6367174037723442
N2048_eta01,0.0001,0.0,5.6234132519034906e-11,1.697747117735211,1.694770733121138,1.6940319625776457
N2048_eta01,0.0001,0.0,6.025595860743569e-11,1.7520224115572114,1.7541291887284132,1.7533385468222207
N2048_eta01,0.0001,0.0,6.456542290346562e-11,1.8044698758267141,1.815550922397893,1.814704754836776
N2048_eta01,0.0001,0.0,6.918309709189364e-11,1.8770251813589691,1.8791059032889166,1.8782002998342981
N2048_eta01,0.0001,0.0,7.413102413009162e-11,1.949383213814955,1.9448662789557463,1.943897056144167
N2048_eta01,0.0001,0.0,7.943282347242822e-11,2.0101454209326346,2.0129064233106884,2.011869104073995
N2048_eta01,0.0001,0.0,8.511380382023759e-11,2.0810670219226353,2.083302977691692,2.082192773036754
N2048_eta01,0.0001,0.0,9.120108393559097e-11,2.1662037649096795,2.1561348955615673,2.1549466825361
N2048_eta01,0.0001,0.0,9.772372209558111e-11,2.2406872409611194,2.231483482425291,2.2302117805534194
N2048_eta01,0.0001,0.0,1.0471285480508986e-10,2.306701140629373,2.309432430500879,2.30807137882607
N2048_eta01,0.0001,0.0,1.1220184543019632e-10,2.3894802508869706,2.3900678540165994,2.3886111844463436
N2048_eta01,0.0001,0.0,1.2022644346174132e-10,2.4802592149452964,2.4734783167457395,2.471919327145084
N2048_eta01,0.0001,0.0,1.2882495516931322e-10,2.5557742831135726,2.5597548568528277,2.558086381551836
N2048_eta01,0.0001,0.0,1.3803842646028838e-10,2.633325211376694,2.648991004655745,2.647205383644265
N2048_eta01,0.0001,0.0,1.479108388168207e-10,2.739443342437628,2.7412827945109974,2.739371840513096
N2048_eta01,0.0001,0.0,1.5848931924611142e-10,2.8401224575566504,2.8367287687848015,2.8346837324742085
N2048_eta01,0.0001,0.0,1.6982436524617427e-10,2.9261612542945508,2.935429973273001,2.9332415064563166
N2048_eta01,0.0001,0.0,1.8197008586099827e-10,3.0339650530682842,3.0374899434436435,3.0351480594801634
N2048_eta01,0.0001,0.0,1.9498445997580455e-10,3.1578479830134625,3.1430146777749646,3.140508710922938
N2048_eta01,0.0001,0.0,2.0892961308540407e-10,3.2626362368378263,3.2521126008284167,3.2494311621289707
N2048_eta01,0.0001,0.0,2.2387211385683377e-10,3.3614064686636276,3.364894510893668,3.3620254417841338
N2048_eta01,0.0001,0.0,2.3988329190194897e-10,3.4871910892055276,3.481473511263715,3.478403835316375
N2048_eta01,0.0001,0.0,2.570395782768865e-10,3.614966354771977,3.6019649248306633,3.5986807964177476
N2048_eta01,0.0001,0.0,2.7542287033381637e-10,3.7201550505913787,3.7264861883629017,3.722972838604106
N2048_eta01,0.0001,0.0,2.951209226666384e-10,3.8357812639189404,3.8551567241336504,3.851398404536821
N2048_eta01,0.0001,0.0,3.1622776601683795e-10,3.9882346419900183,3.9880977874035928,3.984077710626208
N2048_eta01,0.0001,0.0,3.3884415613920275e-10,4.125714435628977,4.125432286513277,4.121132564219512
N2048_eta01,0.0001,0.0,3.6307805477010104e-10,4.247078737093792,4.2672845724385,4.262686150446812
N2048_eta01,0.0001,0.0,3.890451449942805e-10,4.408557687719454,4.413780194178703,4.408862785557245
N2048_eta01,0.0001,0.0,4.168693834703355e-10,4.584287322395626,4.565045618838665,4.55978763332629
N2048_eta01,0.0001,0.0,4.4668359215096254e-10,4.729486372934033,4.721207908773534,4.715586380854251
N2048_eta01,0.0001,0.0,4.78630092322638e-10,4.87781297068638,4.882394355997816,4.8763848698077945
N2048_eta01,0.0001,0.0,5.128613839913648e-10,5.065647599642958,5.048732066491666,5.042308678884049
N2048_eta01,0.0001,0.0,5.495408738576249e-10,5.242030935423347,5.220347491180945,5.213482653003094
N2048_eta01,0.0001,0.0,5.888436553555885e-10,5.3884278789578675,5.397365898616161,5.3900303744640965
N2048_eta01,0.0001,0.0,6.30957344480193e-10,5.5608624169353496,5.579910784355099,5.572073571038471
N2048_eta01,0.0001,0.0,6.760829753919819e-10,5.773893527391881,5.768103210946239,5.7597314557267385
N2048_eta01,0.0001,0.0,7.244359600749892e-10,5.956425169223326,5.962061074365893,5.953119992682032
N2048_eta01,0.0001,0.0,7.762471166286911e-10,6.1260702211801465,6.161898289226235,6.15235108361253
N2048_eta01,0.0001,0.0,8.31763771102671e-10,6.361106606111736,6.367723888331119,6.3575316688280425
N2048_eta01,0.0001,0.0,8.91250938133746e-10,6.600472663164497,6.579641030048697,6.568762737007006
N2048_eta01,0.0001,0.0,9.54992586021435e-10,6.795924215962222,6.797745906879596,6.786138237743607
N2048_eta01,0.0001,0.0,1.0232929922807536e-09,7.015881100559103,7.022126550201547,7.009743891009731
N2048_eta01,0.0001,0.0,1.0964781961431852e-09,7.286277089258572,7.252861524092783,7.2396558878523845
N2048_eta01,0.0001,0.0,1.1748975549395278e-09,7.520770062679665,7.490018503661011,7.475939476968526
N2048_eta01,0.0001,0.0,1.2589254117941663e-09,7.722339361594843,7.733652732770845,7.718647432280567
N2048_eta01,0.0001,0.0,1.3489628825916533e-09,7.974706346088532,7.983805355750833,7.967818397307141
N2048_eta01,0.0001,0.0,1.445439770745928e-09,8.258160765282296,8.240501620462387,8.223475103015664
N2048_eta01,0.0001,0.0,1.5488166189124799e-09,8.489086599812067,8.503748950504146,8.48562245698992
N2048_eta01,0.0001,0.0,1.6595869074375598e-09,8.720596165559671,8.77353488423314,8.754245503183403
N2048_eta01,0.0001,0.0,1.778279410038923e-09,9.044352866048103,9.049824883007528,9.029307253293826
N2048_eta01,0.0001,0.0,1.9054607179632444e-09,9.347924499225506,9.332560010398058,9.3107463929253
N2048_eta01,0.0001,0.0,2.0417379446695276e-09,9.596538788607994,9.621654488384383,9.598474868236636
N2048_eta01,0.0001,0.0,2.187761623949552e-09,9.908594044158509,9.916993138901644,9.892375361743744
N2048_eta01,0.0001,0.0,2.344228815319923e-09,10.270355369276924,10.218428722558627,10.192298669379532
N2048_eta01,0.0001,0.0,2.511886431509577e-09,10.559121129329954,10.525779190619534,10.498060994839403
N2048_eta01,0.0001,0.0,2.6915348039269142e-09,10.826210350125079,10.838824870270935,10.809441181667687
N2048_eta01,0.0001,0.0,2.884031503126606e-09,11.174631871774256,11.157305609127711,11.126177908469083
N2048_eta01,0.0001,0.0,3.0902954325135923e-09,11.517570421293957,11.480917909425337,11.447966878041747
N2048_eta01,0.0001,0.0,3.3113112148259078e-09,11.784033716267498,11.809312089082022,11.774458037085454
N2048_eta01,0.0001,0.0,3.5481338923357537e-09,12.081396872107156,12.142089512576291,12.105252869372388
N2048_eta01,0.0001,0.0,3.8018939632056126e-09,12.48151704175099,12.478799942015497,12.439901811782194
N2048_eta01,0.0001,0.0,4.073802778041122e-09,12.81701215476005,12.818939064867633,12.777901849263756
N2048_eta01,0.0001,0.0,4.365158322401657e-09,13.099171143048858,13.161946262052755,13.118694351417922
N2048_eta01,0.0001,0.0,4.6773514128719815e-09,13.497659937936406,13.50720268671081,13.461663219782363
N2048_eta01,0.0001,0.0,5.0118723362727255e-09,13.915474834827293,13.854029729940727,13.806133420777202
N2048_eta01,0.0001,0.0,5.370317963702522e-09,14.218072113248088,14.201687955151714,14.151369984329484
N2048_eta01,0.0001,0.0,5.754399373371567e-09,14.537680808510977,14.549376586809974,14.496577552084851
N2048_eta01,0.0001,0.0,6.165950018614823e-09,14.95712355007859,14.896233641950058,14.84090056144775
N2048_eta01,0.0001,0.0,6.606934480075952e-09,15.29717209893543,15.241336793310564,15.183424152053341
N2048_eta01,0.0001,0.0,7.0794578438413736e-09,15.551298398837671,15.583705051083022,15.523175879239036
N2048_eta01,0.0001,0.0,7.585775750291836e-09,15.882690291069368,15.922301345523767,15.859128314234221
N2048_eta01,0.0001,0.0,8.128305161640994e-09,16.27828943453594,16.256036084823876,16.190202602738715
N2048_eta01,0.0001,0.0,8.709635899560797e-09,16.553414088546315,16.58377175055279,16.51527304199057
N2048_eta01,0.0001,0.0,9.332543007969905e-09,16.804844874763482,16.9043285780015,16.833172721104045
N2048_eta01,0.0001,0.0,1e-08,17.21097691595105,17.21649134893802,17.142700250289124
N2048_eta01,0.0001,0.0,1.0715193052376048e-08,17.563614046489082,17.519017301024657,17.442627581609752
N2048_eta01,0.0001,0.0,1.1481536214968818e-08,17.780869279983285,17.81064513109291,17.731708897457608
N2048_eta01,0.0001,0.0,1.2302687708123811e-08,18.082523702171656,18.090105039271364,18.00869051339169
N2048_eta01,0.0001,0.0,1.3182567385564074e-08,18.45728261447824,18.356129728119008,18.27232171013842
N2048_eta01,0.0001,0.0,1.4125375446227526e-08,18.66270252086632,18.607466237067364,18.52136637631408
N2048_eta01,0.0001,0.0,1.5135612484362072e-08,18.81416410016469,18.842888457690226,18.75461531000052
N2048_eta01,0.0001,0.0,1.62181009735893e-08,19.081574363796342,19.061210142374573,18.970898995042603
N2048_eta01,0.0001,0.0,1.7378008287493763e-08,19.30856388852581,19.261298188130883,19.169100638345977
N2048_eta01,0.0001,0.0,1.8620871366628656e-08,19.38697814873342,19.442085951150972,19.348169229103682
N2048_eta01,0.0001,0.0,1.995262314968879e-08,19.503013916168893,19.602586327317994,19.507132361312735
N2048_eta01,0.0001,0.0,2.1379620895022325e-08,19.74931934020415,19.741904320935753,19.64510854857416
N2048_eta01,0.0001,0.0,2.2908676527677703e-08,19.857316421543878,19.859248819556512,19.761318756188086
N2048_eta01,0.0001,0.0,2.4547089156850285e-08,19.868470340924894,19.953943298029294,19.855096880816397
N2048_eta01,0.0001,0.0,2.6302679918953814e-08,20.024848829657067,20.025435190064368,19.925898922926887
N2048_eta01,0.0001,0.0,2.818382931264455e-08,20.173855055662226,20.073303690680703,19.97331062181213
N2048_eta01,0.0001,0.0,3.0199517204020135e-08,20.11720700372252,20.09726578748694,19.99705335663461
N2048_eta01,0.0001,0.0,3.2359365692962815e-08,20.08358196791184,20.09718036150593,19.996988158615817
N2048_eta01,0.0001,0.0,3.467368504525317e-08,20.15933043951935,20.073050247748757,19.97311772762027
N2048_eta01,0.0001,0.0,3.7153522909717206e-08,20.081872780780902,20.025022199927122,19.925586399051525
N2048_eta01,0.0001,0.0,3.9810717055349696e-08,19.897294336235444,19.953384760272318,19.854678061963085
N2048_eta01,0.0001,0.0,4.265795188015926e-08,19.810430712959807,19.858564091966166,19.760812084234484
N2048_eta01,0.0001,0.0,4.5708818961487524e-08,19.764322793734873,19.741117885750853,19.64453735321469
N2048_eta01,0.0001,0.0,4.897788193684457e-08,19.5548055991799,19.60172750156397,19.506524588185993
N2048_eta01,0.0001,0.0,5.248074602497723e-08,19.335557489160934,19.441188548608487,19.347557122428437
N2048_eta01,0.0001,0.0,5.623413251903491e-08,19.26705407833252,19.260400141445185,19.168520386041944
N2048_eta01,0.0001,0.0,6.025595860743569e-08,19.116177086959695,19.06035309453219,18.970390344953245
N2048_eta01,0.0001,0.0,6.456542290346549e-08,18.815765501805043,18.842117332435386,18.754221166159578
N2048_eta01,0.0001,0.0,6.918309709189362e-08,18.60883766193548,18.606828797803317,18.52113238421055
N2048_eta01,0.0001,0.0,7.413102413009178e-08,18.46315477270748,18.355676134558315,18.27229583965899
N2048_eta01,0.0001,0.0,7.943282347242806e-08,18.131599462503672,18.08988741051207,18.008922647589113
N2048_eta01,0.0001,0.0,8.511380382023759e-08,17.773799093039543,17.810717123026357,17.732250434550604
N2048_eta01,0.0001,0.0,9.120108393559096e-08,17.530432465838942,17.5194337049218,17.44353105671494
N2048_eta01,0.0001,0.0,9.772372209558092e-08,17.24659247822884,17.217307717103843,17.144018982367836
N2048_eta01,0.0001,0.0,1.0471285480508985e-07,16.84509118744563,16.90560088105328,16.834960489528648
N2048_eta01,0.0001,0.0,1.122018454301963e-07,16.50240634015505,16.585556069889435,16.51758379604201
N2048_eta01,0.0001,0.0,1.202264434617413e-07,16.26895532681873,16.258388342582993,16.19309020628185
N2048_eta01,0.0001,0.0,1.2882495516931324e-07,15.937156269722784,15.925277073296812,15.862646326814364
N2048_eta01,0.0001,0.0,1.380384264602884e-07,15.540273259626534,15.58735919768962,15.52737737392923
N2048_eta01,0.0001,0.0,1.4791083881682074e-07,15.255146839977137,15.245723571105131,15.18836156957683
N2048_eta01,0.0001,0.0,1.584893192461111e-07,14.989564919273564,14.901406410280767,14.84662559941536
N2048_eta01,0.0001,0.0,1.6982436524617427e-07,14.57678422203407,14.555387770910622,14.503141087627366
N2048_eta01,0.0001,0.0,1.8197008586099827e-07,14.189043371179492,14.208588998001781,14.158822027970768
N2048_eta01,0.0001,0.0,1.9498445997580458e-07,13.896124085359496,13.861871074465599,13.8145230990777
N2048_eta01,0.0001,0.0,2.0892961308540366e-07,13.540253781616457,13.516033785473612,13.47103878407677
N2048_eta01,0.0001,0.0,2.2387211385683377e-07,13.119871557123242,13.171815611457822,13.129103209862624
N2048_eta01,0.0001,0.0,2.39883291901949e-07,12.774629938032172,12.829894260850594,12.789390619386626
N2048_eta01,0.0001,0.0,2.570395782768865e-07,12.501063740115452,12.49088775427818,12.452516390774711
N2048_eta01,0.0001,0.0,2.7542287033381637e-07,12.153432165461442,12.155355974564806,12.119038519468843
N2048_eta01,0.0001,0.0,2.9512092266663846e-07,11.784158754599188,11.823802601041693,11.789459483522789
N2048_eta01,0.0001,0.0,3.1622776601683797e-07,11.506776435393459,11.496677352025031,11.464228417273949
N2048_eta01,0.0001,0.0,3.3884415613920205e-07,11.239934957184936,11.174378465428951,11.143743524511924
N2048_eta01,0.0001,0.0,3.6307805477010105e-07,10.870798515415226,10.857255354123422,10.828354668662714
N2048_eta01,0.0001,0.0,3.890451449942805e-07,10.530042487598,10.545611379468236,10.518366084143773
N2048_eta01,0.0001,0.0,4.1686938347033557e-07,10.261374679141646,10.239706693315298,10.214039159702939
N2048_eta01,0.0001,0.0,4.4668359215096253e-07,9.954911337017393,9.93976110542574,9.915595251061223
N2048_eta01,0.0001,0.0,4.786300923226381e-07,9.606597696558406,9.64595693961877,9.623218486402308
N2048_eta01,0.0001,0.0,5.128613839913648e-07,9.315313547692742,9.358441847932253,9.337058534094652
N2048_eta01,0.0001,0.0,5.495408738576237e-07,9.085644247849965,9.077331557568067,9.057233307428696
N2048_eta01,0.0001,0.0,5.888436553555884e-07,8.816700141462665,8.802712530386284,8.783831586064426
N2048_eta01,0.0001,0.0,6.309573444801931e-07,8.518776255684367,8.534644519185845,8.516915538294619
N2048_eta01,0.0001,0.0,6.760829753919819e-07,8.27845723346982,8.273163008969371,8.256523132137088
N2048_eta01,0.0001,0.0,7.244359600749892e-07,8.06456041416181,8.01828153483394,8.002670426689086
N2048_eta01,0.0001,0.0,7.762471166286911e-07,7.7833823658631065,7.769993871115616,7.755353738130493
N2048_eta01,0.0001,0.0,8.31763771102671e-07,7.502715116029586,7.5282760889418645,7.514551677281148
N2048_eta01,0.0001,0.0,8.912509381337442e-07,7.2775300105963545,7.293088481471681,7.280227057734648
N2048_eta01,0.0001,0.0,9.54992586021435e-07,7.071128305557109,7.064377357853684,7.052328675344354
N2048_eta01,0.0001,0.0,1.0232929922807537e-06,6.8325286886451995,6.84207670835759,6.83079296126373
N2048_eta01,0.0001,0.0,1.0964781961431828e-06,6.603587902240885,6.626109744256958,6.615545511880113
N2048_eta01,0.0001,0.0,1.1748975549395304e-06,6.4232699568818425,6.416390316918608,6.406502499864484
N2048_eta01,0.0001,0.0,1.2589254117941661e-06,6.249838331871692,6.2128242211994555,6.203571971223308
N2048_eta01,0.0001,0.0,1.3489628825916506e-06,6.0243824443518115,6.0153103887143615,6.006655033713022
N2048_eta01,0.0001,0.0,1.445439770745928e-06,5.805103819055111,5.823741976836988,5.815646942293245
N2048_eta01,0.0001,0.0,1.5488166189124796e-06,5.625843509446394,5.6380073594620175,5.630438087475177
N2048_eta01,0.0001,0.0,1.6595869074375565e-06,5.463154486112063,5.457991025610102,5.450914892491906
N2048_eta01,0.0001,0.0,1.7782794100389231e-06,5.283558194671291,5.283574391923969,5.276960625196856
N2048_eta01,0.0001,0.0,1.9054607179632443e-06,5.104390291196038,5.114636534994615,5.108456130503427
N2048_eta01,0.0001,0.0,2.0417379446695316e-06,4.953233342154489,4.951054849293976,4.945280489028445
N2048_eta01,0.0001,0.0,2.187761623949552e-06,4.813548641413178,4.7927056362835145,4.78731160740836
N2048_eta01,0.0001,0.0,2.344228815319918e-06,4.645814428186184,4.639464630029719,4.634426745529796
N2048_eta01,0.0001,0.0,2.5118864315095823e-06,4.473844825300123,4.491207464397146,4.486502985666952
N2048_eta01,0.0001,0.0,2.6915348039269138e-06,4.329526288784523,4.3478100866150635,4.343417648253151
N2048_eta01,0.0001,0.0,2.8840315031266e-06,4.214190925851498,4.209149121731182,4.205048658740477
N2048_eta01,0.0001,0.0,3.0902954325135923e-06,4.098186976281509,4.075102192181838,4.071274869725123
N2048_eta01,0.0001,0.0,3.311311214825908e-06,3.951277256940866,3.945548196424932,3.9419763422403187
N2048_eta01,0.0001,0.0,3.548133892335746e-06,3.8048623980120917,3.820367550304233,3.8170345898477125
N2048_eta01,0.0001,0.0,3.801893963205613e-06,3.6840804021433766,3.6994423945448385,3.696332788894377
N2048_eta01,0.0001,0.0,4.073802778041122e-06,3.58673695089725,3.5826567715186224,3.5797559580475684
N2048_eta01,0.0001,0.0,4.365158322401666e-06,3.4872406846262205,3.469896774170586,3.4671911099751584
N2048_eta01,0.0001,0.0,4.677351412871981e-06,3.3651746906701345,3.361050669759924,3.3585273778071345
N2048_eta01,0.0001,0.0,5.011872336272715e-06,3.2486807534187423,3.256009000845938,3.253656118792792
N2048_eta01,0.0001,0.0,5.370317963702533e-06,3.1493206510940617,3.1546646657379385,3.1524709973606777
N2048_eta01,0.0001,0.0,5.754399373371567e-06,3.053318540281185,3.056912980430548,3.054868049592928
N2048_eta01,0.0001,0.0,6.16595001861481e-06,2.9565504502090887,2.962651723860952,2.960745730943173
N2048_eta01,0.0001,0.0,6.606934480075964e-06,2.8750602884840584,2.8717811681529293,2.870004948857341
N2048_eta01,0.0001,0.0,7.079457843841373e-06,2.798407626992991,2.7842040953528513,2.782549081798673
N2048_eta01,0.0001,0.0,7.585775750291821e-06,2.70275842116959,2.6998258020155803,2.698283986032462
N2048_eta01,0.0001,0.0,8.128305161640995e-06,2.6210409505786076,2.6185540928627615,2.617117991391664
N2048_eta01,0.0001,0.0,8.709635899560797e-06,2.5426256735143875,2.5402992646115266,2.5389618871212005
N2048_eta01,0.0001,0.0,9.332543007969886e-06,2.4569946038813257,2.464974080958363,2.463728898786195
N2048_eta01,0.0001,0.0,1e-05,2.3902435101083723,2.3924937396001242,2.391334657127289
N2048_eta01,0.0001,0.0,1.071519305237605e-05,2.315143595910953,2.3227758320813208,2.321697159654001
N2048_eta01,0.0001,0.0,1.1481536214968841e-05,2.2506788035148952,2.2557402971739062,2.2547367256845043
N2048_eta01,0.0001,0.0,1.230268770812381e-05,2.1852747020805188,2.1913093684226093,2.1903759454674376
N2048_eta01,0.0001,0.0,1.3182567385564049e-05,2.1245887074314553,2.1294075164245276,2.128539623957236
N2048_eta01,0.0001,0.0,1.4125375446227553e-05,2.063753407059595,2.06996138635691,2.069154719759989
N2048_eta01,0.0001,0.0,1.5135612484362071e-05,2.0108178636988607,2.012899731220916,2.012150279720673
N2048_eta01,0.0001,0.0,1.6218100973589265e-05,1.952791827990524,1.9581533412318308,1.9574573695855333
N2048_eta01,0.0001,0.0,1.7378008287493764e-05,1.907122774460227,1.9056549697577996,1.905009001144887
N2048_eta01,0.0001,0.0,1.8620871366628657e-05,1.859070646523603,1.8553392561889546,1.8547400562415552
N2048_eta01,0.0001,0.0,1.995262314968875e-05,1.808712625785106,1.8071426461073672,1.8065872080185437
N2048_eta01,0.0001,0.0,2.1379620895022326e-05,1.76336813344887,1.761003309125024,1.7604888397763865
N2048_eta01,0.0001,0.0,2.29086765276777e-05,1.7163325638938804,1.7168610547617646,1.7163849618152005
N2048_eta01,0.0001,0.0,2.4547089156850235e-05,1.6728929073931578,1.6746572467477219,1.6742171266489694
N2048_eta01,0.0001,0.0,2.6302679918953814e-05,1.6364731522248996,1.6343347161547304,1.6339283429994476
N2048_eta01,0.0001,0.0,2.8183829312644495e-05,1.5971666311689416,1.5958376737876754,1.5954629890034058
N2048_eta01,0.0001,0.0,3.0199517204020195e-05,1.555636569157315,1.559111622299304,1.5587667250993205
N2048_eta01,0.0001,0.0,3.235936569296281e-05,1.5252165529683777,1.5241032685293519,1.5237864070968774
N2048_eta01,0.0001,0.0,3.467368504525309e-05,1.4916587343041892,1.4907604366097316,1.4904699999732927
N2048_eta01,0.0001,0.0,3.715352290971728e-05,1.4587810714899634,1.459031982420451,1.4587664929832653
N2048_eta01,0.0001,0.0,3.9810717055349695e-05,1.430767628314542,1.4288677100238292,1.4286258167121075
N2048_eta01,0.0001,0.0,4.265795188015917e-05,1.3982556796569634,1.4002182907453689,1.3999987627421826
N2048_eta01,0.0001,0.0,4.570881896148752e-05,1.3734865311221651,1.3730351856057919,1.3728369066388244
N2048_eta01,0.0001,0.0,4.897788193684457e-05,1.3481357354927692,1.3472705718374116,1.3470925349903564
N2048_eta01,0.0001,0.0,5.2480746024977124e-05,1.3215969330773745,1.3228772742362784,1.3227185772550003
N2048_eta01,0.0001,0.0,5.623413251903491e-05,1.2987382442115152,1.2998087021063853,1.2996685431721409
N2048_eta01,0.0001,0.0,6.025595860743569e-05,1.2800980133216069,1.2780187925404043,1.2778964664835082
N2048_eta01,0.0001,0.0,6.456542290346563e-05,1.259507649671304,1.2574619607501925,1.2573568556784944
N2048_eta01,0.0001,0.0,6.918309709189364e-05,1.2389923281838726,1.238093058107025,1.2380046524244528
N2048_eta01,0.0001,0.0,7.413102413009161e-05,1.2203254993949395,1.219867338473936,1.2197951982652224
N2048_eta01,0.0001,0.0,7.943282347242822e-05,1.2035621360735351,1.2027404333095641,1.2026842100680792
N2048_eta01,0.0001,0.0,8.51138038202376e-05,1.1882260591380134,1.186668335893755,1.1866277645701246
N2048_eta01,0.0001,0.0,9.120108393559079e-05,1.1727447620007094,1.1716073948705499,1.1715822922205463
N2048_eta01,0.0001,0.0,9.772372209558111e-05,1.1566935813864814,1.1575143171259363,1.1575045803368365
N2048_eta01,0.0001,0.0,0.00010471285480508985,1.1440916423630316,1.1443461798186867,1.1443517853940488
N2048_eta01,0.0001,0.0,0.00011220184543019607,1.1324922753928757,1.1320604511672951,1.1320814540507294
N2048_eta01,0.0001,0.0,0.00012022644346174132,1.119848288403086,1.1206150193698454,1.120651552288947
N2048_eta01,0.0001,0.0,0.00012882495516931323,1.1109708791573378,1.10996822880316,1.1100205018151215
N2048_eta01,0.0001,0.0,0.0001380384264602881,1.0998400178615781,1.1000789224201575,1.1001472226407145
N2048_eta01,0.0001,0.0,0.00014791083881682073,1.0906761293480025,1.0909064890476419,1.0909911805447434
N2048_eta01,0.0001,0.0,0.0001584893192461111,1.0829825029971294,1.0824109140885367,1.082512437921346
N2048_eta01,0.0001,0.0,0.0001698243652461746,1.074833180810939,1.074552831960037,1.074671706342414
N2048_eta01,0.0001,0.0,0.00018197008586099826,1.067848840975983,1.0672935784586595,1.0674303990239533
N2048_eta01,0.0001,0.0,0.00019498445997580418,1.0608151214630992,1.0605952411396171,1.0607506812801755
N2048_eta01,0.0001,0.0,0.00020892961308540412,1.0550002277844426,1.054420705734486,1.0545955169845709
N2048_eta01,0.0001,0.0,0.00022387211385683378,1.048807152374812,1.0487336966089447,1.0489287090334405
N2048_eta01,0.0001,0.0,0.0002398832919019485,1.0431518548083112,1.043498809280375,1.0437149318235364
N2048_eta01,0.0001,0.0,0.0002570395782768865,1.0388132176371951,1.0386815330702046,1.0389197538083472
N2048_eta01,0.0001,0.0,0.00027542287033381635,1.0342731183881717,1.0342482620527118,1.034509648281966
N2048_eta01,0.0001,0.0,0.0002951209226666378,1.0301153039716253,1.030166292573901,1.030451990648444
N2048_eta01,0.0001,0.0,0.000316227766016838,1.0263232480263886,1.0264038057427458,1.026715040559968
N2048_eta01,0.0001,0.0,0.0003388441561392021,1.0232595150917458,1.0229298334338686,1.0232679074401976
N2048_eta01,0.0001,0.0,0.0003630780547701003,1.0196311112852385,1.0197142064766878,1.0200804980408211
N2048_eta01,0.0001,0.0,0.0003890451449942805,1.0165257667536676,1.0167274838330136,1.017123444801459
N2048_eta01,0.0001,0.0,0.0004168693834703347,1.0138100025958583,1.013940861675998,1.014368013888463
N2048_eta01,0.0001,0.0,0.0004466835921509635,1.0112381525313412,1.0113260613731863,1.0117859918717893
N2048_eta01,0.0001,0.0,0.00047863009232263805,1.0087549346138032,1.0088551954427507,1.0093495500584173
N2048_eta01,0.0001,0.0,0.0005128613839913639,1.0063577462146518,1.006500610595382,1.0070310855363704
N2048_eta01,0.0001,0.0,0.0005495408738576249,1.004116815911152,1.0042347069992945,1.004803037999724
N2048_eta01,0.0001,0.0,0.0005888436553555884,1.0021293853207975,1.0020297329211365,1.0026376814309135
N2048_eta01,0.0001,0.0,0.0006309573444801918,1.0000184024700518,0.9998575539152272,1.0005068897263019
N2048_eta01,0.0001,0.0,0.000676082975391982,0.9975704215296846,0.9976893957772444,0.9983818753843754
N2048_eta01,0.0001,0.0,0.0007244359600749892,0.9955192691497629,0.9954955605728792,0.9962329004602934
N2048_eta01,0.0001,0.0,0.0007762471166286897,0.9931988520580757,0.9932451152316663,0.9940289591611284
N2048_eta01,0.0001,0.0,0.000831763771102671,0.9909766099185,0.9909055525050963,0.9917374317582129
N2048_eta01,0.0001,0.0,0.000891250938133744,0.9883772830165409,0.9884424245808922,0.9893237099827545
N2048_eta01,0.0001,0.0,0.000954992586021437,0.9858623248703396,0.9858189503890833,0.9867507948179345
N2048_eta01,0.0001,0.0,0.0010232929922807535,0.9829426309216913,0.9829955987111498,0.983978868688999
N2048_eta01,0.0001,0.0,0.001096478196143183,0.9798932466296832,0.9799296507067584,0.9809648455824944
N2048_eta01,0.0001,0.0,0.0011748975549395304,0.9766060682476542,0.9765747475140321,0.9776619047128376
N2048_eta01,0.0001,0.0,0.0012589254117941662,0.9729684696487382,0.9728804312826647,0.9740190161295005
N2048_eta01,0.0001,0.0,0.0013489628825916506,0.9687435341312555,0.9687916914966306,0.9699804702618637
N2048_eta01,0.0001,0.0,0.0014454397707459282,0.9641828283830368,0.9642485328663064,0.9654854279726509
N2048_eta01,0.0001,0.0,0.0015488166189124796,0.9591156705962283,0.95918558653378,0.9604675133609085
N2048_eta01,0.0001,0.0,0.0016595869074375565,0.9534834189165243,0.9535317929144292,0.9548544784071193
N2048_eta01,0.0001,0.0,0.001778279410038923,0.9471867490195057,0.9472101921896924,0.9485679765928647
N2048_eta01,0.0001,0.0,0.0019054607179632445,0.9401055078571079,0.9401378671398062,0.9415234917298225
N2048_eta01,0.0001,0.0,0.0020417379446695232,0.932200393944546,0.9322260923356818,0.933630478069155
N2048_eta01,0.0001,0.0,0.002187761623949552,0.9233375196408623,0.9233807530940716,0.924792777712828
N2048_eta01,0.0001,0.0,0.002344228815319918,0.9134414341911741,0.9135031060673926,0.9149093904021334
N2048_eta01,0.0001,0.0,0.002511886431509582,0.9024457727758145,0.902490959456169,0.9038756774140682
N2048_eta01,0.0001,0.0,0.0026915348039269144,0.890193224552624,0.8902403526362688,0.8915850834852345
N2048_eta01,0.0001,0.0,0.0028840315031266,0.8766862173055091,0.8766478099874009,0.8779314557584512
N2048_eta01,0.0001,0.0,0.003090295432513592,0.861631356240063,0.861613228962743,0.8628120235871743
N2048_eta01,0.0001,0.0,0.003311311214825908,0.8451016442850392,0.8450434348610885,0.8461310743271255
N2048_eta01,0.0001,0.0,0.003548133892335746,0.8268336253561872,0.8268563916067341,0.8278043150331462
N2048_eta01,0.0001,0.0,0.0038018939632056127,0.8069279801170521,0.8069859974808153,0.8077638464808207
N2048_eta01,0.0001,0.0,0.0040738027780411225,0.7854110888827328,0.785387317690024,0.7859635946426653
N2048_eta01,0.0001,0.0,0.004365158322401648,0.7620595020875249,0.7620420156897783,0.7623849496743149
N2048_eta01,0.0001,0.0,0.004677351412871981,0.7369655186676649,0.7369636503545923,0.7370422622051959
N2048_eta01,0.0001,0.0,0.005011872336272715,0.7101777892552184,0.7102024191744432,0.7099877549496475
N2048_eta01,0.0001,0.0,0.005370317963702533,0.681844163572042,0.6818488655192112,0.6813153424352719
N2048_eta01,0.0001,0.0,0.005754399373371567,0.6520785525818937,0.6520360495347151,0.6511628331958413
N2048_eta01,0.0001,0.0,0.006165950018614809,0.6209205435958477,0.6209397246170352,0.6197120354193054
N2048_eta01,0.0001,0.0,0.006606934480075964,0.5887567033916652,0.58877617531281,0.5871864099233803
N2048_eta01,0.0001,0.0,0.007079457843841374,0.5558389900259365,0.5557975570797555,0.5538461120921949
N2048_eta01,0.0001,0.0,0.007585775750291821,0.5222721099958169,0.522284817947782,0.5199805196495333
N2048_eta01,0.0001,0.0,0.008128305161640995,0.4885220059203924,0.48853854621541265,0.48589862256583455
N2048_eta01,0.0001,0.0,0.008709635899560796,0.4548984476927251,0.4548683358183669,0.45191791067989395
N2048_eta01,0.0001,0.0,0.009332543007969887,0.4215709074536484,0.42158144858824764,0.41835258758980026
N2048_eta01,0.0001,0.0,0.01,0.3889667785784601,0.3889716449871321,0.38550202916557796
N2048_eta01,0.0001,4.0,1.0000000000000002e-14,0.3885622847047549,0.386938643146889,0.38689658655441445
N2048_eta01,0.0001,4.0,1.0715193052376049e-14,0.4010210110677098,0.4005350295643052,0.40049032228736786
N2048_eta01,0.0001,4.0,1.148153621496884e-14,0.41311902717502125,0.4146092103783817,0.4145614822271388
N2048_eta01,0.0001,4.0,1.2302687708123812e-14,0.4284255189831353,0.4291780246102664,0.4291268125377301
N2048_eta01,0.0001,4.0,1.3182567385564046e-14,0.44463787848043274,0.444258218580446,0.4442036444358284
N2048_eta01,0.0001,4.0,1.4125375446227557e-14,0.4586178002453189,0.4598680824771396,0.4598099143751122
N2048_eta01,0.0001,4.0,1.5135612484362073e-14,0.474217140622598,0.47602630565069814,0.47596418489891573
N2048_eta01,0.0001,4.0,1.6218100973589332e-14,0.4933889682848727,0.49275204414309093,0.49268566618027676
N2048_eta01,0.0001,4.0,1.7378008287493765e-14,0.5117429720945935,0.510065286429032,0.5099942382685576
N2048_eta01,0.0001,4.0,1.8620871366628658e-14,0.5276107254539549,0.5279861857146315,0.5279104740620095
N2048_eta01,0.0001,4.0,1.9952623149688828e-14,0.5468269198262704,0.5465366345319658,0.5464556630256835
N2048_eta01,0.0001,4.0,2.1379620895022327e-14,0.5685819528267666,0.5657385718871085,0.5656518356741513
N2048_eta01,0.0001,4.0,2.29086765276777e-14,0.5863120944656082,0.5856142999737158,0.5855217888384392
N2048_eta01,0.0001,4.0,2.4547089156850338e-14,0.6044093962818733,0.6061880970821522,0.6060891117364295
N2048_eta01,0.0001,4.0,2.6302679918953815e-14,0.6272184637931287,0.6274837816451327,0.6273782128657889
N2048_eta01,0.0001,4.0,2.8183829312644495e-14,0.6501049750468185,0.6495273329016567,0.6494143477381465
N2048_eta01,0.0001,4.0,3.019951720402019e-14,0.6699468476400178,0.6723442828605231,0.6722236474727832
N2048_eta01,0.0001,4.0,3.2359365692962816e-14,0.6932142644289581,0.6959621271555994,0.695833148267519
N2048_eta01,0.0001,4.0,3.46736850452531e-14,0.7212520591306093,0.7204087845559748,0.7202708217637833
N2048_eta01,0.0001,4.0,3.715352290971728e-14,0.747130883485138,0.7457131082281631,0.7455656063218798
N2048_eta01,0.0001,4.0,3.9810717055349693e-14,0.7707299904494602,0.7719050594901131,0.771747439221413
N2048_eta01,0.0001,4.0,4.2657951880159345e-14,0.7998169669949429,0.7990158190530293,0.7988472898005182
N2048_eta01,0.0001,4.0,4.570881896148752e-14,0.831560561361633,0.827077443708756,0.8268971935459428
N2048_eta01,0.0001,4.0,4.897788193684456e-14,0.857006720052631,0.8561231416229631,0.8559302871442303
N2048_eta01,0.0001,4.0,5.248074602497734e-14,0.8843232170212578,0.8861870892330653,0.8859808445020834
N2048_eta01,0.0001,4.0,5.623413251903491e-14,0.9182745371429091,0.9173047952552343,0.9170843137415151
N2048_eta01,0.0001,4.0,6.025595860743569e-14,0.9504354974135776,0.9495131853077967,0.9492773551725369
N2048_eta01,0.0001,4.0,6.456542290346563e-14,0.9788785533592734,0.9828501258399797,0.9825978802427968
N2048_eta01,0.0001,4.0,6.918309709189363e-14,1.0135692812446848,1.0173549840104037,1.0170850914598337
N2048_eta01,0.0001,4.0,7.413102413009162e-14,1.0541559640144518,1.0530682539480616,1.0527795232773327
N2048_eta01,0.0001,4.0,7.943282347242822e-14,1.0904373462546921,1.0900318255853572,1.0897230839317944
N2048_eta01,0.0001,4.0,8.51138038202376e-14,1.125631488621666,1.1282894557098224,1.127959098210525
N2048_eta01,0.0001,4.0,9.120108393559116e-14,1.1693959165416707,1.1678858237146281,1.1675323511255955
N2048_eta01,0.0001,4.0,9.772372209558112e-14,1.2152878838072991,1.2088672369935252,1.2084891324611904
N2048_eta01,0.0001,4.0,1.0471285480508985e-13,1.2521506433253609,1.2512818913549228,1.2508772821539194
N2048_eta01,0.0001,4.0,1.1220184543019654e-13,1.2936289392596512,1.2951791343875432,1.2947462364565256
N2048_eta01,0.0001,4.0,1.2022644346174131e-13,1.3440298354612383,1.3406103069624375,1.340147074825353
N2048_eta01,0.0001,4.0,1.2882495516931323e-13,1.389111744020892,1.387628176687962,1.3871325674606498
N2048_eta01,0.0001,4.0,1.3803842646028868e-13,1.4303783525554952,1.4362875806579556,1.4357572234159313
N2048_eta01,0.0001,4.0,1.4791083881682072e-13,1.482071950771537,1.4866448848908584,1.4860773391785673
N2048_eta01,0.0001,4.0,1.584893192461111e-13,1.5401709887374901,1.5387583513416554,1.5381510476078233
N2048_eta01,0.0001,4.0,1.698243652461746e-13,1.590852253313288,1.5926882707203738,1.5920383670988452
N2048_eta01,0.0001,4.0,1.8197008586099824e-13,1.643375039278773,1.6484968046164616,1.6478012508214221
N2048_eta01,0.0001,4.0,1.9498445997580416e-13,1.7086602473296049,1.7062479864353226,1.705503635860412
N2048_eta01,0.0001,4.0,2.0892961308540411e-13,1.7742625105796437,1.7660081229504185,1.7652114920602378
N2048_eta01,0.0001,4.0,2.2387211385683378e-13,1.8281286706788815,1.8278455033693914,1.8269928703488434
N2048_eta01,0.0001,4.0,2.3988329190194847e-13,1.891249926915961,1.8918304391451712,1.8909179502864712
N2048_eta01,0.0001,4.0,2.570395782768865e-13,1.9656648777387113,1.958035641107831,1.957059086551197
N2048_eta01,0.0001,4.0,2.7542287033381635e-13,2.0288340238830793,2.0265360341976204,2.0254908540364114
N2048_eta01,0.0001,4.0,2.95120922666639e-13,2.0894596484522516,2.09740875786059,2.096290091194723
N2048_eta01,0.0001,4.0,3.1622776601683797e-13,2.1663774259507043,2.1707331542669963,2.169535941217517
N2048_eta01,0.0001,4.0,3.3884415613920205e-13,2.2485056934600314,2.246591252664632,2.2453098905900775
N2048_eta01,0.0001,4.0,3.630780547701018e-13,2.3191987945276833,2.325067211786857,2.3236958045071523
N2048_eta01,0.0001,4.0,3.890451449942805e-13,2.3974683029871184,2.4062477246243335,2.404779958573802
N2048_eta01,0.0001,4.0,4.168693834703347e-13,2.4936937839238604,2.4902219085452773,2.4886510661501178
N2048_eta01,0.0001,4.0,4.466835921509635e-13,2.5861748621796603,2.57708148560061,2.5754003006256627
N2048_eta01,0.0001,4.0,4.786300923226381e-13,2.6653681761458348,2.666920502049634,2.665121311829827
N2048_eta01,0.0001,4.0,5.128613839913659e-13,2.7611762616313644,2.7598356904102546,2.7579102356971403
N2048_eta01,0.0001,4.0,5.495408738576248e-13,2.869959947679031,2.8559262865670605,2.8538656962110003
N2048_eta01,0.0001,4.0,5.888436553555884e-13,2.958547349127972,2.9552939103622418,2.9530887985455463
N2048_eta01,0.0001,4.0,6.309573444801943e-13,3.048553921037051,3.0580428054791327,3.0556831122117263
N2048_eta01,0.0001,4.0,6.760829753919819e-13,3.1625324497147727,3.16427962261054,3.161754642890586
N2048_eta01,0.0001,4.0,7.244359600749892e-13,3.276875291159797,3.2741135800005496,3.2714117915031378
N2048_eta01,0.0001,4.0,7.762471166286928e-13,3.375483912609595,3.387656135084083,3.3847652989212444
N2048_eta01,0.0001,4.0,8.317637711026709e-13,3.4915779088845293,3.5050211420204813,3.5019281745678725
N2048_eta01,0.0001,4.0,8.912509381337441e-13,3.6309487213982736,3.6263246551805457,3.6230156069868045
N2048_eta01,0.0001,4.0,9.54992586021437e-13,3.7589744832597805,3.751684871323614,3.74814485428106
N2048_eta01,0.0001,4.0,1.0232929922807536e-12,3.875511109408051,3.8812219125579257,3.8774351121262214
N2048_eta01,0.0001,4.0,1.0964781961431851e-12,4.019533079164963,4.01505792428374,4.011007356858711
N2048_eta01,0.0001,4.0,1.1748975549395302e-12,4.175789510491127,4.153316483062774,4.148984160920338
N2048_eta01,0.0001,4.0,1.258925411794166e-12,4.299956905256605,4.296122739445183,4.291489477709467
N2048_eta01,0.0001,4.0,1.3489628825916534e-12,4.434201221860714,4.443603034400516,4.438648392646476
N2048_eta01,0.0001,4.0,1.445439770745928e-12,4.601334143266273,4.595884624310095,4.59058683700761
N2048_eta01,0.0001,4.0,1.5488166189124795e-12,4.757258244366114,4.753095310007115,4.747431260818893
N2048_eta01,0.0001,4.0,1.6595869074375598e-12,4.894654413049132,4.915363202701352,4.90930826083189
N2048_eta01,0.0001,4.0,1.7782794100389228e-12,5.064977538736279,5.0828161022990255,5.076344159328664
N2048_eta01,0.0001,4.0,1.9054607179632443e-12,5.261370783438184,5.2555812445055,5.248664529228067
N2048_eta01,0.0001,4.0,2.041737944669532e-12,5.43402871492769,5.433784563251213,5.426393660693288
N2048_eta01,0.0001,4.0,2.1877616239495518e-12,5.604035256835068,5.617550307861004,5.609653964177114
N2048_eta01,0.0001,4.0,2.344228815319923e-12,5.815880677709041,5.807000183084119,5.798565304593714
N2048_eta01,0.0001,4.0,2.5118864315095823e-12,6.033387261646803,6.002252725283192,5.9932442610807515
N2048_eta01,0.0001,4.0,2.6915348039269142e-12,6.2060847915491335,6.203422393737465,6.193803306624749
N2048_eta01,0.0001,4.0,2.884031503126606e-12,6.404712721746643,6.410618813568286,6.40034990167548
N2048_eta01,0.0001,4.0,3.090295432513592e-12,6.643890291110477,6.623945579001552,6.612985495786732
N2048_eta01,0.0001,4.0,3.311311214825908e-12,6.84964939160854,6.843499300451632,6.831804431305838
N2048_eta01,0.0001,4.0,3.548133892335753e-12,7.039404401058485,7.0693683327682235,7.056892743211501
N2048_eta01,0.0001,4.0,3.8018939632056125e-12,7.2832348582468125,7.301631480917706,7.288326849389023
N2048_eta01,0.0001,4.0,4.073802778041122e-12,7.547252681926569,7.540356586516742,7.5261721259579515
N2048_eta01,0.0001,4.0,4.365158322401657e-12,7.770403795927726,7.785598909340802,7.770481362755031
N2048_eta01,0.0001,4.0,4.677351412871982e-12,8.011800382316663,8.037399498263838,8.021293094754297
N2048_eta01,0.0001,4.0,5.011872336272715e-12,8.30983252371228,8.295783368138117,8.278629806108762
N2048_eta01,0.0001,4.0,5.370317963702533e-12,8.59551157271826,8.560757570156607,8.5424960046568
N2048_eta01,0.0001,4.0,5.754399373371567e-12,8.829292523873848,8.832309079187574,8.81287616618853
N2048_eta01,0.0001,4.0,6.165950018614822e-12,9.113541286432453,9.110402611344638,9.0897325495508
N2048_eta01,0.0001,4.0,6.6069344800759645e-12,9.437993178549045,9.394978311047485,9.373002885819666
N2048_eta01,0.0001,4.0,7.079457843841373e-12,9.693856700150947,9.685949207401217,9.662597947326585
N2048_eta01,0.0001,4.0,7.585775750291836e-12,9.947862739035607,9.983198734729356,9.958399005320421
N2048_eta01,0.0001,4.0,8.128305161640996e-12,10.278553601231568,10.286578007473803,10.260255188513854
N2048_eta01,0.0001,4.0,8.709635899560797e-12,10.603736955504896,10.595903019172855,10.56798075872181
N2048_eta01,0.0001,4.0,9.332543007969906e-12,10.870634684147891,10.910951871370553,10.88135232426411
N2048_eta01,0.0001,4.0,1e-11,11.192355598124596,11.23146187297268,11.200106016773873
N2048_eta01,0.0001,4.0,1.0715193052376049e-11,11.575462257120762,11.55712662799801,11.523934662509136
N2048_eta01,0.0001,4.0,1.1481536214968842e-11,11.910751282568665,11.887593237619313,11.852484985166631
N2048_eta01,0.0001,4.0,1.2302687708123813e-11,12.205649901805813,12.222459470367816,12.185354883476691
N2048_eta01,0.0001,4.0,1.3182567385564075e-11,12.579788132316104,12.561271100982419,12.52209083341841
N2048_eta01,0.0001,4.0,1.4125375446227556e-11,12.97242415174349,12.903519448564328,12.86218547159752
N2048_eta01,0.0001,4.0,1.5135612484362072e-11,13.255151019692025,13.248639119665848,13.205075423002254
N2048_eta01,0.0001,4.0,1.6218100973589298e-11,13.567883207535019,13.596006097383398,13.550139442772371
N2048_eta01,0.0001,4.0,1.7378008287493765e-11,13.966845439182944,13.94493617160585,13.896696947519413
N2048_eta01,0.0001,4.0,1.8620871366628657e-11,14.302798016643974,14.294683913479304,14.24400701680959
N2048_eta01,0.0001,4.0,1.995262314968879e-11,14.576324389191303,14.644442152555715,14.59126794931072
N2048_eta01,0.0001,4.0,2.1379620895022327e-11,14.950347139267215,14.9933421153327,14.937617460419279
N2048_eta01,0.0001,4.0,2.2908676527677702e-11,15.359134085583655,15.3404543276947,15.282133608507696
N2048_eta01,0.0001,4.0,2.4547089156850283e-11,15.670465324310339,15.684790309895453,15.62383653483517
N2048_eta01,0.0001,4.0,2.6302679918953818e-11,15.98673435651077,16.02530519815508,15.961691097229036
N2048_eta01,0.0001,4.0,2.8183829312644493e-11,16.396448031080652,16.36090133579313,16.294610469482162
N2048_eta01,0.0001,4.0,3.019951720402019e-11,16.767599606207998,16.690432928468258,16.621460766700025
N2048_eta01,0.0001,4.0,3.235936569296281e-11,17.00947063012133,17.012711778055177,16.941066741343242
N2048_eta01,0.0001,4.0,3.467368504525317e-11,17.325963066997375,17.32651412499172,17.252218575348465
N2048_eta01,0.0001,4.0,3.715352290971728e-11,17.699539852042186,17.63058865835297,17.55367977054131
N2048_eta01,0.0001,4.0,3.9810717055349695e-11,17.929770000023698,17.923665562777504,17.844196112845175
N2048_eta01,0.0001,4.0,4.2657951880159254e-11,18.12766076331973,18.204466665138348,18.1225056560243
N2048_eta01,0.0001,4.0,4.570881896148752e-11,18.45227307755567,18.471716517522527,18.38734963860596
N2048_eta01,0.0001,4.0,4.897788193684457e-11,18.73658245505158,18.724154317077293,18.637484214167564
N2048_eta01,0.0001,4.0,5.2480746024977236e-11,18.890600298864854,18.960546513176386,18.871692841538778
N2048_eta01,0.0001,4.0,5.6234132519034906e-11,19.124594657059436,19.17969990686614,19.0887991490367
N2048_eta01,0.0001,4.0,6.025595860743569e-11,19.422175483388386,19.38047501672472,19.287680057137933
N2048_eta01,0.0001,4.0,6.456542290346562e-11,19.603170863774434,19.561799486016746,19.467278918572998
N2048_eta01,0.0001,4.0,6.918309709189364e-11,19.700062565830134,19.72268123010814,19.626618415258033
N2048_eta01,0.0001,4.0,7.413102413009162e-11,19.90036013048461,19.8622210754384,19.764812939177517
N2048_eta01,0.0001,4.0,7.943282347242822e-11,20.080981038135413,19.979624593740542,19.88108018048881
N2048_eta01,0.0001,4.0,8.511380382023759e-11,20.07368009088482,20.074212848410543,19.974751651591372
N2048_eta01,0.0001,4.0,9.120108393559097e-11,20.100501506530737,20.145431799935324,20.045281891119853
N2048_eta01,0.0001,4.0,9.772372209558111e-11,20.224924337123365,20.19286012634445,20.092256116731487
N2048_eta01,0.0001,4.0,1.0471285480508986e-10,20.218035123129006,20.21621525744981,20.11539612959026
N2048_eta01,0.0001,4.0,1.1220184543019632e-10,20.112743521484894,20.21535746437194,20.11456431551749
N2048_eta01,0.0001,4.0,1.2022644346174132e-10,20.145930721023525,20.190291894484464,20.089765636320394
N2048_eta01,0.0001,4.0,1.2882495516931322e-10,20.169544608740047,20.141168496156737,20.041147557876023
N2048_eta01,0.0001,4.0,1.3803842646028838e-10,20.040300020207763,20.068279835688813,19.96899791690461
N2048_eta01,0.0001,4.0,1.479108388168207e-10,19.932871837750348,19.97205686663815,19.87374078364068
N2048_eta01,0.0001,4.0,1.5848931924611142e-10,19.911083640955198,19.85306276172834,19.75593043043086
N2048_eta01,0.0001,4.0,1.6982436524617427e-10,19.793519024959128,19.71198497334157,19.616243564439277
N2048_eta01,0.0001,4.0,1.8197008586099827e-10,19.53901383757396,19.549625726036446,19.45547002419588
N2048_eta01,0.0001,4.0,1.9498445997580455e-10,19.376489461656195,19.366891182508063,19.27450217315095
N2048_eta01,0.0001,4.0,2.0892961308540407e-10,19.238526069456036,19.164779543648926,19.074323247649733
N2048_eta01,0.0001,4.0,2.2387211385683377e-10,18.93800259209692,18.94436836707616,18.855994931276896
N2048_eta01,0.0001,4.0,2.3988329190194897e-10,18.625520657709245,18.70680138413902,18.62064443232618
N2048_eta01,0.0001,4.0,2.570395782768865e-10,18.44521132254235,18.45327509672338,18.369451336688748
N2048_eta01,0.0001,4.0,2.7542287033381637e-10,18.191927889252245,18.185025416364923,18.10363449560599
N2048_eta01,0.0001,4.0,2.951209226666384e-10,17.82747421046786,17.903314595478793,17.82443918770795
N2048_eta01,0.0001,4.0,3.1622776601683795e-10,17.57155245047773,17.609418663683677,17.53312476899097
N2048_eta01,0.0001,4.0,3.3884415613920275e-10,17.35077139376222,17.304615557511333,17.23095299443464
N2048_eta01,0.0001,4.0,3.6307805477010104e-10,17.01586353923552,16.990174100953983,16.91917716239443
N2048_eta01,0.0001,4.0,3.890451449942805e-10,16.64937997535325,16.66734395052145,16.599032199240575
N2048_eta01,0.0001,4.0,4.168693834703355e-10,16.380516894888864,16.337346589938278,16.27172576831386
N2048_eta01,0.0001,4.0,4.4668359215096254e-10,16.075694441050572,16.001367431530984,15.938430455307735
N2048_eta01,0.0001,4.0,4.78630092322638e-10,15.651429730464216,15.66054903776573,15.600277052613269
N2048_eta01,0.0001,4.0,5.128613839913648e-10,15.283438219182568,15.315985463133426,15.258348938685911
N2048_eta01,0.0001,4.0,5.495408738576249e-10,14.993172196776122,14.968717686907071,14.9136775255816
N2048_eta01,0.0001,4.0,5.888436553555885e-10,14.613402089961927,14.619730085051579,14.56723872871677
N2048_eta01,0.0001,4.0,6.30957344480193e-10,14.193858703091866,14.26994788093899,14.21995039768483
N2048_eta01,0.0001,4.0,6.760829753919819e-10,13.897980574664771,13.920235498958164,13.872670635506061
N2048_eta01,0.0001,4.0,7.244359600749892e-10,13.593751008499197,13.571395735794546,13.526196925760853
N2048_eta01,0.0001,4.0,7.762471166286911e-10,13.204894953811134,13.224169665425737,13.181265982330299
N2048_eta01,0.0001,4.0,8.31763771102671e-10,12.860400577430395,12.879237185038146,12.838554234553733
N2048_eta01,0.0001,4.0,8.91250938133746e-10,12.581711150954344,12.537218113997852,12.498678861087916
N2048_eta01,0.0001,4.0,9.54992586021435e-10,12.246367768424877,12.198673761124772,12.162199288190607
N2048_eta01,0.0001,4.0,1.0232929922807536e-09,11.855403595706523,11.864108875811015,11.829619072135436
N2048_eta01,0.0001,4.0,1.0964781961431852e-09,11.538134378584514,11.533973909527322,11.501388090606937
N2048_eta01,0.0001,4.0,1.1748975549395278e-09,11.245093092441227,11.20866751438933,11.177904973872725
N2048_eta01,0.0001,4.0,1.2589254117941663e-09,10.879251452514307,10.888539216679538,10.859519712975763
N2048_eta01,0.0001,4.0,1.3489628825916533e-09,10.523032902474013,10.573892208822588,10.546536388870784
N2048_eta01,0.0001,4.0,1.445439770745928e-09,10.259308954483885,10.264986209153422,10.23921597312768
N2048_eta01,0.0001,4.0,1.5488166189124799e-09,9.967217599502318,9.962040345990125,9.93777915736934
N2048_eta01,0.0001,4.0,1.6595869074375598e-09,9.628976493175305,9.665236030514818,9.642409174867831
N2048_eta01,0.0001,4.0,1.778279410038923e-09,9.359682272959994,9.374719786195877,9.353254583595454
N2048_eta01,0.0001,4.0,1.9054607179632444e-09,9.12146937886757,9.090606010623485,9.070431985450075
N2048_eta01,0.0001,4.0,2.0417379446695276e-09,8.832740375279796,8.812979648655293,8.794028661308893
N2048_eta01,0.0001,4.0,2.187761623949552e-09,8.534454774008978,8.541898761473641,8.524105105994412
N2048_eta01,0.0001,4.0,2.344228815319923e-09,8.296490733874197,8.277396979931119,8.260697451160153
N2048_eta01,0.0001,4.0,2.511886431509577e-09,8.05232284699568,8.019485833246854,8.003819767536996
N2048_eta01,0.0001,4.0,2.6915348039269142e-09,7.760591632769107,7.768156948354266,7.753466240945408
N2048_eta01,0.0001,4.0,2.884031503126606e-09,7.498233921591709,7.523384116653284,7.50961321900655
N2048_eta01,0.0001,4.0,3.0902954325135923e-09,7.290028823171115,7.285125227602254,7.272221127608992
N2048_eta01,0.0001,4.0,3.3113112148259078e-09,7.05081145868882,7.0533240702565365,7.041236257946877
N2048_eta01,0.0001,4.0,3.5481338923357537e-09,6.79348495356496,6.827912005307163,6.816592426375701
N2048_eta01,0.0001,4.0,3.8018939632056126e-09,6.598977274127881,6.608809511040792,6.598212510472234
N2048_eta01,0.0001,4.0,4.073802778041122e-09,6.41288285827878,6.3959276079410285,6.386009865570351
N2048_eta01,0.0001,4.0,4.365158322401657e-09,6.190805901615205,6.189169167037667,6.179889626709732
N2048_eta01,0.0001,4.0,4.6773514128719815e-09,5.9823174066510285,5.988430107451686,5.979749901410073
N2048_eta01,0.0001,4.0,5.0118723362727255e-09,5.813720652561734,5.793600489321817,5.785482858998815
N2048_eta01,0.0001,4.0,5.370317963702522e-09,5.628044266130815,5.604565508014274,5.596975722401752
N2048_eta01,0.0001,4.0,5.754399373371567e-09,5.4160638292363625,5.421206395701646,5.41411166837576
N2048_eta01,0.0001,4.0,6.165950018614823e-09,5.235286230605574,5.2434012366868,5.236770642142429
N2048_eta01,0.0001,4.0,6.606934480075952e-09,5.080380377525615,5.071025702067409,5.064830092288249
N2048_eta01,0.0001,4.0,7.0794578438413736e-09,4.89954398965051,4.903953709974705,4.898165631646588
N2048_eta01,0.0001,4.0,7.585775750291836e-09,4.716405403059526,4.7420580166897075,4.736651629682921
N2048_eta01,0.0001,4.0,8.128305161640994e-09,4.579973140960379,4.585210744201848,4.580161741677978
N2048_eta01,0.0001,4.0,8.709635899560797e-09,4.44087307311354,4.433283849281384,4.428569379754563
N2048_eta01,0.0001,4.0,9.332543007969905e-09,4.279270459579628,4.286149538908562,4.281748130529313
N2048_eta01,0.0001,4.0,1e-08,4.138854362683432,4.143680636620029,4.139572123898412
N2048_eta01,0.0001,4.0,1.0715193052376048e-08,4.021499165494183,4.005750904107839,4.001916357190615
N2048_eta01,0.0001,4.0,1.1481536214968818e-08,3.886546733826327,3.8722353220123935,3.8686569786469294
N2048_eta01,0.0001,4.0,1.2302687708123811e-08,3.7396777189698898,3.7430103336872023,3.739671533916974
N2048_eta01,0.0001,4.0,1.3182567385564074e-08,3.6185565275037956,3.617954055351947,3.6148391789997736
N2048_eta01,0.0001,4.0,1.4125375446227526e-08,3.506771747376734,3.4969464558740575,3.494040862804307
N2048_eta01,0.0001,4.0,1.5135612484362072e-08,3.3759455113100674,3.379869509123146,3.3771594822629747
N2048_eta01,0.0001,4.0,1.62181009735893e-08,3.2499945889125614,3.266607321603372,3.2640800127011387
N2048_eta01,0.0001,4.0,1.7378008287493763e-08,3.1550693512105976,3.157046237882568,3.1546896159479054
N2048_eta01,0.0001,4.0,1.8620871366628656e-08,3.0536021494474763,3.0510749261110623,3.0488777284682906
N2048_eta01,0.0001,4.0,1.995262314968879e-08,2.9393732149591023,2.9485844457149075,2.946536131604433
N2048_eta01,0.0001,4.0,2.1379620895022325e-08,2.845848687010081,2.8494682991873255,2.847559005833811
N2048_eta01,0.0001,4.0,2.2908676527677703e-08,2.7642953492938984,2.75362246972744,2.7518429707849106
N2048_eta01,0.0001,4.0,2.4547089156850285e-08,2.6684897586061025,2.660945446307936,2.6592871125953876
N2048_eta01,0.0001,4.0,2.6302679918953814e-08,2.569133824530243,2.5713382376157856,2.5697930000539166
N2048_eta01,0.0001,4.0,2.818382931264455e-08,2.488575191017702,2.484704376181635,2.483264690833772
N2048_eta01,0.0001,4.0,3.0199517204020135e-08,2.4093050991657594,2.400949913882568,2.3996087290038655
N2048_eta01,0.0001,4.0,3.2359365692962815e-08,2.3171175414525194,2.319983409880153,2.3187341348901604
N2048_eta01,0.0001,4.0,3.467368504525317e-08,2.2319377071837034,2.241715911979448,2.2405523882570124
N2048_eta01,0.0001,4.0,3.7153522909717206e-08,2.1659808764240243,2.166060932268715,2.164977405683168
N2048_eta01,0.0001,4.0,3.9810717055349696e-08,2.093224197351332,2.092934417828839,2.0919255129204837
N2048_eta01,0.0001,4.0,4.265795188015926e-08,2.013816566033829,2.022254717224565,2.0213154129442694
N2048_eta01,0.0001,4.0,4.5708818961487524e-08,1.9513782074900765,1.9539425434052082,1.9530681503318668
N2048_eta01,0.0001,4.0,4.897788193684457e-08,1.8946191944122126,1.8879209335819158,1.8871070725403747
N2048_eta01,0.0001,4.0,5.248074602497723e-08,1.827552831609203,1.8241152065980368,1.823357788594546
N2048_eta01,0.0001,4.0,5.623413251903491e-08,1.7609354461855506,1.7624529182353674,1.7617481256415821
N2048_eta01,0.0001,4.0,6.025595860743569e-08,1.7071187486733348,1.7028638148687845,1.7022080837801497
N2048_eta01,0.0001,4.0,6.456542290346549e-08,1.6515917845572896,1.6452797858244252,1.644669789526307
N2048_eta01,0.0001,4.0,6.918309709189362e-08,1.5876965736459767,1.5896348147621673,1.5890674482385616
N2048_eta01,0.0001,4.0,7.413102413009178e-08,1.5303440609364687,1.535864930362899,1.5353372957876064
N2048_eta01,0.0001,4.0,7.943282347242806e-08,1.4846029639316496,1.4839081565737375,1.4834175497232942
N2048_eta01,0.0001,4.0,8.511380382023759e-08,1.4332922181124603,1.433704462626494,1.433248360161534
N2048_eta01,0.0001,4.0,9.120108393559096e-08,1.378647447635962,1.3851957130261208,1.3847717605869092
N2048_eta01,0.0001,4.0,9.772372209558092e-08,1.3365849397263063,1.3383256176748906,1.3379316187425885
N2048_eta01,0.0001,4.0,1.0471285480508985e-07,1.2972154434208414,1.2930396822816328,1.2926735877573046
N2048_eta01,0.0001,4.0,1.122018454301963e-07,1.250805957427641,1.249285159182153,1.2489450576396468
N2048_eta01,0.0001,4.0,1.202264434617413e-07,1.2059520578061291,1.2070109986813646,1.2066951072522667
N2048_eta01,0.0001,4.0,1.2882495516931324e-07,1.1695764703008389,1.166167801012615,1.165874456862921
N2048_eta01,0.0001,4.0,1.380384264602884e-07,1.131146347030581,1.1267077689923777,1.1264354213551313
N2048_eta01,0.0001,4.0,1.4791083881682074e-07,1.0872788698186038,1.0885846614418606,1.0883318641686488
N2048_eta01,0.0001,4.0,1.584893192461111e-07,1.0483329324023263,1.0517537474280971,1.0515191520286487
N2048_eta01,0.0001,4.0,1.6982436524617427e-07,1.016823192642417,1.0161717613753556,1.015954110512525
N2048_eta01,0.0001,4.0,1.8197008586099827e-07,0.9814224371234072,0.9817968590822214,0.9815949804942614
N2048_eta01,0.0001,4.0,1.9498445997580458e-07,0.9440475852533498,0.9485885746763303,0.9484013754983511
N2048_eta01,0.0001,4.0,2.0892961308540366e-07,0.9153273959626684,0.9165077785286662,0.9163342399882415
N2048_eta01,0.0001,4.0,2.2387211385683377e-07,0.8884025235199701,0.8855166361456812,0.885355808608001
N2048_eta01,0.0001,4.0,2.39883291901949e-07,0.8567552886013603,0.8555785680501746,0.8554295663904292
N2048_eta01,0.0001,4.0,2.570395782768865e-07,0.825941604768145,0.8266582106583332,0.8265202099399261
N2048_eta01,0.0001,4.0,2.7542287033381637e-07,0.8008196058413348,0.7987213781554616,0.798593609594201
N2048_eta01,0.0001,4.0,2.9512092266663846e-07,0.7746634536120954,0.7717350253692957,0.7716167725651344
N2048_eta01,0.0001,4.0,3.1622776601683797e-07,0.7447411168904157,0.7456672116372122,0.7455578070558504
N2048_eta01,0.0001,4.0,3.3884415613920205e-07,0.7176454773491413,0.7204870656601171,0.7203858873481838
N2048_eta01,0.0001,4.0,3.6307805477010105e-07,0.6962406639761686,0.6961647513337488,0.6960712198522779
N2048_eta01,0.0001,4.0,3.890451449942805e-07,0.6727768020836549,0.6726714345459395,0.67258501010792
N2048_eta01,0.0001,4.0,4.1686938347033557e-07,0.6474687265860984,0.6499792509269651,0.6498994307253758
N2048_eta01,0.0001,4.0,4.4668359215096253e-07,0.6272811179542142,0.6280612745380851,0.6279875902519437
N2048_eta01,0.0001,4.0,4.786300923226381e-07,0.6092347198845278,0.6068914874823342,0.606823502949135
N2048_eta01,0.0001,4.0,5.128613839913648e-07,0.5881780437549315,0.5864447504208867,0.5863820594642808
N2048_eta01,0.0001,4.0,5.495408738576237e-07,0.566191863154829,0.5666967739768968,0.5666389983794474
N2048_eta01,0.0001,4.0,5.888436553555884e-07,0.5478300777372764,0.547624091008435,0.5475708786198189
N2048_eta01,0.0001,4.0,6.309573444801931e-07,0.5305458219723381,0.5292040297313556,0.5291550527031004
N2048_eta01,0.0001,4.0,6.760829753919819e-07,0.5108440969597686,0.5114146876727728,0.5113696408110299
N2048_eta01,0.0001,4.0,7.244359600749892e-07,0.49160348641777935,0.49423490643514545,0.49419350566375686
N2048_eta01,0.0001,4.0,7.762471166286911e-07,0.47710923876994654,0.47764424725106425,0.47760622817757936
N2048_eta01,0.0001,4.0,8.31763771102671e-07,0.4627817807295028,0.4616229673086725,0.46158808388640105
N2048_eta01,0.0001,4.0,8.912509381337442e-07,0.4463993996506809,0.4461519968273728,0.4461200201071644
N2048_eta01,0.0001,4.0,9.54992586021435e-07,0.4308348279611084,0.4312129168637846,0.4311836338295183
N2048_eta01,0.0001,4.0,1.0232929922807537e-06,0.4177440996468803,0.41678793782784296,0.4167611503100268
N2048_eta01,0.0001,4.0,1.0964781961431828e-06,0.4042274399042625,0.4028598786890076,0.4028354023513011
N2048_eta01,0.0001,4.0,1.1748975549395304e-06,0.3889399062635435,0.38941214685281456,0.3893898102465845
N2048_eta01,0.0001,4.0,1.2589254117941661e-06,0.3744952473655192,0.37642871868812794,0.37640836237049086
N2048_eta01,0.0001,4.0,1.3489628825916506e-06,0.36351943245793744,0.36389412068566895,0.3638755963967689
N2048_eta01,0.0001,4.0,1.445439770745928e-06,0.35267513471078116,0.3517934112286676,0.3517765811242179
N2048_eta01,0.0001,4.0,1.5488166189124796e-06,0.3404883456635605,0.3401121629567141,0.3400968988920871
N2048_eta01,0.0001,4.0,1.6595869074375565e-06,0.32855496061286327,0.3288364457041337,0.32882262856654443
N2048_eta01,0.0001,4.0,1.7782794100389231e-06,0.31817584035428975,0.31795280999452014,0.31794032908007286
N2048_eta01,0.0001,4.0,1.9054607179632443e-06,0.3080995465400865,0.3074482710733395,0.3074370235058924
N2048_eta01,0.0001,4.0,2.0417379446695316e-06,0.29711656508761125,0.29731029346072513,0.29730018364977806
N2048_eta01,0.0001,4.0,2.187761623949552e-06,0.28631158180921207,0.2875267760069574,0.2875177151419177
N2048_eta01,0.0001,4.0,2.344228815319918e-06,0.2777572204379153,0.2780860374333258,0.27807794301168176
N2048_eta01,0.0001,4.0,2.5118864315095823e-06,0.26995366956088057,0.2689768023413488,0.26896959772846574
N2048_eta01,0.0001,4.0,2.6915348039269138e-06,0.26116809053480466,0.2601881876735984,0.2601818016919826
N2048_eta01,0.0001,4.0,2.8840315031266e-06,0.2514226238920415,0.2517096896095977,0.2517040561556231
N2048_eta01,0.0001,4.0,3.0902954325135923e-06,0.2423026483188504,0.24353117088050918,0.243526228566737
N2048_eta01,0.0001,4.0,3.311311214825908e-06,0.2353479156970057,0.23564284848655587,0.23563854030788742
N2048_eta01,0.0001,4.0,3.548133892335746e-06,0.22887248169955515,0.22803528180128677,0.22803155482332615
N2048_eta01,0.0001,4.0,3.801893963205613e-06,0.22151877610422668,0.2206993610470538,0.2206961661151428
N2048_eta01,0.0001,4.0,4.073802778041122e-06,0.21340341908306282,0.2136262961261934,0.21362358759369485
N2048_eta01,0.0001,4.0,4.365158322401666e-06,0.20588225930801435,0.20680760579260155,0.20680534126709227
N2048_eta01,0.0001,4.0,4.677351412871981e-06,0.20001590785051582,0.20023510714854703,0.20023324725467617
N2048_eta01,0.0001,4.0,5.011872336272715e-06,0.19428398221432547,0.1939009054517009,0.19389941360954513
N2048_eta01,0.0001,4.0,5.370317963702533e-06,0.18807383765815916,0.18779738421753,0.18779622643534954
N2048_eta01,0.0001,4.0,5.754399373371567e-06,0.1821193703233252,0.18191719560230601,0.18191634028268755
N2048_eta01,0.0001,4.0,6.16595001861481e-06,0.17660153894679392,0.17625325105214718,0.17625266881057142
N2048_eta01,0.0001,4.0,6.606934480075964e-06,0.17062761058683693,0.17079871220364543,0.1707983756985865
N2048_eta01,0.0001,4.0,7.079457843841373e-06,0.16479976291763485,0.16554698202178508,0.1655468657955056
N2048_eta01,0.0001,4.0,7.585775750291821e-06,0.1603339052334399,0.16049169616104,0.16049177649029367
N2048_eta01,0.0001,4.0,8.128305161640995e-06,0.15544220860424982,0.15562671453574176,0.15562696929164846
N2048_eta01,0.0001,4.0,8.709635899560797e-06,0.15080241905731034,0.15094611308604847,0.150946521602453
N2048_eta01,0.0001,4.0,9.332543007969886e-06,0.14684166487764008,0.14644417572613672,0.14644471867580164
N2048_eta01,0.0001,4.0,1e-05,0.14220257887329046,0.14211538646159885,0.14211604573962405
N2048_eta01,0.0001,4.0,1.071519305237605e-05,0.13836918266305606,0.13795442166345054,0.13795518027734777
N2048_eta01,0.0001,4.0,1.1481536214968841e-05,0.13419907783415086,0.13395614248667784,0.13395698445256396
N2048_eta01,0.0001,4.0,1.230268770812381e-05,0.13045731056865292,0.13011558742189727,0.13011649766629918
N2048_eta01,0.0001,4.0,1.3182567385564049e-05,0.1266581515026125,0.12642796496944897,0.12642892923624247
N2048_eta01,0.0001,4.0,1.4125375446227553e-05,0.12323012297695292,0.12288864642616884,0.12288965118820482
N2048_eta01,0.0001,4.0,1.5135612484362071e-05,0.1195670540694165,0.11949315877616193,0.11949419115115094
N2048_eta01,0.0001,4.0,1.6218100973589265e-05,0.11648651414692414,0.11623717767816652,0.11623822534842201
N2048_eta01,0.0001,4.0,1.7378008287493764e-05,0.11301339389678831,0.1131165205435909,0.11311757167924733
N2048_eta01,0.0001,4.0,1.8620871366628657e-05,0.1098639861492378,0.11012713970100588,0.11012818288634924
N2048_eta01,0.0001,4.0,1.995262314968875e-05,0.10718140415880381,0.1072651156448367,0.10726613980740048
N2048_eta01,0.0001,4.0,2.1379620895022326e-05,0.10446621635850936,0.10452665036821547,0.10452764471030951
N2048_eta01,0.0001,4.0,2.29086765276777e-05,0.1019718387431462,0.10190806078243178,0.1019090147147849
N2048_eta01,0.0001,4.0,2.4547089156850235e-05,0.09946552489687545,0.0994057722281669,0.09940667530537334
N2048_eta01,0.0001,4.0,2.6302679918953814e-05,0.09683806293736533,0.09701631208670566,0.09701715394417473
N2048_eta01,0.0001,4.0,2.8183829312644495e-05,0.09467461695896358,0.09473630350256224,0.09473707379467652
N2048_eta01,0.0001,4.0,3.0199517204020195e-05,0.09274458645451433,0.09256245923241015,0.09256314757159989
N2048_eta01,0.0001,4.0,3.235936569296281e-05,0.0903702058544203,0.09049157563882612,0.09049217153526973
N2048_eta01,0.0001,4.0,3.467368504525309e-05,0.08849164835776509,0.0885205268510695,0.0885210196527278
N2048_eta01,0.0001,4.0,3.715352290971728e-05,0.08662970433511902,0.08664625911885909,0.08664663795154598
N2048_eta01,0.0001,4.0,3.9810717055349695e-05,0.08481367178539838,0.0848657853887646,0.08486603909594949
N2048_eta01,0.0001,4.0,4.265795188015917e-05,0.0832441322438681,0.08317618013628864,0.08317629721831502
N2048_eta01,0.0001,4.0,4.570881896148752e-05,0.08157179109658588,0.08157457448984923,0.08157454304223898
N2048_eta01,0.0001,4.0,4.897788193684457e-05,0.0800034199442168,0.08005815168551272,0.0800579593360097
N2048_eta01,0.0001,4.0,5.2480746024977124e-05,0.07867267573635318,0.07862414289333108,0.07862377673731441
N2048_eta01,0.0001,4.0,5.623413251903491e-05,0.07736457243221666,0.07726982345732286,0.07726926999119914
N2048_eta01,0.0001,4.0,6.025595860743569e-05,0.07590542252765094,0.07599250959134138,0.07599175464349468
N2048_eta01,0.0001,4.0,6.456542290346563e-05,0.07465951708702126,0.07478955557213125,0.07478858423098259
N2048_eta01,0.0001,4.0,6.918309709189364e-05,0.07357440649273249,0.07365835146865769,0.07365714800735132
N2048_eta01,0.0001,4.0,7.413102413009161e-05,0.0725361752441718,0.07259632144317316,0.07259486924037292
N2048_eta01,0.0001,4.0,7.943282347242822e-05,0.07152562649727537,0.07160092265441409,0.07159920411065711
N2048_eta01,0.0001,4.0,8.51138038202376e-05,0.0705723472194762,0.07066964478676638,0.07066764123578376
N2048_eta01,0.0001,4.0,9.120108393559079e-05,0.06975955128305873,0.0698000102212588,0.0697977018356348
N2048_eta01,0.0001,4.0,9.772372209558111e-05,0.06905166923726488,0.0689895748549549,0.06898694054545905
N2048_eta01,0.0001,4.0,0.00010471285480508985,0.06823623944379097,0.06823592956491113,0.06823294687279893
N2048_eta01,0.0001,4.0,0.00011220184543019607,0.06751558909516943,0.06753670230162279,0.06753334728316399
N2048_eta01,0.0001,4.0,0.00012022644346174132,0.06693322717090619,0.06688956078513715,0.06688580788759393
N2048_eta01,0.0001,4.0,0.00012882495516931323,0.0662433723097752,0.06629221576517466,0.0662880376934155
N2048_eta01,0.0001,4.0,0.0001380384264602881,0.06574562825094,0.06574242479512239,0.06573779236801956
N2048_eta01,0.0001,4.0,0.00014791083881682073,0.06525960537298156,0.06523799645912477,0.06523287845484659
N2048_eta01,0.0001,4.0,0.0001584893192461111,0.06475754835118813,0.06477679498217788,0.06477115797144439
N2048_eta01,0.0001,4.0,0.0001698243652461746,0.06434040675372901,0.06435674514559228,0.06435055331191797
N2048_eta01,0.0001,4.0,0.00018197008586099826,0.06393685713574228,0.06397583742483172,0.0639690523707267
N2048_eta01,0.0001,4.0,0.00019498445997580418,0.0636175305158344,0.06363213326388674,0.063624713801927
N2048_eta01,0.0001,4.0,0.00020892961308540412,0.06329329222073406,0.0633237704002349,0.06331567232783968
N2048_eta01,0.0001,4.0,0.00022387211385683378,0.06304990145796646,0.0630489681571838,0.06304014401385233
N2048_eta01,0.0001,4.0,0.0002398832919019485,0.06282755572783075,0.0628060326259785,0.06279643143163459
N2048_eta01,0.0001,4.0,0.0002570395782768865,0.062576935758817,0.0625933616683454,0.0625829286413169
N2048_eta01,0.0001,4.0,0.00027542287033381635,0.062412263981422314,0.062409449680888615,0.062398125933903405
N2048_eta01,0.0001,4.0,0.0002951209226666378,0.062251616952450524,0.06225289207560012,0.06224061428801165
N2048_eta01,0.0001,4.0,0.000316227766016838,0.06213370176561654,0.06212238944526407,0.06210908950952425
N2048_eta01,0.0001,4.0,0.0003388441561392021,0.06199623254799746,0.06201675139825651,0.06200235603842683
N2048_eta01,0.0001,4.0,0.0003630780547701003,0.061933941699513564,0.061934900063670265,0.061919330423506856
N2048_eta01,0.0001,4.0,0.0003890451449942805,0.06188680249220152,0.061875873284362365,0.061859044482218344
N2048_eta01,0.0001,4.0,0.0004168693834703347,0.06184813671330631,0.06183882753199585,0.061820648179457184
N2048_eta01,0.0001,4.0,0.0004466835921509635,0.06183023695908355,0.061823040594078865,0.061803412274880884
N2048_eta01,0.0001,4.0,0.00047863009232263805,0.06183545463820096,0.06182791409812366,0.06180673080348437
N2048_eta01,0.0001,4.0,0.0005128613839913639,0.06186164831487839,0.06185297595221047,0.061830123468256434
N2048_eta01,0.0001,4.0,0.0005495408738576249,0.06190231059460879,0.06189788279439988,0.06187323803684648
N2048_eta01,0.0001,4.0,0.0005888436553555884,0.061953285156869764,0.06196242255568177,0.061935852846355846
N2048_eta01,0.0001,4.0,0.0006309573444801918,0.06203912461487483,0.06204651725267318,0.062017879531825096
N2048_eta01,0.0001,4.0,0.000676082975391982,0.06215867832934117,0.06215022613739811,0.06211936610503142
N2048_eta01,0.0001,4.0,0.0007244359600749892,0.0622712095370177,0.06227374934261649,0.06224050052125795
N2048_eta01,0.0001,4.0,0.0007762471166286897,0.062421320473559076,0.06241743217284032,0.062381614883267496
N2048_eta01,0.0001,4.0,0.000831763771102671,0.06257520564893598,0.06258177020400134,0.06254319044442608
N2048_eta01,0.0001,4.0,0.000891250938133744,0.06277320196321735,0.06276741536943471,0.06272586358749271
N2048_eta01,0.0001,4.0,0.000954992586021437,0.06297233215377614,0.06297518322724734,0.06293043297284738
N2048_eta01,0.0001,4.0,0.0010232929922807535,0.06320795228371882,0.06320606162518694,0.06315786807081136
N2048_eta01,0.0001,4.0,0.001096478196143183,0.06346506131457394,0.06346122100492511,0.06340931931832122
N2048_eta01,0.0001,4.0,0.0011748975549395304,0.06374027974228207,0.06374202661947848,0.0636861301718178
N2048_eta01,0.0001,4.0,0.0012589254117941662,0.06404338222966081,0.06405005297684016,0.06398985136732341
N2048_eta01,0.0001,4.0,0.0013489628825916506,0.06438983055961003,0.0643871008715887,0.06432225774711518
N2048_eta01,0.0001,4.0,0.0014454397707459282,0.06475917790268007,0.06475521742649498,0.06468536807237261
N2048_eta01,0.0001,4.0,0.0015488166189124796,0.06516187984545391,0.06515671964069308,0.06508146831541872
N2048_eta01,0.0001,4.0,0.0016595869074375565,0.06559765815098215,0.06559422203321826,0.06551313901709642
N2048_eta01,0.0001,4.0,0.001778279410038923,0.06607269632797631,0.06607066908493374,0.06598328740872324
N2048_eta01,0.0001,4.0,0.0019054607179632445,0.06659172770890795,0.066589373323517,0.06649518513942115
N2048_eta01,0.0001,4.0,0.0020417379446695232,0.06715593312182416,0.06715406007222458,0.06705251262542608
N2048_eta01,0.0001,4.0,0.002187761623949552,0.06777206628211643,0.06776892010257432,0.06765941125726609
N2048_eta01,0.0001,4.0,0.002344228815319918,0.06844306980516957,0.06843867170551886,0.06832054497518575
N2048_eta01,0.0001,4.0,0.002511886431509582,0.06917234949080227,0.069168634040294,0.06904117306816861
N2048_eta01,0.0001,4.0,0.0026915348039269144,0.06996875699249819,0.06996481405481869,0.06982723648746587
N2048_eta01,0.0001,4.0,0.0028840315031266,0.07083185007341367,0.07083400982256977,0.07068546051823092
N2048_eta01,0.0001,4.0,0.003090295432513592,0.07178275042320421,0.0717839338431457,0.07162347735800928
N2048_eta01,0.0001,4.0,0.003311311214825908,0.07281724951818082,0.07282336075395128,0.07264997305576655
N2048_eta01,0.0001,4.0,0.003548133892335746,0.07396386301118678,0.07396230506140979,0.07377486443367487
N2048_eta01,0.0001,4.0,0.0038018939632056127,0.07521705862142634,0.07521223600708377,0.07500951313275275
N2048_eta01,0.0001,4.0,0.0040738027780411225,0.0765862178617712,0.0765863386535355,0.07636698591143387
N2048_eta01,0.0001,4.0,0.004365158322401648,0.07809855311676063,0.07809983286713054,0.07786237294718291
N2048_eta01,0.0001,4.0,0.004677351412871981,0.07976678862471957,0.07977036531309106,0.07951317937363836
N2048_eta01,0.0001,4.0,0.005011872336272715,0.08162227566233829,0.08161849417407879,0.08133980995005921
N2048_eta01,0.0001,4.0,0.005370317963702533,0.0836708761048495,0.08366829249857954,0.08336617306057986
N2048_eta01,0.0001,4.0,0.005754399373371567,0.08594053445166581,0.08594810450874533,0.08562043882848144
N2048_eta01,0.0001,4.0,0.006165950018614809,0.08849363412127136,0.08849150075575557,0.08813599794597057
N2048_eta01,0.0001,4.0,0.006606934480075964,0.09134353775583545,0.0913384940232964,0.09095268423700288
N2048_eta01,0.0001,4.0,0.007079457843841374,0.0945296831437538,0.09453710028560752,0.09411834701911871
N2048_eta01,0.0001,4.0,0.007585775750291821,0.09814654972261838,0.09814536070647337,0.09769089204121473
N2048_eta01,0.0001,4.0,0.008128305161640995,0.10223993240934794,0.10223398594469016,0.10174095672644838
N2048_eta01,0.0001,4.0,0.008709635899560796,0.10688169213041712,0.10688984947222793,0.10635545363954943
N2048_eta01,0.0001,4.0,0.009332543007969887,0.11222241140083289,0.11222065227093067,0.1116423163382063
N2048_eta01,0.0001,4.0,0.01,0.11836737180325241,0.11836122270794408,0.11773693095010954
N4096_eta01,0.0001,0.0,1.0000000000000002e-14,0.022630308017934524,0.02263135714086211,0.022630945286013084
N4096_eta01,0.0001,0.0,1.0715193052376049e-14,0.023427234146485718,0.023426665645758824,0.02342624520093506
N4096_eta01,0.0001,0.0,1.148153621496884e-14,0.024250459809745634,0.024249933839690582,0.024249493619462676
N4096_eta01,0.0001,0.0,1.2302687708123812e-14,0.025101025123500775,0.025102148572397762,0.025101672706174236
N4096_eta01,0.0001,0.0,1.3182567385564046e-14,0.02598494300510852,0.025984291500448686,0.02598379914034144
N4096_eta01,0.0001,0.0,1.4125375446227557e-14,0.02689716822002537,0.026897434867418548,0.02689692532877416
N4096_eta01,0.0001,0.0,1.5135612484362073e-14,0.027843967322504697,0.027842674562429698,0.027842140661278863
N4096_eta01,0.0001,0.0,1.6218100973589332e-14,0.02881886710300921,0.028821134104769747,0.02882057281022786
N4096_eta01,0.0001,0.0,1.7378008287493765e-14,0.029835385017783135,0.029833986082880064,0.029833389075787205
N4096_eta01,0.0001,0.0,1.8620871366628658e-14,0.03088224754757491,0.030882413126338704,0.030881797778408222
N4096_eta01,0.0001,0.0,1.9952623149688828e-14,0.03196802186772032,0.031967700094282854,0.031967049700241154
N4096_eta01,0.0001,0.0,2.1379620895022327e-14,0.033090202829590604,0.03309113506974228,0.03309043957718915
N4096_eta01,0.0001,0.0,2.29086765276777e-14,0.03425450963955484,0.03425402794724996,0.03425330764338135
N4096_eta01,0.0001,0.0,2.4547089156850338e-14,0.03545891253967866,0.03545780489370981,0.035457041229904354
N4096_eta01,0.0001,0.0,2.6302679918953815e-14,0.03670164529418855,0.036703865859913115,0.036703076419697535
N4096_eta01,0.0001,0.0,2.8183829312644495e-14,0.03799515477093055,0.03799373804168729,0.03799289976058432
N4096_eta01,0.0001,0.0,3.019951720402019e-14,0.03932840334670964,0.039328923324698305,0.039328050038479265
N4096_eta01,0.0001,0.0,3.2359365692962816e-14,0.040712826769634,0.04071103949712878,0.04071012011288311
N4096_eta01,0.0001,0.0,3.46736850452531e-14,0.04213865712663862,0.04214173019414667,0.042140758816853294
N4096_eta01,0.0001,0.0,3.715352290971728e-14,0.04362451915407909,0.043622694947863874,0.043621672923710636
N4096_eta01,0.0001,0.0,3.9810717055349693e-14,0.045155807758038874,0.04515569949986499,0.04515462918282488
N4096_eta01,0.0001,0.0,4.2657951880159345e-14,0.04674221763115428,0.04674258247270213,0.04674145642690361
N4096_eta01,0.0001,0.0,4.570881896148752e-14,0.04838480144992643,0.04838523544203734,0.04838404775329112
N4096_eta01,0.0001,0.0,4.897788193684456e-14,0.050085837005927336,0.05008561924736796,0.05008436278187544
N4096_eta01,0.0001,0.0,5.248074602497734e-14,0.05184778977703746,0.05184575348190301,0.051844429992288624
N4096_eta01,0.0001,0.0,5.623413251903491e-14,0.05366386840976707,0.05366773804790981,0.05366634914318185
N4096_eta01,0.0001,0.0,6.025595860743569e-14,0.05555626381341202,0.055553758382493455,0.055552293776453626
N4096_eta01,0.0001,0.0,6.456542290346563e-14,0.057505279898560774,0.05750605786330306,0.05750451380940811
N4096_eta01,0.0001,0.0,6.918309709189363e-14,0.05952915935379863,0.059526970932252316,0.05952533821792578
N4096_eta01,0.0001,0.0,7.413102413009162e-14,0.061615099032100884,0.06161890156069913,0.061617177813837756
N4096_eta01,0.0001,0.0,7.943282347242822e-14,0.06378650086366325,0.06378433940086209,0.06378252811980191
N4096_eta01,0.0001,0.0,8.51138038202376e-14,0.06602666291737014,0.06602588784805895,0.06602397234509694
N4096_eta01,0.0001,0.0,9.120108393559116e-14,0.06834438163256086,0.06834620919079408,0.06834418446587129
N4096_eta01,0.0001,0.0,9.772372209558112e-14,0.07074872974607543,0.07074806650375115,0.07074593241349983
N4096_eta01,0.0001,0.0,1.0471285480508985e-13,0.07323405279910321,0.07323433953960622,0.07323208137483653
N4096_eta01,0.0001,0.0,1.1220184543019654e-13,0.07581136646890518,0.07580798220898083,0.07580559720827679
N4096_eta01,0.0001,0.0,1.2022644346174131e-13,0.07846592204173762,0.0784720726885435,0.0784695499796805
N4096_eta01,0.0001,0.0,1.2882495516931323e-13,0.08123369876867473,0.0812297810252735,0.08122711762235044
N4096_eta01,0.0001,0.0,1.3803842646028868e-13,0.08408349888121561,0.08408440778306082,0.08408158972539903
N4096_eta01,0.0001,0.0,1.4791083881682072e-13,0.0870415433457298,0.08703935335190544,0.08703637145499338
N4096_eta01,0.0001,0.0,1.584893192461111e-13,0.09009398285728305,0.09009814063114215,0.09009498761312007
N4096_eta01,0.0001,0.0,1.698243652461746e-13,0.09326668204382162,0.09326442410749236,0.09326108683866993
N4096_eta01,0.0001,0.0,1.8197008586099824e-13,0.09654408130214336,0.09654198199597824,0.09653844595581108
N4096_eta01,0.0001,0.0,1.9498445997580416e-13,0.09993022077975748,0.09993471785134134,0.09993097447479049
N4096_eta01,0.0001,0.0,2.0892961308540411e-13,0.10344930307284775,0.10344668591037733,0.1034427192504748
N4096_eta01,0.0001,0.0,2.2387211385683378e-13,0.10708100944975514,0.10708207591947343,0.10707786930412921
N4096_eta01,0.0001,0.0,2.3988329190194847e-13,0.1108503563112461,0.11084521759925185,0.11084076081412138
N4096_eta01,0.0001,0.0,2.570395782768865e-13,0.11473158445328804,0.11474060520873476,0.114735882281425
N4096_eta01,0.0001,0.0,2.7542287033381635e-13,0.11877846094942772,0.11877288927886853,0.11876787987600448
N4096_eta01,0.0001,0.0,2.95120922666639e-13,0.12294622862982206,0.12294687954255477,0.12294156297037037
N4096_eta01,0.0001,0.0,3.1622776601683797e-13,0.1272687901332361,0.12726754745381105,0.12726190986679647
N4096_eta01,0.0001,0.0,3.3884415613920205e-13,0.13173639472345394,0.1317400583349079,0.13173407372492704
N4096_eta01,0.0001,0.0,3.630780547701018e-13,0.13637164317663628,0.13636974245613204,0.13636338869671366
N4096_eta01,0.0001,0.0,3.890451449942805e-13,0.14116654611281454,0.14116212330282868,0.14115537627586222
N4096_eta01,0.0001,0.0,4.168693834703347e-13,0.14611403930271294,0.14612291595710242,0.14611575186921358
N4096_eta01,0.0001,0.0,4.466835921509635e-13,0.15126372431677182,0.15125804315180094,0.15125043159772134
N4096_eta01,0.0001,0.0,4.786300923226381e-13,0.15657154955770852,0.15657362464253627,0.1565655393349511
N4096_eta01,0.0001,0.0,5.128613839913659e-13,0.16208308962858117,0.16207600524338392,0.16206741399129038
N4096_eta01,0.0001,0.0,5.495408738576248e-13,0.16775954863292278,0.1677717513255678,0.16776261705231738
N4096_eta01,0.0001,0.0,5.888436553555884e-13,0.17367490563682528,0.17366765180943167,0.17365794038007099
N4096_eta01,0.0001,0.0,6.309573444801943e-13,0.17977119743629852,0.17977074135409957,0.17976041428623274
N4096_eta01,0.0001,0.0,6.760829753919819e-13,0.1860867565478299,0.18608829738506197,0.18607731588653478
N4096_eta01,0.0001,0.0,7.244359600749892e-13,0.19262622969277945,0.19262786060608544,0.19261617774600953
N4096_eta01,0.0001,0.0,7.762471166286928e-13,0.1993980584340212,0.19939722754675235,0.19938479682499485
N4096_eta01,0.0001,0.0,8.317637711026709e-13,0.20641259226793335,0.2064044733216805,0.20639124373613318
N4096_eta01,0.0001,0.0,8.912509381337441e-13,0.21364249712987907,0.21365795468469923,0.21364387232292895
N4096_eta01,0.0001,0.0,9.54992586021437e-13,0.2211763578105541,0.22116632288915916,0.22115132957074468
N4096_eta01,0.0001,0.0,1.0232929922807536e-12,0.22893543653003479,0.22893852869015016,0.2289225658614713
N4096_eta01,0.0001,0.0,1.0964781961431851e-12,0.236992462425327,0.23698384587337584,0.2369668455834453
N4096_eta01,0.0001,0.0,1.1748975549395302e-12,0.24529683728231388,0.2453118666863124,0.24529375810853196
N4096_eta01,0.0001,0.0,1.258925411794166e-12,0.2539410867644939,0.25393252079814593,0.25391322914866366
N4096_eta01,0.0001,0.0,1.3489628825916534e-12,0.26285923394676025,0.2628560880898458,0.26283553250447744
N4096_eta01,0.0001,0.0,1.445439770745928e-12,0.272085745551244,0.2720932090095223,0.272071302219066
N4096_eta01,0.0001,0.0,1.5488166189124795e-12,0.2816577340960852,0.2816548943420927,0.2816315451502358
N4096_eta01,0.0001,0.0,1.6595869074375598e-12,0.29155134262131344,0.2915525465030534,0.29152765397504066
N4096_eta01,0.0001,0.0,1.7782794100389228e-12,0.3018114196507552,0.3017979606563865,0.3017714206407372
N4096_eta01,0.0001,0.0,1.9054607179632443e-12,0.3123788265658868,0.31240335040150813,0.31237505027669954
N4096_eta01,0.0001,0.0,2.041737944669532e-12,0.3233970260658475,0.3233813564909041,0.32335117558221466
N4096_eta01,0.0001,0.0,2.1877616239495518e-12,0.3347414910014965,0.33474506440973606,0.3347128717054517
N4096_eta01,0.0001,0.0,2.344228815319923e-12,0.34651647503064287,0.3465080148236922,0.34647367162930687
N4096_eta01,0.0001,0.0,2.5118864315095823e-12,0.3586679632322168,0.35868422345926326,0.3586475820801755
N4096_eta01,0.0001,0.0,2.6915348039269142e-12,0.37129707170505816,0.3712881981494621,0.3712490999761026
N4096_eta01,0.0001,0.0,2.884031503126606e-12,0.38434343014674677,0.384334954862826,0.3842932294311147
N4096_eta01,0.0001,0.0,3.090295432513592e-12,0.3978217787731404,0.397840034771866,0.3977954993328959
N4096_eta01,0.0001,0.0,3.311311214825908e-12,0.41183031366350753,0.4118195203937291,0.4117719815113225
N4096_eta01,0.0001,0.0,3.548133892335753e-12,0.42628572563546735,0.42629005993289,0.4262393095156842
N4096_eta01,0.0001,0.0,3.8018939632056125e-12,0.44128921082810807,0.4412688826254739,0.44121469801874047
N4096_eta01,0.0001,0.0,4.073802778041122e-12,0.45673799611047067,0.45677382271131306,0.4567159628660394
N4096_eta01,0.0001,0.0,4.365158322401657e-12,0.47284554754672103,0.4728233302277616,0.47276154178918645
N4096_eta01,0.0001,0.0,4.677351412871982e-12,0.4894340717061647,0.4894365075562671,0.48937051580195756
N4096_eta01,0.0001,0.0,5.011872336272715e-12,0.5066374364157281,0.5066331191000474,0.5065626312983597
N4096_eta01,0.0001,0.0,5.370317963702533e-12,0.524419742949084,0.5244336199406932,0.5243583228718611
N4096_eta01,0.0001,0.0,5.754399373371567e-12,0.5428664728977716,0.5428591790042296,0.5427787368750896
N4096_eta01,0.0001,0.0,6.165950018614822e-12,0.5619494957082015,0.5619317020118918,0.5618457557393568
N4096_eta01,0.0001,0.0,6.6069344800759645e-12,0.5816379331946038,0.5816738586239517,0.5815820230732665
N4096_eta01,0.0001,0.0,7.079457843841373e-12,0.6021323586320825,0.602109105583326,0.6020109695595867
N4096_eta01,0.0001,0.0,7.585775750291836e-12,0.6232533818063356,0.6232617174457232,0.6231568396693155
N4096_eta01,0.0001,0.0,8.128305161640996e-12,0.6451845086270216,0.6451568113449208,0.6450447192115548
N4096_eta01,0.0001,0.0,8.709635899560797e-12,0.6677723245155094,0.6678203755789296,0.667700563737374
N4096_eta01,0.0001,0.0,9.332543007969906e-12,0.6913080326643861,0.691279300184473,0.6911512278152552
N4096_eta01,0.0001,0.0,1e-11,0.7155636374730954,0.7155614079365527,0.7154244951949923
N4096_eta01,0.0001,0.0,1.0715193052376049e-11,0.740687933917215,0.74069548254362,0.7405491098760273
N4096_eta01,0.0001,0.0,1.1481536214968842e-11,0.7667063715383811,0.7667113059942676,0.7665548080950986
N4096_eta01,0.0001,0.0,1.2302687708123813e-11,0.7936424389818447,0.7936396854642986,0.7934723512467872
N4096_eta01,0.0001,0.0,1.3182567385564075e-11,0.8215449791289324,0.8215124917329104,0.8213335597490045
N4096_eta01,0.0001,0.0,1.4125375446227556e-11,0.8503003896605066,0.8503626925664063,0.8501713478636103
N4096_eta01,0.0001,0.0,1.5135612484362072e-11,0.880265271711804,0.8802243901290068,0.8800197594802859
N4096_eta01,0.0001,0.0,1.6218100973589298e-11,0.9111206501370976,0.9111328568768279,0.910914004869267
N4096_eta01,0.0001,0.0,1.7378008287493765e-11,0.9431573181960979,0.9431245719340793,0.9428904984057311
N4096_eta01,0.0001,0.0,1.8620871366628657e-11,0.9761791962412136,0.976237264522946,0.9759868972653511
N4096_eta01,0.0001,0.0,1.995262314968879e-11,1.0105433740888472,1.0105099499570847,1.0102421410868034
N4096_eta01,0.0001,0.0,2.1379620895022327e-11,1.0459964220380233,1.0459829711116417,1.0456964925927141
N4096_eta01,0.0001,0.0,2.2908676527677702e-11,1.0826654226637888,1.082698043286283,1.0823915791557124
N4096_eta01,0.0001,0.0,2.4547089156850283e-11,1.1207127389735143,1.1206982932428895,1.1203704352907253
N4096_eta01,0.0001,0.0,2.6302679918953818e-11,1.1600225445956356,1.16002830567295,1.1596775460484015
N4096_eta01,0.0001,0.0,2.8183829312644493e-11,1.2007874302964285,1.200734167349278,1.2003588912775487
N4096_eta01,0.0001,0.0,3.019951720402019e-11,1.2427654778858952,1.2428635116684856,1.2424619907164807
N4096_eta01,0.0001,0.0,3.235936569296281e-11,1.2865289607756278,1.2864655666989713,1.2860359498642642
N4096_eta01,0.0001,0.0,3.467368504525317e-11,1.331577718436411,1.3315912002270258,1.3311315065728517
N4096_eta01,0.0001,0.0,3.715352290971728e-11,1.378322492562407,1.37829296983111,1.3778010782897394
N4096_eta01,0.0001,0.0,3.9810717055349695e-11,1.4265652332225836,1.426625170138918,1.4260988098683218
N4096_eta01,0.0001,0.0,4.2657951880159254e-11,1.4766772781245558,1.4766438814506968,1.47608062184892
N4096_eta01,0.0001,0.0,4.570881896148752e-11,1.5284425087478823,1.5284070193856283,1.5278042590977539
N4096_eta01,0.0001,0.0,4.897788193684457e-11,1.581896365468872,1.5819743859919322,1.5813293396736068
N4096_eta01,0.0001,0.0,5.2480746024977236e-11,1.637456443175564,1.6374077168970524,1.6367174037723442
N4096_eta01,0.0001,0.0,5.6234132519034906e-11,1.6947521405532615,1.694770733121138,1.6940319625776457
N4096_eta01,0.0001,0.0,6.025595860743569e-11,1.7542077354801737,1.7541291887284132,1.7533385468222207
N4096_eta01,0.0001,0.0,6.456542290346562e-11,1.8154102649613195,1.815550922397893,1.814704754836776
N4096_eta01,0.0001,0.0,6.918309709189364e-11,1.8791945048223284,1.8791059032889166,1.8782002998342981
N4096_eta01,0.0001,0.0,7.413102413009162e-11,1.9448590658182408,1.9448662789557463,1.943897056144167
N4096_eta01,0.0001,0.0,7.943282347242822e-11,2.0129135845093225,2.0129064233106884,2.011869104073995
N4096_eta01,0.0001,0.0,8.511380382023759e-11,2.0832591899561708,2.083302977691692,2.082192773036754
N4096_eta01,0.0001,0.0,9.120108393559097e-11,2.1561594585929846,2.1561348955615673,2.1549466825361
N4096_eta01,0.0001,0.0,9.772372209558111e-11,2.231556764705471,2.231483482425291,2.2302117805534194
N4096_eta01,0.0001,0.0,1.0471285480508986e-10,2.3092811735504357,2.309432430500879,2.30807137882607
N4096_eta01,0.0001,0.0,1.1220184543019632e-10,2.390169712663029,2.3900678540165994,2.3886111844463436
N4096_eta01,0.0001,0.0,1.2022644346174132e-10,2.4734442134668537,2.4734783167457395,2.471919327145084
N4096_eta01,0.0001,0.0,1.2882495516931322e-10,2.5598562029929455,2.5597548568528277,2.558086381551836
N4096_eta01,0.0001,0.0,1.3803842646028838e-10,2.648809745045233,2.648991004655745,2.647205383644265
N4096_eta01,0.0001,0.0,1.479108388168207e-10,2.7413937794469536,2.7412827945109974,2.739371840513096
N4096_eta01,0.0001,0.0,1.5848931924611142e-10,2.8367439976008657,2.8367287687848015,2.8346837324742085
N4096_eta01,0.0001,0.0,1.6982436524617427e-10,2.9353780960788582,2.935429973273001,2.9332415064563166
N4096_eta01,0.0001,0.0,1.8197008586099827e-10,3.0374948966220905,3.0374899434436435,3.0351480594801634
N4096_eta01,0.0001,0.0,1.9498445997580455e-10,3.1430168222140704,3.1430146777749646,3.140508710922938
N4096_eta01,0.0001,0.0,2.0892961308540407e-10,3.2522426684172396,3.2521126008284167,3.2494311621289707
N4096_eta01,0.0001,0.0,2.2387211385683377e-10,3.364638197431126,3.364894510893668,3.3620254417841338
N4096_eta01,0.0001,0.0,2.3988329190194897e-10,3.481648198789334,3.481473511263715,3.478403835316375
N4096_eta01,0.0001,0.0,2.570395782768865e-10,3.601918717602777,3.6019649248306633,3.5986807964177476
N4096_eta01,0.0001,0.0,2.7542287033381637e-10,3.726589990971415,3.7264861883629017,3.722972838604106
N4096_eta01,0.0001,0.0,2.951209226666384e-10,3.854957477111162,3.8551567241336504,3.851398404536821
N4096_eta01,0.0001,0.0,3.1622776601683795e-10,3.98821764013778,3.9880977874035928,3.984077710626208
N4096_eta01,0.0001,0.0,3.3884415613920275e-10,4.125498954560295,4.125432286513277,4.121132564219512
N4096_eta01,0.0001,0.0,3.6307805477010104e-10,4.267112860038377,4.2672845724385,4.262686150446812
N4096_eta01,0.0001,0.0,3.890451449942805e-10,4.413884752638573,4.413780194178703,4.408862785557245
N4096_eta01,0.0001,0.0,4.168693834703355e-10,4.565008383044983,4.565045618838665,4.55978763332629
N4096_eta01,0.0001,0.0,4.4668359215096254e-10,4.721408748278855,4.721207908773534,4.715586380854251
N4096_eta01,0.0001,0.0,4.78630092322638e-10,4.88201011411728,4.882394355997816,4.8763848698077945
N4096_eta01,0.0001,0.0,5.128613839913648e-10,5.048991645318464,5.048732066491666,5.042308678884049
N4096_eta01,0.0001,0.0,5.495408738576249e-10,5.220307034649024,5.220347491180945,5.213482653003094
N4096_eta01,0.0001,0.0,5.888436553555885e-10,5.3974154758013935,5.397365898616161,5.3900303744640965
N4096_eta01,0.0001,0.0,6.30957344480193e-10,5.579754886111324,5.579910784355099,5.572073571038471
N4096_eta01,0.0001,0.0,6.760829753919819e-10,5.7682011868755945,5.768103210946239,5.7597314557267385
N4096_eta01,0.0001,0.0,7.244359600749892e-10,5.9622220406330415,5.962061074365893,5.953119992682032
N4096_eta01,0.0001,0.0,7.762471166286911e-10,6.161522642321588,6.161898289226235,6.15235108361253
N4096_eta01,0.0001,0.0,8.31763771102671e-10,6.36799427195759,6.367723888331119,6.3575316688280425
N4096_eta01,0.0001,0.0,8.91250938133746e-10,6.5795511500636294,6.579641030048697,6.568762737007006
N4096_eta01,0.0001,0.0,9.54992586021435e-10,6.798003892800527,6.797745906879596,6.786138237743607
N4096_eta01,0.0001,0.0,1.0232929922807536e-09,7.02163214990836,7.022126550201547,7.009743891009731
N4096_eta01,0.0001,0.0,1.0964781961431852e-09,7.253192491518986,7.252861524092783,7.2396558878523845
N4096_eta01,0.0001,0.0,1.1748975549395278e-09,7.490028195294966,7.490018503661011,7.475939476968526
N4096_eta01,0.0001,0.0,1.2589254117941663e-09,7.733532003247332,7.733652732770845,7.718647432280567
N4096_eta01,0.0001,0.0,1.3489628825916533e-09,7.983812951428073,7.983805355750833,7.967818397307141
N4096_eta01,0.0001,0.0,1.445439770745928e-09,8.240525888616366,8.240501620462387,8.223475103015664
N4096_eta01,0.0001,0.0,1.5488166189124799e-09,8.504047515773983,8.503748950504146,8.48562245698992
N4096_eta01,0.0001,0.0,1.6595869074375598e-09,8.772876044476082,8.77353488423314,8.754245503183403
N4096_eta01,0.0001,0.0,1.778279410038923e-09,9.050319463963323,9.049824883007528,9.029307253293826
N4096_eta01,0.0001,0.0,1.9054607179632444e-09,9.332426477923297,9.332560010398058,9.3107463929253
N4096_eta01,0.0001,0.0,2.0417379446695276e-09,9.62188297593076,9.621654488384383,9.598474868236636
N4096_eta01,0.0001,0.0,2.187761623949552e-09,9.916505366660232,9.916993138901644,9.892375361743744
N4096_eta01,0.0001,0.0,2.344228815319923e-09,10.218763190426962,10.218428722558627,10.192298669379532
N4096_eta01,0.0001,0.0,2.511886431509577e-09,10.52591657773391,10.525779190619534,10.498060994839403
N4096_eta01,0.0001,0.0,2.6915348039269142e-09,10.838355481666888,10.838824870270935,10.809441181667687
N4096_eta01,0.0001,0.0,2.884031503126606e-09,11.157652680061872,11.157305609127711,11.126177908469083
N4096_eta01,0.0001,0.0,3.0902954325135923e-09,11.480807756348863,11.480917909425337,11.447966878041747
N4096_eta01,0.0001,0.0,3.3113112148259078e-09,11.809741217546426,11.809312089082022,11.774458037085454
N4096_eta01,0.0001,0.0,3.5481338923357537e-09,12.141164326517417,12.142089512576291,12.105252869372388
N4096_eta01,0.0001,0.0,3.8018939632056126e-09,12.479504352236493,12.478799942015497,12.439901811782194
N4096_eta01,0.0001,0.0,4.073802778041122e-09,12.818823965740169,12.818939064867633,12.777901849263756
N4096_eta01,0.0001,0.0,4.365158322401657e-09,13.161932903001357,13.161946262052755,13.118694351417922
N4096_eta01,0.0001,0.0,4.6773514128719815e-09,13.506996729703424,13.50720268671081,13.461663219782363
N4096_eta01,0.0001,0.0,5.0118723362727255e-09,13.854224391137551,13.854029729940727,13.806133420777202
N4096_eta01,0.0001,0.0,5.370317963702522e-09,14.20203138277374,14.201687955151714,14.151369984329484
N4096_eta01,0.0001,0.0,5.754399373371567e-09,14.548408440160722,14.549376586809974,14.496577552084851
N4096_eta01,0.0001,0.0,6.165950018614823e-09,14.89706103113522,14.896233641950058,14.84090056144775
N4096_eta01,0.0001,0.0,6.606934480075952e-09,15.241074130885202,15.241336793310564,15.183424152053341
N4096_eta01,0.0001,0.0,7.0794578438413736e-09,15.584109931492534,15.583705051083022,15.523175879239036
N4096_eta01,0.0001,0.0,7.585775750291836e-09,15.921379343730655,15.922301345523767,15.859128314234221
N4096_eta01,0.0001,0.0,8.128305161640994e-09,16.25676512728509,16.256036084823876,16.190202602738715
N4096_eta01,0.0001,0.0,8.709635899560797e-09,16.583799775140033,16.58377175055279,16.51527304199057
N4096_eta01,0.0001,0.0,9.332543007969905e-09,16.90378024705936,16.9043285780015,16.833172721104045
N4096_eta01,0.0001,0.0,1e-08,17.21692938621995,17.21649134893802,17.142700250289124
N4096_eta01,0.0001,0.0,1.0715193052376048e-08,17.518907598507532,17.519017301024657,17.442627581609752
N4096_eta01,0.0001,0.0,1.1481536214968818e-08,17.811158199161316,17.81064513109291,17.731708897457608
N4096_eta01,0.0001,0.0,1.2302687708123811e-08,18.088768160010417,18.090105039271364,18.00869051339169
N4096_eta01,0.0001,0.0,1.3182567385564074e-08,18.357321408271556,18.356129728119008,18.27232171013842
N4096_eta01,0.0001,0.0,1.4125375446227526e-08,18.607152783837847,18.607466237067364,18.52136637631408
N4096_eta01,0.0001,0.0,1.5135612484362072e-08,18.842938300109815,18.842888457690226,18.75461531000052
N4096_eta01,0.0001,0.0,1.62181009735893e-08,19.060829667643713,19.061210142374573,18.970898995042603
N4096_eta01,0.0001,0.0,1.7378008287493763e-08,19.261708103480753,19.261298188130883,19.169100638345977
N4096_eta01,0.0001,0.0,1.8620871366628656e-08,19.442347119367135,19.442085951150972,19.348169229103682
N4096_eta01,0.0001,0.0,1.995262314968879e-08,19.60143133848202,19.602586327317994,19.507132361312735
N4096_eta01,0.0001,0.0,2.1379620895022325e-08,19.74307198522111,19.741904320935753,19.64510854857416
N4096_eta01,0.0001,0.0,2.2908676527677703e-08,19.858826051134976,19.859248819556512,19.761318756188086
N4096_eta01,0.0001,0.0,2.4547089156850285e-08,19.954374566632826,19.953943298029294,19.855096880816397
N4096_eta01,0.0001,0.0,2.6302679918953814e-08,20.024291045456298,20.025435190064368,19.925898922926887
N4096_eta01,0.0001,0.0,2.818382931264455e-08,20.074387036270235,20.073303690680703,19.97331062181213
N4096_eta01,0.0001,0.0,3.0199517204020135e-08,20.09708583780373,20.09726578748694,19.99705335663461
N4096_eta01,0.0001,0.0,3.2359365692962815e-08,20.09665607551627,20.09718036150593,19.996988158615817
N4096_eta01,0.0001,0.0,3.467368504525317e-08,20.0735471290041,20.073050247748757,19.97311772762027
N4096_eta01,0.0001,0.0,3.7153522909717206e-08,20.0249161678125,20.025022199927122,19.925586399051525
N4096_eta01,0.0001,0.0,3.9810717055349696e-08,19.95377570840568,19.953384760272318,19.854678061963085
N4096_eta01,0.0001,0.0,4.265795188015926e-08,19.857229439722307,19.858564091966166,19.760812084234484
N4096_eta01,0.0001,0.0,4.5708818961487524e-08,19.74254830659897,19.741117885750853,19.64453735321469
N4096_eta01,0.0001,0.0,4.897788193684457e-08,19.601212103097602,19.60172750156397,19.506524588185993
N4096_eta01,0.0001,0.0,5.248074602497723e-08,19.441286288527124,19.441188548608487,19.347557122428437
N4096_eta01,0.0001,0.0,5.623413251903491e-08,19.259942671045756,19.260400141445185,19.168520386041944
N4096_eta01,0.0001,0.0,6.025595860743569e-08,19.06093070680229,19.06035309453219,18.970390344953245
N4096_eta01,0.0001,0.0,6.456542290346549e-08,18.84212615977494,18.842117332435386,18.754221166159578
N4096_eta01,0.0001,0.0,6.918309709189362e-08,18.60596466292807,18.606828797803317,18.52113238421055
N4096_eta01,0.0001,0.0,7.413102413009178e-08,18.35672007399777,18.355676134558315,18.27229583965899
N4096_eta01,0.0001,0.0,7.943282347242806e-08,18.089451631575002,18.08988741051207,18.008922647589113
N4096_eta01,0.0001,0.0,8.511380382023759e-08,17.811038960310558,17.810717123026357,17.732250434550604
N4096_eta01,0.0001,0.0,9.120108393559096e-08,17.518416676263342,17.5194337049218,17.44353105671494
N4096_eta01,0.0001,0.0,9.772372209558092e-08,17.218478545559762,17.217307717103843,17.144018982367836
N4096_eta01,0.0001,0.0,1.0471285480508985e-07,16.9051798991878,16.90560088105328,16.834960489528648
N4096_eta01,0.0001,0.0,1.122018454301963e-07,16.585396900446344,16.585556069889435,16.51758379604201
N4096_eta01,0.0001,0.0,1.202264434617413e-07,16.25846352789224,16.258388342582993,16.19309020628185
N4096_eta01,0.0001,0.0,1.2882495516931324e-07,15.925448982414238,15.925277073296812,15.862646326814364
N4096_eta01,0.0001,0.0,1.380384264602884e-07,15.587435746112364,15.58735919768962,15.52737737392923
N4096_eta01,0.0001,0.0,1.4791083881682074e-07,15.244928256467212,15.245723571105131,15.18836156957683
N4096_eta01,0.0001,0.0,1.584893192461111e-07,14.90244065124072,14.901406410280767,14.84662559941536
N4096_eta01,0.0001,0.0,1.6982436524617427e-07,14.554912790700996,14.555387770910622,14.503141087627366
N4096_eta01,0.0001,0.0,1.8197008586099827e-07,14.208800245028751,14.208588998001781,14.158822027970768
N4096_eta01,0.0001,0.0,1.9498445997580458e-07,13.861192763821792,13.861871074465599,13.8145230990777
N4096_eta01,0.0001,0.0,2.0892961308540366e-07,13.51690653693237,13.516033785473612,13.47103878407677
N4096_eta01,0.0001,0.0,2.2387211385683377e-07,13.171461427522864,13.171815611457822,13.129103209862624
N4096_eta01,0.0001,0.0,2.39883291901949e-07,12.829756716038963,12.829894260850594,12.789390619386626
N4096_eta01,0.0001,0.0,2.570395782768865e-07,12.490984879425056,12.49088775427818,12.452516390774711
N4096_eta01,0.0001,0.0,2.7542287033381637e-07,12.155495663105864,12.155355974564806,12.119038519468843
N4096_eta01,0.0001,0.0,2.9512092266663846e-07,11.82380194729818,11.823802601041693,11.789459483522789
N4096_eta01,0.0001,0.0,3.1622776601683797e-07,11.49616171636354,11.496677352025031,11.464228417273949
N4096_eta01,0.0001,0.0,3.3884415613920205e-07,11.175087579691896,11.174378465428951,11.143743524511924
N4096_eta01,0.0001,0.0,3.6307805477010105e-07,10.856926370538346,10.857255354123422,10.828354668662714
N4096_eta01,0.0001,0.0,3.890451449942805e-07,10.545760179281862,10.545611379468236,10.518366084143773
N4096_eta01,0.0001,0.0,4.1686938347033557e-07,10.239163143823491,10.239706693315298,10.214039159702939
N4096_eta01,0.0001,0.0,4.4668359215096253e-07,9.940518052367299,9.93976110542574,9.915595251061223
N4096_eta01,0.0001,0.0,4.786300923226381e-07,9.645583870154278,9.64595693961877,9.623218486402308
N4096_eta01,0.0001,0.0,5.128613839913648e-07,9.358511211033631,9.358441847932253,9.337058534094652
N4096_eta01,0.0001,0.0,5.495408738576237e-07,9.077051405376459,9.077331557568067,9.057233307428696
N4096_eta01,0.0001,0.0,5.888436553555884e-07,8.80319243349751,8.802712530386284,8.783831586064426
N4096_eta01,0.0001,0.0,6.309573444801931e-07,8.534407305681608,8.534644519185845,8.516915538294619
N4096_eta01,0.0001,0.0,6.760829753919819e-07,8.273090122153615,8.273163008969371,8.256523132137088
N4096_eta01,0.0001,0.0,7.244359600749892e-07,8.01828342592368,8.01828153483394,8.002670426689086
N4096_eta01,0.0001,0.0,7.762471166286911e-07,7.770207688476179,7.769993871115616,7.755353738130493
N4096_eta01,0.0001,0.0,8.31763771102671e-07,7.5281568444569125,7.5282760889418645,7.514551677281148
N4096_eta01,0.0001,0.0,8.912509381337442e-07,7.292933555882511,7.293088481471681,7.280227057734648
N4096_eta01,0.0001,0.0,9.54992586021435e-07,7.064519704750901,7.064377357853684,7.052328675344354
N4096_eta01,0.0001,0.0,1.0232929922807537e-06,6.842166274824203,6.84207670835759,6.83079296126373
N4096_eta01,0.0001,0.0,1.0964781961431828e-06,6.626034972985852,6.626109744256958,6.615545511880113
N4096_eta01,0.0001,0.0,1.1748975549395304e-06,6.416238193170346,6.416390316918608,6.406502499864484
N4096_eta01,0.0001,0.0,1.2589254117941661e-06,6.2129521622042,6.2128242211994555,6.203571971223308
N4096_eta01,0.0001,0.0,1.3489628825916506e-06,6.015417300912095,6.0153103887143615,6.006655033713022
N4096_eta01,0.0001,0.0,1.445439770745928e-06,5.823642268418526,5.823741976836988,5.815646942293245
N4096_eta01,0.0001,0.0,1.5488166189124796e-06,5.637929684780387,5.6380073594620175,5.630438087475177
N4096_eta01,0.0001,0.0,1.6595869074375565e-06,5.457974895305765,5.457991025610102,5.450914892491906
N4096_eta01,0.0001,0.0,1.7782794100389231e-06,5.283816448257514,5.283574391923969,5.276960625196856
N4096_eta01,0.0001,0.0,1.9054607179632443e-06,5.114461763972818,5.114636534994615,5.108456130503427
N4096_eta01,0.0001,0.0,2.0417379446695316e-06,4.951086681624227,4.951054849293976,4.945280489028445
N4096_eta01,0.0001,0.0,2.187761623949552e-06,4.792510818354069,4.7927056362835145,4.78731160740836
N4096_eta01,0.0001,0.0,2.344228815319918e-06,4.639802068936604,4.639464630029719,4.634426745529796
N4096_eta01,0.0001,0.0,2.5118864315095823e-06,4.491066904607031,4.491207464397146,4.486502985666952
N4096_eta01,0.0001,0.0,2.6915348039269138e-06,4.347816329294648,4.3478100866150635,4.343417648253151
N4096_eta01,0.0001,0.0,2.8840315031266e-06,4.209048618570039,4.209149121731182,4.205048658740477
N4096_eta01,0.0001,0.0,3.0902954325135923e-06,4.075088305734887,4.075102192181838,4.071274869725123
N4096_eta01,0.0001,0.0,3.311311214825908e-06,3.945790871954081,3.945548196424932,3.9419763422403187
N4096_eta01,0.0001,0.0,3.548133892335746e-06,3.820225379879873,3.820367550304233,3.8170345898477125
N4096_eta01,0.0001,0.0,3.801893963205613e-06,3.699448541705898,3.6994423945448385,3.696332788894377
N4096_eta01,0.0001,0.0,4.073802778041122e-06,3.58260211258849,3.5826567715186224,3.5797559580475684
N4096_eta01,0.0001,0.0,4.365158322401666e-06,3.4697974807155063,3.469896774170586,3.4671911099751584
N4096_eta01,0.0001,0.0,4.677351412871981e-06,3.3612614967543837,3.361050669759924,3.3585273778071345
N4096_eta01,0.0001,0.0,5.011872336272715e-06,3.256054342255525,3.256009000845938,3.253656118792792
N4096_eta01,0.0001,0.0,5.370317963702533e-06,3.1545503483227773,3.1546646657379385,3.1524709973606777
N4096_eta01,0.0001,0.0,5.754399373371567e-06,3.056914848996083,3.056912980430548,3.054868049592928
N4096_eta01,0.0001,0.0,6.16595001861481e-06,2.962646529971053,2.962651723860952,2.960745730943173
N4096_eta01,0.0001,0.0,6.606934480075964e-06,2.8716787838358555,2.8717811681529293,2.870004948857341
N4096_eta01,0.0001,0.0,7.079457843841373e-06,2.7841646810259535,2.7842040953528513,2.782549081798673
N4096_eta01,0.0001,0.0,7.585775750291821e-06,2.699944823256817,2.6998258020155803,2.698283986032462
N4096_eta01,0.0001,0.0,8.128305161640995e-06,2.618705363626776,2.6185540928627615,2.617117991391664
N4096_eta01,0.0001,0.0,8.709635899560797e-06,2.540359763194617,2.5402992646115266,2.5389618871212005
N4096_eta01,0.0001,0.0,9.332543007969886e-06,2.4649438954432887,2.464974080958363,2.463728898786195
N4096_eta01,0.0001,0.0,1e-05,2.39242499107357,2.3924937396001242,2.391334657127289
N4096_eta01,0.0001,0.0,1.071519305237605e-05,2.3227048578287075,2.3227758320813208,2.321697159654001
N4096_eta01,0.0001,0.0,1.1481536214968841e-05,2.2556779862299132,2.2557402971739062,2.2547367256845043
N4096_eta01,0.0001,0.0,1.230268770812381e-05,2.191253319459316,2.1913093684226093,2.1903759454674376
N4096_eta01,0.0001,0.0,1.3182567385564049e-05,2.129352251382587,2.1294075164245276,2.128539623957236
N4096_eta01,0.0001,0.0,1.4125375446227553e-05,2.069905061662835,2.06996138635691,2.069154719759989
N4096_eta01,0.0001,0.0,1.5135612484362071e-05,2.01285251543315,2.012899731220916,2.012150279720673
N4096_eta01,0.0001,0.0,1.6218100973589265e-05,1.958145230579023,1.9581533412318308,1.9574573695855333
N4096_eta01,0.0001,0.0,1.7378008287493764e-05,1.9057139526238402,1.9056549697577996,1.905009001144887
N4096_eta01,0.0001,0.0,1.8620871366628657e-05,1.855414914141156,1.8553392561889546,1.8547400562415552
N4096_eta01,0.0001,0.0,1.995262314968875e-05,1.807133315902568,1.8071426461073672,1.8065872080185437
N4096_eta01,0.0001,0.0,2.1379620895022326e-05,1.7609721849356796,1.761003309125024,1.7604888397763865
N4096_eta01,0.0001,0.0,2.29086765276777e-05,1.7168579448788432,1.7168610547617646,1.7163849618152005
N4096_eta01,0.0001,0.0,2.4547089156850235e-05,1.674629937827056,1.6746572467477219,1.6742171266489694
N4096_eta01,0.0001,0.0,2.6302679918953814e-05,1.6343914234357988,1.6343347161547304,1.6339283429994476
N4096_eta01,0.0001,0.0,2.8183829312644495e-05,1.5958100313782868,1.5958376737876754,1.5954629890034058
N4096_eta01,0.0001,0.0,3.0199517204020195e-05,1.5590919698608436,1.559111622299304,1.5587667250993205
N4096_eta01,0.0001,0.0,3.235936569296281e-05,1.5241499277052226,1.5241032685293519,1.5237864070968774
N4096_eta01,0.0001,0.0,3.467368504525309e-05,1.490748858423623,1.4907604366097316,1.4904699999732927
N4096_eta01,0.0001,0.0,3.715352290971728e-05,1.4590385610296601,1.459031982420451,1.4587664929832653
N4096_eta01,0.0001,0.0,3.9810717055349695e-05,1.428850343245357,1.4288677100238292,1.4286258167121075
N4096_eta01,0.0001,0.0,4.265795188015917e-05,1.4002298609247923,1.4002182907453689,1.3999987627421826
N4096_eta01,0.0001,0.0,4.570881896148752e-05,1.3730282184587561,1.3730351856057919,1.3728369066388244
N4096_eta01,0.0001,0.0,4.897788193684457e-05,1.3472918934376148,1.3472705718374116,1.3470925349903564
N4096_eta01,0.0001,0.0,5.2480746024977124e-05,1.3228678531217155,1.3228772742362784,1.3227185772550003
N4096_eta01,0.0001,0.0,5.623413251903491e-05,1.299802861189828,1.2998087021063853,1.2996685431721409
N4096_eta01,0.0001,0.0,6.025595860743569e-05,1.278008634060258,1.2780187925404043,1.2778964664835082
N4096_eta01,0.0001,0.0,6.456542290346563e-05,1.257469890632439,1.2574619607501925,1.2573568556784944
N4096_eta01,0.0001,0.0,6.918309709189364e-05,1.238110259221334,1.238093058107025,1.2380046524244528
N4096_eta01,0.0001,0.0,7.413102413009161e-05,1.219884026896651,1.219867338473936,1.2197951982652224
N4096_eta01,0.0001,0.0,7.943282347242822e-05,1.2027544296623982,1.2027404333095641,1.2026842100680792
N4096_eta01,0.0001,0.0,8.51138038202376e-05,1.1866727419398333,1.186668335893755,1.1866277645701246
N4096_eta01,0.0001,0.0,9.120108393559079e-05,1.1716013502966949,1.1716073948705499,1.1715822922205463
N4096_eta01,0.0001,0.0,9.772372209558111e-05,1.1575090239324601,1.1575143171259363,1.1575045803368365
N4096_eta01,0.0001,0.0,0.00010471285480508985,1.1443512186032463,1.1443461798186867,1.1443517853940488
N4096_eta01,0.0001,0.0,0.00011220184543019607,1.1320577517322548,1.1320604511672951,1.1320814540507294
N4096_eta01,0.0001,0.0,0.00012022644346174132,1.1206118586570926,1.1206150193698454,1.120651552288947
N4096_eta01,0.0001,0.0,0.00012882495516931323,1.109966231014303,1.10996822880316,1.1100205018151215
N4096_eta01,0.0001,0.0,0.0001380384264602881,1.1000826354440325,1.1000789224201575,1.1001472226407145
N4096_eta01,0.0001,0.0,0.00014791083881682073,1.0909027192506535,1.0909064890476419,1.0909911805447434
N4096_eta01,0.0001,0.0,0.0001584893192461111,1.082407913543026,1.0824109140885367,1.082512437921346
N4096_eta01,0.0001,0.0,0.0001698243652461746,1.0745535714259051,1.074552831960037,1.074671706342414
N4096_eta01,0.0001,0.0,0.00018197008586099826,1.067296264107462,1.0672935784586595,1.0674303990239533
N4096_eta01,0.0001,0.0,0.00019498445997580418,1.0605972668140797,1.0605952411396171,1.0607506812801755
N4096_eta01,0.0001,0.0,0.00020892961308540412,1.054420176972156,1.054420705734486,1.0545955169845709
N4096_eta01,0.0001,0.0,0.00022387211385683378,1.0487311802395385,1.0487336966089447,1.0489287090334405
N4096_eta01,0.0001,0.0,0.0002398832919019485,1.043497407795024,1.043498809280375,1.0437149318235364
N4096_eta01,0.0001,0.0,0.0002570395782768865,1.0386845329779844,1.0386815330702046,1.0389197538083472
N4096_eta01,0.0001,0.0,0.00027542287033381635,1.0342461427458447,1.0342482620527118,1.034509648281966
N4096_eta01,0.0001,0.0,0.0002951209226666378,1.030168755929,1.030166292573901,1.030451990648444
N4096_eta01,0.0001,0.0,0.000316227766016838,1.0264019483735378,1.0264038057427458,1.026715040559968
N4096_eta01,0.0001,0.0,0.0003388441561392021,1.0229303201942737,1.0229298334338686,1.0232679074401976
N4096_eta01,0.0001,0.0,0.0003630780547701003,1.0197160074645029,1.0197142064766878,1.0200804980408211
N4096_eta01,0.0001,0.0,0.0003890451449942805,1.0167272387783457,1.0167274838330136,1.017123444801459
N4096_eta01,0.0001,0.0,0.0004168693834703347,1.0139397333975548,1.013940861675998,1.014368013888463
N4096_eta01,0.0001,0.0,0.0004466835921509635,1.011324814081075,1.0113260613731863,1.0117859918717893
N4096_eta01,0.0001,0.0,0.00047863009232263805,1.008854112952248,1.0088551954427507,1.0093495500584173
N4096_eta01,0.0001,0.0,0.0005128613839913639,1.0065001067538533,1.006500610595382,1.0070310855363704
N4096_eta01,0.0001,0.0,0.0005495408738576249,1.0042354439999117,1.0042347069992945,1.004803037999724
N4096_eta01,0.0001,0.0,0.0005888436553555884,1.0020308209662707,1.0020297329211365,1.0026376814309135
N4096_eta01,0.0001,0.0,0.0006309573444801918,0.999856816862592,0.9998575539152272,1.0005068897263019
N4096_eta01,0.0001,0.0,0.000676082975391982,0.9976890617827848,0.9976893957772444,0.9983818753843754
N4096_eta01,0.0001,0.0,0.0007244359600749892,0.995496356685253,0.9954955605728792,0.9962329004602934
N4096_eta01,0.0001,0.0,0.0007762471166286897,0.993244286246585,0.9932451152316663,0.9940289591611284
N4096_eta01,0.0001,0.0,0.000831763771102671,0.9909063859237489,0.9909055525050963,0.9917374317582129
N4096_eta01,0.0001,0.0,0.000891250938133744,0.988441866125382,0.9884424245808922,0.9893237099827545
N4096_eta01,0.0001,0.0,0.000954992586021437,0.9858189279441272,0.9858189503890833,0.9867507948179345
N4096_eta01,0.0001,0.0,0.0010232929922807535,0.982996250888732,0.9829955987111498,0.983978868688999
N4096_eta01,0.0001,0.0,0.001096478196143183,0.9799290781860142,0.9799296507067584,0.9809648455824944
N4096_eta01,0.0001,0.0,0.0011748975549395304,0.9765743015496685,0.9765747475140321,0.9776619047128376
N4096_eta01,0.0001,0.0,0.0012589254117941662,0.9728808814924157,0.9728804312826647,0.9740190161295005
N4096_eta01,0.0001,0.0,0.0013489628825916506,0.9687923569957089,0.9687916914966306,0.9699804702618637
N4096_eta01,0.0001,0.0,0.0014454397707459282,0.9642488025691508,0.9642485328663064,0.9654854279726509
N4096_eta01,0.0001,0.0,0.0015488166189124796,0.9591854584670618,0.95918558653378,0.9604675133609085
N4096_eta01,0.0001,0.0,0.0016595869074375565,0.9535314467986555,0.9535317929144292,0.9548544784071193
N4096_eta01,0.0001,0.0,0.001778279410038923,0.9472097649456581,0.9472101921896924,0.9485679765928647
N4096_eta01,0.0001,0.0,0.0019054607179632445,0.9401374373732753,0.9401378671398062,0.9415234917298225
N4096_eta01,0.0001,0.0,0.0020417379446695232,0.9322257178417713,0.9322260923356818,0.933630478069155
N4096_eta01,0.0001,0.0,0.002187761623949552,0.9233805043673454,0.9233807530940716,0.924792777712828
N4096_eta01,0.0001,0.0,0.002344228815319918,0.9135030730301495,0.9135031060673926,0.9149093904021334
N4096_eta01,0.0001,0.0,0.002511886431509582,0.902491207856997,0.902490959456169,0.9038756774140682
N4096_eta01,0.0001,0.0,0.0026915348039269144,0.8902408144792888,0.8902403526362688,0.8915850834852345
N4096_eta01,0.0001,0.0,0.0028840315031266,0.8766481917880288,0.8766478099874009,0.8779314557584512
N4096_eta01,0.0001,0.0,0.003090295432513592,0.8616131932479754,0.861613228962743,0.8628120235871743
N4096_eta01,0.0001,0.0,0.003311311214825908,0.8450430422707017,0.8450434348610885,0.8461310743271255
N4096_eta01,0.0001,0.0,0.003548133892335746,0.8268561294120768,0.8268563916067341,0.8278043150331462
N4096_eta01,0.0001,0.0,0.0038018939632056127,0.8069862187515547,0.8069859974808153,0.8077638464808207
N4096_eta01,0.0001,0.0,0.0040738027780411225,0.7853876585650278,0.785387317690024,0.7859635946426653
N4096_eta01,0.0001,0.0,0.004365158322401648,0.7620418425137381,0.7620420156897783,0.7623849496743149
N4096_eta01,0.0001,0.0,0.004677351412871981,0.7369633607417476,0.7369636503545923,0.7370422622051959
N4096_eta01,0.0001,0.0,0.005011872336272715,0.7102026138083107,0.7102024191744432,0.7099877549496475
N4096_eta01,0.0001,0.0,0.005370317963702533,0.6818490706671805,0.6818488655192112,0.6813153424352719
N4096_eta01,0.0001,0.0,0.005754399373371567,0.6520357745122813,0.6520360495347151,0.6511628331958413
N4096_eta01,0.0001,0.0,0.006165950018614809,0.6209397106423683,0.6209397246170352,0.6197120354193054
N4096_eta01,0.0001,0.0,0.006606934480075964,0.5887764242537566,0.58877617531281,0.5871864099233803
N4096_eta01,0.0001,0.0,0.007079457843841374,0.555797366494039,0.5557975570797555,0.5538461120921949
N4096_eta01,0.0001,0.0,0.007585775750291821,0.5222847783605404,0.522284817947782,0.5199805196495333
N4096_eta01,0.0001,0.0,0.008128305161640995,0.4885387446876405,0.48853854621541265,0.48589862256583455
N4096_eta01,0.0001,0.0,0.008709635899560796,0.45486816272229613,0.4548683358183669,0.45191791067989395
N4096_eta01,0.0001,0.0,0.009332543007969887,0.4215814745562579,0.42158144858824764,0.41835258758980026
N4096_eta01,0.0001,0.0,0.01,0.38897175530656697,0.3889716449871321,0.38550202916557796
N4096_eta01,0.0001,4.0,1.0000000000000002e-14,0.38695411115150624,0.386938643146889,0.38689658655441445
N4096_eta01,0.0001,4.0,1.0715193052376049e-14,0.4005265927209098,0.4005350295643052,0.40049032228736786
N4096_eta01,0.0001,4.0,1.148153621496884e-14,0.4146011155953424,0.4146092103783817,0.4145614822271388
N4096_eta01,0.0001,4.0,1.2302687708123812e-14,0.4291954461411206,0.4291780246102664,0.4291268125377301
N4096_eta01,0.0001,4.0,1.3182567385564046e-14,0.4442478966865409,0.444258218580446,0.4442036444358284
N4096_eta01,0.0001,4.0,1.4125375446227557e-14,0.4598722238206291,0.4598680824771396,0.4598099143751122
N4096_eta01,0.0001,4.0,1.5135612484362073e-14,0.47600694876391525,0.47602630565069814,0.47596418489891573
N4096_eta01,0.0001,4.0,1.6218100973589332e-14,0.49278617536117536,0.49275204414309093,0.49268566618027676
N4096_eta01,0.0001,4.0,1.7378008287493765e-14,0.5100441136540128,0.510065286429032,0.5099942382685576
N4096_eta01,0.0001,4.0,1.8620871366628658e-14,0.5279884871436531,0.5279861857146315,0.5279104740620095
N4096_eta01,0.0001,4.0,1.9952623149688828e-14,0.5465325833052218,0.5465366345319658,0.5464556630256835
N4096_eta01,0.0001,4.0,2.1379620895022327e-14,0.5657517399676294,0.5657385718871085,0.5656518356741513
N4096_eta01,0.0001,4.0,2.29086765276777e-14,0.5856073761624417,0.5856142999737158,0.5855217888384392
N4096_eta01,0.0001,4.0,2.4547089156850338e-14,0.6061711294046861,0.6061880970821522,0.6060891117364295
N4096_eta01,0.0001,4.0,2.6302679918953815e-14,0.6275180764014764,0.6274837816451327,0.6273782128657889
N4096_eta01,0.0001,4.0,2.8183829312644495e-14,0.6495051189150337,0.6495273329016567,0.6494143477381465
N4096_eta01,0.0001,4.0,3.019951720402019e-14,0.6723522333930658,0.6723442828605231,0.6722236474727832
N4096_eta01,0.0001,4.0,3.2359365692962816e-14,0.6959357847313036,0.6959621271555994,0.695833148267519
N4096_eta01,0.0001,4.0,3.46736850452531e-14,0.7204545245476252,0.7204087845559748,0.7202708217637833
N4096_eta01,0.0001,4.0,3.715352290971728e-14,0.7456857449265886,0.7457131082281631,0.7455656063218798
N4096_eta01,0.0001,4.0,3.9810717055349693e-14,0.7719028933083201,0.7719050594901131,0.771747439221413
N4096_eta01,0.0001,4.0,4.2657951880159345e-14,0.799023147061738,0.7990158190530293,0.7988472898005182
N4096_eta01,0.0001,4.0,4.570881896148752e-14,0.8270819927882772,0.827077443708756,0.8268971935459428
N4096_eta01,0.0001,4.0,4.897788193684456e-14,0.8561205673124859,0.8561231416229631,0.8559302871442303
N4096_eta01,0.0001,4.0,5.248074602497734e-14,0.8861561212757192,0.8861870892330653,0.8859808445020834
N4096_eta01,0.0001,4.0,5.623413251903491e-14,0.9173642363783329,0.9173047952552343,0.9170843137415151
N4096_eta01,0.0001,4.0,6.025595860743569e-14,0.9494741469403333,0.9495131853077967,0.9492773551725369
N4096_eta01,0.0001,4.0,6.456542290346563e-14,0.9828617469995977,0.9828501258399797,0.9825978802427968
N4096_eta01,0.0001,4.0,6.918309709189363e-14,1.0173239245485581,1.0173549840104037,1.0170850914598337
N4096_eta01,0.0001,4.0,7.413102413009162e-14,1.0531234224836536,1.0530682539480616,1.0527795232773327
N4096_eta01,0.0001,4.0,7.943282347242822e-14,1.0900000470845939,1.0900318255853572,1.0897230839317944
N4096_eta01,0.0001,4.0,8.51138038202376e-14,1.1282765519388889,1.1282894557098224,1.127959098210525
N4096_eta01,0.0001,4.0,9.120108393559116e-14,1.1679171691675283,1.1678858237146281,1.1675323511255955
N4096_eta01,0.0001,4.0,9.772372209558112e-14,1.2088531724483744,1.2088672369935252,1.2084891324611904
N4096_eta01,0.0001,4.0,1.0471285480508985e-13,1.2512874709340573,1.2512818913549228,1.2508772821539194
N4096_eta01,0.0001,4.0,1.1220184543019654e-13,1.2951284187789431,1.2951791343875432,1.2947462364565256
N4096_eta01,0.0001,4.0,1.2022644346174131e-13,1.3407037535730528,1.3406103069624375,1.340147074825353
N4096_eta01,0.0001,4.0,1.2882495516931323e-13,1.3875676899361005,1.387628176687962,1.3871325674606498
N4096_eta01,0.0001,4.0,1.3803842646028868e-13,1.4363003540717703,1.4362875806579556,1.4357572234159313
N4096_eta01,0.0001,4.0,1.4791083881682072e-13,1.4866171457844546,1.4866448848908584,1.4860773391785673
N4096_eta01,0.0001,4.0,1.584893192461111e-13,1.5388149928041006,1.5387583513416554,1.5381510476078233
N4096_eta01,0.0001,4.0,1.698243652461746e-13,1.5926566434815215,1.5926882707203738,1.5920383670988452
N4096_eta01,0.0001,4.0,1.8197008586099824e-13,1.6484628261524792,1.6484968046164616,1.6478012508214221
N4096_eta01,0.0001,4.0,1.9498445997580416e-13,1.706322821461477,1.7062479864353226,1.705503635860412
N4096_eta01,0.0001,4.0,2.0892961308540411e-13,1.7659611573781921,1.7660081229504185,1.7652114920602378
N4096_eta01,0.0001,4.0,2.2387211385683378e-13,1.8278633428752644,1.8278455033693914,1.8269928703488434
N4096_eta01,0.0001,4.0,2.3988329190194847e-13,1.891755840787951,1.8918304391451712,1.8909179502864712
N4096_eta01,0.0001,4.0,2.570395782768865e-13,1.9581694481470222,1.958035641107831,1.957059086551197
N4096_eta01,0.0001,4.0,2.7542287033381635e-13,2.0264516387489646,2.0265360341976204,2.0254908540364114
N4096_eta01,0.0001,4.0,2.95120922666639e-13,2.0974153880874398,2.09740875786059,2.096290091194723
N4096_eta01,0.0001,4.0,3.1622776601683797e-13,2.17072728461223,2.1707331542669963,2.169535941217517
N4096_eta01,0.0001,4.0,3.3884415613920205e-13,2.2466318532495433,2.246591252664632,2.2453098905900775
N4096_eta01,0.0001,4.0,3.630780547701018e-13,2.3250442551177777,2.325067211786857,2.3236958045071523
N4096_eta01,0.0001,4.0,3.890451449942805e-13,2.406177688574139,2.4062477246243335,2.404779958573802
N4096_eta01,0.0001,4.0,4.168693834703347e-13,2.490366758700545,2.4902219085452773,2.4886510661501178
N4096_eta01,0.0001,4.0,4.466835921509635e-13,2.5769836090011418,2.57708148560061,2.5754003006256627
N4096_eta01,0.0001,4.0,4.786300923226381e-13,2.666953067905658,2.666920502049634,2.665121311829827
N4096_eta01,0.0001,4.0,5.128613839913659e-13,2.759740035676121,2.7598356904102546,2.7579102356971403
N4096_eta01,0.0001,4.0,5.495408738576248e-13,2.856097915969771,2.8559262865670605,2.8538656962110003
N4096_eta01,0.0001,4.0,5.888436553555884e-13,2.955188603931487,2.9552939103622418,2.9530887985455463
N4096_eta01,0.0001,4.0,6.309573444801943e-13,3.0580276746988084,3.0580428054791327,3.0556831122117263
N4096_eta01,0.0001,4.0,6.760829753919819e-13,3.1643311217016876,3.16427962261054,3.161754642890586
N4096_eta01,0.0001,4.0,7.244359600749892e-13,3.2741064682132173,3.2741135800005496,3.2714117915031378
N4096_eta01,0.0001,4.0,7.762471166286928e-13,3.387654975301241,3.387656135084083,3.3847652989212444
N4096_eta01,0.0001,4.0,8.317637711026709e-13,3.5048972408194934,3.5050211420204813,3.5019281745678725
N4096_eta01,0.0001,4.0,8.912509381337441e-13,3.626569431095219,3.6263246551805457,3.6230156069868045
N4096_eta01,0.0001,4.0,9.54992586021437e-13,3.751517531768967,3.751684871323614,3.74814485428106
N4096_eta01,0.0001,4.0,1.0232929922807536e-12,3.881265638137372,3.8812219125579257,3.8774351121262214
N4096_eta01,0.0001,4.0,1.0964781961431851e-12,4.014961724442228,4.01505792428374,4.011007356858711
N4096_eta01,0.0001,4.0,1.1748975549395302e-12,4.153502869434761,4.153316483062774,4.148984160920338
N4096_eta01,0.0001,4.0,1.258925411794166e-12,4.296010110149266,4.296122739445183,4.291489477709467
N4096_eta01,0.0001,4.0,1.3489628825916534e-12,4.443538246593961,4.443603034400516,4.438648392646476
N4096_eta01,0.0001,4.0,1.445439770745928e-12,4.596052071306914,4.595884624310095,4.59058683700761
N4096_eta01,0.0001,4.0,1.5488166189124795e-12,4.752991250658569,4.753095310007115,4.747431260818893
N4096_eta01,0.0001,4.0,1.6595869074375598e-12,4.915400052417441,4.915363202701352,4.90930826083189
N4096_eta01,0.0001,4.0,1.7782794100389228e-12,5.082626199562893,5.0828161022990255,5.076344159328664
N4096_eta01,0.0001,4.0,1.9054607179632443e-12,5.255945841304554,5.2555812445055,5.248664529228067
N4096_eta01,0.0001,4.0,2.041737944669532e-12,5.433537382317698,5.433784563251213,5.426393660693288
N4096_eta01,0.0001,4.0,2.1877616239495518e-12,5.617587320491639,5.617550307861004,5.609653964177114
N4096_eta01,0.0001,4.0,2.344228815319923e-12,5.806959869019464,5.807000183084119,5.798565304593714
N4096_eta01,0.0001,4.0,2.5118864315095823e-12,6.002392382907045,6.002252725283192,5.9932442610807515
N4096_eta01,0.0001,4.0,2.6915348039269142e-12,6.2033330992564455,6.203422393737465,6.193803306624749
N4096_eta01,0.0001,4.0,2.884031503126606e-12,6.410463772756807,6.410618813568286,6.40034990167548
N4096_eta01,0.0001,4.0,3.090295432513592e-12,6.624308694929839,6.623945579001552,6.612985495786732
N4096_eta01,0.0001,4.0,3.311311214825908e-12,6.843235283904869,6.843499300451632,6.831804431305838
N4096_eta01,0.0001,4.0,3.548133892335753e-12,7.0694551431233235,7.0693683327682235,7.056892743211501
N4096_eta01,0.0001,4.0,3.8018939632056125e-12,7.301392206107845,7.301631480917706,7.288326849389023
N4096_eta01,0.0001,4.0,4.073802778041122e-12,7.540818352008794,7.540356586516742,7.5261721259579515
N4096_eta01,0.0001,4.0,4.365158322401657e-12,7.7852882019605865,7.785598909340802,7.770481362755031
N4096_eta01,0.0001,4.0,4.677351412871982e-12,8.037385939586697,8.037399498263838,8.021293094754297
N4096_eta01,0.0001,4.0,5.011872336272715e-12,8.295913032567185,8.295783368138117,8.278629806108762
N4096_eta01,0.0001,4.0,5.370317963702533e-12,8.560731617393557,8.560757570156607,8.5424960046568
N4096_eta01,0.0001,4.0,5.754399373371567e-12,8.832294069152772,8.832309079187574,8.81287616618853
N4096_eta01,0.0001,4.0,6.165950018614822e-12,9.110118917978667,9.110402611344638,9.0897325495508
N4096_eta01,0.0001,4.0,6.6069344800759645e-12,9.395606709136805,9.394978311047485,9.373002885819666
N4096_eta01,0.0001,4.0,7.079457843841373e-12,9.685474064938688,9.685949207401217,9.662597947326585
N4096_eta01,0.0001,4.0,7.585775750291836e-12,9.983323994923301,9.983198734729356,9.958399005320421
N4096_eta01,0.0001,4.0,8.128305161640996e-12,10.286380366953182,10.286578007473803,10.260255188513854
N4096_eta01,0.0001,4.0,8.709635899560797e-12,10.596337814410377,10.595903019172855,10.56798075872181
N4096_eta01,0.0001,4.0,9.332543007969906e-12,10.910649722995752,10.910951871370553,10.88135232426411
N4096_eta01,0.0001,4.0,1e-11,11.231322985208754,11.23146187297268,11.200106016773873
N4096_eta01,0.0001,4.0,1.0715193052376049e-11,11.557595956225036,11.55712662799801,11.523934662509136
N4096_eta01,0.0001,4.0,1.1481536214968842e-11,11.887233659708373,11.887593237619313,11.852484985166631
N4096_eta01,0.0001,4.0,1.2302687708123813e-11,12.222575387813738,12.222459470367816,12.185354883476691
N4096_eta01,0.0001,4.0,1.3182567385564075e-11,12.560876245348531,12.561271100982419,12.52209083341841
N4096_eta01,0.0001,4.0,1.4125375446227556e-11,12.904375739094798,12.903519448564328,12.86218547159752
N4096_eta01,0.0001,4.0,1.5135612484362072e-11,13.247982819629819,13.248639119665848,13.205075423002254
N4096_eta01,0.0001,4.0,1.6218100973589298e-11,13.596103856436928,13.596006097383398,13.550139442772371
N4096_eta01,0.0001,4.0,1.7378008287493765e-11,13.944993762300316,13.94493617160585,13.896696947519413
N4096_eta01,0.0001,4.0,1.8620871366628657e-11,14.29481326147268,14.294683913479304,14.24400701680959
N4096_eta01,0.0001,4.0,1.995262314968879e-11,14.644293506933057,14.644442152555715,14.59126794931072
N4096_eta01,0.0001,4.0,2.1379620895022327e-11,14.993009963407626,14.9933421153327,14.937617460419279
N4096_eta01,0.0001,4.0,2.2908676527677702e-11,15.341384651342022,15.3404543276947,15.282133608507696
N4096_eta01,0.0001,4.0,2.4547089156850283e-11,15.683984847930743,15.684790309895453,15.62383653483517
N4096_eta01,0.0001,4.0,2.6302679918953818e-11,16.02555746595838,16.02530519815508,15.961691097229036
N4096_eta01,0.0001,4.0,2.8183829312644493e-11,16.360565967791366,16.36090133579313,16.294610469482162
N4096_eta01,0.0001,4.0,3.019951720402019e-11,16.69121795014426,16.690432928468258,16.621460766700025
N4096_eta01,0.0001,4.0,3.235936569296281e-11,17.01208155438288,17.012711778055177,16.941066741343242
N4096_eta01,0.0001,4.0,3.467368504525317e-11,17.32645968913048,17.32651412499172,17.252218575348465
N4096_eta01,0.0001,4.0,3.715352290971728e-11,17.631173243749746,17.63058865835297,17.55367977054131
N4096_eta01,0.0001,4.0,3.9810717055349695e-11,17.923155943740046,17.923665562777504,17.844196112845175
N4096_eta01,0.0001,4.0,4.2657951880159254e-11,18.20461960443931,18.204466665138348,18.1225056560243
N4096_eta01,0.0001,4.0,4.570881896148752e-11,18.471252085912944,18.471716517522527,18.38734963860596
N4096_eta01,0.0001,4.0,4.897788193684457e-11,18.72535676554577,18.724154317077293,18.637484214167564
N4096_eta01,0.0001,4.0,5.2480746024977236e-11,18.959468947615612,18.960546513176386,18.871692841538778
N4096_eta01,0.0001,4.0,5.6234132519034906e-11,19.179965287460195,19.17969990686614,19.0887991490367
N4096_eta01,0.0001,4.0,6.025595860743569e-11,19.38053185798793,19.38047501672472,19.287680057137933
N4096_eta01,0.0001,4.0,6.456542290346562e-11,19.561976125081433,19.561799486016746,19.467278918572998
N4096_eta01,0.0001,4.0,6.918309709189364e-11,19.722418787954034,19.72268123010814,19.626618415258033
N4096_eta01,0.0001,4.0,7.413102413009162e-11,19.861941942355184,19.8622210754384,19.764812939177517
N4096_eta01,0.0001,4.0,7.943282347242822e-11,19.980740985765088,19.979624593740542,19.88108018048881
N4096_eta01,0.0001,4.0,8.511380382023759e-11,20.07306827146664,20.074212848410543,19.974751651591372
N4096_eta01,0.0001,4.0,9.120108393559097e-11,20.145846622579093,20.145431799935324,20.045281891119853
N4096_eta01,0.0001,4.0,9.772372209558111e-11,20.192542064117085,20.19286012634445,20.092256116731487
N4096_eta01,0.0001,4.0,1.0471285480508986e-10,20.217081990854872,20.21621525744981,20.11539612959026
N4096_eta01,0.0001,4.0,1.1220184543019632e-10,20.214521252251902,20.21535746437194,20.11456431551749
N4096_eta01,0.0001,4.0,1.2022644346174132e-10,20.19037672083182,20.190291894484464,20.089765636320394
N4096_eta01,0.0001,4.0,1.2882495516931322e-10,20.141797337306684,20.141168496156737,20.041147557876023
N4096_eta01,0.0001,4.0,1.3803842646028838e-10,20.067594294413297,20.068279835688813,19.96899791690461
N4096_eta01,0.0001,4.0,1.479108388168207e-10,19.972297678841315,19.97205686663815,19.87374078364068
N4096_eta01,0.0001,4.0,1.5848931924611142e-10,19.85269864886057,19.85306276172834,19.75593043043086
N4096_eta01,0.0001,4.0,1.6982436524617427e-10,19.713129841329533,19.71198497334157,19.616243564439277
N4096_eta01,0.0001,4.0,1.8197008586099827e-10,19.54840737669544,19.549625726036446,19.45547002419588
N4096_eta01,0.0001,4.0,1.9498445997580455e-10,19.367297700709805,19.366891182508063,19.27450217315095
N4096_eta01,0.0001,4.0,2.0892961308540407e-10,19.16486820569284,19.164779543648926,19.074323247649733
N4096_eta01,0.0001,4.0,2.2387211385683377e-10,18.944426700577864,18.94436836707616,18.855994931276896
N4096_eta01,0.0001,4.0,2.3988329190194897e-10,18.706571527368926,18.70680138413902,18.62064443232618
N4096_eta01,0.0001,4.0,2.570395782768865e-10,18.45314345073276,18.45327509672338,18.369451336688748
N4096_eta01,0.0001,4.0,2.7542287033381637e-10,18.18593965150933,18.185025416364923,18.10363449560599
N4096_eta01,0.0001,4.0,2.951209226666384e-10,17.902198475348015,17.903314595478793,17.82443918770795
N4096_eta01,0.0001,4.0,3.1622776601683795e-10,17.609900657782255,17.609418663683677,17.53312476899097
N4096_eta01,0.0001,4.0,3.3884415613920275e-10,17.30440497560837,17.304615557511333,17.23095299443464
N4096_eta01,0.0001,4.0,3.6307805477010104e-10,16.99080802832714,16.990174100953983,16.91917716239443
N4096_eta01,0.0001,4.0,3.890451449942805e-10,16.6666045880646,16.66734395052145,16.599032199240575
N4096_eta01,0.0001,4.0,4.168693834703355e-10,16.33754084931838,16.337346589938278,16.27172576831386
N4096_eta01,0.0001,4.0,4.4668359215096254e-10,16.00179496100883,16.001367431530984,15.938430455307735
N4096_eta01,0.0001,4.0,4.78630092322638e-10,15.659979856264565,15.66054903776573,15.600277052613269
N4096_eta01,0.0001,4.0,5.128613839913648e-10,15.316218068439165,15.315985463133426,15.258348938685911
N4096_eta01,0.0001,4.0,5.495408738576249e-10,14.968517388769879,14.968717686907071,14.9136775255816
N4096_eta01,0.0001,4.0,5.888436553555885e-10,14.620489084027808,14.619730085051579,14.56723872871677
N4096_eta01,0.0001,4.0,6.30957344480193e-10,14.26899718154302,14.26994788093899,14.21995039768483
N4096_eta01,0.0001,4.0,6.760829753919819e-10,13.920640840281159,13.920235498958164,13.872670635506061
N4096_eta01,0.0001,4.0,7.244359600749892e-10,13.57141525096264,13.571395735794546,13.526196925760853
N4096_eta01,0.0001,4.0,7.762471166286911e-10,13.224233750008738,13.224169665425737,13.181265982330299
N4096_eta01,0.0001,4.0,8.31763771102671e-10,12.879027562647384,12.879237185038146,12.838554234553733
N4096_eta01,0.0001,4.0,8.91250938133746e-10,12.537223204768587,12.537218113997852,12.498678861087916
N4096_eta01,0.0001,4.0,9.54992586021435e-10,12.199183719824587,12.198673761124772,12.162199288190607
N4096_eta01,0.0001,4.0,1.0232929922807536e-09,11.863380963228812,11.864108875811015,11.829619072135436
N4096_eta01,0.0001,4.0,1.0964781961431852e-09,11.534337859038912,11.533973909527322,11.501388090606937
N4096_eta01,0.0001,4.0,1.1748975549395278e-09,11.208528833112814,11.20866751438933,11.177904973872725
N4096_eta01,0.0001,4.0,1.2589254117941663e-09,10.88896049262387,10.888539216679538,10.859519712975763
N4096_eta01,0.0001,4.0,1.3489628825916533e-09,10.573333509202605,10.573892208822588,10.546536388870784
N4096_eta01,0.0001,4.0,1.445439770745928e-09,10.265210231514157,10.264986209153422,10.23921597312768
N4096_eta01,0.0001,4.0,1.5488166189124799e-09,9.962207526470317,9.962040345990125,9.93777915736934
N4096_eta01,0.0001,4.0,1.6595869074375598e-09,9.664978971434163,9.665236030514818,9.642409174867831
N4096_eta01,0.0001,4.0,1.778279410038923e-09,9.374809044504657,9.374719786195877,9.353254583595454
N4096_eta01,0.0001,4.0,1.9054607179632444e-09,9.090531871366496,9.090606010623485,9.070431985450075
N4096_eta01,0.0001,4.0,2.0417379446695276e-09,8.813393660638551,8.812979648655293,8.794028661308893
N4096_eta01,0.0001,4.0,2.187761623949552e-09,8.541304842980237,8.541898761473641,8.524105105994412
N4096_eta01,0.0001,4.0,2.344228815319923e-09,8.277697876175075,8.277396979931119,8.260697451160153
N4096_eta01,0.0001,4.0,2.511886431509577e-09,8.019439353311926,8.019485833246854,8.003819767536996
N4096_eta01,0.0001,4.0,2.6915348039269142e-09,7.768293422786227,7.768156948354266,7.753466240945408
N4096_eta01,0.0001,4.0,2.884031503126606e-09,7.5231503028866875,7.523384116653284,7.50961321900655
N4096_eta01,0.0001,4.0,3.0902954325135923e-09,7.285208133119258,7.285125227602254,7.272221127608992
N4096_eta01,0.0001,4.0,3.3113112148259078e-09,7.053533964444255,7.0533240702565365,7.041236257946877
N4096_eta01,0.0001,4.0,3.5481338923357537e-09,6.827569227797188,6.827912005307163,6.816592426375701
N4096_eta01,0.0001,4.0,3.8018939632056126e-09,6.608991447569515,6.608809511040792,6.598212510472234
N4096_eta01,0.0001,4.0,4.073802778041122e-09,6.395850605261133,6.3959276079410285,6.386009865570351
N4096_eta01,0.0001,4.0,4.365158322401657e-09,6.189437900817221,6.189169167037667,6.179889626709732
N4096_eta01,0.0001,4.0,4.6773514128719815e-09,5.988041621126001,5.988430107451686,5.979749901410073
N4096_eta01,0.0001,4.0,5.0118723362727255e-09,5.79379291539484,5.793600489321817,5.785482858998815
N4096_eta01,0.0001,4.0,5.370317963702522e-09,5.6045860930602736,5.604565508014274,5.596975722401752
N4096_eta01,0.0001,4.0,5.754399373371567e-09,5.42117714535152,5.421206395701646,5.41411166837576
N4096_eta01,0.0001,4.0,6.165950018614823e-09,5.243354941614028,5.2434012366868,5.236770642142429
N4096_eta01,0.0001,4.0,6.606934480075952e-09,5.071034101143285,5.071025702067409,5.064830092288249
N4096_eta01,0.0001,4.0,7.0794578438413736e-09,4.904142343585286,4.903953709974705,4.898165631646588
N4096_eta01,0.0001,4.0,7.585775750291836e-09,4.741753417804,4.7420580166897075,4.736651629682921
N4096_eta01,0.0001,4.0,8.128305161640994e-09,4.585381447129121,4.585210744201848,4.580161741677978
N4096_eta01,0.0001,4.0,8.709635899560797e-09,4.433232304472945,4.433283849281384,4.428569379754563
N4096_eta01,0.0001,4.0,9.332543007969905e-09,4.286294215761612,4.286149538908562,4.281748130529313
N4096_eta01,0.0001,4.0,1e-08,4.143462308371114,4.143680636620029,4.139572123898412
N4096_eta01,0.0001,4.0,1.0715193052376048e-08,4.005855359951225,4.005750904107839,4.001916357190615
N4096_eta01,0.0001,4.0,1.1481536214968818e-08,3.8722883404066843,3.8722353220123935,3.8686569786469294
N4096_eta01,0.0001,4.0,1.2302687708123811e-08,3.742912428269361,3.7430103336872023,3.739671533916974
N4096_eta01,0.0001,4.0,1.3182567385564074e-08,3.617989516476909,3.617954055351947,3.6148391789997736
N4096_eta01,0.0001,4.0,1.4125375446227526e-08,3.496927129811186,3.4969464558740575,3.494040862804307
N4096_eta01,0.0001,4.0,1.5135612484362072e-08,3.380013135479955,3.379869509123146,3.3771594822629747
N4096_eta01,0.0001,4.0,1.62181009735893e-08,3.266379765486604,3.266607321603372,3.2640800127011387
N4096_eta01,0.0001,4.0,1.7378008287493763e-08,3.1571735303832806,3.157046237882568,3.1546896159479054
N4096_eta01,0.0001,4.0,1.8620871366628656e-08,3.051049825515271,3.0510749261110623,3.0488777284682906
N4096_eta01,0.0001,4.0,1.995262314968879e-08,2.9486465231069934,2.9485844457149075,2.946536131604433
N4096_eta01,0.0001,4.0,2.1379620895022325e-08,2.8493604135066617,2.8494682991873255,2.847559005833811
N4096_eta01,0.0001,4.0,2.2908676527677703e-08,2.7536722542743086,2.75362246972744,2.7518429707849106
N4096_eta01,0.0001,4.0,2.4547089156850285e-08,2.6610050698442618,2.660945446307936,2.6592871125953876
N4096_eta01,0.0001,4.0,2.6302679918953814e-08,2.5712297539671773,2.5713382376157856,2.5697930000539166
N4096_eta01,0.0001,4.0,2.818382931264455e-08,2.4847615701507806,2.484704376181635,2.483264690833772
N4096_eta01,0.0001,4.0,3.0199517204020135e-08,2.400926607606537,2.400949913882568,2.3996087290038655
N4096_eta01,0.0001,4.0,3.2359365692962815e-08,2.3200822268253027,2.319983409880153,2.3187341348901604
N4096_eta01,0.0001,4.0,3.467368504525317e-08,2.2415611274484,2.241715911979448,2.2405523882570124
N4096_eta01,0.0001,4.0,3.7153522909717206e-08,2.1661462851355604,2.166060932268715,2.164977405683168
N4096_eta01,0.0001,4.0,3.9810717055349696e-08,2.092926643952605,2.092934417828839,2.0919255129204837
N4096_eta01,0.0001,4.0,4.265795188015926e-08,2.0222728039683573,2.022254717224565,2.0213154129442694
N4096_eta01,0.0001,4.0,4.5708818961487524e-08,1.9538939245151332,1.9539425434052082,1.9530681503318668
N4096_eta01,0.0001,4.0,4.897788193684457e-08,1.8879429582441487,1.8879209335819158,1.8871070725403747
N4096_eta01,0.0001,4.0,5.248074602497723e-08,1.8241668984496626,1.8241152065980368,1.823357788594546
N4096_eta01,0.0001,4.0,5.623413251903491e-08,1.7623612579901795,1.7624529182353674,1.7617481256415821
N4096_eta01,0.0001,4.0,6.025595860743569e-08,1.7029155832274925,1.7028638148687845,1.7022080837801497
N4096_eta01,0.0001,4.0,6.456542290346549e-08,1.6452610883856564,1.6452797858244252,1.644669789526307
N4096_eta01,0.0001,4.0,6.918309709189362e-08,1.5896997710822058,1.5896348147621673,1.5890674482385616
N4096_eta01,0.0001,4.0,7.413102413009178e-08,1.5357629174455392,1.535864930362899,1.5353372957876064
N4096_eta01,0.0001,4.0,7.943282347242806e-08,1.4839640503612515,1.4839081565737375,1.4834175497232942
N4096_eta01,0.0001,4.0,8.511380382023759e-08,1.4337034956749584,1.433704462626494,1.433248360161534
N4096_eta01,0.0001,4.0,9.120108393559096e-08,1.3851987879164909,1.3851957130261208,1.3847717605869092
N4096_eta01,0.0001,4.0,9.772372209558092e-08,1.3383006470207672,1.3383256176748906,1.3379316187425885
N4096_eta01,0.0001,4.0,1.0471285480508985e-07,1.2930515208628623,1.2930396822816328,1.2926735877573046
N4096_eta01,0.0001,4.0,1.122018454301963e-07,1.2493226926981726,1.249285159182153,1.2489450576396468
N4096_eta01,0.0001,4.0,1.202264434617413e-07,1.2069454983151768,1.2070109986813646,1.2066951072522667
N4096_eta01,0.0001,4.0,1.2882495516931324e-07,1.166204693272277,1.166167801012615,1.165874456862921
N4096_eta01,0.0001,4.0,1.380384264602884e-07,1.1266949574086695,1.1267077689923777,1.1264354213551313
N4096_eta01,0.0001,4.0,1.4791083881682074e-07,1.0886288437843676,1.0885846614418606,1.0883318641686488
N4096_eta01,0.0001,4.0,1.584893192461111e-07,1.0516834630714982,1.0517537474280971,1.0515191520286487
N4096_eta01,0.0001,4.0,1.6982436524617427e-07,1.016210976396383,1.0161717613753556,1.015954110512525
N4096_eta01,0.0001,4.0,1.8197008586099827e-07,0.9817942939234101,0.9817968590822214,0.9815949804942614
N4096_eta01,0.0001,4.0,1.9498445997580458e-07,0.9485961406560377,0.9485885746763303,0.9484013754983511
N4096_eta01,0.0001,4.0,2.0892961308540366e-07,0.9164833740930454,0.9165077785286662,0.9163342399882415
N4096_eta01,0.0001,4.0,2.2387211385683377e-07,0.885529428460991,0.8855166361456812,0.885355808608001
N4096_eta01,0.0001,4.0,2.39883291901949e-07,0.8555990906444753,0.8555785680501746,0.8554295663904292
N4096_eta01,0.0001,4.0,2.570395782768865e-07,0.8266228347055754,0.8266582106583332,0.8265202099399261
N4096_eta01,0.0001,4.0,2.7542287033381637e-07,0.7987382140434187,0.7987213781554616,0.798593609594201
N4096_eta01,0.0001,4.0,2.9512092266663846e-07,0.7717292280288921,0.7717350253692957,0.7716167725651344
N4096_eta01,0.0001,4.0,3.1622776601683797e-07,0.7456978542392211,0.7456672116372122,0.7455578070558504
N4096_eta01,0.0001,4.0,3.3884415613920205e-07,0.7204375243389588,0.7204870656601171,0.7203858873481838
N4096_eta01,0.0001,4.0,3.6307805477010105e-07,0.696193099430201,0.6961647513337488,0.6960712198522779
N4096_eta01,0.0001,4.0,3.890451449942805e-07,0.6726642080559377,0.6726714345459395,0.67258501010792
N4096_eta01,0.0001,4.0,4.1686938347033557e-07,0.6500002355948544,0.6499792509269651,0.6498994307253758
N4096_eta01,0.0001,4.0,4.4668359215096253e-07,0.6280250122217861,0.6280612745380851,0.6279875902519437
N4096_eta01,0.0001,4.0,4.786300923226381e-07,0.606912197491518,0.6068914874823342,0.606823502949135
N4096_eta01,0.0001,4.0,5.128613839913648e-07,0.5864452493597805,0.5864447504208867,0.5863820594642808
N4096_eta01,0.0001,4.0,5.495408738576237e-07,0.5666999210006143,0.5666967739768968,0.5666389983794474
N4096_eta01,0.0001,4.0,5.888436553555884e-07,0.5476078419054397,0.547624091008435,0.5475708786198189
N4096_eta01,0.0001,4.0,6.309573444801931e-07,0.5292142572243074,0.5292040297313556,0.5291550527031004
N4096_eta01,0.0001,4.0,6.760829753919819e-07,0.5114225455606994,0.5114146876727728,0.5113696408110299
N4096_eta01,0.0001,4.0,7.244359600749892e-07,0.49422492011384467,0.49423490643514545,0.49419350566375686
N4096_eta01,0.0001,4.0,7.762471166286911e-07,0.47764116029257836,0.47764424725106425,0.47760622817757936
N4096_eta01,0.0001,4.0,8.31763771102671e-07,0.46162694996259085,0.4616229673086725,0.46158808388640105
N4096_eta01,0.0001,4.0,8.912509381337442e-07,0.44616285463473393,0.4461519968273728,0.4461200201071644
N4096_eta01,0.0001,4.0,9.54992586021435e-07,0.43119849850614816,0.4312129168637846,0.4311836338295183
N4096_eta01,0.0001,4.0,1.0232929922807537e-06,0.4167891715651975,0.41678793782784296,0.4167611503100268
N4096_eta01,0.0001,4.0,1.0964781961431828e-06,0.40286214478836146,0.4028598786890076,0.4028354023513011
N4096_eta01,0.0001,4.0,1.1748975549395304e-06,0.38942195175051664,0.38941214685281456,0.3893898102465845
N4096_eta01,0.0001,4.0,1.2589254117941661e-06,0.3764171753730434,0.37642871868812794,0.37640836237049086
N4096_eta01,0.0001,4.0,1.3489628825916506e-06,0.3638925918650643,0.36389412068566895,0.3638755963967689
N4096_eta01,0.0001,4.0,1.445439770745928e-06,0.351797569512035,0.3517934112286676,0.3517765811242179
N4096_eta01,0.0001,4.0,1.5488166189124796e-06,0.3401175516556143,0.3401121629567141,0.3400968988920871
N4096_eta01,0.0001,4.0,1.6595869074375565e-06,0.32883411127480633,0.3288364457041337,0.32882262856654443
N4096_eta01,0.0001,4.0,1.7782794100389231e-06,0.3179422955330078,0.31795280999452014,0.31794032908007286
N4096_eta01,0.0001,4.0,1.9054607179632443e-06,0.3074572612571834,0.3074482710733395,0.3074370235058924
N4096_eta01,0.0001,4.0,2.0417379446695316e-06,0.29730913365915035,0.29731029346072513,0.29730018364977806
N4096_eta01,0.0001,4.0,2.187761623949552e-06,0.2875359694709518,0.2875267760069574,0.2875177151419177
N4096_eta01,0.0001,4.0,2.344228815319918e-06,0.27806803365244886,0.2780860374333258,0.27807794301168176
N4096_eta01,0.0001,4.0,2.5118864315095823e-06,0.2689852045092919,0.2689768023413488,0.26896959772846574
N4096_eta01,0.0001,4.0,2.6915348039269138e-06,0.2601875494488397,0.2601881876735984,0.2601818016919826
N4096_eta01,0.0001,4.0,2.8840315031266e-06,0.25171534583851374,0.2517096896095977,0.2517040561556231
N4096_eta01,0.0001,4.0,3.0902954325135923e-06,0.2435310379421127,0.24353117088050918,0.243526228566737
N4096_eta01,0.0001,4.0,3.311311214825908e-06,0.2356303138425172,0.23564284848655587,0.23563854030788742
N4096_eta01,0.0001,4.0,3.548133892335746e-06,0.22804307620640318,0.22803528180128677,0.22803155482332615
N4096_eta01,0.0001,4.0,3.801893963205613e-06,0.22069894081111666,0.2206993610470538,0.2206961661151428
N4096_eta01,0.0001,4.0,4.073802778041122e-06,0.2136292903859832,0.2136262961261934,0.21362358759369485
N4096_eta01,0.0001,4.0,4.365158322401666e-06,0.2068127836039815,0.20680760579260155,0.20680534126709227
N4096_eta01,0.0001,4.0,4.677351412871981e-06,0.20022387372496317,0.20023510714854703,0.20023324725467617
N4096_eta01,0.0001,4.0,5.011872336272715e-06,0.1938984167203163,0.1939009054517009,0.19389941360954513
N4096_eta01,0.0001,4.0,5.370317963702533e-06,0.1878034531113228,0.18779738421753,0.18779622643534954
N4096_eta01,0.0001,4.0,5.754399373371567e-06,0.1819171546948088,0.18191719560230601,0.18191634028268755
N4096_eta01,0.0001,4.0,6.16595001861481e-06,0.17625343597349108,0.17625325105214718,0.17625266881057142
N4096_eta01,0.0001,4.0,6.606934480075964e-06,0.1708041869252107,0.17079871220364543,0.1707983756985865
N4096_eta01,0.0001,4.0,7.079457843841373e-06,0.16554950207674485,0.16554698202178508,0.1655468657955056
N4096_eta01,0.0001,4.0,7.585775750291821e-06,0.16048573147150444,0.16049169616104,0.16049177649029367
N4096_eta01,0.0001,4.0,8.128305161640995e-06,0.1556184821958917,0.15562671453574176,0.15562696929164846
N4096_eta01,0.0001,4.0,8.709635899560797e-06,0.15094231355285595,0.15094611308604847,0.150946521602453
N4096_eta01,0.0001,4.0,9.332543007969886e-06,0.1464452214300081,0.14644417572613672,0.14644471867580164
N4096_eta01,0.0001,4.0,1e-05,0.14211871102150989,0.14211538646159885,0.14211604573962405
N4096_eta01,0.0001,4.0,1.071519305237605e-05,0.13795807469155133,0.13795442166345054,0.13795518027734777
N4096_eta01,0.0001,4.0,1.1481536214968841e-05,0.13395945403080778,0.13395614248667784,0.13395698445256396
N4096_eta01,0.0001,4.0,1.230268770812381e-05,0.13011860250846372,0.13011558742189727,0.13011649766629918
N4096_eta01,0.0001,4.0,1.3182567385564049e-05,0.1264309010957138,0.12642796496944897,0.12642892923624247
N4096_eta01,0.0001,4.0,1.4125375446227553e-05,0.12289150382265612,0.12288864642616884,0.12288965118820482
N4096_eta01,0.0001,4.0,1.5135612484362071e-05,0.1194952656720284,0.11949315877616193,0.11949419115115094
N4096_eta01,0.0001,4.0,1.6218100973589265e-05,0.11623690628102953,0.11623717767816652,0.11623822534842201
N4096_eta01,0.0001,4.0,1.7378008287493764e-05,0.11311279382304375,0.1131165205435909,0.11311757167924733
N4096_eta01,0.0001,4.0,1.8620871366628657e-05,0.11012338149075493,0.11012713970100588,0.11012818288634924
N4096_eta01,0.0001,4.0,1.995262314968875e-05,0.10726629437156875,0.1072651156448367,0.10726613980740048
N4096_eta01,0.0001,4.0,2.1379620895022326e-05,0.10452826433400862,0.10452665036821547,0.10452764471030951
N4096_eta01,0.0001,4.0,2.29086765276777e-05,0.10190830130861528,0.10190806078243178,0.1019090147147849
N4096_eta01,0.0001,4.0,2.4547089156850235e-05,0.09940681117663347,0.0994057722281669,0.09940667530537334
N4096_eta01,0.0001,4.0,2.6302679918953814e-05,0.09701343337919813,0.09701631208670566,0.09701715394417473
N4096_eta01,0.0001,4.0,2.8183829312644495e-05,0.09473786925821183,0.09473630350256224,0.09473707379467652
N4096_eta01,0.0001,4.0,3.0199517204020195e-05,0.09256354885342111,0.09256245923241015,0.09256314757159989
N4096_eta01,0.0001,4.0,3.235936569296281e-05,0.09048909620670617,0.09049157563882612,0.09049217153526973
N4096_eta01,0.0001,4.0,3.467368504525309e-05,0.08852108021955918,0.0885205268510695,0.0885210196527278
N4096_eta01,0.0001,4.0,3.715352290971728e-05,0.08664537943967217,0.08664625911885909,0.08664663795154598
N4096_eta01,0.0001,4.0,3.9810717055349695e-05,0.084866767646709,0.0848657853887646,0.08486603909594949
N4096_eta01,0.0001,4.0,4.265795188015917e-05,0.08317509505225813,0.08317618013628864,0.08317629721831502
N4096_eta01,0.0001,4.0,4.570881896148752e-05,0.0815749192678137,0.08157457448984923,0.08157454304223898
N4096_eta01,0.0001,4.0,4.897788193684457e-05,0.08005731257776957,0.08005815168551272,0.0800579593360097
N4096_eta01,0.0001,4.0,5.2480746024977124e-05,0.07862436110844943,0.07862414289333108,0.07862377673731441
N4096_eta01,0.0001,4.0,5.623413251903491e-05,0.07727013450745278,0.07726982345732286,0.07726926999119914
N4096_eta01,0.0001,4.0,6.025595860743569e-05,0.07599323848879022,0.07599250959134138,0.07599175464349468
N4096_eta01,0.0001,4.0,6.456542290346563e-05,0.0747894410230828,0.07478955557213125,0.07478858423098259
N4096_eta01,0.0001,4.0,6.918309709189364e-05,0.07365754186289705,0.07365835146865769,0.07365714800735132
N4096_eta01,0.0001,4.0,7.413102413009161e-05,0.0725954521044772,0.07259632144317316,0.07259486924037292
N4096_eta01,0.0001,4.0,7.943282347242822e-05,0.07160028040521532,0.07160092265441409,0.07159920411065711
N4096_eta01,0.0001,4.0,8.51138038202376e-05,0.07066964279606619,0.07066964478676638,0.07066764123578376
N4096_eta01,0.0001,4.0,9.120108393559079e-05,0.0698004435109058,0.0698000102212588,0.0697977018356348
N4096_eta01,0.0001,4.0,9.772372209558111e-05,0.06898984313805856,0.0689895748549549,0.06898694054545905
N4096_eta01,0.0001,4.0,0.00010471285480508985,0.0682354836587666,0.06823592956491113,0.06823294687279893
N4096_eta01,0.0001,4.0,0.00011220184543019607,0.06753699152584859,0.06753670230162279,0.06753334728316399
N4096_eta01,0.0001,4.0,0.00012022644346174132,0.06688961509750843,0.06688956078513715,0.06688580788759393
N4096_eta01,0.0001,4.0,0.00012882495516931323,0.06629244988448439,0.06629221576517466,0.0662880376934155
N4096_eta01,0.0001,4.0,0.0001380384264602881,0.06574210285896934,0.06574242479512239,0.06573779236801956
N4096_eta01,0.0001,4.0,0.00014791083881682073,0.06523817778622634,0.06523799645912477,0.06523287845484659
N4096_eta01,0.0001,4.0,0.0001584893192461111,0.06477702376769573,0.06477679498217788,0.06477115797144439
N4096_eta01,0.0001,4.0,0.0001698243652461746,0.06435680829130266,0.06435674514559228,0.06435055331191797
N4096_eta01,0.0001,4.0,0.00018197008586099826,0.06397577317853659,0.06397583742483172,0.0639690523707267
N4096_eta01,0.0001,4.0,0.00019498445997580418,0.06363210263519682,0.06363213326388674,0.063624713801927
N4096_eta01,0.0001,4.0,0.00020892961308540412,0.06332387593850522,0.0633237704002349,0.06331567232783968
N4096_eta01,0.0001,4.0,0.00022387211385683378,0.06304912876150645,0.0630489681571838,0.06304014401385233
N4096_eta01,0.0001,4.0,0.0002398832919019485,0.0628060576036908,0.0628060326259785,0.06279643143163459
N4096_eta01,0.0001,4.0,0.0002570395782768865,0.06259320980728911,0.0625933616683454,0.0625829286413169
N4096_eta01,0.0001,4.0,0.00027542287033381635,0.062409579032444554,0.062409449680888615,0.062398125933903405
N4096_eta01,0.0001,4.0,0.0002951209226666378,0.06225273749220466,0.06225289207560012,0.06224061428801165
N4096_eta01,0.0001,4.0,0.000316227766016838,0.06212248459594925,0.06212238944526407,0.06210908950952425
N4096_eta01,0.0001,4.0,0.0003388441561392021,0.06201676793047391,0.06201675139825651,0.06200235603842683
N4096_eta01,0.0001,4.0,0.0003630780547701003,0.06193477869418527,0.061934900063670265,0.061919330423506856
N4096_eta01,0.0001,4.0,0.0003890451449942805,0.06187585096096019,0.061875873284362365,0.061859044482218344
N4096_eta01,0.0001,4.0,0.0004168693834703347,0.06183887067920181,0.06183882753199585,0.061820648179457184
N4096_eta01,0.0001,4.0,0.0004466835921509635,0.06182309892059404,0.061823040594078865,0.061803412274880884
N4096_eta01,0.0001,4.0,0.00047863009232263805,0.06182796077769489,0.06182791409812366,0.06180673080348437
N4096_eta01,0.0001,4.0,0.0005128613839913639,0.06185298112395089,0.06185297595221047,0.061830123468256434
N4096_eta01,0.0001,4.0,0.0005495408738576249,0.06189781877319343,0.06189788279439988,0.06187323803684648
N4096_eta01,0.0001,4.0,0.0005888436553555884,0.06196237066791532,0.06196242255568177,0.061935852846355846
N4096_eta01,0.0001,4.0,0.0006309573444801918,0.062046575548747665,0.06204651725267318,0.062017879531825096
N4096_eta01,0.0001,4.0,0.000676082975391982,0.06215022801547665,0.06215022613739811,0.06211936610503142
N4096_eta01,0.0001,4.0,0.0007244359600749892,0.06227371380038596,0.06227374934261649,0.06224050052125795
N4096_eta01,0.0001,4.0,0.0007762471166286897,0.06241747622112961,0.06241743217284032,0.062381614883267496
N4096_eta01,0.0001,4.0,0.000831763771102671,0.06258172684930523,0.06258177020400134,0.06254319044442608
N4096_eta01,0.0001,4.0,0.000891250938133744,0.06276743993408976,0.06276741536943471,0.06272586358749271
N4096_eta01,0.0001,4.0,0.000954992586021437,0.06297519720926041,0.06297518322724734,0.06293043297284738
N4096_eta01,0.0001,4.0,0.0010232929922807535,0.06320601394454181,0.06320606162518694,0.06315786807081136
N4096_eta01,0.0001,4.0,0.001096478196143183,0.06346125134384548,0.06346122100492511,0.06340931931832122
N4096_eta01,0.0001,4.0,0.0011748975549395304,0.06374206205083884,0.06374202661947848,0.0636861301718178
N4096_eta01,0.0001,4.0,0.0012589254117941662,0.06405003009331414,0.06405005297684016,0.06398985136732341
N4096_eta01,0.0001,4.0,0.0013489628825916506,0.06438705542570575,0.0643871008715887,0.06432225774711518
N4096_eta01,0.0001,4.0,0.0014454397707459282,0.0647551942797205,0.06475521742649498,0.06468536807237261
N4096_eta01,0.0001,4.0,0.0015488166189124796,0.06515672386545575,0.06515671964069308,0.06508146831541872
N4096_eta01,0.0001,4.0,0.0016595869074375565,0.0655942430169921,0.06559422203321826,0.06551313901709642
N4096_eta01,0.0001,4.0,0.001778279410038923,0.06607069733150991,0.06607066908493374,0.06598328740872324
N4096_eta01,0.0001,4.0,0.0019054607179632445,0.06658940299509122,0.066589373323517,0.06649518513942115
N4096_eta01,0.0001,4.0,0.0020417379446695232,0.06715408695830845,0.06715406007222458,0.06705251262542608
N4096_eta01,0.0001,4.0,0.002187761623949552,0.06776893924078013,0.06776892010257432,0.06765941125726609
N4096_eta01,0.0001,4.0,0.002344228815319918,0.06843867640387928,0.06843867170551886,0.06832054497518575
N4096_eta01,0.0001,4.0,0.002511886431509582,0.06916861813035538,0.069168634040294,0.06904117306816861
N4096_eta01,0.0001,4.0,0.0026915348039269144,0.06996477944356819,0.06996481405481869,0.06982723648746587
N4096_eta01,0.0001,4.0,0.0028840315031266,0.07083397569191044,0.07083400982256977,0.07068546051823092
N4096_eta01,0.0001,4.0,0.003090295432513592,0.07178392899178379,0.0717839338431457,0.07162347735800928
N4096_eta01,0.0001,4.0,0.003311311214825908,0.07282339032085217,0.07282336075395128,0.07264997305576655
N4096_eta01,0.0001,4.0,0.003548133892335746,0.07396233532864672,0.07396230506140979,0.07377486443367487
N4096_eta01,0.0001,4.0,0.0038018939632056127,0.07521222671622345,0.07521223600708377,0.07500951313275275
N4096_eta01,0.0001,4.0,0.0040738027780411225,0.07658630112265892,0.0765863386535355,0.07636698591143387
N4096_eta01,0.0001,4.0,0.004365158322401648,0.07809983479408063,0.07809983286713054,0.07786237294718291
N4096_eta01,0.0001,4.0,0.004677351412871981,0.0797704017894412,0.07977036531309106,0.07951317937363836
N4096_eta01,0.0001,4.0,0.005011872336272715,0.0816184906333201,0.08161849417407879,0.08133980995005921
N4096_eta01,0.0001,4.0,0.005370317963702533,0.08366825470945968,0.08366829249857954,0.08336617306057986
N4096_eta01,0.0001,4.0,0.005754399373371567,0.08594812454497908,0.08594810450874533,0.08562043882848144
N4096_eta01,0.0001,4.0,0.006165950018614809,0.08849152750359132,0.08849150075575557,0.08813599794597057
N4096_eta01,0.0001,4.0,0.006606934480075964,0.09133845622852908,0.0913384940232964,0.09095268423700288
N4096_eta01,0.0001,4.0,0.007079457843841374,0.0945371026123857,0.09453710028560752,0.09411834701911871
N4096_eta01,0.0001,4.0,0.007585775750291821,0.09814539711017822,0.09814536070647337,0.09769089204121473
N4096_eta01,0.0001,4.0,0.008128305161640995,0.10223394760978292,0.10223398594469016,0.10174095672644838
N4096_eta01,0.0001,4.0,0.008709635899560796,0.10688985319758221,0.10688984947222793,0.10635545363954943
N4096_eta01,0.0001,4.0,0.009332543007969887,0.11222068844586687,0.11222065227093067,0.1116423163382063
N4096_eta01,0.0001,4.0,0.01,0.11836117294930228,0.11836122270794408,0.11773693095010954
N8192_eta01,0.0001,0.0,1.0000000000000002e-14,0.022631362546529546,0.02263135714086211,0.022630945286013084
N8192_eta01,0.0001,0.0,1.0715193052376049e-14,0.023426658069247448,0.023426665645758824,0.02342624520093506
N8192_eta01,0.0001,0.0,1.148153621496884e-14,0.024249942773163436,0.024249933839690582,0.024249493619462676
N8192_eta01,0.0001,0.0,1.2302687708123812e-14,0.025102138452945427,0.025102148572397762,0.025101672706174236
N8192_eta01,0.0001,0.0,1.3182567385564046e-14,0.02598430110828389,0.025984291500448686,0.02598379914034144
N8192_eta01,0.0001,0.0,1.4125375446227557e-14,0.026897426060587745,0.026897434867418548,0.02689692532877416
N8192_eta01,0.0001,0.0,1.5135612484362073e-14,0.027842681326947488,0.027842674562429698,0.027842140661278863
N8192_eta01,0.0001,0.0,1.6218100973589332e-14,0.028821130384400782,0.028821134104769747,0.02882057281022786
N8192_eta01,0.0001,0.0,1.7378008287493765e-14,0.029833986853565756,0.029833986082880064,0.029833389075787205
N8192_eta01,0.0001,0.0,1.8620871366628658e-14,0.030882416531633664,0.030882413126338704,0.030881797778408222
N8192_eta01,0.0001,0.0,1.9952623149688828e-14,0.031967693405573074,0.031967700094282854,0.031967049700241154
N8192_eta01,0.0001,0.0,2.1379620895022327e-14,0.033091145057852774,0.03309113506974228,0.03309043957718915
N8192_eta01,0.0001,0.0,2.29086765276777e-14,0.034254015224847806,0.03425402794724996,0.03425330764338135
N8192_eta01,0.0001,0.0,2.4547089156850338e-14,0.035457818537080216,0.03545780489370981,0.035457041229904354
N8192_eta01,0.0001,0.0,2.6302679918953815e-14,0.036703851462508534,0.036703865859913115,0.036703076419697535
N8192_eta01,0.0001,0.0,2.8183829312644495e-14,0.03799375077683886,0.03799373804168729,0.03799289976058432
N8192_eta01,0.0001,0.0,3.019951720402019e-14,0.039328913008239534,0.039328923324698305,0.039328050038479265
N8192_eta01,0.0001,0.0,3.2359365692962816e-14,0.04071104630531123,0.04071103949712878,0.04071012011288311
N8192_eta01,0.0001,0.0,3.46736850452531e-14,0.042141728618987795,0.04214173019414667,0.042140758816853294
N8192_eta01,0.0001,0.0,3.715352290971728e-14,0.04362269202540555,0.043622694947863874,0.043621672923710636
N8192_eta01,0.0001,0.0,3.9810717055349693e-14,0.04515570822960655,0.04515569949986499,0.04515462918282488
N8192_eta01,0.0001,0.0,4.2657951880159345e-14,0.04674256916629197,0.04674258247270213,0.04674145642690361
N8192_eta01,0.0001,0.0,4.570881896148752e-14,0.04838525231090214,0.04838523544203734,0.04838404775329112
N8192_eta01,0.0001,0.0,4.897788193684456e-14,0.050085599301352174,0.05008561924736796,0.05008436278187544
N8192_eta01,0.0001,0.0,5.248074602497734e-14,0.05184577325665608,0.05184575348190301,0.051844429992288624
N8192_eta01,0.0001,0.0,5.623413251903491e-14,0.053667718802730593,0.05366773804790981,0.05366634914318185
N8192_eta01,0.0001,0.0,6.025595860743569e-14,0.05555377408854244,0.055553758382493455,0.055552293776453626
N8192_eta01,0.0001,0.0,6.456542290346563e-14,0.05750604734867249,0.05750605786330306,0.05750451380940811
N8192_eta01,0.0001,0.0,6.918309709189363e-14,0.059526975769014764,0.059526970932252316,0.05952533821792578
N8192_eta01,0.0001,0.0,7.413102413009162e-14,0.06161890496408539,0.06161890156069913,0.061617177813837756
N8192_eta01,0.0001,0.0,7.943282347242822e-14,0.06378432934590215,0.06378433940086209,0.06378252811980191
N8192_eta01,0.0001,0.0,8.51138038202376e-14,0.06602590535038827,0.06602588784805895,0.06602397234509694
N8192_eta01,0.0001,0.0,9.120108393559116e-14,0.06834618564163923,0.06834620919079408,0.06834418446587129
N8192_eta01,0.0001,0.0,9.772372209558112e-14,0.07074809316771498,0.07074806650375115,0.07074593241349983
N8192_eta01,0.0001,0.0,1.0471285480508985e-13,0.07323431010572053,0.07323433953960622,0.07323208137483653
N8192_eta01,0.0001,0.0,1.1220184543019654e-13,0.07580800936437214,0.07580798220898083,0.07580559720827679
N8192_eta01,0.0001,0.0,1.2022644346174131e-13,0.07847204880829378,0.0784720726885435,0.0784695499796805
N8192_eta01,0.0001,0.0,1.2882495516931323e-13,0.081229798453462,0.0812297810252735,0.08122711762235044
N8192_eta01,0.0001,0.0,1.3803842646028868e-13,0.08408439988482626,0.08408440778306082,0.08408158972539903
N8192_eta01,0.0001,0.0,1.4791083881682072e-13,0.0870393524049608,0.08703935335190544,0.08703637145499338
N8192_eta01,0.0001,0.0,1.584893192461111e-13,0.09009815356759054,0.09009814063114215,0.09009498761312007
N8192_eta01,0.0001,0.0,1.698243652461746e-13,0.09326440165338706,0.09326442410749236,0.09326108683866993
N8192_eta01,0.0001,0.0,1.8197008586099824e-13,0.09654201308740883,0.09654198199597824,0.09653844595581108
N8192_eta01,0.0001,0.0,1.9498445997580416e-13,0.09993467936964963,0.09993471785134134,0.09993097447479049
N8192_eta01,0.0001,0.0,2.0892961308540411e-13,0.10344672577854155,0.10344668591037733,0.1034427192504748
N8192_eta01,0.0001,0.0,2.2387211385683378e-13,0.107082035002552,0.10708207591947343,0.10707786930412921
N8192_eta01,0.0001,0.0,2.3988329190194847e-13,0.11084525261762602,0.11084521759925185,0.11084076081412138
N8192_eta01,0.0001,0.0,2.570395782768865e-13,0.11474057848687816,0.11474060520873476,0.114735882281425
N8192_eta01,0.0001,0.0,2.7542287033381635e-13,0.11877290514059348,0.11877288927886853,0.11876787987600448
N8192_eta01,0.0001,0.0,2.95120922666639e-13,0.12294687942034321,0.12294687954255477,0.12294156297037037
N8192_eta01,0.0001,0.0,3.1622776601683797e-13,0.12726753418427825,0.12726754745381105,0.12726190986679647
N8192_eta01,0.0001,0.0,3.3884415613920205e-13,0.13174008768355325,0.1317400583349079,0.13173407372492704
N8192_eta01,0.0001,0.0,3.630780547701018e-13,0.13636969999432447,0.13636974245613204,0.13636338869671366
N8192_eta01,0.0001,0.0,3.890451449942805e-13,0.14116217432167502,0.14116212330282868,0.14115537627586222
N8192_eta01,0.0001,0.0,4.168693834703347e-13,0.14612285700862143,0.14612291595710242,0.14611575186921358
N8192_eta01,0.0001,0.0,4.466835921509635e-13,0.15125809964825054,0.15125804315180094,0.15125043159772134
N8192_eta01,0.0001,0.0,4.786300923226381e-13,0.15657357138347536,0.15657362464253627,0.1565655393349511
N8192_eta01,0.0001,0.0,5.128613839913659e-13,0.16207604672432888,0.16207600524338392,0.16206741399129038
N8192_eta01,0.0001,0.0,5.495408738576248e-13,0.1677717263186584,0.1677717513255678,0.16776261705231738
N8192_eta01,0.0001,0.0,5.888436553555884e-13,0.1736676593237997,0.17366765180943167,0.17365794038007099
N8192_eta01,0.0001,0.0,6.309573444801943e-13,0.17977075761946434,0.17977074135409957,0.17976041428623274
N8192_eta01,0.0001,0.0,6.760829753919819e-13,0.18608826130728262,0.18608829738506197,0.18607731588653478
N8192_eta01,0.0001,0.0,7.244359600749892e-13,0.1926279162193847,0.19262786060608544,0.19261617774600953
N8192_eta01,0.0001,0.0,7.762471166286928e-13,0.19939715473289743,0.19939722754675235,0.19938479682499485
N8192_eta01,0.0001,0.0,8.317637711026709e-13,0.20640455197440655,0.2064044733216805,0.20639124373613318
N8192_eta01,0.0001,0.0,8.912509381337441e-13,0.2136578695417845,0.21365795468469923,0.21364387232292895
N8192_eta01,0.0001,0.0,9.54992586021437e-13,0.22116639832462978,0.22116632288915916,0.22115132957074468
N8192_eta01,0.0001,0.0,1.0232929922807536e-12,0.22893846481488034,0.22893852869015016,0.2289225658614713
N8192_eta01,0.0001,0.0,1.0964781961431851e-12,0.23698388978376367,0.23698384587337584,0.2369668455834453
N8192_eta01,0.0001,0.0,1.1748975549395302e-12,0.24531185356039123,0.2453118666863124,0.24529375810853196
N8192_eta01,0.0001,0.0,1.258925411794166e-12,0.253932508642015,0.25393252079814593,0.25391322914866366
N8192_eta01,0.0001,0.0,1.3489628825916534e-12,0.26285613517487977,0.2628560880898458,0.26283553250447744
N8192_eta01,0.0001,0.0,1.445439770745928e-12,0.2720931352602123,0.2720932090095223,0.272071302219066
N8192_eta01,0.0001,0.0,1.5488166189124795e-12,0.2816549904301776,0.2816548943420927,0.2816315451502358
N8192_eta01,0.0001,0.0,1.6595869074375598e-12,0.2915524311512657,0.2915525465030534,0.29152765397504066
N8192_eta01,0.0001,0.0,1.7782794100389228e-12,0.30179807603069686,0.3017979606563865,0.3017714206407372
N8192_eta01,0.0001,0.0,1.9054607179632443e-12,0.31240323630454586,0.31240335040150813,0.31237505027669954
N8192_eta01,0.0001,0.0,2.041737944669532e-12,0.3233814514696884,0.3233813564909041,0.32335117558221466
N8192_eta01,0.0001,0.0,2.1877616239495518e-12,0.3347449980810967,0.33474506440973606,0.3347128717054517
N8192_eta01,0.0001,0.0,2.344228815319923e-12,0.34650804802813356,0.3465080148236922,0.34647367162930687
N8192_eta01,0.0001,0.0,2.5118864315095823e-12,0.3586842377914063,0.35868422345926326,0.3586475820801755
N8192_eta01,0.0001,0.0,2.6915348039269142e-12,0.3712881451278333,0.3712881981494621,0.3712490999761026
N8192_eta01,0.0001,0.0,2.884031503126606e-12,0.384335052775796,0.384334954862826,0.3842932294311147
N8192_eta01,0.0001,0.0,3.090295432513592e-12,0.39783990106556166,0.397840034771866,0.3977954993328959
N8192_eta01,0.0001,0.0,3.311311214825908e-12,0.41181967440809897,0.4118195203937291,0.4117719815113225
N8192_eta01,0.0001,0.0,3.548133892335753e-12,0.42628988848854255,0.42629005993289,0.4262393095156842
N8192_eta01,0.0001,0.0,3.8018939632056125e-12,0.44126904326820365,0.4412688826254739,0.44121469801874047
N8192_eta01,0.0001,0.0,4.073802778041122e-12,0.4567736790517615,0.45677382271131306,0.4567159628660394
N8192_eta01,0.0001,0.0,4.365158322401657e-12,0.47282343734158844,0.4728233302277616,0.47276154178918645
N8192_eta01,0.0001,0.0,4.677351412871982e-12,0.48943645505892114,0.4894365075562671,0.48937051580195756
N8192_eta01,0.0001,0.0,5.011872336272715e-12,0.5066331205246334,0.5066331191000474,0.5065626312983597
N8192_eta01,0.0001,0.0,5.370317963702533e-12,0.5244336890717439,0.5244336199406932,0.5243583228718611
N8192_eta01,0.0001,0.0,5.754399373371567e-12,0.5428590546505956,0.5428591790042296,0.5427787368750896
N8192_eta01,0.0001,0.0,6.165950018614822e-12,0.5619318794310516,0.5619317020118918,0.5618457557393568
N8192_eta01,0.0001,0.0,6.6069344800759645e-12,0.5816736375679686,0.5816738586239517,0.5815820230732665
N8192_eta01,0.0001,0.0,7.079457843841373e-12,0.6021093381569003,0.602109105583326,0.6020109695595867
N8192_eta01,0.0001,0.0,7.585775750291836e-12,0.6232614772363386,0.6232617174457232,0.6231568396693155
N8192_eta01,0.0001,0.0,8.128305161640996e-12,0.6451570194578331,0.6451568113449208,0.6450447192115548
N8192_eta01,0.0001,0.0,8.709635899560797e-12,0.6678202140740102,0.6678203755789296,0.667700563737374
N8192_eta01,0.0001,0.0,9.332543007969906e-12,0.6912793994981913,0.691279300184473,0.6911512278152552
N8192_eta01,0.0001,0.0,1e-11,0.7155614003543518,0.7155614079365527,0.7154244951949923
N8192_eta01,0.0001,0.0,1.0715193052376049e-11,0.7406954132880145,0.74069548254362,0.7405491098760273
N8192_eta01,0.0001,0.0,1.1481536214968842e-11,0.7667114717403589,0.7667113059942676,0.7665548080950986
N8192_eta01,0.0001,0.0,1.2302687708123813e-11,0.7936394440366917,0.7936396854642986,0.7934723512467872
N8192_eta01,0.0001,0.0,1.3182567385564075e-11,0.8215127871777628,0.8215124917329104,0.8213335597490045
N8192_eta01,0.0001,0.0,1.4125375446227556e-11,0.8503623510179619,0.8503626925664063,0.8501713478636103
N8192_eta01,0.0001,0.0,1.5135612484362072e-11,0.8802247211815164,0.8802243901290068,0.8800197594802859
N8192_eta01,0.0001,0.0,1.6218100973589298e-11,0.9111325440507287,0.9111328568768279,0.910914004869267
N8192_eta01,0.0001,0.0,1.7378008287493765e-11,0.9431248186063304,0.9431245719340793,0.9428904984057311
N8192_eta01,0.0001,0.0,1.8620871366628657e-11,0.9762371144776155,0.976237264522946,0.9759868972653511
N8192_eta01,0.0001,0.0,1.995262314968879e-11,1.0105100004113323,1.0105099499570847,1.0102421410868034
N8192_eta01,0.0001,0.0,2.1379620895022327e-11,1.0459830626823208,1.0459829711116417,1.0456964925927141
N8192_eta01,0.0001,0.0,2.2908676527677702e-11,1.0826978396585667,1.082698043286283,1.0823915791557124
N8192_eta01,0.0001,0.0,2.4547089156850283e-11,1.1206986165832438,1.1206982932428895,1.1203704352907253
N8192_eta01,0.0001,0.0,2.6302679918953818e-11,1.1600278864203797,1.16002830567295,1.1596775460484015
N8192_eta01,0.0001,0.0,2.8183829312644493e-11,1.2007346273030644,1.200734167349278,1.2003588912775487
N8192_eta01,0.0001,0.0,3.019951720402019e-11,1.2428630186724772,1.2428635116684856,1.2424619907164807
N8192_eta01,0.0001,0.0,3.235936569296281e-11,1.286466008724547,1.2864655666989713,1.2860359498642642
N8192_eta01,0.0001,0.0,3.467368504525317e-11,1.3315908311706162,1.3315912002270258,1.3311315065728517
N8192_eta01,0.0001,0.0,3.715352290971728e-11,1.3782932208865917,1.37829296983111,1.3778010782897394
N8192_eta01,0.0001,0.0,3.9810717055349695e-11,1.426625092944482,1.426625170138918,1.4260988098683218
N8192_eta01,0.0001,0.0,4.2657951880159254e-11,1.4766438058307154,1.4766438814506968,1.47608062184892
N8192_eta01,0.0001,0.0,4.570881896148752e-11,1.5284072966239721,1.5284070193856283,1.5278042590977539
N8192_eta01,0.0001,0.0,4.897788193684457e-11,1.5819739530318873,1.5819743859919322,1.5813293396736068
N8192_eta01,0.0001,0.0,5.2480746024977236e-11,1.6374082801774232,1.6374077168970524,1.6367174037723442
N8192_eta01,0.0001,0.0,5.6234132519034906e-11,1.6947700624114435,1.694770733121138,1.6940319625776457
N8192_eta01,0.0001,0.0,6.025595860743569e-11,1.7541298601323652,1.7541291887284132,1.7533385468222207
N8192_eta01,0.0001,0.0,6.456542290346562e-11,1.8155502627424944,1.815550922397893,1.814704754836776
N8192_eta01,0.0001,0.0,6.918309709189364e-11,1.8791064429868882,1.8791059032889166,1.8782002998342981
N8192_eta01,0.0001,0.0,7.413102413009162e-11,1.9448659103708585,1.9448662789557463,1.943897056144167
N8192_eta01,0.0001,0.0,7.943282347242822e-11,2.0129065968010154,2.0129064233106884,2.011869104073995
N8192_eta01,0.0001,0.0,8.511380382023759e-11,2.0833030851398324,2.083302977691692,2.082192773036754
N8192_eta01,0.0001,0.0,9.120108393559097e-11,2.1561345629749606,2.1561348955615673,2.1549466825361
N8192_eta01,0.0001,0.0,9.772372209558111e-11,2.2314840744900124,2.231483482425291,2.2302117805534194
N8192_eta01,0.0001,0.0,1.0471285480508986e-10,2.309431637015872,2.309432430500879,2.30807137882607
N8192_eta01,0.0001,0.0,1.1220184543019632e-10,2.3900687574073514,2.3900678540165994,2.3886111844463436
N8192_eta01,0.0001,0.0,1.2022644346174132e-10,2.4734773238259464,2.4734783167457395,2.471919327145084
N8192_eta01,0.0001,0.0,1.2882495516931322e-10,2.559755768057721,2.5597548568528277,2.558086381551836
N8192_eta01,0.0001,0.0,1.3803842646028838e-10,2.648990208936724,2.648991004655745,2.647205383644265
N8192_eta01,0.0001,0.0,1.479108388168207e-10,2.7412833617623704,2.7412827945109974,2.739371840513096
N8192_eta01,0.0001,0.0,1.5848931924611142e-10,2.836728530557757,2.8367287687848015,2.8346837324742085
N8192_eta01,0.0001,0.0,1.6982436524617427e-10,2.9354299066146448,2.935429973273001,2.9332415064563166
N8192_eta01,0.0001,0.0,1.8197008586099827e-10,3.0374904219955203,3.0374899434436435,3.0351480594801634
N8192_eta01,0.0001,0.0,1.9498445997580455e-10,3.143013884738089,3.1430146777749646,3.140508710922938
N8192_eta01,0.0001,0.0,2.0892961308540407e-10,3.2521136838906513,3.2521126008284167,3.2494311621289707
N8192_eta01,0.0001,0.0,2.2387211385683377e-10,3.3648931996475833,3.364894510893668,3.3620254417841338
N8192_eta01,0.0001,0.0,2.3988329190194897e-10,3.481474851588447,3.481473511263715,3.478403835316375
N8192_eta01,0.0001,0.0,2.570395782768865e-10,3.6019635807215513,3.6019649248306633,3.5986807964177476
N8192_eta01,0.0001,0.0,2.7542287033381637e-10,3.7264873038657935,3.7264861883629017,3.722972838604106
N8192_eta01,0.0001,0.0,2.951209226666384e-10,3.855155922680247,3.8551567241336504,3.851398404536821
N8192_eta01,0.0001,0.0,3.1622776601683795e-10,3.9880981981246744,3.9880977874035928,3.984077710626208
N8192_eta01,0.0001,0.0,3.3884415613920275e-10,4.125432429990677,4.125432286513277,4.121132564219512
N8192_eta01,0.0001,0.0,3.6307805477010104e-10,4.267283978841206,4.2672845724385,4.262686150446812
N8192_eta01,0.0001,0.0,3.890451449942805e-10,4.413781324914256,4.413780194178703,4.408862785557245
N8192_eta01,0.0001,0.0,4.168693834703355e-10,4.565044086805627,4.565045618838665,4.55978763332629
N8192_eta01,0.0001,0.0,4.4668359215096254e-10,4.721209685652738,4.721207908773534,4.715586380854251
N8192_eta01,0.0001,0.0,4.78630092322638e-10,4.882392392742173,4.882394355997816,4.8763848698077945
N8192_eta01,0.0001,0.0,5.128613839913648e-10,5.048733875104655,5.048732066491666,5.042308678884049
N8192_eta01,0.0001,0.0,5.495408738576249e-10,5.2203458952801345,5.220347491180945,5.213482653003094
N8192_eta01,0.0001,0.0,5.888436553555885e-10,5.397367028812889,5.397365898616161,5.3900303744640965
N8192_eta01,0.0001,0.0,6.30957344480193e-10,5.5799102966186425,5.579910784355099,5.572073571038471
N8192_eta01,0.0001,0.0,6.760829753919819e-10,5.768103084071634,5.768103210946239,5.7597314557267385
N8192_eta01,0.0001,0.0,7.244359600749892e-10,5.962062023431043,5.962061074365893,5.953119992682032
N8192_eta01,0.0001,0.0,7.762471166286911e-10,6.161896727145736,6.161898289226235,6.15235108361253
N8192_eta01,0.0001,0.0,8.31763771102671e-10,6.36772603292359,6.367723888331119,6.3575316688280425
N8192_eta01,0.0001,0.0,8.91250938133746e-10,6.5796384603081135,6.579641030048697,6.568762737007006
N8192_eta01,0.0001,0.0,9.54992586021435e-10,6.797748519535637,6.797745906879596,6.786138237743607
N8192_eta01,0.0001,0.0,1.0232929922807536e-09,7.022123957740728,7.022126550201547,7.009743891009731
N8192_eta01,0.0001,0.0,1.0964781961431852e-09,7.252863623404019,7.252861524092783,7.2396558878523845
N8192_eta01,0.0001,0.0,1.1748975549395278e-09,7.490017043150844,7.490018503661011,7.475939476968526
N8192_eta01,0.0001,0.0,1.2589254117941663e-09,7.733653384977627,7.733652732770845,7.718647432280567
N8192_eta01,0.0001,0.0,1.3489628825916533e-09,7.983805799219761,7.983805355750833,7.967818397307141
N8192_eta01,0.0001,0.0,1.445439770745928e-09,8.24050029936192,8.240501620462387,8.223475103015664
N8192_eta01,0.0001,0.0,1.5488166189124799e-09,8.503751300263108,8.503748950504146,8.48562245698992
N8192_eta01,0.0001,0.0,1.6595869074375598e-09,8.773531819007248,8.77353488423314,8.754245503183403
N8192_eta01,0.0001,0.0,1.778279410038923e-09,9.049828351273998,9.049824883007528,9.029307253293826
N8192_eta01,0.0001,0.0,1.9054607179632444e-09,9.332556294740575,9.332560010398058,9.3107463929253
N8192_eta01,0.0001,0.0,2.0417379446695276e-09,9.621657782871171,9.621654488384383,9.598474868236636
N8192_eta01,0.0001,0.0,2.187761623949552e-09,9.916990376006435,9.916993138901644,9.892375361743744
N8192_eta01,0.0001,0.0,2.344228815319923e-09,10.218430470152082,10.218428722558627,10.192298669379532
N8192_eta01,0.0001,0.0,2.511886431509577e-09,10.525778748940729,10.525779190619534,10.498060994839403
N8192_eta01,0.0001,0.0,2.6915348039269142e-09,10.838824099103428,10.838824870270935,10.809441181667687
N8192_eta01,0.0001,0.0,2.884031503126606e-09,11.157307913792486,11.157305609127711,11.126177908469083
N8192_eta01,0.0001,0.0,3.0902954325135923e-09,11.480914543120967,11.480917909425337,11.447966878041747
N8192_eta01,0.0001,0.0,3.3113112148259078e-09,11.809316382529857,11.809312089082022,11.774458037085454
N8192_eta01,0.0001,0.0,3.5481338923357537e-09,12.142084660735001,12.142089512576291,12.105252869372388
N8192_eta01,0.0001,0.0,3.8018939632056126e-09,12.478804590247243,12.478799942015497,12.439901811782194
N8192_eta01,0.0001,0.0,4.073802778041122e-09,12.818934765177136,12.818939064867633,12.777901849263756
N8192_eta01,0.0001,0.0,4.365158322401657e-09,13.161949362409155,13.161946262052755,13.118694351417922
N8192_eta01,0.0001,0.0,4.6773514128719815e-09,13.507201009335606,13.50720268671081,13.461663219782363
N8192_eta01,0.0001,0.0,5.0118723362727255e-09,13.85402978585965,13.854029729940727,13.806133420777202
N8192_eta01,0.0001,0.0,5.370317963702522e-09,14.201689916461504,14.201687955151714,14.151369984329484
N8192_eta01,0.0001,0.0,5.754399373371567e-09,14.549373156287304,14.549376586809974,14.496577552084851
N8192_eta01,0.0001,0.0,6.165950018614823e-09,14.8962386262415,14.896233641950058,14.84090056144775
N8192_eta01,0.0001,0.0,6.606934480075952e-09,15.241330935562122,15.241336793310564,15.183424152053341
N8192_eta01,0.0001,0.0,7.0794578438413736e-09,15.58371107556468,15.583705051083022,15.523175879239036
N8192_eta01,0.0001,0.0,7.585775750291836e-09,15.922295473380858,15.922301345523767,15.859128314234221
N8192_eta01,0.0001,0.0,8.128305161640994e-09,16.256040649265163,16.256036084823876,16.190202602738715
N8192_eta01,0.0001,0.0,8.709635899560797e-09,16.58376863669934,16.58377175055279,16.51527304199057
N8192_eta01,0.0001,0.0,9.332543007969905e-09,16.904329630318905,16.9043285780015,16.833172721104045
N8192_eta01,0.0001,0.0,1e-08,17.216492678357216,17.21649134893802,17.142700250289124
N8192_eta01,0.0001,0.0,1.0715193052376048e-08,17.519014054662748,17.519017301024657,17.442627581609752
N8192_eta01,0.0001,0.0,1.1481536214968818e-08,17.810650526436365,17.81064513109291,17.731708897457608
N8192_eta01,0.0001,0.0,1.2302687708123811e-08,18.090098491472737,18.090105039271364,18.00869051339169
N8192_eta01,0.0001,0.0,1.3182567385564074e-08,18.35613691165125,18.356129728119008,18.27232171013842
N8192_eta01,0.0001,0.0,1.4125375446227526e-08,18.607459061229005,18.607466237067364,18.52136637631408
N8192_eta01,0.0001,0.0,1.5135612484362072e-08,18.84289436050134,18.842888457690226,18.75461531000052
N8192_eta01,0.0001,0.0,1.62181009735893e-08,19.061205643523017,19.061210142374573,18.970898995042603
N8192_eta01,0.0001,0.0,1.7378008287493763e-08,19.26130027212269,19.261298188130883,19.169100638345977
N8192_eta01,0.0001,0.0,1.8620871366628656e-08,19.44208638811555,19.442085951150972,19.348169229103682
N8192_eta01,0.0001,0.0,1.995262314968879e-08,19.60258356328589,19.602586327317994,19.507132361312735
N8192_eta01,0.0001,0.0,2.1379620895022325e-08,19.74190961939054,19.741904320935753,19.64510854857416
N8192_eta01,0.0001,0.0,2.2908676527677703e-08,19.859242147879613,19.859248819556512,19.761318756188086
N8192_eta01,0.0001,0.0,2.4547089156850285e-08,19.953951077983387,19.953943298029294,19.855096880816397
N8192_eta01,0.0001,0.0,2.6302679918953814e-08,20.025427328867877,20.025435190064368,19.925898922926887
N8192_eta01,0.0001,0.0,2.818382931264455e-08,20.07331054470832,20.073303690680703,19.97331062181213
N8192_eta01,0.0001,0.0,3.0199517204020135e-08,20.097260201050684,20.09726578748694,19.99705335663461
N8192_eta01,0.0001,0.0,3.2359365692962815e-08,20.097183460815824,20.09718036150593,19.996988158615817
N8192_eta01,0.0001,0.0,3.467368504525317e-08,20.07304950083839,20.073050247748757,19.97311772762027
N8192_eta01,0.0001,0.0,3.7153522909717206e-08,20.025020371498105,20.025022199927122,19.925586399051525
N8192_eta01,0.0001,0.0,3.9810717055349696e-08,19.95338915668196,19.953384760272318,19.854678061963085
N8192_eta01,0.0001,0.0,4.265795188015926e-08,19.858558131009683,19.858564091966166,19.760812084234484
N8192_eta01,0.0001,0.0,4.5708818961487524e-08,19.741125341721613,19.741117885750853,19.64453735321469
N8192_eta01,0.0001,0.0,4.897788193684457e-08,19.601719832584788,19.60172750156397,19.506524588185993
N8192_eta01,0.0001,0.0,5.248074602497723e-08,19.441195781192512,19.441188548608487,19.347557122428437
N8192_eta01,0.0001,0.0,5.623413251903491e-08,19.260393903582205,19.260400141445185,19.168520386041944
N8192_eta01,0.0001,0.0,6.025595860743569e-08,19.06035724984795,19.06035309453219,18.970390344953245
N8192_eta01,0.0001,0.0,6.456542290346549e-08,18.842115062723856,18.842117332435386,18.754221166159578
N8192_eta01,0.0001,0.0,6.918309709189362e-08,18.606828543423372,18.606828797803317,18.52113238421055
N8192_eta01,0.0001,0.0,7.413102413009178e-08,18.35567860956805,18.355676134558315,18.27229583965899
N8192_eta01,0.0001,0.0,7.943282347242806e-08,18.089883163392656,18.08988741051207,18.008922647589113
N8192_eta01,0.0001,0.0,8.511380382023759e-08,17.810723062750636,17.810717123026357,17.732250434550604
N8192_eta01,0.0001,0.0,9.120108393559096e-08,17.51942723377499,17.5194337049218,17.44353105671494
N8192_eta01,0.0001,0.0,9.772372209558092e-08,17.217314553509237,17.217307717103843,17.144018982367836
N8192_eta01,0.0001,0.0,1.0471285480508985e-07,16.905594590087443,16.90560088105328,16.834960489528648
N8192_eta01,0.0001,0.0,1.122018454301963e-07,16.585561237755165,16.585556069889435,16.51758379604201
N8192_eta01,0.0001,0.0,1.202264434617413e-07,16.258384416515305,16.258388342582993,16.19309020628185
N8192_eta01,0.0001,0.0,1.2882495516931324e-07,15.925279022261481,15.925277073296812,15.862646326814364
N8192_eta01,0.0001,0.0,1.380384264602884e-07,15.587358826474237,15.58735919768962,15.52737737392923
N8192_eta01,0.0001,0.0,1.4791083881682074e-07,15.24572208375307,15.245723571105131,15.18836156957683
N8192_eta01,0.0001,0.0,1.584893192461111e-07,14.901409416397941,14.901406410280767,14.84662559941536
N8192_eta01,0.0001,0.0,1.6982436524617427e-07,14.555383705985792,14.555387770910622,14.503141087627366
N8192_eta01,0.0001,0.0,1.8197008586099827e-07,14.208594064056527,14.208588998001781,14.158822027970768
N8192_eta01,0.0001,0.0,1.9498445997580458e-07,13.861865868915173,13.861871074465599,13.8145230990777
N8192_eta01,0.0001,0.0,2.0892961308540366e-07,13.516039132244071,13.516033785473612,13.47103878407677
N8192_eta01,0.0001,0.0,2.2387211385683377e-07,13.171810778249977,13.171815611457822,13.129103209862624
N8192_eta01,0.0001,0.0,2.39883291901949e-07,12.829898371647792,12.829894260850594,12.789390619386626
N8192_eta01,0.0001,0.0,2.570395782768865e-07,12.490884474903016,12.49088775427818,12.452516390774711
N8192_eta01,0.0001,0.0,2.7542287033381637e-07,12.155358019044229,12.155355974564806,12.119038519468843
N8192_eta01,0.0001,0.0,2.9512092266663846e-07,11.823801471825083,11.823802601041693,11.789459483522789
N8192_eta01,0.0001,0.0,3.1622776601683797e-07,11.496677225343566,11.496677352025031,11.464228417273949
N8192_eta01,0.0001,0.0,3.3884415613920205e-07,11.1743794501941,11.174378465428951,11.143743524511924
N8192_eta01,0.0001,0.0,3.6307805477010105e-07,10.857253465324405,10.857255354123422,10.828354668662714
N8192_eta01,0.0001,0.0,3.890451449942805e-07,10.545613964111569,10.545611379468236,10.518366084143773
N8192_eta01,0.0001,0.0,4.1686938347033557e-07,10.239703686288582,10.239706693315298,10.214039159702939
N8192_eta01,0.0001,0.0,4.4668359215096253e-07,9.939764565602513,9.93976110542574,9.915595251061223
N8192_eta01,0.0001,0.0,4.786300923226381e-07,9.64595346386838,9.64595693961877,9.623218486402308
N8192_eta01,0.0001,0.0,5.128613839913648e-07,9.35844550474889,9.358441847932253,9.337058534094652
N8192_eta01,0.0001,0.0,5.495408738576237e-07,9.077328126875893,9.077331557568067,9.057233307428696
N8192_eta01,0.0001,0.0,5.888436553555884e-07,8.802715906745952,8.802712530386284,8.783831586064426
N8192_eta01,0.0001,0.0,6.309573444801931e-07,8.534641452555974,8.534644519185845,8.516915538294619
N8192_eta01,0.0001,0.0,6.760829753919819e-07,8.27316587032777,8.273163008969371,8.256523132137088
N8192_eta01,0.0001,0.0,7.244359600749892e-07,8.018278959323991,8.01828153483394,8.002670426689086
N8192_eta01,0.0001,0.0,7.762471166286911e-07,7.769996186415535,7.769993871115616,7.755353738130493
N8192_eta01,0.0001,0.0,8.31763771102671e-07,7.5282739801385565,7.5282760889418645,7.514551677281148
N8192_eta01,0.0001,0.0,8.912509381337442e-07,7.293090353185718,7.293088481471681,7.280227057734648
N8192_eta01,0.0001,0.0,9.54992586021435e-07,7.064375594517869,7.064377357853684,7.052328675344354
N8192_eta01,0.0001,0.0,1.0232929922807537e-06,6.84207830652533,6.84207670835759,6.83079296126373
N8192_eta01,0.0001,0.0,1.0964781961431828e-06,6.626108160126547,6.626109744256958,6.615545511880113
N8192_eta01,0.0001,0.0,1.1748975549395304e-06,6.4163918301025715,6.416390316918608,6.406502499864484
N8192_eta01,0.0001,0.0,1.2589254117941661e-06,6.212822648537253,6.2128242211994555,6.203571971223308
N8192_eta01,0.0001,0.0,1.3489628825916506e-06,6.015311985877051,6.0153103887143615,6.006655033713022
N8192_eta01,0.0001,0.0,1.445439770745928e-06,5.8237402890989,5.823741976836988,5.815646942293245
N8192_eta01,0.0001,0.0,1.5488166189124796e-06,5.638009142862951,5.6380073594620175,5.630438087475177
N8192_eta01,0.0001,0.0,1.6595869074375565e-06,5.45798919461654,5.457991025610102,5.450914892491906
N8192_eta01,0.0001,0.0,1.7782794100389231e-06,5.283576315203243,5.283574391923969,5.276960625196856
N8192_eta01,0.0001,0.0,1.9054607179632443e-06,5.114634711482957,5.114636534994615,5.108456130503427
N8192_eta01,0.0001,0.0,2.0417379446695316e-06,4.951056600891359,4.951054849293976,4.945280489028445
N8192_eta01,0.0001,0.0,2.187761623949552e-06,4.792704225579186,4.7927056362835145,4.78731160740836
N8192_eta01,0.0001,0.0,2.344228815319918e-06,4.6394656005328985,4.639464630029719,4.634426745529796
N8192_eta01,0.0001,0.0,2.5118864315095823e-06,4.491207074844767,4.491207464397146,4.486502985666952
N8192_eta01,0.0001,0.0,2.6915348039269138e-06,4.347809728500992,4.3478100866150635,4.343417648253151
N8192_eta01,0.0001,0.0,2.8840315031266e-06,4.209150081011412,4.209149121731182,4.205048658740477
N8192_eta01,0.0001,0.0,3.0902954325135923e-06,4.075100860929439,4.075102192181838,4.071274869725123
N8192_eta01,0.0001,0.0,3.311311214825908e-06,3.9455494993811993,3.945548196424932,3.9419763422403187
N8192_eta01,0.0001,0.0,3.548133892335746e-06,3.8203668606632224,3.820367550304233,3.8170345898477125
N8192_eta01,0.0001,0.0,3.801893963205613e-06,3.6994421200530425,3.6994423945448385,3.696332788894377
N8192_eta01,0.0001,0.0,4.073802778041122e-06,3.5826578045426247,3.5826567715186224,3.5797559580475684
N8192_eta01,0.0001,0.0,4.365158322401666e-06,3.4698957331702163,3.469896774170586,3.4671911099751584
N8192_eta01,0.0001,0.0,4.677351412871981e-06,3.3610508587752634,3.361050669759924,3.3585273778071345
N8192_eta01,0.0001,0.0,5.011872336272715e-06,3.2560098192173803,3.256009000845938,3.253656118792792
N8192_eta01,0.0001,0.0,5.370317963702533e-06,3.154663813783534,3.1546646657379385,3.1524709973606777
N8192_eta01,0.0001,0.0,5.754399373371567e-06,3.0569127361804287,3.056912980430548,3.054868049592928
N8192_eta01,0.0001,0.0,6.16595001861481e-06,2.962652640066825,2.962651723860952,2.960745730943173
N8192_eta01,0.0001,0.0,6.606934480075964e-06,2.871781183208592,2.8717811681529293,2.870004948857341
N8192_eta01,0.0001,0.0,7.079457843841373e-06,2.784203295267517,2.7842040953528513,2.782549081798673
N8192_eta01,0.0001,0.0,7.585775750291821e-06,2.6998255370844597,2.6998258020155803,2.698283986032462
N8192_eta01,0.0001,0.0,8.128305161640995e-06,2.6185546629994363,2.6185540928627615,2.617117991391664
N8192_eta01,0.0001,0.0,8.709635899560797e-06,2.5402999273647273,2.5402992646115266,2.5389618871212005
N8192_eta01,0.0001,0.0,9.332543007969886e-06,2.464974281929528,2.464974080958363,2.463728898786195
N8192_eta01,0.0001,0.0,1e-05,2.3924934931122985,2.3924937396001242,2.391334657127289
N8192_eta01,0.0001,0.0,1.071519305237605e-05,2.3227753629407615,2.3227758320813208,2.321697159654001
N8192_eta01,0.0001,0.0,1.1481536214968841e-05,2.255739773335252,2.2557402971739062,2.2547367256845043
N8192_eta01,0.0001,0.0,1.230268770812381e-05,2.191308859800764,2.1913093684226093,2.1903759454674376
N8192_eta01,0.0001,0.0,1.3182567385564049e-05,2.12940705029236,2.1294075164245276,2.128539623957236
N8192_eta01,0.0001,0.0,1.4125375446227553e-05,2.0699610175723877,2.06996138635691,2.069154719759989
N8192_eta01,0.0001,0.0,1.5135612484362071e-05,2.0128995856140257,2.012899731220916,2.012150279720673
N8192_eta01,0.0001,0.0,1.6218100973589265e-05,1.9581535438789017,1.9581533412318308,1.9574573695855333
N8192_eta01,0.0001,0.0,1.7378008287493764e-05,1.905655349770404,1.9056549697577996,1.905009001144887
N8192_eta01,0.0001,0.0,1.8620871366628657e-05,1.8553392568150384,1.8553392561889546,1.8547400562415552
N8192_eta01,0.0001,0.0,1.995262314968875e-05,1.8071423280329848,1.8071426461073672,1.8065872080185437
N8192_eta01,0.0001,0.0,2.1379620895022326e-05,1.761003509491324,1.761003309125024,1.7604888397763865
N8192_eta01,0.0001,0.0,2.29086765276777e-05,1.7168610381742266,1.7168610547617646,1.7163849618152005
N8192_eta01,0.0001,0.0,2.4547089156850235e-05,1.6746571819894798,1.6746572467477219,1.6742171266489694
N8192_eta01,0.0001,0.0,2.6302679918953814e-05,1.6343347481468284,1.6343347161547304,1.6339283429994476
N8192_eta01,0.0001,0.0,2.8183829312644495e-05,1.5958377537129664,1.5958376737876754,1.5954629890034058
N8192_eta01,0.0001,0.0,3.0199517204020195e-05,1.5591114291905717,1.559111622299304,1.5587667250993205
N8192_eta01,0.0001,0.0,3.235936569296281e-05,1.5241033305718084,1.5241032685293519,1.5237864070968774
N8192_eta01,0.0001,0.0,3.467368504525309e-05,1.4907606027522757,1.4907604366097316,1.4904699999732927
N8192_eta01,0.0001,0.0,3.715352290971728e-05,1.4590320978015496,1.459031982420451,1.4587664929832653
N8192_eta01,0.0001,0.0,3.9810717055349695e-05,1.428867799591621,1.4288677100238292,1.4286258167121075
N8192_eta01,0.0001,0.0,4.265795188015917e-05,1.4002184017856827,1.4002182907453689,1.3999987627421826
N8192_eta01,0.0001,0.0,4.570881896148752e-05,1.3730352775781085,1.3730351856057919,1.3728369066388244
N8192_eta01,0.0001,0.0,4.897788193684457e-05,1.347270513553445,1.3472705718374116,1.3470925349903564
N8192_eta01,0.0001,0.0,5.2480746024977124e-05,1.3228772542121274,1.3228772742362784,1.3227185772550003
N8192_eta01,0.0001,0.0,5.623413251903491e-05,1.299808733327812,1.2998087021063853,1.2996685431721409
N8192_eta01,0.0001,0.0,6.025595860743569e-05,1.2780187991691963,1.2780187925404043,1.2778964664835082
N8192_eta01,0.0001,0.0,6.456542290346563e-05,1.257461901576936,1.2574619607501925,1.2573568556784944
N8192_eta01,0.0001,0.0,6.918309709189364e-05,1.2380930470984426,1.238093058107025,1.2380046524244528
N8192_eta01,0.0001,0.0,7.413102413009161e-05,1.2198673454960283,1.219867338473936,1.2197951982652224
N8192_eta01,0.0001,0.0,7.943282347242822e-05,1.2027404210154207,1.2027404333095641,1.2026842100680792
N8192_eta01,0.0001,0.0,8.51138038202376e-05,1.186668299998892,1.186668335893755,1.1866277645701246
N8192_eta01,0.0001,0.0,9.120108393559079e-05,1.171607412380016,1.1716073948705499,1.1715822922205463
N8192_eta01,0.0001,0.0,9.772372209558111e-05,1.1575143045065126,1.1575143171259363,1.1575045803368365
N8192_eta01,0.0001,0.0,0.00010471285480508985,1.1443462023433129,1.1443461798186867,1.1443517853940488
N8192_eta01,0.0001,0.0,0.00011220184543019607,1.1320604481185763,1.1320604511672951,1.1320814540507294
N8192_eta01,0.0001,0.0,0.00012022644346174132,1.1206150090504872,1.1206150193698454,1.120651552288947
N8192_eta01,0.0001,0.0,0.00012882495516931323,1.1099682265861697,1.10996822880316,1.1100205018151215
N8192_eta01,0.0001,0.0,0.0001380384264602881,1.1000789349672522,1.1000789224201575,1.1001472226407145
N8192_eta01,0.0001,0.0,0.00014791083881682073,1.0909064825543395,1.0909064890476419,1.0909911805447434
N8192_eta01,0.0001,0.0,0.0001584893192461111,1.0824109217678985,1.0824109140885367,1.082512437921346
N8192_eta01,0.0001,0.0,0.0001698243652461746,1.074552825638693,1.074552831960037,1.074671706342414
N8192_eta01,0.0001,0.0,0.00018197008586099826,1.067293571495523,1.0672935784586595,1.0674303990239533
N8192_eta01,0.0001,0.0,0.00019498445997580418,1.0605952351746881,1.0605952411396171,1.0607506812801755
N8192_eta01,0.0001,0.0,0.00020892961308540412,1.0544207046690979,1.054420705734486,1.0545955169845709
N8192_eta01,0.0001,0.0,0.00022387211385683378,1.0487337004916903,1.0487336966089447,1.0489287090334405
N8192_eta01,0.0001,0.0,0.0002398832919019485,1.0434988062676527,1.043498809280375,1.0437149318235364
N8192_eta01,0.0001,0.0,0.0002570395782768865,1.0386815322535004,1.0386815330702046,1.0389197538083472
N8192_eta01,0.0001,0.0,0.00027542287033381635,1.0342482638710304,1.0342482620527118,1.034509648281966
N8192_eta01,0.0001,0.0,0.0002951209226666378,1.0301662940659222,1.030166292573901,1.030451990648444
N8192_eta01,0.0001,0.0,0.000316227766016838,1.0264038049989042,1.0264038057427458,1.026715040559968
N8192_eta01,0.0001,0.0,0.0003388441561392021,1.022929832165763,1.0229298334338686,1.0232679074401976
N8192_eta01,0.0001,0.0,0.0003630780547701003,1.0197142077633998,1.0197142064766878,1.0200804980408211
N8192_eta01,0.0001,0.0,0.0003890451449942805,1.0167274835623334,1.0167274838330136,1.017123444801459
N8192_eta01,0.0001,0.0,0.0004168693834703347,1.0139408604818048,1.013940861675998,1.014368013888463
N8192_eta01,0.0001,0.0,0.0004466835921509635,1.0113260605387915,1.0113260613731863,1.0117859918717893
N8192_eta01,0.0001,0.0,0.00047863009232263805,1.0088551945705153,1.0088551954427507,1.0093495500584173
N8192_eta01,0.0001,0.0,0.0005128613839913639,1.0065006100399938,1.006500610595382,1.0070310855363704
N8192_eta01,0.0001,0.0,0.0005495408738576249,1.0042347076869629,1.0042347069992945,1.004803037999724
N8192_eta01,0.0001,0.0,0.0005888436553555884,1.0020297324140301,1.0020297329211365,1.0026376814309135
N8192_eta01,0.0001,0.0,0.0006309573444801918,0.9998575544761268,0.9998575539152272,1.0005068897263019
N8192_eta01,0.0001,0.0,0.000676082975391982,0.9976893954762279,0.9976893957772444,0.9983818753843754
N8192_eta01,0.0001,0.0,0.0007244359600749892,0.9954955601260679,0.9954955605728792,0.9962329004602934
N8192_eta01,0.0001,0.0,0.0007762471166286897,0.9932451149456871,0.9932451152316663,0.9940289591611284
N8192_eta01,0.0001,0.0,0.000831763771102671,0.9909055522113237,0.9909055525050963,0.9917374317582129
N8192_eta01,0.0001,0.0,0.000891250938133744,0.9884424242341326,0.9884424245808922,0.9893237099827545
N8192_eta01,0.0001,0.0,0.000954992586021437,0.9858189503561182,0.9858189503890833,0.9867507948179345
N8192_eta01,0.0001,0.0,0.0010232929922807535,0.9829955989897993,0.9829955987111498,0.983978868688999
N8192_eta01,0.0001,0.0,0.001096478196143183,0.9799296504502396,0.9799296507067584,0.9809648455824944
N8192_eta01,0.0001,0.0,0.0011748975549395304,0.9765747477455609,0.9765747475140321,0.9776619047128376
N8192_eta01,0.0001,0.0,0.0012589254117941662,0.9728804310532357,0.9728804312826647,0.9740190161295005
N8192_eta01,0.0001,0.0,0.0013489628825916506,0.9687916916110851,0.9687916914966306,0.9699804702618637
N8192_eta01,0.0001,0.0,0.0014454397707459282,0.9642485330133979,0.9642485328663064,0.9654854279726509
N8192_eta01,0.0001,0.0,0.0015488166189124796,0.9591855864477826,0.95918558653378,0.9604675133609085
N8192_eta01,0.0001,0.0,0.0016595869074375565,0.9535317927430735,0.9535317929144292,0.9548544784071193
N8192_eta01,0.0001,0.0,0.001778279410038923,0.9472101920324989,0.9472101921896924,0.9485679765928647
N8192_eta01,0.0001,0.0,0.0019054607179632445,0.940137866998309,0.9401378671398062,0.9415234917298225
N8192_eta01,0.0001,0.0,0.0020417379446695232,0.9322260921921589,0.9322260923356818,0.933630478069155
N8192_eta01,0.0001,0.0,0.002187761623949552,0.9233807529662958,0.9233807530940716,0.924792777712828
N8192_eta01,0.0001,0.0,0.002344228815319918,0.9135031060289335,0.9135031060673926,0.9149093904021334
N8192_eta01,0.0001,0.0,0.002511886431509582,0.902490959551928,0.902490959456169,0.9038756774140682
N8192_eta01,0.0001,0.0,0.0026915348039269144,0.8902403527193965,0.8902403526362688,0.8915850834852345
N8192_eta01,0.0001,0.0,0.0028840315031266,0.8766478098972307,0.8766478099874009,0.8779314557584512
N8192_eta01,0.0001,0.0,0.003090295432513592,0.8616132289406331,0.861613228962743,0.8628120235871743
N8192_eta01,0.0001,0.0,0.003311311214825908,0.8450434349516878,0.8450434348610885,0.8461310743271255
N8192_eta01,0.0001,0.0,0.003548133892335746,0.8268563915149254,0.8268563916067341,0.8278043150331462
N8192_eta01,0.0001,0.0,0.0038018939632056127,0.8069859975469147,0.8069859974808153,0.8077638464808207
N8192_eta01,0.0001,0.0,0.0040738027780411225,0.7853873176466521,0.785387317690024,0.7859635946426653
N8192_eta01,0.0001,0.0,0.004365158322401648,0.7620420157232446,0.7620420156897783,0.7623849496743149
N8192_eta01,0.0001,0.0,0.004677351412871981,0.7369636503183616,0.7369636503545923,0.7370422622051959
N8192_eta01,0.0001,0.0,0.005011872336272715,0.7102024192220974,0.7102024191744432,0.7099877549496475
N8192_eta01,0.0001,0.0,0.005370317963702533,0.6818488654588774,0.6818488655192112,0.6813153424352719
N8192_eta01,0.0001,0.0,0.005754399373371567,0.6520360495975601,0.6520360495347151,0.6511628331958413
N8192_eta01,0.0001,0.0,0.006165950018614809,0.6209397245733488,0.6209397246170352,0.6197120354193054
N8192_eta01,0.0001,0.0,0.006606934480075964,0.5887761753153974,0.58877617531281,0.5871864099233803
N8192_eta01,0.0001,0.0,0.007079457843841374,0.5557975571183059,0.5557975570797555,0.5538461120921949
N8192_eta01,0.0001,0.0,0.007585775750291821,0.5222848179029213,0.522284817947782,0.5199805196495333
N8192_eta01,0.0001,0.0,0.008128305161640995,0.48853854622164583,0.48853854621541265,0.48589862256583455
N8192_eta01,0.0001,0.0,0.008709635899560796,0.45486833585331554,0.4548683358183669,0.45191791067989395
N8192_eta01,0.0001,0.0,0.009332543007969887,0.42158144856308133,0.42158144858824764,0.41835258758980026
N8192_eta01,0.0001,0.0,0.01,0.38897164496770176,0.3889716449871321,0.38550202916557796
N8192_eta01,0.0001,4.0,1.0000000000000002e-14,0.38693855961756535,0.386938643146889,0.38689658655441445
N8192_eta01,0.0001,4.0,1.0715193052376049e-14,0.4005351455437508,0.4005350295643052,0.40049032228736786
N8192_eta01,0.0001,4.0,1.148153621496884e-14,0.4146090746585973,0.4146092103783817,0.4145614822271388
N8192_eta01,0.0001,4.0,1.2302687708123812e-14,0.4291781774342561,0.4291780246102664,0.4291268125377301
N8192_eta01,0.0001,4.0,1.3182567385564046e-14,0.44425807442196885,0.444258218580446,0.4442036444358284
N8192_eta01,0.0001,4.0,1.4125375446227557e-14,0.45986821341482736,0.4598680824771396,0.4598099143751122
N8192_eta01,0.0001,4.0,1.5135612484362073e-14,0.4760262063625859,0.47602630565069814,0.47596418489891573
N8192_eta01,0.0001,4.0,1.6218100973589332e-14,0.4927520965396878,0.49275204414309093,0.49268566618027676
N8192_eta01,0.0001,4.0,1.7378008287493765e-14,0.5100652790181891,0.510065286429032,0.5099942382685576
N8192_eta01,0.0001,4.0,1.8620871366628658e-14,0.5279861299657417,0.5279861857146315,0.5279104740620095
N8192_eta01,0.0001,4.0,1.9952623149688828e-14,0.5465367397018732,0.5465366345319658,0.5464556630256835
N8192_eta01,0.0001,4.0,2.1379620895022327e-14,0.5657384178791869,0.5657385718871085,0.5656518356741513
N8192_eta01,0.0001,4.0,2.29086765276777e-14,0.5856144942232706,0.5856142999737158,0.5855217888384392
N8192_eta01,0.0001,4.0,2.4547089156850338e-14,0.6061878906780293,0.6061880970821522,0.6060891117364295
N8192_eta01,0.0001,4.0,2.6302679918953815e-14,0.6274839974635789,0.6274837816451327,0.6273782128657889
N8192_eta01,0.0001,4.0,2.8183829312644495e-14,0.649527144048463,0.6495273329016567,0.6494143477381465
N8192_eta01,0.0001,4.0,3.019951720402019e-14,0.6723444329177729,0.6723442828605231,0.6722236474727832
N8192_eta01,0.0001,4.0,3.2359365692962816e-14,0.6959620314700486,0.6959621271555994,0.695833148267519
N8192_eta01,0.0001,4.0,3.46736850452531e-14,0.7204087998799736,0.7204087845559748,0.7202708217637833
N8192_eta01,0.0001,4.0,3.715352290971728e-14,0.7457131612950224,0.7457131082281631,0.7455656063218798
N8192_eta01,0.0001,4.0,3.9810717055349693e-14,0.7719049194049246,0.7719050594901131,0.771747439221413
N8192_eta01,0.0001,4.0,4.2657951880159345e-14,0.7990160272662593,0.7990158190530293,0.7988472898005182
N8192_eta01,0.0001,4.0,4.570881896148752e-14,0.8270771844573537,0.827077443708756,0.8268971935459428
N8192_eta01,0.0001,4.0,4.897788193684456e-14,0.8561234444314768,0.8561231416229631,0.8559302871442303
N8192_eta01,0.0001,4.0,5.248074602497734e-14,0.8861867928250816,0.8861870892330653,0.8859808445020834
N8192_eta01,0.0001,4.0,5.623413251903491e-14,0.9173050792000428,0.9173047952552343,0.9170843137415151
N8192_eta01,0.0001,4.0,6.025595860743569e-14,0.9495129583218777,0.9495131853077967,0.9492773551725369
N8192_eta01,0.0001,4.0,6.456542290346563e-14,0.9828502702637967,0.9828501258399797,0.9825978802427968
N8192_eta01,0.0001,4.0,6.918309709189363e-14,1.0173549275002023,1.0173549840104037,1.0170850914598337
N8192_eta01,0.0001,4.0,7.413102413009162e-14,1.053068184773329,1.0530682539480616,1.0527795232773327
N8192_eta01,0.0001,4.0,7.943282347242822e-14,1.0900319951049677,1.0900318255853572,1.0897230839317944
N8192_eta01,0.0001,4.0,8.51138038202376e-14,1.1282891769251884,1.1282894557098224,1.127959098210525
N8192_eta01,0.0001,4.0,9.120108393559116e-14,1.1678861903030968,1.1678858237146281,1.1675323511255955
N8192_eta01,0.0001,4.0,9.772372209558112e-14,1.2088668301618088,1.2088672369935252,1.2084891324611904
N8192_eta01,0.0001,4.0,1.0471285480508985e-13,1.2512823326071016,1.2512818913549228,1.2508772821539194
N8192_eta01,0.0001,4.0,1.1220184543019654e-13,1.295178735335381,1.2951791343875432,1.2947462364565256
N8192_eta01,0.0001,4.0,1.2022644346174131e-13,1.340610647173979,1.3406103069624375,1.340147074825353
N8192_eta01,0.0001,4.0,1.2882495516931323e-13,1.3876279401209588,1.387628176687962,1.3871325674606498
N8192_eta01,0.0001,4.0,1.3803842646028868e-13,1.4362876666828166,1.4362875806579556,1.4357572234159313
N8192_eta01,0.0001,4.0,1.4791083881682072e-13,1.4866449351648998,1.4866448848908584,1.4860773391785673
N8192_eta01,0.0001,4.0,1.584893192461111e-13,1.5387581210466101,1.5387583513416554,1.5381510476078233
N8192_eta01,0.0001,4.0,1.698243652461746e-13,1.5926886419435742,1.5926882707203738,1.5920383670988452
N8192_eta01,0.0001,4.0,1.8197008586099824e-13,1.6484963129183436,1.6484968046164616,1.6478012508214221
N8192_eta01,0.0001,4.0,1.9498445997580416e-13,1.70624857929623,1.7062479864353226,1.705503635860412
N8192_eta01,0.0001,4.0,2.0892961308540411e-13,1.7660075244678428,1.7660081229504185,1.7652114920602378
N8192_eta01,0.0001,4.0,2.2387211385683378e-13,1.8278461002472732,1.8278455033693914,1.8269928703488434
N8192_eta01,0.0001,4.0,2.3988329190194847e-13,1.8918299463140458,1.8918304391451712,1.8909179502864712
N8192_eta01,0.0001,4.0,2.570395782768865e-13,1.9580359906616551,1.958035641107831,1.957059086551197
N8192_eta01,0.0001,4.0,2.7542287033381635e-13,2.0265358586068256,2.0265360341976204,2.0254908540364114
N8192_eta01,0.0001,4.0,2.95120922666639e-13,2.0974086879069693,2.09740875786059,2.096290091194723
N8192_eta01,0.0001,4.0,3.1622776601683797e-13,2.170733427698143,2.1707331542669963,2.169535941217517
N8192_eta01,0.0001,4.0,3.3884415613920205e-13,2.2465907464002206,2.246591252664632,2.2453098905900775
N8192_eta01,0.0001,4.0,3.630780547701018e-13,2.3250679041879514,2.325067211786857,2.3236958045071523
N8192_eta01,0.0001,4.0,3.890451449942805e-13,2.406246929081383,2.4062477246243335,2.404779958573802
N8192_eta01,0.0001,4.0,4.168693834703347e-13,2.4902227960107837,2.4902219085452773,2.4886510661501178
N8192_eta01,0.0001,4.0,4.466835921509635e-13,2.577080667231393,2.57708148560061,2.5754003006256627
N8192_eta01,0.0001,4.0,4.786300923226381e-13,2.666921233614174,2.666920502049634,2.665121311829827
N8192_eta01,0.0001,4.0,5.128613839913659e-13,2.7598351634166978,2.7598356904102546,2.7579102356971403
N8192_eta01,0.0001,4.0,5.495408738576248e-13,2.8559265346209117,2.8559262865670605,2.8538656962110003
N8192_eta01,0.0001,4.0,5.888436553555884e-13,2.955293939527027,2.9552939103622418,2.9530887985455463
N8192_eta01,0.0001,4.0,6.309573444801943e-13,3.0580424159685107,3.0580428054791327,3.0556831122117263
N8192_eta01,0.0001,4.0,6.760829753919819e-13,3.1642803029558086,3.16427962261054,3.161754642890586
N8192_eta01,0.0001,4.0,7.244359600749892e-13,3.2741126406811056,3.2741135800005496,3.2714117915031378
N8192_eta01,0.0001,4.0,7.762471166286928e-13,3.3876572958726743,3.387656135084083,3.3847652989212444
N8192_eta01,0.0001,4.0,8.317637711026709e-13,3.5050199540831346,3.5050211420204813,3.5019281745678725
N8192_eta01,0.0001,4.0,8.912509381337441e-13,3.6263258732214547,3.6263246551805457,3.6230156069868045
N8192_eta01,0.0001,4.0,9.54992586021437e-13,3.7516838619771113,3.751684871323614,3.74814485428106
N8192_eta01,0.0001,4.0,1.0232929922807536e-12,3.881222672579729,3.8812219125579257,3.8774351121262214
N8192_eta01,0.0001,4.0,1.0964781961431851e-12,4.015057508546248,4.01505792428374,4.011007356858711
N8192_eta01,0.0001,4.0,1.1748975549395302e-12,4.153316395988645,4.153316483062774,4.148984160920338
N8192_eta01,0.0001,4.0,1.258925411794166e-12,4.2961232166704715,4.296122739445183,4.291489477709467
N8192_eta01,0.0001,4.0,1.3489628825916534e-12,4.443602062696467,4.443603034400516,4.438648392646476
N8192_eta01,0.0001,4.0,1.445439770745928e-12,4.595885955744466,4.595884624310095,4.59058683700761
N8192_eta01,0.0001,4.0,1.5488166189124795e-12,4.753093743058111,4.753095310007115,4.747431260818893
N8192_eta01,0.0001,4.0,1.6595869074375598e-12,4.915364954456424,4.915363202701352,4.90930826083189
N8192_eta01,0.0001,4.0,1.7782794100389228e-12,5.082814480625162,5.0828161022990255,5.076344159328664
N8192_eta01,0.0001,4.0,1.9054607179632443e-12,5.2555826974750355,5.2555812445055,5.248664529228067
N8192_eta01,0.0001,4.0,2.041737944669532e-12,5.433783509514988,5.433784563251213,5.426393660693288
N8192_eta01,0.0001,4.0,2.1877616239495518e-12,5.6175508041425415,5.617550307861004,5.609653964177114
N8192_eta01,0.0001,4.0,2.344228815319923e-12,5.807000239762701,5.807000183084119,5.798565304593714
N8192_eta01,0.0001,4.0,2.5118864315095823e-12,6.002251937800795,6.002252725283192,5.9932442610807515
N8192_eta01,0.0001,4.0,2.6915348039269142e-12,6.20342373287777,6.203422393737465,6.193803306624749
N8192_eta01,0.0001,4.0,2.884031503126606e-12,6.410616936426866,6.410618813568286,6.40034990167548
N8192_eta01,0.0001,4.0,3.090295432513592e-12,6.623947848683265,6.623945579001552,6.612985495786732
N8192_eta01,0.0001,4.0,3.311311214825908e-12,6.843496970190957,6.843499300451632,6.831804431305838
N8192_eta01,0.0001,4.0,3.548133892335753e-12,7.069370664449361,7.0693683327682235,7.056892743211501
N8192_eta01,0.0001,4.0,3.8018939632056125e-12,7.301629564054165,7.301631480917706,7.288326849389023
N8192_eta01,0.0001,4.0,4.073802778041122e-12,7.540357957333677,7.540356586516742,7.5261721259579515
N8192_eta01,0.0001,4.0,4.365158322401657e-12,7.785598253562814,7.785598909340802,7.770481362755031
N8192_eta01,0.0001,4.0,4.677351412871982e-12,8.037399181100527,8.037399498263838,8.021293094754297
N8192_eta01,0.0001,4.0,5.011872336272715e-12,8.295784471684915,8.295783368138117,8.278629806108762
N8192_eta01,0.0001,4.0,5.370317963702533e-12,8.560755536466703,8.560757570156607,8.5424960046568
N8192_eta01,0.0001,4.0,5.754399373371567e-12,8.832311761685363,8.832309079187574,8.81287616618853
N8192_eta01,0.0001,4.0,6.165950018614822e-12,9.11039953983244,9.110402611344638,9.0897325495508
N8192_eta01,0.0001,4.0,6.6069344800759645e-12,9.39498162433792,9.394978311047485,9.373002885819666
N8192_eta01,0.0001,4.0,7.079457843841373e-12,9.685946238836245,9.685949207401217,9.662597947326585
N8192_eta01,0.0001,4.0,7.585775750291836e-12,9.983201254305715,9.983198734729356,9.958399005320421
N8192_eta01,0.0001,4.0,8.128305161640996e-12,10.286576379948213,10.286578007473803,10.260255188513854
N8192_eta01,0.0001,4.0,8.709635899560797e-12,10.595903499066456,10.595903019172855,10.56798075872181
N8192_eta01,0.0001,4.0,9.332543007969906e-12,10.910952476692446,10.910951871370553,10.88135232426411
N8192_eta01,0.0001,4.0,1e-11,11.231459894266198,11.23146187297268,11.200106016773873
N8192_eta01,0.0001,4.0,1.0715193052376049e-11,11.557129562815076,11.55712662799801,11.523934662509136
N8192_eta01,0.0001,4.0,1.1481536214968842e-11,11.887589448766072,11.887593237619313,11.852484985166631
N8192_eta01,0.0001,4.0,1.2302687708123813e-11,12.222463777452292,12.222459470367816,12.185354883476691
N8192_eta01,0.0001,4.0,1.3182567385564075e-11,12.56126694864495,12.561271100982419,12.52209083341841
N8192_eta01,0.0001,4.0,1.4125375446227556e-11,12.903523312933867,12.903519448564328,12.86218547159752
N8192_eta01,0.0001,4.0,1.5135612484362072e-11,13.2486363115797,13.248639119665848,13.205075423002254
N8192_eta01,0.0001,4.0,1.6218100973589298e-11,13.596007653660372,13.596006097383398,13.550139442772371
N8192_eta01,0.0001,4.0,1.7378008287493765e-11,13.944936065117497,13.94493617160585,13.896696947519413
N8192_eta01,0.0001,4.0,1.8620871366628657e-11,14.294682219505093,14.294683913479304,14.24400701680959
N8192_eta01,0.0001,4.0,1.995262314968879e-11,14.644445167370943,14.644442152555715,14.59126794931072
N8192_eta01,0.0001,4.0,2.1379620895022327e-11,14.9933377011398,14.9933421153327,14.937617460419279
N8192_eta01,0.0001,4.0,2.2908676527677702e-11,15.340459529757883,15.3404543276947,15.282133608507696
N8192_eta01,0.0001,4.0,2.4547089156850283e-11,15.684784950908657,15.684790309895453,15.62383653483517
N8192_eta01,0.0001,4.0,2.6302679918953818e-11,16.025310421797204,16.02530519815508,15.961691097229036
N8192_eta01,0.0001,4.0,2.8183829312644493e-11,16.360897281132505,16.36090133579313,16.294610469482162
N8192_eta01,0.0001,4.0,3.019951720402019e-11,16.690435676678113,16.690432928468258,16.621460766700025
N8192_eta01,0.0001,4.0,3.235936569296281e-11,17.012710878101178,17.012711778055177,16.941066741343242
N8192_eta01,0.0001,4.0,3.467368504525317e-11,17.326512885991868,17.32651412499172,17.252218575348465
N8192_eta01,0.0001,4.0,3.715352290971728e-11,17.630591611136644,17.63058865835297,17.55367977054131
N8192_eta01,0.0001,4.0,3.9810717055349695e-11,17.92366070202324,17.923665562777504,17.844196112845175
N8192_eta01,0.0001,4.0,4.2657951880159254e-11,18.20447253900566,18.204466665138348,18.1225056560243
N8192_eta01,0.0001,4.0,4.570881896148752e-11,18.47171012836133,18.471716517522527,18.38734963860596
N8192_eta01,0.0001,4.0,4.897788193684457e-11,18.724160652687168,18.724154317077293,18.637484214167564
N8192_eta01,0.0001,4.0,5.2480746024977236e-11,18.96054138566359,18.960546513176386,18.871692841538778
N8192_eta01,0.0001,4.0,5.6234132519034906e-11,19.179703703578156,19.17969990686614,19.0887991490367
N8192_eta01,0.0001,4.0,6.025595860743569e-11,19.380473418752015,19.38047501672472,19.287680057137933
N8192_eta01,0.0001,4.0,6.456542290346562e-11,19.56179876989099,19.561799486016746,19.467278918572998
N8192_eta01,0.0001,4.0,6.918309709189364e-11,19.72268400808609,19.72268123010814,19.626618415258033
N8192_eta01,0.0001,4.0,7.413102413009162e-11,19.862216069091478,19.8622210754384,19.764812939177517
N8192_eta01,0.0001,4.0,7.943282347242822e-11,19.979630750864878,19.979624593740542,19.88108018048881
N8192_eta01,0.0001,4.0,8.511380382023759e-11,20.074205875688193,20.074212848410543,19.974751651591372
N8192_eta01,0.0001,4.0,9.120108393559097e-11,20.14543870966808,20.145431799935324,20.045281891119853
N8192_eta01,0.0001,4.0,9.772372209558111e-11,20.192854350830807,20.19286012634445,20.092256116731487
N8192_eta01,0.0001,4.0,1.0471285480508986e-10,20.216219709540574,20.21621525744981,20.11539612959026
N8192_eta01,0.0001,4.0,1.1220184543019632e-10,20.21535537464875,20.21535746437194,20.11456431551749
N8192_eta01,0.0001,4.0,1.2022644346174132e-10,20.190291716206204,20.190291894484464,20.089765636320394
N8192_eta01,0.0001,4.0,1.2882495516931322e-10,20.14117092976555,20.141168496156737,20.041147557876023
N8192_eta01,0.0001,4.0,1.3803842646028838e-10,20.068275137870128,20.068279835688813,19.96899791690461
N8192_eta01,0.0001,4.0,1.479108388168207e-10,19.972062761617735,19.97205686663815,19.87374078364068
N8192_eta01,0.0001,4.0,1.5848931924611142e-10,19.85305587200875,19.85306276172834,19.75593043043086
N8192_eta01,0.0001,4.0,1.6982436524617427e-10,19.711991763610065,19.71198497334157,19.616243564439277
N8192_eta01,0.0001,4.0,1.8197008586099827e-10,19.54961984964142,19.549625726036446,19.45547002419588
N8192_eta01,0.0001,4.0,1.9498445997580455e-10,19.3668958216513,19.366891182508063,19.27450217315095
N8192_eta01,0.0001,4.0,2.0892961308540407e-10,19.16477714176046,19.164779543648926,19.074323247649733
N8192_eta01,0.0001,4.0,2.2387211385683377e-10,18.944368761339334,18.94436836707616,18.855994931276896
N8192_eta01,0.0001,4.0,2.3988329190194897e-10,18.70680322327141,18.70680138413902,18.62064443232618
N8192_eta01,0.0001,4.0,2.570395782768865e-10,18.45327121612967,18.45327509672338,18.369451336688748
N8192_eta01,0.0001,4.0,2.7542287033381637e-10,18.185030494661905,18.185025416364923,18.10363449560599
N8192_eta01,0.0001,4.0,2.951209226666384e-10,17.90330845909376,17.903314595478793,17.82443918770795
N8192_eta01,0.0001,4.0,3.1622776601683795e-10,17.60942473239218,17.609418663683677,17.53312476899097
N8192_eta01,0.0001,4.0,3.3884415613920275e-10,17.30461005216415,17.304615557511333,17.23095299443464
N8192_eta01,0.0001,4.0,3.6307805477010104e-10,16.99017855805129,16.990174100953983,16.91917716239443
N8192_eta01,0.0001,4.0,3.890451449942805e-10,16.66734133557749,16.66734395052145,16.599032199240575
N8192_eta01,0.0001,4.0,4.168693834703355e-10,16.337347579446554,16.337346589938278,16.27172576831386
N8192_eta01,0.0001,4.0,4.4668359215096254e-10,16.001368458882506,16.001367431530984,15.938430455307735
N8192_eta01,0.0001,4.0,4.78630092322638e-10,15.660546328192801,15.66054903776573,15.600277052613269
N8192_eta01,0.0001,4.0,5.128613839913648e-10,15.315989362091456,15.315985463133426,15.258348938685911
N8192_eta01,0.0001,4.0,5.495408738576249e-10,14.968712754345937,14.968717686907071,14.9136775255816
N8192_eta01,0.0001,4.0,5.888436553555885e-10,14.619735082510479,14.619730085051579,14.56723872871677
N8192_eta01,0.0001,4.0,6.30957344480193e-10,14.269943059697994,14.26994788093899,14.21995039768483
N8192_eta01,0.0001,4.0,6.760829753919819e-10,13.92023953546732,13.920235498958164,13.872670635506061
N8192_eta01,0.0001,4.0,7.244359600749892e-10,13.57139300166235,13.571395735794546,13.526196925760853
N8192_eta01,0.0001,4.0,7.762471166286911e-10,13.224171168756275,13.224169665425737,13.181265982330299
N8192_eta01,0.0001,4.0,8.31763771102671e-10,12.879237347702865,12.879237185038146,12.838554234553733
N8192_eta01,0.0001,4.0,8.91250938133746e-10,12.537216646579527,12.537218113997852,12.498678861087916
N8192_eta01,0.0001,4.0,9.54992586021435e-10,12.198676384386307,12.198673761124772,12.162199288190607
N8192_eta01,0.0001,4.0,1.0232929922807536e-09,11.86410531304493,11.864108875811015,11.829619072135436
N8192_eta01,0.0001,4.0,1.0964781961431852e-09,11.533977725473877,11.533973909527322,11.501388090606937
N8192_eta01,0.0001,4.0,1.1748975549395278e-09,11.208663558936312,11.20866751438933,11.177904973872725
N8192_eta01,0.0001,4.0,1.2589254117941663e-09,10.888542678719624,10.888539216679538,10.859519712975763
N8192_eta01,0.0001,4.0,1.3489628825916533e-09,10.573889508171135,10.573892208822588,10.546536388870784
N8192_eta01,0.0001,4.0,1.445439770745928e-09,10.264988027343122,10.264986209153422,10.23921597312768
N8192_eta01,0.0001,4.0,1.5488166189124799e-09,9.962039773144074,9.962040345990125,9.93777915736934
N8192_eta01,0.0001,4.0,1.6595869074375598e-09,9.665235630016136,9.665236030514818,9.642409174867831
N8192_eta01,0.0001,4.0,1.778279410038923e-09,9.37472124515141,9.374719786195877,9.353254583595454
N8192_eta01,0.0001,4.0,1.9054607179632444e-09,9.090603754036843,9.090606010623485,9.070431985450075
N8192_eta01,0.0001,4.0,2.0417379446695276e-09,8.812982329977157,8.812979648655293,8.794028661308893
N8192_eta01,0.0001,4.0,2.187761623949552e-09,8.54189575309761,8.541898761473641,8.524105105994412
N8192_eta01,0.0001,4.0,2.344228815319923e-09,8.27739977490386,8.277396979931119,8.260697451160153
N8192_eta01,0.0001,4.0,2.511886431509577e-09,8.019483358546097,8.019485833246854,8.003819767536996
N8192_eta01,0.0001,4.0,2.6915348039269142e-09,7.768158834225752,7.768156948354266,7.753466240945408
N8192_eta01,0.0001,4.0,2.884031503126606e-09,7.52338305037585,7.523384116653284,7.50961321900655
N8192_eta01,0.0001,4.0,3.0902954325135923e-09,7.285125588911482,7.285125227602254,7.272221127608992
N8192_eta01,0.0001,4.0,3.3113112148259078e-09,7.05332459178433,7.0533240702565365,7.041236257946877
N8192_eta01,0.0001,4.0,3.5481338923357537e-09,6.827910845630026,6.827912005307163,6.816592426375701
N8192_eta01,0.0001,4.0,3.8018939632056126e-09,6.608811194071635,6.608809511040792,6.598212510472234
N8192_eta01,0.0001,4.0,4.073802778041122e-09,6.395925533676946,6.3959276079410285,6.386009865570351
N8192_eta01,0.0001,4.0,4.365158322401657e-09,6.1891712646928845,6.189169167037667,6.179889626709732
N8192_eta01,0.0001,4.0,4.6773514128719815e-09,5.988428031842821,5.988430107451686,5.979749901410073
N8192_eta01,0.0001,4.0,5.0118723362727255e-09,5.7936022242907415,5.793600489321817,5.785482858998815
N8192_eta01,0.0001,4.0,5.370317963702522e-09,5.604564220373631,5.604565508014274,5.596975722401752
N8192_eta01,0.0001,4.0,5.754399373371567e-09,5.421207192780405,5.421206395701646,5.41411166837576
N8192_eta01,0.0001,4.0,6.165950018614823e-09,5.243401090866521,5.2434012366868,5.236770642142429
N8192_eta01,0.0001,4.0,6.606934480075952e-09,5.071025361132451,5.071025702067409,5.064830092288249
N8192_eta01,0.0001,4.0,7.0794578438413736e-09,4.903954577592971,4.903953709974705,4.898165631646588
N8192_eta01,0.0001,4.0,7.585775750291836e-09,4.742056777746637,4.7420580166897075,4.736651629682921
N8192_eta01,0.0001,4.0,8.128305161640994e-09,4.585212174558898,4.585210744201848,4.580161741677978
N8192_eta01,0.0001,4.0,8.709635899560797e-09,4.433282280390674,4.433283849281384,4.428569379754563
N8192_eta01,0.0001,4.0,9.332543007969905e-09,4.286150974430188,4.286149538908562,4.281748130529313
N8192_eta01,0.0001,4.0,1e-08,4.143679368462604,4.143680636620029,4.139572123898412
N8192_eta01,0.0001,4.0,1.0715193052376048e-08,4.005751858944521,4.005750904107839,4.001916357190615
N8192_eta01,0.0001,4.0,1.1481536214968818e-08,3.8722347744331036,3.8722353220123935,3.8686569786469294
N8192_eta01,0.0001,4.0,1.2302687708123811e-08,3.743010526529708,3.7430103336872023,3.739671533916974
N8192_eta01,0.0001,4.0,1.3182567385564074e-08,3.617954307881796,3.617954055351947,3.6148391789997736
N8192_eta01,0.0001,4.0,1.4125375446227526e-08,3.4969458927362473,3.4969464558740575,3.494040862804307
N8192_eta01,0.0001,4.0,1.5135612484362072e-08,3.379870348657988,3.379869509123146,3.3771594822629747
N8192_eta01,0.0001,4.0,1.62181009735893e-08,3.2666062867922374,3.266607321603372,3.2640800127011387
N8192_eta01,0.0001,4.0,1.7378008287493763e-08,3.1570473003196575,3.157046237882568,3.1546896159479054
N8192_eta01,0.0001,4.0,1.8620871366628656e-08,3.051073854531427,3.0510749261110623,3.0488777284682906
N8192_eta01,0.0001,4.0,1.995262314968879e-08,2.948585356144328,2.9485844457149075,2.946536131604433
N8192_eta01,0.0001,4.0,2.1379620895022325e-08,2.84946758237072,2.8494682991873255,2.847559005833811
N8192_eta01,0.0001,4.0,2.2908676527677703e-08,2.753622946391899,2.75362246972744,2.7518429707849106
N8192_eta01,0.0001,4.0,2.4547089156850285e-08,2.6609452808816365,2.660945446307936,2.6592871125953876
N8192_eta01,0.0001,4.0,2.6302679918953814e-08,2.571338164388852,2.5713382376157856,2.5697930000539166
N8192_eta01,0.0001,4.0,2.818382931264455e-08,2.484704728803014,2.484704376181635,2.483264690833772
N8192_eta01,0.0001,4.0,3.0199517204020135e-08,2.4009493719074877,2.400949913882568,2.3996087290038655
N8192_eta01,0.0001,4.0,3.2359365692962815e-08,2.319984084019875,2.319983409880153,2.3187341348901604
N8192_eta01,0.0001,4.0,3.467368504525317e-08,2.2417151430791775,2.241715911979448,2.2405523882570124
N8192_eta01,0.0001,4.0,3.7153522909717206e-08,2.1660616692675405,2.166060932268715,2.164977405683168
N8192_eta01,0.0001,4.0,3.9810717055349696e-08,2.09293371897755,2.092934417828839,2.0919255129204837
N8192_eta01,0.0001,4.0,4.265795188015926e-08,2.0222552805701928,2.022254717224565,2.0213154129442694
N8192_eta01,0.0001,4.0,4.5708818961487524e-08,1.953942142834018,1.9539425434052082,1.9530681503318668
N8192_eta01,0.0001,4.0,4.897788193684457e-08,1.8879211669251612,1.8879209335819158,1.8871070725403747
N8192_eta01,0.0001,4.0,5.248074602497723e-08,1.8241151886676032,1.8241152065980368,1.823357788594546
N8192_eta01,0.0001,4.0,5.623413251903491e-08,1.7624527819482625,1.7624529182353674,1.7617481256415821
N8192_eta01,0.0001,4.0,6.025595860743569e-08,1.702864122169442,1.7028638148687845,1.7022080837801497
N8192_eta01,0.0001,4.0,6.456542290346549e-08,1.6452793636668372,1.6452797858244252,1.644669789526307
N8192_eta01,0.0001,4.0,6.918309709189362e-08,1.589635302847404,1.5896348147621673,1.5890674482385616
N8192_eta01,0.0001,4.0,7.413102413009178e-08,1.535864393147801,1.535864930362899,1.5353372957876064
N8192_eta01,0.0001,4.0,7.943282347242806e-08,1.4839086577454041,1.4839081565737375,1.4834175497232942
N8192_eta01,0.0001,4.0,8.511380382023759e-08,1.433703997425434,1.433704462626494,1.433248360161534
N8192_eta01,0.0001,4.0,9.120108393559096e-08,1.3851960840754372,1.3851957130261208,1.3847717605869092
N8192_eta01,0.0001,4.0,9.772372209558092e-08,1.3383253571932516,1.3383256176748906,1.3379316187425885
N8192_eta01,0.0001,4.0,1.0471285480508985e-07,1.2930398346279093,1.2930396822816328,1.2926735877573046
N8192_eta01,0.0001,4.0,1.122018454301963e-07,1.2492851462485424,1.249285159182153,1.2489450576396468
N8192_eta01,0.0001,4.0,1.202264434617413e-07,1.2070109144387597,1.2070109986813646,1.2066951072522667
N8192_eta01,0.0001,4.0,1.2882495516931324e-07,1.166167996878858,1.166167801012615,1.165874456862921
N8192_eta01,0.0001,4.0,1.380384264602884e-07,1.1267074995711543,1.1267077689923777,1.1264354213551313
N8192_eta01,0.0001,4.0,1.4791083881682074e-07,1.0885849800004017,1.0885846614418606,1.0883318641686488
N8192_eta01,0.0001,4.0,1.584893192461111e-07,1.0517533907611347,1.0517537474280971,1.0515191520286487
N8192_eta01,0.0001,4.0,1.6982436524617427e-07,1.0161721053686423,1.0161717613753556,1.015954110512525
N8192_eta01,0.0001,4.0,1.8197008586099827e-07,0.9817965222372543,0.9817968590822214,0.9815949804942614
N8192_eta01,0.0001,4.0,1.9498445997580458e-07,0.9485888611492043,0.9485885746763303,0.9484013754983511
N8192_eta01,0.0001,4.0,2.0892961308540366e-07,0.9165075425124221,0.9165077785286662,0.9163342399882415
N8192_eta01,0.0001,4.0,2.2387211385683377e-07,0.8855168104503574,0.8855166361456812,0.885355808608001
N8192_eta01,0.0001,4.0,2.39883291901949e-07,0.8555784697279112,0.8555785680501746,0.8554295663904292
N8192_eta01,0.0001,4.0,2.570395782768865e-07,0.8266582519317802,0.8266582106583332,0.8265202099399261
N8192_eta01,0.0001,4.0,2.7542287033381637e-07,0.798721412462553,0.7987213781554616,0.798593609594201
N8192_eta01,0.0001,4.0,2.9512092266663846e-07,0.7717349445719559,0.7717350253692957,0.7716167725651344
N8192_eta01,0.0001,4.0,3.1622776601683797e-07,0.7456673464385895,0.7456672116372122,0.7455578070558504
N8192_eta01,0.0001,4.0,3.3884415613920205e-07,0.7204868965939528,0.7204870656601171,0.7203858873481838
N8192_eta01,0.0001,4.0,3.6307805477010105e-07,0.6961649445295577,0.6961647513337488,0.6960712198522779
N8192_eta01,0.0001,4.0,3.890451449942805e-07,0.6726712204990315,0.6726714345459395,0.67258501010792
N8192_eta01,0.0001,4.0,4.1686938347033557e-07,0.6499794632342497,0.6499792509269651,0.6498994307253758
N8192_eta01,0.0001,4.0,4.4668359215096253e-07,0.6280610553478263,0.6280612745380851,0.6279875902519437
N8192_eta01,0.0001,4.0,4.786300923226381e-07,0.6068916893152616,0.6068914874823342,0.606823502949135
N8192_eta01,0.0001,4.0,5.128613839913648e-07,0.586444554140373,0.5864447504208867,0.5863820594642808
N8192_eta01,0.0001,4.0,5.495408738576237e-07,0.5666969476016075,0.5666967739768968,0.5666389983794474
N8192_eta01,0.0001,4.0,5.888436553555884e-07,0.5476239315115916,0.547624091008435,0.5475708786198189
N8192_eta01,0.0001,4.0,6.309573444801931e-07,0.5292041684050642,0.5292040297313556,0.5291550527031004
N8192_eta01,0.0001,4.0,6.760829753919819e-07,0.5114145667673362,0.5114146876727728,0.5113696408110299
N8192_eta01,0.0001,4.0,7.244359600749892e-07,0.49423501192839564,0.49423490643514545,0.49419350566375686
N8192_eta01,0.0001,4.0,7.762471166286911e-07,0.47764415874906574,0.47764424725106425,0.47760622817757936
N8192_eta01,0.0001,4.0,8.31763771102671e-07,0.4616230468941687,0.4616229673086725,0.46158808388640105
N8192_eta01,0.0001,4.0,8.912509381337442e-07,0.446151930470735,0.4461519968273728,0.4461200201071644
N8192_eta01,0.0001,4.0,9.54992586021435e-07,0.43121298057989765,0.4312129168637846,0.4311836338295183
N8192_eta01,0.0001,4.0,1.0232929922807537e-06,0.416787882062452,0.41678793782784296,0.4167611503100268
N8192_eta01,0.0001,4.0,1.0964781961431828e-06,0.40285993728236824,0.4028598786890076,0.4028354023513011
N8192_eta01,0.0001,4.0,1.1748975549395304e-06,0.38941209044997765,0.38941214685281456,0.3893898102465845
N8192_eta01,0.0001,4.0,1.2589254117941661e-06,0.37642878209637326,0.37642871868812794,0.37640836237049086
N8192_eta01,0.0001,4.0,1.3489628825916506e-06,0.36389405392579055,0.36389412068566895,0.3638755963967689
N8192_eta01,0.0001,4.0,1.445439770745928e-06,0.35179348691099116,0.3517934112286676,0.3517765811242179
N8192_eta01,0.0001,4.0,1.5488166189124796e-06,0.3401120796442935,0.3401121629567141,0.3400968988920871
N8192_eta01,0.0001,4.0,1.6595869074375565e-06,0.3288365357945702,0.3288364457041337,0.32882262856654443
N8192_eta01,0.0001,4.0,1.7782794100389231e-06,0.31795271187809093,0.31795280999452014,0.31794032908007286
N8192_eta01,0.0001,4.0,1.9054607179632443e-06,0.30744836773699447,0.3074482710733395,0.3074370235058924
N8192_eta01,0.0001,4.0,2.0417379446695316e-06,0.297310197296841,0.29731029346072513,0.29730018364977806
N8192_eta01,0.0001,4.0,2.187761623949552e-06,0.2875268565123465,0.2875267760069574,0.2875177151419177
N8192_eta01,0.0001,4.0,2.344228815319918e-06,0.2780859782253162,0.2780860374333258,0.27807794301168176
N8192_eta01,0.0001,4.0,2.5118864315095823e-06,0.2689768308169742,0.2689768023413488,0.26896959772846574
N8192_eta01,0.0001,4.0,2.6915348039269138e-06,0.26018819990859837,0.2601881876735984,0.2601818016919826
N8192_eta01,0.0001,4.0,2.8840315031266e-06,0.2517096432161773,0.2517096896095977,0.2517040561556231
N8192_eta01,0.0001,4.0,3.0902954325135923e-06,0.24353124022808187,0.24353117088050918,0.243526228566737
N8192_eta01,0.0001,4.0,3.311311214825908e-06,0.23564277799605093,0.23564284848655587,0.23563854030788742
N8192_eta01,0.0001,4.0,3.548133892335746e-06,0.22803532093849058,0.22803528180128677,0.22803155482332615
N8192_eta01,0.0001,4.0,3.801893963205613e-06,0.22069937351225283,0.2206993610470538,0.2206961661151428
N8192_eta01,0.0001,4.0,4.073802778041122e-06,0.2136262419394165,0.2136262961261934,0.21362358759369485
N8192_eta01,0.0001,4.0,4.365158322401666e-06,0.20680766146363017,0.20680760579260155,0.20680534126709227
N8192_eta01,0.0001,4.0,4.677351412871981e-06,0.20023509693707459,0.20023510714854703,0.20023324725467617
N8192_eta01,0.0001,4.0,5.011872336272715e-06,0.19390086160972264,0.1939009054517009,0.19389941360954513
N8192_eta01,0.0001,4.0,5.370317963702533e-06,0.18779742915639613,0.18779738421753,0.18779622643534954
N8192_eta01,0.0001,4.0,5.754399373371567e-06,0.1819172099478947,0.18191719560230601,0.18191634028268755
N8192_eta01,0.0001,4.0,6.16595001861481e-06,0.17625320235864628,0.17625325105214718,0.17625266881057142
N8192_eta01,0.0001,4.0,6.606934480075964e-06,0.17079870924473878,0.17079871220364543,0.1707983756985865
N8192_eta01,0.0001,4.0,7.079457843841373e-06,0.1655470244111676,0.16554698202178508,0.1655468657955056
N8192_eta01,0.0001,4.0,7.585775750291821e-06,0.1604917128862021,0.16049169616104,0.16049177649029367
N8192_eta01,0.0001,4.0,8.128305161640995e-06,0.15562668608909186,0.15562671453574176,0.15562696929164846
N8192_eta01,0.0001,4.0,8.709635899560797e-06,0.15094607654451775,0.15094611308604847,0.150946521602453
N8192_eta01,0.0001,4.0,9.332543007969886e-06,0.14644416174608071,0.14644417572613672,0.14644471867580164
N8192_eta01,0.0001,4.0,1e-05,0.1421153963924104,0.14211538646159885,0.14211604573962405
N8192_eta01,0.0001,4.0,1.071519305237605e-05,0.1379544445632596,0.13795442166345054,0.13795518027734777
N8192_eta01,0.0001,4.0,1.1481536214968841e-05,0.13395616933278062,0.13395614248667784,0.13395698445256396
N8192_eta01,0.0001,4.0,1.230268770812381e-05,0.13011561387240012,0.13011558742189727,0.13011649766629918
N8192_eta01,0.0001,4.0,1.3182567385564049e-05,0.12642798877291037,0.12642796496944897,0.12642892923624247
N8192_eta01,0.0001,4.0,1.4125375446227553e-05,0.12288866388883561,0.12288864642616884,0.12288965118820482
N8192_eta01,0.0001,4.0,1.5135612484362071e-05,0.11949316299132201,0.11949315877616193,0.11949419115115094
N8192_eta01,0.0001,4.0,1.6218100973589265e-05,0.11623716355466414,0.11623717767816652,0.11623822534842201
N8192_eta01,0.0001,4.0,1.7378008287493764e-05,0.11311650062782,0.1131165205435909,0.11311757167924733
N8192_eta01,0.0001,4.0,1.8620871366628657e-05,0.11012714330838605,0.11012713970100588,0.11012818288634924
N8192_eta01,0.0001,4.0,1.995262314968875e-05,0.10726513201344659,0.1072651156448367,0.10726613980740048
N8192_eta01,0.0001,4.0,2.1379620895022326e-05,0.10452663703755108,0.10452665036821547,0.10452764471030951
N8192_eta01,0.0001,4.0,2.29086765276777e-05,0.10190806498922156,0.10190806078243178,0.1019090147147849
N8192_eta01,0.0001,4.0,2.4547089156850235e-05,0.09940577260924138,0.0994057722281669,0.09940667530537334
N8192_eta01,0.0001,4.0,2.6302679918953814e-05,0.09701631340913414,0.09701631208670566,0.09701715394417473
N8192_eta01,0.0001,4.0,2.8183829312644495e-05,0.09473629650330911,0.09473630350256224,0.09473707379467652
N8192_eta01,0.0001,4.0,3.0199517204020195e-05,0.09256247017206276,0.09256245923241015,0.09256314757159989
N8192_eta01,0.0001,4.0,3.235936569296281e-05,0.0904915747721255,0.09049157563882612,0.09049217153526973
N8192_eta01,0.0001,4.0,3.467368504525309e-05,0.08852051795373607,0.0885205268510695,0.0885210196527278
N8192_eta01,0.0001,4.0,3.715352290971728e-05,0.08664625145558777,0.08664625911885909,0.08664663795154598
N8192_eta01,0.0001,4.0,3.9810717055349695e-05,0.08486577897476791,0.0848657853887646,0.08486603909594949
N8192_eta01,0.0001,4.0,4.265795188015917e-05,0.08317617334126337,0.08317618013628864,0.08317629721831502
N8192_eta01,0.0001,4.0,4.570881896148752e-05,0.081574570553698,0.08157457448984923,0.08157454304223898
N8192_eta01,0.0001,4.0,4.897788193684457e-05,0.08005815615827848,0.08005815168551272,0.0800579593360097
N8192_eta01,0.0001,4.0,5.2480746024977124e-05,0.0786241424800326,0.07862414289333108,0.07862377673731441
N8192_eta01,0.0001,4.0,5.623413251903491e-05,0.07726982305707066,0.07726982345732286,0.07726926999119914
N8192_eta01,0.0001,4.0,6.025595860743569e-05,0.07599250797802325,0.07599250959134138,0.07599175464349468
N8192_eta01,0.0001,4.0,6.456542290346563e-05,0.07478955901170894,0.07478955557213125,0.07478858423098259
N8192_eta01,0.0001,4.0,6.918309709189364e-05,0.07365835306136836,0.07365835146865769,0.07365714800735132
N8192_eta01,0.0001,4.0,7.413102413009161e-05,0.07259632196825963,0.07259632144317316,0.07259486924037292
N8192_eta01,0.0001,4.0,7.943282347242822e-05,0.07160092409330145,0.07160092265441409,0.07159920411065711
N8192_eta01,0.0001,4.0,8.51138038202376e-05,0.07066964671163609,0.07066964478676638,0.07066764123578376
N8192_eta01,0.0001,4.0,9.120108393559079e-05,0.06980000874682324,0.0698000102212588,0.0697977018356348
N8192_eta01,0.0001,4.0,9.772372209558111e-05,0.06898957603313235,0.0689895748549549,0.06898694054545905
N8192_eta01,0.0001,4.0,0.00010471285480508985,0.06823592820144614,0.06823592956491113,0.06823294687279893
N8192_eta01,0.0001,4.0,0.00011220184543019607,0.06753670204305984,0.06753670230162279,0.06753334728316399
N8192_eta01,0.0001,4.0,0.00012022644346174132,0.06688956104369259,0.06688956078513715,0.06688580788759393
N8192_eta01,0.0001,4.0,0.00012882495516931323,0.0662922155649616,0.06629221576517466,0.0662880376934155
N8192_eta01,0.0001,4.0,0.0001380384264602881,0.06574242404043784,0.06574242479512239,0.06573779236801956
N8192_eta01,0.0001,4.0,0.00014791083881682073,0.06523799701021216,0.06523799645912477,0.06523287845484659
N8192_eta01,0.0001,4.0,0.0001584893192461111,0.06477679443829842,0.06477679498217788,0.06477115797144439
N8192_eta01,0.0001,4.0,0.0001698243652461746,0.06435674537714273,0.06435674514559228,0.06435055331191797
N8192_eta01,0.0001,4.0,0.00018197008586099826,0.06397583782377594,0.06397583742483172,0.0639690523707267
N8192_eta01,0.0001,4.0,0.00019498445997580418,0.0636321335766049,0.06363213326388674,0.063624713801927
N8192_eta01,0.0001,4.0,0.00020892961308540412,0.06332377034716323,0.0633237704002349,0.06331567232783968
N8192_eta01,0.0001,4.0,0.00022387211385683378,0.06304896798949775,0.0630489681571838,0.06304014401385233
N8192_eta01,0.0001,4.0,0.0002398832919019485,0.06280603274176944,0.0628060326259785,0.06279643143163459
N8192_eta01,0.0001,4.0,0.0002570395782768865,0.06259336178346527,0.0625933616683454,0.0625829286413169
N8192_eta01,0.0001,4.0,0.00027542287033381635,0.062409449626785934,0.062409449680888615,0.062398125933903405
N8192_eta01,0.0001,4.0,0.0002951209226666378,0.06225289203411679,0.06225289207560012,0.06224061428801165
N8192_eta01,0.0001,4.0,0.000316227766016838,0.06212238952965707,0.06212238944526407,0.06210908950952425
N8192_eta01,0.0001,4.0,0.0003388441561392021,0.06201675144149473,0.06201675139825651,0.06200235603842683
N8192_eta01,0.0001,4.0,0.0003630780547701003,0.061934900010544344,0.061934900063670265,0.061919330423506856
N8192_eta01,0.0001,4.0,0.0003890451449942805,0.06187587327101751,0.061875873284362365,0.061859044482218344
N8192_eta01,0.0001,4.0,0.0004168693834703347,0.06183882760232243,0.06183882753199585,0.061820648179457184
N8192_eta01,0.0001,4.0,0.0004466835921509635,0.061823040655190856,0.061823040594078865,0.061803412274880884
N8192_eta01,0.0001,4.0,0.00047863009232263805,0.06182791415468891,0.06182791409812366,0.06180673080348437
N8192_eta01,0.0001,4.0,0.0005128613839913639,0.06185297597221637,0.06185297595221047,0.061830123468256434
N8192_eta01,0.0001,4.0,0.0005495408738576249,0.06189788274980916,0.06189788279439988,0.06187323803684648
N8192_eta01,0.0001,4.0,0.0005888436553555884,0.06196242259313983,0.06196242255568177,0.061935852846355846
N8192_eta01,0.0001,4.0,0.0006309573444801918,0.06204651721706263,0.06204651725267318,0.062017879531825096
N8192_eta01,0.0001,4.0,0.000676082975391982,0.0621502261475021,0.06215022613739811,0.06211936610503142
N8192_eta01,0.0001,4.0,0.0007244359600749892,0.0622737493717054,0.06227374934261649,0.06224050052125795
N8192_eta01,0.0001,4.0,0.0007762471166286897,0.06241743219545032,0.06241743217284032,0.062381614883267496
N8192_eta01,0.0001,4.0,0.000831763771102671,0.06258177022595192,0.06258177020400134,0.06254319044442608
N8192_eta01,0.0001,4.0,0.000891250938133744,0.06276741539028505,0.06276741536943471,0.06272586358749271
N8192_eta01,0.0001,4.0,0.000954992586021437,0.06297518322447596,0.06297518322724734,0.06293043297284738
N8192_eta01,0.0001,4.0,0.0010232929922807535,0.06320606160897974,0.06320606162518694,0.06315786807081136
N8192_eta01,0.0001,4.0,0.001096478196143183,0.06346122102224266,0.06346122100492511,0.06340931931832122
N8192_eta01,0.0001,4.0,0.0011748975549395304,0.06374202660353441,0.06374202661947848,0.0636861301718178
N8192_eta01,0.0001,4.0,0.0012589254117941662,0.06405005299151666,0.06405005297684016,0.06398985136732341
N8192_eta01,0.0001,4.0,0.0013489628825916506,0.06438710086591203,0.0643871008715887,0.06432225774711518
N8192_eta01,0.0001,4.0,0.0014454397707459282,0.0647552174155096,0.06475521742649498,0.06468536807237261
N8192_eta01,0.0001,4.0,0.0015488166189124796,0.06515671964526651,0.06515671964069308,0.06508146831541872
N8192_eta01,0.0001,4.0,0.0016595869074375565,0.06559422204475704,0.06559422203321826,0.06551313901709642
N8192_eta01,0.0001,4.0,0.001778279410038923,0.06607066909607841,0.06607066908493374,0.06598328740872324
N8192_eta01,0.0001,4.0,0.0019054607179632445,0.06658937333367844,0.066589373323517,0.06649518513942115
N8192_eta01,0.0001,4.0,0.0020417379446695232,0.06715406008257054,0.06715406007222458,0.06705251262542608
N8192_eta01,0.0001,4.0,0.002187761623949552,0.0677689201120535,0.06776892010257432,0.06765941125726609
N8192_eta01,0.0001,4.0,0.002344228815319918,0.06843867170895629,0.06843867170551886,0.06832054497518575
N8192_eta01,0.0001,4.0,0.002511886431509582,0.06916863403355374,0.069168634040294,0.06904117306816861
N8192_eta01,0.0001,4.0,0.0026915348039269144,0.06996481404749083,0.06996481405481869,0.06982723648746587
N8192_eta01,0.0001,4.0,0.0028840315031266,0.07083400982886325,0.07083400982256977,0.07068546051823092
N8192_eta01,0.0001,4.0,0.003090295432513592,0.07178393384674181,0.0717839338431457,0.07162347735800928
N8192_eta01,0.0001,4.0,0.003311311214825908,0.07282336074547242,0.07282336075395128,0.07264997305576655
N8192_eta01,0.0001,4.0,0.003548133892335746,0.07396230506862876,0.07396230506140979,0.07377486443367487
N8192_eta01,0.0001,4.0,0.0038018939632056127,0.07521223600319955,0.07521223600708377,0.07500951313275275
N8192_eta01,0.0001,4.0,0.0040738027780411225,0.07658633865471481,0.0765863386535355,0.07636698591143387
N8192_eta01,0.0001,4.0,0.004365158322401648,0.07809983286723847,0.07809983286713054,0.07786237294718291
N8192_eta01,0.0001,4.0,0.004677351412871981,0.07977036531312257,0.07977036531309106,0.07951317937363836
N8192_eta01,0.0001,4.0,0.005011872336272715,0.08161849417258449,0.08161849417407879,0.08133980995005921
N8192_eta01,0.0001,4.0,0.005370317963702533,0.08366829250263397,0.08366829249857954,0.08336617306057986
N8192_eta01,0.0001,4.0,0.005754399373371567,0.08594810450181366,0.08594810450874533,0.08562043882848144
N8192_eta01,0.0001,4.0,0.006165950018614809,0.08849150076414239,0.08849150075575557,0.08813599794597057
N8192_eta01,0.0001,4.0,0.006606934480075964,0.091338494017119,0.0913384940232964,0.09095268423700288
N8192_eta01,0.0001,4.0,0.007079457843841374,0.09453710028527315,0.09453710028560752,0.09411834701911871
N8192_eta01,0.0001,4.0,0.007585775750291821,0.09814536071391959,0.09814536070647337,0.09769089204121473
N8192_eta01,0.0001,4.0,0.008128305161640995,0.10223398593671523,0.10223398594469016,0.10174095672644838
N8192_eta01,0.0001,4.0,0.008709635899560796,0.10688984947138123,0.10688984947222793,0.10635545363954943
N8192_eta01,0.0001,4.0,0.009332543007969887,0.11222065228037746,0.11222065227093067,0.1116423163382063
N8192_eta01,0.0001,4.0,0.01,0.11836122270353958,0.11836122270794408,0.11773693095010954
N8192_eta005,0.0001,0.0,1.0000000000000002e-14,0.022631672730743797,0.02263108096393639,0.022630945286013084
N8192_eta005,0.0001,0.0,1.0715193052376049e-14,0.023425440958277165,0.02342637743420998,0.02342624520093506
N8192_eta005,0.0001,0.0,1.148153621496884e-14,0.024249429425555954,0.024249633004333176,0.024249493619462676
N8192_eta005,0.0001,0.0,1.2302687708123812e-14,0.02509984690046752,0.025101834491548822,0.025101672706174236
N8192_eta005,0.0001,0.0,1.3182567385564046e-14,0.025983762432050906,0.025983963516812512,0.02598379914034144
N8192_eta005,0.0001,0.0,1.4125375446227557e-14,0.026896105554870438,0.026897092287499553,0.02689692532877416
N8192_eta005,0.0001,0.0,1.5135612484362073e-14,0.027843067427615557,0.02784231665388749,0.027842140661278863
N8192_eta005,0.0001,0.0,1.6218100973589332e-14,0.028821646435005968,0.028820760093699587,0.02882057281022786
N8192_eta005,0.0001,0.0,1.7378008287493765e-14,0.029834977325182734,0.029833595151499033,0.029833389075787205
N8192_eta005,0.0001,0.0,1.8620871366628658e-14,0.030883392260282576,0.030882004409363593,0.030881797778408222
N8192_eta005,0.0001,0.0,1.9952623149688828e-14,0.03196742849918903,0.03196727267767749,0.031967049700241154
N8192_eta005,0.0001,0.0,2.1379620895022327e-14,0.0330910555037627,0.03309068798644358,0.03309043957718915
N8192_eta005,0.0001,0.0,2.29086765276777e-14,0.03425138996143076,0.03425356017316398,0.03425330764338135
N8192_eta005,0.0001,0.0,2.4547089156850338e-14,0.03545683739096974,0.035457315346096974,0.035457041229904354
N8192_eta005,0.0001,0.0,2.6302679918953815e-14,0.03670072144301276,0.03670335339147997,0.036703076419697535
N8192_eta005,0.0001,0.0,2.8183829312644495e-14,0.037993329632320626,0.037993201438692004,0.03799289976058432
N8192_eta005,0.0001,0.0,3.019951720402019e-14,0.039328028371173385,0.03932836130044223,0.039328050038479265
N8192_eta005,0.0001,0.0,3.2359365692962816e-14,0.040712063592680536,0.04071045068907677,0.04071012011288311
N8192_eta005,0.0001,0.0,3.46736850452531e-14,0.042142980005940085,0.04214111315814901,0.042140758816853294
N8192_eta005,0.0001,0.0,3.715352290971728e-14,0.04362370781779278,0.04362204815283474,0.043621672923710636
N8192_eta005,0.0001,0.0,3.9810717055349693e-14,0.04515659042461929,0.04515502132233674,0.04515462918282488
N8192_eta005,0.0001,0.0,4.2657951880159345e-14,0.04674080159361847,0.0467418711911265,0.04674145642690361
N8192_eta005,0.0001,0.0,4.570881896148752e-14,0.048384379229207415,0.048384489230056844,0.04838404775329112
N8192_eta005,0.0001,0.0,4.897788193684456e-14,0.05008097596845562,0.05008483616704578,0.05008436278187544
N8192_eta005,0.0001,0.0,5.248074602497734e-14,0.05184431287223803,0.05184493147612476,0.051844429992288624
N8192_eta005,0.0001,0.0,5.623413251903491e-14,0.05366405566019701,0.053666874932823475,0.05366634914318185
N8192_eta005,0.0001,0.0,6.025595860743569e-14,0.05555384041627761,0.05555285183949221,0.055552293776453626
N8192_eta005,0.0001,0.0,6.456542290346563e-14,0.057506128704950074,0.05750510542958613,0.05750451380940811
N8192_eta005,0.0001,0.0,6.918309709189363e-14,0.05952873135603567,0.059525969991631116,0.05952533821792578
N8192_eta005,0.0001,0.0,7.413102413009162e-14,0.06162078526509067,0.06161784933306415,0.061617177813837756
N8192_eta005,0.0001,0.0,7.943282347242822e-14,0.0637845020159366,0.06378323293132296,0.06378252811980191
N8192_eta005,0.0001,0.0,8.51138038202376e-14,0.06602606864401515,0.06602472399604034,0.06602397234509694
N8192_eta005,0.0001,0.0,9.120108393559116e-14,0.06834158117599563,0.06834498461669983,0.06834418446587129
N8192_eta005,0.0001,0.0,9.772372209558112e-14,0.07074599255290295,0.07074677765585845,0.07074593241349983
N8192_eta005,0.0001,0.0,1.0471285480508985e-13,0.07322728027984322,0.07323298264039482,0.07323208137483653
N8192_eta005,0.0001,0.0,1.1220184543019654e-13,0.07580624894366618,0.07580655323918709,0.07580559720827679
N8192_eta005,0.0001,0.0,1.2022644346174131e-13,0.07846853130191393,0.07847056737147132,0.0784695499796805
N8192_eta005,0.0001,0.0,1.2882495516931323e-13,0.08123081663019754,0.08122819480896432,0.08122711762235044
N8192_eta005,0.0001,0.0,1.3803842646028868e-13,0.08408586361970405,0.08408273582223816,0.08408158972539903
N8192_eta005,0.0001,0.0,1.4791083881682072e-13,0.08704144649014213,0.0870375904876547,0.08703637145499338
N8192_eta005,0.0001,0.0,1.584893192461111e-13,0.09010004530620072,0.09009628136973265,0.09009498761312007
N8192_eta005,0.0001,0.0,1.698243652461746e-13,0.09326193917760589,0.0932624625978565,0.09326108683866993
N8192_eta005,0.0001,0.0,1.8197008586099824e-13,0.09654044706208068,0.09653991200526381,0.09653844595581108
N8192_eta005,0.0001,0.0,1.9498445997580416e-13,0.09992552994129647,0.09993253273868732,0.09993097447479049
N8192_eta005,0.0001,0.0,2.0892961308540411e-13,0.10344296304970836,0.10344437859945554,0.1034427192504748
N8192_eta005,0.0001,0.0,2.2387211385683378e-13,0.10707262826578579,0.10707963886852494,0.10707786930412921
N8192_eta005,0.0001,0.0,2.3988329190194847e-13,0.11084360982001147,0.11084264276902761,0.11084076081412138
N8192_eta005,0.0001,0.0,2.570395782768865e-13,0.11473814902819027,0.11473788402875407,0.114735882281425
N8192_eta005,0.0001,0.0,2.7542287033381635e-13,0.11877512995596298,0.11877001261090958,0.11876787987600448
N8192_eta005,0.0001,0.0,2.95120922666639e-13,0.12294960020222392,0.1229438376415176,0.12294156297037037
N8192_eta005,0.0001,0.0,3.1622776601683797e-13,0.12726840316338037,0.1272643299257561,0.12726190986679647
N8192_eta005,0.0001,0.0,3.3884415613920205e-13,0.13174053756436005,0.13173665409290314,0.13173407372492704
N8192_eta005,0.0001,0.0,3.630780547701018e-13,0.1363615258418949,0.13636613967197941,0.13636338869671366
N8192_eta005,0.0001,0.0,3.890451449942805e-13,0.1411574112221136,0.14115830935604912,0.14115537627586222
N8192_eta005,0.0001,0.0,4.168693834703347e-13,0.14610733248110647,0.14611887738009555,0.14611575186921358
N8192_eta005,0.0001,0.0,4.466835921509635e-13,0.15125232161182595,0.15125376557141434,0.15125043159772134
N8192_eta005,0.0001,0.0,4.786300923226381e-13,0.15656241063499304,0.15656909271701602,0.1565655393349511
N8192_eta005,0.0001,0.0,5.128613839913659e-13,0.16207502906878718,0.16207120259549318,0.16206741399129038
N8192_eta005,0.0001,0.0,5.495408738576248e-13,0.16777110684831992,0.16776666047066713,0.16776261705231738
N8192_eta005,0.0001,0.0,5.888436553555884e-13,0.17367035727031005,0.17366225407830416,0.17365794038007099
N8192_eta005,0.0001,0.0,6.309573444801943e-13,0.17977335768972297,0.17976501681077908,0.17976041428623274
N8192_eta005,0.0001,0.0,6.760829753919819e-13,0.1860841712753479,0.18608222473853617,0.18607731588653478
N8192_eta005,0.0001,0.0,7.244359600749892e-13,0.19262419515473117,0.19262141711611258,0.19261617774600953
N8192_eta005,0.0001,0.0,7.762471166286928e-13,0.19937864119282,0.19939038892255828,0.19938479682499485
N8192_eta005,0.0001,0.0,8.317637711026709e-13,0.20639454789368145,0.2063972136139004,0.20639124373613318
N8192_eta005,0.0001,0.0,8.912509381337441e-13,0.21363434225184885,0.21365024616949888,0.21364387232292895
N8192_eta005,0.0001,0.0,9.54992586021437e-13,0.2211582546416055,0.22115813594425587,0.22115132957074468
N8192_eta005,0.0001,0.0,1.0232929922807536e-12,0.22892650071188697,0.22892983166192576,0.2289225658614713
N8192_eta005,0.0001,0.0,1.0964781961431851e-12,0.2369834015708713,0.23697460493496714,0.2369668455834453
N8192_eta005,0.0001,0.0,1.1748975549395302e-12,0.24531244752646533,0.24530204568521596,0.24529375810853196
N8192_eta005,0.0001,0.0,1.258925411794166e-12,0.2539323695284746,0.2539220810932704,0.25391322914866366
N8192_eta005,0.0001,0.0,1.3489628825916534e-12,0.2628548610207724,0.2628449883770672,0.26283553250447744
N8192_eta005,0.0001,0.0,1.445439770745928e-12,0.2720767997398134,0.2720814051348418,0.272071302219066
N8192_eta005,0.0001,0.0,1.5488166189124795e-12,0.2816424283254456,0.2816423391014911,0.2816315451502358
N8192_eta005,0.0001,0.0,1.6595869074375598e-12,0.29151726326747596,0.29153918942841905,0.29152765397504066
N8192_eta005,0.0001,0.0,1.7782794100389228e-12,0.3017798753456703,0.3017837477859249,0.3017714206407372
N8192_eta005,0.0001,0.0,1.9054607179632443e-12,0.3123703307454439,0.3123882240342427,0.31237505027669954
N8192_eta005,0.0001,0.0,2.041737944669532e-12,0.3233699612107279,0.32336525492361723,0.32335117558221466
N8192_eta005,0.0001,0.0,2.1877616239495518e-12,0.3347322573498227,0.33472792165535475,0.3347128717054517
N8192_eta005,0.0001,0.0,2.344228815319923e-12,0.34650549442331047,0.3464897603095807,0.34647367162930687
N8192_eta005,0.0001,0.0,2.5118864315095823e-12,0.3586820051088492,0.35866478170425575,0.3586475820801755
N8192_eta005,0.0001,0.0,2.6915348039269142e-12,0.37127643527761056,0.3712674884180283,0.3712490999761026
N8192_eta005,0.0001,0.0,2.884031503126606e-12,0.38432195977261285,0.38431289079469655,0.3842932294311147
N8192_eta005,0.0001,0.0,3.090295432513592e-12,0.3977986914977544,0.3978165239853982,0.3977954993328959
N8192_eta005,0.0001,0.0,3.311311214825908e-12,0.4117904470935702,0.4117944640611059,0.4117719815113225
N8192_eta005,0.0001,0.0,3.548133892335753e-12,0.42622977086048314,0.42626335232537477,0.4262393095156842
N8192_eta005,0.0001,0.0,3.8018939632056125e-12,0.4412377209325614,0.4412404106263191,0.44121469801874047
N8192_eta005,0.0001,0.0,4.073802778041122e-12,0.4567291529455428,0.4567434652942616,0.4567159628660394
N8192_eta005,0.0001,0.0,4.365158322401657e-12,0.47280485305564973,0.4727909578983118,0.47276154178918645
N8192_eta005,0.0001,0.0,4.677351412871982e-12,0.48941884853374873,0.48940198175378746,0.48937051580195756
N8192_eta005,0.0001,0.0,5.011872336272715e-12,0.5066191560956325,0.506596291557168,0.5065626312983597
N8192_eta005,0.0001,0.0,5.370317963702533e-12,0.5244173090604252,0.524394331997494,0.5243583228718611
N8192_eta005,0.0001,0.0,5.754399373371567e-12,0.5428168971351512,0.5428172608738411,0.5427787368750896
N8192_eta005,0.0001,0.0,6.165950018614822e-12,0.561891655612632,0.561886971994055,0.5618457557393568
N8192_eta005,0.0001,0.0,6.6069344800759645e-12,0.5815870786236091,0.5816261222629611,0.5815820230732665
N8192_eta005,0.0001,0.0,7.079457843841373e-12,0.6020498936019993,0.6020581547662985,0.6020109695595867
N8192_eta005,0.0001,0.0,7.585775750291836e-12,0.6231646233683882,0.6232073294371832,0.6231568396693155
N8192_eta005,0.0001,0.0,8.128305161640996e-12,0.6451026236347669,0.6450987477530191,0.6450447192115548
N8192_eta005,0.0001,0.0,8.709635899560797e-12,0.6677568738964132,0.6677583812485809,0.667700563737374
N8192_eta005,0.0001,0.0,9.332543007969906e-12,0.6912415782213988,0.6912131020123073,0.6911512278152552
N8192_eta005,0.0001,0.0,1e-11,0.7155239363845309,0.7154907136021802,0.7154244951949923
N8192_eta005,0.0001,0.0,1.0715193052376049e-11,0.7406454202199084,0.740619979151237,0.7405491098760273
N8192_eta005,0.0001,0.0,1.1481536214968842e-11,0.7666553690431898,0.7666306586185706,0.7665548080950986
N8192_eta005,0.0001,0.0,1.2302687708123813e-11,0.7935301747498453,0.7935535355936811,0.7934723512467872
N8192_eta005,0.0001,0.0,1.3182567385564075e-11,0.8214166697523622,0.8214204556030906,0.8213335597490045
N8192_eta005,0.0001,0.0,1.4125375446227556e-11,0.8501976389434893,0.8502643593766691,0.8501713478636103
N8192_eta005,0.0001,0.0,1.5135612484362072e-11,0.8801098785657048,0.8801193201329917,0.8800197594802859
N8192_eta005,0.0001,0.0,1.6218100973589298e-11,0.9109782121960577,0.9110205793390762,0.910914004869267
N8192_eta005,0.0001,0.0,1.7378008287493765e-11,0.9430243198288975,0.9430045829430328,0.9428904984057311
N8192_eta005,0.0001,0.0,1.8620871366628657e-11,0.9761323451037138,0.9761090246506542,0.9759868972653511
N8192_eta005,0.0001,0.0,1.995262314968879e-11,1.010419377467728,1.0103728817547954,1.0102421410868034
N8192_eta005,0.0001,0.0,2.1379620895022327e-11,1.0458863776868301,1.0458364564301348,1.0456964925927141
N8192_eta005,0.0001,0.0,2.2908676527677702e-11,1.0825559053731353,1.0825414204089958,1.0823915791557124
N8192_eta005,0.0001,0.0,2.4547089156850283e-11,1.1205497963183644,1.120530853818829,1.1203704352907253
N8192_eta005,0.0001,0.0,2.6302679918953818e-11,1.1597841677030372,1.159849291435954,1.1596775460484015
N8192_eta005,0.0001,0.0,2.8183829312644493e-11,1.2005279044088726,1.200542766609015,1.2003588912775487
N8192_eta005,0.0001,0.0,3.019951720402019e-11,1.2425648373468126,1.2426588555577425,1.2424619907164807
N8192_eta005,0.0001,0.0,3.235936569296281e-11,1.286245123410654,1.2862467251608969,1.2860359498642642
N8192_eta005,0.0001,0.0,3.467368504525317e-11,1.3313339222582201,1.3313571777247823,1.3311315065728517
N8192_eta005,0.0001,0.0,3.715352290971728e-11,1.378090927704477,1.378042700761529,1.3778010782897394
N8192_eta005,0.0001,0.0,3.9810717055349695e-11,1.4264175449707945,1.4263575139304343,1.4260988098683218
N8192_eta005,0.0001,0.0,4.2657951880159254e-11,1.4764176730216287,1.476357617324719,1.47608062184892
N8192_eta005,0.0001,0.0,4.570881896148752e-11,1.5281613657074997,1.5281008407593242,1.5278042590977539
N8192_eta005,0.0001,0.0,4.897788193684457e-11,1.5816235662492104,1.581646894499088,1.5813293396736068
N8192_eta005,0.0001,0.0,5.2480746024977236e-11,1.6370603898643772,1.6370574160021838,1.6367174037723442
N8192_eta005,0.0001,0.0,5.6234132519034906e-11,1.6942700605132377,1.6943960213009188,1.6940319625776457
N8192_eta005,0.0001,0.0,6.025595860743569e-11,1.7537051807658504,1.753728352192783,1.7533385468222207
N8192_eta005,0.0001,0.0,6.456542290346562e-11,1.8150157196860999,1.8151221273219846,1.814704754836776
N8192_eta005,0.0001,0.0,6.918309709189364e-11,1.8786712746241108,1.8786471873751713,1.8782002998342981
N8192_eta005,0.0001,0.0,7.413102413009162e-11,1.9443994671551743,1.944375543194235,1.943897056144167
N8192_eta005,0.0001,0.0,7.943282347242822e-11,2.012469601024651,2.0123814215144082,2.011869104073995
N8192_eta005,0.0001,0.0,8.511380382023759e-11,2.0828441727281484,2.0827413076104047,2.082192773036754
N8192_eta005,0.0001,0.0,9.120108393559097e-11,2.1555853575917268,2.155533987190238,2.1549466825361
N8192_eta005,0.0001,0.0,9.772372209558111e-11,2.2308966527945495,2.2308405870397547,2.2302117805534194
N8192_eta005,0.0001,0.0,1.0471285480508986e-10,2.308641997869884,2.3087446088885732,2.30807137882607
N8192_eta005,0.0001,0.0,1.1220184543019632e-10,2.389309529441385,2.3893319626953677,2.3886111844463436
N8192_eta005,0.0001,0.0,1.2022644346174132e-10,2.472496352830879,2.472690995096041,2.471919327145084
N8192_eta005,0.0001,0.0,1.2882495516931322e-10,2.55889544655794,2.558912512042804,2.558086381551836
N8192_eta005,0.0001,0.0,1.3803842646028838e-10,2.6480087305148734,2.648089796372962,2.647205383644265
N8192_eta005,0.0001,0.0,1.479108388168207e-10,2.7403955315223545,2.7403186180937706,2.739371840513096
N8192_eta005,0.0001,0.0,1.5848931924611142e-10,2.8358006124114867,2.835697238411164,2.8346837324742085
N8192_eta005,0.0001,0.0,1.6982436524617427e-10,2.934452699982886,2.9343264030518004,2.9332415064563166
N8192_eta005,0.0001,0.0,1.8197008586099827e-10,3.0364471589486737,3.03630932794452,3.0351480594801634
N8192_eta005,0.0001,0.0,1.9498445997580455e-10,3.1417420420134756,3.141751671231222,3.140508710922938
N8192_eta005,0.0001,0.0,2.0892961308540407e-10,3.2507889686233176,3.2507614956046234,3.2494311621289707
N8192_eta005,0.0001,0.0,2.2387211385683377e-10,3.363219288323125,3.3634492137704357,3.3620254417841338
N8192_eta005,0.0001,0.0,2.3988329190194897e-10,3.479879156763106,3.479927519680401,3.478403835316375
N8192_eta005,0.0001,0.0,2.570395782768865e-10,3.600071393785744,3.6003113008942695,3.5986807964177476
N8192_eta005,0.0001,0.0,2.7542287033381637e-10,3.724740181249439,3.724717531962617,3.722972838604106
N8192_eta005,0.0001,0.0,2.951209226666384e-10,3.8532741551715795,3.853265144555972,3.851398404536821
N8192_eta005,0.0001,0.0,3.1622776601683795e-10,3.986232976845195,3.9860748738073237,3.984077710626208
N8192_eta005,0.0001,0.0,3.3884415613920275e-10,4.123474937066697,4.123269076882925,4.121132564219512
N8192_eta005,0.0001,0.0,3.6307805477010104e-10,4.265097455480303,4.2649715209895325,4.262686150446812
N8192_eta005,0.0001,0.0,3.890451449942805e-10,4.411448955523802,4.411307137889461,4.408862785557245
N8192_eta005,0.0001,0.0,4.168693834703355e-10,4.5622416676775766,4.562401742161313,4.55978763332629
N8192_eta005,0.0001,0.0,4.4668359215096254e-10,4.718353652806046,4.718381707598923,4.715586380854251
N8192_eta005,0.0001,0.0,4.78630092322638e-10,4.878988932415586,4.879373599915347,4.8763848698077945
N8192_eta005,0.0001,0.0,5.128613839913648e-10,5.045452507010748,5.045503760618254,5.042308678884049
N8192_eta005,0.0001,0.0,5.495408738576249e-10,5.216693230574525,5.216897836491428,5.213482653003094
N8192_eta005,0.0001,0.0,5.888436553555885e-10,5.393798028061506,5.393680251798449,5.3900303744640965
N8192_eta005,0.0001,0.0,6.30957344480193e-10,5.57615491039054,5.575973617010329,5.572073571038471
N8192_eta005,0.0001,0.0,6.760829753919819e-10,5.764139356787039,5.763898068636673,5.7597314557267385
N8192_eta005,0.0001,0.0,7.244359600749892e-10,5.957868473135378,5.957570535522123,5.953119992682032
N8192_eta005,0.0001,0.0,7.762471166286911e-10,6.157122412439165,6.157103924433108,6.15235108361253
N8192_eta005,0.0001,0.0,8.31763771102671e-10,6.362693732484569,6.362606220538173,6.3575316688280425
N8192_eta005,0.0001,0.0,8.91250938133746e-10,6.57376051709892,6.574179495902196,6.568762737007006
N8192_eta005,0.0001,0.0,9.54992586021435e-10,6.791824603104072,6.791918820086495,6.786138237743607
N8192_eta005,0.0001,0.0,1.0232929922807536e-09,7.015420617201853,7.0159110673002125,7.009743891009731
N8192_eta005,0.0001,0.0,1.0964781961431852e-09,7.246244160853912,7.24623361351518,7.2396558878523845
N8192_eta005,0.0001,0.0,1.1748975549395278e-09,7.482937817869573,7.482952919007354,7.475939476968526
N8192_eta005,0.0001,0.0,1.2589254117941663e-09,7.726392902012974,7.726122991119004,7.718647432280567
N8192_eta005,0.0001,0.0,1.3489628825916533e-09,7.976198169768253,7.975783722277105,7.967818397307141
N8192_eta005,0.0001,0.0,1.445439770745928e-09,8.232201197847306,8.23195910025532,8.223475103015664
N8192_eta005,0.0001,0.0,1.5488166189124799e-09,8.494970446263098,8.49465528921921,8.48562245698992
N8192_eta005,0.0001,0.0,1.6595869074375598e-09,8.763579112164393,8.763858578852888,8.754245503183403
N8192_eta005,0.0001,0.0,1.778279410038923e-09,9.039495764976207,9.039533204403496,9.029307253293826
N8192_eta005,0.0001,0.0,1.9054607179632444e-09,9.32089297910601,9.321619039337127,9.3107463929253
N8192_eta005,0.0001,0.0,2.0417379446695276e-09,9.609911060450559,9.61002916668776,9.598474868236636
N8192_eta005,0.0001,0.0,2.187761623949552e-09,9.90425101865719,9.90464733804352,9.892375361743744
N8192_eta005,0.0001,0.0,2.344228815319923e-09,10.205503953769119,10.205325331197608,10.192298669379532
N8192_eta005,0.0001,0.0,2.511886431509577e-09,10.512247573119497,10.511880223631175,10.498060994839403
N8192_eta005,0.0001,0.0,2.6915348039269142e-09,10.824497599713412,10.824091601108883,10.809441181667687
N8192_eta005,0.0001,0.0,2.884031503126606e-09,11.142305282020292,11.141698727685153,11.126177908469083
N8192_eta005,0.0001,0.0,3.0902954325135923e-09,11.464405240889857,11.464397707402828,11.447966878041747
N8192_eta005,0.0001,0.0,3.3113112148259078e-09,11.792019840961903,11.79183867490421,11.774458037085454
N8192_eta005,0.0001,0.0,3.5481338923357537e-09,12.122850050234792,12.12362305737842,12.105252869372388
N8192_eta005,0.0001,0.0,3.8018939632056126e-09,12.459111855861732,12.459300958391164,12.439901811782194
N8192_eta005,0.0001,0.0,4.073802778041122e-09,12.797510092247528,12.798368719283257,12.777901849263756
N8192_eta005,0.0001,0.0,4.365158322401657e-09,13.140253615674624,13.140266721606185,13.118694351417922
N8192_eta005,0.0001,0.0,4.6773514128719815e-09,13.484438556553291,13.48437750035934,13.461663219782363
N8192_eta005,0.0001,0.0,5.0118723362727255e-09,13.830443313038499,13.83002424335518,13.806133420777202
N8192_eta005,0.0001,0.0,5.370317963702522e-09,14.17730021731225,14.176469757876607,14.151369984329484
N8192_eta005,0.0001,0.0,5.754399373371567e-09,14.523239007316324,14.522915989273184,14.496577552084851
N8192_eta005,0.0001,0.0,6.165950018614823e-09,14.869074480614419,14.868504178781174,14.84090056144775
N8192_eta005,0.0001,0.0,6.606934480075952e-09,15.21174617699218,15.212315748451047,15.183424152053341
N8192_eta005,0.0001,0.0,7.0794578438413736e-09,15.553265101710368,15.553373998743465,15.523175879239036
N8192_eta005,0.0001,0.0,7.585775750291836e-09,15.889443635048224,15.890646699952216,15.859128314234221
N8192_eta005,0.0001,0.0,8.128305161640994e-09,16.222814524625512,16.223049650395247,16.190202602738715
N8192_eta005,0.0001,0.0,8.709635899560797e-09,16.548974317162784,16.549451262562155,16.51527304199057
N8192_eta005,0.0001,0.0,9.332543007969905e-09,16.8689273361645,16.868678223303778,16.833172721104045
N8192_eta005,0.0001,0.0,1e-08,17.180334974912896,17.179522254614202,17.142700250289124
N8192_eta005,0.0001,0.0,1.0715193052376048e-08,17.48126240151969,17.480747978433612,17.442627581609752
N8192_eta005,0.0001,0.0,1.1481536214968818e-08,17.77213325394694,17.77110186218833,17.731708897457608
N8192_eta005,0.0001,0.0,1.2302687708123811e-08,18.049136546342428,18.04932219180506,18.00869051339169
N8192_eta005,0.0001,0.0,1.3182567385564074e-08,18.314341199421563,18.314149986854428,18.27232171013842
N8192_eta005,0.0001,0.0,1.4125375446227526e-08,18.56310466782873,18.564340738540153,18.52136637631408
N8192_eta005,0.0001,0.0,1.5135612484362072e-08,18.79829975373198,18.798676817545196,18.75461531000052
N8192_eta005,0.0001,0.0,1.62181009735893e-08,19.014927840670982,19.015980365873517,18.970898995042603
N8192_eta005,0.0001,0.0,1.7378008287493763e-08,19.215065101710696,19.215126456755996,19.169100638345977
N8192_eta005,0.0001,0.0,1.8620871366628656e-08,19.39549308155084,19.395056280884685,19.348169229103682
N8192_eta005,0.0001,0.0,1.995262314968879e-08,19.555264402641292,19.554790097298287,19.507132361312735
N8192_eta005,0.0001,0.0,2.1379620895022325e-08,19.694778857493155,19.693439674559524,19.64510854857416
N8192_eta005,0.0001,0.0,2.2908676527677703e-08,19.81042473233259,19.810219943704205,19.761318756188086
N8192_eta005,0.0001,0.0,2.4547089156850285e-08,19.90515164771001,19.90445958967059,19.855096880816397
N8192_eta005,0.0001,0.0,2.6302679918953814e-08,19.974719071046405,19.975610323008553,19.925898922926887
N8192_eta005,0.0001,0.0,2.818382931264455e-08,20.022953910940217,20.02325459843313,19.97331062181213
N8192_eta005,0.0001,0.0,3.0199517204020135e-08,20.045743287139842,20.047111580966344,19.99705335663461
N8192_eta005,0.0001,0.0,3.2359365692962815e-08,20.04664834879387,20.047041202572995,19.996988158615817
N8192_eta005,0.0001,0.0,3.467368504525317e-08,20.022806990205147,20.023046201024076,19.97311772762027
N8192_eta005,0.0001,0.0,3.7153522909717206e-08,19.975460354414825,19.975272086135764,19.925586399051525
N8192_eta005,0.0001,0.0,3.9810717055349696e-08,19.90520983383149,19.9040050343078,19.854678061963085
N8192_eta005,0.0001,0.0,4.265795188015926e-08,19.81007145316687,19.80966776801939,19.760812084234484
N8192_eta005,0.0001,0.0,4.5708818961487524e-08,19.69402213281063,19.69281353024903,19.64453735321469
N8192_eta005,0.0001,0.0,4.897788193684457e-08,19.553815441361277,19.55411831238383,19.506524588185993
N8192_eta005,0.0001,0.0,5.248074602497723e-08,19.39449019127914,19.394371536189993,19.347557122428437
N8192_eta005,0.0001,0.0,5.623413251903491e-08,19.21328852842749,19.21446542418698,19.168520386041944
N8192_eta005,0.0001,0.0,6.025595860743569e-08,19.014851826219893,19.015383317313397,18.970390344953245
N8192_eta005,0.0001,0.0,6.456542290346549e-08,18.797289718090543,18.79818721350741,18.754221166159578
N8192_eta005,0.0001,0.0,6.918309709189362e-08,18.56375879124707,18.564004805713637,18.52113238421055
N8192_eta005,0.0001,0.0,7.413102413009178e-08,18.314477481335143,18.314016293395735,18.27229583965899
N8192_eta005,0.0001,0.0,7.943282347242806e-08,18.049702674641026,18.04944122869038,18.008922647589113
N8192_eta005,0.0001,0.0,8.511380382023759e-08,17.772840401216634,17.771525638175884,17.732250434550604
N8192_eta005,0.0001,0.0,9.120108393559096e-08,17.481724946431147,17.481529635252016,17.44353105671494
N8192_eta005,0.0001,0.0,9.772372209558092e-08,17.181533789357815,17.180715707929533,17.144018982367836
N8192_eta005,0.0001,0.0,1.0471285480508985e-07,16.869851413298257,16.870337833994572,16.834960489528648
N8192_eta005,0.0001,0.0,1.122018454301963e-07,16.55147383095144,16.551631541592915,16.51758379604201
N8192_eta005,0.0001,0.0,1.202264434617413e-07,16.22482147734637,16.225804999592476,16.19309020628185
N8192_eta005,0.0001,0.0,1.2882495516931324e-07,15.893506604657839,15.894031189910239,15.862646326814364
N8192_eta005,0.0001,0.0,1.380384264602884e-07,15.556890966133308,15.557441184178895,15.52737737392923
N8192_eta005,0.0001,0.0,1.4791083881682074e-07,15.216900331730692,15.217118520509743,15.18836156957683
N8192_eta005,0.0001,0.0,1.584893192461111e-07,14.874575610230632,14.87409465302443,14.84662559941536
N8192_eta005,0.0001,0.0,1.6982436524617427e-07,14.52951258290123,14.529345427672082,14.503141087627366
N8192_eta005,0.0001,0.0,1.8197008586099827e-07,14.184858172514978,14.183788522547365,14.158822027970768
N8192_eta005,0.0001,0.0,1.9498445997580458e-07,13.838447358699618,13.838281779445754,13.8145230990777
N8192_eta005,0.0001,0.0,2.0892961308540366e-07,13.494383719530381,13.493622345467376,13.47103878407677
N8192_eta005,0.0001,0.0,2.2387211385683377e-07,13.150321803904092,13.15054653878298,13.129103209862624
N8192_eta005,0.0001,0.0,2.39883291901949e-07,12.809783056857164,12.809730350799029,12.789390619386626
N8192_eta005,0.0001,0.0,2.570395782768865e-07,12.471169963971999,12.471790497488694,12.452516390774711
N8192_eta005,0.0001,0.0,2.7542287033381637e-07,12.13689323390425,12.137285935169576,12.119038519468843
N8192_eta005,0.0001,0.0,2.9512092266663846e-07,11.806098891353846,11.80671976003878,11.789459483522789
N8192_eta005,0.0001,0.0,3.1622776601683797e-07,11.480151976341821,11.480541416013521,11.464228417273949
N8192_eta005,0.0001,0.0,3.3884415613920205e-07,11.15896388270989,11.15914914141796,11.143743524511924
N8192_eta005,0.0001,0.0,3.6307805477010105e-07,10.842742573677391,10.842892591580988,10.828354668662714
N8192_eta005,0.0001,0.0,3.890451449942805e-07,10.53244286100724,10.53207558113441,10.518366084143773
N8192_eta005,0.0001,0.0,4.1686938347033557e-07,10.227024881550843,10.226958896565993,10.214039159702939
N8192_eta005,0.0001,0.0,4.4668359215096253e-07,9.928460457858787,9.927763136155827,9.915595251061223
N8192_eta005,0.0001,0.0,4.786300923226381e-07,9.634807784114782,9.634671540723383,9.623218486402308
N8192_eta005,0.0001,0.0,5.128613839913648e-07,9.348538795496282,9.34783278451757,9.337058534094652
N8192_eta005,0.0001,0.0,5.495408738576237e-07,9.067435717715252,9.067363701024219,9.057233307428696
N8192_eta005,0.0001,0.0,5.888436553555884e-07,8.793859974194039,8.79335192341776,8.783831586064426
N8192_eta005,0.0001,0.0,6.309573444801931e-07,8.525805281582919,8.525858423827074,8.516915538294619
N8192_eta005,0.0001,0.0,6.760829753919819e-07,8.265184986185751,8.264919939519086,8.256523132137088
N8192_eta005,0.0001,0.0,7.244359600749892e-07,8.010382445256203,8.010551277535544,8.002670426689086
N8192_eta005,0.0001,0.0,7.762471166286911e-07,7.762823197659364,7.762747492287318,7.755353738130493
N8192_eta005,0.0001,0.0,8.31763771102671e-07,7.521245971288545,7.521485933137163,7.514551677281148
N8192_eta005,0.0001,0.0,8.912509381337442e-07,7.286694375949252,7.286728161117184,7.280227057734648
N8192_eta005,0.0001,0.0,9.54992586021435e-07,7.058157435340529,7.05842173568564,7.052328675344354
N8192_eta005,0.0001,0.0,1.0232929922807537e-06,6.8364284841644345,6.836501873849782,6.83079296126373
N8192_eta005,0.0001,0.0,1.0964781961431828e-06,6.620640519150555,6.620892985111812,6.615545511880113
N8192_eta005,0.0001,0.0,1.1748975549395304e-06,6.411454448204511,6.41151008657733,6.406502499864484
N8192_eta005,0.0001,0.0,1.2589254117941661e-06,6.208050160453703,6.208260103218137,6.203571971223308
N8192_eta005,0.0001,0.0,1.3489628825916506e-06,6.011062833236144,6.011043058751612,6.006655033713022
N8192_eta005,0.0001,0.0,1.445439770745928e-06,5.8196201139302755,5.819753162904975,5.815646942293245
N8192_eta005,0.0001,0.0,1.5488166189124796e-06,5.634438436516573,5.634279801006726,5.630438087475177
N8192_eta005,0.0001,0.0,1.6595869074375565e-06,5.454481478591827,5.454508431908959,5.450914892491906
N8192_eta005,0.0001,0.0,1.7782794100389231e-06,5.280645077432422,5.280321400217592,5.276960625196856
N8192_eta005,0.0001,0.0,1.9054607179632443e-06,5.111653910451409,5.1115986687068995,5.108456130503427
N8192_eta005,0.0001,0.0,2.0417379446695316e-06,4.948568423484373,4.94821847663709,4.945280489028445
N8192_eta005,0.0001,0.0,2.187761623949552e-06,4.790064381301751,4.790057929494599,4.78731160740836
N8192_eta005,0.0001,0.0,2.344228815319918e-06,4.637051094641837,4.636993525441216,4.634426745529796
N8192_eta005,0.0001,0.0,2.5118864315095823e-06,4.488741337003877,4.488901623503626,4.486502985666952
N8192_eta005,0.0001,0.0,2.6915348039269138e-06,4.345462434264326,4.345658858265066,4.343417648253151
N8192_eta005,0.0001,0.0,2.8840315031266e-06,4.2071399039278425,4.207142505542949,4.205048658740477
N8192_eta005,0.0001,0.0,3.0902954325135923e-06,4.073236422378857,4.0732308032559725,4.071274869725123
N8192_eta005,0.0001,0.0,3.311311214825908e-06,3.9440597477142125,3.9438032314048685,3.9419763422403187
N8192_eta005,0.0001,0.0,3.548133892335746e-06,3.818656921864503,3.8187407548165577,3.8170345898477125
N8192_eta005,0.0001,0.0,3.801893963205613e-06,3.6977677077037283,3.697926032035421,3.696332788894377
N8192_eta005,0.0001,0.0,4.073802778041122e-06,3.581361182936113,3.5812435934871067,3.5797559580475684
N8192_eta005,0.0001,0.0,4.365158322401666e-06,3.468600235787371,3.468579991794474,3.4671911099751584
N8192_eta005,0.0001,0.0,4.677351412871981e-06,3.3597281756802917,3.359823926890292,3.3585273778071345
N8192_eta005,0.0001,0.0,5.011872336272715e-06,3.2549302521730077,3.2548663483491636,3.253656118792792
N8192_eta005,0.0001,0.0,5.370317963702533e-06,3.153602133920344,3.153600537151948,3.1524709973606777
N8192_eta005,0.0001,0.0,5.754399373371567e-06,3.0558022261398037,3.055922168899125,3.054868049592928
N8192_eta005,0.0001,0.0,6.16595001861481e-06,2.961918713122516,2.961729360306182,2.960745730943173
N8192_eta005,0.0001,0.0,6.606934480075964e-06,2.870823795811223,2.870922700643085,2.870004948857341
N8192_eta005,0.0001,0.0,7.079457843841373e-06,2.7834253129929905,2.78340526962118,2.782549081798673
N8192_eta005,0.0001,0.0,7.585775750291821e-06,2.6989865546287497,2.6990826430843247,2.698283986032462
N8192_eta005,0.0001,0.0,8.128305161640995e-06,2.617940937517138,2.6178628877261234,2.617117991391664
N8192_eta005,0.0001,0.0,8.709635899560797e-06,2.5397676235145488,2.539656545931206,2.5389618871212005
N8192_eta005,0.0001,0.0,9.332543007969886e-06,2.4643215469325934,2.464376611725677,2.463728898786195
N8192_eta005,0.0001,0.0,1e-05,2.391876200321081,2.391938498719273,2.391334657127289
N8192_eta005,0.0001,0.0,1.071519305237605e-05,2.3222446715384257,2.3222600008293917,2.321697159654001
N8192_eta005,0.0001,0.0,1.1481536214968841e-05,2.2552662016168377,2.2552612464942796,2.2547367256845043
N8192_eta005,0.0001,0.0,1.230268770812381e-05,2.1908719636494562,2.1908646470098194,2.1903759454674376
N8192_eta005,0.0001,0.0,1.3182567385564049e-05,2.1289982760469646,2.12899483956001,2.128539623957236
N8192_eta005,0.0001,0.0,1.4125375446227553e-05,2.069564074903899,2.069578625456682,2.069154719759989
N8192_eta005,0.0001,0.0,1.5135612484362071e-05,2.0124966677396197,2.0125449040578025,2.012150279720673
N8192_eta005,0.0001,0.0,1.6218100973589265e-05,1.957813282585274,1.9578246027965416,1.9574573695855333
N8192_eta005,0.0001,0.0,1.7378008287493764e-05,1.9054365452986886,1.9053506037248078,1.905009001144887
N8192_eta005,0.0001,0.0,1.8620871366628657e-05,1.8550177036541897,1.8550576669548404,1.8547400562415552
N8192_eta005,0.0001,0.0,1.995262314968875e-05,1.8068825597289715,1.806882351370931,1.8065872080185437
N8192_eta005,0.0001,0.0,2.1379620895022326e-05,1.760774350712506,1.7607629329801289,1.7604888397763865
N8192_eta005,0.0001,0.0,2.29086765276777e-05,1.7166056563480228,1.71663932127545,1.7163849618152005
N8192_eta005,0.0001,0.0,2.4547089156850235e-05,1.6744209369455534,1.674452973997702,1.6742171266489694
N8192_eta005,0.0001,0.0,2.6302679918953814e-05,1.634125232199041,1.6341468107018708,1.6339283429994476
N8192_eta005,0.0001,0.0,2.8183829312644495e-05,1.5956531490617176,1.5956651255604735,1.5954629890034058
N8192_eta005,0.0001,0.0,3.0199517204020195e-05,1.5589478556208791,1.5589534998687586,1.5587667250993205
N8192_eta005,0.0001,0.0,3.235936569296281e-05,1.5239523033014313,1.523958714753903,1.5237864070968774
N8192_eta005,0.0001,0.0,3.467368504525309e-05,1.4906717353665957,1.490628664631139,1.4904699999732927
N8192_eta005,0.0001,0.0,3.715352290971728e-05,1.4589293989900791,1.458912271992623,1.4587664929832653
N8192_eta005,0.0001,0.0,3.9810717055349695e-05,1.428768219278029,1.4287594041576632,1.4286258167121075
N8192_eta005,0.0001,0.0,4.265795188015917e-05,1.4001460266942543,1.4001207926536168,1.3999987627421826
N8192_eta005,0.0001,0.0,4.570881896148752e-05,1.3729697153228342,1.3729479559328792,1.3728369066388244
N8192_eta005,0.0001,0.0,4.897788193684457e-05,1.3471794607384213,1.3471931261599457,1.3470925349903564
N8192_eta005,0.0001,0.0,5.2480746024977124e-05,1.3227966780421658,1.3228091808207518,1.3227185772550003
N8192_eta005,0.0001,0.0,5.623413251903491e-05,1.299750229402765,1.2997495799112797,1.2996685431721409
N8192_eta005,0.0001,0.0,6.025595860743569e-05,1.2779611200221952,1.277968309450577,1.2778964664835082
N8192_eta005,0.0001,0.0,6.456542290346563e-05,1.2574134289683994,1.2574198320320584,1.2573568556784944
N8192_eta005,0.0001,0.0,6.918309709189364e-05,1.2380510659441826,1.238059045073673,1.2380046524244528
N8192_eta005,0.0001,0.0,7.413102413009161e-05,1.219838119793205,1.2198412473499574,1.2197951982652224
N8192_eta005,0.0001,0.0,7.943282347242822e-05,1.2027152074706962,1.2027221142860236,1.2026842100680792
N8192_eta005,0.0001,0.0,8.51138038202376e-05,1.186652269400201,1.186657682364405,1.1866277645701246
N8192_eta005,0.0001,0.0,9.120108393559079e-05,1.1716072312974235,1.171604342841152,1.1715822922205463
N8192_eta005,0.0001,0.0,9.772372209558111e-05,1.1575132616816366,1.1575188447893332,1.1575045803368365
N8192_eta005,0.0001,0.0,0.00010471285480508985,1.1443676118282524,1.1443583072891288,1.1443517853940488
N8192_eta005,0.0001,0.0,0.00011220184543019607,1.1320767805997853,1.1320802403684402,1.1320814540507294
N8192_eta005,0.0001,0.0,0.00012022644346174132,1.1206381992847456,1.1206425740718176,1.120651552288947
N8192_eta005,0.0001,0.0,0.00012882495516931323,1.1100009917771527,1.1100036948050263,1.1100205018151215
N8192_eta005,0.0001,0.0,0.0001380384264602881,1.1001290103573766,1.1001224878751628,1.1001472226407145
N8192_eta005,0.0001,0.0,0.00014791083881682073,1.0909550232999805,1.0909583849294662,1.0909911805447434
N8192_eta005,0.0001,0.0,0.0001584893192461111,1.0824752713313417,1.082471414797625,1.082512437921346
N8192_eta005,0.0001,0.0,0.0001698243652461746,1.0746191134255734,1.0746222560696852,1.074671706342414
N8192_eta005,0.0001,0.0,0.00018197008586099826,1.0673691054344152,1.0673722896008973,1.0674303990239533
N8192_eta005,0.0001,0.0,0.00019498445997580418,1.0606806688287027,1.060683649030918,1.0607506812801755
N8192_eta005,0.0001,0.0,0.00020892961308540412,1.0545179192447247,1.0545192673408739,1.0545955169845709
N8192_eta005,0.0001,0.0,0.00022387211385683378,1.0488460861739104,1.0488429174490268,1.0489287090334405
N8192_eta005,0.0001,0.0,0.0002398832919019485,1.0436170437776886,1.0436192448630885,1.0437149318235364
N8192_eta005,0.0001,0.0,0.0002570395782768865,1.0388128687204257,1.0388137904614776,1.0389197538083472
N8192_eta005,0.0001,0.0,0.00027542287033381635,1.0343946927682308,1.0343930015616611,1.034509648281966
N8192_eta005,0.0001,0.0,0.0002951209226666378,1.030325706570135,1.030324229544435,1.030451990648444
N8192_eta005,0.0001,0.0,0.000316227766016838,1.026574832092194,1.0265757124303183,1.026715040559968
N8192_eta005,0.0001,0.0,0.0003388441561392021,1.0231151199532373,1.0231165409393945,1.0232679074401976
N8192_eta005,0.0001,0.0,0.0003630780547701003,1.0199182599118477,1.0199166067000245,1.0200804980408211
N8192_eta005,0.0001,0.0,0.0003890451449942805,1.0169459794832827,1.0169465313965949,1.017123444801459
N8192_eta005,0.0001,0.0,0.0004168693834703347,1.014176110276758,1.0141775757547902,1.014368013888463
N8192_eta005,0.0001,0.0,0.0004466835921509635,1.0115803838047914,1.0115815273496749,1.0117859918717893
N8192_eta005,0.0001,0.0,0.00047863009232263805,1.0091293277831843,1.0091305662846235,1.0093495500584173
N8192_eta005,0.0001,0.0,0.0005128613839913639,1.0067961752702372,1.0067971078282747,1.0070310855363704
N8192_eta005,0.0001,0.0,0.0005495408738576249,1.0045548372767878,1.0045536211167936,1.004803037999724
N8192_eta005,0.0001,0.0,0.0005888436553555884,1.0023715366662742,1.0023724230382611,1.0026376814309135
N8192_eta005,0.0001,0.0,0.0006309573444801918,1.0002265624707287,1.0002254464290858,1.0005068897263019
N8192_eta005,0.0001,0.0,0.000676082975391982,0.9980833241982991,0.9980839817484453,0.9983818753843754
N8192_eta005,0.0001,0.0,0.0007244359600749892,0.9959174885153549,0.9959183914827923,0.9962329004602934
N8192_eta005,0.0001,0.0,0.0007762471166286897,0.9936971739651147,0.9936977967028509,0.9940289591611284
N8192_eta005,0.0001,0.0,0.000831763771102671,0.9913890697554044,0.9913897354946117,0.9917374317582129
N8192_eta005,0.0001,0.0,0.000891250938133744,0.9889589769687335,0.9889597934685795,0.9893237099827545
N8192_eta005,0.0001,0.0,0.000954992586021437,0.9863710466760867,0.9863712072857467,0.9867507948179345
N8192_eta005,0.0001,0.0,0.0010232929922807535,0.9835852358287396,0.9835844432063681,0.983978868688999
N8192_eta005,0.0001,0.0,0.001096478196143183,0.9805560689812066,0.9805567541659005,0.9809648455824944
N8192_eta005,0.0001,0.0,0.0011748975549395304,0.9772423891916737,0.9772417209240992,0.9776619047128376
N8192_eta005,0.0001,0.0,0.0012589254117941662,0.9735881200837321,0.9735887855450797,0.9740190161295005
N8192_eta005,0.0001,0.0,0.0013489628825916506,0.9695431761423701,0.969542788984107,0.9699804702618637
N8192_eta005,0.0001,0.0,0.0014454397707459282,0.9650439678436817,0.9650435290178151,0.9654854279726509
N8192_eta005,0.0001,0.0,0.0015488166189124796,0.9600250415757987,0.96002536027989,0.9604675133609085
N8192_eta005,0.0001,0.0,0.0016595869074375565,0.9544162942822432,0.9544168648360971,0.9548544784071193
N8192_eta005,0.0001,0.0,0.001778279410038923,0.948140096426182,0.9481406295563206,0.9485679765928647
N8192_eta005,0.0001,0.0,0.0019054607179632445,0.9411126822319782,0.9411131753949091,0.9415234917298225
N8192_eta005,0.0001,0.0,0.0020417379446695232,0.9332445790878631,0.9332450932558439,0.933630478069155
N8192_eta005,0.0001,0.0,0.002187761623949552,0.924440972666286,0.9244414507973653,0.924792777712828
N8192_eta005,0.0001,0.0,0.002344228815319918,0.9146023619583201,0.9146025433462923,0.9149093904021334
N8192_eta005,0.0001,0.0,0.002511886431509582,0.9036254209678141,0.9036250685974277,0.9038756774140682
N8192_eta005,0.0001,0.0,0.0026915348039269144,0.8914041707447012,0.891403806974882,0.8915850834852345
N8192_eta005,0.0001,0.0,0.0028840315031266,0.877833524982405,0.8778338848780197,0.8779314557584512
N8192_eta005,0.0001,0.0,0.003090295432513592,0.8628135619109577,0.862813683512603,0.8628120235871743
N8192_eta005,0.0001,0.0,0.003311311214825908,0.8462488354247389,0.8462484284170961,0.8461310743271255
N8192_eta005,0.0001,0.0,0.003548133892335746,0.8280540630991623,0.8280544512576505,0.8278043150331462
N8192_eta005,0.0001,0.0,0.0038018939632056127,0.8081643190124064,0.8081640542190317,0.8077638464808207
N8192_eta005,0.0001,0.0,0.0040738027780411225,0.7865306457073509,0.7865308287616226,0.7859635946426653
N8192_eta005,0.0001,0.0,0.004365158322401648,0.7631353099453382,0.7631351883940427,0.7623849496743149
N8192_eta005,0.0001,0.0,0.004677351412871981,0.737989621974628,0.7379897775713249,0.7370422622051959
N8192_eta005,0.0001,0.0,0.005011872336272715,0.7111445253464308,0.7111443289022286,0.7099877549496475
N8192_eta005,0.0001,0.0,0.005370317963702533,0.6826891988609007,0.6826894758701629,0.6813153424352719
N8192_eta005,0.0001,0.0,0.005754399373371567,0.6527593068895117,0.6527590077602179,0.6511628331958413
N8192_eta005,0.0001,0.0,0.006165950018614809,0.6215298841361371,0.6215300953508751,0.6197120354193054
N8192_eta005,0.0001,0.0,0.006606934480075964,0.5892211591343723,0.5892211314277574,0.5871864099233803
N8192_eta005,0.0001,0.0,0.007079457843841374,0.5560871894129003,0.5560870187473157,0.5538461120921949
N8192_eta005,0.0001,0.0,0.007585775750291821,0.5224117647805873,0.5224119838076569,0.5199805196495333
N8192_eta005,0.0001,0.0,0.008128305161640995,0.48850031095796714,0.4885002662984137,0.48589862256583455
N8192_eta005,0.0001,0.0,0.008709635899560796,0.45466545150724635,0.454665288990072,0.45191791067989395
N8192_eta005,0.0001,0.0,0.009332543007969887,0.421217978126395,0.42121810623297057,0.41835258758980026
N8192_eta005,0.0001,0.0,0.01,0.38845593211528295,0.3884560245723985,0.38550202916557796
N8192_eta005,0.0001,4.0,1.0000000000000002e-14,0.3869076075742523,0.3869164134122582,0.38689658655441445
N8192_eta005,0.0001,4.0,1.0715193052376049e-14,0.4005258987736977,0.4005113421477836,0.40049032228736786
N8192_eta005,0.0001,4.0,1.148153621496884e-14,0.4145871453800734,0.4145839657048581,0.4145614822271388
N8192_eta005,0.0001,4.0,1.2302687708123812e-14,0.4291811136614483,0.4291511161532568,0.4291268125377301
N8192_eta005,0.0001,4.0,1.3182567385564046e-14,0.44423244493228464,0.44422953235219603,0.4442036444358284
N8192_eta005,0.0001,4.0,1.4125375446227557e-14,0.45985182476995623,0.4598374965294661,0.4598099143751122
N8192_eta005,0.0001,4.0,1.5135612484362073e-14,0.47598217175231433,0.47599368950577015,0.47596418489891573
N8192_eta005,0.0001,4.0,1.6218100973589332e-14,0.49270333366027547,0.4927172581856235,0.49268566618027676
N8192_eta005,0.0001,4.0,1.7378008287493765e-14,0.5100075633323549,0.5100281812654638,0.5099942382685576
N8192_eta005,0.0001,4.0,1.8620871366628658e-14,0.5279256468909286,0.5279466014671155,0.5279104740620095
N8192_eta005,0.0001,4.0,1.9952623149688828e-14,0.5464928780889065,0.5464944001271308,0.5464556630256835
N8192_eta005,0.0001,4.0,2.1379620895022327e-14,0.5656882762010648,0.5656935042440174,0.5656518356741513
N8192_eta005,0.0001,4.0,2.29086765276777e-14,0.5855995932693998,0.5855662031439255,0.5855217888384392
N8192_eta005,0.0001,4.0,2.4547089156850338e-14,0.6061440306142344,0.6061367613744801,0.6060891117364295
N8192_eta005,0.0001,4.0,2.6302679918953815e-14,0.6274681893863074,0.6274289826166719,0.6273782128657889
N8192_eta005,0.0001,4.0,2.8183829312644495e-14,0.6494665082899448,0.6494688303531395,0.6494143477381465
N8192_eta005,0.0001,4.0,3.019951720402019e-14,0.6722855305007227,0.6722818196836271,0.6722236474727832
N8192_eta005,0.0001,4.0,3.2359365692962816e-14,0.6958709298935378,0.6958954281686598,0.695833148267519
N8192_eta005,0.0001,4.0,3.46736850452531e-14,0.720308649793046,0.7203375552109987,0.7202708217637833
N8192_eta005,0.0001,4.0,3.715352290971728e-14,0.7456130045748689,0.7456370332411257,0.7455656063218798
N8192_eta005,0.0001,4.0,3.9810717055349693e-14,0.7718004962026949,0.7718238013786843,0.771747439221413
N8192_eta005,0.0001,4.0,4.2657951880159345e-14,0.7989469589529665,0.798929016573192,0.7988472898005182
N8192_eta005,0.0001,4.0,4.570881896148752e-14,0.826986941179372,0.8269847101702089,0.8268971935459428
N8192_eta005,0.0001,4.0,4.897788193684456e-14,0.8560828154865258,0.8560240630930844,0.8559302871442303
N8192_eta005,0.0001,4.0,5.248074602497734e-14,0.8860902758165565,0.8860812226082009,0.8859808445020834
N8192_eta005,0.0001,4.0,5.623413251903491e-14,0.9172322527885071,0.9171916662060225,0.9170843137415151
N8192_eta005,0.0001,4.0,6.025595860743569e-14,0.9493765243697043,0.9493922860812316,0.9492773551725369
N8192_eta005,0.0001,4.0,6.456542290346563e-14,0.9827029546759252,0.9827209128922474,0.9825978802427968
N8192_eta005,0.0001,4.0,6.918309709189363e-14,1.0171756736864543,1.0172168754892388,1.0170850914598337
N8192_eta005,0.0001,4.0,7.413102413009162e-14,1.052875791111798,1.0529206269866815,1.0527795232773327
N8192_eta005,0.0001,4.0,7.943282347242822e-14,1.0898578814903463,1.089874013414124,1.0897230839317944
N8192_eta005,0.0001,4.0,8.51138038202376e-14,1.1281016946768299,1.1281207445785388,1.127959098210525
N8192_eta005,0.0001,4.0,9.120108393559116e-14,1.167759957861677,1.1677054495712271,1.1675323511255955
N8192_eta005,0.0001,4.0,9.772372209558112e-14,1.2086868680814251,1.208674381951634,1.2084891324611904
N8192_eta005,0.0001,4.0,1.0471285480508985e-13,1.251160685307474,1.2510756799221152,1.2508772821539194
N8192_eta005,0.0001,4.0,1.1220184543019654e-13,1.2949619333202442,1.2949586294089923,1.2947462364565256
N8192_eta005,0.0001,4.0,1.2022644346174131e-13,1.3404000727908225,1.3403745053077945,1.340147074825353
N8192_eta005,0.0001,4.0,1.2882495516931323e-13,1.3873352664538383,1.3873760046221983,1.3871325674606498
N8192_eta005,0.0001,4.0,1.3803842646028868e-13,1.4359668064914883,1.43601788891133,1.4357572234159313
N8192_eta005,0.0001,4.0,1.4791083881682072e-13,1.4863012858833782,1.4863564433726881,1.4860773391785673
N8192_eta005,0.0001,4.0,1.584893192461111e-13,1.5383938411427542,1.538449843501967,1.5381510476078233
N8192_eta005,0.0001,4.0,1.698243652461746e-13,1.5923734125972078,1.5923582875291784,1.5920383670988452
N8192_eta005,0.0001,4.0,1.8197008586099824e-13,1.648138428173137,1.648143838127223,1.6478012508214221
N8192_eta005,0.0001,4.0,1.9498445997580416e-13,1.7059798444144316,1.705870422910899,1.705503635860412
N8192_eta005,0.0001,4.0,2.0892961308540411e-13,1.765625355136999,1.765604235535745,1.7652114920602378
N8192_eta005,0.0001,4.0,2.2387211385683378e-13,1.8275129125469112,1.8274134442611536,1.8269928703488434
N8192_eta005,0.0001,4.0,2.3988329190194847e-13,1.8913502686478578,1.8913682312374696,1.8909179502864712
N8192_eta005,0.0001,4.0,2.570395782768865e-13,1.9575262786878755,1.9575411690919249,1.957059086551197
N8192_eta005,0.0001,4.0,2.7542287033381635e-13,2.0259300193302736,2.0260070350650383,2.0254908540364114
N8192_eta005,0.0001,4.0,2.95120922666639e-13,2.096751737415535,2.0968428107797723,2.096290091194723
N8192_eta005,0.0001,4.0,3.1622776601683797e-13,2.1700766624683117,2.1701276697961096,2.169535941217517
N8192_eta005,0.0001,4.0,3.3884415613920205e-13,2.2458892936962767,2.2459434612779168,2.2453098905900775
N8192_eta005,0.0001,4.0,3.630780547701018e-13,2.324457833137482,2.3243741516419294,2.3236958045071523
N8192_eta005,0.0001,4.0,3.890451449942805e-13,2.40552376177667,2.4055062285594513,2.404779958573802
N8192_eta005,0.0001,4.0,4.168693834703347e-13,2.4896024287257825,2.4894285902478277,2.4886510661501178
N8192_eta005,0.0001,4.0,4.466835921509635e-13,2.5762507768228238,2.5762327249126704,2.5754003006256627
N8192_eta005,0.0001,4.0,4.786300923226381e-13,2.6660938750779817,2.666012429350672,2.665121311829827
N8192_eta005,0.0001,4.0,5.128613839913659e-13,2.7588004923523908,2.7588641700531644,2.7579102356971403
N8192_eta005,0.0001,4.0,5.495408738576248e-13,2.8548011846832697,2.8548868993036614,2.8538656962110003
N8192_eta005,0.0001,4.0,5.888436553555884e-13,2.954067944766204,2.954181934713988,2.9530887985455463
N8192_eta005,0.0001,4.0,6.309573444801943e-13,3.0567274424570376,3.056853198020532,3.0556831122117263
N8192_eta005,0.0001,4.0,6.760829753919819e-13,3.1630051901336245,3.163006997104345,3.161754642890586
N8192_eta005,0.0001,4.0,7.244359600749892e-13,3.2727217112603464,3.272752185355572,3.2714117915031378
N8192_eta005,0.0001,4.0,7.762471166286928e-13,3.3863972336451797,3.3861998320759783,3.3847652989212444
N8192_eta005,0.0001,4.0,8.317637711026709e-13,3.5035060371864253,3.5034633787563174,3.5019281745678725
N8192_eta005,0.0001,4.0,8.912509381337441e-13,3.624879272410741,3.6246584412594745,3.6230156069868045
N8192_eta005,0.0001,4.0,9.54992586021437e-13,3.7498887789187716,3.749902750670546,3.74814485428106
N8192_eta005,0.0001,4.0,1.0232929922807536e-12,3.879321255126498,3.8793159349010593,3.8774351121262214
N8192_eta005,0.0001,4.0,1.0964781961431851e-12,4.012883066100713,4.013019615276667,4.011007356858711
N8192_eta005,0.0001,4.0,1.1748975549395302e-12,4.150956595351714,4.151136813014508,4.148984160920338
N8192_eta005,0.0001,4.0,1.258925411794166e-12,4.293671884587532,4.293792090700564,4.291489477709467
N8192_eta005,0.0001,4.0,1.3489628825916534e-12,4.440977126810513,4.441111167368073,4.438648392646476
N8192_eta005,0.0001,4.0,1.445439770745928e-12,4.593348069192499,4.593220642181023,4.59058683700761
N8192_eta005,0.0001,4.0,1.5488166189124795e-12,4.7502666198282135,4.75024762221826,4.747431260818893
N8192_eta005,0.0001,4.0,1.6595869074375598e-12,4.912660232815341,4.912319487232646,4.90930826083189
N8192_eta005,0.0001,4.0,1.7782794100389228e-12,5.079612856886767,5.079563266889639,5.076344159328664
N8192_eta005,0.0001,4.0,1.9054607179632443e-12,5.252304067244626,5.25210538695211,5.248664529228067
N8192_eta005,0.0001,4.0,2.041737944669532e-12,5.429975117485242,5.430070930930588,5.426393660693288
N8192_eta005,0.0001,4.0,2.1877616239495518e-12,5.613435624319956,5.613583256718472,5.609653964177114
N8192_eta005,0.0001,4.0,2.344228815319923e-12,5.802547544531908,5.802763136313219,5.798565304593714
N8192_eta005,0.0001,4.0,2.5118864315095823e-12,5.997458819729385,5.99772813202865,5.9932442610807515
N8192_eta005,0.0001,4.0,2.6915348039269142e-12,6.198557823866633,6.198591688169279,6.193803306624749
N8192_eta005,0.0001,4.0,2.884031503126606e-12,6.405372852518041,6.405462374780746,6.40034990167548
N8192_eta005,0.0001,4.0,3.090295432513592e-12,6.618801007061834,6.618442692202238,6.612985495786732
N8192_eta005,0.0001,4.0,3.311311214825908e-12,6.837709644828147,6.837628120057233,6.831804431305838
N8192_eta005,0.0001,4.0,3.548133892335753e-12,7.063553114378491,7.063105848051059,7.056892743211501
N8192_eta005,0.0001,4.0,3.8018939632056125e-12,7.294953863587734,7.294953484974508,7.288326849389023
N8192_eta005,0.0001,4.0,4.073802778041122e-12,7.533274864619642,7.533237649424471,7.5261721259579515
N8192_eta005,0.0001,4.0,4.365158322401657e-12,7.777779965373412,7.778012356458195,7.770481362755031
N8192_eta005,0.0001,4.0,4.677351412871982e-12,8.028955411279991,8.029317394786071,8.021293094754297
N8192_eta005,0.0001,4.0,5.011872336272715e-12,8.286949522100748,8.287176511105498,8.278629806108762
N8192_eta005,0.0001,4.0,5.370317963702533e-12,8.551302190647974,8.551595489259217,8.5424960046568
N8192_eta005,0.0001,4.0,5.754399373371567e-12,8.822785171132153,8.822560047818971,8.81287616618853
N8192_eta005,0.0001,4.0,6.165950018614822e-12,9.100056332116436,9.100033669511735,9.0897325495508
N8192_eta005,0.0001,4.0,6.6069344800759645e-12,9.384597875167845,9.383955301858197,9.373002885819666
N8192_eta005,0.0001,4.0,7.079457843841373e-12,9.674346877422316,9.674236828931,9.662597947326585
N8192_eta005,0.0001,4.0,7.585775750291836e-12,9.97113770159372,9.970760609264511,9.958399005320421
N8192_eta005,0.0001,4.0,8.128305161640996e-12,10.273230214649933,10.273376770117224,10.260255188513854
N8192_eta005,0.0001,4.0,8.709635899560797e-12,10.581593576478793,10.581900427899761,10.56798075872181
N8192_eta005,0.0001,4.0,9.332543007969906e-12,10.89574687310279,10.89610894069952,10.88135232426411
N8192_eta005,0.0001,4.0,1e-11,11.215193566238579,11.215739033328747,11.200106016773873
N8192_eta005,0.0001,4.0,1.0715193052376049e-11,11.5404564058494,11.540483912810187,11.523934662509136
N8192_eta005,0.0001,4.0,1.1481536214968842e-11,11.869814353624301,11.869990500134648,11.852484985166631
N8192_eta005,0.0001,4.0,1.2302687708123813e-11,12.204528870729593,12.203856631857171,12.185354883476691
N8192_eta005,0.0001,4.0,1.3182567385564075e-11,12.541793899550697,12.541628431820032,12.52209083341841
N8192_eta005,0.0001,4.0,1.4125375446227556e-11,12.883573759854524,12.88279788328924,12.86218547159752
N8192_eta005,0.0001,4.0,1.5135612484362072e-11,13.226821112627418,13.226800606609121,13.205075423002254
N8192_eta005,0.0001,4.0,1.6218100973589298e-11,13.572980332886486,13.57301398291774,13.550139442772371
N8192_eta005,0.0001,4.0,1.7378008287493765e-11,13.92038804939646,13.92075561828262,13.896696947519413
N8192_eta005,0.0001,4.0,1.8620871366628657e-11,14.268547252661214,14.269282350627906,14.24400701680959
N8192_eta005,0.0001,4.0,1.995262314968879e-11,14.61749546146335,14.617789756828575,14.59126794931072
N8192_eta005,0.0001,4.0,2.1379620895022327e-11,14.964898133517595,14.96541231769009,14.937617460419279
N8192_eta005,0.0001,4.0,2.2908676527677702e-11,15.311723288180133,15.311224342203493,15.282133608507696
N8192_eta005,0.0001,4.0,2.4547089156850283e-11,15.654336243055871,15.654241678380373,15.62383653483517
N8192_eta005,0.0001,4.0,2.6302679918953818e-11,15.994494298904357,15.993424343539012,15.961691097229036
N8192_eta005,0.0001,4.0,2.8183829312644493e-11,16.327888856181257,16.327680115605368,16.294610469482162
N8192_eta005,0.0001,4.0,3.019951720402019e-11,16.65628647128179,16.65586917881672,16.621460766700025
N8192_eta005,0.0001,4.0,3.235936569296281e-11,16.97658349833203,16.976809837115514,16.941066741343242
N8192_eta005,0.0001,4.0,3.467368504525317e-11,17.288551053002774,17.289285324029247,17.252218575348465
N8192_eta005,0.0001,4.0,3.715352290971728e-11,17.591597474041883,17.592051767716384,17.55367977054131
N8192_eta005,0.0001,4.0,3.9810717055349695e-11,17.882941919704102,17.883847179395104,17.844196112845175
N8192_eta005,0.0001,4.0,4.2657951880159254e-11,18.16359616913123,18.16340152834516,18.1225056560243
N8192_eta005,0.0001,4.0,4.570881896148752e-11,18.429307017497752,18.429447740033844,18.38734963860596
N8192_eta005,0.0001,4.0,4.897788193684457e-11,18.681855388800063,18.68073351872687,18.637484214167564
N8192_eta005,0.0001,4.0,5.2480746024977236e-11,18.916372014047376,18.916033846322033,18.871692841538778
N8192_eta005,0.0001,4.0,5.6234132519034906e-11,19.13504493419247,19.134163964100512,19.0887991490367
N8192_eta005,0.0001,4.0,6.025595860743569e-11,19.33401123209316,19.3339926137201,19.287680057137933
N8192_eta005,0.0001,4.0,6.456542290346562e-11,19.513970464661902,19.514455315285016,19.467278918572998
N8192_eta005,0.0001,4.0,6.918309709189364e-11,19.67412820415226,19.674567384521204,19.626618415258033
N8192_eta005,0.0001,4.0,7.413102413009162e-11,19.812248647969856,19.81343644197782,19.764812939177517
N8192_eta005,0.0001,4.0,7.943282347242822e-11,19.93016972564729,19.930274127964562,19.88108018048881
N8192_eta005,0.0001,4.0,8.511380382023759e-11,20.023905489447024,20.024406731808668,19.974751651591372
N8192_eta005,0.0001,4.0,9.120108393559097e-11,20.09619308231352,20.095284500424448,20.045281891119853
N8192_eta005,0.0001,4.0,9.772372209558111e-11,20.142823897928345,20.14248937258705,20.092256116731487
N8192_eta005,0.0001,4.0,1.0471285480508986e-10,20.16689507092833,20.165740948660428,20.11539612959026
N8192_eta005,0.0001,4.0,1.1220184543019632e-10,20.165180675589163,20.16490053629209,20.11456431551749
N8192_eta005,0.0001,4.0,1.2022644346174132e-10,20.139915305951934,20.139973163580436,20.089765636320394
N8192_eta005,0.0001,4.0,1.2882495516931322e-10,20.09084308389715,20.091107505941558,20.041147557876023
N8192_eta005,0.0001,4.0,1.3803842646028838e-10,20.017388130202292,20.018593728412032,19.96899791690461
N8192_eta005,0.0001,4.0,1.479108388168207e-10,19.922576617919542,19.922859302260022,19.87374078364068
N8192_eta005,0.0001,4.0,1.5848931924611142e-10,19.8036012910186,19.804462906447945,19.75593043043086
N8192_eta005,0.0001,4.0,1.6982436524617427e-10,19.664621975373233,19.66408657434586,19.616243564439277
N8192_eta005,0.0001,4.0,1.8197008586099827e-10,19.50268989258712,19.502526289514716,19.45547002419588
N8192_eta005,0.0001,4.0,1.9498445997580455e-10,19.321808839340317,19.32068126661482,19.27450217315095
N8192_eta005,0.0001,4.0,2.0892961308540407e-10,19.119997309780242,19.119542176258637,19.074323247649733
N8192_eta005,0.0001,4.0,2.2387211385683377e-10,18.900551971477324,18.900178591201104,18.855994931276896
N8192_eta005,0.0001,4.0,2.3988329190194897e-10,18.663716013241295,18.663725936210614,18.62064443232618
N8192_eta005,0.0001,4.0,2.570395782768865e-10,18.410453016724837,18.411372212355882,18.369451336688748
N8192_eta005,0.0001,4.0,2.7542287033381637e-10,18.144045583886875,18.14434476107874,18.10363449560599
N8192_eta005,0.0001,4.0,2.951209226666384e-10,17.862832829471415,17.86389731179745,17.82443918770795
N8192_eta005,0.0001,4.0,3.1622776601683795e-10,17.571464094946464,17.571297525620885,17.53312476899097
N8192_eta005,0.0001,4.0,3.3884415613920275e-10,17.267681781553975,17.267815220317033,17.23095299443464
N8192_eta005,0.0001,4.0,3.6307805477010104e-10,16.9555618570764,16.954711433418264,16.91917716239443
N8192_eta005,0.0001,4.0,3.890451449942805e-10,16.633694565247225,16.63322843791166,16.599032199240575
N8192_eta005,0.0001,4.0,4.168693834703355e-10,16.305215215500027,16.304580792198575,16.27172576831386
N8192_eta005,0.0001,4.0,4.4668359215096254e-10,15.970171993175803,15.969947485447777,15.938430455307735
N8192_eta005,0.0001,4.0,4.78630092322638e-10,15.630015599760057,15.630465188450763,15.600277052613269
N8192_eta005,0.0001,4.0,5.128613839913648e-10,15.287037959016008,15.287222615187911,15.258348938685911
N8192_eta005,0.0001,4.0,5.495408738576249e-10,14.940244234156477,14.941255962180524,14.9136775255816
N8192_eta005,0.0001,4.0,5.888436553555885e-10,14.593473252221372,14.593545379028294,14.56723872871677
N8192_eta005,0.0001,4.0,6.30957344480193e-10,14.244574528037708,14.245012408691132,14.21995039768483
N8192_eta005,0.0001,4.0,6.760829753919819e-10,13.896995048407613,13.896518324077864,13.872670635506061
N8192_eta005,0.0001,4.0,7.244359600749892e-10,13.549166791960923,13.548863276086989,13.526196925760853
N8192_eta005,0.0001,4.0,7.762471166286911e-10,13.203438796416718,13.202786171139172,13.181265982330299
N8192_eta005,0.0001,4.0,8.31763771102671e-10,12.85932177758913,12.858965186475459,12.838554234553733
N8192_eta005,0.0001,4.0,8.91250938133746e-10,12.518017155008634,12.51801883576102,12.498678861087916
N8192_eta005,0.0001,4.0,9.54992586021435e-10,12.180497267299721,12.18050750213848,12.162199288190607
N8192_eta005,0.0001,4.0,1.0232929922807536e-09,11.84620700250334,11.846935354171901,11.829619072135436
N8192_eta005,0.0001,4.0,1.0964781961431852e-09,11.517607012486708,11.517752572519491,11.501388090606937
N8192_eta005,0.0001,4.0,1.1748975549395278e-09,11.192745344265449,11.193357814472504,11.177904973872725
N8192_eta005,0.0001,4.0,1.2589254117941663e-09,10.874259700641282,10.874100854445672,10.859519712975763
N8192_eta005,0.0001,4.0,1.3489628825916533e-09,10.560324358019999,10.560285344692472,10.546536388870784
N8192_eta005,0.0001,4.0,1.445439770745928e-09,10.25265599690405,10.252171645247628,10.23921597312768
N8192_eta005,0.0001,4.0,1.5488166189124799e-09,9.95032585664135,9.949979680536291,9.93777915736934
N8192_eta005,0.0001,4.0,1.6595869074375598e-09,9.65415841403302,9.65389178666459,9.642409174867831
N8192_eta005,0.0001,4.0,1.778279410038923e-09,9.364201154942599,9.364055517520596,9.353254583595454
N8192_eta005,0.0001,4.0,1.9054607179632444e-09,9.080238423960619,9.080586385363802,9.070431985450075
N8192_eta005,0.0001,4.0,2.0417379446695276e-09,8.803476225888966,8.803570514741587,8.794028661308893
N8192_eta005,0.0001,4.0,2.187761623949552e-09,8.532479947887264,8.533067194668627,8.524105105994412
N8192_eta005,0.0001,4.0,2.344228815319923e-09,8.26908684281639,8.26911131658926,8.260697451160153
N8192_eta005,0.0001,4.0,2.511886431509577e-09,8.011508128103294,8.011715689944166,8.003819767536996
N8192_eta005,0.0001,4.0,2.6915348039269142e-09,7.761127208089617,7.7608732298624155,7.753466240945408
N8192_eta005,0.0001,4.0,2.884031503126606e-09,7.516769712981879,7.516559013907477,7.50961321900655
N8192_eta005,0.0001,4.0,3.0902954325135923e-09,7.279053524456329,7.278732207097186,7.272221127608992
N8192_eta005,0.0001,4.0,3.3113112148259078e-09,7.047561040263646,7.047337856276449,7.041236257946877
N8192_eta005,0.0001,4.0,3.5481338923357537e-09,6.8222811548192075,6.822308556052042,6.816592426375701
N8192_eta005,0.0001,4.0,3.8018939632056126e-09,6.60357608534523,6.603565989876707,6.598212510472234
N8192_eta005,0.0001,4.0,4.073802778041122e-09,6.390622076285952,6.391022350617584,6.386009865570351
N8192_eta005,0.0001,4.0,4.365158322401657e-09,6.184507242198942,6.184581645762489,6.179889626709732
N8192_eta005,0.0001,4.0,4.6773514128719815e-09,5.983807085865854,5.9841408926154305,5.979749901410073
N8192_eta005,0.0001,4.0,5.0118723362727255e-09,5.789659779585431,5.789591209429555,5.785482858998815
N8192_eta005,0.0001,4.0,5.370317963702522e-09,5.600839098965487,5.600818808478358,5.596975722401752
N8192_eta005,0.0001,4.0,5.754399373371567e-09,5.417939133625724,5.417705896962724,5.41411166837576
N8192_eta005,0.0001,4.0,6.165950018614823e-09,5.24033128756045,5.240131492047944,5.236770642142429
N8192_eta005,0.0001,4.0,6.606934480075952e-09,5.06811409003027,5.067972155645965,5.064830092288249
N8192_eta005,0.0001,4.0,7.0794578438413736e-09,4.901203367869956,4.901102655024153,4.898165631646588
N8192_eta005,0.0001,4.0,7.585775750291836e-09,4.739234450075054,4.739396554579427,4.736651629682921
N8192_eta005,0.0001,4.0,8.128305161640994e-09,4.582688876530695,4.582726744222924,4.580161741677978
N8192_eta005,0.0001,4.0,8.709635899560797e-09,4.430656669807877,4.430965909463361,4.428569379754563
N8192_eta005,0.0001,4.0,9.332543007969905e-09,4.283960894050734,4.283986947963544,4.281748130529313
N8192_eta005,0.0001,4.0,1e-08,4.141527640848219,4.141663337121544,4.139572123898412
N8192_eta005,0.0001,4.0,1.0715193052376048e-08,4.0039744654897,4.003869456973893,4.001916357190615
N8192_eta005,0.0001,4.0,1.1481536214968818e-08,3.870578193233692,3.870480872351404,3.8686569786469294
N8192_eta005,0.0001,4.0,1.2302687708123811e-08,3.7415375823860137,3.741374578002942,3.739671533916974
N8192_eta005,0.0001,4.0,1.3182567385564074e-08,3.6165630462295058,3.6164292101867486,3.6148391789997736
N8192_eta005,0.0001,4.0,1.4125375446227526e-08,3.495544722247293,3.4955252278271325,3.494040862804307
N8192_eta005,0.0001,4.0,1.5135612484362072e-08,3.3785732808870095,3.3785450662805525,3.3771594822629747
N8192_eta005,0.0001,4.0,1.62181009735893e-08,3.2651918880867505,3.265373266335192,3.2640800127011387
N8192_eta005,0.0001,4.0,1.7378008287493763e-08,3.155858598981132,3.1558965809944253,3.1546896159479054
N8192_eta005,0.0001,4.0,1.8620871366628656e-08,3.049809740209923,3.0500040623116647,3.0488777284682906
N8192_eta005,0.0001,4.0,1.995262314968879e-08,2.9475972661556495,2.947587130367044,2.946536131604433
N8192_eta005,0.0001,4.0,2.1379620895022325e-08,2.848511621780176,2.8485396262942513,2.847559005833811
N8192_eta005,0.0001,4.0,2.2908676527677703e-08,2.752857414832279,2.752757851118819,2.7518429707849106
N8192_eta005,0.0001,4.0,2.4547089156850285e-08,2.660237506039684,2.660140591975346,2.6592871125953876
N8192_eta005,0.0001,4.0,2.6302679918953814e-08,2.570683447219718,2.570589137155383,2.5697930000539166
N8192_eta005,0.0001,4.0,2.818382931264455e-08,2.4840832904707058,2.4840072812902085,2.483264690833772
N8192_eta005,0.0001,4.0,3.0199517204020135e-08,2.400265027134072,2.400301321866377,2.3996087290038655
N8192_eta005,0.0001,4.0,3.2359365692962815e-08,2.3193788017639188,2.3193800481256703,2.3187341348901604
N8192_eta005,0.0001,4.0,3.467368504525317e-08,2.2410068627695767,2.2411547233406997,2.2405523882570124
N8192_eta005,0.0001,4.0,3.7153522909717206e-08,2.1655144484493434,2.165539061325273,2.164977405683168
N8192_eta005,0.0001,4.0,3.9810717055349696e-08,2.0923385602893867,2.0924491979698288,2.0919255129204837
N8192_eta005,0.0001,4.0,4.265795188015926e-08,2.0218275316641976,2.021803658516573,2.0213154129442694
N8192_eta005,0.0001,4.0,4.5708818961487524e-08,1.9535343678706534,1.9535233212003353,1.9530681503318668
N8192_eta005,0.0001,4.0,4.897788193684457e-08,1.8876077269450076,1.8875313778268812,1.8871070725403747
N8192_eta005,0.0001,4.0,5.248074602497723e-08,1.823826357904263,1.823753291805911,1.823357788594546
N8192_eta005,0.0001,4.0,5.623413251903491e-08,1.7621681335812056,1.7621167540799767,1.7617481256415821
N8192_eta005,0.0001,4.0,6.025595860743569e-08,1.7025949243617566,1.7025516373701017,1.7022080837801497
N8192_eta005,0.0001,4.0,6.456542290346549e-08,1.6449465796543292,1.644989949087636,1.644669789526307
N8192_eta005,0.0001,4.0,6.918309709189362e-08,1.589359100658139,1.5893657832392538,1.5890674482385616
N8192_eta005,0.0001,4.0,7.413102413009178e-08,1.535510110198568,1.5356152716054348,1.5353372957876064
N8192_eta005,0.0001,4.0,7.943282347242806e-08,1.4836612960289883,1.4836765344485183,1.4834175497232942
N8192_eta005,0.0001,4.0,8.511380382023759e-08,1.4334202682172692,1.4334896309646286,1.433248360161534
N8192_eta005,0.0001,4.0,9.120108393559096e-08,1.3850156403667553,1.3849965096805823,1.3847717605869092
N8192_eta005,0.0001,4.0,9.772372209558092e-08,1.3381516845678376,1.3381409589605249,1.3379316187425885
N8192_eta005,0.0001,4.0,1.0471285480508985e-07,1.2929205636520804,1.2928685577748478,1.2926735877573046
N8192_eta005,0.0001,4.0,1.122018454301963e-07,1.249176714931077,1.2491266268574066,1.2489450576396468
N8192_eta005,0.0001,4.0,1.202264434617413e-07,1.2069013255601304,1.206864180363975,1.2066951072522667
N8192_eta005,0.0001,4.0,1.2882495516931324e-07,1.1660647122572068,1.1660318781275654,1.165874456862921
N8192_eta005,0.0001,4.0,1.380384264602884e-07,1.1265609168240818,1.1265819785908582,1.1264354213551313
N8192_eta005,0.0001,4.0,1.4791083881682074e-07,1.0884682356607454,1.0884682924877251,1.0883318641686488
N8192_eta005,0.0001,4.0,1.584893192461111e-07,1.0515788699486097,1.0516461373277337,1.0515191520286487
N8192_eta005,0.0001,4.0,1.6982436524617427e-07,1.0160601950375012,1.01607229273572,1.015954110512525
N8192_eta005,0.0001,4.0,1.8197008586099827e-07,0.981645112538278,0.9817049566821057,0.9815949804942614
N8192_eta005,0.0001,4.0,1.9498445997580458e-07,0.948506213137445,0.9485037026372305,0.9484013754983511
N8192_eta005,0.0001,4.0,2.0892961308540366e-07,0.916414625129959,0.9164294376725464,0.9163342399882415
N8192_eta005,0.0001,4.0,2.2387211385683377e-07,0.8854703836696104,0.8854443615273405,0.885355808608001
N8192_eta005,0.0001,4.0,2.39883291901949e-07,0.8555355276688072,0.8555119266531483,0.8554295663904292
N8192_eta005,0.0001,4.0,2.570395782768865e-07,0.8266314908756276,0.8265967992434178,0.8265202099399261
N8192_eta005,0.0001,4.0,2.7542287033381637e-07,0.798697118274983,0.798664821252175,0.798593609594201
N8192_eta005,0.0001,4.0,2.9512092266663846e-07,0.7717011329276255,0.7716829734007631,0.7716167725651344
N8192_eta005,0.0001,4.0,3.1622776601683797e-07,0.7456385310798092,0.7456193391699042,0.7455578070558504
N8192_eta005,0.0001,4.0,3.3884415613920205e-07,0.7204305150515172,0.7204430697701012,0.7203858873481838
N8192_eta005,0.0001,4.0,3.6307805477010105e-07,0.6961268277766407,0.6961243500819257,0.6960712198522779
N8192_eta005,0.0001,4.0,3.890451449942805e-07,0.6725973780493519,0.6726343655550521,0.67258501010792
N8192_eta005,0.0001,4.0,4.1686938347033557e-07,0.6499387365653546,0.649945270053679,0.6498994307253758
N8192_eta005,0.0001,4.0,4.4668359215096253e-07,0.6279868737042476,0.6280301546338594,0.6279875902519437
N8192_eta005,0.0001,4.0,4.786300923226381e-07,0.6068568724633874,0.606863017237241,0.606823502949135
N8192_eta005,0.0001,4.0,5.128613839913648e-07,0.5863848423531641,0.5864187332848578,0.5863820594642808
N8192_eta005,0.0001,4.0,5.495408738576237e-07,0.5666729949069571,0.566673027153292,0.5666389983794474
N8192_eta005,0.0001,4.0,5.888436553555884e-07,0.5475840814503585,0.5476024445151462,0.5475708786198189
N8192_eta005,0.0001,4.0,6.309573444801931e-07,0.5291915057206347,0.5291843255249119,0.5291550527031004
N8192_eta005,0.0001,4.0,6.760829753919819e-07,0.5113921686443935,0.5113967788313318,0.5113696408110299
N8192_eta005,0.0001,4.0,7.244359600749892e-07,0.4942311381935094,0.4942186563963613,0.49419350566375686
N8192_eta005,0.0001,4.0,7.762471166286911e-07,0.47763375865287916,0.4776295291012788,0.47760622817757936
N8192_eta005,0.0001,4.0,8.31763771102671e-07,0.4616247167860291,0.461609663119888,0.46158808388640105
N8192_eta005,0.0001,4.0,8.912509381337442e-07,0.44614841628227475,0.4461399970389343,0.4461200201071644
N8192_eta005,0.0001,4.0,9.54992586021435e-07,0.43121758786777054,0.4312021197056919,0.4311836338295183
N8192_eta005,0.0001,4.0,1.0232929922807537e-06,0.41678750177365026,0.4167782487829508,0.4167611503100268
N8192_eta005,0.0001,4.0,1.0964781961431828e-06,0.4028657106859856,0.4028512099914946,0.4028354023513011
N8192_eta005,0.0001,4.0,1.1748975549395304e-06,0.38941194243665067,0.38940441702049255,0.3893898102465845
N8192_eta005,0.0001,4.0,1.2589254117941661e-06,0.3764341665275802,0.3764218520863189,0.37640836237049086
N8192_eta005,0.0001,4.0,1.3489628825916506e-06,0.3638910387821654,0.36388804712052436,0.3638755963967689
N8192_eta005,0.0001,4.0,1.445439770745928e-06,0.35179644676575395,0.35178806556794706,0.3517765811242179
N8192_eta005,0.0001,4.0,1.5488166189124796e-06,0.3401023438231668,0.34010748477618,0.3400968988920871
N8192_eta005,0.0001,4.0,1.6595869074375565e-06,0.32883492551266835,0.32883237895781875,0.32882262856654443
N8192_eta005,0.0001,4.0,1.7782794100389231e-06,0.31793381068620374,0.31794930270727495,0.31794032908007286
N8192_eta005,0.0001,4.0,1.9054607179632443e-06,0.30744268058591856,0.3074452750541277,0.3074370235058924
N8192_eta005,0.0001,4.0,2.0417379446695316e-06,0.2972885502261235,0.2973077640352785,0.29730018364977806
N8192_eta005,0.0001,4.0,2.187761623949552e-06,0.28752385578927453,0.2875246717684644,0.2875177151419177
N8192_eta005,0.0001,4.0,2.344228815319918e-06,0.2780795199836136,0.2780843200099284,0.27807794301168176
N8192_eta005,0.0001,4.0,2.5118864315095823e-06,0.26898389081059676,0.2689754361793004,0.26896959772846574
N8192_eta005,0.0001,4.0,2.6915348039269138e-06,0.2601972456507444,0.2601871398350132,0.2601818016919826
N8192_eta005,0.0001,4.0,2.8840315031266e-06,0.25171006689608455,0.25170892958378815,0.2517040561556231
N8192_eta005,0.0001,4.0,3.0902954325135923e-06,0.24353062374524526,0.24353067040797638,0.243526228566737
N8192_eta005,0.0001,4.0,3.311311214825908e-06,0.23562864731381156,0.23564258139475994,0.23563854030788742
N8192_eta005,0.0001,4.0,3.548133892335746e-06,0.22803955120557204,0.22803522385137995,0.22803155482332615
N8192_eta005,0.0001,4.0,3.801893963205613e-06,0.2207078110303769,0.22069948979081444,0.2206961661151428
N8192_eta005,0.0001,4.0,4.073802778041122e-06,0.21362056755979764,0.21362659077244497,0.21362358759369485
N8192_eta005,0.0001,4.0,4.365158322401666e-06,0.20680694671696748,0.20680804708245026,0.20680534126709227
N8192_eta005,0.0001,4.0,4.677351412871981e-06,0.20024075672152222,0.2002356772388148,0.20023324725467617
N8192_eta005,0.0001,4.0,5.011872336272715e-06,0.19389810989959458,0.19390158780596872,0.19389941360954513
N8192_eta005,0.0001,4.0,5.370317963702533e-06,0.18779811719618883,0.18779816350424416,0.18779622643534954
N8192_eta005,0.0001,4.0,5.754399373371567e-06,0.18192450568759652,0.18191805759943797,0.18191634028268755
N8192_eta005,0.0001,4.0,6.16595001861481e-06,0.17624408532363106,0.1762541825579247,0.17625266881057142
N8192_eta005,0.0001,4.0,6.606934480075964e-06,0.17080483955616813,0.17079970095290736,0.1707983756985865
N8192_eta005,0.0001,4.0,7.079457843841373e-06,0.16554694706269288,0.16554801660753835,0.1655468657955056
N8192_eta005,0.0001,4.0,7.585775750291821e-06,0.16049794866553907,0.16049276596082201,0.16049177649029367
N8192_eta005,0.0001,4.0,8.128305161640995e-06,0.15562416149460026,0.1556278096424188,0.15562696929164846
N8192_eta005,0.0001,4.0,8.709635899560797e-06,0.15094086850255564,0.15094722424269982,0.150946521602453
N8192_eta005,0.0001,4.0,9.332543007969886e-06,0.1464477776204733,0.1464452942646962,0.14644471867580164
N8192_eta005,0.0001,4.0,1e-05,0.14211988037236442,0.14211650424494612,0.14211604573962405
N8192_eta005,0.0001,4.0,1.071519305237605e-05,0.13795652201803443,0.13795553103065908,0.13795518027734777
N8192_eta005,0.0001,4.0,1.1481536214968841e-05,0.13395706357996026,0.1339572362011463,0.13395698445256396
N8192_eta005,0.0001,4.0,1.230268770812381e-05,0.13011631184010392,0.13011665862210348,0.13011649766629918
N8192_eta005,0.0001,4.0,1.3182567385564049e-05,0.12642891099187473,0.12642900712208052,0.12642892923624247
N8192_eta005,0.0001,4.0,1.4125375446227553e-05,0.12289060156074763,0.12288965328139737,0.12288965118820482
N8192_eta005,0.0001,4.0,1.5135612484362071e-05,0.11949667930022478,0.11949412432483933,0.11949419115115094
N8192_eta005,0.0001,4.0,1.6218100973589265e-05,0.11623801438439017,0.11623809611073094,0.11623822534842201
N8192_eta005,0.0001,4.0,1.7378008287493764e-05,0.11311285965078534,0.11311738621048091,0.11311757167924733
N8192_eta005,0.0001,4.0,1.8620871366628657e-05,0.11013051110348525,0.11012794707438864,0.11012818288634924
N8192_eta005,0.0001,4.0,1.995262314968875e-05,0.1072658855390021,0.10726585928146336,0.10726613980740048
N8192_eta005,0.0001,4.0,2.1379620895022326e-05,0.10452601696847158,0.10452732487322222,0.10452764471030951
N8192_eta005,0.0001,4.0,2.29086765276777e-05,0.10191083005165738,0.1019086607739113,0.1019090147147849
N8192_eta005,0.0001,4.0,2.4547089156850235e-05,0.09940787231995762,0.09940629230233636,0.09940667530537334
N8192_eta005,0.0001,4.0,2.6302679918953814e-05,0.09701839363225524,0.0970167467835014,0.09701715394417473
N8192_eta005,0.0001,4.0,2.8183829312644495e-05,0.09473674817738181,0.09473664727149103,0.09473707379467652
N8192_eta005,0.0001,4.0,3.0199517204020195e-05,0.09256293900481839,0.09256270639848646,0.09256314757159989
N8192_eta005,0.0001,4.0,3.235936569296281e-05,0.09049260702030257,0.0904917203684224,0.09049217153526973
N8192_eta005,0.0001,4.0,3.467368504525309e-05,0.0885182126222027,0.08852056311750237,0.0885210196527278
N8192_eta005,0.0001,4.0,3.715352290971728e-05,0.08664476531882243,0.08664618066752855,0.08664663795154598
N8192_eta005,0.0001,4.0,3.9810717055349695e-05,0.08486461728352623,0.08486558570165441,0.08486603909594949
N8192_eta005,0.0001,4.0,4.265795188015917e-05,0.08317415808532555,0.08317585239562747,0.08317629721831502
N8192_eta005,0.0001,4.0,4.570881896148752e-05,0.08157329111117517,0.08157411154071836,0.08157454304223898
N8192_eta005,0.0001,4.0,4.897788193684457e-05,0.08005833649893317,0.08005754599717227,0.0800579593360097
N8192_eta005,0.0001,4.0,5.2480746024977124e-05,0.07862389232715541,0.07862338651901972,0.07862377673731441
N8192_eta005,0.0001,4.0,5.623413251903491e-05,0.07726924156053697,0.07726890799226754,0.07726926999119914
N8192_eta005,0.0001,4.0,6.025595860743569e-05,0.07599155284057604,0.075991426128691,0.07599175464349468
N8192_eta005,0.0001,4.0,6.456542290346563e-05,0.0747886328377951,0.07478829465650685,0.07478858423098259
N8192_eta005,0.0001,4.0,6.918309709189364e-05,0.07365751763530685,0.0736569030469855,0.07365714800735132
N8192_eta005,0.0001,4.0,7.413102413009161e-05,0.07259509517029213,0.07259467481244114,0.07259486924037292
N8192_eta005,0.0001,4.0,7.943282347242822e-05,0.07159958757948068,0.07159906640596479,0.07159920411065711
N8192_eta005,0.0001,4.0,8.51138038202376e-05,0.07066785645912252,0.07066756674671096,0.07066764123578376
N8192_eta005,0.0001,4.0,9.120108393559079e-05,0.06979732266719568,0.06979769738656727,0.0697977018356348
N8192_eta005,0.0001,4.0,9.772372209558111e-05,0.06898741753479108,0.06898701332474969,0.06898694054545905
N8192_eta005,0.0001,4.0,0.00010471285480508985,0.06823251065686928,0.06823310446646075,0.06823294687279893
N8192_eta005,0.0001,4.0,0.00011220184543019607,0.06753366094426955,0.06753359771050416,0.06753334728316399
N8192_eta005,0.0001,4.0,0.00012022644346174132,0.0668863314175227,0.0668861596390054,0.06688580788759393
N8192_eta005,0.0001,4.0,0.00012882495516931323,0.06628853607395901,0.06628849977055032,0.0662880376934155
N8192_eta005,0.0001,4.0,0.0001380384264602881,0.06573796452930265,0.06573837432657471,0.06573779236801956
N8192_eta005,0.0001,4.0,0.00014791083881682073,0.06523384056435158,0.06523359045019829,0.06523287845484659
N8192_eta005,0.0001,4.0,0.0001584893192461111,0.064771711362714,0.06477201080737445,0.06477115797144439
N8192_eta005,0.0001,4.0,0.0001698243652461746,0.06435169267962623,0.06435155849268104,0.06435055331191797
N8192_eta005,0.0001,4.0,0.00018197008586099826,0.06397040375994999,0.06397022215671454,0.0639690523707267
N8192_eta005,0.0001,4.0,0.00019498445997580418,0.06362622044076541,0.06362606126919322,0.063624713801927
N8192_eta005,0.0001,4.0,0.00020892961308540412,0.06331721963301408,0.06331721143175822,0.06331567232783968
N8192_eta005,0.0001,4.0,0.00022387211385683378,0.06304175415040827,0.06304188965719272,0.06304014401385233
N8192_eta005,0.0001,4.0,0.0002398832919019485,0.06279849342108657,0.06279839953735139,0.06279643143163459
N8192_eta005,0.0001,4.0,0.0002570395782768865,0.06258524252988848,0.06258513623036412,0.0625829286413169
N8192_eta005,0.0001,4.0,0.00027542287033381635,0.062400544617986387,0.06240059120840476,0.062398125933903405
N8192_eta005,0.0001,4.0,0.0002951209226666378,0.06224331898639093,0.062243356720136124,0.06224061428801165
N8192_eta005,0.0001,4.0,0.000316227766016838,0.06211222078605028,0.06211212993643988,0.06210908950952425
N8192_eta005,0.0001,4.0,0.0003388441561392021,0.062005771781256366,0.06200571676373172,0.06200235603842683
N8192_eta005,0.0001,4.0,0.0003630780547701003,0.06192296691511289,0.061923035325561704,0.061919330423506856
N8192_eta005,0.0001,4.0,0.0003890451449942805,0.061863116638572295,0.06186311912983428,0.061859044482218344
N8192_eta005,0.0001,4.0,0.0004168693834703347,0.06182520698041366,0.06182511995542022,0.061820648179457184
N8192_eta005,0.0001,4.0,0.0004466835921509635,0.061808393646223043,0.061808310507822165,0.061803412274880884
N8192_eta005,0.0001,4.0,0.00047863009232263805,0.061812167421593955,0.06181208690863091,0.06180673080348437
N8192_eta005,0.0001,4.0,0.0005128613839913639,0.06183600821588295,0.06183597109761848,0.061830123468256434
N8192_eta005,0.0001,4.0,0.0005495408738576249,0.06187953218934275,0.06187961323941364,0.06187323803684648
N8192_eta005,0.0001,4.0,0.0005888436553555884,0.06194285963964357,0.06194279423888226,0.061935852846355846
N8192_eta005,0.0001,4.0,0.0006309573444801918,0.062025355950851284,0.06202542848077878,0.062017879531825096
N8192_eta005,0.0001,4.0,0.000676082975391982,0.06212759191164787,0.06212756692026463,0.06211936610503142
N8192_eta005,0.0001,4.0,0.0007244359600749892,0.062249459818576776,0.06224940066191425,0.06224050052125795
N8192_eta005,0.0001,4.0,0.0007762471166286897,0.06239131448805945,0.06239126517637406,0.062381614883267496
N8192_eta005,0.0001,4.0,0.000831763771102671,0.06255369521953799,0.0625536453165163,0.06254319044442608
N8192_eta005,0.0001,4.0,0.000891250938133744,0.06273723093923764,0.06273718130945255,0.06272586358749271
N8192_eta005,0.0001,4.0,0.000954992586021437,0.06294267389425634,0.06294267591796734,0.06293043297284738
N8192_eta005,0.0001,4.0,0.0010232929922807535,0.063171056252779,0.06317110298573218,0.06315786807081136
N8192_eta005,0.0001,4.0,0.001096478196143183,0.0634236641058179,0.0634236176061624,0.06340931931832122
N8192_eta005,0.0001,4.0,0.0011748975549395304,0.06370152142959326,0.06370156818624131,0.0636861301718178
N8192_eta005,0.0001,4.0,0.0012589254117941662,0.06400655356847106,0.06400651071556625,0.06398985136732341
N8192_eta005,0.0001,4.0,0.0013489628825916506,0.0643402059421207,0.06434022559906855,0.06432225774711518
N8192_eta005,0.0001,4.0,0.0014454397707459282,0.06470470407118051,0.06470473747151749,0.06468536807237261
N8192_eta005,0.0001,4.0,0.0015488166189124796,0.06510235620700769,0.06510233848574866,0.06508146831541872
N8192_eta005,0.0001,4.0,0.0016595869074375565,0.06553565418466915,0.06553561565793636,0.06551313901709642
N8192_eta005,0.0001,4.0,0.001778279410038923,0.06600752076302055,0.06600748296641477,0.06598328740872324
N8192_eta005,0.0001,4.0,0.0019054607179632445,0.06652125440946056,0.0665212190409545,0.06649518513942115
N8192_eta005,0.0001,4.0,0.0020417379446695232,0.0670805484320498,0.06708051145393983,0.06705251262542608
N8192_eta005,0.0001,4.0,0.002187761623949552,0.06768954418938776,0.06768950884248584,0.06765941125726609
N8192_eta005,0.0001,4.0,0.002344228815319918,0.06835289800394709,0.06835288236274986,0.06832054497518575
N8192_eta005,0.0001,4.0,0.002511886431509582,0.06907587403338854,0.06907589831960564,0.06904117306816861
N8192_eta005,0.0001,4.0,0.0026915348039269144,0.0698644726252487,0.06986450424626069,0.06982723648746587
N8192_eta005,0.0001,4.0,0.0028840315031266,0.07072545600977279,0.07072543125544918,0.07068546051823092
N8192_eta005,0.0001,4.0,0.003090295432513592,0.07166633329766159,0.071666316181265,0.07162347735800928
N8192_eta005,0.0001,4.0,0.003311311214825908,0.07269581066689837,0.0726958479250079,0.07264997305576655
N8192_eta005,0.0001,4.0,0.003548133892335746,0.07382397355936182,0.07382394357223646,0.07377486443367487
N8192_eta005,0.0001,4.0,0.0038018939632056127,0.07506194738939023,0.0750619613465659,0.07500951313275275
N8192_eta005,0.0001,4.0,0.0040738027780411225,0.07642296326125778,0.07642295942488911,0.07636698591143387
N8192_eta005,0.0001,4.0,0.004365158322401648,0.0779220157875107,0.07792201221890649,0.07786237294718291
N8192_eta005,0.0001,4.0,0.004677351412871981,0.07957659769329531,0.07957659915192011,0.07951317937363836
N8192_eta005,0.0001,4.0,0.005011872336272715,0.08140708198119502,0.08140708554019728,0.08133980995005921
N8192_eta005,0.0001,4.0,0.005370317963702533,0.08343733891962697,0.0834373213669116,0.08336617306057986
N8192_eta005,0.0001,4.0,0.005754399373371567,0.08569536138755754,0.08569539214522291,0.08562043882848144
N8192_eta005,0.0001,4.0,0.006165950018614809,0.0882146064854574,0.08821456761652967,0.08813599794597057
N8192_eta005,0.0001,4.0,0.006606934480075964,0.09103447812308978,0.09103451004810832,0.09095268423700288
N8192_eta005,0.0001,4.0,0.007079457843841374,0.09420282825794582,0.09420282633706027,0.09411834701911871
N8192_eta005,0.0001,4.0,0.007585775750291821,0.09777711473431941,0.09777707990678465,0.09769089204121473
N8192_eta005,0.0001,4.0,0.008128305161640995,0.10182738257550712,0.10182742388198683,0.10174095672644838
N8192_eta005,0.0001,4.0,0.008709635899560796,0.10644008272052222,0.10644008292117117,0.10635545363954943
N8192_eta005,0.0001,4.0,0.009332543007969887,0.11172205321092854,0.11172200763749744,0.1116423163382063
N8192_eta005,0.0001,4.0,0.01,0.11780714361459102,0.11780716870312834,0.11773693095010954
